item_id,template_id,axis,metric,state,size_class,parent_table,source_cell,in_frozen_test,template_text
agrifacts-00000,b3f80e9bf61c,social_group,area,Maharashtra,All Classes,AgCensus2015-16 T2-4,AgCensus2015-16 T2-4 Maharashtra/All Classes/area/SCvsST,False,in <s> according to the <n> agriculture census which social group operates a larger share of <m> <g> <g> or are the two roughly equal
agrifacts-00001,ef8dead38902,landholding,number,Jammu & Kashmir,All,AgCensus2015-16 T2-4,AgCensus2015-16 T2-4 Jammu & Kashmir/All/number/MarginalvsLarge,False,in <s> according to the <n> agriculture census among farmers which size class accounts for a larger share of <m> <g> <g> or are the two roughly equal
agrifacts-00002,8947d72057e5,social_group,number,Jharkhand,Semi-medium,AgCensus2015-16 T2-4,AgCensus2015-16 T2-4 Jharkhand/Semi-medium/number/STvsOthers,True,in the <n> agriculture census of <s> is the share of <g> <m> by <g> greater than less than or roughly equal to that <m> by <g>
agrifacts-00003,0d519282b5bf,social_group,number,Karnataka,Small,AgCensus2015-16 T2-4,AgCensus2015-16 T2-4 Karnataka/Small/number/SCvsOthers,True,in <s> according to the <n> agriculture census which social group operates a larger share of <g> <g> <g> or are the two roughly equal
agrifacts-00004,b3f80e9bf61c,social_group,area,Jharkhand,All Classes,AgCensus2015-16 T2-4,AgCensus2015-16 T2-4 Jharkhand/All Classes/area/STvsOthers,True,in <s> according to the <n> agriculture census which social group operates a larger share of <m> <g> <g> or are the two roughly equal
agrifacts-00005,d408e5e43fdd,landholding,number,Arunachal Pradesh,ST,AgCensus2015-16 T2-4,AgCensus2015-16 T2-4 Arunachal Pradesh/ST/number/MarginalvsMedium,False,based on the <n> agriculture census in <s> regarding <g> does a greater share of <m> belong to <g> to <g> or are these two roughly equal
agrifacts-00006,0d519282b5bf,social_group,area,Chhattisgarh,Medium,AgCensus2015-16 T2-4,AgCensus2015-16 T2-4 Chhattisgarh/Medium/area/SCvsOthers,True,in <s> according to the <n> agriculture census which social group operates a larger share of <g> <g> <g> or are the two roughly equal
agrifacts-00007,96ac2317a2da,landholding,number,Rajasthan,All,AgCensus2015-16 T2-4,AgCensus2015-16 T2-4 Rajasthan/All/number/SmallvsSemi-medium,True,according to the <n> agriculture census in <s> among farmers does a larger share of <m> belong to <g> <g> or are the two roughly equal
agrifacts-00008,f92396a5c96e,social_group,area,Tripura,All Classes,AgCensus2015-16 T2-4,AgCensus2015-16 T2-4 Tripura/All Classes/area/STvsOthers,True,according to the <n> agriculture census in <s> is the proportion of <m> larger for <g> for <g> or are the two roughly equal
agrifacts-00009,b41362a825bc,landholding,area,Karnataka,All,AgCensus2015-16 T2-4,AgCensus2015-16 T2-4 Karnataka/All/area/SmallvsSemi-medium,False,according to the <n> agriculture census in <s> among farmers is a larger share of <m> accounted for by <g> <g> or are the two roughly equal
agrifacts-00010,070aafac62da,landholding,number,Arunachal Pradesh,ST,AgCensus2015-16 T2-4,AgCensus2015-16 T2-4 Arunachal Pradesh/ST/number/MarginalvsSemi-medium,False,according to the <n> agriculture census in <s> among <g> does a larger portion of <m> come from <g> <g> or are the two roughly equal
agrifacts-00011,ef8dead38902,landholding,number,Rajasthan,All,AgCensus2015-16 T2-4,AgCensus2015-16 T2-4 Rajasthan/All/number/SmallvsSemi-medium,True,in <s> according to the <n> agriculture census among farmers which size class accounts for a larger share of <m> <g> <g> or are the two roughly equal
agrifacts-00012,c39dbf238f0a,social_group,number,Jharkhand,Semi-medium,AgCensus2015-16 T2-4,AgCensus2015-16 T2-4 Jharkhand/Semi-medium/number/STvsOthers,True,based on the <n> agriculture census in <s> do <g> or <g> control a bigger portion of <g> or are the two roughly equal
agrifacts-00013,0a64484cf8c3,social_group,area,Telangana,Marginal,AgCensus2015-16 T2-4,AgCensus2015-16 T2-4 Telangana/Marginal/area/SCvsST,False,based on the <n> agriculture census in <s> which social group <g> <g> or are the two roughly equal controls a greater proportion of <g>
agrifacts-00014,0d519282b5bf,social_group,number,Telangana,Semi-medium,AgCensus2015-16 T2-4,AgCensus2015-16 T2-4 Telangana/Semi-medium/number/STvsOthers,False,in <s> according to the <n> agriculture census which social group operates a larger share of <g> <g> <g> or are the two roughly equal
agrifacts-00015,ef8dead38902,landholding,number,Odisha,All,AgCensus2015-16 T2-4,AgCensus2015-16 T2-4 Odisha/All/number/SmallvsMedium,False,in <s> according to the <n> agriculture census among farmers which size class accounts for a larger share of <m> <g> <g> or are the two roughly equal
agrifacts-00016,0156ef4e7d82,social_group,number,Chhattisgarh,Semi-medium,AgCensus2015-16 T2-4,AgCensus2015-16 T2-4 Chhattisgarh/Semi-medium/number/STvsOthers,False,in <s> based on the <n> agriculture census do <g> or <g> operate a larger share of <g> or are the two roughly equal
agrifacts-00017,0d519282b5bf,social_group,area,Karnataka,Large,AgCensus2015-16 T2-4,AgCensus2015-16 T2-4 Karnataka/Large/area/STvsOthers,False,in <s> according to the <n> agriculture census which social group operates a larger share of <g> <g> <g> or are the two roughly equal
agrifacts-00018,353e4c8e6432,landholding,number,Jammu & Kashmir,SC,AgCensus2015-16 T2-4,AgCensus2015-16 T2-4 Jammu & Kashmir/SC/number/MarginalvsMedium,True,in <s> according to the <n> agriculture census among <g> which size class accounts for a larger share of <m> <g> <g> or are the two roughly equal
agrifacts-00019,353e4c8e6432,landholding,number,Sikkim,ST,AgCensus2015-16 T2-4,AgCensus2015-16 T2-4 Sikkim/ST/number/SmallvsLarge,True,in <s> according to the <n> agriculture census among <g> which size class accounts for a larger share of <m> <g> <g> or are the two roughly equal
agrifacts-00020,e3a367eaf73a,social_group,area,Tamil Nadu,Semi-medium,AgCensus2015-16 T2-4,AgCensus2015-16 T2-4 Tamil Nadu/Semi-medium/area/SCvsST,True,based on the <n> agriculture census in <s> is the share of <g> larger for <g> larger for <g> or roughly equal between the two
agrifacts-00021,353e4c8e6432,landholding,number,Jammu & Kashmir,ST,AgCensus2015-16 T2-4,AgCensus2015-16 T2-4 Jammu & Kashmir/ST/number/MarginalvsMedium,False,in <s> according to the <n> agriculture census among <g> which size class accounts for a larger share of <m> <g> <g> or are the two roughly equal
agrifacts-00022,9fe8648b5486,landholding,area,Sikkim,All,AgCensus2015-16 T2-4,AgCensus2015-16 T2-4 Sikkim/All/area/MarginalvsMedium,True,based on the <n> agriculture census in <s> among farmers is the share of <m> larger for <g> larger for <g> or are the two roughly equal
agrifacts-00023,59ca95767f07,landholding,area,Arunachal Pradesh,All,AgCensus2015-16 T2-4,AgCensus2015-16 T2-4 Arunachal Pradesh/All/area/MarginalvsSmall,False,in the <n> agriculture census of <s> for farmers does <g> or <g> represent a greater portion of the total <m> land or are the two roughly equal
agrifacts-00024,0d519282b5bf,social_group,number,Manipur,Semi-medium,AgCensus2015-16 T2-4,AgCensus2015-16 T2-4 Manipur/Semi-medium/number/STvsOthers,False,in <s> according to the <n> agriculture census which social group operates a larger share of <g> <g> <g> or are the two roughly equal
agrifacts-00025,353e4c8e6432,landholding,area,Uttar Pradesh,ST,AgCensus2015-16 T2-4,AgCensus2015-16 T2-4 Uttar Pradesh/ST/area/Semi-mediumvsMedium,False,in <s> according to the <n> agriculture census among <g> which size class accounts for a larger share of <m> <g> <g> or are the two roughly equal
agrifacts-00026,569ffa60eebe,gender,area,All,Marginal,AgCensus2015-16 T14-16,AgCensus2015-16 T14-16 All/Marginal/area/MvF,True,at the <s> india level in the <n> agriculture census among <g> who operates a larger share <g> <g> or are the two roughly equal
agrifacts-00027,0d519282b5bf,social_group,area,Gujarat,Semi-medium,AgCensus2015-16 T2-4,AgCensus2015-16 T2-4 Gujarat/Semi-medium/area/SCvsOthers,False,in <s> according to the <n> agriculture census which social group operates a larger share of <g> <g> <g> or are the two roughly equal
agrifacts-00028,ea1969962763,landholding,area,Arunachal Pradesh,ST,AgCensus2015-16 T2-4,AgCensus2015-16 T2-4 Arunachal Pradesh/ST/area/MarginalvsSmall,True,in <s> per the <n> agriculture census for <g> does <g> or <g> represent a greater portion of the <m> or are they roughly equal
agrifacts-00029,0d519282b5bf,social_group,number,Meghalaya,Marginal,AgCensus2015-16 T2-4,AgCensus2015-16 T2-4 Meghalaya/Marginal/number/SCvsST,False,in <s> according to the <n> agriculture census which social group operates a larger share of <g> <g> <g> or are the two roughly equal
agrifacts-00030,672c43f76ca9,social_group,area,Maharashtra,All Classes,AgCensus2015-16 T2-4,AgCensus2015-16 T2-4 Maharashtra/All Classes/area/SCvsST,False,according to the <n> agriculture census in <s> is the share of <m> larger for <g> larger for <g> or are they roughly equal
agrifacts-00031,c9092a777df5,gender,area,SC,femaleShare,AgCensus2015-16 T14-16,AgCensus2015-16 T14-16 SC/femaleShare/area/MarginalvsSmall,False,considering the <s> india level in the <n> agriculture census for <g> is the proportion of <m> managed by <g> greater for <g> greater for <g> or roughly the same for both
agrifacts-00032,ef8dead38902,landholding,number,Delhi,All,AgCensus2015-16 T2-4,AgCensus2015-16 T2-4 Delhi/All/number/SmallvsMedium,False,in <s> according to the <n> agriculture census among farmers which size class accounts for a larger share of <m> <g> <g> or are the two roughly equal
agrifacts-00033,37d59aa59bb2,social_group,area,Maharashtra,Small,AgCensus2015-16 T2-4,AgCensus2015-16 T2-4 Maharashtra/Small/area/SCvsST,True,according to the <n> agriculture census in <s> is the share of <g> larger for <g> larger for <g> or are the two roughly equal
agrifacts-00034,ef8dead38902,landholding,number,Uttarakhand,All,AgCensus2015-16 T2-4,AgCensus2015-16 T2-4 Uttarakhand/All/number/Semi-mediumvsMedium,False,in <s> according to the <n> agriculture census among farmers which size class accounts for a larger share of <m> <g> <g> or are the two roughly equal
agrifacts-00035,61ea13fdcda4,social_group,area,Rajasthan,Semi-medium,AgCensus2015-16 T2-4,AgCensus2015-16 T2-4 Rajasthan/Semi-medium/area/SCvsST,True,according to the <n> agriculture census in <s> between <g> and <g> which social group operates a greater portion of the <g> or are the two roughly equal
agrifacts-00036,353e4c8e6432,landholding,number,Odisha,ST,AgCensus2015-16 T2-4,AgCensus2015-16 T2-4 Odisha/ST/number/MarginalvsMedium,True,in <s> according to the <n> agriculture census among <g> which size class accounts for a larger share of <m> <g> <g> or are the two roughly equal
agrifacts-00037,0d519282b5bf,social_group,number,Andhra Pradesh,Marginal,AgCensus2015-16 T2-4,AgCensus2015-16 T2-4 Andhra Pradesh/Marginal/number/SCvsOthers,True,in <s> according to the <n> agriculture census which social group operates a larger share of <g> <g> <g> or are the two roughly equal
agrifacts-00038,b9fdf771346f,gender,area,SC,femaleShare,AgCensus2015-16 T14-16,AgCensus2015-16 T14-16 SC/femaleShare/area/LargevsSmall,False,in the <n> agriculture census at the <s> india level for <g> for the <m> is the share <m> by <g> greater in the <g> greater in the <g> or roughly equal across both
agrifacts-00039,0d519282b5bf,social_group,area,Andhra Pradesh,Marginal,AgCensus2015-16 T2-4,AgCensus2015-16 T2-4 Andhra Pradesh/Marginal/area/SCvsOthers,False,in <s> according to the <n> agriculture census which social group operates a larger share of <g> <g> <g> or are the two roughly equal
agrifacts-00040,ef8dead38902,landholding,number,Manipur,All,AgCensus2015-16 T2-4,AgCensus2015-16 T2-4 Manipur/All/number/SmallvsSemi-medium,True,in <s> according to the <n> agriculture census among farmers which size class accounts for a larger share of <m> <g> <g> or are the two roughly equal
agrifacts-00041,0c5860831e53,landholding,number,Arunachal Pradesh,All,AgCensus2015-16 T2-4,AgCensus2015-16 T2-4 Arunachal Pradesh/All/number/MarginalvsSmall,False,in <s> based on the <n> agriculture census among farmers does the larger portion of <m> come from <g> <g> or are the two roughly equal
agrifacts-00042,0d519282b5bf,social_group,area,Himachal Pradesh,Semi-medium,AgCensus2015-16 T2-4,AgCensus2015-16 T2-4 Himachal Pradesh/Semi-medium/area/SCvsOthers,False,in <s> according to the <n> agriculture census which social group operates a larger share of <g> <g> <g> or are the two roughly equal
agrifacts-00043,b3ed6834dc73,landholding,number,Punjab,All,AgCensus2015-16 T2-4,AgCensus2015-16 T2-4 Punjab/All/number/MarginalvsSmall,False,according to the <n> agriculture census in <s> which size class <g> or <g> con <s> itutes a greater proportion of farmer <m> or are the two roughly equal
agrifacts-00044,ef8dead38902,landholding,number,Himachal Pradesh,All,AgCensus2015-16 T2-4,AgCensus2015-16 T2-4 Himachal Pradesh/All/number/MarginalvsSmall,True,in <s> according to the <n> agriculture census among farmers which size class accounts for a larger share of <m> <g> <g> or are the two roughly equal
agrifacts-00045,5790480bcab0,social_group,area,Jharkhand,Semi-medium,AgCensus2015-16 T2-4,AgCensus2015-16 T2-4 Jharkhand/Semi-medium/area/STvsOthers,False,based on the <n> agriculture census in <s> is the share of <g> held by <g> larger that held by <g> larger or are the two roughly equal
agrifacts-00046,98f4b23d3e7a,social_group,area,Andhra Pradesh,Large,AgCensus2015-16 T2-4,AgCensus2015-16 T2-4 Andhra Pradesh/Large/area/SCvsST,False,according to the <n> agriculture census in <s> is a larger share of <g> held by <g> by <g> or are the two roughly equal
agrifacts-00047,353e4c8e6432,landholding,number,Tamil Nadu,ST,AgCensus2015-16 T2-4,AgCensus2015-16 T2-4 Tamil Nadu/ST/number/MarginalvsSmall,True,in <s> according to the <n> agriculture census among <g> which size class accounts for a larger share of <m> <g> <g> or are the two roughly equal
agrifacts-00048,ef8dead38902,landholding,number,Meghalaya,All,AgCensus2015-16 T2-4,AgCensus2015-16 T2-4 Meghalaya/All/number/SmallvsLarge,False,in <s> according to the <n> agriculture census among farmers which size class accounts for a larger share of <m> <g> <g> or are the two roughly equal
agrifacts-00049,ef8dead38902,landholding,number,Bihar,All,AgCensus2015-16 T2-4,AgCensus2015-16 T2-4 Bihar/All/number/MarginalvsLarge,False,in <s> according to the <n> agriculture census among farmers which size class accounts for a larger share of <m> <g> <g> or are the two roughly equal
agrifacts-00050,353e4c8e6432,landholding,number,Meghalaya,ST,AgCensus2015-16 T2-4,AgCensus2015-16 T2-4 Meghalaya/ST/number/MarginalvsMedium,True,in <s> according to the <n> agriculture census among <g> which size class accounts for a larger share of <m> <g> <g> or are the two roughly equal
agrifacts-00051,757d1a843a0e,social_group,number,Andhra Pradesh,Medium,AgCensus2015-16 T2-4,AgCensus2015-16 T2-4 Andhra Pradesh/Medium/number/SCvsST,False,in <s> based on the agriculture census of <n> do <g> <g> or both roughly equ <s> y operate a greater proportion of <g>
agrifacts-00052,08e11501d5f5,landholding,area,Delhi,All,AgCensus2015-16 T2-4,AgCensus2015-16 T2-4 Delhi/All/area/Semi-mediumvsMedium,True,in the <n> agriculture census for <s> considering farmers does <g> <g> or are the two roughly equal represent a greater portion of the <m> land
agrifacts-00053,f31445f77b0c,landholding,number,Puducherry,All,AgCensus2015-16 T2-4,AgCensus2015-16 T2-4 Puducherry/All/number/SmallvsSemi-medium,True,in the <n> agriculture census of <s> regarding farmers does the larger portion of <m> belong to <g> <g> or are these two roughly equal
agrifacts-00054,0d519282b5bf,social_group,number,Odisha,Small,AgCensus2015-16 T2-4,AgCensus2015-16 T2-4 Odisha/Small/number/STvsOthers,False,in <s> according to the <n> agriculture census which social group operates a larger share of <g> <g> <g> or are the two roughly equal
agrifacts-00055,223f0a83ce0b,social_group,area,Chhattisgarh,Semi-medium,AgCensus2015-16 T2-4,AgCensus2015-16 T2-4 Chhattisgarh/Semi-medium/area/STvsOthers,False,in <s> per the <n> agriculture census do <g> or <g> operate a larger portion of <g> or are the two roughly equal
agrifacts-00056,0d519282b5bf,social_group,number,Uttar Pradesh,Marginal,AgCensus2015-16 T2-4,AgCensus2015-16 T2-4 Uttar Pradesh/Marginal/number/STvsOthers,False,in <s> according to the <n> agriculture census which social group operates a larger share of <g> <g> <g> or are the two roughly equal
agrifacts-00057,b74e5d1cdb2e,social_group,area,Maharashtra,Small,AgCensus2015-16 T2-4,AgCensus2015-16 T2-4 Maharashtra/Small/area/SCvsST,True,in <s> based on the <n> agriculture census between <g> <g> or the two being roughly equal which social group commands a larger portion of <g>
agrifacts-00058,84cf5646c269,gender,number,ST,Medium,AgCensus2015-16 T14-16,AgCensus2015-16 T14-16 ST/Medium/number/MvF,False,in the <n> agriculture census for <s> india within <g> and <g> which group operates a larger share <g> <g> or are the two roughly equal
agrifacts-00059,353e4c8e6432,landholding,number,Nagaland,ST,AgCensus2015-16 T2-4,AgCensus2015-16 T2-4 Nagaland/ST/number/SmallvsMedium,False,in <s> according to the <n> agriculture census among <g> which size class accounts for a larger share of <m> <g> <g> or are the two roughly equal
agrifacts-00060,27ee7220031d,social_group,number,Karnataka,Semi-medium,AgCensus2015-16 T2-4,AgCensus2015-16 T2-4 Karnataka/Semi-medium/number/SCvsST,True,based on the <n> agriculture census in <s> between <g> <g> or are the two roughly equal which social group runs a greater portion of <g>
agrifacts-00061,0d519282b5bf,social_group,area,Andhra Pradesh,Large,AgCensus2015-16 T2-4,AgCensus2015-16 T2-4 Andhra Pradesh/Large/area/STvsOthers,True,in <s> according to the <n> agriculture census which social group operates a larger share of <g> <g> <g> or are the two roughly equal
agrifacts-00062,0d519282b5bf,social_group,area,Chhattisgarh,Semi-medium,AgCensus2015-16 T2-4,AgCensus2015-16 T2-4 Chhattisgarh/Semi-medium/area/STvsOthers,False,in <s> according to the <n> agriculture census which social group operates a larger share of <g> <g> <g> or are the two roughly equal
agrifacts-00063,ef8dead38902,landholding,number,Uttar Pradesh,All,AgCensus2015-16 T2-4,AgCensus2015-16 T2-4 Uttar Pradesh/All/number/MarginalvsLarge,False,in <s> according to the <n> agriculture census among farmers which size class accounts for a larger share of <m> <g> <g> or are the two roughly equal
agrifacts-00064,353e4c8e6432,landholding,number,Andhra Pradesh,SC,AgCensus2015-16 T2-4,AgCensus2015-16 T2-4 Andhra Pradesh/SC/number/MarginalvsMedium,True,in <s> according to the <n> agriculture census among <g> which size class accounts for a larger share of <m> <g> <g> or are the two roughly equal
agrifacts-00065,0d519282b5bf,social_group,area,Arunachal Pradesh,Medium,AgCensus2015-16 T2-4,AgCensus2015-16 T2-4 Arunachal Pradesh/Medium/area/SCvsST,True,in <s> according to the <n> agriculture census which social group operates a larger share of <g> <g> <g> or are the two roughly equal
agrifacts-00066,ad3d0776f22e,landholding,number,Karnataka,All,AgCensus2015-16 T2-4,AgCensus2015-16 T2-4 Karnataka/All/number/MediumvsLarge,True,in the <n> agriculture census for <s> do <g> <g> or roughly equal portions of both account for a greater share of farmer <m>
agrifacts-00067,0d519282b5bf,social_group,number,Maharashtra,Medium,AgCensus2015-16 T2-4,AgCensus2015-16 T2-4 Maharashtra/Medium/number/SCvsOthers,True,in <s> according to the <n> agriculture census which social group operates a larger share of <g> <g> <g> or are the two roughly equal
agrifacts-00068,353e4c8e6432,landholding,number,Kerala,SC,AgCensus2015-16 T2-4,AgCensus2015-16 T2-4 Kerala/SC/number/MarginalvsMedium,True,in <s> according to the <n> agriculture census among <g> which size class accounts for a larger share of <m> <g> <g> or are the two roughly equal
agrifacts-00069,7b8beedb0a8b,social_group,number,Andhra Pradesh,Medium,AgCensus2015-16 T2-4,AgCensus2015-16 T2-4 Andhra Pradesh/Medium/number/SCvsST,False,based on the <n> agriculture census in <s> do <g> or <g> control a greater portion of <g> or are they roughly equal
agrifacts-00070,3e9efa04cc41,gender,number,All,Marginal,AgCensus2015-16 T14-16,AgCensus2015-16 T14-16 All/Marginal/number/MvF,False,in the <n> agriculture census across <s> india for <g> do <g> <g> or are the two roughly equal in operating a larger share
agrifacts-00071,0d519282b5bf,social_group,area,Haryana,Large,AgCensus2015-16 T2-4,AgCensus2015-16 T2-4 Haryana/Large/area/STvsOthers,False,in <s> according to the <n> agriculture census which social group operates a larger share of <g> <g> <g> or are the two roughly equal
agrifacts-00072,0d519282b5bf,social_group,number,Jharkhand,Medium,AgCensus2015-16 T2-4,AgCensus2015-16 T2-4 Jharkhand/Medium/number/SCvsOthers,False,in <s> according to the <n> agriculture census which social group operates a larger share of <g> <g> <g> or are the two roughly equal
agrifacts-00073,ef8dead38902,landholding,area,Kerala,All,AgCensus2015-16 T2-4,AgCensus2015-16 T2-4 Kerala/All/area/Semi-mediumvsLarge,False,in <s> according to the <n> agriculture census among farmers which size class accounts for a larger share of <m> <g> <g> or are the two roughly equal
agrifacts-00074,5c26776c97b1,landholding,area,Maharashtra,All,AgCensus2015-16 T2-4,AgCensus2015-16 T2-4 Maharashtra/All/area/SmallvsSemi-medium,False,based on the <n> agriculture census in <s> among farmers does the <g> or the <g> claim a greater portion of <m> land or are the two roughly equal
agrifacts-00075,b3f80e9bf61c,social_group,area,Chhattisgarh,All Classes,AgCensus2015-16 T2-4,AgCensus2015-16 T2-4 Chhattisgarh/All Classes/area/SCvsST,False,in <s> according to the <n> agriculture census which social group operates a larger share of <m> <g> <g> or are the two roughly equal
agrifacts-00076,0d519282b5bf,social_group,area,Bihar,Medium,AgCensus2015-16 T2-4,AgCensus2015-16 T2-4 Bihar/Medium/area/SCvsOthers,False,in <s> according to the <n> agriculture census which social group operates a larger share of <g> <g> <g> or are the two roughly equal
agrifacts-00077,2d9e22b521ed,landholding,area,Assam,All,AgCensus2015-16 T2-4,AgCensus2015-16 T2-4 Assam/All/area/MediumvsLarge,False,in <s> based on the <n> agriculture census between <g> and <g> which size class has a bigger portion of <m> land among farmers or are the two roughly equal
agrifacts-00078,3e785ae5ea75,landholding,area,Meghalaya,All,AgCensus2015-16 T2-4,AgCensus2015-16 T2-4 Meghalaya/All/area/MarginalvsMedium,False,in <s> based on the <n> agriculture census does <g> or <g> con <s> itute a bigger portion of <m> among farmers or are the two roughly equal
agrifacts-00079,353e4c8e6432,landholding,area,Karnataka,ST,AgCensus2015-16 T2-4,AgCensus2015-16 T2-4 Karnataka/ST/area/MarginalvsMedium,False,in <s> according to the <n> agriculture census among <g> which size class accounts for a larger share of <m> <g> <g> or are the two roughly equal
agrifacts-00080,0d519282b5bf,social_group,number,Jharkhand,Large,AgCensus2015-16 T2-4,AgCensus2015-16 T2-4 Jharkhand/Large/number/STvsOthers,False,in <s> according to the <n> agriculture census which social group operates a larger share of <g> <g> <g> or are the two roughly equal
agrifacts-00081,c4efaaeb50dc,social_group,area,Rajasthan,All Classes,AgCensus2015-16 T2-4,AgCensus2015-16 T2-4 Rajasthan/All Classes/area/SCvsST,False,based on the <n> agriculture census in <s> between <g> and <g> which of these social groups controls a bigger portion of <m> or are the two roughly equal
agrifacts-00082,0d519282b5bf,social_group,area,Telangana,Small,AgCensus2015-16 T2-4,AgCensus2015-16 T2-4 Telangana/Small/area/SCvsST,True,in <s> according to the <n> agriculture census which social group operates a larger share of <g> <g> <g> or are the two roughly equal
agrifacts-00083,353e4c8e6432,landholding,number,Punjab,SC,AgCensus2015-16 T2-4,AgCensus2015-16 T2-4 Punjab/SC/number/MarginalvsSemi-medium,True,in <s> according to the <n> agriculture census among <g> which size class accounts for a larger share of <m> <g> <g> or are the two roughly equal
agrifacts-00084,70d296cf8ab1,social_group,number,Karnataka,Semi-medium,AgCensus2015-16 T2-4,AgCensus2015-16 T2-4 Karnataka/Semi-medium/number/SCvsST,True,based on the <n> agriculture census in <s> do <g> <g> or are the two roughly equal operate a larger share of <g>
agrifacts-00085,b3f80e9bf61c,social_group,area,Assam,All Classes,AgCensus2015-16 T2-4,AgCensus2015-16 T2-4 Assam/All Classes/area/STvsOthers,True,in <s> according to the <n> agriculture census which social group operates a larger share of <m> <g> <g> or are the two roughly equal
agrifacts-00086,5439d799aadc,gender,area,All,femaleShare,AgCensus2015-16 T14-16,AgCensus2015-16 T14-16 All/femaleShare/area/MarginalvsSmall,False,at the <s> india level in the <n> agriculture census compared to <g> is the share of <m> <m> by <g> larger for <g> or is it roughly the same for both
agrifacts-00087,b3f80e9bf61c,social_group,number,Maharashtra,All Classes,AgCensus2015-16 T2-4,AgCensus2015-16 T2-4 Maharashtra/All Classes/number/STvsOthers,False,in <s> according to the <n> agriculture census which social group operates a larger share of <m> <g> <g> or are the two roughly equal
agrifacts-00088,b3f80e9bf61c,social_group,area,Jharkhand,All Classes,AgCensus2015-16 T2-4,AgCensus2015-16 T2-4 Jharkhand/All Classes/area/SCvsST,False,in <s> according to the <n> agriculture census which social group operates a larger share of <m> <g> <g> or are the two roughly equal
agrifacts-00089,0d519282b5bf,social_group,number,Manipur,Small,AgCensus2015-16 T2-4,AgCensus2015-16 T2-4 Manipur/Small/number/SCvsOthers,True,in <s> according to the <n> agriculture census which social group operates a larger share of <g> <g> <g> or are the two roughly equal
agrifacts-00090,ef8dead38902,landholding,number,Madhya Pradesh,All,AgCensus2015-16 T2-4,AgCensus2015-16 T2-4 Madhya Pradesh/All/number/MarginalvsMedium,True,in <s> according to the <n> agriculture census among farmers which size class accounts for a larger share of <m> <g> <g> or are the two roughly equal
agrifacts-00091,0d519282b5bf,social_group,area,Jharkhand,Marginal,AgCensus2015-16 T2-4,AgCensus2015-16 T2-4 Jharkhand/Marginal/area/SCvsST,False,in <s> according to the <n> agriculture census which social group operates a larger share of <g> <g> <g> or are the two roughly equal
agrifacts-00092,ef8dead38902,landholding,area,Sikkim,All,AgCensus2015-16 T2-4,AgCensus2015-16 T2-4 Sikkim/All/area/MarginalvsMedium,True,in <s> according to the <n> agriculture census among farmers which size class accounts for a larger share of <m> <g> <g> or are the two roughly equal
agrifacts-00093,0d519282b5bf,social_group,area,Assam,Marginal,AgCensus2015-16 T2-4,AgCensus2015-16 T2-4 Assam/Marginal/area/SCvsST,False,in <s> according to the <n> agriculture census which social group operates a larger share of <g> <g> <g> or are the two roughly equal
agrifacts-00094,97cfd1b113a7,gender,number,All,femaleShare,AgCensus2015-16 T14-16,AgCensus2015-16 T14-16 All/femaleShare/number/MediumvsSmall,False,in the <n> agriculture census across <s> india is the proportion of <m> managed by <g> greater for <g> greater for <g> or roughly equal between the two
agrifacts-00095,3de8fa2443ef,landholding,area,Himachal Pradesh,All,AgCensus2015-16 T2-4,AgCensus2015-16 T2-4 Himachal Pradesh/All/area/MarginalvsSmall,True,based on the <n> agriculture census for <s> of the <m> held by farmers does the <g> or the <g> represent a greater portion or are the two roughly equal
agrifacts-00096,ef8dead38902,landholding,number,Nagaland,All,AgCensus2015-16 T2-4,AgCensus2015-16 T2-4 Nagaland/All/number/MarginalvsSmall,True,in <s> according to the <n> agriculture census among farmers which size class accounts for a larger share of <m> <g> <g> or are the two roughly equal
agrifacts-00097,6ec03a21888d,landholding,area,Maharashtra,All,AgCensus2015-16 T2-4,AgCensus2015-16 T2-4 Maharashtra/All/area/MarginalvsMedium,False,which size class <g> or <g> accounts for a larger share of <m> among farmers in <s> according to the <n> agriculture census or are the two roughly equal
agrifacts-00098,205914a5dc3d,landholding,area,Jharkhand,All,AgCensus2015-16 T2-4,AgCensus2015-16 T2-4 Jharkhand/All/area/SmallvsMedium,True,in <s> based on the <n> agriculture census among farmers does a larger portion of <m> belong to the <g> the <g> or are the two roughly equal
agrifacts-00099,ef8dead38902,landholding,number,Arunachal Pradesh,All,AgCensus2015-16 T2-4,AgCensus2015-16 T2-4 Arunachal Pradesh/All/number/MediumvsLarge,True,in <s> according to the <n> agriculture census among farmers which size class accounts for a larger share of <m> <g> <g> or are the two roughly equal
agrifacts-00100,353e4c8e6432,landholding,area,Bihar,ST,AgCensus2015-16 T2-4,AgCensus2015-16 T2-4 Bihar/ST/area/SmallvsSemi-medium,False,in <s> according to the <n> agriculture census among <g> which size class accounts for a larger share of <m> <g> <g> or are the two roughly equal
agrifacts-00101,0d519282b5bf,social_group,number,Tamil Nadu,Marginal,AgCensus2015-16 T2-4,AgCensus2015-16 T2-4 Tamil Nadu/Marginal/number/SCvsOthers,True,in <s> according to the <n> agriculture census which social group operates a larger share of <g> <g> <g> or are the two roughly equal
agrifacts-00102,ef8dead38902,landholding,number,Assam,All,AgCensus2015-16 T2-4,AgCensus2015-16 T2-4 Assam/All/number/MarginalvsSmall,False,in <s> according to the <n> agriculture census among farmers which size class accounts for a larger share of <m> <g> <g> or are the two roughly equal
agrifacts-00103,50742b8b6a42,social_group,number,Maharashtra,Marginal,AgCensus2015-16 T2-4,AgCensus2015-16 T2-4 Maharashtra/Marginal/number/SCvsST,True,based on the <n> agriculture census in <s> which social group <g> <g> or are the two roughly equal holds a larger proportion of marginal farms
agrifacts-00104,b3f80e9bf61c,social_group,number,Jharkhand,All Classes,AgCensus2015-16 T2-4,AgCensus2015-16 T2-4 Jharkhand/All Classes/number/SCvsST,False,in <s> according to the <n> agriculture census which social group operates a larger share of <m> <g> <g> or are the two roughly equal
agrifacts-00105,353e4c8e6432,landholding,number,Jammu & Kashmir,SC,AgCensus2015-16 T2-4,AgCensus2015-16 T2-4 Jammu & Kashmir/SC/number/MarginalvsSemi-medium,True,in <s> according to the <n> agriculture census among <g> which size class accounts for a larger share of <m> <g> <g> or are the two roughly equal
agrifacts-00106,337c177064b4,social_group,number,Maharashtra,Medium,AgCensus2015-16 T2-4,AgCensus2015-16 T2-4 Maharashtra/Medium/number/SCvsST,False,according to the <n> agriculture census in <s> is the share of <g> <m> by <g> larger than that of <g> or are the two roughly equal
agrifacts-00107,ef8dead38902,landholding,number,Punjab,All,AgCensus2015-16 T2-4,AgCensus2015-16 T2-4 Punjab/All/number/Semi-mediumvsLarge,True,in <s> according to the <n> agriculture census among farmers which size class accounts for a larger share of <m> <g> <g> or are the two roughly equal
agrifacts-00108,353e4c8e6432,landholding,area,Uttar Pradesh,ST,AgCensus2015-16 T2-4,AgCensus2015-16 T2-4 Uttar Pradesh/ST/area/MarginalvsMedium,False,in <s> according to the <n> agriculture census among <g> which size class accounts for a larger share of <m> <g> <g> or are the two roughly equal
agrifacts-00109,454fe429cbb1,social_group,area,Maharashtra,Large,AgCensus2015-16 T2-4,AgCensus2015-16 T2-4 Maharashtra/Large/area/SCvsST,False,according to the <n> agriculture census in <s> is the larger share of <g> held by <g> by <g> or are the two roughly equal
agrifacts-00110,3e681df927db,social_group,number,Telangana,All Classes,AgCensus2015-16 T2-4,AgCensus2015-16 T2-4 Telangana/All Classes/number/SCvsST,False,according to the <n> agriculture census in <s> between <g> <g> or the two roughly equal which social group operates a larger share of <m>
agrifacts-00111,026e6afe0347,social_group,number,Jharkhand,Semi-medium,AgCensus2015-16 T2-4,AgCensus2015-16 T2-4 Jharkhand/Semi-medium/number/STvsOthers,True,based on the <n> agriculture census in <s> are the shares of <g> <m> by <g> and <g> roughly equal or does one group operate a larger share
agrifacts-00112,0d519282b5bf,social_group,number,Uttar Pradesh,Semi-medium,AgCensus2015-16 T2-4,AgCensus2015-16 T2-4 Uttar Pradesh/Semi-medium/number/STvsOthers,False,in <s> according to the <n> agriculture census which social group operates a larger share of <g> <g> <g> or are the two roughly equal
agrifacts-00113,0d519282b5bf,social_group,number,West Bengal,Semi-medium,AgCensus2015-16 T2-4,AgCensus2015-16 T2-4 West Bengal/Semi-medium/number/STvsOthers,False,in <s> according to the <n> agriculture census which social group operates a larger share of <g> <g> <g> or are the two roughly equal
agrifacts-00114,353e4c8e6432,landholding,number,Telangana,SC,AgCensus2015-16 T2-4,AgCensus2015-16 T2-4 Telangana/SC/number/MarginalvsLarge,False,in <s> according to the <n> agriculture census among <g> which size class accounts for a larger share of <m> <g> <g> or are the two roughly equal
agrifacts-00115,9d62735e37b9,landholding,number,Uttar Pradesh,All,AgCensus2015-16 T2-4,AgCensus2015-16 T2-4 Uttar Pradesh/All/number/Semi-mediumvsMedium,False,among farmers in <s> as per the <n> agriculture census do <g> or <g> account for a larger share of <m> or are the two roughly equal
agrifacts-00116,28abd151528f,social_group,area,Himachal Pradesh,Medium,AgCensus2015-16 T2-4,AgCensus2015-16 T2-4 Himachal Pradesh/Medium/area/SCvsST,False,based on the <n> agriculture census of <s> is the share of <g> larger for <g> larger for <g> or roughly equal between the two
agrifacts-00117,5eab8cbc5bfc,landholding,number,Arunachal Pradesh,ST,AgCensus2015-16 T2-4,AgCensus2015-16 T2-4 Arunachal Pradesh/ST/number/SmallvsSemi-medium,False,according to the <n> agriculture census in <s> for <g> is the proportion of <m> greater for <g> greater for <g> or roughly equal between the two
agrifacts-00118,b60a63860016,social_group,area,Jharkhand,All Classes,AgCensus2015-16 T2-4,AgCensus2015-16 T2-4 Jharkhand/All Classes/area/STvsOthers,True,based on the <n> agriculture census in <s> do <g> <g> or both groups have a roughly equal share of the <m> agricultural area
agrifacts-00119,b3f80e9bf61c,social_group,area,Delhi,All Classes,AgCensus2015-16 T2-4,AgCensus2015-16 T2-4 Delhi/All Classes/area/SCvsOthers,True,in <s> according to the <n> agriculture census which social group operates a larger share of <m> <g> <g> or are the two roughly equal
agrifacts-00120,0d519282b5bf,social_group,number,Rajasthan,Semi-medium,AgCensus2015-16 T2-4,AgCensus2015-16 T2-4 Rajasthan/Semi-medium/number/SCvsST,True,in <s> according to the <n> agriculture census which social group operates a larger share of <g> <g> <g> or are the two roughly equal
agrifacts-00121,1b06e83a5a0d,social_group,area,Andhra Pradesh,Medium,AgCensus2015-16 T2-4,AgCensus2015-16 T2-4 Andhra Pradesh/Medium/area/SCvsST,False,within <s> based on the <n> agriculture census does a greater portion of <g> belong to <g> <g> or are the two roughly equal
agrifacts-00122,233cf98c14f4,gender,number,ST,femaleShare,AgCensus2015-16 T14-16,AgCensus2015-16 T14-16 ST/femaleShare/number/MarginalvsMedium,False,among <g> in the <s> india <n> agriculture census for <g> compared to <g> is the share of <m> <m> by <g> larger sm <s> er or roughly equal for both
agrifacts-00123,353e4c8e6432,landholding,number,Manipur,ST,AgCensus2015-16 T2-4,AgCensus2015-16 T2-4 Manipur/ST/number/MarginalvsLarge,False,in <s> according to the <n> agriculture census among <g> which size class accounts for a larger share of <m> <g> <g> or are the two roughly equal
agrifacts-00124,0d519282b5bf,social_group,number,Jharkhand,Small,AgCensus2015-16 T2-4,AgCensus2015-16 T2-4 Jharkhand/Small/number/SCvsST,True,in <s> according to the <n> agriculture census which social group operates a larger share of <g> <g> <g> or are the two roughly equal
agrifacts-00125,7e7eb3a33d51,gender,number,All,femaleShare,AgCensus2015-16 T14-16,AgCensus2015-16 T14-16 All/femaleShare/number/MediumvsSmall,False,in the <n> agriculture census across <s> india for <g> <m> <m> is the share greater for <g> for <g> or roughly equal for both
agrifacts-00126,0d519282b5bf,social_group,area,Andhra Pradesh,Small,AgCensus2015-16 T2-4,AgCensus2015-16 T2-4 Andhra Pradesh/Small/area/SCvsST,True,in <s> according to the <n> agriculture census which social group operates a larger share of <g> <g> <g> or are the two roughly equal
agrifacts-00127,353e4c8e6432,landholding,number,Telangana,SC,AgCensus2015-16 T2-4,AgCensus2015-16 T2-4 Telangana/SC/number/MarginalvsSmall,False,in <s> according to the <n> agriculture census among <g> which size class accounts for a larger share of <m> <g> <g> or are the two roughly equal
agrifacts-00128,b3f80e9bf61c,social_group,number,Arunachal Pradesh,All Classes,AgCensus2015-16 T2-4,AgCensus2015-16 T2-4 Arunachal Pradesh/All Classes/number/STvsOthers,True,in <s> according to the <n> agriculture census which social group operates a larger share of <m> <g> <g> or are the two roughly equal
agrifacts-00129,05ab1b654eda,gender,area,All,Medium,AgCensus2015-16 T14-16,AgCensus2015-16 T14-16 All/Medium/area/MvF,True,in the <n> agriculture census for <s> india within the <g> category which gender <g> <g> or is it roughly equal controls a greater portion
agrifacts-00130,0d519282b5bf,social_group,area,Assam,Marginal,AgCensus2015-16 T2-4,AgCensus2015-16 T2-4 Assam/Marginal/area/STvsOthers,False,in <s> according to the <n> agriculture census which social group operates a larger share of <g> <g> <g> or are the two roughly equal
agrifacts-00131,b36c937b7239,landholding,area,Chhattisgarh,All,AgCensus2015-16 T2-4,AgCensus2015-16 T2-4 Chhattisgarh/All/area/MarginalvsSmall,True,based on the <n> agriculture census in <s> when comparing farmers does the <g> or the <g> hold a greater portion of the total <m> or are the two roughly equal
agrifacts-00132,4e51bf91f0ad,social_group,number,Andhra Pradesh,Medium,AgCensus2015-16 T2-4,AgCensus2015-16 T2-4 Andhra Pradesh/Medium/number/SCvsST,False,based on the <n> agriculture census in <s> are <g> and <g> roughly equal in their operation of <g> or does one of these social groups have a larger share
agrifacts-00133,0d519282b5bf,social_group,number,Gujarat,Marginal,AgCensus2015-16 T2-4,AgCensus2015-16 T2-4 Gujarat/Marginal/number/SCvsOthers,True,in <s> according to the <n> agriculture census which social group operates a larger share of <g> <g> <g> or are the two roughly equal
agrifacts-00134,0d519282b5bf,social_group,area,Gujarat,Small,AgCensus2015-16 T2-4,AgCensus2015-16 T2-4 Gujarat/Small/area/STvsOthers,False,in <s> according to the <n> agriculture census which social group operates a larger share of <g> <g> <g> or are the two roughly equal
agrifacts-00135,0d519282b5bf,social_group,number,Andhra Pradesh,Medium,AgCensus2015-16 T2-4,AgCensus2015-16 T2-4 Andhra Pradesh/Medium/number/SCvsST,False,in <s> according to the <n> agriculture census which social group operates a larger share of <g> <g> <g> or are the two roughly equal
agrifacts-00136,0d519282b5bf,social_group,number,Uttar Pradesh,Semi-medium,AgCensus2015-16 T2-4,AgCensus2015-16 T2-4 Uttar Pradesh/Semi-medium/number/SCvsOthers,False,in <s> according to the <n> agriculture census which social group operates a larger share of <g> <g> <g> or are the two roughly equal
agrifacts-00137,0d519282b5bf,social_group,number,Madhya Pradesh,Small,AgCensus2015-16 T2-4,AgCensus2015-16 T2-4 Madhya Pradesh/Small/number/STvsOthers,False,in <s> according to the <n> agriculture census which social group operates a larger share of <g> <g> <g> or are the two roughly equal
agrifacts-00138,88e632ee4883,social_group,area,Karnataka,Semi-medium,AgCensus2015-16 T2-4,AgCensus2015-16 T2-4 Karnataka/Semi-medium/area/SCvsST,False,based on the <n> agriculture census in <s> among <g> and <g> which social group controls a greater portion of <g> or are their shares roughly equal
agrifacts-00139,f7ae940f6435,social_group,area,Uttarakhand,All Classes,AgCensus2015-16 T2-4,AgCensus2015-16 T2-4 Uttarakhand/All Classes/area/SCvsST,False,based on the <n> agriculture census in <s> is the share of <m> larger for <g> for <g> or are the two roughly equal
agrifacts-00140,a534540d3f1c,landholding,area,Andhra Pradesh,All,AgCensus2015-16 T2-4,AgCensus2015-16 T2-4 Andhra Pradesh/All/area/MarginalvsSmall,False,in <s> based on the <n> agriculture census do <g> or <g> con <s> itute a greater portion of the <m> land among farmers or are the two roughly equal
agrifacts-00141,d19967566bad,gender,area,SC,Medium,AgCensus2015-16 T14-16,AgCensus2015-16 T14-16 SC/Medium/area/MvF,True,in the <n> agriculture census across <s> india for <g> with a <g> which group holds a larger share <g> <g> or are the two roughly equal
agrifacts-00142,05deaade60c7,social_group,area,Telangana,Marginal,AgCensus2015-16 T2-4,AgCensus2015-16 T2-4 Telangana/Marginal/area/SCvsST,False,based on the agriculture census of <n> in <s> which social group <g> <g> or are the two roughly equal operates a larger proportion of <g>
agrifacts-00143,dcc5d5df14c6,gender,number,All,femaleShare,AgCensus2015-16 T14-16,AgCensus2015-16 T14-16 All/femaleShare/number/MarginalvsMedium,True,in the <n> agriculture census across <s> india is the proportion of <m> managed by <g> greater for <g> for <g> or approximately equal for the two
agrifacts-00144,ee4ecc1fd19c,landholding,area,D & N Haveli,All,AgCensus2015-16 T2-4,AgCensus2015-16 T2-4 D & N Haveli/All/area/MarginalvsSmall,False,according to the <n> agriculture census in <s> which size class con <s> itutes a greater portion of <m> among farmers <g> <g> or are the two roughly equal
agrifacts-00145,b43eedf86e1d,landholding,area,Manipur,All,AgCensus2015-16 T2-4,AgCensus2015-16 T2-4 Manipur/All/area/SmallvsSemi-medium,False,based on the <n> agriculture census in <s> among farmers does a larger proportion of <m> belong to the <g> class the <g> class or are the two roughly equal
agrifacts-00146,ef8dead38902,landholding,number,Meghalaya,All,AgCensus2015-16 T2-4,AgCensus2015-16 T2-4 Meghalaya/All/number/MarginalvsSmall,True,in <s> according to the <n> agriculture census among farmers which size class accounts for a larger share of <m> <g> <g> or are the two roughly equal
agrifacts-00147,0d519282b5bf,social_group,number,Telangana,Medium,AgCensus2015-16 T2-4,AgCensus2015-16 T2-4 Telangana/Medium/number/STvsOthers,True,in <s> according to the <n> agriculture census which social group operates a larger share of <g> <g> <g> or are the two roughly equal
agrifacts-00148,0d519282b5bf,social_group,area,Jharkhand,Large,AgCensus2015-16 T2-4,AgCensus2015-16 T2-4 Jharkhand/Large/area/STvsOthers,True,in <s> according to the <n> agriculture census which social group operates a larger share of <g> <g> <g> or are the two roughly equal
agrifacts-00149,353e4c8e6432,landholding,number,Uttar Pradesh,ST,AgCensus2015-16 T2-4,AgCensus2015-16 T2-4 Uttar Pradesh/ST/number/SmallvsSemi-medium,False,in <s> according to the <n> agriculture census among <g> which size class accounts for a larger share of <m> <g> <g> or are the two roughly equal
agrifacts-00150,b3f80e9bf61c,social_group,number,Telangana,All Classes,AgCensus2015-16 T2-4,AgCensus2015-16 T2-4 Telangana/All Classes/number/SCvsST,False,in <s> according to the <n> agriculture census which social group operates a larger share of <m> <g> <g> or are the two roughly equal
agrifacts-00151,0d519282b5bf,social_group,number,Himachal Pradesh,Marginal,AgCensus2015-16 T2-4,AgCensus2015-16 T2-4 Himachal Pradesh/Marginal/number/SCvsOthers,True,in <s> according to the <n> agriculture census which social group operates a larger share of <g> <g> <g> or are the two roughly equal
agrifacts-00152,bbf97e3d70fd,social_group,number,Tamil Nadu,Semi-medium,AgCensus2015-16 T2-4,AgCensus2015-16 T2-4 Tamil Nadu/Semi-medium/number/SCvsST,True,in the <n> agriculture census for <s> between <g> and <g> which social group controls a greater proportion of <g> or are the two roughly equal
agrifacts-00153,90ad814f7e6e,social_group,area,Rajasthan,Semi-medium,AgCensus2015-16 T2-4,AgCensus2015-16 T2-4 Rajasthan/Semi-medium/area/SCvsST,True,in the <n> agriculture census of <s> between <g> and <g> which social group controls a bigger portion of the <g> or are they roughly equal
agrifacts-00154,260ab051c2d6,gender,number,SC,femaleShare,AgCensus2015-16 T14-16,AgCensus2015-16 T14-16 SC/femaleShare/number/LargevsSmall,False,according to the <n> agriculture census across <s> of india among <g> do <g> operate a greater proportion of <g> a greater proportion of <g> or roughly equal proportions of both
agrifacts-00155,b63597b3e729,landholding,area,Karnataka,All,AgCensus2015-16 T2-4,AgCensus2015-16 T2-4 Karnataka/All/area/SmallvsMedium,True,based on the <n> agriculture census in <s> between <g> and <g> farmers which size class possesses a larger portion of the <m> or are the two roughly equal
agrifacts-00156,353e4c8e6432,landholding,number,Telangana,SC,AgCensus2015-16 T2-4,AgCensus2015-16 T2-4 Telangana/SC/number/Semi-mediumvsMedium,True,in <s> according to the <n> agriculture census among <g> which size class accounts for a larger share of <m> <g> <g> or are the two roughly equal
agrifacts-00157,0d519282b5bf,social_group,area,Jammu & Kashmir,Medium,AgCensus2015-16 T2-4,AgCensus2015-16 T2-4 Jammu & Kashmir/Medium/area/SCvsOthers,True,in <s> according to the <n> agriculture census which social group operates a larger share of <g> <g> <g> or are the two roughly equal
agrifacts-00158,b3f80e9bf61c,social_group,number,Uttar Pradesh,All Classes,AgCensus2015-16 T2-4,AgCensus2015-16 T2-4 Uttar Pradesh/All Classes/number/SCvsOthers,True,in <s> according to the <n> agriculture census which social group operates a larger share of <m> <g> <g> or are the two roughly equal
agrifacts-00159,353e4c8e6432,landholding,number,Haryana,SC,AgCensus2015-16 T2-4,AgCensus2015-16 T2-4 Haryana/SC/number/SmallvsMedium,False,in <s> according to the <n> agriculture census among <g> which size class accounts for a larger share of <m> <g> <g> or are the two roughly equal
agrifacts-00160,db01a9a91199,landholding,area,Jharkhand,All,AgCensus2015-16 T2-4,AgCensus2015-16 T2-4 Jharkhand/All/area/Semi-mediumvsMedium,False,based on the <n> agriculture census in <s> among farmers do <g> <g> or both roughly equal each other in their share of <m>
agrifacts-00161,ef8dead38902,landholding,number,Mizoram,All,AgCensus2015-16 T2-4,AgCensus2015-16 T2-4 Mizoram/All/number/SmallvsSemi-medium,True,in <s> according to the <n> agriculture census among farmers which size class accounts for a larger share of <m> <g> <g> or are the two roughly equal
agrifacts-00162,0d519282b5bf,social_group,number,Odisha,Marginal,AgCensus2015-16 T2-4,AgCensus2015-16 T2-4 Odisha/Marginal/number/SCvsOthers,True,in <s> according to the <n> agriculture census which social group operates a larger share of <g> <g> <g> or are the two roughly equal
agrifacts-00163,c5e3a12c99b9,gender,area,All,femaleShare,AgCensus2015-16 T14-16,AgCensus2015-16 T14-16 All/femaleShare/area/MarginalvsSmall,False,according to the <n> agriculture census at the <s> india level is the proportion of <m> handled by <g> greater for <g> greater for <g> or roughly equal for both
agrifacts-00164,ef8dead38902,landholding,number,Meghalaya,All,AgCensus2015-16 T2-4,AgCensus2015-16 T2-4 Meghalaya/All/number/MarginalvsSemi-medium,False,in <s> according to the <n> agriculture census among farmers which size class accounts for a larger share of <m> <g> <g> or are the two roughly equal
agrifacts-00165,ef8dead38902,landholding,number,Madhya Pradesh,All,AgCensus2015-16 T2-4,AgCensus2015-16 T2-4 Madhya Pradesh/All/number/SmallvsLarge,False,in <s> according to the <n> agriculture census among farmers which size class accounts for a larger share of <m> <g> <g> or are the two roughly equal
agrifacts-00166,ef8dead38902,landholding,area,Mizoram,All,AgCensus2015-16 T2-4,AgCensus2015-16 T2-4 Mizoram/All/area/MarginalvsSemi-medium,False,in <s> according to the <n> agriculture census among farmers which size class accounts for a larger share of <m> <g> <g> or are the two roughly equal
agrifacts-00167,1eee7837c7a4,landholding,area,Mizoram,All,AgCensus2015-16 T2-4,AgCensus2015-16 T2-4 Mizoram/All/area/MarginalvsSemi-medium,False,among farmers in <s> based on the <n> agriculture census does <g> <g> or are the two roughly equal account for the larger share of <m>
agrifacts-00168,50ff072bd67c,landholding,area,Goa,All,AgCensus2015-16 T2-4,AgCensus2015-16 T2-4 Goa/All/area/Semi-mediumvsLarge,False,in <s> based on the <n> agriculture census data between <g> and <g> which size class holds a greater portion of the <m> among farmers or are the two roughly equal
agrifacts-00169,0d519282b5bf,social_group,area,Andhra Pradesh,Medium,AgCensus2015-16 T2-4,AgCensus2015-16 T2-4 Andhra Pradesh/Medium/area/SCvsST,False,in <s> according to the <n> agriculture census which social group operates a larger share of <g> <g> <g> or are the two roughly equal
agrifacts-00170,f11784eaf294,social_group,number,Maharashtra,All Classes,AgCensus2015-16 T2-4,AgCensus2015-16 T2-4 Maharashtra/All Classes/number/SCvsST,False,in <s> based on the <n> agriculture census between <g> and <g> which social group operates the larger portion of <m> or are the two roughly equal
agrifacts-00171,353e4c8e6432,landholding,number,Karnataka,ST,AgCensus2015-16 T2-4,AgCensus2015-16 T2-4 Karnataka/ST/number/MarginalvsLarge,False,in <s> according to the <n> agriculture census among <g> which size class accounts for a larger share of <m> <g> <g> or are the two roughly equal
agrifacts-00172,8736c4b70d49,social_group,number,Telangana,All Classes,AgCensus2015-16 T2-4,AgCensus2015-16 T2-4 Telangana/All Classes/number/SCvsST,False,based on the <n> agriculture census in <s> do <g> <g> or are the two roughly equal in operating the larger share of <m>
agrifacts-00173,353e4c8e6432,landholding,number,Himachal Pradesh,ST,AgCensus2015-16 T2-4,AgCensus2015-16 T2-4 Himachal Pradesh/ST/number/MarginalvsSemi-medium,False,in <s> according to the <n> agriculture census among <g> which size class accounts for a larger share of <m> <g> <g> or are the two roughly equal
agrifacts-00174,a74e561e6a62,landholding,area,Andhra Pradesh,ST,AgCensus2015-16 T2-4,AgCensus2015-16 T2-4 Andhra Pradesh/ST/area/MarginalvsSemi-medium,False,in the <n> agriculture census for <s> among <g> does <g> or <g> account for a larger share of <m> or are the two roughly equal
agrifacts-00175,21997aaeecb5,landholding,area,Goa,All,AgCensus2015-16 T2-4,AgCensus2015-16 T2-4 Goa/All/area/Semi-mediumvsLarge,False,according to the <n> agriculture census in <s> between <g> and <g> which size class holds a greater proportion of <m> among farmers or are they roughly equal
agrifacts-00176,353e4c8e6432,landholding,number,Tripura,SC,AgCensus2015-16 T2-4,AgCensus2015-16 T2-4 Tripura/SC/number/SmallvsSemi-medium,False,in <s> according to the <n> agriculture census among <g> which size class accounts for a larger share of <m> <g> <g> or are the two roughly equal
agrifacts-00177,ef8dead38902,landholding,number,Jammu & Kashmir,All,AgCensus2015-16 T2-4,AgCensus2015-16 T2-4 Jammu & Kashmir/All/number/SmallvsLarge,False,in <s> according to the <n> agriculture census among farmers which size class accounts for a larger share of <m> <g> <g> or are the two roughly equal
agrifacts-00178,47145b6de2ad,gender,number,ST,Marginal,AgCensus2015-16 T14-16,AgCensus2015-16 T14-16 ST/Marginal/number/MvF,False,according to the <n> agriculture census at the <s> india level within <g> of <g> which gender operates a larger share <g> <g> or are the two roughly equal
agrifacts-00179,ef8dead38902,landholding,number,Uttarakhand,All,AgCensus2015-16 T2-4,AgCensus2015-16 T2-4 Uttarakhand/All/number/MarginalvsMedium,False,in <s> according to the <n> agriculture census among farmers which size class accounts for a larger share of <m> <g> <g> or are the two roughly equal
agrifacts-00180,ef8dead38902,landholding,number,Tamil Nadu,All,AgCensus2015-16 T2-4,AgCensus2015-16 T2-4 Tamil Nadu/All/number/SmallvsLarge,True,in <s> according to the <n> agriculture census among farmers which size class accounts for a larger share of <m> <g> <g> or are the two roughly equal
agrifacts-00181,651d79e132ae,landholding,area,Mizoram,All,AgCensus2015-16 T2-4,AgCensus2015-16 T2-4 Mizoram/All/area/MarginalvsSemi-medium,False,in <s> based on the <n> agriculture census which size class <g> <g> or are the two roughly equal represents a greater portion of the <m> among farmers
agrifacts-00182,dcc4aea7e594,social_group,area,Himachal Pradesh,Semi-medium,AgCensus2015-16 T2-4,AgCensus2015-16 T2-4 Himachal Pradesh/Semi-medium/area/SCvsST,False,according to the <n> agriculture census does a larger share of <g> in <s> belong to <g> <g> or are the two roughly equal
agrifacts-00183,0d519282b5bf,social_group,area,Jharkhand,Medium,AgCensus2015-16 T2-4,AgCensus2015-16 T2-4 Jharkhand/Medium/area/SCvsOthers,False,in <s> according to the <n> agriculture census which social group operates a larger share of <g> <g> <g> or are the two roughly equal
agrifacts-00184,e5a6c1a3d333,landholding,number,Goa,All,AgCensus2015-16 T2-4,AgCensus2015-16 T2-4 Goa/All/number/Semi-mediumvsLarge,True,according to the <n> agriculture census in <s> which of these size classes among farmers holds a greater portion of <m> <g> <g> or are they roughly equal
agrifacts-00185,722bd42b18c5,landholding,area,Telangana,All,AgCensus2015-16 T2-4,AgCensus2015-16 T2-4 Telangana/All/area/MarginalvsSmall,True,in the <n> agriculture census for <s> does <g> or <g> represent a bigger portion of the <m> land among farmers or are they roughly equal
agrifacts-00186,21ed6fabbb18,social_group,area,Karnataka,All Classes,AgCensus2015-16 T2-4,AgCensus2015-16 T2-4 Karnataka/All Classes/area/SCvsST,True,based on the <n> agriculture census in <s> between <g> and <g> which social group controls a bigger portion of the <m> or are the two roughly equal
agrifacts-00187,ef8dead38902,landholding,area,Assam,All,AgCensus2015-16 T2-4,AgCensus2015-16 T2-4 Assam/All/area/MediumvsLarge,False,in <s> according to the <n> agriculture census among farmers which size class accounts for a larger share of <m> <g> <g> or are the two roughly equal
agrifacts-00188,0d519282b5bf,social_group,number,Manipur,Small,AgCensus2015-16 T2-4,AgCensus2015-16 T2-4 Manipur/Small/number/SCvsST,False,in <s> according to the <n> agriculture census which social group operates a larger share of <g> <g> <g> or are the two roughly equal
agrifacts-00189,0d519282b5bf,social_group,area,Andhra Pradesh,Medium,AgCensus2015-16 T2-4,AgCensus2015-16 T2-4 Andhra Pradesh/Medium/area/STvsOthers,True,in <s> according to the <n> agriculture census which social group operates a larger share of <g> <g> <g> or are the two roughly equal
agrifacts-00190,353e4c8e6432,landholding,number,Mizoram,ST,AgCensus2015-16 T2-4,AgCensus2015-16 T2-4 Mizoram/ST/number/Semi-mediumvsMedium,False,in <s> according to the <n> agriculture census among <g> which size class accounts for a larger share of <m> <g> <g> or are the two roughly equal
agrifacts-00191,0d519282b5bf,social_group,number,Tripura,Marginal,AgCensus2015-16 T2-4,AgCensus2015-16 T2-4 Tripura/Marginal/number/SCvsST,False,in <s> according to the <n> agriculture census which social group operates a larger share of <g> <g> <g> or are the two roughly equal
agrifacts-00192,dcecdf1e502a,social_group,area,Telangana,Large,AgCensus2015-16 T2-4,AgCensus2015-16 T2-4 Telangana/Large/area/SCvsST,False,based on the <n> agriculture census in <s> do <g> and <g> have a roughly equal share of <g> or does one of these social groups operate a larger portion
agrifacts-00193,f1524b8f8ae5,gender,area,All,Small,AgCensus2015-16 T14-16,AgCensus2015-16 T14-16 All/Small/area/MvF,True,in the <n> agriculture census across <s> india for <g> which gender controls a greater portion <g> <g> or do they have roughly equal shares
agrifacts-00194,0d519282b5bf,social_group,number,Puducherry,Marginal,AgCensus2015-16 T2-4,AgCensus2015-16 T2-4 Puducherry/Marginal/number/STvsOthers,False,in <s> according to the <n> agriculture census which social group operates a larger share of <g> <g> <g> or are the two roughly equal
agrifacts-00195,0d519282b5bf,social_group,number,Tamil Nadu,Small,AgCensus2015-16 T2-4,AgCensus2015-16 T2-4 Tamil Nadu/Small/number/STvsOthers,False,in <s> according to the <n> agriculture census which social group operates a larger share of <g> <g> <g> or are the two roughly equal
agrifacts-00196,ef8dead38902,landholding,area,A&N Islands,All,AgCensus2015-16 T2-4,AgCensus2015-16 T2-4 A&N Islands/All/area/MarginalvsLarge,False,in <s> according to the <n> agriculture census among farmers which size class accounts for a larger share of <m> <g> <g> or are the two roughly equal
agrifacts-00197,1b9fca3d6a07,landholding,number,Jharkhand,ST,AgCensus2015-16 T2-4,AgCensus2015-16 T2-4 Jharkhand/ST/number/SmallvsSemi-medium,False,among <g> in <s> as per the <n> agriculture census which size class <g> or <g> holds a greater portion of land or are they roughly equal
agrifacts-00198,4488b41bc11e,social_group,number,Maharashtra,All Classes,AgCensus2015-16 T2-4,AgCensus2015-16 T2-4 Maharashtra/All Classes/number/SCvsST,False,in <s> based on the <n> agriculture census does a larger proportion of <m> belong to <g> <g> or are the two roughly equal
agrifacts-00199,353e4c8e6432,landholding,number,Gujarat,SC,AgCensus2015-16 T2-4,AgCensus2015-16 T2-4 Gujarat/SC/number/SmallvsMedium,False,in <s> according to the <n> agriculture census among <g> which size class accounts for a larger share of <m> <g> <g> or are the two roughly equal
agrifacts-00200,ef8dead38902,landholding,area,D & N Haveli,All,AgCensus2015-16 T2-4,AgCensus2015-16 T2-4 D & N Haveli/All/area/MarginalvsSemi-medium,False,in <s> according to the <n> agriculture census among farmers which size class accounts for a larger share of <m> <g> <g> or are the two roughly equal
agrifacts-00201,353e4c8e6432,landholding,number,Maharashtra,ST,AgCensus2015-16 T2-4,AgCensus2015-16 T2-4 Maharashtra/ST/number/MarginalvsMedium,False,in <s> according to the <n> agriculture census among <g> which size class accounts for a larger share of <m> <g> <g> or are the two roughly equal
agrifacts-00202,cc764f4c42a3,landholding,area,D & N Haveli,All,AgCensus2015-16 T2-4,AgCensus2015-16 T2-4 D & N Haveli/All/area/MarginalvsMedium,False,in <s> based on the <n> agriculture census between <g> and <g> among farmers which size class has a greater portion of <m> or are they roughly equal
agrifacts-00203,b3f80e9bf61c,social_group,area,Tripura,All Classes,AgCensus2015-16 T2-4,AgCensus2015-16 T2-4 Tripura/All Classes/area/STvsOthers,True,in <s> according to the <n> agriculture census which social group operates a larger share of <m> <g> <g> or are the two roughly equal
agrifacts-00204,353e4c8e6432,landholding,number,Telangana,ST,AgCensus2015-16 T2-4,AgCensus2015-16 T2-4 Telangana/ST/number/SmallvsLarge,True,in <s> according to the <n> agriculture census among <g> which size class accounts for a larger share of <m> <g> <g> or are the two roughly equal
agrifacts-00205,0fdc82aee784,social_group,area,Himachal Pradesh,Medium,AgCensus2015-16 T2-4,AgCensus2015-16 T2-4 Himachal Pradesh/Medium/area/SCvsST,False,according to the <n> agriculture census in <s> are the <g> and <g> roughly equal in their share of <g> or does one social group operate a larger portion
agrifacts-00206,6c8286fa617b,landholding,number,Bihar,All,AgCensus2015-16 T2-4,AgCensus2015-16 T2-4 Bihar/All/number/SmallvsSemi-medium,True,based on the <n> agriculture census in <s> regarding farmers do <g> or <g> represent a bigger portion of total <m> or are they roughly equal
agrifacts-00207,0d519282b5bf,social_group,number,Maharashtra,Large,AgCensus2015-16 T2-4,AgCensus2015-16 T2-4 Maharashtra/Large/number/STvsOthers,False,in <s> according to the <n> agriculture census which social group operates a larger share of <g> <g> <g> or are the two roughly equal
agrifacts-00208,1eb1e7ea755c,gender,number,SC,Small,AgCensus2015-16 T14-16,AgCensus2015-16 T14-16 SC/Small/number/MvF,True,in the <n> agriculture census across <s> of india for <g> with <g> which group holds a larger portion <g> <g> or are they roughly equal
agrifacts-00209,c0dac60d9cce,landholding,area,Punjab,All,AgCensus2015-16 T2-4,AgCensus2015-16 T2-4 Punjab/All/area/MarginalvsSmall,False,in <s> per the <n> agriculture census when it comes to <m> among farmers does <g> <g> or are the two roughly equal account for a larger share
agrifacts-00210,bfba5ada3b7e,landholding,number,Arunachal Pradesh,ST,AgCensus2015-16 T2-4,AgCensus2015-16 T2-4 Arunachal Pradesh/ST/number/MarginalvsSmall,False,among <g> in <s> per the <n> agriculture census does <g> <g> or are the two roughly equal account for a larger share of <m>
agrifacts-00211,f88893c71ce2,landholding,area,Madhya Pradesh,SC,AgCensus2015-16 T2-4,AgCensus2015-16 T2-4 Madhya Pradesh/SC/area/MarginalvsSemi-medium,False,according to the <n> agriculture census in <s> does <g> or <g> account for a larger share of <m> among <g> or are the two roughly equal
agrifacts-00212,353e4c8e6432,landholding,area,Jharkhand,SC,AgCensus2015-16 T2-4,AgCensus2015-16 T2-4 Jharkhand/SC/area/Semi-mediumvsMedium,False,in <s> according to the <n> agriculture census among <g> which size class accounts for a larger share of <m> <g> <g> or are the two roughly equal
agrifacts-00213,0d519282b5bf,social_group,number,Arunachal Pradesh,Semi-medium,AgCensus2015-16 T2-4,AgCensus2015-16 T2-4 Arunachal Pradesh/Semi-medium/number/STvsOthers,True,in <s> according to the <n> agriculture census which social group operates a larger share of <g> <g> <g> or are the two roughly equal
agrifacts-00214,7cd3501dae30,social_group,area,Karnataka,Semi-medium,AgCensus2015-16 T2-4,AgCensus2015-16 T2-4 Karnataka/Semi-medium/area/SCvsST,False,based on the <n> agriculture census in <s> between <g> and <g> which social group has the larger portion of <g> or are the two roughly equal
agrifacts-00215,b3f80e9bf61c,social_group,number,Delhi,All Classes,AgCensus2015-16 T2-4,AgCensus2015-16 T2-4 Delhi/All Classes/number/SCvsOthers,False,in <s> according to the <n> agriculture census which social group operates a larger share of <m> <g> <g> or are the two roughly equal
agrifacts-00216,b3f80e9bf61c,social_group,number,Madhya Pradesh,All Classes,AgCensus2015-16 T2-4,AgCensus2015-16 T2-4 Madhya Pradesh/All Classes/number/SCvsOthers,False,in <s> according to the <n> agriculture census which social group operates a larger share of <m> <g> <g> or are the two roughly equal
agrifacts-00217,ef8dead38902,landholding,number,Chhattisgarh,All,AgCensus2015-16 T2-4,AgCensus2015-16 T2-4 Chhattisgarh/All/number/SmallvsLarge,False,in <s> according to the <n> agriculture census among farmers which size class accounts for a larger share of <m> <g> <g> or are the two roughly equal
agrifacts-00218,0d519282b5bf,social_group,area,Jammu & Kashmir,Marginal,AgCensus2015-16 T2-4,AgCensus2015-16 T2-4 Jammu & Kashmir/Marginal/area/STvsOthers,False,in <s> according to the <n> agriculture census which social group operates a larger share of <g> <g> <g> or are the two roughly equal
agrifacts-00219,2b8a82c393a9,gender,number,ST,femaleShare,AgCensus2015-16 T14-16,AgCensus2015-16 T14-16 ST/femaleShare/number/MarginalvsSmall,True,in the <n> agriculture census across <s> india for <g> is the proportion of female <m> <m> greater in <g> greater in <g> or roughly equal for both
agrifacts-00220,fd3648ffb4e5,social_group,number,Telangana,Small,AgCensus2015-16 T2-4,AgCensus2015-16 T2-4 Telangana/Small/number/SCvsST,False,in the <n> agriculture census of <s> is the proportion of <g> <m> by <g> greater than less than or roughly equal to that <m> by <g>
agrifacts-00221,0d519282b5bf,social_group,area,Jharkhand,Large,AgCensus2015-16 T2-4,AgCensus2015-16 T2-4 Jharkhand/Large/area/SCvsOthers,False,in <s> according to the <n> agriculture census which social group operates a larger share of <g> <g> <g> or are the two roughly equal
agrifacts-00222,fe461d7c0c66,social_group,area,Uttarakhand,All Classes,AgCensus2015-16 T2-4,AgCensus2015-16 T2-4 Uttarakhand/All Classes/area/SCvsST,False,based on the <n> agriculture census in <s> do <g> <g> or are the two roughly equal in terms of which social group operates a larger share of <m>
agrifacts-00223,0d519282b5bf,social_group,area,Bihar,Large,AgCensus2015-16 T2-4,AgCensus2015-16 T2-4 Bihar/Large/area/SCvsOthers,True,in <s> according to the <n> agriculture census which social group operates a larger share of <g> <g> <g> or are the two roughly equal
agrifacts-00224,bdb9faa9e71c,social_group,number,Himachal Pradesh,Semi-medium,AgCensus2015-16 T2-4,AgCensus2015-16 T2-4 Himachal Pradesh/Semi-medium/number/SCvsST,True,according to the <n> agriculture census in <s> is the share of <g> <m> by <g> and <g> roughly equal or does one social group operate a larger share
agrifacts-00225,0d519282b5bf,social_group,area,Maharashtra,Marginal,AgCensus2015-16 T2-4,AgCensus2015-16 T2-4 Maharashtra/Marginal/area/SCvsST,False,in <s> according to the <n> agriculture census which social group operates a larger share of <g> <g> <g> or are the two roughly equal
agrifacts-00226,0c23c0c6c624,gender,area,SC,Marginal,AgCensus2015-16 T14-16,AgCensus2015-16 T14-16 SC/Marginal/area/MvF,False,in the <n> agriculture census across <s> of india within <g> and among <g> which group holds a bigger portion <g> <g> or are they roughly equal
agrifacts-00227,0d519282b5bf,social_group,area,Chhattisgarh,Marginal,AgCensus2015-16 T2-4,AgCensus2015-16 T2-4 Chhattisgarh/Marginal/area/SCvsOthers,False,in <s> according to the <n> agriculture census which social group operates a larger share of <g> <g> <g> or are the two roughly equal
agrifacts-00228,cb2e95a4bfbf,gender,number,SC,Marginal,AgCensus2015-16 T14-16,AgCensus2015-16 T14-16 SC/Marginal/number/MvF,False,in the <n> agriculture census across india for <g> with <g> which group holds a larger portion <g> <g> or are they roughly equal
agrifacts-00229,ef8dead38902,landholding,number,Madhya Pradesh,All,AgCensus2015-16 T2-4,AgCensus2015-16 T2-4 Madhya Pradesh/All/number/SmallvsSemi-medium,True,in <s> according to the <n> agriculture census among farmers which size class accounts for a larger share of <m> <g> <g> or are the two roughly equal
agrifacts-00230,05d7347c0b90,gender,number,All,femaleShare,AgCensus2015-16 T14-16,AgCensus2015-16 T14-16 All/femaleShare/number/MediumvsSmall,False,in the <n> agriculture census across <s> india is the proportion of <m> managed by <g> greater for <g> for <g> or roughly equal for both
agrifacts-00231,5109aeff3af4,gender,area,All,femaleShare,AgCensus2015-16 T14-16,AgCensus2015-16 T14-16 All/femaleShare/area/MediumvsSmall,False,in the <n> agriculture census at the <s> india level is the proportion of <m> managed by <g> greater for <g> greater for <g> or roughly equal for both
agrifacts-00232,0d519282b5bf,social_group,number,Andhra Pradesh,Semi-medium,AgCensus2015-16 T2-4,AgCensus2015-16 T2-4 Andhra Pradesh/Semi-medium/number/SCvsST,True,in <s> according to the <n> agriculture census which social group operates a larger share of <g> <g> <g> or are the two roughly equal
agrifacts-00233,353e4c8e6432,landholding,number,Chhattisgarh,SC,AgCensus2015-16 T2-4,AgCensus2015-16 T2-4 Chhattisgarh/SC/number/SmallvsLarge,True,in <s> according to the <n> agriculture census among <g> which size class accounts for a larger share of <m> <g> <g> or are the two roughly equal
agrifacts-00234,713791369fe3,social_group,number,Maharashtra,All Classes,AgCensus2015-16 T2-4,AgCensus2015-16 T2-4 Maharashtra/All Classes/number/SCvsST,False,in <s> do <g> <g> or neither group operate a greater proportion of <m> as per the <n> agriculture census or are the two roughly equal
agrifacts-00235,3b430d5f6512,gender,number,ST,femaleShare,AgCensus2015-16 T14-16,AgCensus2015-16 T14-16 ST/femaleShare/number/MarginalvsMedium,False,in the <n> agriculture census across <s> india for <g> is the proportion of <m> managed by <g> greater for <g> greater for <g> or roughly equal for both
agrifacts-00236,353e4c8e6432,landholding,number,Haryana,SC,AgCensus2015-16 T2-4,AgCensus2015-16 T2-4 Haryana/SC/number/MarginalvsLarge,False,in <s> according to the <n> agriculture census among <g> which size class accounts for a larger share of <m> <g> <g> or are the two roughly equal
agrifacts-00237,58291b9ab404,landholding,area,Bihar,ST,AgCensus2015-16 T2-4,AgCensus2015-16 T2-4 Bihar/ST/area/SmallvsSemi-medium,False,based on the <n> agriculture census in <s> for <g> does a <g> a <g> or are the two roughly equal account for a larger share of <m>
agrifacts-00238,c20a49c07b13,social_group,number,Maharashtra,Medium,AgCensus2015-16 T2-4,AgCensus2015-16 T2-4 Maharashtra/Medium/number/SCvsST,False,according to the <n> agriculture census in <s> among <g> and <g> which social group operates a larger share of <g> or are the two roughly equal
agrifacts-00239,daa58939b0b3,social_group,area,Andhra Pradesh,Small,AgCensus2015-16 T2-4,AgCensus2015-16 T2-4 Andhra Pradesh/Small/area/SCvsST,True,in <s> based on the <n> agriculture census do <g> or <g> operate a larger portion of <g> or are the two roughly equal
agrifacts-00240,0d519282b5bf,social_group,area,Jharkhand,Small,AgCensus2015-16 T2-4,AgCensus2015-16 T2-4 Jharkhand/Small/area/SCvsOthers,False,in <s> according to the <n> agriculture census which social group operates a larger share of <g> <g> <g> or are the two roughly equal
agrifacts-00241,0d519282b5bf,social_group,area,Haryana,Marginal,AgCensus2015-16 T2-4,AgCensus2015-16 T2-4 Haryana/Marginal/area/STvsOthers,False,in <s> according to the <n> agriculture census which social group operates a larger share of <g> <g> <g> or are the two roughly equal
agrifacts-00242,b17860f18da0,social_group,number,Maharashtra,Small,AgCensus2015-16 T2-4,AgCensus2015-16 T2-4 Maharashtra/Small/number/SCvsST,False,based on the <n> agriculture census in <s> among <g> and <g> which social group operates a larger portion of <g> or are the two roughly equal
agrifacts-00243,f9ca3c562ee7,social_group,number,Rajasthan,All Classes,AgCensus2015-16 T2-4,AgCensus2015-16 T2-4 Rajasthan/All Classes/number/SCvsST,False,based on the <n> agriculture census in <s> is the share of <m> <m> by <g> greater than that <m> by <g> is the reverse true or are the two roughly equal
agrifacts-00244,353e4c8e6432,landholding,number,Punjab,SC,AgCensus2015-16 T2-4,AgCensus2015-16 T2-4 Punjab/SC/number/MediumvsLarge,False,in <s> according to the <n> agriculture census among <g> which size class accounts for a larger share of <m> <g> <g> or are the two roughly equal
agrifacts-00245,d3380bb8b6ea,social_group,area,Maharashtra,All Classes,AgCensus2015-16 T2-4,AgCensus2015-16 T2-4 Maharashtra/All Classes/area/SCvsST,False,based on the <n> agriculture census in <s> is the share of <m> larger for <g> larger for <g> or are these two shares roughly equal
agrifacts-00246,353e4c8e6432,landholding,number,Tamil Nadu,SC,AgCensus2015-16 T2-4,AgCensus2015-16 T2-4 Tamil Nadu/SC/number/MarginalvsSemi-medium,True,in <s> according to the <n> agriculture census among <g> which size class accounts for a larger share of <m> <g> <g> or are the two roughly equal
agrifacts-00247,59f2ff139c47,social_group,area,Maharashtra,Medium,AgCensus2015-16 T2-4,AgCensus2015-16 T2-4 Maharashtra/Medium/area/SCvsST,False,according to the <n> agriculture census in <s> is the <g> share larger for <g> larger for <g> or roughly equal between the two
agrifacts-00248,dc67f3d60332,social_group,number,Maharashtra,Semi-medium,AgCensus2015-16 T2-4,AgCensus2015-16 T2-4 Maharashtra/Semi-medium/number/SCvsST,True,how do <g> and <g> compare in their operation of <g> in <s> based on the <n> agriculture census does one group hold a larger share or are the two roughly equal
agrifacts-00249,f97f8e7fcb3b,landholding,area,Uttar Pradesh,All,AgCensus2015-16 T2-4,AgCensus2015-16 T2-4 Uttar Pradesh/All/area/SmallvsSemi-medium,True,according to the <n> agriculture census in <s> among farmers which size class holds a greater portion of <m> <g> <g> or are the two roughly equal
agrifacts-00250,0d519282b5bf,social_group,area,Karnataka,Large,AgCensus2015-16 T2-4,AgCensus2015-16 T2-4 Karnataka/Large/area/SCvsOthers,False,in <s> according to the <n> agriculture census which social group operates a larger share of <g> <g> <g> or are the two roughly equal
agrifacts-00251,0c0f7a34b49f,gender,area,All,Medium,AgCensus2015-16 T14-16,AgCensus2015-16 T14-16 All/Medium/area/MvF,True,in the <n> agriculture census across <s> india for <g> do <g> <g> or are the two roughly equal operate a larger share
agrifacts-00252,353e4c8e6432,landholding,number,Uttar Pradesh,ST,AgCensus2015-16 T2-4,AgCensus2015-16 T2-4 Uttar Pradesh/ST/number/SmallvsLarge,True,in <s> according to the <n> agriculture census among <g> which size class accounts for a larger share of <m> <g> <g> or are the two roughly equal
agrifacts-00253,0d519282b5bf,social_group,number,Bihar,Medium,AgCensus2015-16 T2-4,AgCensus2015-16 T2-4 Bihar/Medium/number/STvsOthers,True,in <s> according to the <n> agriculture census which social group operates a larger share of <g> <g> <g> or are the two roughly equal
agrifacts-00254,0d519282b5bf,social_group,area,Jharkhand,Semi-medium,AgCensus2015-16 T2-4,AgCensus2015-16 T2-4 Jharkhand/Semi-medium/area/SCvsOthers,False,in <s> according to the <n> agriculture census which social group operates a larger share of <g> <g> <g> or are the two roughly equal
agrifacts-00255,353e4c8e6432,landholding,number,Madhya Pradesh,ST,AgCensus2015-16 T2-4,AgCensus2015-16 T2-4 Madhya Pradesh/ST/number/MarginalvsMedium,True,in <s> according to the <n> agriculture census among <g> which size class accounts for a larger share of <m> <g> <g> or are the two roughly equal
agrifacts-00256,6bea002b9672,landholding,area,Madhya Pradesh,All,AgCensus2015-16 T2-4,AgCensus2015-16 T2-4 Madhya Pradesh/All/area/SmallvsSemi-medium,False,based on the <n> agriculture census in <s> among farmers is the share of <m> larger for the <g> class larger for the <g> class or are the two roughly equal
agrifacts-00257,353e4c8e6432,landholding,area,Sikkim,ST,AgCensus2015-16 T2-4,AgCensus2015-16 T2-4 Sikkim/ST/area/MarginalvsSmall,False,in <s> according to the <n> agriculture census among <g> which size class accounts for a larger share of <m> <g> <g> or are the two roughly equal
agrifacts-00258,4a96c39505e0,landholding,area,Goa,All,AgCensus2015-16 T2-4,AgCensus2015-16 T2-4 Goa/All/area/SmallvsMedium,True,in <s> based on the agriculture census of <n> which size class <g> or <g> has a bigger portion of the <m> among farmers or are they roughly equal
agrifacts-00259,0d519282b5bf,social_group,number,Rajasthan,Semi-medium,AgCensus2015-16 T2-4,AgCensus2015-16 T2-4 Rajasthan/Semi-medium/number/SCvsOthers,False,in <s> according to the <n> agriculture census which social group operates a larger share of <g> <g> <g> or are the two roughly equal
agrifacts-00260,ef8dead38902,landholding,number,Uttarakhand,All,AgCensus2015-16 T2-4,AgCensus2015-16 T2-4 Uttarakhand/All/number/SmallvsLarge,True,in <s> according to the <n> agriculture census among farmers which size class accounts for a larger share of <m> <g> <g> or are the two roughly equal
agrifacts-00261,0d519282b5bf,social_group,number,Karnataka,Large,AgCensus2015-16 T2-4,AgCensus2015-16 T2-4 Karnataka/Large/number/STvsOthers,False,in <s> according to the <n> agriculture census which social group operates a larger share of <g> <g> <g> or are the two roughly equal
agrifacts-00262,d50bb26a060d,social_group,number,Uttarakhand,Small,AgCensus2015-16 T2-4,AgCensus2015-16 T2-4 Uttarakhand/Small/number/SCvsST,True,in <s> per the <n> agriculture census does a larger portion of <g> come under <g> <g> or are the two roughly equal
agrifacts-00263,353e4c8e6432,landholding,area,Madhya Pradesh,SC,AgCensus2015-16 T2-4,AgCensus2015-16 T2-4 Madhya Pradesh/SC/area/MarginalvsSemi-medium,False,in <s> according to the <n> agriculture census among <g> which size class accounts for a larger share of <m> <g> <g> or are the two roughly equal
agrifacts-00264,353e4c8e6432,landholding,number,Himachal Pradesh,SC,AgCensus2015-16 T2-4,AgCensus2015-16 T2-4 Himachal Pradesh/SC/number/SmallvsMedium,True,in <s> according to the <n> agriculture census among <g> which size class accounts for a larger share of <m> <g> <g> or are the two roughly equal
agrifacts-00265,3f9122ad6c6c,social_group,area,Andhra Pradesh,All Classes,AgCensus2015-16 T2-4,AgCensus2015-16 T2-4 Andhra Pradesh/All Classes/area/SCvsST,True,according to the <n> agriculture census in <s> do <g> or <g> operate a larger portion of the <m> or are the two roughly equal
agrifacts-00266,ef8dead38902,landholding,number,Uttar Pradesh,All,AgCensus2015-16 T2-4,AgCensus2015-16 T2-4 Uttar Pradesh/All/number/MarginalvsMedium,False,in <s> according to the <n> agriculture census among farmers which size class accounts for a larger share of <m> <g> <g> or are the two roughly equal
agrifacts-00267,247ca8aac692,social_group,area,Jharkhand,Semi-medium,AgCensus2015-16 T2-4,AgCensus2015-16 T2-4 Jharkhand/Semi-medium/area/STvsOthers,False,based on the <n> agriculture census in <s> is the share of <g> larger for <g> larger for <g> or roughly equal between them
agrifacts-00268,b3f80e9bf61c,social_group,number,Goa,All Classes,AgCensus2015-16 T2-4,AgCensus2015-16 T2-4 Goa/All Classes/number/SCvsOthers,False,in <s> according to the <n> agriculture census which social group operates a larger share of <m> <g> <g> or are the two roughly equal
agrifacts-00269,0d519282b5bf,social_group,area,Karnataka,Medium,AgCensus2015-16 T2-4,AgCensus2015-16 T2-4 Karnataka/Medium/area/SCvsST,False,in <s> according to the <n> agriculture census which social group operates a larger share of <g> <g> <g> or are the two roughly equal
agrifacts-00270,4038bb650658,landholding,area,Madhya Pradesh,SC,AgCensus2015-16 T2-4,AgCensus2015-16 T2-4 Madhya Pradesh/SC/area/MarginalvsSemi-medium,False,in the <n> agriculture census of <s> between <g> and <g> which size class holds a larger portion of <m> among <g> or are the two roughly equal
agrifacts-00271,68a67b62a957,social_group,number,Andhra Pradesh,All Classes,AgCensus2015-16 T2-4,AgCensus2015-16 T2-4 Andhra Pradesh/All Classes/number/SCvsST,False,based on the <n> agriculture census for <s> do <g> <g> or the two groups in roughly equal measure operate a larger portion of <m>
agrifacts-00272,ef8dead38902,landholding,number,Tamil Nadu,All,AgCensus2015-16 T2-4,AgCensus2015-16 T2-4 Tamil Nadu/All/number/MarginalvsMedium,True,in <s> according to the <n> agriculture census among farmers which size class accounts for a larger share of <m> <g> <g> or are the two roughly equal
agrifacts-00273,353e4c8e6432,landholding,number,Assam,ST,AgCensus2015-16 T2-4,AgCensus2015-16 T2-4 Assam/ST/number/MarginalvsSmall,False,in <s> according to the <n> agriculture census among <g> which size class accounts for a larger share of <m> <g> <g> or are the two roughly equal
agrifacts-00274,78bf0b8ecc82,gender,number,All,femaleShare,AgCensus2015-16 T14-16,AgCensus2015-16 T14-16 All/femaleShare/number/LargevsMedium,True,at the <s> india level in the <n> agriculture census is the share of <m> <m> by <g> larger for <g> for <g> or roughly the same for both
agrifacts-00275,ef8dead38902,landholding,number,Odisha,All,AgCensus2015-16 T2-4,AgCensus2015-16 T2-4 Odisha/All/number/Semi-mediumvsMedium,False,in <s> according to the <n> agriculture census among farmers which size class accounts for a larger share of <m> <g> <g> or are the two roughly equal
agrifacts-00276,7a8d0f078ce6,gender,number,SC,femaleShare,AgCensus2015-16 T14-16,AgCensus2015-16 T14-16 SC/femaleShare/number/MarginalvsSmall,False,how do the proportions of <g> <m> <m> among <g> in the <n> agriculture census at the <s> india level compare between <g> and <g> is it larger for marginal larger for sm <s> or roug
agrifacts-00277,a78def40fe66,social_group,area,Rajasthan,All Classes,AgCensus2015-16 T2-4,AgCensus2015-16 T2-4 Rajasthan/All Classes/area/SCvsST,False,based on the <n> agriculture census in <s> is the share of <m> larger for <g> larger for <g> or are the two roughly equal
agrifacts-00278,b3f80e9bf61c,social_group,number,Rajasthan,All Classes,AgCensus2015-16 T2-4,AgCensus2015-16 T2-4 Rajasthan/All Classes/number/STvsOthers,False,in <s> according to the <n> agriculture census which social group operates a larger share of <m> <g> <g> or are the two roughly equal
agrifacts-00279,ef8dead38902,landholding,number,Tamil Nadu,All,AgCensus2015-16 T2-4,AgCensus2015-16 T2-4 Tamil Nadu/All/number/SmallvsMedium,False,in <s> according to the <n> agriculture census among farmers which size class accounts for a larger share of <m> <g> <g> or are the two roughly equal
agrifacts-00280,30fd26ba6331,social_group,area,Tamil Nadu,Semi-medium,AgCensus2015-16 T2-4,AgCensus2015-16 T2-4 Tamil Nadu/Semi-medium/area/SCvsST,True,based on the <n> agriculture census in <s> do <g> or <g> operate a larger portion of <g> or are the two roughly equal
agrifacts-00281,b3f80e9bf61c,social_group,area,Jharkhand,All Classes,AgCensus2015-16 T2-4,AgCensus2015-16 T2-4 Jharkhand/All Classes/area/SCvsOthers,True,in <s> according to the <n> agriculture census which social group operates a larger share of <m> <g> <g> or are the two roughly equal
agrifacts-00282,504bd7d9809c,social_group,number,Uttarakhand,Semi-medium,AgCensus2015-16 T2-4,AgCensus2015-16 T2-4 Uttarakhand/Semi-medium/number/SCvsST,True,in the <n> agriculture census of <s> between <g> and <g> which social group is responsible for a bigger portion of <g> or are they roughly equal
agrifacts-00283,450f5d57a319,landholding,number,Uttarakhand,ST,AgCensus2015-16 T2-4,AgCensus2015-16 T2-4 Uttarakhand/ST/number/SmallvsMedium,False,among <g> in <s> as per the <n> agriculture census does the larger portion of <m> come from <g> <g> or are they roughly equal
agrifacts-00284,21e8993060a8,landholding,area,Puducherry,All,AgCensus2015-16 T2-4,AgCensus2015-16 T2-4 Puducherry/All/area/Semi-mediumvsMedium,False,based on the <n> agriculture census in <s> when comparing farmers does the <g> the <g> or are the two roughly equal account for a greater portion of the <m>
agrifacts-00285,06cd21c21023,social_group,number,Himachal Pradesh,Semi-medium,AgCensus2015-16 T2-4,AgCensus2015-16 T2-4 Himachal Pradesh/Semi-medium/number/SCvsST,True,based on the <n> agriculture census in <s> is the proportion of <g> <m> by <g> and <g> roughly equal or does one social group have a larger share
agrifacts-00286,0d519282b5bf,social_group,number,Gujarat,Large,AgCensus2015-16 T2-4,AgCensus2015-16 T2-4 Gujarat/Large/number/SCvsOthers,False,in <s> according to the <n> agriculture census which social group operates a larger share of <g> <g> <g> or are the two roughly equal
agrifacts-00287,353e4c8e6432,landholding,number,Telangana,ST,AgCensus2015-16 T2-4,AgCensus2015-16 T2-4 Telangana/ST/number/MarginalvsMedium,True,in <s> according to the <n> agriculture census among <g> which size class accounts for a larger share of <m> <g> <g> or are the two roughly equal
agrifacts-00288,0c45f2a41d0e,landholding,area,Delhi,All,AgCensus2015-16 T2-4,AgCensus2015-16 T2-4 Delhi/All/area/Semi-mediumvsMedium,True,based on the <n> agriculture census in <s> when it comes to farmers is the share of <m> larger for <g> larger for <g> or are the two roughly equal
agrifacts-00289,353e4c8e6432,landholding,number,Tripura,ST,AgCensus2015-16 T2-4,AgCensus2015-16 T2-4 Tripura/ST/number/MarginalvsSemi-medium,False,in <s> according to the <n> agriculture census among <g> which size class accounts for a larger share of <m> <g> <g> or are the two roughly equal
agrifacts-00290,c4126c936297,landholding,number,Bihar,ST,AgCensus2015-16 T2-4,AgCensus2015-16 T2-4 Bihar/ST/number/SmallvsSemi-medium,False,in <s> based on the <n> agriculture census for <g> is the proportion of <m> greater for <g> greater for <g> or are they roughly equal
agrifacts-00291,353e4c8e6432,landholding,number,Andhra Pradesh,ST,AgCensus2015-16 T2-4,AgCensus2015-16 T2-4 Andhra Pradesh/ST/number/MarginalvsLarge,False,in <s> according to the <n> agriculture census among <g> which size class accounts for a larger share of <m> <g> <g> or are the two roughly equal
agrifacts-00292,44f50281aca5,landholding,area,Jharkhand,SC,AgCensus2015-16 T2-4,AgCensus2015-16 T2-4 Jharkhand/SC/area/SmallvsSemi-medium,False,in <s> based on the <n> agriculture census for <g> does a <g> or a <g> represent a greater portion of the <m> or are the two roughly equal
agrifacts-00293,353e4c8e6432,landholding,number,Sikkim,ST,AgCensus2015-16 T2-4,AgCensus2015-16 T2-4 Sikkim/ST/number/MarginalvsSemi-medium,False,in <s> according to the <n> agriculture census among <g> which size class accounts for a larger share of <m> <g> <g> or are the two roughly equal
agrifacts-00294,6c6f47333752,landholding,area,Jharkhand,All,AgCensus2015-16 T2-4,AgCensus2015-16 T2-4 Jharkhand/All/area/MarginalvsMedium,False,according to the <n> agriculture census in <s> when it comes to farmers does <g> or <g> represent a bigger portion of <m> or are the two roughly equal
agrifacts-00295,a5212f33e74a,landholding,area,Chhattisgarh,All,AgCensus2015-16 T2-4,AgCensus2015-16 T2-4 Chhattisgarh/All/area/SmallvsMedium,True,among farmers in <s> as per the <n> agriculture census does a <g> a <g> or are the two roughly equal account for a larger share of <m>
agrifacts-00296,4fac9dc009e8,gender,number,ST,femaleShare,AgCensus2015-16 T14-16,AgCensus2015-16 T14-16 ST/femaleShare/number/LargevsMedium,True,in the <n> agriculture census across india for <g> is the proportion of <g> <m> <m> greater for <g> greater for <g> or roughly equal for both
agrifacts-00297,0d519282b5bf,social_group,area,Himachal Pradesh,Semi-medium,AgCensus2015-16 T2-4,AgCensus2015-16 T2-4 Himachal Pradesh/Semi-medium/area/SCvsST,False,in <s> according to the <n> agriculture census which social group operates a larger share of <g> <g> <g> or are the two roughly equal
agrifacts-00298,25015ac73267,landholding,area,Gujarat,All,AgCensus2015-16 T2-4,AgCensus2015-16 T2-4 Gujarat/All/area/Semi-mediumvsMedium,False,based on the <n> agriculture census in <s> when considering farmers does the <g> or the <g> have a larger portion of the <m> or are the two roughly equal
agrifacts-00299,0d519282b5bf,social_group,number,Madhya Pradesh,Large,AgCensus2015-16 T2-4,AgCensus2015-16 T2-4 Madhya Pradesh/Large/number/STvsOthers,True,in <s> according to the <n> agriculture census which social group operates a larger share of <g> <g> <g> or are the two roughly equal
agrifacts-00300,0d519282b5bf,social_group,number,Karnataka,Large,AgCensus2015-16 T2-4,AgCensus2015-16 T2-4 Karnataka/Large/number/SCvsOthers,True,in <s> according to the <n> agriculture census which social group operates a larger share of <g> <g> <g> or are the two roughly equal
agrifacts-00301,ef8dead38902,landholding,number,Himachal Pradesh,All,AgCensus2015-16 T2-4,AgCensus2015-16 T2-4 Himachal Pradesh/All/number/SmallvsMedium,True,in <s> according to the <n> agriculture census among farmers which size class accounts for a larger share of <m> <g> <g> or are the two roughly equal
agrifacts-00302,0d519282b5bf,social_group,number,Madhya Pradesh,Marginal,AgCensus2015-16 T2-4,AgCensus2015-16 T2-4 Madhya Pradesh/Marginal/number/STvsOthers,False,in <s> according to the <n> agriculture census which social group operates a larger share of <g> <g> <g> or are the two roughly equal
agrifacts-00303,9f58f3b9c4ac,social_group,area,Andhra Pradesh,Large,AgCensus2015-16 T2-4,AgCensus2015-16 T2-4 Andhra Pradesh/Large/area/SCvsST,False,in the <n> agriculture census of <s> do <g> or <g> operate a greater portion of <g> or are the two roughly equal
agrifacts-00304,d2f4c88bea28,landholding,area,Jharkhand,SC,AgCensus2015-16 T2-4,AgCensus2015-16 T2-4 Jharkhand/SC/area/SmallvsSemi-medium,False,in <s> based on the <n> agriculture census for <g> does the <g> or the <g> account for a larger share of <m> or are the two roughly equal
agrifacts-00305,70c4ab87d1b0,social_group,area,Himachal Pradesh,Semi-medium,AgCensus2015-16 T2-4,AgCensus2015-16 T2-4 Himachal Pradesh/Semi-medium/area/SCvsST,False,based on the <n> agriculture census between <g> and <g> in <s> which group holds a greater portion of the <g> or are they roughly equal
agrifacts-00306,fe87c0bea9df,landholding,area,Gujarat,All,AgCensus2015-16 T2-4,AgCensus2015-16 T2-4 Gujarat/All/area/MarginalvsLarge,False,in <s> based on the <n> agriculture census between <g> and <g> among farmers which size class holds a greater portion of <m> or are they roughly equal
agrifacts-00307,0d519282b5bf,social_group,number,Chhattisgarh,Semi-medium,AgCensus2015-16 T2-4,AgCensus2015-16 T2-4 Chhattisgarh/Semi-medium/number/STvsOthers,False,in <s> according to the <n> agriculture census which social group operates a larger share of <g> <g> <g> or are the two roughly equal
agrifacts-00308,ef8dead38902,landholding,area,Telangana,All,AgCensus2015-16 T2-4,AgCensus2015-16 T2-4 Telangana/All/area/MarginalvsSemi-medium,False,in <s> according to the <n> agriculture census among farmers which size class accounts for a larger share of <m> <g> <g> or are the two roughly equal
agrifacts-00309,ac67db855427,landholding,number,Goa,ST,AgCensus2015-16 T2-4,AgCensus2015-16 T2-4 Goa/ST/number/SmallvsSemi-medium,False,based on the <n> agriculture census in <s> when looking at <g> does the larger portion of <m> belong to <g> to <g> or are the two roughly equal
agrifacts-00310,ace5a9c054dc,social_group,number,Uttarakhand,Small,AgCensus2015-16 T2-4,AgCensus2015-16 T2-4 Uttarakhand/Small/number/SCvsST,True,according to the <n> agriculture census in <s> are <g> and <g> roughly equal in operating a larger share of <g> or does one of these social groups have a larger share
agrifacts-00311,353e4c8e6432,landholding,number,Telangana,SC,AgCensus2015-16 T2-4,AgCensus2015-16 T2-4 Telangana/SC/number/MarginalvsSemi-medium,True,in <s> according to the <n> agriculture census among <g> which size class accounts for a larger share of <m> <g> <g> or are the two roughly equal
agrifacts-00312,ff93e1d56df6,social_group,area,Telangana,All Classes,AgCensus2015-16 T2-4,AgCensus2015-16 T2-4 Telangana/All Classes/area/SCvsST,False,based on the <n> agriculture census in <s> between <g> <g> or a roughly equal share which social group holds the greater portion of <m>
agrifacts-00313,353e4c8e6432,landholding,area,Gujarat,SC,AgCensus2015-16 T2-4,AgCensus2015-16 T2-4 Gujarat/SC/area/SmallvsMedium,False,in <s> according to the <n> agriculture census among <g> which size class accounts for a larger share of <m> <g> <g> or are the two roughly equal
agrifacts-00314,72aadfbdb8d5,gender,number,SC,Small,AgCensus2015-16 T14-16,AgCensus2015-16 T14-16 SC/Small/number/MvF,True,at the <s> india level in the <n> agriculture census among <g> among <g> which group operates a larger share <g> <g> or are the two roughly equal
agrifacts-00315,ef8dead38902,landholding,number,Delhi,All,AgCensus2015-16 T2-4,AgCensus2015-16 T2-4 Delhi/All/number/MarginalvsSemi-medium,False,in <s> according to the <n> agriculture census among farmers which size class accounts for a larger share of <m> <g> <g> or are the two roughly equal
agrifacts-00316,0deceeadc138,gender,area,SC,femaleShare,AgCensus2015-16 T14-16,AgCensus2015-16 T14-16 SC/femaleShare/area/MarginalvsSmall,False,in the <n> agriculture census across <s> of india for <g> does the proportion of <m> managed by <g> tend to be greater in the <g> category greater in the <g> category or roughly th
agrifacts-00317,b3576dc8e58c,social_group,area,Maharashtra,Medium,AgCensus2015-16 T2-4,AgCensus2015-16 T2-4 Maharashtra/Medium/area/SCvsST,False,according to the <n> agriculture census in <s> do <g> or <g> operate a larger portion of <g> or are they roughly equal
agrifacts-00318,0d519282b5bf,social_group,area,Karnataka,Small,AgCensus2015-16 T2-4,AgCensus2015-16 T2-4 Karnataka/Small/area/SCvsOthers,False,in <s> according to the <n> agriculture census which social group operates a larger share of <g> <g> <g> or are the two roughly equal
agrifacts-00319,0d519282b5bf,social_group,area,Arunachal Pradesh,Small,AgCensus2015-16 T2-4,AgCensus2015-16 T2-4 Arunachal Pradesh/Small/area/SCvsST,True,in <s> according to the <n> agriculture census which social group operates a larger share of <g> <g> <g> or are the two roughly equal
agrifacts-00320,b3f80e9bf61c,social_group,number,Manipur,All Classes,AgCensus2015-16 T2-4,AgCensus2015-16 T2-4 Manipur/All Classes/number/SCvsST,False,in <s> according to the <n> agriculture census which social group operates a larger share of <m> <g> <g> or are the two roughly equal
agrifacts-00321,ef8dead38902,landholding,number,Karnataka,All,AgCensus2015-16 T2-4,AgCensus2015-16 T2-4 Karnataka/All/number/SmallvsLarge,False,in <s> according to the <n> agriculture census among farmers which size class accounts for a larger share of <m> <g> <g> or are the two roughly equal
agrifacts-00322,3f00e09652fe,social_group,number,Andhra Pradesh,Medium,AgCensus2015-16 T2-4,AgCensus2015-16 T2-4 Andhra Pradesh/Medium/number/SCvsST,False,based on the <n> agriculture census in <s> is the share of <g> <m> by <g> larger than that <m> by <g> is the share of <g> larger or are the two roughly equal
agrifacts-00323,d2a5abe14520,social_group,number,Rajasthan,Small,AgCensus2015-16 T2-4,AgCensus2015-16 T2-4 Rajasthan/Small/number/SCvsST,False,in <s> based on the <n> agriculture census do <g> <g> or are the two roughly equal operate a larger proportion of <g>
agrifacts-00324,13bac8b28ee1,social_group,number,Karnataka,Large,AgCensus2015-16 T2-4,AgCensus2015-16 T2-4 Karnataka/Large/number/SCvsST,True,according to the <n> agriculture census in <s> are <g> <g> or are the two roughly equal the social group that operates a larger share of <g>
agrifacts-00325,353e4c8e6432,landholding,number,Jharkhand,ST,AgCensus2015-16 T2-4,AgCensus2015-16 T2-4 Jharkhand/ST/number/MarginalvsLarge,False,in <s> according to the <n> agriculture census among <g> which size class accounts for a larger share of <m> <g> <g> or are the two roughly equal
agrifacts-00326,ef8dead38902,landholding,area,Karnataka,All,AgCensus2015-16 T2-4,AgCensus2015-16 T2-4 Karnataka/All/area/SmallvsSemi-medium,False,in <s> according to the <n> agriculture census among farmers which size class accounts for a larger share of <m> <g> <g> or are the two roughly equal
agrifacts-00327,0d519282b5bf,social_group,number,Jammu & Kashmir,Marginal,AgCensus2015-16 T2-4,AgCensus2015-16 T2-4 Jammu & Kashmir/Marginal/number/STvsOthers,True,in <s> according to the <n> agriculture census which social group operates a larger share of <g> <g> <g> or are the two roughly equal
agrifacts-00328,0d519282b5bf,social_group,number,Chhattisgarh,Small,AgCensus2015-16 T2-4,AgCensus2015-16 T2-4 Chhattisgarh/Small/number/SCvsOthers,True,in <s> according to the <n> agriculture census which social group operates a larger share of <g> <g> <g> or are the two roughly equal
agrifacts-00329,0d519282b5bf,social_group,number,West Bengal,Small,AgCensus2015-16 T2-4,AgCensus2015-16 T2-4 West Bengal/Small/number/SCvsOthers,True,in <s> according to the <n> agriculture census which social group operates a larger share of <g> <g> <g> or are the two roughly equal
agrifacts-00330,3f2ffd0265a2,landholding,area,Bihar,ST,AgCensus2015-16 T2-4,AgCensus2015-16 T2-4 Bihar/ST/area/SmallvsSemi-medium,False,in the <n> agriculture census for <s> among <g> does the larger portion of <m> belong to the <g> the <g> or are the two roughly equal
agrifacts-00331,4f0f2d6b7728,gender,area,SC,Small,AgCensus2015-16 T14-16,AgCensus2015-16 T14-16 SC/Small/area/MvF,False,at the <s> india level in the <n> agriculture census among <g> among <g> who operates a larger share <g> <g> or are the two roughly equal
agrifacts-00332,78836198f873,social_group,number,Telangana,All Classes,AgCensus2015-16 T2-4,AgCensus2015-16 T2-4 Telangana/All Classes/number/SCvsST,False,which social group as per the <n> agriculture census operates a larger share of <m> in <s> <g> <g> or are the two roughly equal
agrifacts-00333,353e4c8e6432,landholding,number,Punjab,SC,AgCensus2015-16 T2-4,AgCensus2015-16 T2-4 Punjab/SC/number/Semi-mediumvsLarge,True,in <s> according to the <n> agriculture census among <g> which size class accounts for a larger share of <m> <g> <g> or are the two roughly equal
agrifacts-00334,ef8dead38902,landholding,number,Punjab,All,AgCensus2015-16 T2-4,AgCensus2015-16 T2-4 Punjab/All/number/SmallvsSemi-medium,True,in <s> according to the <n> agriculture census among farmers which size class accounts for a larger share of <m> <g> <g> or are the two roughly equal
agrifacts-00335,0b1553a7c076,gender,area,All,Large,AgCensus2015-16 T14-16,AgCensus2015-16 T14-16 All/Large/area/MvF,False,at the <s> india level in the <n> agriculture census among <g> which group operates a larger share <g> <g> or are the two roughly equal
agrifacts-00336,ef8dead38902,landholding,number,Jharkhand,All,AgCensus2015-16 T2-4,AgCensus2015-16 T2-4 Jharkhand/All/number/MarginalvsSemi-medium,False,in <s> according to the <n> agriculture census among farmers which size class accounts for a larger share of <m> <g> <g> or are the two roughly equal
agrifacts-00337,0d519282b5bf,social_group,number,Manipur,Marginal,AgCensus2015-16 T2-4,AgCensus2015-16 T2-4 Manipur/Marginal/number/STvsOthers,False,in <s> according to the <n> agriculture census which social group operates a larger share of <g> <g> <g> or are the two roughly equal
agrifacts-00338,0d519282b5bf,social_group,number,West Bengal,Marginal,AgCensus2015-16 T2-4,AgCensus2015-16 T2-4 West Bengal/Marginal/number/SCvsOthers,True,in <s> according to the <n> agriculture census which social group operates a larger share of <g> <g> <g> or are the two roughly equal
agrifacts-00339,67224218124c,social_group,area,Rajasthan,Semi-medium,AgCensus2015-16 T2-4,AgCensus2015-16 T2-4 Rajasthan/Semi-medium/area/SCvsST,True,based on the <n> agriculture census in <s> is the share of <g> larger for <g> larger for <g> or are the two roughly equal
agrifacts-00340,b55903c59ffc,social_group,area,Chhattisgarh,Semi-medium,AgCensus2015-16 T2-4,AgCensus2015-16 T2-4 Chhattisgarh/Semi-medium/area/STvsOthers,False,based on the <n> agriculture census in <s> is the share of <g> greater for <g> greater for <g> or roughly equal between the two
agrifacts-00341,bbe5b40a077c,gender,area,ST,femaleShare,AgCensus2015-16 T14-16,AgCensus2015-16 T14-16 ST/femaleShare/area/MarginalvsMedium,False,according to the <n> agriculture census at the <s> india level for <g> is the proportion of <m> managed by <g> greater in <g> greater in <g> or roughly equal in both
agrifacts-00342,efe550f44dd3,gender,number,SC,femaleShare,AgCensus2015-16 T14-16,AgCensus2015-16 T14-16 SC/femaleShare/number/LargevsMedium,True,in the <n> agriculture census across <s> india relative to <g> does the proportion of female <m> <m> differ for <g> versus <g> or is it roughly equal
agrifacts-00343,0d519282b5bf,social_group,number,Jammu & Kashmir,Semi-medium,AgCensus2015-16 T2-4,AgCensus2015-16 T2-4 Jammu & Kashmir/Semi-medium/number/SCvsOthers,False,in <s> according to the <n> agriculture census which social group operates a larger share of <g> <g> <g> or are the two roughly equal
agrifacts-00344,b3f80e9bf61c,social_group,area,Chhattisgarh,All Classes,AgCensus2015-16 T2-4,AgCensus2015-16 T2-4 Chhattisgarh/All Classes/area/SCvsOthers,True,in <s> according to the <n> agriculture census which social group operates a larger share of <m> <g> <g> or are the two roughly equal
agrifacts-00345,71ebaf9ba26f,social_group,number,Telangana,Marginal,AgCensus2015-16 T2-4,AgCensus2015-16 T2-4 Telangana/Marginal/number/SCvsST,True,according to the <n> agriculture census is the share of <g> <m> by <g> and <g> in <s> roughly equal or does one of these social groups operate a larger share
agrifacts-00346,ef8dead38902,landholding,number,Karnataka,All,AgCensus2015-16 T2-4,AgCensus2015-16 T2-4 Karnataka/All/number/MediumvsLarge,True,in <s> according to the <n> agriculture census among farmers which size class accounts for a larger share of <m> <g> <g> or are the two roughly equal
agrifacts-00347,353e4c8e6432,landholding,number,Jharkhand,ST,AgCensus2015-16 T2-4,AgCensus2015-16 T2-4 Jharkhand/ST/number/SmallvsMedium,False,in <s> according to the <n> agriculture census among <g> which size class accounts for a larger share of <m> <g> <g> or are the two roughly equal
agrifacts-00348,b3f80e9bf61c,social_group,area,A&N Islands,All Classes,AgCensus2015-16 T2-4,AgCensus2015-16 T2-4 A&N Islands/All Classes/area/SCvsOthers,True,in <s> according to the <n> agriculture census which social group operates a larger share of <m> <g> <g> or are the two roughly equal
agrifacts-00349,879270c277ef,social_group,number,Andhra Pradesh,Medium,AgCensus2015-16 T2-4,AgCensus2015-16 T2-4 Andhra Pradesh/Medium/number/SCvsST,False,based on the <n> agriculture census in <s> between <g> <g> or a roughly equal share which social group runs a greater portion of <g>
agrifacts-00350,353e4c8e6432,landholding,area,Rajasthan,SC,AgCensus2015-16 T2-4,AgCensus2015-16 T2-4 Rajasthan/SC/area/MarginalvsSmall,False,in <s> according to the <n> agriculture census among <g> which size class accounts for a larger share of <m> <g> <g> or are the two roughly equal
agrifacts-00351,68117500bc02,landholding,area,D & N Haveli,All,AgCensus2015-16 T2-4,AgCensus2015-16 T2-4 D & N Haveli/All/area/SmallvsMedium,True,in <s> based on the <n> agriculture census which size class <g> or <g> claims a greater portion of <m> land or are they roughly equal
agrifacts-00352,3e42a727f173,landholding,area,Sikkim,All,AgCensus2015-16 T2-4,AgCensus2015-16 T2-4 Sikkim/All/area/MarginalvsSmall,False,based on the <n> agriculture census in <s> among farmers which size class <g> or <g> accounts for a larger share of <m> or are the two roughly equal
agrifacts-00353,11d13b628333,landholding,number,Jammu & Kashmir,SC,AgCensus2015-16 T2-4,AgCensus2015-16 T2-4 Jammu & Kashmir/SC/number/Semi-mediumvsMedium,True,according to the <n> agriculture census in <s> for <g> do <g> or <g> make up a larger portion of <m> or are the two roughly equal
agrifacts-00354,353e4c8e6432,landholding,number,Nagaland,ST,AgCensus2015-16 T2-4,AgCensus2015-16 T2-4 Nagaland/ST/number/MarginalvsSemi-medium,False,in <s> according to the <n> agriculture census among <g> which size class accounts for a larger share of <m> <g> <g> or are the two roughly equal
agrifacts-00355,0d519282b5bf,social_group,area,Chhattisgarh,Marginal,AgCensus2015-16 T2-4,AgCensus2015-16 T2-4 Chhattisgarh/Marginal/area/STvsOthers,True,in <s> according to the <n> agriculture census which social group operates a larger share of <g> <g> <g> or are the two roughly equal
agrifacts-00356,353e4c8e6432,landholding,number,Uttarakhand,SC,AgCensus2015-16 T2-4,AgCensus2015-16 T2-4 Uttarakhand/SC/number/MarginalvsMedium,True,in <s> according to the <n> agriculture census among <g> which size class accounts for a larger share of <m> <g> <g> or are the two roughly equal
agrifacts-00357,e21d78add7c6,social_group,area,Telangana,All Classes,AgCensus2015-16 T2-4,AgCensus2015-16 T2-4 Telangana/All Classes/area/SCvsST,False,in <s> based on the <n> agriculture census between <g> <g> and the two being roughly equal which social group holds a greater proportion of <m>
agrifacts-00358,0d519282b5bf,social_group,number,Jharkhand,Semi-medium,AgCensus2015-16 T2-4,AgCensus2015-16 T2-4 Jharkhand/Semi-medium/number/SCvsOthers,False,in <s> according to the <n> agriculture census which social group operates a larger share of <g> <g> <g> or are the two roughly equal
agrifacts-00359,b3f80e9bf61c,social_group,area,Bihar,All Classes,AgCensus2015-16 T2-4,AgCensus2015-16 T2-4 Bihar/All Classes/area/STvsOthers,True,in <s> according to the <n> agriculture census which social group operates a larger share of <m> <g> <g> or are the two roughly equal
agrifacts-00360,5f9f11e208ed,social_group,area,Maharashtra,Semi-medium,AgCensus2015-16 T2-4,AgCensus2015-16 T2-4 Maharashtra/Semi-medium/area/SCvsST,False,based on the <n> agriculture census in <s> is the <g> larger for <g> for <g> or are the two roughly equal
agrifacts-00361,554651f697ed,social_group,area,Rajasthan,Semi-medium,AgCensus2015-16 T2-4,AgCensus2015-16 T2-4 Rajasthan/Semi-medium/area/SCvsST,True,based on the <n> agriculture census in <s> is the proportion of <g> larger for <g> larger for <g> or are the two roughly equal
agrifacts-00362,ff1e30afc19d,landholding,area,Tamil Nadu,SC,AgCensus2015-16 T2-4,AgCensus2015-16 T2-4 Tamil Nadu/SC/area/MediumvsLarge,False,which size class <g> or <g> holds a greater portion of <m> among <g> in <s> according to the <n> agriculture census or are the two roughly equal
agrifacts-00363,0d519282b5bf,social_group,number,Assam,Marginal,AgCensus2015-16 T2-4,AgCensus2015-16 T2-4 Assam/Marginal/number/STvsOthers,False,in <s> according to the <n> agriculture census which social group operates a larger share of <g> <g> <g> or are the two roughly equal
agrifacts-00364,16c680a381e3,gender,area,All,Large,AgCensus2015-16 T14-16,AgCensus2015-16 T14-16 All/Large/area/MvF,False,in the <n> agriculture census across <s> india among the <g> do <g> or <g> operate a larger share or are the two roughly equal
agrifacts-00365,ef8dead38902,landholding,number,Telangana,All,AgCensus2015-16 T2-4,AgCensus2015-16 T2-4 Telangana/All/number/SmallvsLarge,True,in <s> according to the <n> agriculture census among farmers which size class accounts for a larger share of <m> <g> <g> or are the two roughly equal
agrifacts-00366,353e4c8e6432,landholding,number,Arunachal Pradesh,ST,AgCensus2015-16 T2-4,AgCensus2015-16 T2-4 Arunachal Pradesh/ST/number/MarginalvsLarge,True,in <s> according to the <n> agriculture census among <g> which size class accounts for a larger share of <m> <g> <g> or are the two roughly equal
agrifacts-00367,353e4c8e6432,landholding,area,Arunachal Pradesh,ST,AgCensus2015-16 T2-4,AgCensus2015-16 T2-4 Arunachal Pradesh/ST/area/MarginalvsSmall,True,in <s> according to the <n> agriculture census among <g> which size class accounts for a larger share of <m> <g> <g> or are the two roughly equal
agrifacts-00368,ef8dead38902,landholding,area,Assam,All,AgCensus2015-16 T2-4,AgCensus2015-16 T2-4 Assam/All/area/MarginalvsSmall,False,in <s> according to the <n> agriculture census among farmers which size class accounts for a larger share of <m> <g> <g> or are the two roughly equal
agrifacts-00369,ef8dead38902,landholding,number,Gujarat,All,AgCensus2015-16 T2-4,AgCensus2015-16 T2-4 Gujarat/All/number/Semi-mediumvsMedium,False,in <s> according to the <n> agriculture census among farmers which size class accounts for a larger share of <m> <g> <g> or are the two roughly equal
agrifacts-00370,b3f872dbdfe4,landholding,area,Mizoram,All,AgCensus2015-16 T2-4,AgCensus2015-16 T2-4 Mizoram/All/area/SmallvsSemi-medium,False,based on the <n> agriculture census in <s> do <g> <g> or are the two roughly equal account for a larger share of <m> among farmers
agrifacts-00371,353e4c8e6432,landholding,number,Chhattisgarh,SC,AgCensus2015-16 T2-4,AgCensus2015-16 T2-4 Chhattisgarh/SC/number/MarginalvsSemi-medium,True,in <s> according to the <n> agriculture census among <g> which size class accounts for a larger share of <m> <g> <g> or are the two roughly equal
agrifacts-00372,b3f80e9bf61c,social_group,area,Assam,All Classes,AgCensus2015-16 T2-4,AgCensus2015-16 T2-4 Assam/All Classes/area/SCvsOthers,True,in <s> according to the <n> agriculture census which social group operates a larger share of <m> <g> <g> or are the two roughly equal
agrifacts-00373,dc8505a20bf2,landholding,number,Arunachal Pradesh,All,AgCensus2015-16 T2-4,AgCensus2015-16 T2-4 Arunachal Pradesh/All/number/Semi-mediumvsMedium,False,according to the <n> <n> agriculture census in <s> do <g> account for a greater share of farmer <m> do <g> or are the two roughly equal
agrifacts-00374,55389121b9cb,social_group,number,Himachal Pradesh,Semi-medium,AgCensus2015-16 T2-4,AgCensus2015-16 T2-4 Himachal Pradesh/Semi-medium/number/SCvsST,True,based on the <n> agriculture census in <s> do <g> or <g> operate a larger proportion of <g> or are the two roughly equal
agrifacts-00375,0d519282b5bf,social_group,area,Assam,Semi-medium,AgCensus2015-16 T2-4,AgCensus2015-16 T2-4 Assam/Semi-medium/area/SCvsOthers,True,in <s> according to the <n> agriculture census which social group operates a larger share of <g> <g> <g> or are the two roughly equal
agrifacts-00376,1f6dc96fb80c,landholding,number,Puducherry,All,AgCensus2015-16 T2-4,AgCensus2015-16 T2-4 Puducherry/All/number/SmallvsSemi-medium,True,which size class of farmers in <s> based on the <n> agriculture census has a bigger proportion of <m> <g> <g> or are the two roughly equal
agrifacts-00377,ef8dead38902,landholding,number,Kerala,All,AgCensus2015-16 T2-4,AgCensus2015-16 T2-4 Kerala/All/number/MarginalvsSmall,False,in <s> according to the <n> agriculture census among farmers which size class accounts for a larger share of <m> <g> <g> or are the two roughly equal
agrifacts-00378,0d519282b5bf,social_group,area,Karnataka,Semi-medium,AgCensus2015-16 T2-4,AgCensus2015-16 T2-4 Karnataka/Semi-medium/area/STvsOthers,False,in <s> according to the <n> agriculture census which social group operates a larger share of <g> <g> <g> or are the two roughly equal
agrifacts-00379,0d519282b5bf,social_group,area,Chhattisgarh,Medium,AgCensus2015-16 T2-4,AgCensus2015-16 T2-4 Chhattisgarh/Medium/area/SCvsST,False,in <s> according to the <n> agriculture census which social group operates a larger share of <g> <g> <g> or are the two roughly equal
agrifacts-00380,0d519282b5bf,social_group,area,Chhattisgarh,Small,AgCensus2015-16 T2-4,AgCensus2015-16 T2-4 Chhattisgarh/Small/area/SCvsOthers,True,in <s> according to the <n> agriculture census which social group operates a larger share of <g> <g> <g> or are the two roughly equal
agrifacts-00381,244459475e58,social_group,number,Maharashtra,Medium,AgCensus2015-16 T2-4,AgCensus2015-16 T2-4 Maharashtra/Medium/number/SCvsST,False,in the <n> agriculture census of <s> is the share of <g> larger for <g> <g> or are the two roughly equal
agrifacts-00382,ef8dead38902,landholding,area,Puducherry,All,AgCensus2015-16 T2-4,AgCensus2015-16 T2-4 Puducherry/All/area/Semi-mediumvsMedium,False,in <s> according to the <n> agriculture census among farmers which size class accounts for a larger share of <m> <g> <g> or are the two roughly equal
agrifacts-00383,0d519282b5bf,social_group,number,Tripura,Small,AgCensus2015-16 T2-4,AgCensus2015-16 T2-4 Tripura/Small/number/SCvsOthers,True,in <s> according to the <n> agriculture census which social group operates a larger share of <g> <g> <g> or are the two roughly equal
agrifacts-00384,353e4c8e6432,landholding,number,Arunachal Pradesh,ST,AgCensus2015-16 T2-4,AgCensus2015-16 T2-4 Arunachal Pradesh/ST/number/MarginalvsSmall,False,in <s> according to the <n> agriculture census among <g> which size class accounts for a larger share of <m> <g> <g> or are the two roughly equal
agrifacts-00385,ed559250dbff,social_group,area,Andhra Pradesh,Small,AgCensus2015-16 T2-4,AgCensus2015-16 T2-4 Andhra Pradesh/Small/area/SCvsST,True,according to the <n> agriculture census in <s> is the proportion of <g> larger for <g> for <g> or are the two roughly equal
agrifacts-00386,cf6bae2824a9,gender,area,SC,Small,AgCensus2015-16 T14-16,AgCensus2015-16 T14-16 SC/Small/area/MvF,False,in the <n> agriculture census at the <s> india level for <g> with <g> which group holds a larger share <g> <g> or are they roughly equal
agrifacts-00387,63674538bfb5,gender,area,All,Small,AgCensus2015-16 T14-16,AgCensus2015-16 T14-16 All/Small/area/MvF,True,in the <n> agriculture census across <s> india for <g> which group holds a greater portion <g> <g> or are they roughly equal
agrifacts-00388,500295c0946f,social_group,number,Andhra Pradesh,Semi-medium,AgCensus2015-16 T2-4,AgCensus2015-16 T2-4 Andhra Pradesh/Semi-medium/number/SCvsST,True,based on the <n> agriculture census in <s> do <g> and <g> have roughly equal shares of <g> or does one of these social groups operate a larger portion
agrifacts-00389,2d507bc8b286,gender,number,SC,Large,AgCensus2015-16 T14-16,AgCensus2015-16 T14-16 SC/Large/number/MvF,True,in the <n> agriculture census across <s> india for <g> with <g> which group holds a greater portion <g> <g> or are they roughly equal
agrifacts-00390,353e4c8e6432,landholding,number,Madhya Pradesh,ST,AgCensus2015-16 T2-4,AgCensus2015-16 T2-4 Madhya Pradesh/ST/number/Semi-mediumvsMedium,False,in <s> according to the <n> agriculture census among <g> which size class accounts for a larger share of <m> <g> <g> or are the two roughly equal
agrifacts-00391,353e4c8e6432,landholding,area,Andhra Pradesh,ST,AgCensus2015-16 T2-4,AgCensus2015-16 T2-4 Andhra Pradesh/ST/area/MarginalvsSemi-medium,False,in <s> according to the <n> agriculture census among <g> which size class accounts for a larger share of <m> <g> <g> or are the two roughly equal
agrifacts-00392,0d519282b5bf,social_group,number,Haryana,Small,AgCensus2015-16 T2-4,AgCensus2015-16 T2-4 Haryana/Small/number/STvsOthers,False,in <s> according to the <n> agriculture census which social group operates a larger share of <g> <g> <g> or are the two roughly equal
agrifacts-00393,dcecdf1e502a,social_group,area,Telangana,Marginal,AgCensus2015-16 T2-4,AgCensus2015-16 T2-4 Telangana/Marginal/area/SCvsST,False,based on the <n> agriculture census in <s> do <g> and <g> have a roughly equal share of <g> or does one of these social groups operate a larger portion
agrifacts-00394,1e7400d05d46,social_group,area,Uttarakhand,All Classes,AgCensus2015-16 T2-4,AgCensus2015-16 T2-4 Uttarakhand/All Classes/area/SCvsST,False,according to the <n> agriculture census in <s> is the share of <m> larger for <g> larger for <g> or roughly equal between the two
agrifacts-00395,0d519282b5bf,social_group,number,Haryana,Semi-medium,AgCensus2015-16 T2-4,AgCensus2015-16 T2-4 Haryana/Semi-medium/number/STvsOthers,True,in <s> according to the <n> agriculture census which social group operates a larger share of <g> <g> <g> or are the two roughly equal
agrifacts-00396,18064c5a94a2,landholding,area,D & N Haveli,All,AgCensus2015-16 T2-4,AgCensus2015-16 T2-4 D & N Haveli/All/area/Semi-mediumvsMedium,False,in the <s> <n> agriculture census of the farmers does <g> or <g> claim a greater portion of <m> or are they roughly equal
agrifacts-00397,0d519282b5bf,social_group,number,Telangana,Marginal,AgCensus2015-16 T2-4,AgCensus2015-16 T2-4 Telangana/Marginal/number/SCvsOthers,True,in <s> according to the <n> agriculture census which social group operates a larger share of <g> <g> <g> or are the two roughly equal
agrifacts-00398,0d519282b5bf,social_group,area,Andhra Pradesh,Semi-medium,AgCensus2015-16 T2-4,AgCensus2015-16 T2-4 Andhra Pradesh/Semi-medium/area/SCvsST,False,in <s> according to the <n> agriculture census which social group operates a larger share of <g> <g> <g> or are the two roughly equal
agrifacts-00399,0d519282b5bf,social_group,number,Rajasthan,Medium,AgCensus2015-16 T2-4,AgCensus2015-16 T2-4 Rajasthan/Medium/number/SCvsOthers,False,in <s> according to the <n> agriculture census which social group operates a larger share of <g> <g> <g> or are the two roughly equal
agrifacts-00400,dd3032770a3c,social_group,area,Rajasthan,Semi-medium,AgCensus2015-16 T2-4,AgCensus2015-16 T2-4 Rajasthan/Semi-medium/area/SCvsST,True,based on the <n> agriculture census in <s> which social group controls a greater portion of the <g> <g> <g> or are they roughly equal
agrifacts-00401,4f0f2d6b7728,gender,number,ST,Small,AgCensus2015-16 T14-16,AgCensus2015-16 T14-16 ST/Small/number/MvF,True,at the <s> india level in the <n> agriculture census among <g> among <g> who operates a larger share <g> <g> or are the two roughly equal
agrifacts-00402,353e4c8e6432,landholding,number,Uttarakhand,ST,AgCensus2015-16 T2-4,AgCensus2015-16 T2-4 Uttarakhand/ST/number/MarginalvsSmall,False,in <s> according to the <n> agriculture census among <g> which size class accounts for a larger share of <m> <g> <g> or are the two roughly equal
agrifacts-00403,0d519282b5bf,social_group,area,Karnataka,Marginal,AgCensus2015-16 T2-4,AgCensus2015-16 T2-4 Karnataka/Marginal/area/STvsOthers,False,in <s> according to the <n> agriculture census which social group operates a larger share of <g> <g> <g> or are the two roughly equal
agrifacts-00404,b2ea8e540e6b,social_group,number,Andhra Pradesh,Small,AgCensus2015-16 T2-4,AgCensus2015-16 T2-4 Andhra Pradesh/Small/number/SCvsST,True,based on the <n> agriculture census in <s> do <g> <g> or are the two roughly equal in having a larger share of <g> <m>
agrifacts-00405,0d519282b5bf,social_group,number,Bihar,Medium,AgCensus2015-16 T2-4,AgCensus2015-16 T2-4 Bihar/Medium/number/SCvsOthers,False,in <s> according to the <n> agriculture census which social group operates a larger share of <g> <g> <g> or are the two roughly equal
agrifacts-00406,353e4c8e6432,landholding,number,Madhya Pradesh,ST,AgCensus2015-16 T2-4,AgCensus2015-16 T2-4 Madhya Pradesh/ST/number/MarginalvsSemi-medium,False,in <s> according to the <n> agriculture census among <g> which size class accounts for a larger share of <m> <g> <g> or are the two roughly equal
agrifacts-00407,0d519282b5bf,social_group,number,Chhattisgarh,Small,AgCensus2015-16 T2-4,AgCensus2015-16 T2-4 Chhattisgarh/Small/number/STvsOthers,False,in <s> according to the <n> agriculture census which social group operates a larger share of <g> <g> <g> or are the two roughly equal
agrifacts-00408,ef8dead38902,landholding,area,Punjab,All,AgCensus2015-16 T2-4,AgCensus2015-16 T2-4 Punjab/All/area/Semi-mediumvsLarge,False,in <s> according to the <n> agriculture census among farmers which size class accounts for a larger share of <m> <g> <g> or are the two roughly equal
agrifacts-00409,730dfbf779dd,landholding,number,Karnataka,All,AgCensus2015-16 T2-4,AgCensus2015-16 T2-4 Karnataka/All/number/MediumvsLarge,True,according to the <n> agriculture census in <s> of the farmers is the proportion of <m> greater for <g> for <g> or are the two roughly equal
agrifacts-00410,353e4c8e6432,landholding,number,Chhattisgarh,SC,AgCensus2015-16 T2-4,AgCensus2015-16 T2-4 Chhattisgarh/SC/number/MarginalvsMedium,True,in <s> according to the <n> agriculture census among <g> which size class accounts for a larger share of <m> <g> <g> or are the two roughly equal
agrifacts-00411,ef8dead38902,landholding,number,Meghalaya,All,AgCensus2015-16 T2-4,AgCensus2015-16 T2-4 Meghalaya/All/number/MarginalvsMedium,False,in <s> according to the <n> agriculture census among farmers which size class accounts for a larger share of <m> <g> <g> or are the two roughly equal
agrifacts-00412,0d519282b5bf,social_group,area,Karnataka,Medium,AgCensus2015-16 T2-4,AgCensus2015-16 T2-4 Karnataka/Medium/area/SCvsOthers,True,in <s> according to the <n> agriculture census which social group operates a larger share of <g> <g> <g> or are the two roughly equal
agrifacts-00413,95a8b3b9cd78,social_group,number,Rajasthan,All Classes,AgCensus2015-16 T2-4,AgCensus2015-16 T2-4 Rajasthan/All Classes/number/SCvsST,False,based on the <n> agriculture census in <s> which social group <g> <g> or roughly equal manages a greater proportion of <m>
agrifacts-00414,ef8dead38902,landholding,number,West Bengal,All,AgCensus2015-16 T2-4,AgCensus2015-16 T2-4 West Bengal/All/number/MarginalvsLarge,False,in <s> according to the <n> agriculture census among farmers which size class accounts for a larger share of <m> <g> <g> or are the two roughly equal
agrifacts-00415,ef8dead38902,landholding,number,Himachal Pradesh,All,AgCensus2015-16 T2-4,AgCensus2015-16 T2-4 Himachal Pradesh/All/number/MarginalvsLarge,False,in <s> according to the <n> agriculture census among farmers which size class accounts for a larger share of <m> <g> <g> or are the two roughly equal
agrifacts-00416,353e4c8e6432,landholding,number,Tamil Nadu,SC,AgCensus2015-16 T2-4,AgCensus2015-16 T2-4 Tamil Nadu/SC/number/SmallvsLarge,False,in <s> according to the <n> agriculture census among <g> which size class accounts for a larger share of <m> <g> <g> or are the two roughly equal
agrifacts-00417,ef8dead38902,landholding,area,Madhya Pradesh,All,AgCensus2015-16 T2-4,AgCensus2015-16 T2-4 Madhya Pradesh/All/area/SmallvsSemi-medium,False,in <s> according to the <n> agriculture census among farmers which size class accounts for a larger share of <m> <g> <g> or are the two roughly equal
agrifacts-00418,353e4c8e6432,landholding,number,Nagaland,ST,AgCensus2015-16 T2-4,AgCensus2015-16 T2-4 Nagaland/ST/number/SmallvsLarge,True,in <s> according to the <n> agriculture census among <g> which size class accounts for a larger share of <m> <g> <g> or are the two roughly equal
agrifacts-00419,0d519282b5bf,social_group,area,Assam,Small,AgCensus2015-16 T2-4,AgCensus2015-16 T2-4 Assam/Small/area/SCvsOthers,True,in <s> according to the <n> agriculture census which social group operates a larger share of <g> <g> <g> or are the two roughly equal
agrifacts-00420,da3d5766c0e3,landholding,area,D & N Haveli,All,AgCensus2015-16 T2-4,AgCensus2015-16 T2-4 D & N Haveli/All/area/MarginalvsMedium,False,in the <n> agriculture census for <s> which size class <g> or <g> holds a greater portion of the <m> among farmers or are the two roughly equal
agrifacts-00421,ef8dead38902,landholding,area,Jharkhand,All,AgCensus2015-16 T2-4,AgCensus2015-16 T2-4 Jharkhand/All/area/SmallvsMedium,True,in <s> according to the <n> agriculture census among farmers which size class accounts for a larger share of <m> <g> <g> or are the two roughly equal
agrifacts-00422,d45f94524777,social_group,area,Karnataka,Medium,AgCensus2015-16 T2-4,AgCensus2015-16 T2-4 Karnataka/Medium/area/SCvsST,False,based on the <n> agriculture census in <s> which social group <g> <g> or are the two roughly equal has a greater portion of <g>
agrifacts-00423,0d519282b5bf,social_group,number,Haryana,Medium,AgCensus2015-16 T2-4,AgCensus2015-16 T2-4 Haryana/Medium/number/STvsOthers,True,in <s> according to the <n> agriculture census which social group operates a larger share of <g> <g> <g> or are the two roughly equal
agrifacts-00424,ef8dead38902,landholding,area,Andhra Pradesh,All,AgCensus2015-16 T2-4,AgCensus2015-16 T2-4 Andhra Pradesh/All/area/SmallvsSemi-medium,False,in <s> according to the <n> agriculture census among farmers which size class accounts for a larger share of <m> <g> <g> or are the two roughly equal
agrifacts-00425,0d519282b5bf,social_group,number,Telangana,Semi-medium,AgCensus2015-16 T2-4,AgCensus2015-16 T2-4 Telangana/Semi-medium/number/SCvsOthers,False,in <s> according to the <n> agriculture census which social group operates a larger share of <g> <g> <g> or are the two roughly equal
agrifacts-00426,ef8dead38902,landholding,number,Mizoram,All,AgCensus2015-16 T2-4,AgCensus2015-16 T2-4 Mizoram/All/number/SmallvsMedium,False,in <s> according to the <n> agriculture census among farmers which size class accounts for a larger share of <m> <g> <g> or are the two roughly equal
agrifacts-00427,353e4c8e6432,landholding,number,West Bengal,SC,AgCensus2015-16 T2-4,AgCensus2015-16 T2-4 West Bengal/SC/number/MarginalvsMedium,True,in <s> according to the <n> agriculture census among <g> which size class accounts for a larger share of <m> <g> <g> or are the two roughly equal
agrifacts-00428,839535b4ad17,landholding,number,Goa,All,AgCensus2015-16 T2-4,AgCensus2015-16 T2-4 Goa/All/number/Semi-mediumvsMedium,False,based on the <n> agriculture census in <s> of the <g> and <g> among farmers which size class holds a larger portion of the total <m> or are the two roughly equal
agrifacts-00429,0d519282b5bf,social_group,area,Andhra Pradesh,Semi-medium,AgCensus2015-16 T2-4,AgCensus2015-16 T2-4 Andhra Pradesh/Semi-medium/area/STvsOthers,False,in <s> according to the <n> agriculture census which social group operates a larger share of <g> <g> <g> or are the two roughly equal
agrifacts-00430,8345c2f3ae24,social_group,number,Maharashtra,Marginal,AgCensus2015-16 T2-4,AgCensus2015-16 T2-4 Maharashtra/Marginal/number/SCvsST,True,based on the <n> agriculture census data for <s> is the proportion of <g> <m> by <g> greater than less than or roughly equal to that of <g>
agrifacts-00431,353e4c8e6432,landholding,area,Assam,SC,AgCensus2015-16 T2-4,AgCensus2015-16 T2-4 Assam/SC/area/MarginalvsSmall,False,in <s> according to the <n> agriculture census among <g> which size class accounts for a larger share of <m> <g> <g> or are the two roughly equal
agrifacts-00432,5f6998e3d47d,landholding,number,Sikkim,ST,AgCensus2015-16 T2-4,AgCensus2015-16 T2-4 Sikkim/ST/number/SmallvsSemi-medium,False,based on the <n> agriculture census in <s> among <g> does the larger portion of <m> belong to <g> <g> or are they roughly equal
agrifacts-00433,b3f80e9bf61c,social_group,area,Telangana,All Classes,AgCensus2015-16 T2-4,AgCensus2015-16 T2-4 Telangana/All Classes/area/SCvsST,False,in <s> according to the <n> agriculture census which social group operates a larger share of <m> <g> <g> or are the two roughly equal
agrifacts-00434,353e4c8e6432,landholding,area,Uttarakhand,ST,AgCensus2015-16 T2-4,AgCensus2015-16 T2-4 Uttarakhand/ST/area/MarginalvsSmall,False,in <s> according to the <n> agriculture census among <g> which size class accounts for a larger share of <m> <g> <g> or are the two roughly equal
agrifacts-00435,353e4c8e6432,landholding,number,Andhra Pradesh,SC,AgCensus2015-16 T2-4,AgCensus2015-16 T2-4 Andhra Pradesh/SC/number/MarginalvsLarge,False,in <s> according to the <n> agriculture census among <g> which size class accounts for a larger share of <m> <g> <g> or are the two roughly equal
agrifacts-00436,353e4c8e6432,landholding,number,Rajasthan,ST,AgCensus2015-16 T2-4,AgCensus2015-16 T2-4 Rajasthan/ST/number/MarginalvsSmall,False,in <s> according to the <n> agriculture census among <g> which size class accounts for a larger share of <m> <g> <g> or are the two roughly equal
agrifacts-00437,353e4c8e6432,landholding,number,Rajasthan,SC,AgCensus2015-16 T2-4,AgCensus2015-16 T2-4 Rajasthan/SC/number/MarginalvsMedium,True,in <s> according to the <n> agriculture census among <g> which size class accounts for a larger share of <m> <g> <g> or are the two roughly equal
agrifacts-00438,47b8c2f98b3b,landholding,area,Jharkhand,SC,AgCensus2015-16 T2-4,AgCensus2015-16 T2-4 Jharkhand/SC/area/SmallvsMedium,False,in <s> based on the <n> agriculture census for <g> which size class <g> <g> or are they roughly equal makes up a bigger portion of the <m>
agrifacts-00439,b0116e160b1a,landholding,area,Kerala,All,AgCensus2015-16 T2-4,AgCensus2015-16 T2-4 Kerala/All/area/MediumvsLarge,False,in <s> based on the <n> agriculture census which size class <g> or <g> holds a greater proportion of <m> land among farmers or are the two roughly equal
agrifacts-00440,ef8dead38902,landholding,number,Assam,All,AgCensus2015-16 T2-4,AgCensus2015-16 T2-4 Assam/All/number/SmallvsMedium,False,in <s> according to the <n> agriculture census among farmers which size class accounts for a larger share of <m> <g> <g> or are the two roughly equal
agrifacts-00441,353e4c8e6432,landholding,number,Jammu & Kashmir,ST,AgCensus2015-16 T2-4,AgCensus2015-16 T2-4 Jammu & Kashmir/ST/number/MarginalvsLarge,False,in <s> according to the <n> agriculture census among <g> which size class accounts for a larger share of <m> <g> <g> or are the two roughly equal
agrifacts-00442,2ff6456240ec,social_group,area,Andhra Pradesh,Semi-medium,AgCensus2015-16 T2-4,AgCensus2015-16 T2-4 Andhra Pradesh/Semi-medium/area/SCvsST,False,in the <n> agriculture census of <s> among <g> and <g> which social group controls a greater portion of the <g> or are their shares roughly equal
agrifacts-00443,a601ef5e9297,social_group,number,Maharashtra,Semi-medium,AgCensus2015-16 T2-4,AgCensus2015-16 T2-4 Maharashtra/Semi-medium/number/SCvsST,True,according to the <n> agriculture census in <s> are <g> <m> in a larger share by <g> by <g> or are the two roughly equal
agrifacts-00444,0853257ea4ca,social_group,area,Andhra Pradesh,Semi-medium,AgCensus2015-16 T2-4,AgCensus2015-16 T2-4 Andhra Pradesh/Semi-medium/area/SCvsST,False,based on the <n> agriculture census in <s> between <g> and <g> which social group controls a greater portion of the <g> or are the two roughly equal
agrifacts-00445,0d519282b5bf,social_group,number,Madhya Pradesh,Semi-medium,AgCensus2015-16 T2-4,AgCensus2015-16 T2-4 Madhya Pradesh/Semi-medium/number/STvsOthers,False,in <s> according to the <n> agriculture census which social group operates a larger share of <g> <g> <g> or are the two roughly equal
agrifacts-00446,0d519282b5bf,social_group,area,Jharkhand,Small,AgCensus2015-16 T2-4,AgCensus2015-16 T2-4 Jharkhand/Small/area/SCvsST,True,in <s> according to the <n> agriculture census which social group operates a larger share of <g> <g> <g> or are the two roughly equal
agrifacts-00447,0d519282b5bf,social_group,area,Assam,Large,AgCensus2015-16 T2-4,AgCensus2015-16 T2-4 Assam/Large/area/STvsOthers,False,in <s> according to the <n> agriculture census which social group operates a larger share of <g> <g> <g> or are the two roughly equal
agrifacts-00448,ef8dead38902,landholding,number,Arunachal Pradesh,All,AgCensus2015-16 T2-4,AgCensus2015-16 T2-4 Arunachal Pradesh/All/number/MarginalvsLarge,False,in <s> according to the <n> agriculture census among farmers which size class accounts for a larger share of <m> <g> <g> or are the two roughly equal
agrifacts-00449,0d519282b5bf,social_group,number,Manipur,Semi-medium,AgCensus2015-16 T2-4,AgCensus2015-16 T2-4 Manipur/Semi-medium/number/SCvsST,True,in <s> according to the <n> agriculture census which social group operates a larger share of <g> <g> <g> or are the two roughly equal
agrifacts-00450,8c5ddcc3e338,landholding,area,Delhi,All,AgCensus2015-16 T2-4,AgCensus2015-16 T2-4 Delhi/All/area/SmallvsSemi-medium,False,among farmers in <s> based on the <n> agriculture census which size class <g> or <g> has a greater portion of <m> or are the two roughly equal
agrifacts-00451,353e4c8e6432,landholding,number,Meghalaya,ST,AgCensus2015-16 T2-4,AgCensus2015-16 T2-4 Meghalaya/ST/number/MarginalvsSemi-medium,False,in <s> according to the <n> agriculture census among <g> which size class accounts for a larger share of <m> <g> <g> or are the two roughly equal
agrifacts-00452,353e4c8e6432,landholding,number,Chhattisgarh,ST,AgCensus2015-16 T2-4,AgCensus2015-16 T2-4 Chhattisgarh/ST/number/MarginalvsLarge,False,in <s> according to the <n> agriculture census among <g> which size class accounts for a larger share of <m> <g> <g> or are the two roughly equal
agrifacts-00453,353e4c8e6432,landholding,number,Karnataka,SC,AgCensus2015-16 T2-4,AgCensus2015-16 T2-4 Karnataka/SC/number/MarginalvsSemi-medium,True,in <s> according to the <n> agriculture census among <g> which size class accounts for a larger share of <m> <g> <g> or are the two roughly equal
agrifacts-00454,353e4c8e6432,landholding,number,Haryana,SC,AgCensus2015-16 T2-4,AgCensus2015-16 T2-4 Haryana/SC/number/SmallvsLarge,False,in <s> according to the <n> agriculture census among <g> which size class accounts for a larger share of <m> <g> <g> or are the two roughly equal
agrifacts-00455,0d519282b5bf,social_group,number,Meghalaya,Semi-medium,AgCensus2015-16 T2-4,AgCensus2015-16 T2-4 Meghalaya/Semi-medium/number/STvsOthers,True,in <s> according to the <n> agriculture census which social group operates a larger share of <g> <g> <g> or are the two roughly equal
agrifacts-00456,353e4c8e6432,landholding,number,Nagaland,ST,AgCensus2015-16 T2-4,AgCensus2015-16 T2-4 Nagaland/ST/number/SmallvsSemi-medium,False,in <s> according to the <n> agriculture census among <g> which size class accounts for a larger share of <m> <g> <g> or are the two roughly equal
agrifacts-00457,8dce13166ccf,social_group,area,Telangana,Small,AgCensus2015-16 T2-4,AgCensus2015-16 T2-4 Telangana/Small/area/SCvsST,True,based on the <n> agriculture census in <s> is a larger share of <g> managed by <g> by <g> or are the two roughly equal
agrifacts-00458,353e4c8e6432,landholding,area,Bihar,ST,AgCensus2015-16 T2-4,AgCensus2015-16 T2-4 Bihar/ST/area/MediumvsLarge,True,in <s> according to the <n> agriculture census among <g> which size class accounts for a larger share of <m> <g> <g> or are the two roughly equal
agrifacts-00459,0d519282b5bf,social_group,area,Rajasthan,Semi-medium,AgCensus2015-16 T2-4,AgCensus2015-16 T2-4 Rajasthan/Semi-medium/area/SCvsST,True,in <s> according to the <n> agriculture census which social group operates a larger share of <g> <g> <g> or are the two roughly equal
agrifacts-00460,ef8dead38902,landholding,number,Jammu & Kashmir,All,AgCensus2015-16 T2-4,AgCensus2015-16 T2-4 Jammu & Kashmir/All/number/SmallvsMedium,False,in <s> according to the <n> agriculture census among farmers which size class accounts for a larger share of <m> <g> <g> or are the two roughly equal
agrifacts-00461,99e747b1ee03,landholding,area,D & N Haveli,All,AgCensus2015-16 T2-4,AgCensus2015-16 T2-4 D & N Haveli/All/area/Semi-mediumvsMedium,False,in the <n> agriculture census for <s> does the <g> or the <g> account for a larger portion of the land <m> by farmers or are the two roughly equal
agrifacts-00462,e0aefc98e9aa,gender,area,All,Marginal,AgCensus2015-16 T14-16,AgCensus2015-16 T14-16 All/Marginal/area/MvF,True,in the <n> agriculture census across <s> india for <g> which gender operates a larger portion <g> <g> or are they roughly equal
agrifacts-00463,0d519282b5bf,social_group,number,Arunachal Pradesh,Medium,AgCensus2015-16 T2-4,AgCensus2015-16 T2-4 Arunachal Pradesh/Medium/number/STvsOthers,True,in <s> according to the <n> agriculture census which social group operates a larger share of <g> <g> <g> or are the two roughly equal
agrifacts-00464,b3f80e9bf61c,social_group,area,Bihar,All Classes,AgCensus2015-16 T2-4,AgCensus2015-16 T2-4 Bihar/All Classes/area/SCvsOthers,True,in <s> according to the <n> agriculture census which social group operates a larger share of <m> <g> <g> or are the two roughly equal
agrifacts-00465,353e4c8e6432,landholding,area,Karnataka,ST,AgCensus2015-16 T2-4,AgCensus2015-16 T2-4 Karnataka/ST/area/SmallvsSemi-medium,False,in <s> according to the <n> agriculture census among <g> which size class accounts for a larger share of <m> <g> <g> or are the two roughly equal
agrifacts-00466,4a5e01940a01,landholding,area,Andhra Pradesh,ST,AgCensus2015-16 T2-4,AgCensus2015-16 T2-4 Andhra Pradesh/ST/area/MarginalvsSmall,False,based on the <n> agriculture census in <s> for <g> does the <g> the <g> or are the two roughly equal in terms of which size class represents a greater portion of the <m>
agrifacts-00467,55782bf5e615,social_group,area,Maharashtra,Small,AgCensus2015-16 T2-4,AgCensus2015-16 T2-4 Maharashtra/Small/area/SCvsST,True,in the <n> agriculture census of <s> do <g> or <g> control a greater portion of <g> or are they roughly equal
agrifacts-00468,0d519282b5bf,social_group,number,Maharashtra,Small,AgCensus2015-16 T2-4,AgCensus2015-16 T2-4 Maharashtra/Small/number/SCvsOthers,True,in <s> according to the <n> agriculture census which social group operates a larger share of <g> <g> <g> or are the two roughly equal
agrifacts-00469,353e4c8e6432,landholding,number,Tripura,SC,AgCensus2015-16 T2-4,AgCensus2015-16 T2-4 Tripura/SC/number/MarginalvsSemi-medium,True,in <s> according to the <n> agriculture census among <g> which size class accounts for a larger share of <m> <g> <g> or are the two roughly equal
agrifacts-00470,2a3140e80083,social_group,number,Chhattisgarh,Semi-medium,AgCensus2015-16 T2-4,AgCensus2015-16 T2-4 Chhattisgarh/Semi-medium/number/STvsOthers,False,based on the <n> agriculture census in <s> is the share of <g> <m> by <g> roughly equal to that <m> by <g> or does one of these two social groups operate a larger share
agrifacts-00471,912a1ac0a642,landholding,number,Uttarakhand,All,AgCensus2015-16 T2-4,AgCensus2015-16 T2-4 Uttarakhand/All/number/Semi-mediumvsMedium,False,in <s> based on the <n> agriculture census which size class <g> or <g> con <s> itutes a larger proportion of <m> among farmers or are they roughly equal
agrifacts-00472,0d519282b5bf,social_group,number,Haryana,Large,AgCensus2015-16 T2-4,AgCensus2015-16 T2-4 Haryana/Large/number/SCvsOthers,False,in <s> according to the <n> agriculture census which social group operates a larger share of <g> <g> <g> or are the two roughly equal
agrifacts-00473,8c84a615f3f8,social_group,area,Himachal Pradesh,Medium,AgCensus2015-16 T2-4,AgCensus2015-16 T2-4 Himachal Pradesh/Medium/area/SCvsST,False,based on the <n> agriculture census data for <s> is the share of <g> larger for <g> larger for <g> or are the two roughly equal
agrifacts-00474,0d519282b5bf,social_group,number,Manipur,Marginal,AgCensus2015-16 T2-4,AgCensus2015-16 T2-4 Manipur/Marginal/number/SCvsOthers,True,in <s> according to the <n> agriculture census which social group operates a larger share of <g> <g> <g> or are the two roughly equal
agrifacts-00475,bee30c654d3c,social_group,area,Andhra Pradesh,All Classes,AgCensus2015-16 T2-4,AgCensus2015-16 T2-4 Andhra Pradesh/All Classes/area/SCvsST,True,based on the <n> agriculture census in <s> do <g> <g> or are the two roughly equal in terms of the share of <m> they manage
agrifacts-00476,ef8dead38902,landholding,number,West Bengal,All,AgCensus2015-16 T2-4,AgCensus2015-16 T2-4 West Bengal/All/number/SmallvsMedium,False,in <s> according to the <n> agriculture census among farmers which size class accounts for a larger share of <m> <g> <g> or are the two roughly equal
agrifacts-00477,0d519282b5bf,social_group,area,Jammu & Kashmir,Small,AgCensus2015-16 T2-4,AgCensus2015-16 T2-4 Jammu & Kashmir/Small/area/STvsOthers,False,in <s> according to the <n> agriculture census which social group operates a larger share of <g> <g> <g> or are the two roughly equal
agrifacts-00478,2514b105e9bd,social_group,area,Rajasthan,Small,AgCensus2015-16 T2-4,AgCensus2015-16 T2-4 Rajasthan/Small/area/SCvsST,True,based on the <n> agriculture census in <s> between <g> and <g> which social group controls a greater proportion of <g> or are the two roughly equal
agrifacts-00479,e796d7d6ed1f,landholding,area,Haryana,SC,AgCensus2015-16 T2-4,AgCensus2015-16 T2-4 Haryana/SC/area/MarginalvsSmall,True,in <s> based on the <n> agriculture census do <g> or <g> hold a larger proportion of <m> among <g> or are the two roughly equal
agrifacts-00480,0d519282b5bf,social_group,area,Gujarat,Marginal,AgCensus2015-16 T2-4,AgCensus2015-16 T2-4 Gujarat/Marginal/area/STvsOthers,False,in <s> according to the <n> agriculture census which social group operates a larger share of <g> <g> <g> or are the two roughly equal
agrifacts-00481,8138f52b56e9,landholding,area,Delhi,All,AgCensus2015-16 T2-4,AgCensus2015-16 T2-4 Delhi/All/area/SmallvsSemi-medium,False,in <s> as per the <n> agriculture census between <g> and <g> among farmers which size class possesses a larger portion of <m> or are the two roughly equal
agrifacts-00482,353e4c8e6432,landholding,number,Gujarat,SC,AgCensus2015-16 T2-4,AgCensus2015-16 T2-4 Gujarat/SC/number/MarginalvsLarge,False,in <s> according to the <n> agriculture census among <g> which size class accounts for a larger share of <m> <g> <g> or are the two roughly equal
agrifacts-00483,0b8fed0b61e6,social_group,area,Maharashtra,Small,AgCensus2015-16 T2-4,AgCensus2015-16 T2-4 Maharashtra/Small/area/SCvsST,True,according to the <n> agriculture census in <s> do <g> <g> or are the two roughly equal in operating a larger share of <g>
agrifacts-00484,78bf0b8ecc82,gender,area,All,femaleShare,AgCensus2015-16 T14-16,AgCensus2015-16 T14-16 All/femaleShare/area/LargevsMedium,True,at the <s> india level in the <n> agriculture census is the share of <m> <m> by <g> larger for <g> for <g> or roughly the same for both
agrifacts-00485,fc9080bba26e,landholding,number,Punjab,SC,AgCensus2015-16 T2-4,AgCensus2015-16 T2-4 Punjab/SC/number/SmallvsSemi-medium,True,based on the <n> agriculture census in <s> among <g> is a larger share of <m> held by <g> by <g> or are the two roughly equal
agrifacts-00486,32c1951edd74,gender,area,All,Large,AgCensus2015-16 T14-16,AgCensus2015-16 T14-16 All/Large/area/MvF,False,considering the <n> agriculture census on a national <s> ale within the <g> category which group holds a greater portion <g> <g> or are the two roughly equal
agrifacts-00487,b3f80e9bf61c,social_group,number,Arunachal Pradesh,All Classes,AgCensus2015-16 T2-4,AgCensus2015-16 T2-4 Arunachal Pradesh/All Classes/number/SCvsST,False,in <s> according to the <n> agriculture census which social group operates a larger share of <m> <g> <g> or are the two roughly equal
agrifacts-00488,0d519282b5bf,social_group,area,Chhattisgarh,Small,AgCensus2015-16 T2-4,AgCensus2015-16 T2-4 Chhattisgarh/Small/area/SCvsST,True,in <s> according to the <n> agriculture census which social group operates a larger share of <g> <g> <g> or are the two roughly equal
agrifacts-00489,0d519282b5bf,social_group,area,Haryana,Marginal,AgCensus2015-16 T2-4,AgCensus2015-16 T2-4 Haryana/Marginal/area/SCvsOthers,False,in <s> according to the <n> agriculture census which social group operates a larger share of <g> <g> <g> or are the two roughly equal
agrifacts-00490,8cc7f23c2151,landholding,area,Assam,SC,AgCensus2015-16 T2-4,AgCensus2015-16 T2-4 Assam/SC/area/MarginalvsSemi-medium,True,in the <n> agriculture census of <s> for <g> which size class <g> or <g> con <s> itutes a greater portion of the total <m> or are the two roughly equal
agrifacts-00491,76bc524bab6d,social_group,area,Telangana,Large,AgCensus2015-16 T2-4,AgCensus2015-16 T2-4 Telangana/Large/area/SCvsST,False,in <s> based on the <n> agriculture census between <g> and <g> which social group controls a greater proportion of extensive <m> land or are they roughly equal
agrifacts-00492,353e4c8e6432,landholding,number,Meghalaya,ST,AgCensus2015-16 T2-4,AgCensus2015-16 T2-4 Meghalaya/ST/number/Semi-mediumvsLarge,False,in <s> according to the <n> agriculture census among <g> which size class accounts for a larger share of <m> <g> <g> or are the two roughly equal
agrifacts-00493,c8bcca570381,social_group,area,Maharashtra,Marginal,AgCensus2015-16 T2-4,AgCensus2015-16 T2-4 Maharashtra/Marginal/area/SCvsST,False,according to the <n> agriculture census in <s> do <g> or <g> control a greater portion of <g> or are they roughly equal
agrifacts-00494,ef8dead38902,landholding,number,Delhi,All,AgCensus2015-16 T2-4,AgCensus2015-16 T2-4 Delhi/All/number/MarginalvsLarge,False,in <s> according to the <n> agriculture census among farmers which size class accounts for a larger share of <m> <g> <g> or are the two roughly equal
agrifacts-00495,0d519282b5bf,social_group,area,Himachal Pradesh,Marginal,AgCensus2015-16 T2-4,AgCensus2015-16 T2-4 Himachal Pradesh/Marginal/area/STvsOthers,True,in <s> according to the <n> agriculture census which social group operates a larger share of <g> <g> <g> or are the two roughly equal
agrifacts-00496,0d519282b5bf,social_group,number,Uttar Pradesh,Medium,AgCensus2015-16 T2-4,AgCensus2015-16 T2-4 Uttar Pradesh/Medium/number/STvsOthers,True,in <s> according to the <n> agriculture census which social group operates a larger share of <g> <g> <g> or are the two roughly equal
agrifacts-00497,e10e3fd27371,landholding,area,Assam,All,AgCensus2015-16 T2-4,AgCensus2015-16 T2-4 Assam/All/area/MarginalvsSmall,False,based on the <n> agriculture census in <s> among farmers which of these land size categories <g> or <g> holds a greater portion of <m> land or are the two roughly equal
agrifacts-00498,353e4c8e6432,landholding,number,Uttarakhand,ST,AgCensus2015-16 T2-4,AgCensus2015-16 T2-4 Uttarakhand/ST/number/MarginalvsMedium,True,in <s> according to the <n> agriculture census among <g> which size class accounts for a larger share of <m> <g> <g> or are the two roughly equal
agrifacts-00499,353e4c8e6432,landholding,number,Gujarat,SC,AgCensus2015-16 T2-4,AgCensus2015-16 T2-4 Gujarat/SC/number/MarginalvsMedium,True,in <s> according to the <n> agriculture census among <g> which size class accounts for a larger share of <m> <g> <g> or are the two roughly equal
agrifacts-00500,b8ea9be49c42,landholding,number,Maharashtra,ST,AgCensus2015-16 T2-4,AgCensus2015-16 T2-4 Maharashtra/ST/number/MarginalvsSmall,False,according to the <n> agriculture census in <s> for <g> is the proportion of <m> larger for <g> larger for <g> or roughly equal between the two
agrifacts-00501,449da31a2659,gender,number,SC,femaleShare,AgCensus2015-16 T14-16,AgCensus2015-16 T14-16 SC/femaleShare/number/MarginalvsMedium,True,in the <n> agriculture census across <s> of india for <g> is the proportion of <m> managed by <g> greater for <g> for <g> or roughly equal for the two categories
agrifacts-00502,ef8dead38902,landholding,number,Rajasthan,All,AgCensus2015-16 T2-4,AgCensus2015-16 T2-4 Rajasthan/All/number/Semi-mediumvsLarge,True,in <s> according to the <n> agriculture census among farmers which size class accounts for a larger share of <m> <g> <g> or are the two roughly equal
agrifacts-00503,46ecdc477016,social_group,number,Jharkhand,Semi-medium,AgCensus2015-16 T2-4,AgCensus2015-16 T2-4 Jharkhand/Semi-medium/number/STvsOthers,True,based on the <n> agriculture census in <s> is the proportion of <g> <m> by <g> by <g> or are the two roughly equal
agrifacts-00504,ee7ece6c9a65,gender,number,SC,femaleShare,AgCensus2015-16 T14-16,AgCensus2015-16 T14-16 SC/femaleShare/number/LargevsMedium,True,according to the <n> agriculture census across india for <g> does the proportion of <m> run by <g> differ between <g> and <g> or is it roughly equal for both
agrifacts-00505,0d519282b5bf,social_group,area,Chhattisgarh,Medium,AgCensus2015-16 T2-4,AgCensus2015-16 T2-4 Chhattisgarh/Medium/area/STvsOthers,False,in <s> according to the <n> agriculture census which social group operates a larger share of <g> <g> <g> or are the two roughly equal
agrifacts-00506,ef8dead38902,landholding,number,Tripura,All,AgCensus2015-16 T2-4,AgCensus2015-16 T2-4 Tripura/All/number/MarginalvsSmall,False,in <s> according to the <n> agriculture census among farmers which size class accounts for a larger share of <m> <g> <g> or are the two roughly equal
agrifacts-00507,87612c54d6da,gender,area,All,femaleShare,AgCensus2015-16 T14-16,AgCensus2015-16 T14-16 All/femaleShare/area/MarginalvsMedium,False,in the <n> agriculture census across <s> of india regarding <m> is the proportion managed by <g> greater for <g> greater for <g> or roughly equal for both
agrifacts-00508,0d519282b5bf,social_group,area,Himachal Pradesh,Medium,AgCensus2015-16 T2-4,AgCensus2015-16 T2-4 Himachal Pradesh/Medium/area/STvsOthers,False,in <s> according to the <n> agriculture census which social group operates a larger share of <g> <g> <g> or are the two roughly equal
agrifacts-00509,353e4c8e6432,landholding,number,Arunachal Pradesh,ST,AgCensus2015-16 T2-4,AgCensus2015-16 T2-4 Arunachal Pradesh/ST/number/MarginalvsMedium,False,in <s> according to the <n> agriculture census among <g> which size class accounts for a larger share of <m> <g> <g> or are the two roughly equal
agrifacts-00510,1994894712b6,landholding,number,Uttarakhand,ST,AgCensus2015-16 T2-4,AgCensus2015-16 T2-4 Uttarakhand/ST/number/SmallvsSemi-medium,False,in the <n> agriculture census of <s> for <g> does the <g> size class or the <g> size class represent a greater proportion of total <m> or are they roughly equal
agrifacts-00511,145f8cfebf36,social_group,area,Karnataka,Medium,AgCensus2015-16 T2-4,AgCensus2015-16 T2-4 Karnataka/Medium/area/SCvsST,False,per the <n> agriculture census in <s> do <g> or <g> hold a greater portion of <g> or are they roughly equal
agrifacts-00512,353e4c8e6432,landholding,number,Chhattisgarh,ST,AgCensus2015-16 T2-4,AgCensus2015-16 T2-4 Chhattisgarh/ST/number/MarginalvsSemi-medium,False,in <s> according to the <n> agriculture census among <g> which size class accounts for a larger share of <m> <g> <g> or are the two roughly equal
agrifacts-00513,24849381e848,social_group,area,Telangana,Large,AgCensus2015-16 T2-4,AgCensus2015-16 T2-4 Telangana/Large/area/SCvsST,False,based on the <n> agriculture census in <s> between <g> and <g> which social group manages a bigger portion of <g> or are the two roughly equal
agrifacts-00514,b3f80e9bf61c,social_group,number,Assam,All Classes,AgCensus2015-16 T2-4,AgCensus2015-16 T2-4 Assam/All Classes/number/SCvsST,False,in <s> according to the <n> agriculture census which social group operates a larger share of <m> <g> <g> or are the two roughly equal
agrifacts-00515,b3f80e9bf61c,social_group,number,Meghalaya,All Classes,AgCensus2015-16 T2-4,AgCensus2015-16 T2-4 Meghalaya/All Classes/number/STvsOthers,True,in <s> according to the <n> agriculture census which social group operates a larger share of <m> <g> <g> or are the two roughly equal
agrifacts-00516,abf32aa3e4cf,landholding,number,Nagaland,ST,AgCensus2015-16 T2-4,AgCensus2015-16 T2-4 Nagaland/ST/number/SmallvsLarge,True,based on the <n> agriculture census in <s> for <g> is the proportion of <m> greater for <g> for <g> or are they roughly equal
agrifacts-00517,9f2b0480f426,landholding,area,Gujarat,SC,AgCensus2015-16 T2-4,AgCensus2015-16 T2-4 Gujarat/SC/area/SmallvsMedium,False,in <s> as per the <n> agriculture census of the <m> belonging to <g> is the share from a <g> greater than that from a <g> is the <g> s share larger or are the two roughly equal
agrifacts-00518,e74f0876e000,social_group,area,Maharashtra,Large,AgCensus2015-16 T2-4,AgCensus2015-16 T2-4 Maharashtra/Large/area/SCvsST,False,according to the <n> agriculture census in <s> which social group <g> <g> or are the two roughly equal operates a larger share of <g>
agrifacts-00519,36c34ed18402,gender,area,All,femaleShare,AgCensus2015-16 T14-16,AgCensus2015-16 T14-16 All/femaleShare/area/MarginalvsMedium,False,in the <n> agriculture census across <s> india for <g> compared to <g> is the proportion of <m> run by <g> greater sm <s> er or roughly equal
agrifacts-00520,0d519282b5bf,social_group,number,Gujarat,Marginal,AgCensus2015-16 T2-4,AgCensus2015-16 T2-4 Gujarat/Marginal/number/STvsOthers,False,in <s> according to the <n> agriculture census which social group operates a larger share of <g> <g> <g> or are the two roughly equal
agrifacts-00521,ef8dead38902,landholding,number,Odisha,All,AgCensus2015-16 T2-4,AgCensus2015-16 T2-4 Odisha/All/number/MarginalvsSemi-medium,False,in <s> according to the <n> agriculture census among farmers which size class accounts for a larger share of <m> <g> <g> or are the two roughly equal
agrifacts-00522,b3f80e9bf61c,social_group,number,Kerala,All Classes,AgCensus2015-16 T2-4,AgCensus2015-16 T2-4 Kerala/All Classes/number/STvsOthers,False,in <s> according to the <n> agriculture census which social group operates a larger share of <m> <g> <g> or are the two roughly equal
agrifacts-00523,e4ef40aac6d6,gender,number,ST,femaleShare,AgCensus2015-16 T14-16,AgCensus2015-16 T14-16 ST/femaleShare/number/MediumvsSmall,False,in the <n> agriculture census across <s> of india for <g> is the proportion of <m> managed by <g> greater for <g> for <g> or about equal for the two
agrifacts-00524,7dcc4ae89efa,landholding,number,Jharkhand,SC,AgCensus2015-16 T2-4,AgCensus2015-16 T2-4 Jharkhand/SC/number/Semi-mediumvsMedium,True,based on the <n> agriculture census in <s> for <g> do <g> <g> or are the two roughly equal in accounting for a larger share of <m>
agrifacts-00525,ef8dead38902,landholding,number,Jharkhand,All,AgCensus2015-16 T2-4,AgCensus2015-16 T2-4 Jharkhand/All/number/MarginalvsSmall,False,in <s> according to the <n> agriculture census among farmers which size class accounts for a larger share of <m> <g> <g> or are the two roughly equal
agrifacts-00526,40b3d67ad7db,gender,number,SC,femaleShare,AgCensus2015-16 T14-16,AgCensus2015-16 T14-16 SC/femaleShare/number/MarginalvsSmall,False,at the <s> india level in the <n> agriculture census among <g> is the share of <m> <m> by <g> larger for <g> for <g> or roughly the same for both
agrifacts-00527,40b3d67ad7db,gender,number,ST,femaleShare,AgCensus2015-16 T14-16,AgCensus2015-16 T14-16 ST/femaleShare/number/MediumvsSmall,False,at the <s> india level in the <n> agriculture census among <g> is the share of <m> <m> by <g> larger for <g> for <g> or roughly the same for both
agrifacts-00528,1be56dddf1ab,social_group,area,Karnataka,Medium,AgCensus2015-16 T2-4,AgCensus2015-16 T2-4 Karnataka/Medium/area/SCvsST,False,in <s> based on the <n> agriculture census between <g> and <g> which social group has the greater portion of <g> or are they roughly equal
agrifacts-00529,f3c7b699e39b,social_group,number,Rajasthan,Semi-medium,AgCensus2015-16 T2-4,AgCensus2015-16 T2-4 Rajasthan/Semi-medium/number/SCvsST,True,in <s> as per the <n> agriculture census is a greater share of <g> <m> by <g> by <g> or are the two roughly equal
agrifacts-00530,dd8b605b08ab,gender,number,SC,femaleShare,AgCensus2015-16 T14-16,AgCensus2015-16 T14-16 SC/femaleShare/number/LargevsMedium,True,in the <n> agriculture census across <s> india considering <g> is the proportion of land <m> run by <g> greater for <g> greater for <g> or roughly equal for both
agrifacts-00531,2e6e2c2ff4ae,gender,number,All,Small,AgCensus2015-16 T14-16,AgCensus2015-16 T14-16 All/Small/number/MvF,True,at the <s> india level during the <n> agriculture census which group <g> <g> or the two roughly equal holds a larger share among <g>
agrifacts-00532,c3e3384e7636,landholding,number,Goa,ST,AgCensus2015-16 T2-4,AgCensus2015-16 T2-4 Goa/ST/number/SmallvsSemi-medium,False,according to the <n> agriculture census in <s> among <g> do <g> or <g> account for a larger share of <m> or are the two roughly equal
agrifacts-00533,4ff1fb21d6c8,landholding,number,Arunachal Pradesh,All,AgCensus2015-16 T2-4,AgCensus2015-16 T2-4 Arunachal Pradesh/All/number/MarginalvsSemi-medium,True,based on the <n> agriculture census in <s> do <g> and <g> account for a larger share of <m> among farmers or are the two roughly equal
agrifacts-00534,3d095bd932ee,social_group,number,Telangana,Marginal,AgCensus2015-16 T2-4,AgCensus2015-16 T2-4 Telangana/Marginal/number/SCvsST,True,based on the <n> agriculture census in <s> do <g> <g> or are the two roughly equal in operating a larger share of <g>
agrifacts-00535,2acf333a5c30,gender,area,SC,femaleShare,AgCensus2015-16 T14-16,AgCensus2015-16 T14-16 SC/femaleShare/area/LargevsSmall,False,in the <n> agriculture census across <s> india for <g> is the proportion of <m> managed by <g> greater for <g> for <g> or roughly equal for each
agrifacts-00536,f06b8355632f,social_group,area,Himachal Pradesh,Medium,AgCensus2015-16 T2-4,AgCensus2015-16 T2-4 Himachal Pradesh/Medium/area/SCvsST,False,among <g> and <g> in <s> which social group held a greater portion of <g> as per the <n> agriculture census or were the two roughly equal
agrifacts-00537,3c4b6c8ffebd,gender,number,All,Medium,AgCensus2015-16 T14-16,AgCensus2015-16 T14-16 All/Medium/number/MvF,False,when it comes to <g> in the <n> agriculture census across <s> of india which group <g> <g> or roughly equal operates a larger share
agrifacts-00538,0d519282b5bf,social_group,number,Himachal Pradesh,Semi-medium,AgCensus2015-16 T2-4,AgCensus2015-16 T2-4 Himachal Pradesh/Semi-medium/number/SCvsST,True,in <s> according to the <n> agriculture census which social group operates a larger share of <g> <g> <g> or are the two roughly equal
agrifacts-00539,ef8dead38902,landholding,number,Himachal Pradesh,All,AgCensus2015-16 T2-4,AgCensus2015-16 T2-4 Himachal Pradesh/All/number/MarginalvsMedium,True,in <s> according to the <n> agriculture census among farmers which size class accounts for a larger share of <m> <g> <g> or are the two roughly equal
agrifacts-00540,0d519282b5bf,social_group,number,Sikkim,Marginal,AgCensus2015-16 T2-4,AgCensus2015-16 T2-4 Sikkim/Marginal/number/STvsOthers,False,in <s> according to the <n> agriculture census which social group operates a larger share of <g> <g> <g> or are the two roughly equal
agrifacts-00541,353e4c8e6432,landholding,number,Kerala,ST,AgCensus2015-16 T2-4,AgCensus2015-16 T2-4 Kerala/ST/number/MarginalvsSmall,False,in <s> according to the <n> agriculture census among <g> which size class accounts for a larger share of <m> <g> <g> or are the two roughly equal
agrifacts-00542,353e4c8e6432,landholding,number,Assam,SC,AgCensus2015-16 T2-4,AgCensus2015-16 T2-4 Assam/SC/number/MarginalvsLarge,False,in <s> according to the <n> agriculture census among <g> which size class accounts for a larger share of <m> <g> <g> or are the two roughly equal
agrifacts-00543,ad7bd4a3d614,social_group,area,Telangana,Marginal,AgCensus2015-16 T2-4,AgCensus2015-16 T2-4 Telangana/Marginal/area/SCvsST,False,based on the <n> agriculture census in <s> do <g> and <g> hold a roughly equal share of <g> or does one of these social groups control more
agrifacts-00544,ef8dead38902,landholding,area,Chhattisgarh,All,AgCensus2015-16 T2-4,AgCensus2015-16 T2-4 Chhattisgarh/All/area/SmallvsSemi-medium,True,in <s> according to the <n> agriculture census among farmers which size class accounts for a larger share of <m> <g> <g> or are the two roughly equal
agrifacts-00545,befb6c3244f8,landholding,area,Andhra Pradesh,ST,AgCensus2015-16 T2-4,AgCensus2015-16 T2-4 Andhra Pradesh/ST/area/MarginalvsSemi-medium,False,according to the <n> agriculture census in <s> for <g> is the share of <m> larger for <g> larger for <g> or are the two roughly equal
agrifacts-00546,78700164e751,landholding,area,Arunachal Pradesh,All,AgCensus2015-16 T2-4,AgCensus2015-16 T2-4 Arunachal Pradesh/All/area/MarginalvsSmall,False,based on the <n> agriculture census in <s> which size class <g> or <g> accounts for a larger portion of the land <m> by farmers or are the two roughly equal
agrifacts-00547,2c302afa58d2,landholding,area,Madhya Pradesh,SC,AgCensus2015-16 T2-4,AgCensus2015-16 T2-4 Madhya Pradesh/SC/area/MarginalvsSemi-medium,False,according to the agriculture census of <n> in <s> for <g> is the share of <m> larger for <g> larger for <g> or are the two roughly equal
agrifacts-00548,98f4b23d3e7a,social_group,area,Maharashtra,Large,AgCensus2015-16 T2-4,AgCensus2015-16 T2-4 Maharashtra/Large/area/SCvsST,False,according to the <n> agriculture census in <s> is a larger share of <g> held by <g> by <g> or are the two roughly equal
agrifacts-00549,6589c701c27d,gender,area,All,femaleShare,AgCensus2015-16 T14-16,AgCensus2015-16 T14-16 All/femaleShare/area/MarginalvsMedium,False,in the <n> agriculture census across <s> india is the proportion of <m> under <g> s operation greater for <g> for <g> or roughly equal for the two
agrifacts-00550,0d519282b5bf,social_group,number,Puducherry,Marginal,AgCensus2015-16 T2-4,AgCensus2015-16 T2-4 Puducherry/Marginal/number/SCvsOthers,True,in <s> according to the <n> agriculture census which social group operates a larger share of <g> <g> <g> or are the two roughly equal
agrifacts-00551,e7598a58b408,landholding,area,Assam,SC,AgCensus2015-16 T2-4,AgCensus2015-16 T2-4 Assam/SC/area/SmallvsSemi-medium,False,based on the <n> agriculture census in <s> for <g> does the <g> or the <g> con <s> itute a greater portion of the total <m> land or are the two roughly equal
agrifacts-00552,65a3a0065fd6,social_group,area,Himachal Pradesh,Medium,AgCensus2015-16 T2-4,AgCensus2015-16 T2-4 Himachal Pradesh/Medium/area/SCvsST,False,according to the <n> agriculture census in <s> between <g> and <g> which social group controls a greater proportion of <g> or are the two roughly equal
agrifacts-00553,a0f012a7a8ff,gender,number,All,Large,AgCensus2015-16 T14-16,AgCensus2015-16 T14-16 All/Large/number/MvF,True,considering <s> <g> in the <n> agriculture census across india is the larger share <m> by <g> by <g> or are they roughly equal
agrifacts-00554,2ab7837bd25a,social_group,number,Uttarakhand,Semi-medium,AgCensus2015-16 T2-4,AgCensus2015-16 T2-4 Uttarakhand/Semi-medium/number/SCvsST,True,based on the <n> agriculture census in <s> are <g> and <g> roughly equal in their operation of <g> or does one social group have a larger share
agrifacts-00555,b3f80e9bf61c,social_group,number,Sikkim,All Classes,AgCensus2015-16 T2-4,AgCensus2015-16 T2-4 Sikkim/All Classes/number/SCvsOthers,False,in <s> according to the <n> agriculture census which social group operates a larger share of <m> <g> <g> or are the two roughly equal
agrifacts-00556,ef8dead38902,landholding,number,Mizoram,All,AgCensus2015-16 T2-4,AgCensus2015-16 T2-4 Mizoram/All/number/MarginalvsMedium,True,in <s> according to the <n> agriculture census among farmers which size class accounts for a larger share of <m> <g> <g> or are the two roughly equal
agrifacts-00557,964fde92d097,social_group,number,Telangana,Small,AgCensus2015-16 T2-4,AgCensus2015-16 T2-4 Telangana/Small/number/SCvsST,False,according to the <n> agriculture census in <s> is the share of <g> <m> by <g> larger than that of <g> or are they roughly equal
agrifacts-00558,0d519282b5bf,social_group,number,Jharkhand,Small,AgCensus2015-16 T2-4,AgCensus2015-16 T2-4 Jharkhand/Small/number/SCvsOthers,True,in <s> according to the <n> agriculture census which social group operates a larger share of <g> <g> <g> or are the two roughly equal
agrifacts-00559,94e6253aa35e,social_group,number,Uttarakhand,Semi-medium,AgCensus2015-16 T2-4,AgCensus2015-16 T2-4 Uttarakhand/Semi-medium/number/SCvsST,True,among <g> and <g> in <s> as per the <n> agriculture census which social group controls a greater proportion of <g> or are the two roughly equal
agrifacts-00560,ef8dead38902,landholding,area,Punjab,All,AgCensus2015-16 T2-4,AgCensus2015-16 T2-4 Punjab/All/area/MarginalvsSmall,False,in <s> according to the <n> agriculture census among farmers which size class accounts for a larger share of <m> <g> <g> or are the two roughly equal
agrifacts-00561,fe461d7c0c66,social_group,number,Maharashtra,All Classes,AgCensus2015-16 T2-4,AgCensus2015-16 T2-4 Maharashtra/All Classes/number/SCvsST,False,based on the <n> agriculture census in <s> do <g> <g> or are the two roughly equal in terms of which social group operates a larger share of <m>
agrifacts-00562,0d519282b5bf,social_group,area,Jammu & Kashmir,Semi-medium,AgCensus2015-16 T2-4,AgCensus2015-16 T2-4 Jammu & Kashmir/Semi-medium/area/SCvsOthers,False,in <s> according to the <n> agriculture census which social group operates a larger share of <g> <g> <g> or are the two roughly equal
agrifacts-00563,353e4c8e6432,landholding,number,Himachal Pradesh,ST,AgCensus2015-16 T2-4,AgCensus2015-16 T2-4 Himachal Pradesh/ST/number/SmallvsMedium,False,in <s> according to the <n> agriculture census among <g> which size class accounts for a larger share of <m> <g> <g> or are the two roughly equal
agrifacts-00564,b3f80e9bf61c,social_group,number,Jammu & Kashmir,All Classes,AgCensus2015-16 T2-4,AgCensus2015-16 T2-4 Jammu & Kashmir/All Classes/number/SCvsOthers,True,in <s> according to the <n> agriculture census which social group operates a larger share of <m> <g> <g> or are the two roughly equal
agrifacts-00565,ef8dead38902,landholding,number,Delhi,All,AgCensus2015-16 T2-4,AgCensus2015-16 T2-4 Delhi/All/number/SmallvsLarge,False,in <s> according to the <n> agriculture census among farmers which size class accounts for a larger share of <m> <g> <g> or are the two roughly equal
agrifacts-00566,4f58eaf056ed,landholding,number,Arunachal Pradesh,ST,AgCensus2015-16 T2-4,AgCensus2015-16 T2-4 Arunachal Pradesh/ST/number/MarginalvsMedium,False,in <s> based on the <n> agriculture census do <g> or <g> represent a greater proportion of <s> heduled tribe <m> or are the two roughly equal
agrifacts-00567,a601ef5e9297,social_group,number,Tripura,Marginal,AgCensus2015-16 T2-4,AgCensus2015-16 T2-4 Tripura/Marginal/number/SCvsST,False,according to the <n> agriculture census in <s> are <g> <m> in a larger share by <g> by <g> or are the two roughly equal
agrifacts-00568,fad86ad98deb,social_group,number,Karnataka,Medium,AgCensus2015-16 T2-4,AgCensus2015-16 T2-4 Karnataka/Medium/number/SCvsST,False,according to the <n> agriculture census in <s> between <g> <g> or roughly equal shares which social group operates a larger portion of <g>
agrifacts-00569,43531cad5f90,social_group,area,Andhra Pradesh,Medium,AgCensus2015-16 T2-4,AgCensus2015-16 T2-4 Andhra Pradesh/Medium/area/SCvsST,False,based on the <n> agriculture census in <s> does a larger portion of <g> belong to <g> <g> or are these two groups roughly equal
agrifacts-00570,0d519282b5bf,social_group,number,Goa,Marginal,AgCensus2015-16 T2-4,AgCensus2015-16 T2-4 Goa/Marginal/number/SCvsST,True,in <s> according to the <n> agriculture census which social group operates a larger share of <g> <g> <g> or are the two roughly equal
agrifacts-00571,0d519282b5bf,social_group,number,Telangana,Marginal,AgCensus2015-16 T2-4,AgCensus2015-16 T2-4 Telangana/Marginal/number/SCvsST,True,in <s> according to the <n> agriculture census which social group operates a larger share of <g> <g> <g> or are the two roughly equal
agrifacts-00572,87a8c8f080b2,social_group,number,Karnataka,Semi-medium,AgCensus2015-16 T2-4,AgCensus2015-16 T2-4 Karnataka/Semi-medium/number/SCvsST,True,based on the <n> agriculture census in <s> is the share of <g> <m> by <g> greater than less than or roughly equal to that <m> by <g>
agrifacts-00573,70d296cf8ab1,social_group,number,Maharashtra,Semi-medium,AgCensus2015-16 T2-4,AgCensus2015-16 T2-4 Maharashtra/Semi-medium/number/SCvsST,True,based on the <n> agriculture census in <s> do <g> <g> or are the two roughly equal operate a larger share of <g>
agrifacts-00574,ef8dead38902,landholding,area,Chhattisgarh,All,AgCensus2015-16 T2-4,AgCensus2015-16 T2-4 Chhattisgarh/All/area/MarginalvsMedium,True,in <s> according to the <n> agriculture census among farmers which size class accounts for a larger share of <m> <g> <g> or are the two roughly equal
agrifacts-00575,b3f80e9bf61c,social_group,number,Odisha,All Classes,AgCensus2015-16 T2-4,AgCensus2015-16 T2-4 Odisha/All Classes/number/SCvsOthers,True,in <s> according to the <n> agriculture census which social group operates a larger share of <m> <g> <g> or are the two roughly equal
agrifacts-00576,6c5a98a32f39,landholding,number,Goa,All,AgCensus2015-16 T2-4,AgCensus2015-16 T2-4 Goa/All/number/Semi-mediumvsLarge,True,in the <n> agriculture census for <s> between <g> and <g> which size class con <s> itutes a greater proportion of farmer <m> or are they roughly equal
agrifacts-00577,9f5dfa33b42b,landholding,number,Rajasthan,All,AgCensus2015-16 T2-4,AgCensus2015-16 T2-4 Rajasthan/All/number/Semi-mediumvsMedium,True,in <s> based on the <n> agriculture census concerning farmers does a greater proportion of <m> belong to <g> <g> or are the two roughly equal
agrifacts-00578,adfbe141e259,gender,number,ST,femaleShare,AgCensus2015-16 T14-16,AgCensus2015-16 T14-16 ST/femaleShare/number/MediumvsSmall,False,in the <n> agriculture census across <s> india for <g> is the proportion of female <m> <m> greater for <g> for <g> or roughly equal between the two
agrifacts-00579,ef8dead38902,landholding,number,Rajasthan,All,AgCensus2015-16 T2-4,AgCensus2015-16 T2-4 Rajasthan/All/number/MarginalvsMedium,False,in <s> according to the <n> agriculture census among farmers which size class accounts for a larger share of <m> <g> <g> or are the two roughly equal
agrifacts-00580,0d519282b5bf,social_group,area,Uttarakhand,Semi-medium,AgCensus2015-16 T2-4,AgCensus2015-16 T2-4 Uttarakhand/Semi-medium/area/SCvsST,False,in <s> according to the <n> agriculture census which social group operates a larger share of <g> <g> <g> or are the two roughly equal
agrifacts-00581,f7257dcc4f87,gender,area,SC,Medium,AgCensus2015-16 T14-16,AgCensus2015-16 T14-16 SC/Medium/area/MvF,True,in the <n> agriculture census across <s> of india for the <g> category within <g> which group holds a larger operational share <g> <g> or are they roughly equal
agrifacts-00582,e631c480bc5d,landholding,number,Bihar,All,AgCensus2015-16 T2-4,AgCensus2015-16 T2-4 Bihar/All/number/SmallvsSemi-medium,True,in <s> based on the <n> agriculture census data of the farmers which size class con <s> itutes a greater proportion of <m> <g> <g> or are the two roughly equal
agrifacts-00583,353e4c8e6432,landholding,area,Jharkhand,SC,AgCensus2015-16 T2-4,AgCensus2015-16 T2-4 Jharkhand/SC/area/SmallvsMedium,False,in <s> according to the <n> agriculture census among <g> which size class accounts for a larger share of <m> <g> <g> or are the two roughly equal
agrifacts-00584,0d519282b5bf,social_group,number,Himachal Pradesh,Marginal,AgCensus2015-16 T2-4,AgCensus2015-16 T2-4 Himachal Pradesh/Marginal/number/STvsOthers,False,in <s> according to the <n> agriculture census which social group operates a larger share of <g> <g> <g> or are the two roughly equal
agrifacts-00585,ef8dead38902,landholding,number,Jammu & Kashmir,All,AgCensus2015-16 T2-4,AgCensus2015-16 T2-4 Jammu & Kashmir/All/number/MarginalvsSmall,False,in <s> according to the <n> agriculture census among farmers which size class accounts for a larger share of <m> <g> <g> or are the two roughly equal
agrifacts-00586,ef8dead38902,landholding,area,Telangana,All,AgCensus2015-16 T2-4,AgCensus2015-16 T2-4 Telangana/All/area/MarginalvsSmall,True,in <s> according to the <n> agriculture census among farmers which size class accounts for a larger share of <m> <g> <g> or are the two roughly equal
agrifacts-00587,3b8a4b2d7ffe,landholding,area,Gujarat,SC,AgCensus2015-16 T2-4,AgCensus2015-16 T2-4 Gujarat/SC/area/SmallvsMedium,False,in <s> based on the <n> agriculture census for <g> does a <g> or a <g> represent a greater portion of the <m> land or are the two roughly equal
agrifacts-00588,b3f80e9bf61c,social_group,number,Rajasthan,All Classes,AgCensus2015-16 T2-4,AgCensus2015-16 T2-4 Rajasthan/All Classes/number/SCvsOthers,False,in <s> according to the <n> agriculture census which social group operates a larger share of <m> <g> <g> or are the two roughly equal
agrifacts-00589,1e7400d05d46,social_group,area,Maharashtra,All Classes,AgCensus2015-16 T2-4,AgCensus2015-16 T2-4 Maharashtra/All Classes/area/SCvsST,False,according to the <n> agriculture census in <s> is the share of <m> larger for <g> larger for <g> or roughly equal between the two
agrifacts-00590,3d095bd932ee,social_group,number,Rajasthan,Small,AgCensus2015-16 T2-4,AgCensus2015-16 T2-4 Rajasthan/Small/number/SCvsST,False,based on the <n> agriculture census in <s> do <g> <g> or are the two roughly equal in operating a larger share of <g>
agrifacts-00591,6f55de3694b5,landholding,area,Rajasthan,SC,AgCensus2015-16 T2-4,AgCensus2015-16 T2-4 Rajasthan/SC/area/Semi-mediumvsLarge,False,among <g> in <s> based on the <n> agriculture census does the <g> or the <g> account for a larger share of <m> or are the two roughly equal
agrifacts-00592,353e4c8e6432,landholding,number,Maharashtra,SC,AgCensus2015-16 T2-4,AgCensus2015-16 T2-4 Maharashtra/SC/number/SmallvsLarge,False,in <s> according to the <n> agriculture census among <g> which size class accounts for a larger share of <m> <g> <g> or are the two roughly equal
agrifacts-00593,a8ee1420e50d,gender,area,SC,femaleShare,AgCensus2015-16 T14-16,AgCensus2015-16 T14-16 SC/femaleShare/area/LargevsSmall,False,in the <n> agriculture census across india for <g> is the proportion of <m> managed by <g> greater in <g> s greater in <g> s or roughly equal in both
agrifacts-00594,e638540a7614,landholding,number,Goa,All,AgCensus2015-16 T2-4,AgCensus2015-16 T2-4 Goa/All/number/Semi-mediumvsLarge,True,in <s> based on the <n> agriculture census of the farmers which size class possesses a greater proportion of <m> <g> <g> or are the two roughly equal
agrifacts-00595,98fe5cc7e34b,gender,area,All,Large,AgCensus2015-16 T14-16,AgCensus2015-16 T14-16 All/Large/area/MvF,False,in the <n> agriculture census across <s> of india among <g> do <g> or <g> operate a larger share or are they roughly equal
agrifacts-00596,353e4c8e6432,landholding,number,Meghalaya,ST,AgCensus2015-16 T2-4,AgCensus2015-16 T2-4 Meghalaya/ST/number/SmallvsMedium,False,in <s> according to the <n> agriculture census among <g> which size class accounts for a larger share of <m> <g> <g> or are the two roughly equal
agrifacts-00597,353e4c8e6432,landholding,number,Assam,ST,AgCensus2015-16 T2-4,AgCensus2015-16 T2-4 Assam/ST/number/SmallvsMedium,False,in <s> according to the <n> agriculture census among <g> which size class accounts for a larger share of <m> <g> <g> or are the two roughly equal
agrifacts-00598,353e4c8e6432,landholding,area,Jharkhand,ST,AgCensus2015-16 T2-4,AgCensus2015-16 T2-4 Jharkhand/ST/area/SmallvsLarge,True,in <s> according to the <n> agriculture census among <g> which size class accounts for a larger share of <m> <g> <g> or are the two roughly equal
agrifacts-00599,26d1f12b4b62,landholding,area,Goa,All,AgCensus2015-16 T2-4,AgCensus2015-16 T2-4 Goa/All/area/SmallvsLarge,True,according to the <n> agriculture census in <s> is the share of <m> greater among farmers with a <g> among those with a <g> or are they roughly equal
agrifacts-00600,0d519282b5bf,social_group,area,Maharashtra,Medium,AgCensus2015-16 T2-4,AgCensus2015-16 T2-4 Maharashtra/Medium/area/SCvsST,False,in <s> according to the <n> agriculture census which social group operates a larger share of <g> <g> <g> or are the two roughly equal
agrifacts-00601,ef8dead38902,landholding,number,Uttar Pradesh,All,AgCensus2015-16 T2-4,AgCensus2015-16 T2-4 Uttar Pradesh/All/number/MarginalvsSmall,False,in <s> according to the <n> agriculture census among farmers which size class accounts for a larger share of <m> <g> <g> or are the two roughly equal
agrifacts-00602,353e4c8e6432,landholding,area,Andhra Pradesh,ST,AgCensus2015-16 T2-4,AgCensus2015-16 T2-4 Andhra Pradesh/ST/area/MarginalvsSmall,False,in <s> according to the <n> agriculture census among <g> which size class accounts for a larger share of <m> <g> <g> or are the two roughly equal
agrifacts-00603,b13da2f92322,landholding,number,Odisha,All,AgCensus2015-16 T2-4,AgCensus2015-16 T2-4 Odisha/All/number/Semi-mediumvsMedium,False,according to the <n> agriculture census in <s> is a larger share of <m> among farmers accounted for by <g> <g> or are the two roughly equal
agrifacts-00604,3f036c9be8e5,landholding,area,Jharkhand,SC,AgCensus2015-16 T2-4,AgCensus2015-16 T2-4 Jharkhand/SC/area/Semi-mediumvsMedium,False,in <s> based on the <n> agriculture census among <g> does <g> or <g> account for a larger share of <m> or are the two roughly equal
agrifacts-00605,0d519282b5bf,social_group,number,Odisha,Small,AgCensus2015-16 T2-4,AgCensus2015-16 T2-4 Odisha/Small/number/SCvsST,False,in <s> according to the <n> agriculture census which social group operates a larger share of <g> <g> <g> or are the two roughly equal
agrifacts-00606,ae9c6e06320e,gender,number,ST,Marginal,AgCensus2015-16 T14-16,AgCensus2015-16 T14-16 ST/Marginal/number/MvF,False,according to the <n> agriculture census across india for <g> with <g> which group operates a greater proportion <g> <g> or are the two roughly equal
agrifacts-00607,c4a53ef04d06,landholding,number,Arunachal Pradesh,All,AgCensus2015-16 T2-4,AgCensus2015-16 T2-4 Arunachal Pradesh/All/number/MarginalvsMedium,False,according to the agriculture census of <n> in <s> do <g> or <g> represent a greater proportion of farmer <m> or are they roughly equal
agrifacts-00608,0d519282b5bf,social_group,area,Jharkhand,Marginal,AgCensus2015-16 T2-4,AgCensus2015-16 T2-4 Jharkhand/Marginal/area/SCvsOthers,False,in <s> according to the <n> agriculture census which social group operates a larger share of <g> <g> <g> or are the two roughly equal
agrifacts-00609,b3f80e9bf61c,social_group,number,Maharashtra,All Classes,AgCensus2015-16 T2-4,AgCensus2015-16 T2-4 Maharashtra/All Classes/number/SCvsST,False,in <s> according to the <n> agriculture census which social group operates a larger share of <m> <g> <g> or are the two roughly equal
agrifacts-00610,0d519282b5bf,social_group,number,Kerala,Small,AgCensus2015-16 T2-4,AgCensus2015-16 T2-4 Kerala/Small/number/STvsOthers,False,in <s> according to the <n> agriculture census which social group operates a larger share of <g> <g> <g> or are the two roughly equal
agrifacts-00611,0d519282b5bf,social_group,number,Karnataka,Marginal,AgCensus2015-16 T2-4,AgCensus2015-16 T2-4 Karnataka/Marginal/number/SCvsOthers,True,in <s> according to the <n> agriculture census which social group operates a larger share of <g> <g> <g> or are the two roughly equal
agrifacts-00612,7a7dd6d6a7ae,landholding,area,Haryana,SC,AgCensus2015-16 T2-4,AgCensus2015-16 T2-4 Haryana/SC/area/MarginalvsSmall,True,in <s> based on the <n> agriculture census for <g> does <g> or <g> account for a bigger portion of <m> or are the two roughly equal
agrifacts-00613,ce75a2598746,social_group,area,Tripura,All Classes,AgCensus2015-16 T2-4,AgCensus2015-16 T2-4 Tripura/All Classes/area/STvsOthers,True,based on the <n> agriculture census in <s> do <g> or <g> control a greater portion of <m> or are the two roughly equal
agrifacts-00614,91edd395ed83,gender,number,All,femaleShare,AgCensus2015-16 T14-16,AgCensus2015-16 T14-16 All/femaleShare/number/MarginalvsMedium,True,according to the <n> agriculture census at the <s> india level is the proportion of <m> <m> by <g> greater among <g> greater among <g> or roughly equal across the two categories
agrifacts-00615,353e4c8e6432,landholding,area,Jharkhand,ST,AgCensus2015-16 T2-4,AgCensus2015-16 T2-4 Jharkhand/ST/area/MarginalvsSmall,True,in <s> according to the <n> agriculture census among <g> which size class accounts for a larger share of <m> <g> <g> or are the two roughly equal
agrifacts-00616,ef8dead38902,landholding,number,Kerala,All,AgCensus2015-16 T2-4,AgCensus2015-16 T2-4 Kerala/All/number/MarginalvsSemi-medium,False,in <s> according to the <n> agriculture census among farmers which size class accounts for a larger share of <m> <g> <g> or are the two roughly equal
agrifacts-00617,8d9d91cd6c07,social_group,number,Andhra Pradesh,Semi-medium,AgCensus2015-16 T2-4,AgCensus2015-16 T2-4 Andhra Pradesh/Semi-medium/number/SCvsST,True,based on the <n> agriculture census which social group <g> <g> or the two roughly equal operates a larger portion of <g> in <s>
agrifacts-00618,bf51714f0582,gender,number,SC,Marginal,AgCensus2015-16 T14-16,AgCensus2015-16 T14-16 SC/Marginal/number/MvF,False,in the <n> agriculture census across <s> of india for <g> with <g> which group operates a greater share <g> <g> or are they roughly equal
agrifacts-00619,b3f80e9bf61c,social_group,area,Andhra Pradesh,All Classes,AgCensus2015-16 T2-4,AgCensus2015-16 T2-4 Andhra Pradesh/All Classes/area/SCvsOthers,True,in <s> according to the <n> agriculture census which social group operates a larger share of <m> <g> <g> or are the two roughly equal
agrifacts-00620,b3f80e9bf61c,social_group,area,Kerala,All Classes,AgCensus2015-16 T2-4,AgCensus2015-16 T2-4 Kerala/All Classes/area/STvsOthers,True,in <s> according to the <n> agriculture census which social group operates a larger share of <m> <g> <g> or are the two roughly equal
agrifacts-00621,0d519282b5bf,social_group,number,Tamil Nadu,Medium,AgCensus2015-16 T2-4,AgCensus2015-16 T2-4 Tamil Nadu/Medium/number/SCvsOthers,False,in <s> according to the <n> agriculture census which social group operates a larger share of <g> <g> <g> or are the two roughly equal
agrifacts-00622,b3f80e9bf61c,social_group,number,Jharkhand,All Classes,AgCensus2015-16 T2-4,AgCensus2015-16 T2-4 Jharkhand/All Classes/number/STvsOthers,False,in <s> according to the <n> agriculture census which social group operates a larger share of <m> <g> <g> or are the two roughly equal
agrifacts-00623,0d519282b5bf,social_group,number,Tamil Nadu,Semi-medium,AgCensus2015-16 T2-4,AgCensus2015-16 T2-4 Tamil Nadu/Semi-medium/number/STvsOthers,True,in <s> according to the <n> agriculture census which social group operates a larger share of <g> <g> <g> or are the two roughly equal
agrifacts-00624,ab25960bc19f,social_group,area,Tripura,All Classes,AgCensus2015-16 T2-4,AgCensus2015-16 T2-4 Tripura/All Classes/area/STvsOthers,True,based on the <n> agriculture census in <s> which social group <g> <g> or are the two roughly equal operates a larger share of <m>
agrifacts-00625,e8831316f0ca,social_group,number,Tripura,Marginal,AgCensus2015-16 T2-4,AgCensus2015-16 T2-4 Tripura/Marginal/number/SCvsST,False,based on the <n> agriculture census in <s> is the proportion of <g> <m> by <g> greater that <m> by <g> greater or are the two roughly equal
agrifacts-00626,ef8dead38902,landholding,number,Haryana,All,AgCensus2015-16 T2-4,AgCensus2015-16 T2-4 Haryana/All/number/MarginalvsSemi-medium,False,in <s> according to the <n> agriculture census among farmers which size class accounts for a larger share of <m> <g> <g> or are the two roughly equal
agrifacts-00627,b27f5518475f,social_group,area,Tripura,All Classes,AgCensus2015-16 T2-4,AgCensus2015-16 T2-4 Tripura/All Classes/area/STvsOthers,True,based on the <n> agriculture census in <s> do <g> or <g> control a larger portion of the <m> or are the two roughly equal
agrifacts-00628,ef8dead38902,landholding,number,Sikkim,All,AgCensus2015-16 T2-4,AgCensus2015-16 T2-4 Sikkim/All/number/SmallvsLarge,False,in <s> according to the <n> agriculture census among farmers which size class accounts for a larger share of <m> <g> <g> or are the two roughly equal
agrifacts-00629,ef8dead38902,landholding,number,Rajasthan,All,AgCensus2015-16 T2-4,AgCensus2015-16 T2-4 Rajasthan/All/number/MediumvsLarge,True,in <s> according to the <n> agriculture census among farmers which size class accounts for a larger share of <m> <g> <g> or are the two roughly equal
agrifacts-00630,b1278158cfc3,social_group,area,Jharkhand,Semi-medium,AgCensus2015-16 T2-4,AgCensus2015-16 T2-4 Jharkhand/Semi-medium/area/STvsOthers,False,based on the <n> agriculture census in <s> is the share of <g> larger for <g> for <g> or are the two roughly equal
agrifacts-00631,0d137f0e81fe,landholding,number,Karnataka,All,AgCensus2015-16 T2-4,AgCensus2015-16 T2-4 Karnataka/All/number/MediumvsLarge,True,based on the <n> agriculture census in <s> do <g> and <g> have a roughly equal share of <s> farmer <m> or does one of these size classes have a larger share
agrifacts-00632,7e282077746f,landholding,area,Puducherry,All,AgCensus2015-16 T2-4,AgCensus2015-16 T2-4 Puducherry/All/area/SmallvsSemi-medium,False,in <s> based on the <n> agriculture census is the share of <m> larger for farmers in the <g> size class the <g> size class or are the two roughly equal
agrifacts-00633,1afaee04f10e,social_group,area,Andhra Pradesh,Large,AgCensus2015-16 T2-4,AgCensus2015-16 T2-4 Andhra Pradesh/Large/area/SCvsST,False,based on the <n> agriculture census in <s> is the share of <g> held by <g> greater that held by <g> greater or are the two roughly equal
agrifacts-00634,b43df43507b9,social_group,area,Maharashtra,Medium,AgCensus2015-16 T2-4,AgCensus2015-16 T2-4 Maharashtra/Medium/area/SCvsST,False,based on the <n> agriculture census in <s> do <g> or <g> control a greater portion of <g> or are the two roughly equal
agrifacts-00635,5d8acf709022,gender,area,ST,Marginal,AgCensus2015-16 T14-16,AgCensus2015-16 T14-16 ST/Marginal/area/MvF,False,at the <s> india level in the <n> agriculture census among <g> and among <g> which group operates a larger share <g> <g> or is it roughly equal between the two
agrifacts-00636,0d519282b5bf,social_group,area,Maharashtra,Large,AgCensus2015-16 T2-4,AgCensus2015-16 T2-4 Maharashtra/Large/area/SCvsST,False,in <s> according to the <n> agriculture census which social group operates a larger share of <g> <g> <g> or are the two roughly equal
agrifacts-00637,b3f80e9bf61c,social_group,number,Andhra Pradesh,All Classes,AgCensus2015-16 T2-4,AgCensus2015-16 T2-4 Andhra Pradesh/All Classes/number/SCvsOthers,True,in <s> according to the <n> agriculture census which social group operates a larger share of <m> <g> <g> or are the two roughly equal
agrifacts-00638,6a493e30b322,social_group,number,Telangana,Small,AgCensus2015-16 T2-4,AgCensus2015-16 T2-4 Telangana/Small/number/SCvsST,False,according to the <n> agriculture census in <s> are <g> <g> or are the two roughly equal in operating a larger share of <g>
agrifacts-00639,ef8dead38902,landholding,area,Himachal Pradesh,All,AgCensus2015-16 T2-4,AgCensus2015-16 T2-4 Himachal Pradesh/All/area/MarginalvsSmall,True,in <s> according to the <n> agriculture census among farmers which size class accounts for a larger share of <m> <g> <g> or are the two roughly equal
agrifacts-00640,353e4c8e6432,landholding,number,Chhattisgarh,SC,AgCensus2015-16 T2-4,AgCensus2015-16 T2-4 Chhattisgarh/SC/number/MarginalvsSmall,False,in <s> according to the <n> agriculture census among <g> which size class accounts for a larger share of <m> <g> <g> or are the two roughly equal
agrifacts-00641,353e4c8e6432,landholding,area,Maharashtra,ST,AgCensus2015-16 T2-4,AgCensus2015-16 T2-4 Maharashtra/ST/area/SmallvsMedium,True,in <s> according to the <n> agriculture census among <g> which size class accounts for a larger share of <m> <g> <g> or are the two roughly equal
agrifacts-00642,526dd716cbef,gender,area,SC,femaleShare,AgCensus2015-16 T14-16,AgCensus2015-16 T14-16 SC/femaleShare/area/MarginalvsSmall,False,for <s> india in the <n> agriculture census within <g> is the proportion of land <m> by <g> greater for <g> greater for <g> or roughly equal for these two categories
agrifacts-00643,b3f80e9bf61c,social_group,number,West Bengal,All Classes,AgCensus2015-16 T2-4,AgCensus2015-16 T2-4 West Bengal/All Classes/number/SCvsST,False,in <s> according to the <n> agriculture census which social group operates a larger share of <m> <g> <g> or are the two roughly equal
agrifacts-00644,f7c7bfa8115f,social_group,number,Rajasthan,Semi-medium,AgCensus2015-16 T2-4,AgCensus2015-16 T2-4 Rajasthan/Semi-medium/number/SCvsST,True,in <s> based on the <n> agriculture census which social group manages a greater proportion of <g> <g> <g> or are the two roughly equal
agrifacts-00645,0d519282b5bf,social_group,number,Haryana,Medium,AgCensus2015-16 T2-4,AgCensus2015-16 T2-4 Haryana/Medium/number/SCvsOthers,False,in <s> according to the <n> agriculture census which social group operates a larger share of <g> <g> <g> or are the two roughly equal
agrifacts-00646,b3f80e9bf61c,social_group,number,Haryana,All Classes,AgCensus2015-16 T2-4,AgCensus2015-16 T2-4 Haryana/All Classes/number/SCvsOthers,False,in <s> according to the <n> agriculture census which social group operates a larger share of <m> <g> <g> or are the two roughly equal
agrifacts-00647,ef8dead38902,landholding,number,Telangana,All,AgCensus2015-16 T2-4,AgCensus2015-16 T2-4 Telangana/All/number/MarginalvsSemi-medium,False,in <s> according to the <n> agriculture census among farmers which size class accounts for a larger share of <m> <g> <g> or are the two roughly equal
agrifacts-00648,ef8dead38902,landholding,area,Karnataka,All,AgCensus2015-16 T2-4,AgCensus2015-16 T2-4 Karnataka/All/area/SmallvsMedium,True,in <s> according to the <n> agriculture census among farmers which size class accounts for a larger share of <m> <g> <g> or are the two roughly equal
agrifacts-00649,f182052c147f,gender,number,SC,Small,AgCensus2015-16 T14-16,AgCensus2015-16 T14-16 SC/Small/number/MvF,True,in the <n> agriculture census across <s> of india for <g> and <g> do <g> <g> or roughly equal numbers operate a larger share
agrifacts-00650,961ac5c82ac2,landholding,area,Odisha,All,AgCensus2015-16 T2-4,AgCensus2015-16 T2-4 Odisha/All/area/MediumvsLarge,False,in <s> based on the <n> agriculture census which of these size classes <g> or <g> con <s> itutes a greater portion of the total <m> among farmers or are the two roughly equal
agrifacts-00651,983100ea0d38,social_group,number,Rajasthan,All Classes,AgCensus2015-16 T2-4,AgCensus2015-16 T2-4 Rajasthan/All Classes/number/SCvsST,False,based on the <n> agriculture census in <s> do <g> <g> or both roughly equal groups operate a larger portion of <m>
agrifacts-00652,353e4c8e6432,landholding,number,Himachal Pradesh,ST,AgCensus2015-16 T2-4,AgCensus2015-16 T2-4 Himachal Pradesh/ST/number/MarginalvsSmall,False,in <s> according to the <n> agriculture census among <g> which size class accounts for a larger share of <m> <g> <g> or are the two roughly equal
agrifacts-00653,0d519282b5bf,social_group,number,Jharkhand,Marginal,AgCensus2015-16 T2-4,AgCensus2015-16 T2-4 Jharkhand/Marginal/number/STvsOthers,True,in <s> according to the <n> agriculture census which social group operates a larger share of <g> <g> <g> or are the two roughly equal
agrifacts-00654,353e4c8e6432,landholding,number,Maharashtra,SC,AgCensus2015-16 T2-4,AgCensus2015-16 T2-4 Maharashtra/SC/number/Semi-mediumvsLarge,False,in <s> according to the <n> agriculture census among <g> which size class accounts for a larger share of <m> <g> <g> or are the two roughly equal
agrifacts-00655,353e4c8e6432,landholding,number,Goa,ST,AgCensus2015-16 T2-4,AgCensus2015-16 T2-4 Goa/ST/number/MarginalvsMedium,False,in <s> according to the <n> agriculture census among <g> which size class accounts for a larger share of <m> <g> <g> or are the two roughly equal
agrifacts-00656,b3f80e9bf61c,social_group,number,Karnataka,All Classes,AgCensus2015-16 T2-4,AgCensus2015-16 T2-4 Karnataka/All Classes/number/STvsOthers,False,in <s> according to the <n> agriculture census which social group operates a larger share of <m> <g> <g> or are the two roughly equal
agrifacts-00657,0d519282b5bf,social_group,number,Tamil Nadu,Semi-medium,AgCensus2015-16 T2-4,AgCensus2015-16 T2-4 Tamil Nadu/Semi-medium/number/SCvsOthers,False,in <s> according to the <n> agriculture census which social group operates a larger share of <g> <g> <g> or are the two roughly equal
agrifacts-00658,353e4c8e6432,landholding,number,West Bengal,SC,AgCensus2015-16 T2-4,AgCensus2015-16 T2-4 West Bengal/SC/number/SmallvsLarge,False,in <s> according to the <n> agriculture census among <g> which size class accounts for a larger share of <m> <g> <g> or are the two roughly equal
agrifacts-00659,ef8dead38902,landholding,number,Goa,All,AgCensus2015-16 T2-4,AgCensus2015-16 T2-4 Goa/All/number/Semi-mediumvsMedium,False,in <s> according to the <n> agriculture census among farmers which size class accounts for a larger share of <m> <g> <g> or are the two roughly equal
agrifacts-00660,353e4c8e6432,landholding,number,Maharashtra,ST,AgCensus2015-16 T2-4,AgCensus2015-16 T2-4 Maharashtra/ST/number/SmallvsLarge,True,in <s> according to the <n> agriculture census among <g> which size class accounts for a larger share of <m> <g> <g> or are the two roughly equal
agrifacts-00661,ef8dead38902,landholding,number,Meghalaya,All,AgCensus2015-16 T2-4,AgCensus2015-16 T2-4 Meghalaya/All/number/Semi-mediumvsMedium,False,in <s> according to the <n> agriculture census among farmers which size class accounts for a larger share of <m> <g> <g> or are the two roughly equal
agrifacts-00662,05c48080e240,social_group,area,Karnataka,All Classes,AgCensus2015-16 T2-4,AgCensus2015-16 T2-4 Karnataka/All Classes/area/SCvsST,True,based on the <n> agriculture census in <s> which social group <g> <g> or are the two roughly equal controls a greater portion of the <m>
agrifacts-00663,ee2e1c1eb56d,gender,area,ST,femaleShare,AgCensus2015-16 T14-16,AgCensus2015-16 T14-16 ST/femaleShare/area/LargevsMedium,True,in the <n> agriculture census across <s> india for <g> does the proportion of <m> managed by <g> differ between <g> and <g> or is it roughly the same for both
agrifacts-00664,a1a448d71b67,landholding,area,Kerala,All,AgCensus2015-16 T2-4,AgCensus2015-16 T2-4 Kerala/All/area/Semi-mediumvsLarge,False,based on the <n> agriculture census of <s> between <g> and <g> which size class holds a greater portion of the total <m> by farmers or are the two roughly equal
agrifacts-00665,e27e12b72474,landholding,number,Haryana,SC,AgCensus2015-16 T2-4,AgCensus2015-16 T2-4 Haryana/SC/number/SmallvsSemi-medium,False,according to the <n> agriculture census in <s> between <g> and <g> which size class comprises a greater proportion of <s> heduled ca <s> e <m> or are the two roughly equal
agrifacts-00666,43b190ccb3ad,social_group,number,Karnataka,Semi-medium,AgCensus2015-16 T2-4,AgCensus2015-16 T2-4 Karnataka/Semi-medium/number/SCvsST,True,based on the <n> agriculture census in <s> which social group <g> <g> or are the two roughly equal operates a greater portion of <g>
agrifacts-00667,4f0f2d6b7728,gender,number,SC,Medium,AgCensus2015-16 T14-16,AgCensus2015-16 T14-16 SC/Medium/number/MvF,False,at the <s> india level in the <n> agriculture census among <g> among <g> who operates a larger share <g> <g> or are the two roughly equal
agrifacts-00668,ce75a2598746,social_group,area,Andhra Pradesh,All Classes,AgCensus2015-16 T2-4,AgCensus2015-16 T2-4 Andhra Pradesh/All Classes/area/SCvsST,True,based on the <n> agriculture census in <s> do <g> or <g> control a greater portion of <m> or are the two roughly equal
agrifacts-00669,2514b105e9bd,social_group,area,Andhra Pradesh,Large,AgCensus2015-16 T2-4,AgCensus2015-16 T2-4 Andhra Pradesh/Large/area/SCvsST,False,based on the <n> agriculture census in <s> between <g> and <g> which social group controls a greater proportion of <g> or are the two roughly equal
agrifacts-00670,0d519282b5bf,social_group,number,Uttarakhand,Small,AgCensus2015-16 T2-4,AgCensus2015-16 T2-4 Uttarakhand/Small/number/SCvsST,True,in <s> according to the <n> agriculture census which social group operates a larger share of <g> <g> <g> or are the two roughly equal
agrifacts-00671,0d519282b5bf,social_group,area,Haryana,Large,AgCensus2015-16 T2-4,AgCensus2015-16 T2-4 Haryana/Large/area/SCvsOthers,False,in <s> according to the <n> agriculture census which social group operates a larger share of <g> <g> <g> or are the two roughly equal
agrifacts-00672,9fcbc4abbb7d,social_group,area,Jharkhand,All Classes,AgCensus2015-16 T2-4,AgCensus2015-16 T2-4 Jharkhand/All Classes/area/STvsOthers,True,based on the <n> agriculture census of <s> are the shares of <m> roughly equal between <g> and <g> or does one of these groups operate a larger share
agrifacts-00673,0d519282b5bf,social_group,area,Bihar,Small,AgCensus2015-16 T2-4,AgCensus2015-16 T2-4 Bihar/Small/area/SCvsOthers,False,in <s> according to the <n> agriculture census which social group operates a larger share of <g> <g> <g> or are the two roughly equal
agrifacts-00674,b3f80e9bf61c,social_group,area,Assam,All Classes,AgCensus2015-16 T2-4,AgCensus2015-16 T2-4 Assam/All Classes/area/SCvsST,False,in <s> according to the <n> agriculture census which social group operates a larger share of <m> <g> <g> or are the two roughly equal
agrifacts-00675,ebdca817dc87,gender,number,All,femaleShare,AgCensus2015-16 T14-16,AgCensus2015-16 T14-16 All/femaleShare/number/MediumvsSmall,False,in the <n> agriculture census across <s> india is the proportion of <m> run by <g> greater for <g> greater for <g> or roughly the same for both
agrifacts-00676,b534fbed9b67,landholding,area,Goa,All,AgCensus2015-16 T2-4,AgCensus2015-16 T2-4 Goa/All/area/MediumvsLarge,True,based on the <n> agriculture census in <s> which category <g> or <g> con <s> itutes a greater portion of the <m> among farmers or are they roughly equal
agrifacts-00677,0f879613d324,gender,number,SC,femaleShare,AgCensus2015-16 T14-16,AgCensus2015-16 T14-16 SC/femaleShare/number/LargevsSmall,False,in the <n> agriculture census across <s> of india for <g> is the proportion of <m> run by <g> greater among <g> among <g> or roughly equal for the two categories
agrifacts-00678,55f74e759a5c,social_group,area,Andhra Pradesh,Marginal,AgCensus2015-16 T2-4,AgCensus2015-16 T2-4 Andhra Pradesh/Marginal/area/SCvsST,False,according to the <n> agriculture census in <s> is the share of <g> larger for <g> for <g> or are the two roughly equal
agrifacts-00679,65b1c2ff83d0,landholding,number,Puducherry,All,AgCensus2015-16 T2-4,AgCensus2015-16 T2-4 Puducherry/All/number/SmallvsSemi-medium,True,in the agriculture census of <n> for <s> between <g> and <g> which size class represents a greater proportion of farmer <m> or are they roughly equal
agrifacts-00680,0d519282b5bf,social_group,area,Andhra Pradesh,Small,AgCensus2015-16 T2-4,AgCensus2015-16 T2-4 Andhra Pradesh/Small/area/STvsOthers,False,in <s> according to the <n> agriculture census which social group operates a larger share of <g> <g> <g> or are the two roughly equal
agrifacts-00681,353e4c8e6432,landholding,number,Tripura,ST,AgCensus2015-16 T2-4,AgCensus2015-16 T2-4 Tripura/ST/number/SmallvsMedium,False,in <s> according to the <n> agriculture census among <g> which size class accounts for a larger share of <m> <g> <g> or are the two roughly equal
agrifacts-00682,c74b7651dea9,gender,number,All,Marginal,AgCensus2015-16 T14-16,AgCensus2015-16 T14-16 All/Marginal/number/MvF,False,in the <n> agriculture census across <s> india for <g> which group <g> <g> or are they roughly equal holds the larger operational share
agrifacts-00683,0d519282b5bf,social_group,area,Goa,Marginal,AgCensus2015-16 T2-4,AgCensus2015-16 T2-4 Goa/Marginal/area/SCvsST,False,in <s> according to the <n> agriculture census which social group operates a larger share of <g> <g> <g> or are the two roughly equal
agrifacts-00684,ef8dead38902,landholding,number,Gujarat,All,AgCensus2015-16 T2-4,AgCensus2015-16 T2-4 Gujarat/All/number/MarginalvsMedium,False,in <s> according to the <n> agriculture census among farmers which size class accounts for a larger share of <m> <g> <g> or are the two roughly equal
agrifacts-00685,70d296cf8ab1,social_group,number,Andhra Pradesh,Semi-medium,AgCensus2015-16 T2-4,AgCensus2015-16 T2-4 Andhra Pradesh/Semi-medium/number/SCvsST,True,based on the <n> agriculture census in <s> do <g> <g> or are the two roughly equal operate a larger share of <g>
agrifacts-00686,84c5e1e6e4fd,social_group,area,Himachal Pradesh,Semi-medium,AgCensus2015-16 T2-4,AgCensus2015-16 T2-4 Himachal Pradesh/Semi-medium/area/SCvsST,False,according to the <n> agriculture census in <s> between <g> and <g> which social group has the greater portion of <g> or are the two roughly equal
agrifacts-00687,c7829463a298,social_group,area,Maharashtra,Medium,AgCensus2015-16 T2-4,AgCensus2015-16 T2-4 Maharashtra/Medium/area/SCvsST,False,based on the <n> agriculture census in <s> between <g> <g> or a roughly equal <s> atus which social group controls a greater portion of <g>
agrifacts-00688,cf0f08d6dabf,social_group,area,Karnataka,All Classes,AgCensus2015-16 T2-4,AgCensus2015-16 T2-4 Karnataka/All Classes/area/SCvsST,True,based on the <n> agriculture census in <s> between <g> and <g> which social group controls a greater portion of <m> or are they roughly equal
agrifacts-00689,725f25b7956c,social_group,number,Uttarakhand,Small,AgCensus2015-16 T2-4,AgCensus2015-16 T2-4 Uttarakhand/Small/number/SCvsST,True,based on the <n> agriculture census in <s> is the share of <g> <m> by <g> larger than that <m> by <g> is the reverse true or are the two roughly equal
agrifacts-00690,fb99a5948c4c,gender,number,ST,femaleShare,AgCensus2015-16 T14-16,AgCensus2015-16 T14-16 ST/femaleShare/number/MediumvsSmall,False,in the <n> agriculture census across <s> india when considering <g> do <g> operate a greater proportion of <g> a greater proportion of <g> or roughly the same proportion for both
agrifacts-00691,b3f80e9bf61c,social_group,number,Puducherry,All Classes,AgCensus2015-16 T2-4,AgCensus2015-16 T2-4 Puducherry/All Classes/number/STvsOthers,True,in <s> according to the <n> agriculture census which social group operates a larger share of <m> <g> <g> or are the two roughly equal
agrifacts-00692,353e4c8e6432,landholding,number,Nagaland,ST,AgCensus2015-16 T2-4,AgCensus2015-16 T2-4 Nagaland/ST/number/MarginalvsSmall,True,in <s> according to the <n> agriculture census among <g> which size class accounts for a larger share of <m> <g> <g> or are the two roughly equal
agrifacts-00693,b9dd148f9063,gender,number,All,Large,AgCensus2015-16 T14-16,AgCensus2015-16 T14-16 All/Large/number/MvF,True,across india s <n> agriculture census for <g> is a greater portion <m> by <g> <g> or are the two roughly equal
agrifacts-00694,b3f80e9bf61c,social_group,area,Goa,All Classes,AgCensus2015-16 T2-4,AgCensus2015-16 T2-4 Goa/All Classes/area/SCvsST,False,in <s> according to the <n> agriculture census which social group operates a larger share of <m> <g> <g> or are the two roughly equal
agrifacts-00695,353e4c8e6432,landholding,number,Jammu & Kashmir,SC,AgCensus2015-16 T2-4,AgCensus2015-16 T2-4 Jammu & Kashmir/SC/number/SmallvsMedium,False,in <s> according to the <n> agriculture census among <g> which size class accounts for a larger share of <m> <g> <g> or are the two roughly equal
agrifacts-00696,353e4c8e6432,landholding,number,Telangana,ST,AgCensus2015-16 T2-4,AgCensus2015-16 T2-4 Telangana/ST/number/SmallvsMedium,False,in <s> according to the <n> agriculture census among <g> which size class accounts for a larger share of <m> <g> <g> or are the two roughly equal
agrifacts-00697,ef8dead38902,landholding,number,Manipur,All,AgCensus2015-16 T2-4,AgCensus2015-16 T2-4 Manipur/All/number/MarginalvsSemi-medium,False,in <s> according to the <n> agriculture census among farmers which size class accounts for a larger share of <m> <g> <g> or are the two roughly equal
agrifacts-00698,7193c3928488,social_group,number,Uttarakhand,Semi-medium,AgCensus2015-16 T2-4,AgCensus2015-16 T2-4 Uttarakhand/Semi-medium/number/SCvsST,True,based on the <n> agriculture census in <s> is the share of <g> <m> by <g> larger by <g> larger or are the two roughly equal
agrifacts-00699,353e4c8e6432,landholding,number,Punjab,SC,AgCensus2015-16 T2-4,AgCensus2015-16 T2-4 Punjab/SC/number/SmallvsSemi-medium,True,in <s> according to the <n> agriculture census among <g> which size class accounts for a larger share of <m> <g> <g> or are the two roughly equal
agrifacts-00700,0d519282b5bf,social_group,area,Tamil Nadu,Semi-medium,AgCensus2015-16 T2-4,AgCensus2015-16 T2-4 Tamil Nadu/Semi-medium/area/SCvsST,True,in <s> according to the <n> agriculture census which social group operates a larger share of <g> <g> <g> or are the two roughly equal
agrifacts-00701,02c7bbcd0d83,social_group,area,Maharashtra,Medium,AgCensus2015-16 T2-4,AgCensus2015-16 T2-4 Maharashtra/Medium/area/SCvsST,False,in the <n> agriculture census for <s> which social group <g> <g> or are the two roughly equal controls a larger portion of <g>
agrifacts-00702,3817dfe3687d,social_group,number,Chhattisgarh,Semi-medium,AgCensus2015-16 T2-4,AgCensus2015-16 T2-4 Chhattisgarh/Semi-medium/number/STvsOthers,False,based on the <n> agriculture census in <s> is the share of <g> <m> by <g> and that <m> by <g> roughly equal or does one social group operate a larger share
agrifacts-00703,353e4c8e6432,landholding,number,Odisha,ST,AgCensus2015-16 T2-4,AgCensus2015-16 T2-4 Odisha/ST/number/MarginalvsLarge,False,in <s> according to the <n> agriculture census among <g> which size class accounts for a larger share of <m> <g> <g> or are the two roughly equal
agrifacts-00704,ffdd68990b67,gender,area,All,Small,AgCensus2015-16 T14-16,AgCensus2015-16 T14-16 All/Small/area/MvF,True,in the <n> agriculture census across <s> india for <g> which group holds a greater proportion <g> <g> or are they roughly equal
agrifacts-00705,353e4c8e6432,landholding,number,Tamil Nadu,ST,AgCensus2015-16 T2-4,AgCensus2015-16 T2-4 Tamil Nadu/ST/number/SmallvsMedium,False,in <s> according to the <n> agriculture census among <g> which size class accounts for a larger share of <m> <g> <g> or are the two roughly equal
agrifacts-00706,353e4c8e6432,landholding,number,Chhattisgarh,SC,AgCensus2015-16 T2-4,AgCensus2015-16 T2-4 Chhattisgarh/SC/number/MarginalvsLarge,False,in <s> according to the <n> agriculture census among <g> which size class accounts for a larger share of <m> <g> <g> or are the two roughly equal
agrifacts-00707,353e4c8e6432,landholding,number,Bihar,ST,AgCensus2015-16 T2-4,AgCensus2015-16 T2-4 Bihar/ST/number/MarginalvsSemi-medium,False,in <s> according to the <n> agriculture census among <g> which size class accounts for a larger share of <m> <g> <g> or are the two roughly equal
agrifacts-00708,757ad3e942a4,social_group,area,Andhra Pradesh,Semi-medium,AgCensus2015-16 T2-4,AgCensus2015-16 T2-4 Andhra Pradesh/Semi-medium/area/SCvsST,False,based on the <n> agriculture census in <s> between <g> and <g> which social group controls a greater portion of <g> or are the two roughly equal
agrifacts-00709,353e4c8e6432,landholding,number,Telangana,ST,AgCensus2015-16 T2-4,AgCensus2015-16 T2-4 Telangana/ST/number/MarginalvsSemi-medium,True,in <s> according to the <n> agriculture census among <g> which size class accounts for a larger share of <m> <g> <g> or are the two roughly equal
agrifacts-00710,ef8dead38902,landholding,number,Uttar Pradesh,All,AgCensus2015-16 T2-4,AgCensus2015-16 T2-4 Uttar Pradesh/All/number/SmallvsLarge,False,in <s> according to the <n> agriculture census among farmers which size class accounts for a larger share of <m> <g> <g> or are the two roughly equal
agrifacts-00711,ef8dead38902,landholding,area,Assam,All,AgCensus2015-16 T2-4,AgCensus2015-16 T2-4 Assam/All/area/SmallvsSemi-medium,False,in <s> according to the <n> agriculture census among farmers which size class accounts for a larger share of <m> <g> <g> or are the two roughly equal
agrifacts-00712,0d519282b5bf,social_group,number,Uttar Pradesh,Small,AgCensus2015-16 T2-4,AgCensus2015-16 T2-4 Uttar Pradesh/Small/number/SCvsOthers,True,in <s> according to the <n> agriculture census which social group operates a larger share of <g> <g> <g> or are the two roughly equal
agrifacts-00713,a99f3f8b8557,gender,number,SC,Medium,AgCensus2015-16 T14-16,AgCensus2015-16 T14-16 SC/Medium/number/MvF,False,in the <n> agriculture census across <s> of india for <g> with <g> which group controls a greater portion <g> <g> or are they roughly equal
agrifacts-00714,9fe8648b5486,landholding,area,Karnataka,All,AgCensus2015-16 T2-4,AgCensus2015-16 T2-4 Karnataka/All/area/MarginalvsMedium,False,based on the <n> agriculture census in <s> among farmers is the share of <m> larger for <g> larger for <g> or are the two roughly equal
agrifacts-00715,ef8dead38902,landholding,number,Telangana,All,AgCensus2015-16 T2-4,AgCensus2015-16 T2-4 Telangana/All/number/SmallvsMedium,False,in <s> according to the <n> agriculture census among farmers which size class accounts for a larger share of <m> <g> <g> or are the two roughly equal
agrifacts-00716,65f0d78f6daf,landholding,area,Telangana,All,AgCensus2015-16 T2-4,AgCensus2015-16 T2-4 Telangana/All/area/MarginalvsSemi-medium,False,according to the <n> agriculture census in <s> between <g> and <g> among farmers which size class holds a greater portion of <m> or are the two roughly equal
agrifacts-00717,0d519282b5bf,social_group,number,Manipur,Marginal,AgCensus2015-16 T2-4,AgCensus2015-16 T2-4 Manipur/Marginal/number/SCvsST,False,in <s> according to the <n> agriculture census which social group operates a larger share of <g> <g> <g> or are the two roughly equal
agrifacts-00718,0d519282b5bf,social_group,area,Maharashtra,Semi-medium,AgCensus2015-16 T2-4,AgCensus2015-16 T2-4 Maharashtra/Semi-medium/area/SCvsST,False,in <s> according to the <n> agriculture census which social group operates a larger share of <g> <g> <g> or are the two roughly equal
agrifacts-00719,9c9f6d45826e,landholding,area,Jharkhand,All,AgCensus2015-16 T2-4,AgCensus2015-16 T2-4 Jharkhand/All/area/Semi-mediumvsMedium,False,based on the <n> agriculture census in <s> of the <m> among farmers does the <g> or the <g> account for a larger share or are the two roughly equal
agrifacts-00720,0d519282b5bf,social_group,area,Telangana,Marginal,AgCensus2015-16 T2-4,AgCensus2015-16 T2-4 Telangana/Marginal/area/SCvsST,False,in <s> according to the <n> agriculture census which social group operates a larger share of <g> <g> <g> or are the two roughly equal
agrifacts-00721,e5455ede5a4b,landholding,area,Gujarat,All,AgCensus2015-16 T2-4,AgCensus2015-16 T2-4 Gujarat/All/area/Semi-mediumvsMedium,False,based on the <n> agriculture census for <s> does the <g> or the <g> con <s> itute a bigger portion of the total <m> land among farmers or are the two roughly equal
agrifacts-00722,ef8dead38902,landholding,number,Maharashtra,All,AgCensus2015-16 T2-4,AgCensus2015-16 T2-4 Maharashtra/All/number/Semi-mediumvsMedium,True,in <s> according to the <n> agriculture census among farmers which size class accounts for a larger share of <m> <g> <g> or are the two roughly equal
agrifacts-00723,24f962b74c04,social_group,area,Maharashtra,Marginal,AgCensus2015-16 T2-4,AgCensus2015-16 T2-4 Maharashtra/Marginal/area/SCvsST,False,based on the <n> agriculture census in <s> is it <g> <g> or are the two roughly equal that operates a larger share of <g>
agrifacts-00724,b3f80e9bf61c,social_group,area,D & N Haveli,All Classes,AgCensus2015-16 T2-4,AgCensus2015-16 T2-4 D & N Haveli/All Classes/area/SCvsOthers,True,in <s> according to the <n> agriculture census which social group operates a larger share of <m> <g> <g> or are the two roughly equal
agrifacts-00725,52fe3cee045d,gender,area,SC,femaleShare,AgCensus2015-16 T14-16,AgCensus2015-16 T14-16 SC/femaleShare/area/MediumvsSmall,False,in the <n> agriculture census across <s> india for <g> does the proportion of <m> managed by <g> exceed for <g> surpass for <g> or <s> ay roughly the same for both
agrifacts-00726,0d519282b5bf,social_group,number,Kerala,Semi-medium,AgCensus2015-16 T2-4,AgCensus2015-16 T2-4 Kerala/Semi-medium/number/STvsOthers,False,in <s> according to the <n> agriculture census which social group operates a larger share of <g> <g> <g> or are the two roughly equal
agrifacts-00727,8a0fb1b42e57,social_group,number,Himachal Pradesh,Semi-medium,AgCensus2015-16 T2-4,AgCensus2015-16 T2-4 Himachal Pradesh/Semi-medium/number/SCvsST,True,according to the <n> agriculture census in <s> is a larger share of <g> <m> by <g> by <g> or are the two roughly equal
agrifacts-00728,0d519282b5bf,social_group,area,Himachal Pradesh,Large,AgCensus2015-16 T2-4,AgCensus2015-16 T2-4 Himachal Pradesh/Large/area/STvsOthers,False,in <s> according to the <n> agriculture census which social group operates a larger share of <g> <g> <g> or are the two roughly equal
agrifacts-00729,353e4c8e6432,landholding,number,Assam,SC,AgCensus2015-16 T2-4,AgCensus2015-16 T2-4 Assam/SC/number/MarginalvsSmall,True,in <s> according to the <n> agriculture census among <g> which size class accounts for a larger share of <m> <g> <g> or are the two roughly equal
agrifacts-00730,353e4c8e6432,landholding,number,Odisha,ST,AgCensus2015-16 T2-4,AgCensus2015-16 T2-4 Odisha/ST/number/SmallvsSemi-medium,False,in <s> according to the <n> agriculture census among <g> which size class accounts for a larger share of <m> <g> <g> or are the two roughly equal
agrifacts-00731,0d519282b5bf,social_group,number,Himachal Pradesh,Semi-medium,AgCensus2015-16 T2-4,AgCensus2015-16 T2-4 Himachal Pradesh/Semi-medium/number/SCvsOthers,False,in <s> according to the <n> agriculture census which social group operates a larger share of <g> <g> <g> or are the two roughly equal
agrifacts-00732,0d519282b5bf,social_group,number,Punjab,Large,AgCensus2015-16 T2-4,AgCensus2015-16 T2-4 Punjab/Large/number/SCvsOthers,False,in <s> according to the <n> agriculture census which social group operates a larger share of <g> <g> <g> or are the two roughly equal
agrifacts-00733,260cc73fe17d,social_group,number,Tamil Nadu,Semi-medium,AgCensus2015-16 T2-4,AgCensus2015-16 T2-4 Tamil Nadu/Semi-medium/number/SCvsST,True,according to the <n> agriculture census in <s> are <g> or <g> the social group that operates a larger share of <g> or are they roughly equal
agrifacts-00734,ef8dead38902,landholding,number,Jharkhand,All,AgCensus2015-16 T2-4,AgCensus2015-16 T2-4 Jharkhand/All/number/MarginalvsLarge,False,in <s> according to the <n> agriculture census among farmers which size class accounts for a larger share of <m> <g> <g> or are the two roughly equal
agrifacts-00735,ef8dead38902,landholding,number,West Bengal,All,AgCensus2015-16 T2-4,AgCensus2015-16 T2-4 West Bengal/All/number/MarginalvsSemi-medium,False,in <s> according to the <n> agriculture census among farmers which size class accounts for a larger share of <m> <g> <g> or are the two roughly equal
agrifacts-00736,353e4c8e6432,landholding,number,Madhya Pradesh,ST,AgCensus2015-16 T2-4,AgCensus2015-16 T2-4 Madhya Pradesh/ST/number/SmallvsSemi-medium,True,in <s> according to the <n> agriculture census among <g> which size class accounts for a larger share of <m> <g> <g> or are the two roughly equal
agrifacts-00737,353e4c8e6432,landholding,number,Madhya Pradesh,ST,AgCensus2015-16 T2-4,AgCensus2015-16 T2-4 Madhya Pradesh/ST/number/SmallvsMedium,False,in <s> according to the <n> agriculture census among <g> which size class accounts for a larger share of <m> <g> <g> or are the two roughly equal
agrifacts-00738,e11ac1e72d38,landholding,area,Rajasthan,SC,AgCensus2015-16 T2-4,AgCensus2015-16 T2-4 Rajasthan/SC/area/MarginalvsSmall,False,in <s> based on the <n> agriculture census for <g> does <g> or <g> con <s> itute a greater portion of the <m> or are the two roughly equal
agrifacts-00739,353e4c8e6432,landholding,number,Punjab,SC,AgCensus2015-16 T2-4,AgCensus2015-16 T2-4 Punjab/SC/number/MarginalvsMedium,True,in <s> according to the <n> agriculture census among <g> which size class accounts for a larger share of <m> <g> <g> or are the two roughly equal
agrifacts-00740,353e4c8e6432,landholding,number,Maharashtra,ST,AgCensus2015-16 T2-4,AgCensus2015-16 T2-4 Maharashtra/ST/number/Semi-mediumvsLarge,False,in <s> according to the <n> agriculture census among <g> which size class accounts for a larger share of <m> <g> <g> or are the two roughly equal
agrifacts-00741,0d519282b5bf,social_group,number,Chhattisgarh,Semi-medium,AgCensus2015-16 T2-4,AgCensus2015-16 T2-4 Chhattisgarh/Semi-medium/number/SCvsST,True,in <s> according to the <n> agriculture census which social group operates a larger share of <g> <g> <g> or are the two roughly equal
agrifacts-00742,c2c7ccddad15,social_group,area,Andhra Pradesh,Marginal,AgCensus2015-16 T2-4,AgCensus2015-16 T2-4 Andhra Pradesh/Marginal/area/SCvsST,False,according to the <n> agriculture census in <s> between <g> and <g> which social group controls a bigger portion of <g> or are the two roughly equal
agrifacts-00743,0d519282b5bf,social_group,area,Gujarat,Large,AgCensus2015-16 T2-4,AgCensus2015-16 T2-4 Gujarat/Large/area/STvsOthers,False,in <s> according to the <n> agriculture census which social group operates a larger share of <g> <g> <g> or are the two roughly equal
agrifacts-00744,353e4c8e6432,landholding,number,Maharashtra,SC,AgCensus2015-16 T2-4,AgCensus2015-16 T2-4 Maharashtra/SC/number/MarginalvsMedium,True,in <s> according to the <n> agriculture census among <g> which size class accounts for a larger share of <m> <g> <g> or are the two roughly equal
agrifacts-00745,353e4c8e6432,landholding,number,Sikkim,ST,AgCensus2015-16 T2-4,AgCensus2015-16 T2-4 Sikkim/ST/number/SmallvsSemi-medium,False,in <s> according to the <n> agriculture census among <g> which size class accounts for a larger share of <m> <g> <g> or are the two roughly equal
agrifacts-00746,db5689848060,gender,number,SC,Medium,AgCensus2015-16 T14-16,AgCensus2015-16 T14-16 SC/Medium/number/MvF,False,in the <n> agriculture census across <s> india for <g> within <g> do <g> or <g> operate a greater portion or are the two roughly equal
agrifacts-00747,7bb840f9b516,landholding,number,Arunachal Pradesh,ST,AgCensus2015-16 T2-4,AgCensus2015-16 T2-4 Arunachal Pradesh/ST/number/SmallvsMedium,True,among <g> in <s> based on the <n> agriculture census is a greater proportion of <m> held by <g> by <g> or are they roughly equal
agrifacts-00748,ad273938e5e7,gender,area,SC,femaleShare,AgCensus2015-16 T14-16,AgCensus2015-16 T14-16 SC/femaleShare/area/LargevsSmall,False,in the <n> agriculture census across <s> india for <g> does the proportion of <m> managed by <g> differ for <g> compared to <g> being larger for one larger for the other or roughly
agrifacts-00749,09f11ca27577,landholding,number,Uttarakhand,ST,AgCensus2015-16 T2-4,AgCensus2015-16 T2-4 Uttarakhand/ST/number/SmallvsMedium,False,in the <n> agriculture census of <s> for <g> do <g> or <g> represent a greater proportion of <m> or are they roughly equal
agrifacts-00750,ef8dead38902,landholding,number,Arunachal Pradesh,All,AgCensus2015-16 T2-4,AgCensus2015-16 T2-4 Arunachal Pradesh/All/number/MarginalvsMedium,False,in <s> according to the <n> agriculture census among farmers which size class accounts for a larger share of <m> <g> <g> or are the two roughly equal
agrifacts-00751,0d519282b5bf,social_group,number,Arunachal Pradesh,Small,AgCensus2015-16 T2-4,AgCensus2015-16 T2-4 Arunachal Pradesh/Small/number/STvsOthers,False,in <s> according to the <n> agriculture census which social group operates a larger share of <g> <g> <g> or are the two roughly equal
agrifacts-00752,ef8dead38902,landholding,area,Maharashtra,All,AgCensus2015-16 T2-4,AgCensus2015-16 T2-4 Maharashtra/All/area/MarginalvsMedium,False,in <s> according to the <n> agriculture census among farmers which size class accounts for a larger share of <m> <g> <g> or are the two roughly equal
agrifacts-00753,ef8dead38902,landholding,area,Andhra Pradesh,All,AgCensus2015-16 T2-4,AgCensus2015-16 T2-4 Andhra Pradesh/All/area/MarginalvsSmall,False,in <s> according to the <n> agriculture census among farmers which size class accounts for a larger share of <m> <g> <g> or are the two roughly equal
agrifacts-00754,ef8dead38902,landholding,number,Haryana,All,AgCensus2015-16 T2-4,AgCensus2015-16 T2-4 Haryana/All/number/MarginalvsLarge,False,in <s> according to the <n> agriculture census among farmers which size class accounts for a larger share of <m> <g> <g> or are the two roughly equal
agrifacts-00755,0d519282b5bf,social_group,area,Haryana,Small,AgCensus2015-16 T2-4,AgCensus2015-16 T2-4 Haryana/Small/area/SCvsOthers,True,in <s> according to the <n> agriculture census which social group operates a larger share of <g> <g> <g> or are the two roughly equal
agrifacts-00756,0d519282b5bf,social_group,area,Andhra Pradesh,Marginal,AgCensus2015-16 T2-4,AgCensus2015-16 T2-4 Andhra Pradesh/Marginal/area/STvsOthers,False,in <s> according to the <n> agriculture census which social group operates a larger share of <g> <g> <g> or are the two roughly equal
agrifacts-00757,ef8dead38902,landholding,number,Karnataka,All,AgCensus2015-16 T2-4,AgCensus2015-16 T2-4 Karnataka/All/number/MarginalvsSemi-medium,False,in <s> according to the <n> agriculture census among farmers which size class accounts for a larger share of <m> <g> <g> or are the two roughly equal
agrifacts-00758,ef8dead38902,landholding,number,Uttar Pradesh,All,AgCensus2015-16 T2-4,AgCensus2015-16 T2-4 Uttar Pradesh/All/number/Semi-mediumvsMedium,False,in <s> according to the <n> agriculture census among farmers which size class accounts for a larger share of <m> <g> <g> or are the two roughly equal
agrifacts-00759,0d519282b5bf,social_group,number,Assam,Semi-medium,AgCensus2015-16 T2-4,AgCensus2015-16 T2-4 Assam/Semi-medium/number/SCvsST,True,in <s> according to the <n> agriculture census which social group operates a larger share of <g> <g> <g> or are the two roughly equal
agrifacts-00760,ef8dead38902,landholding,area,D & N Haveli,All,AgCensus2015-16 T2-4,AgCensus2015-16 T2-4 D & N Haveli/All/area/SmallvsSemi-medium,False,in <s> according to the <n> agriculture census among farmers which size class accounts for a larger share of <m> <g> <g> or are the two roughly equal
agrifacts-00761,5d02d08f7938,landholding,number,Sikkim,ST,AgCensus2015-16 T2-4,AgCensus2015-16 T2-4 Sikkim/ST/number/SmallvsSemi-medium,False,based on the <n> agriculture census in <s> is the share of <m> among <g> greater for <g> or for <g> or are they roughly equal
agrifacts-00762,ef8dead38902,landholding,area,Maharashtra,All,AgCensus2015-16 T2-4,AgCensus2015-16 T2-4 Maharashtra/All/area/SmallvsSemi-medium,False,in <s> according to the <n> agriculture census among farmers which size class accounts for a larger share of <m> <g> <g> or are the two roughly equal
agrifacts-00763,95350d16ca7d,social_group,number,Uttarakhand,Small,AgCensus2015-16 T2-4,AgCensus2015-16 T2-4 Uttarakhand/Small/number/SCvsST,True,in <s> based on the <n> agriculture census which social group <g> <g> or are the two roughly equal manages a greater portion of <g>
agrifacts-00764,0d519282b5bf,social_group,number,Jharkhand,Semi-medium,AgCensus2015-16 T2-4,AgCensus2015-16 T2-4 Jharkhand/Semi-medium/number/STvsOthers,True,in <s> according to the <n> agriculture census which social group operates a larger share of <g> <g> <g> or are the two roughly equal
agrifacts-00765,353e4c8e6432,landholding,number,Manipur,ST,AgCensus2015-16 T2-4,AgCensus2015-16 T2-4 Manipur/ST/number/Semi-mediumvsMedium,True,in <s> according to the <n> agriculture census among <g> which size class accounts for a larger share of <m> <g> <g> or are the two roughly equal
agrifacts-00766,d53584586d65,landholding,number,Rajasthan,SC,AgCensus2015-16 T2-4,AgCensus2015-16 T2-4 Rajasthan/SC/number/Semi-mediumvsMedium,True,in <s> based on the <n> agriculture census among <g> does the <g> or the <g> size class represent a larger portion of <m> or are they roughly equal
agrifacts-00767,b3f80e9bf61c,social_group,number,Uttar Pradesh,All Classes,AgCensus2015-16 T2-4,AgCensus2015-16 T2-4 Uttar Pradesh/All Classes/number/STvsOthers,False,in <s> according to the <n> agriculture census which social group operates a larger share of <m> <g> <g> or are the two roughly equal
agrifacts-00768,c238bc6cbf4b,gender,area,All,femaleShare,AgCensus2015-16 T14-16,AgCensus2015-16 T14-16 All/femaleShare/area/MediumvsSmall,False,in the <n> agriculture census across <s> india for <g> versus <g> is the proportion of <m> managed by <g> greater sm <s> er or roughly equal for both
agrifacts-00769,b3f80e9bf61c,social_group,area,Jammu & Kashmir,All Classes,AgCensus2015-16 T2-4,AgCensus2015-16 T2-4 Jammu & Kashmir/All Classes/area/SCvsOthers,True,in <s> according to the <n> agriculture census which social group operates a larger share of <m> <g> <g> or are the two roughly equal
agrifacts-00770,353e4c8e6432,landholding,number,Andhra Pradesh,SC,AgCensus2015-16 T2-4,AgCensus2015-16 T2-4 Andhra Pradesh/SC/number/SmallvsLarge,True,in <s> according to the <n> agriculture census among <g> which size class accounts for a larger share of <m> <g> <g> or are the two roughly equal
agrifacts-00771,ed47518cdd98,gender,number,ST,Small,AgCensus2015-16 T14-16,AgCensus2015-16 T14-16 ST/Small/number/MvF,True,in the <n> agriculture census across <s> of india for <g> with <g> do <g> <g> or both roughly equal groups operate a greater portion
agrifacts-00772,34cd43700b74,gender,area,All,femaleShare,AgCensus2015-16 T14-16,AgCensus2015-16 T14-16 All/femaleShare/area/LargevsMedium,True,in the <n> agriculture census at the <s> india level compared to <g> and <g> is the proportion of <m> managed by <g> greater for one or roughly the same for both
agrifacts-00773,a7a10e661107,gender,area,ST,Large,AgCensus2015-16 T14-16,AgCensus2015-16 T14-16 ST/Large/area/MvF,False,considering <s> of india in the <n> agriculture census for <g> with <g> do <g> or <g> operate a greater share or are the two roughly equal
agrifacts-00774,0d519282b5bf,social_group,number,Haryana,Small,AgCensus2015-16 T2-4,AgCensus2015-16 T2-4 Haryana/Small/number/SCvsOthers,True,in <s> according to the <n> agriculture census which social group operates a larger share of <g> <g> <g> or are the two roughly equal
agrifacts-00775,f0fe073e33b7,social_group,number,Kerala,Semi-medium,AgCensus2015-16 T2-4,AgCensus2015-16 T2-4 Kerala/Semi-medium/number/SCvsST,True,in <s> based on the <n> agriculture census is the share of <g> <m> by <g> larger than that <m> by <g> sm <s> er or are the two roughly equal
agrifacts-00776,919a56913b5a,gender,area,SC,Small,AgCensus2015-16 T14-16,AgCensus2015-16 T14-16 SC/Small/area/MvF,False,according to the <n> agriculture census for <s> india within <g> and the <g> category which group <g> <g> or roughly equal shares holds the greater operational portion
agrifacts-00777,d26f0435204e,landholding,area,Sikkim,All,AgCensus2015-16 T2-4,AgCensus2015-16 T2-4 Sikkim/All/area/MarginalvsSmall,False,based on the <n> agriculture census in <s> which of these two categories of farmers those with <g> or those with <g> controls the greater portion of <m> land or are the two roughly
agrifacts-00778,70d296cf8ab1,social_group,number,Telangana,Small,AgCensus2015-16 T2-4,AgCensus2015-16 T2-4 Telangana/Small/number/SCvsST,False,based on the <n> agriculture census in <s> do <g> <g> or are the two roughly equal operate a larger share of <g>
agrifacts-00779,9d2f552c69c0,social_group,number,Maharashtra,Semi-medium,AgCensus2015-16 T2-4,AgCensus2015-16 T2-4 Maharashtra/Semi-medium/number/SCvsST,True,according to the <n> agriculture census in <s> is the share of <g> <m> by <g> larger by <g> larger or are they roughly equal
agrifacts-00780,66877ee97016,landholding,area,Rajasthan,SC,AgCensus2015-16 T2-4,AgCensus2015-16 T2-4 Rajasthan/SC/area/MarginalvsSmall,False,in <s> based on the <n> agriculture census when it comes to <m> among <g> does <g> or <g> account for a larger share or are the two roughly equal
agrifacts-00781,040d2e33970f,landholding,area,Telangana,All,AgCensus2015-16 T2-4,AgCensus2015-16 T2-4 Telangana/All/area/MarginalvsSmall,True,in <s> based on the <n> agriculture census between <g> and <g> which size class comprises a greater portion of the <m> among farmers or are they roughly equal
agrifacts-00782,7fc30bd1c730,social_group,area,Andhra Pradesh,Semi-medium,AgCensus2015-16 T2-4,AgCensus2015-16 T2-4 Andhra Pradesh/Semi-medium/area/SCvsST,False,according to the <n> agriculture census in <s> is the share of <g> larger for <g> larger for <g> or roughly equal for the two
agrifacts-00783,0d519282b5bf,social_group,number,Meghalaya,Marginal,AgCensus2015-16 T2-4,AgCensus2015-16 T2-4 Meghalaya/Marginal/number/STvsOthers,False,in <s> according to the <n> agriculture census which social group operates a larger share of <g> <g> <g> or are the two roughly equal
agrifacts-00784,353e4c8e6432,landholding,number,Odisha,SC,AgCensus2015-16 T2-4,AgCensus2015-16 T2-4 Odisha/SC/number/MarginalvsLarge,False,in <s> according to the <n> agriculture census among <g> which size class accounts for a larger share of <m> <g> <g> or are the two roughly equal
agrifacts-00785,a1436f805c23,social_group,area,Karnataka,Semi-medium,AgCensus2015-16 T2-4,AgCensus2015-16 T2-4 Karnataka/Semi-medium/area/SCvsST,False,based on the <n> agriculture census in <s> do <g> <g> or are the two roughly equal operate the larger share of <g>
agrifacts-00786,0bde0ff5abbf,social_group,area,Karnataka,Large,AgCensus2015-16 T2-4,AgCensus2015-16 T2-4 Karnataka/Large/area/SCvsST,False,among <g> and <g> in <s> based on the <n> agriculture census which social group holds a greater proportion of <g> or are the two roughly equal
agrifacts-00787,ef8dead38902,landholding,number,Assam,All,AgCensus2015-16 T2-4,AgCensus2015-16 T2-4 Assam/All/number/SmallvsLarge,True,in <s> according to the <n> agriculture census among farmers which size class accounts for a larger share of <m> <g> <g> or are the two roughly equal
agrifacts-00788,0d519282b5bf,social_group,area,Arunachal Pradesh,Small,AgCensus2015-16 T2-4,AgCensus2015-16 T2-4 Arunachal Pradesh/Small/area/STvsOthers,False,in <s> according to the <n> agriculture census which social group operates a larger share of <g> <g> <g> or are the two roughly equal
agrifacts-00789,353e4c8e6432,landholding,number,Mizoram,ST,AgCensus2015-16 T2-4,AgCensus2015-16 T2-4 Mizoram/ST/number/SmallvsSemi-medium,False,in <s> according to the <n> agriculture census among <g> which size class accounts for a larger share of <m> <g> <g> or are the two roughly equal
agrifacts-00790,0d519282b5bf,social_group,number,Jammu & Kashmir,Small,AgCensus2015-16 T2-4,AgCensus2015-16 T2-4 Jammu & Kashmir/Small/number/SCvsOthers,True,in <s> according to the <n> agriculture census which social group operates a larger share of <g> <g> <g> or are the two roughly equal
agrifacts-00791,353e4c8e6432,landholding,number,Odisha,SC,AgCensus2015-16 T2-4,AgCensus2015-16 T2-4 Odisha/SC/number/MarginalvsMedium,True,in <s> according to the <n> agriculture census among <g> which size class accounts for a larger share of <m> <g> <g> or are the two roughly equal
agrifacts-00792,0d519282b5bf,social_group,area,Chhattisgarh,Semi-medium,AgCensus2015-16 T2-4,AgCensus2015-16 T2-4 Chhattisgarh/Semi-medium/area/SCvsOthers,False,in <s> according to the <n> agriculture census which social group operates a larger share of <g> <g> <g> or are the two roughly equal
agrifacts-00793,ef8dead38902,landholding,number,Haryana,All,AgCensus2015-16 T2-4,AgCensus2015-16 T2-4 Haryana/All/number/SmallvsLarge,False,in <s> according to the <n> agriculture census among farmers which size class accounts for a larger share of <m> <g> <g> or are the two roughly equal
agrifacts-00794,353e4c8e6432,landholding,number,Karnataka,SC,AgCensus2015-16 T2-4,AgCensus2015-16 T2-4 Karnataka/SC/number/Semi-mediumvsLarge,False,in <s> according to the <n> agriculture census among <g> which size class accounts for a larger share of <m> <g> <g> or are the two roughly equal
agrifacts-00795,b3f80e9bf61c,social_group,area,Himachal Pradesh,All Classes,AgCensus2015-16 T2-4,AgCensus2015-16 T2-4 Himachal Pradesh/All Classes/area/SCvsOthers,True,in <s> according to the <n> agriculture census which social group operates a larger share of <m> <g> <g> or are the two roughly equal
agrifacts-00796,b3f80e9bf61c,social_group,number,Jharkhand,All Classes,AgCensus2015-16 T2-4,AgCensus2015-16 T2-4 Jharkhand/All Classes/number/SCvsOthers,True,in <s> according to the <n> agriculture census which social group operates a larger share of <m> <g> <g> or are the two roughly equal
agrifacts-00797,5b8366d1f5da,landholding,area,Karnataka,All,AgCensus2015-16 T2-4,AgCensus2015-16 T2-4 Karnataka/All/area/MarginalvsMedium,False,based on the <n> agriculture census in <s> between <g> <g> and the two being roughly equal which size class holds the bigger portion of <m> among farmers
agrifacts-00798,e8073f009d3e,landholding,area,Punjab,All,AgCensus2015-16 T2-4,AgCensus2015-16 T2-4 Punjab/All/area/MarginalvsSmall,False,in <s> based on the <n> agriculture census which size class <g> or <g> holds a greater portion of the <m> among farmers or are the two roughly equal
agrifacts-00799,b3f80e9bf61c,social_group,number,Punjab,All Classes,AgCensus2015-16 T2-4,AgCensus2015-16 T2-4 Punjab/All Classes/number/STvsOthers,False,in <s> according to the <n> agriculture census which social group operates a larger share of <m> <g> <g> or are the two roughly equal
agrifacts-00800,0d519282b5bf,social_group,area,Rajasthan,Small,AgCensus2015-16 T2-4,AgCensus2015-16 T2-4 Rajasthan/Small/area/SCvsST,True,in <s> according to the <n> agriculture census which social group operates a larger share of <g> <g> <g> or are the two roughly equal
agrifacts-00801,353e4c8e6432,landholding,area,Tripura,ST,AgCensus2015-16 T2-4,AgCensus2015-16 T2-4 Tripura/ST/area/SmallvsSemi-medium,False,in <s> according to the <n> agriculture census among <g> which size class accounts for a larger share of <m> <g> <g> or are the two roughly equal
agrifacts-00802,a86129d3f422,landholding,number,Tripura,SC,AgCensus2015-16 T2-4,AgCensus2015-16 T2-4 Tripura/SC/number/SmallvsSemi-medium,False,according to the <n> agriculture census in <s> for <g> does the <g> size class or the <g> size class account for a larger share of <m> or are the two roughly equal
agrifacts-00803,ef8dead38902,landholding,number,West Bengal,All,AgCensus2015-16 T2-4,AgCensus2015-16 T2-4 West Bengal/All/number/SmallvsLarge,False,in <s> according to the <n> agriculture census among farmers which size class accounts for a larger share of <m> <g> <g> or are the two roughly equal
agrifacts-00804,0d519282b5bf,social_group,area,Uttarakhand,Small,AgCensus2015-16 T2-4,AgCensus2015-16 T2-4 Uttarakhand/Small/area/SCvsST,True,in <s> according to the <n> agriculture census which social group operates a larger share of <g> <g> <g> or are the two roughly equal
agrifacts-00805,0d519282b5bf,social_group,area,Chhattisgarh,Large,AgCensus2015-16 T2-4,AgCensus2015-16 T2-4 Chhattisgarh/Large/area/STvsOthers,False,in <s> according to the <n> agriculture census which social group operates a larger share of <g> <g> <g> or are the two roughly equal
agrifacts-00806,b1712d988cd3,social_group,number,Telangana,Marginal,AgCensus2015-16 T2-4,AgCensus2015-16 T2-4 Telangana/Marginal/number/SCvsST,True,according to the <n> agriculture census in <s> which social group <g> or <g> operates a larger portion of <g> or are the two roughly equal
agrifacts-00807,353e4c8e6432,landholding,area,Goa,ST,AgCensus2015-16 T2-4,AgCensus2015-16 T2-4 Goa/ST/area/SmallvsSemi-medium,True,in <s> according to the <n> agriculture census among <g> which size class accounts for a larger share of <m> <g> <g> or are the two roughly equal
agrifacts-00808,353e4c8e6432,landholding,number,Meghalaya,ST,AgCensus2015-16 T2-4,AgCensus2015-16 T2-4 Meghalaya/ST/number/MarginalvsSmall,False,in <s> according to the <n> agriculture census among <g> which size class accounts for a larger share of <m> <g> <g> or are the two roughly equal
agrifacts-00809,0d519282b5bf,social_group,number,Nagaland,Large,AgCensus2015-16 T2-4,AgCensus2015-16 T2-4 Nagaland/Large/number/SCvsST,False,in <s> according to the <n> agriculture census which social group operates a larger share of <g> <g> <g> or are the two roughly equal
agrifacts-00810,0d519282b5bf,social_group,number,Chhattisgarh,Medium,AgCensus2015-16 T2-4,AgCensus2015-16 T2-4 Chhattisgarh/Medium/number/SCvsST,False,in <s> according to the <n> agriculture census which social group operates a larger share of <g> <g> <g> or are the two roughly equal
agrifacts-00811,89e8deae5b61,social_group,area,Telangana,Small,AgCensus2015-16 T2-4,AgCensus2015-16 T2-4 Telangana/Small/area/SCvsST,True,based on the <n> agriculture census in <s> do <g> or <g> manage a greater portion of <g> or are the two roughly equal
agrifacts-00812,353e4c8e6432,landholding,number,Madhya Pradesh,SC,AgCensus2015-16 T2-4,AgCensus2015-16 T2-4 Madhya Pradesh/SC/number/SmallvsSemi-medium,False,in <s> according to the <n> agriculture census among <g> which size class accounts for a larger share of <m> <g> <g> or are the two roughly equal
agrifacts-00813,0d519282b5bf,social_group,number,Mizoram,Small,AgCensus2015-16 T2-4,AgCensus2015-16 T2-4 Mizoram/Small/number/STvsOthers,False,in <s> according to the <n> agriculture census which social group operates a larger share of <g> <g> <g> or are the two roughly equal
agrifacts-00814,bf63e6b3f467,social_group,area,Andhra Pradesh,Marginal,AgCensus2015-16 T2-4,AgCensus2015-16 T2-4 Andhra Pradesh/Marginal/area/SCvsST,False,in the <n> agriculture census of <s> do <g> <g> or roughly equal shares of both control a greater portion of <g>
agrifacts-00815,b794beb4efcc,gender,number,ST,Large,AgCensus2015-16 T14-16,AgCensus2015-16 T14-16 ST/Large/number/MvF,True,in the <n> agriculture census across <s> india for <g> and <g> do <g> or <g> operate a larger share or are they roughly equal
agrifacts-00816,353e4c8e6432,landholding,number,Jharkhand,ST,AgCensus2015-16 T2-4,AgCensus2015-16 T2-4 Jharkhand/ST/number/SmallvsSemi-medium,False,in <s> according to the <n> agriculture census among <g> which size class accounts for a larger share of <m> <g> <g> or are the two roughly equal
agrifacts-00817,ec8bcc6ae68c,social_group,number,Rajasthan,Semi-medium,AgCensus2015-16 T2-4,AgCensus2015-16 T2-4 Rajasthan/Semi-medium/number/SCvsST,True,based on the <n> agriculture census in <s> is a larger share of <g> <m> by <g> by <g> or are the two roughly equal
agrifacts-00818,0f7b0424719e,landholding,number,Haryana,All,AgCensus2015-16 T2-4,AgCensus2015-16 T2-4 Haryana/All/number/SmallvsSemi-medium,True,in <s> based on the <n> agriculture census between <g> and <g> among farmers which size class holds a greater share of <m> or are the two roughly equal
agrifacts-00819,353e4c8e6432,landholding,number,Karnataka,SC,AgCensus2015-16 T2-4,AgCensus2015-16 T2-4 Karnataka/SC/number/MarginalvsSmall,False,in <s> according to the <n> agriculture census among <g> which size class accounts for a larger share of <m> <g> <g> or are the two roughly equal
agrifacts-00820,0d519282b5bf,social_group,number,Punjab,Large,AgCensus2015-16 T2-4,AgCensus2015-16 T2-4 Punjab/Large/number/STvsOthers,False,in <s> according to the <n> agriculture census which social group operates a larger share of <g> <g> <g> or are the two roughly equal
agrifacts-00821,0d519282b5bf,social_group,number,Maharashtra,Medium,AgCensus2015-16 T2-4,AgCensus2015-16 T2-4 Maharashtra/Medium/number/SCvsST,False,in <s> according to the <n> agriculture census which social group operates a larger share of <g> <g> <g> or are the two roughly equal
agrifacts-00822,903338298fd9,landholding,number,Rajasthan,SC,AgCensus2015-16 T2-4,AgCensus2015-16 T2-4 Rajasthan/SC/number/Semi-mediumvsMedium,True,in the <n> agriculture census for <s> among <g> does the larger portion of <m> belong to <g> to <g> or are these two categories roughly equal
agrifacts-00823,ef8dead38902,landholding,number,Odisha,All,AgCensus2015-16 T2-4,AgCensus2015-16 T2-4 Odisha/All/number/MarginalvsMedium,True,in <s> according to the <n> agriculture census among farmers which size class accounts for a larger share of <m> <g> <g> or are the two roughly equal
agrifacts-00824,1dc0b3c3f754,social_group,number,Karnataka,Large,AgCensus2015-16 T2-4,AgCensus2015-16 T2-4 Karnataka/Large/number/SCvsST,True,based on the <n> agriculture census in <s> do <g> <g> or both roughly equ <s> y operate the larger share of <g>
agrifacts-00825,0d519282b5bf,social_group,number,Chhattisgarh,Marginal,AgCensus2015-16 T2-4,AgCensus2015-16 T2-4 Chhattisgarh/Marginal/number/SCvsOthers,True,in <s> according to the <n> agriculture census which social group operates a larger share of <g> <g> <g> or are the two roughly equal
agrifacts-00826,353e4c8e6432,landholding,number,Karnataka,ST,AgCensus2015-16 T2-4,AgCensus2015-16 T2-4 Karnataka/ST/number/MarginalvsSmall,False,in <s> according to the <n> agriculture census among <g> which size class accounts for a larger share of <m> <g> <g> or are the two roughly equal
agrifacts-00827,353e4c8e6432,landholding,number,Telangana,SC,AgCensus2015-16 T2-4,AgCensus2015-16 T2-4 Telangana/SC/number/SmallvsMedium,False,in <s> according to the <n> agriculture census among <g> which size class accounts for a larger share of <m> <g> <g> or are the two roughly equal
agrifacts-00828,6b5828903852,landholding,number,Rajasthan,All,AgCensus2015-16 T2-4,AgCensus2015-16 T2-4 Rajasthan/All/number/Semi-mediumvsMedium,True,in the <n> agriculture census of <s> which size class <g> or <g> holds a greater portion of farmer <m> or are they roughly equal
agrifacts-00829,15aaa2785f91,landholding,number,Arunachal Pradesh,ST,AgCensus2015-16 T2-4,AgCensus2015-16 T2-4 Arunachal Pradesh/ST/number/Semi-mediumvsMedium,True,according to the <n> agriculture census among <g> in <s> which size class <g> <g> or are the two roughly equal accounts for a larger share of <m>
agrifacts-00830,353e4c8e6432,landholding,area,Karnataka,SC,AgCensus2015-16 T2-4,AgCensus2015-16 T2-4 Karnataka/SC/area/MarginalvsSemi-medium,False,in <s> according to the <n> agriculture census among <g> which size class accounts for a larger share of <m> <g> <g> or are the two roughly equal
agrifacts-00831,353e4c8e6432,landholding,number,Nagaland,ST,AgCensus2015-16 T2-4,AgCensus2015-16 T2-4 Nagaland/ST/number/Semi-mediumvsLarge,True,in <s> according to the <n> agriculture census among <g> which size class accounts for a larger share of <m> <g> <g> or are the two roughly equal
agrifacts-00832,c7418960d726,landholding,area,Gujarat,All,AgCensus2015-16 T2-4,AgCensus2015-16 T2-4 Gujarat/All/area/SmallvsMedium,True,based on the <n> agriculture census in <s> among farmers does <g> <g> or are the two roughly equal account for a larger share of <m>
agrifacts-00833,0d519282b5bf,social_group,area,Gujarat,Marginal,AgCensus2015-16 T2-4,AgCensus2015-16 T2-4 Gujarat/Marginal/area/SCvsOthers,False,in <s> according to the <n> agriculture census which social group operates a larger share of <g> <g> <g> or are the two roughly equal
agrifacts-00834,353e4c8e6432,landholding,number,Uttar Pradesh,ST,AgCensus2015-16 T2-4,AgCensus2015-16 T2-4 Uttar Pradesh/ST/number/MarginalvsSmall,False,in <s> according to the <n> agriculture census among <g> which size class accounts for a larger share of <m> <g> <g> or are the two roughly equal
agrifacts-00835,0355f851ebca,gender,number,ST,Small,AgCensus2015-16 T14-16,AgCensus2015-16 T14-16 ST/Small/number/MvF,True,in the <n> agriculture census across <s> india for <g> and <g> is a larger share <m> by <g> by <g> or are they roughly equal
agrifacts-00836,b3f80e9bf61c,social_group,area,Goa,All Classes,AgCensus2015-16 T2-4,AgCensus2015-16 T2-4 Goa/All Classes/area/SCvsOthers,True,in <s> according to the <n> agriculture census which social group operates a larger share of <m> <g> <g> or are the two roughly equal
agrifacts-00837,0d519282b5bf,social_group,number,Jharkhand,Marginal,AgCensus2015-16 T2-4,AgCensus2015-16 T2-4 Jharkhand/Marginal/number/SCvsST,False,in <s> according to the <n> agriculture census which social group operates a larger share of <g> <g> <g> or are the two roughly equal
agrifacts-00838,ef8dead38902,landholding,number,Himachal Pradesh,All,AgCensus2015-16 T2-4,AgCensus2015-16 T2-4 Himachal Pradesh/All/number/SmallvsLarge,False,in <s> according to the <n> agriculture census among farmers which size class accounts for a larger share of <m> <g> <g> or are the two roughly equal
agrifacts-00839,0d519282b5bf,social_group,area,Telangana,Large,AgCensus2015-16 T2-4,AgCensus2015-16 T2-4 Telangana/Large/area/SCvsST,False,in <s> according to the <n> agriculture census which social group operates a larger share of <g> <g> <g> or are the two roughly equal
agrifacts-00840,ef8dead38902,landholding,number,Maharashtra,All,AgCensus2015-16 T2-4,AgCensus2015-16 T2-4 Maharashtra/All/number/SmallvsMedium,True,in <s> according to the <n> agriculture census among farmers which size class accounts for a larger share of <m> <g> <g> or are the two roughly equal
agrifacts-00841,a37a5ffc6f43,gender,area,All,Small,AgCensus2015-16 T14-16,AgCensus2015-16 T14-16 All/Small/area/MvF,True,in the <n> agriculture census for <g> across <s> india which group holds a greater proportion <g> <g> or are the two roughly equal
agrifacts-00842,ef8dead38902,landholding,number,Tamil Nadu,All,AgCensus2015-16 T2-4,AgCensus2015-16 T2-4 Tamil Nadu/All/number/Semi-mediumvsMedium,True,in <s> according to the <n> agriculture census among farmers which size class accounts for a larger share of <m> <g> <g> or are the two roughly equal
agrifacts-00843,e3a31bacc830,landholding,area,Assam,All,AgCensus2015-16 T2-4,AgCensus2015-16 T2-4 Assam/All/area/MarginalvsSemi-medium,False,in <s> based on the <n> agriculture census which size class among farmers holds a greater proportion of <m> <g> <g> or are the two roughly equal
agrifacts-00844,c3e3384e7636,landholding,number,Goa,ST,AgCensus2015-16 T2-4,AgCensus2015-16 T2-4 Goa/ST/number/SmallvsMedium,False,according to the <n> agriculture census in <s> among <g> do <g> or <g> account for a larger share of <m> or are the two roughly equal
agrifacts-00845,ef8dead38902,landholding,number,Puducherry,All,AgCensus2015-16 T2-4,AgCensus2015-16 T2-4 Puducherry/All/number/MarginalvsSmall,False,in <s> according to the <n> agriculture census among farmers which size class accounts for a larger share of <m> <g> <g> or are the two roughly equal
agrifacts-00846,0d519282b5bf,social_group,area,Andhra Pradesh,Medium,AgCensus2015-16 T2-4,AgCensus2015-16 T2-4 Andhra Pradesh/Medium/area/SCvsOthers,False,in <s> according to the <n> agriculture census which social group operates a larger share of <g> <g> <g> or are the two roughly equal
agrifacts-00847,5fdd57855555,social_group,number,Andhra Pradesh,Semi-medium,AgCensus2015-16 T2-4,AgCensus2015-16 T2-4 Andhra Pradesh/Semi-medium/number/SCvsST,True,according to the <n> agriculture census in <s> is it <g> <g> or are the two roughly equal that operate a larger share of <g>
agrifacts-00848,ef8dead38902,landholding,area,D & N Haveli,All,AgCensus2015-16 T2-4,AgCensus2015-16 T2-4 D & N Haveli/All/area/Semi-mediumvsMedium,False,in <s> according to the <n> agriculture census among farmers which size class accounts for a larger share of <m> <g> <g> or are the two roughly equal
agrifacts-00849,ef8dead38902,landholding,number,Puducherry,All,AgCensus2015-16 T2-4,AgCensus2015-16 T2-4 Puducherry/All/number/MarginalvsSemi-medium,False,in <s> according to the <n> agriculture census among farmers which size class accounts for a larger share of <m> <g> <g> or are the two roughly equal
agrifacts-00850,477ca702a6e4,social_group,number,Rajasthan,All Classes,AgCensus2015-16 T2-4,AgCensus2015-16 T2-4 Rajasthan/All Classes/number/SCvsST,False,in <s> based on the <n> agriculture census do <g> or <g> operate a greater proportion of <m> or are the two roughly equal
agrifacts-00851,125946466e6c,social_group,area,Andhra Pradesh,Small,AgCensus2015-16 T2-4,AgCensus2015-16 T2-4 Andhra Pradesh/Small/area/SCvsST,True,according to the <n> agriculture census in <s> do <g> <g> or are the two roughly equal operate a larger share of <g>
agrifacts-00852,0d519282b5bf,social_group,number,Assam,Medium,AgCensus2015-16 T2-4,AgCensus2015-16 T2-4 Assam/Medium/number/STvsOthers,True,in <s> according to the <n> agriculture census which social group operates a larger share of <g> <g> <g> or are the two roughly equal
agrifacts-00853,6316fe5d573f,gender,area,All,Large,AgCensus2015-16 T14-16,AgCensus2015-16 T14-16 All/Large/area/MvF,False,among <g> in the <n> agriculture census at the <s> india level do <g> or <g> operate a larger share or are the two roughly equal
agrifacts-00854,b3f80e9bf61c,social_group,number,Assam,All Classes,AgCensus2015-16 T2-4,AgCensus2015-16 T2-4 Assam/All Classes/number/STvsOthers,True,in <s> according to the <n> agriculture census which social group operates a larger share of <m> <g> <g> or are the two roughly equal
agrifacts-00855,227ce263bcbd,landholding,area,Kerala,All,AgCensus2015-16 T2-4,AgCensus2015-16 T2-4 Kerala/All/area/Semi-mediumvsLarge,False,based on the <n> agriculture census in <s> which size class <g> or <g> holds a greater portion of the <m> among farmers or are the two roughly equal
agrifacts-00856,353e4c8e6432,landholding,area,Haryana,SC,AgCensus2015-16 T2-4,AgCensus2015-16 T2-4 Haryana/SC/area/MarginalvsSmall,True,in <s> according to the <n> agriculture census among <g> which size class accounts for a larger share of <m> <g> <g> or are the two roughly equal
agrifacts-00857,c31c33113f1a,gender,area,ST,Marginal,AgCensus2015-16 T14-16,AgCensus2015-16 T14-16 ST/Marginal/area/MvF,False,in the <n> agriculture census across <s> of india when considering <g> and <g> which group holds a greater portion <g> <g> or are they roughly equal
agrifacts-00858,353e4c8e6432,landholding,number,Arunachal Pradesh,ST,AgCensus2015-16 T2-4,AgCensus2015-16 T2-4 Arunachal Pradesh/ST/number/MarginalvsSemi-medium,False,in <s> according to the <n> agriculture census among <g> which size class accounts for a larger share of <m> <g> <g> or are the two roughly equal
agrifacts-00859,353e4c8e6432,landholding,number,Uttar Pradesh,ST,AgCensus2015-16 T2-4,AgCensus2015-16 T2-4 Uttar Pradesh/ST/number/MarginalvsSemi-medium,False,in <s> according to the <n> agriculture census among <g> which size class accounts for a larger share of <m> <g> <g> or are the two roughly equal
agrifacts-00860,3c592ab8bb4f,landholding,area,Delhi,All,AgCensus2015-16 T2-4,AgCensus2015-16 T2-4 Delhi/All/area/SmallvsMedium,True,based on the <n> agriculture census in <s> of the <m> held by farmers does a larger portion belong to the <g> the <g> or are the two roughly equal
agrifacts-00861,353e4c8e6432,landholding,number,Madhya Pradesh,ST,AgCensus2015-16 T2-4,AgCensus2015-16 T2-4 Madhya Pradesh/ST/number/Semi-mediumvsLarge,False,in <s> according to the <n> agriculture census among <g> which size class accounts for a larger share of <m> <g> <g> or are the two roughly equal
agrifacts-00862,55f0961ebf8c,social_group,number,Karnataka,Semi-medium,AgCensus2015-16 T2-4,AgCensus2015-16 T2-4 Karnataka/Semi-medium/number/SCvsST,True,based on the <n> agriculture census in <s> which social group <g> or <g> has a bigger portion of <g> or are these two roughly equal
agrifacts-00863,ebe091de85db,gender,number,All,Small,AgCensus2015-16 T14-16,AgCensus2015-16 T14-16 All/Small/number/MvF,True,in the <n> agriculture census across <s> india for <g> which group operates a greater portion <g> <g> or are they roughly equal
agrifacts-00864,353e4c8e6432,landholding,area,Andhra Pradesh,ST,AgCensus2015-16 T2-4,AgCensus2015-16 T2-4 Andhra Pradesh/ST/area/SmallvsSemi-medium,False,in <s> according to the <n> agriculture census among <g> which size class accounts for a larger share of <m> <g> <g> or are the two roughly equal
agrifacts-00865,0d519282b5bf,social_group,area,Haryana,Small,AgCensus2015-16 T2-4,AgCensus2015-16 T2-4 Haryana/Small/area/STvsOthers,True,in <s> according to the <n> agriculture census which social group operates a larger share of <g> <g> <g> or are the two roughly equal
agrifacts-00866,b3f80e9bf61c,social_group,area,Karnataka,All Classes,AgCensus2015-16 T2-4,AgCensus2015-16 T2-4 Karnataka/All Classes/area/STvsOthers,True,in <s> according to the <n> agriculture census which social group operates a larger share of <m> <g> <g> or are the two roughly equal
agrifacts-00867,b3f80e9bf61c,social_group,area,Haryana,All Classes,AgCensus2015-16 T2-4,AgCensus2015-16 T2-4 Haryana/All Classes/area/SCvsOthers,True,in <s> according to the <n> agriculture census which social group operates a larger share of <m> <g> <g> or are the two roughly equal
agrifacts-00868,c73a77426f07,gender,number,SC,femaleShare,AgCensus2015-16 T14-16,AgCensus2015-16 T14-16 SC/femaleShare/number/MarginalvsMedium,True,in the <n> agriculture census across <s> of india for <g> does the proportion of <m> run by <g> tend to be greater for <g> greater for <g> or roughly the same for both
agrifacts-00869,eec935788791,social_group,area,Uttarakhand,All Classes,AgCensus2015-16 T2-4,AgCensus2015-16 T2-4 Uttarakhand/All Classes/area/SCvsST,False,based on the <n> agriculture census in <s> do <g> or <g> control a greater portion of the <m> or are the two roughly equal
agrifacts-00870,6b8b9c2e311b,social_group,area,Telangana,All Classes,AgCensus2015-16 T2-4,AgCensus2015-16 T2-4 Telangana/All Classes/area/SCvsST,False,according to the <n> agriculture census between <g> and <g> in <s> which social group holds the greater portion of <m> or are they roughly equal
agrifacts-00871,0d519282b5bf,social_group,number,Rajasthan,Marginal,AgCensus2015-16 T2-4,AgCensus2015-16 T2-4 Rajasthan/Marginal/number/STvsOthers,False,in <s> according to the <n> agriculture census which social group operates a larger share of <g> <g> <g> or are the two roughly equal
agrifacts-00872,0d519282b5bf,social_group,area,Jammu & Kashmir,Semi-medium,AgCensus2015-16 T2-4,AgCensus2015-16 T2-4 Jammu & Kashmir/Semi-medium/area/STvsOthers,False,in <s> according to the <n> agriculture census which social group operates a larger share of <g> <g> <g> or are the two roughly equal
agrifacts-00873,988aedfd8c0e,landholding,number,Punjab,SC,AgCensus2015-16 T2-4,AgCensus2015-16 T2-4 Punjab/SC/number/SmallvsSemi-medium,True,based on the <n> agriculture census in <s> regarding <g> do <g> or <g> represent a greater proportion of total <m> or are these two categories roughly equal
agrifacts-00874,0d519282b5bf,social_group,number,Madhya Pradesh,Small,AgCensus2015-16 T2-4,AgCensus2015-16 T2-4 Madhya Pradesh/Small/number/SCvsOthers,True,in <s> according to the <n> agriculture census which social group operates a larger share of <g> <g> <g> or are the two roughly equal
agrifacts-00875,0d519282b5bf,social_group,area,Assam,Small,AgCensus2015-16 T2-4,AgCensus2015-16 T2-4 Assam/Small/area/SCvsST,True,in <s> according to the <n> agriculture census which social group operates a larger share of <g> <g> <g> or are the two roughly equal
agrifacts-00876,353e4c8e6432,landholding,number,Manipur,ST,AgCensus2015-16 T2-4,AgCensus2015-16 T2-4 Manipur/ST/number/MarginalvsSemi-medium,False,in <s> according to the <n> agriculture census among <g> which size class accounts for a larger share of <m> <g> <g> or are the two roughly equal
agrifacts-00877,e7be242020e7,landholding,area,Punjab,SC,AgCensus2015-16 T2-4,AgCensus2015-16 T2-4 Punjab/SC/area/MarginalvsSmall,False,according to the <n> agriculture census in <s> among <g> which size class has a larger portion of <m> <g> <g> or are the two roughly equal
agrifacts-00878,353e4c8e6432,landholding,number,Gujarat,SC,AgCensus2015-16 T2-4,AgCensus2015-16 T2-4 Gujarat/SC/number/MarginalvsSemi-medium,True,in <s> according to the <n> agriculture census among <g> which size class accounts for a larger share of <m> <g> <g> or are the two roughly equal
agrifacts-00879,03241bab5eae,social_group,number,Tamil Nadu,Semi-medium,AgCensus2015-16 T2-4,AgCensus2015-16 T2-4 Tamil Nadu/Semi-medium/number/SCvsST,True,based on the <n> agriculture census in <s> between <g> and <g> which social group runs a greater portion of <g> or are the two roughly equal
agrifacts-00880,353e4c8e6432,landholding,number,Mizoram,ST,AgCensus2015-16 T2-4,AgCensus2015-16 T2-4 Mizoram/ST/number/SmallvsLarge,True,in <s> according to the <n> agriculture census among <g> which size class accounts for a larger share of <m> <g> <g> or are the two roughly equal
agrifacts-00881,353e4c8e6432,landholding,number,Maharashtra,SC,AgCensus2015-16 T2-4,AgCensus2015-16 T2-4 Maharashtra/SC/number/Semi-mediumvsMedium,True,in <s> according to the <n> agriculture census among <g> which size class accounts for a larger share of <m> <g> <g> or are the two roughly equal
agrifacts-00882,dd7a59ba4978,landholding,number,Arunachal Pradesh,All,AgCensus2015-16 T2-4,AgCensus2015-16 T2-4 Arunachal Pradesh/All/number/MarginalvsSmall,False,according to the <n> agriculture census in <s> do <g> or <g> account for a larger share among farmers <m> or are the two roughly equal
agrifacts-00883,ef8dead38902,landholding,number,Andhra Pradesh,All,AgCensus2015-16 T2-4,AgCensus2015-16 T2-4 Andhra Pradesh/All/number/SmallvsSemi-medium,True,in <s> according to the <n> agriculture census among farmers which size class accounts for a larger share of <m> <g> <g> or are the two roughly equal
agrifacts-00884,b3f80e9bf61c,social_group,area,Andhra Pradesh,All Classes,AgCensus2015-16 T2-4,AgCensus2015-16 T2-4 Andhra Pradesh/All Classes/area/SCvsST,True,in <s> according to the <n> agriculture census which social group operates a larger share of <m> <g> <g> or are the two roughly equal
agrifacts-00885,d2109f3c1dd9,social_group,area,Maharashtra,Large,AgCensus2015-16 T2-4,AgCensus2015-16 T2-4 Maharashtra/Large/area/SCvsST,False,based on the <n> agriculture census in <s> which social group <g> <g> or roughly equal has a bigger portion of <g>
agrifacts-00886,353e4c8e6432,landholding,number,Andhra Pradesh,ST,AgCensus2015-16 T2-4,AgCensus2015-16 T2-4 Andhra Pradesh/ST/number/MarginalvsMedium,False,in <s> according to the <n> agriculture census among <g> which size class accounts for a larger share of <m> <g> <g> or are the two roughly equal
agrifacts-00887,353e4c8e6432,landholding,number,Manipur,ST,AgCensus2015-16 T2-4,AgCensus2015-16 T2-4 Manipur/ST/number/SmallvsSemi-medium,False,in <s> according to the <n> agriculture census among <g> which size class accounts for a larger share of <m> <g> <g> or are the two roughly equal
agrifacts-00888,0d519282b5bf,social_group,area,Jammu & Kashmir,Small,AgCensus2015-16 T2-4,AgCensus2015-16 T2-4 Jammu & Kashmir/Small/area/SCvsOthers,False,in <s> according to the <n> agriculture census which social group operates a larger share of <g> <g> <g> or are the two roughly equal
agrifacts-00889,7719b062f770,social_group,number,Andhra Pradesh,Small,AgCensus2015-16 T2-4,AgCensus2015-16 T2-4 Andhra Pradesh/Small/number/SCvsST,True,in the <n> agriculture census of <s> does a larger portion of <g> belong to <g> <g> or are the two roughly equal
agrifacts-00890,57d4c0195908,landholding,number,Arunachal Pradesh,All,AgCensus2015-16 T2-4,AgCensus2015-16 T2-4 Arunachal Pradesh/All/number/MarginalvsSemi-medium,True,in <s> per the <n> agriculture census does <g> or <g> con <s> itute a larger proportion of farmer <m> or are the two roughly equal
agrifacts-00891,353e4c8e6432,landholding,number,Kerala,ST,AgCensus2015-16 T2-4,AgCensus2015-16 T2-4 Kerala/ST/number/MarginalvsLarge,False,in <s> according to the <n> agriculture census among <g> which size class accounts for a larger share of <m> <g> <g> or are the two roughly equal
agrifacts-00892,349b2c30992b,landholding,number,Arunachal Pradesh,All,AgCensus2015-16 T2-4,AgCensus2015-16 T2-4 Arunachal Pradesh/All/number/SmallvsMedium,True,based on the <n> agriculture census in <s> among farmers does a greater proportion of <m> belong to <g> to <g> or are the two roughly equal
agrifacts-00893,4f0f2d6b7728,gender,area,ST,Large,AgCensus2015-16 T14-16,AgCensus2015-16 T14-16 ST/Large/area/MvF,False,at the <s> india level in the <n> agriculture census among <g> among <g> who operates a larger share <g> <g> or are the two roughly equal
agrifacts-00894,0d519282b5bf,social_group,area,Gujarat,Medium,AgCensus2015-16 T2-4,AgCensus2015-16 T2-4 Gujarat/Medium/area/SCvsOthers,False,in <s> according to the <n> agriculture census which social group operates a larger share of <g> <g> <g> or are the two roughly equal
agrifacts-00895,0d519282b5bf,social_group,number,Kerala,Small,AgCensus2015-16 T2-4,AgCensus2015-16 T2-4 Kerala/Small/number/SCvsOthers,True,in <s> according to the <n> agriculture census which social group operates a larger share of <g> <g> <g> or are the two roughly equal
agrifacts-00896,fb2b35f95fa3,landholding,area,Sikkim,All,AgCensus2015-16 T2-4,AgCensus2015-16 T2-4 Sikkim/All/area/SmallvsMedium,True,according to the <n> agriculture census in <s> between <g> and <g> which size class among farmers accounts for the larger share of <m> or are the two roughly equal
agrifacts-00897,ef8dead38902,landholding,number,Punjab,All,AgCensus2015-16 T2-4,AgCensus2015-16 T2-4 Punjab/All/number/MarginalvsSemi-medium,False,in <s> according to the <n> agriculture census among farmers which size class accounts for a larger share of <m> <g> <g> or are the two roughly equal
agrifacts-00898,b8676d5b9c7f,landholding,area,Tamil Nadu,SC,AgCensus2015-16 T2-4,AgCensus2015-16 T2-4 Tamil Nadu/SC/area/MediumvsLarge,False,among <g> in <s> as per the <n> agriculture census which size class holds a greater portion of the <m> <g> <g> or are the two roughly equal
agrifacts-00899,b3f80e9bf61c,social_group,number,Karnataka,All Classes,AgCensus2015-16 T2-4,AgCensus2015-16 T2-4 Karnataka/All Classes/number/SCvsOthers,False,in <s> according to the <n> agriculture census which social group operates a larger share of <m> <g> <g> or are the two roughly equal
agrifacts-00900,258a75bbf47c,social_group,number,Andhra Pradesh,Small,AgCensus2015-16 T2-4,AgCensus2015-16 T2-4 Andhra Pradesh/Small/number/SCvsST,True,according to the <n> agriculture census in <s> between <g> and <g> which social group runs a greater proportion of <g> or are they roughly equal
agrifacts-00901,ef8dead38902,landholding,number,Puducherry,All,AgCensus2015-16 T2-4,AgCensus2015-16 T2-4 Puducherry/All/number/MarginalvsLarge,False,in <s> according to the <n> agriculture census among farmers which size class accounts for a larger share of <m> <g> <g> or are the two roughly equal
agrifacts-00902,353e4c8e6432,landholding,number,Rajasthan,SC,AgCensus2015-16 T2-4,AgCensus2015-16 T2-4 Rajasthan/SC/number/MarginalvsLarge,True,in <s> according to the <n> agriculture census among <g> which size class accounts for a larger share of <m> <g> <g> or are the two roughly equal
agrifacts-00903,ef8dead38902,landholding,number,Mizoram,All,AgCensus2015-16 T2-4,AgCensus2015-16 T2-4 Mizoram/All/number/SmallvsLarge,False,in <s> according to the <n> agriculture census among farmers which size class accounts for a larger share of <m> <g> <g> or are the two roughly equal
agrifacts-00904,0feded09a525,landholding,area,Punjab,All,AgCensus2015-16 T2-4,AgCensus2015-16 T2-4 Punjab/All/area/Semi-mediumvsLarge,False,according to the <n> agriculture census in <s> between <g> and <g> which size class holds a greater portion of the <m> among farmers or are they roughly equal
agrifacts-00905,ef8dead38902,landholding,area,Goa,All,AgCensus2015-16 T2-4,AgCensus2015-16 T2-4 Goa/All/area/SmallvsMedium,True,in <s> according to the <n> agriculture census among farmers which size class accounts for a larger share of <m> <g> <g> or are the two roughly equal
agrifacts-00906,353e4c8e6432,landholding,number,Andhra Pradesh,SC,AgCensus2015-16 T2-4,AgCensus2015-16 T2-4 Andhra Pradesh/SC/number/MarginalvsSmall,False,in <s> according to the <n> agriculture census among <g> which size class accounts for a larger share of <m> <g> <g> or are the two roughly equal
agrifacts-00907,3608ec7d6eb2,social_group,area,Jharkhand,All Classes,AgCensus2015-16 T2-4,AgCensus2015-16 T2-4 Jharkhand/All Classes/area/STvsOthers,True,based on the <n> agriculture census in <s> is the portion of <m> larger for <g> or for <g> or are the two roughly equal
agrifacts-00908,1b0470f501a4,gender,area,ST,femaleShare,AgCensus2015-16 T14-16,AgCensus2015-16 T14-16 ST/femaleShare/area/LargevsMedium,True,in the <n> agriculture census across <s> of india when considering <g> does the proportion of <m> managed by <g> differ for <g> compared to <g> or is it roughly the same for both
agrifacts-00909,c95db9261596,social_group,area,Telangana,Large,AgCensus2015-16 T2-4,AgCensus2015-16 T2-4 Telangana/Large/area/SCvsST,False,based on the <n> agriculture census in <s> is the share of <g> held by <g> and <g> roughly equal or does one of these social groups control a larger portion
agrifacts-00910,f48245791986,social_group,area,Maharashtra,All Classes,AgCensus2015-16 T2-4,AgCensus2015-16 T2-4 Maharashtra/All Classes/area/SCvsST,False,based on the <n> agriculture census in <s> between <g> <g> or the two being roughly equal which social group controls a greater portion of <m>
agrifacts-00911,ef8dead38902,landholding,area,Haryana,All,AgCensus2015-16 T2-4,AgCensus2015-16 T2-4 Haryana/All/area/MarginalvsSmall,True,in <s> according to the <n> agriculture census among farmers which size class accounts for a larger share of <m> <g> <g> or are the two roughly equal
agrifacts-00912,217cd8c4530a,social_group,area,Maharashtra,Medium,AgCensus2015-16 T2-4,AgCensus2015-16 T2-4 Maharashtra/Medium/area/SCvsST,False,in the <n> agriculture census of <s> are <g> <g> or roughly equal the social group with a larger share of <g>
agrifacts-00913,460e52eaaef8,gender,number,All,femaleShare,AgCensus2015-16 T14-16,AgCensus2015-16 T14-16 All/femaleShare/number/LargevsMedium,True,compared with <g> do <g> have a larger or roughly equal share of <m> <m> by <g> in the <s> india level <n> agriculture census
agrifacts-00914,0d519282b5bf,social_group,number,Uttar Pradesh,Small,AgCensus2015-16 T2-4,AgCensus2015-16 T2-4 Uttar Pradesh/Small/number/SCvsST,False,in <s> according to the <n> agriculture census which social group operates a larger share of <g> <g> <g> or are the two roughly equal
agrifacts-00915,0d519282b5bf,social_group,number,Telangana,Small,AgCensus2015-16 T2-4,AgCensus2015-16 T2-4 Telangana/Small/number/STvsOthers,False,in <s> according to the <n> agriculture census which social group operates a larger share of <g> <g> <g> or are the two roughly equal
agrifacts-00916,0d519282b5bf,social_group,number,Arunachal Pradesh,Marginal,AgCensus2015-16 T2-4,AgCensus2015-16 T2-4 Arunachal Pradesh/Marginal/number/STvsOthers,False,in <s> according to the <n> agriculture census which social group operates a larger share of <g> <g> <g> or are the two roughly equal
agrifacts-00917,0f64ac7eba84,landholding,area,Goa,All,AgCensus2015-16 T2-4,AgCensus2015-16 T2-4 Goa/All/area/SmallvsLarge,True,in <s> based on the <n> agriculture census between <g> and <g> which size class con <s> itutes a greater proportion of <m> among farmers or are they roughly equal
agrifacts-00918,0d519282b5bf,social_group,number,Odisha,Semi-medium,AgCensus2015-16 T2-4,AgCensus2015-16 T2-4 Odisha/Semi-medium/number/STvsOthers,False,in <s> according to the <n> agriculture census which social group operates a larger share of <g> <g> <g> or are the two roughly equal
agrifacts-00919,0d519282b5bf,social_group,number,Nagaland,Medium,AgCensus2015-16 T2-4,AgCensus2015-16 T2-4 Nagaland/Medium/number/STvsOthers,True,in <s> according to the <n> agriculture census which social group operates a larger share of <g> <g> <g> or are the two roughly equal
agrifacts-00920,353e4c8e6432,landholding,number,Karnataka,ST,AgCensus2015-16 T2-4,AgCensus2015-16 T2-4 Karnataka/ST/number/MarginalvsMedium,False,in <s> according to the <n> agriculture census among <g> which size class accounts for a larger share of <m> <g> <g> or are the two roughly equal
agrifacts-00921,40db8cca30d6,gender,number,All,femaleShare,AgCensus2015-16 T14-16,AgCensus2015-16 T14-16 All/femaleShare/number/LargevsMedium,True,in the <n> agriculture census across <s> of india is the proportion of <m> run by <g> greater for <g> greater for <g> or roughly equal for the two
agrifacts-00922,0d519282b5bf,social_group,number,Bihar,Semi-medium,AgCensus2015-16 T2-4,AgCensus2015-16 T2-4 Bihar/Semi-medium/number/SCvsOthers,False,in <s> according to the <n> agriculture census which social group operates a larger share of <g> <g> <g> or are the two roughly equal
agrifacts-00923,ef8dead38902,landholding,area,Chhattisgarh,All,AgCensus2015-16 T2-4,AgCensus2015-16 T2-4 Chhattisgarh/All/area/MarginalvsSmall,True,in <s> according to the <n> agriculture census among farmers which size class accounts for a larger share of <m> <g> <g> or are the two roughly equal
agrifacts-00924,353e4c8e6432,landholding,area,Rajasthan,ST,AgCensus2015-16 T2-4,AgCensus2015-16 T2-4 Rajasthan/ST/area/MarginalvsSmall,False,in <s> according to the <n> agriculture census among <g> which size class accounts for a larger share of <m> <g> <g> or are the two roughly equal
agrifacts-00925,353e4c8e6432,landholding,number,Mizoram,ST,AgCensus2015-16 T2-4,AgCensus2015-16 T2-4 Mizoram/ST/number/MarginalvsLarge,False,in <s> according to the <n> agriculture census among <g> which size class accounts for a larger share of <m> <g> <g> or are the two roughly equal
agrifacts-00926,ef8dead38902,landholding,area,Assam,All,AgCensus2015-16 T2-4,AgCensus2015-16 T2-4 Assam/All/area/MarginalvsSemi-medium,False,in <s> according to the <n> agriculture census among farmers which size class accounts for a larger share of <m> <g> <g> or are the two roughly equal
agrifacts-00927,a2172833c43c,landholding,number,Arunachal Pradesh,ST,AgCensus2015-16 T2-4,AgCensus2015-16 T2-4 Arunachal Pradesh/ST/number/SmallvsMedium,True,according to the <n> agriculture census for <g> in <s> is a larger proportion of <m> represented by <g> <g> or are they roughly equal
agrifacts-00928,0d519282b5bf,social_group,number,Odisha,Semi-medium,AgCensus2015-16 T2-4,AgCensus2015-16 T2-4 Odisha/Semi-medium/number/SCvsOthers,False,in <s> according to the <n> agriculture census which social group operates a larger share of <g> <g> <g> or are the two roughly equal
agrifacts-00929,0d519282b5bf,social_group,number,Karnataka,Semi-medium,AgCensus2015-16 T2-4,AgCensus2015-16 T2-4 Karnataka/Semi-medium/number/STvsOthers,False,in <s> according to the <n> agriculture census which social group operates a larger share of <g> <g> <g> or are the two roughly equal
agrifacts-00930,a084630b4be5,landholding,number,Arunachal Pradesh,All,AgCensus2015-16 T2-4,AgCensus2015-16 T2-4 Arunachal Pradesh/All/number/MarginalvsSemi-medium,True,in the <n> agriculture census of <s> which size class of farmer <m> is larger <g> <g> or are the two roughly equal
agrifacts-00931,beab57641eed,landholding,number,Jharkhand,SC,AgCensus2015-16 T2-4,AgCensus2015-16 T2-4 Jharkhand/SC/number/Semi-mediumvsMedium,True,in the <n> agriculture census for <s> concerning <g> is the share of <m> larger for <g> larger for <g> or are the two roughly equal
agrifacts-00932,ef8dead38902,landholding,area,D & N Haveli,All,AgCensus2015-16 T2-4,AgCensus2015-16 T2-4 D & N Haveli/All/area/MarginalvsSmall,False,in <s> according to the <n> agriculture census among farmers which size class accounts for a larger share of <m> <g> <g> or are the two roughly equal
agrifacts-00933,ef8dead38902,landholding,number,Gujarat,All,AgCensus2015-16 T2-4,AgCensus2015-16 T2-4 Gujarat/All/number/SmallvsMedium,False,in <s> according to the <n> agriculture census among farmers which size class accounts for a larger share of <m> <g> <g> or are the two roughly equal
agrifacts-00934,b3f80e9bf61c,social_group,area,Rajasthan,All Classes,AgCensus2015-16 T2-4,AgCensus2015-16 T2-4 Rajasthan/All Classes/area/SCvsST,False,in <s> according to the <n> agriculture census which social group operates a larger share of <m> <g> <g> or are the two roughly equal
agrifacts-00935,0d519282b5bf,social_group,number,Sikkim,Marginal,AgCensus2015-16 T2-4,AgCensus2015-16 T2-4 Sikkim/Marginal/number/SCvsST,False,in <s> according to the <n> agriculture census which social group operates a larger share of <g> <g> <g> or are the two roughly equal
agrifacts-00936,ee4ecc1fd19c,landholding,area,Odisha,All,AgCensus2015-16 T2-4,AgCensus2015-16 T2-4 Odisha/All/area/MediumvsLarge,False,according to the <n> agriculture census in <s> which size class con <s> itutes a greater portion of <m> among farmers <g> <g> or are the two roughly equal
agrifacts-00937,0d519282b5bf,social_group,number,Assam,Small,AgCensus2015-16 T2-4,AgCensus2015-16 T2-4 Assam/Small/number/SCvsOthers,True,in <s> according to the <n> agriculture census which social group operates a larger share of <g> <g> <g> or are the two roughly equal
agrifacts-00938,dcd37b4b05a5,social_group,area,Karnataka,Semi-medium,AgCensus2015-16 T2-4,AgCensus2015-16 T2-4 Karnataka/Semi-medium/area/SCvsST,False,based on the <n> agriculture census in <s> which social group <g> <g> or are the two roughly equal controls a larger portion of the <g>
agrifacts-00939,ae900de95074,social_group,number,Maharashtra,Marginal,AgCensus2015-16 T2-4,AgCensus2015-16 T2-4 Maharashtra/Marginal/number/SCvsST,True,based on the <n> agriculture census in <s> do <g> <g> or both roughly equal groups operate a larger share of <g>
agrifacts-00940,353e4c8e6432,landholding,number,Tamil Nadu,ST,AgCensus2015-16 T2-4,AgCensus2015-16 T2-4 Tamil Nadu/ST/number/MarginalvsMedium,False,in <s> according to the <n> agriculture census among <g> which size class accounts for a larger share of <m> <g> <g> or are the two roughly equal
agrifacts-00941,353e4c8e6432,landholding,number,Bihar,ST,AgCensus2015-16 T2-4,AgCensus2015-16 T2-4 Bihar/ST/number/MarginalvsMedium,True,in <s> according to the <n> agriculture census among <g> which size class accounts for a larger share of <m> <g> <g> or are the two roughly equal
agrifacts-00942,0d519282b5bf,social_group,area,Karnataka,Large,AgCensus2015-16 T2-4,AgCensus2015-16 T2-4 Karnataka/Large/area/SCvsST,False,in <s> according to the <n> agriculture census which social group operates a larger share of <g> <g> <g> or are the two roughly equal
agrifacts-00943,e1fc91a631c9,social_group,area,Himachal Pradesh,Medium,AgCensus2015-16 T2-4,AgCensus2015-16 T2-4 Himachal Pradesh/Medium/area/SCvsST,False,based on the <n> agriculture census in <s> between <g> <g> or the two being roughly equal which social group holds the larger portion of <g>
agrifacts-00944,0d50645d61a2,social_group,area,Rajasthan,Small,AgCensus2015-16 T2-4,AgCensus2015-16 T2-4 Rajasthan/Small/area/SCvsST,True,based on the <n> agriculture census in <s> do <g> <g> or both roughly equ <s> y operate a larger proportion of <g>
agrifacts-00945,25cacd9b0f0a,landholding,area,Karnataka,All,AgCensus2015-16 T2-4,AgCensus2015-16 T2-4 Karnataka/All/area/SmallvsSemi-medium,False,based on the <n> agriculture census in <s> of the <m> held by farmers does a greater portion belong to the <g> class the <g> class or are the two roughly equal
agrifacts-00946,6ec3578f7336,social_group,number,Karnataka,Semi-medium,AgCensus2015-16 T2-4,AgCensus2015-16 T2-4 Karnataka/Semi-medium/number/SCvsST,True,based on the <n> agriculture census in <s> do <g> <g> or neither operate a larger share of <g> with the two being roughly equal
agrifacts-00947,ef8dead38902,landholding,number,Madhya Pradesh,All,AgCensus2015-16 T2-4,AgCensus2015-16 T2-4 Madhya Pradesh/All/number/MarginalvsSemi-medium,False,in <s> according to the <n> agriculture census among farmers which size class accounts for a larger share of <m> <g> <g> or are the two roughly equal
agrifacts-00948,353e4c8e6432,landholding,number,Assam,ST,AgCensus2015-16 T2-4,AgCensus2015-16 T2-4 Assam/ST/number/Semi-mediumvsLarge,False,in <s> according to the <n> agriculture census among <g> which size class accounts for a larger share of <m> <g> <g> or are the two roughly equal
agrifacts-00949,ce396b29a553,landholding,area,Rajasthan,SC,AgCensus2015-16 T2-4,AgCensus2015-16 T2-4 Rajasthan/SC/area/Semi-mediumvsLarge,False,regarding <m> among <g> in <s> based on the <n> agriculture census does the <g> or the <g> account for a larger share or are the two roughly equal
agrifacts-00950,ef8dead38902,landholding,number,Bihar,All,AgCensus2015-16 T2-4,AgCensus2015-16 T2-4 Bihar/All/number/MarginalvsMedium,False,in <s> according to the <n> agriculture census among farmers which size class accounts for a larger share of <m> <g> <g> or are the two roughly equal
agrifacts-00951,ef8dead38902,landholding,area,Uttar Pradesh,All,AgCensus2015-16 T2-4,AgCensus2015-16 T2-4 Uttar Pradesh/All/area/SmallvsSemi-medium,True,in <s> according to the <n> agriculture census among farmers which size class accounts for a larger share of <m> <g> <g> or are the two roughly equal
agrifacts-00952,841d6d39b395,social_group,area,Maharashtra,Marginal,AgCensus2015-16 T2-4,AgCensus2015-16 T2-4 Maharashtra/Marginal/area/SCvsST,False,according to the <n> agriculture census in <s> which social group <g> <g> or roughly equal holds a larger portion of <g>
agrifacts-00953,0d519282b5bf,social_group,area,Karnataka,Marginal,AgCensus2015-16 T2-4,AgCensus2015-16 T2-4 Karnataka/Marginal/area/SCvsOthers,False,in <s> according to the <n> agriculture census which social group operates a larger share of <g> <g> <g> or are the two roughly equal
agrifacts-00954,0d519282b5bf,social_group,number,Gujarat,Medium,AgCensus2015-16 T2-4,AgCensus2015-16 T2-4 Gujarat/Medium/number/SCvsOthers,False,in <s> according to the <n> agriculture census which social group operates a larger share of <g> <g> <g> or are the two roughly equal
agrifacts-00955,ef8dead38902,landholding,number,Nagaland,All,AgCensus2015-16 T2-4,AgCensus2015-16 T2-4 Nagaland/All/number/SmallvsSemi-medium,True,in <s> according to the <n> agriculture census among farmers which size class accounts for a larger share of <m> <g> <g> or are the two roughly equal
agrifacts-00956,03073dc241ae,social_group,area,Chhattisgarh,Semi-medium,AgCensus2015-16 T2-4,AgCensus2015-16 T2-4 Chhattisgarh/Semi-medium/area/STvsOthers,False,based on the <n> agriculture census for <s> do <g> <g> or are the two roughly equal control a greater portion of <g>
agrifacts-00957,5b4e8aeb771a,social_group,number,Maharashtra,Small,AgCensus2015-16 T2-4,AgCensus2015-16 T2-4 Maharashtra/Small/number/SCvsST,False,according to the <n> agriculture census in <s> are <g> <g> or roughly equal the social group that operates a larger share of <g>
agrifacts-00958,353e4c8e6432,landholding,number,Gujarat,ST,AgCensus2015-16 T2-4,AgCensus2015-16 T2-4 Gujarat/ST/number/MarginalvsLarge,False,in <s> according to the <n> agriculture census among <g> which size class accounts for a larger share of <m> <g> <g> or are the two roughly equal
agrifacts-00959,8fc001af58c5,gender,number,SC,femaleShare,AgCensus2015-16 T14-16,AgCensus2015-16 T14-16 SC/femaleShare/number/LargevsSmall,False,in the <n> agriculture census across <s> of india for <g> is the proportion of <m> managed by <g> greater among <g> greater among <g> or roughly equal for both
agrifacts-00960,67224218124c,social_group,area,Andhra Pradesh,Semi-medium,AgCensus2015-16 T2-4,AgCensus2015-16 T2-4 Andhra Pradesh/Semi-medium/area/SCvsST,False,based on the <n> agriculture census in <s> is the share of <g> larger for <g> larger for <g> or are the two roughly equal
agrifacts-00961,353e4c8e6432,landholding,number,Jammu & Kashmir,ST,AgCensus2015-16 T2-4,AgCensus2015-16 T2-4 Jammu & Kashmir/ST/number/SmallvsMedium,False,in <s> according to the <n> agriculture census among <g> which size class accounts for a larger share of <m> <g> <g> or are the two roughly equal
agrifacts-00962,ef8dead38902,landholding,area,Goa,All,AgCensus2015-16 T2-4,AgCensus2015-16 T2-4 Goa/All/area/SmallvsSemi-medium,False,in <s> according to the <n> agriculture census among farmers which size class accounts for a larger share of <m> <g> <g> or are the two roughly equal
agrifacts-00963,6e59e0a1e043,landholding,area,Andhra Pradesh,All,AgCensus2015-16 T2-4,AgCensus2015-16 T2-4 Andhra Pradesh/All/area/MarginalvsSemi-medium,True,based on the <n> agriculture census in <s> does <g> <g> or are the two roughly equal account for a larger share of <m> among farmers
agrifacts-00964,30b797c9134e,landholding,area,Assam,ST,AgCensus2015-16 T2-4,AgCensus2015-16 T2-4 Assam/ST/area/MarginalvsSmall,False,in <s> per the <n> agriculture census regarding <g> does the <g> or the <g> con <s> itute a greater portion of <m> land or are these two roughly equal
agrifacts-00965,b3f80e9bf61c,social_group,number,Rajasthan,All Classes,AgCensus2015-16 T2-4,AgCensus2015-16 T2-4 Rajasthan/All Classes/number/SCvsST,False,in <s> according to the <n> agriculture census which social group operates a larger share of <m> <g> <g> or are the two roughly equal
agrifacts-00966,353e4c8e6432,landholding,number,Haryana,SC,AgCensus2015-16 T2-4,AgCensus2015-16 T2-4 Haryana/SC/number/Semi-mediumvsLarge,False,in <s> according to the <n> agriculture census among <g> which size class accounts for a larger share of <m> <g> <g> or are the two roughly equal
agrifacts-00967,0d519282b5bf,social_group,number,Rajasthan,Large,AgCensus2015-16 T2-4,AgCensus2015-16 T2-4 Rajasthan/Large/number/STvsOthers,False,in <s> according to the <n> agriculture census which social group operates a larger share of <g> <g> <g> or are the two roughly equal
agrifacts-00968,0d519282b5bf,social_group,number,Nagaland,Small,AgCensus2015-16 T2-4,AgCensus2015-16 T2-4 Nagaland/Small/number/STvsOthers,False,in <s> according to the <n> agriculture census which social group operates a larger share of <g> <g> <g> or are the two roughly equal
agrifacts-00969,a45f65da4a0e,gender,area,SC,femaleShare,AgCensus2015-16 T14-16,AgCensus2015-16 T14-16 SC/femaleShare/area/MediumvsSmall,False,considering the <n> agriculture census data across <s> of india for <g> which category shows a greater share of <m> run by <g> <g> <g> or are they roughly equal
agrifacts-00970,b3f80e9bf61c,social_group,area,D & N Haveli,All Classes,AgCensus2015-16 T2-4,AgCensus2015-16 T2-4 D & N Haveli/All Classes/area/STvsOthers,True,in <s> according to the <n> agriculture census which social group operates a larger share of <m> <g> <g> or are the two roughly equal
agrifacts-00971,b3f80e9bf61c,social_group,area,Haryana,All Classes,AgCensus2015-16 T2-4,AgCensus2015-16 T2-4 Haryana/All Classes/area/STvsOthers,True,in <s> according to the <n> agriculture census which social group operates a larger share of <m> <g> <g> or are the two roughly equal
agrifacts-00972,0d519282b5bf,social_group,number,Kerala,Semi-medium,AgCensus2015-16 T2-4,AgCensus2015-16 T2-4 Kerala/Semi-medium/number/SCvsST,True,in <s> according to the <n> agriculture census which social group operates a larger share of <g> <g> <g> or are the two roughly equal
agrifacts-00973,ef8dead38902,landholding,area,Arunachal Pradesh,All,AgCensus2015-16 T2-4,AgCensus2015-16 T2-4 Arunachal Pradesh/All/area/MarginalvsSmall,False,in <s> according to the <n> agriculture census among farmers which size class accounts for a larger share of <m> <g> <g> or are the two roughly equal
agrifacts-00974,64c9d26ad106,landholding,number,Punjab,SC,AgCensus2015-16 T2-4,AgCensus2015-16 T2-4 Punjab/SC/number/SmallvsSemi-medium,True,based on the <n> agriculture census in <s> for <g> does the <g> class or the <g> class claim a greater portion of <m> or are the two roughly equal
agrifacts-00975,31d2480d44f1,social_group,number,Maharashtra,All Classes,AgCensus2015-16 T2-4,AgCensus2015-16 T2-4 Maharashtra/All Classes/number/SCvsST,False,in the <n> agriculture census for <s> do <g> or <g> operate a larger portion of <m> or are they roughly equal
agrifacts-00976,b8c2e4b85930,social_group,area,Jharkhand,All Classes,AgCensus2015-16 T2-4,AgCensus2015-16 T2-4 Jharkhand/All Classes/area/STvsOthers,True,based on the <n> agriculture census of <s> is the <m> share larger for <g> larger for <g> or are the two roughly equal
agrifacts-00977,353e4c8e6432,landholding,number,Himachal Pradesh,ST,AgCensus2015-16 T2-4,AgCensus2015-16 T2-4 Himachal Pradesh/ST/number/MarginalvsMedium,True,in <s> according to the <n> agriculture census among <g> which size class accounts for a larger share of <m> <g> <g> or are the two roughly equal
agrifacts-00978,e8fe5aac5878,landholding,number,Sikkim,All,AgCensus2015-16 T2-4,AgCensus2015-16 T2-4 Sikkim/All/number/SmallvsSemi-medium,True,based on the <n> agriculture census do <g> or <g> represent a greater proportion of farmer <m> in <s> or are the two roughly equal
agrifacts-00979,353e4c8e6432,landholding,number,Andhra Pradesh,ST,AgCensus2015-16 T2-4,AgCensus2015-16 T2-4 Andhra Pradesh/ST/number/MarginalvsSmall,False,in <s> according to the <n> agriculture census among <g> which size class accounts for a larger share of <m> <g> <g> or are the two roughly equal
agrifacts-00980,0d519282b5bf,social_group,number,Jharkhand,Large,AgCensus2015-16 T2-4,AgCensus2015-16 T2-4 Jharkhand/Large/number/SCvsOthers,False,in <s> according to the <n> agriculture census which social group operates a larger share of <g> <g> <g> or are the two roughly equal
agrifacts-00981,0d519282b5bf,social_group,number,Meghalaya,Small,AgCensus2015-16 T2-4,AgCensus2015-16 T2-4 Meghalaya/Small/number/SCvsST,False,in <s> according to the <n> agriculture census which social group operates a larger share of <g> <g> <g> or are the two roughly equal
agrifacts-00982,54ce3de2a45f,landholding,area,Arunachal Pradesh,ST,AgCensus2015-16 T2-4,AgCensus2015-16 T2-4 Arunachal Pradesh/ST/area/MarginalvsSmall,True,in <s> per the <n> agriculture census among <g> does <g> or <g> con <s> itute a greater portion of <m> or are the two roughly equal
agrifacts-00983,ef8dead38902,landholding,number,Tripura,All,AgCensus2015-16 T2-4,AgCensus2015-16 T2-4 Tripura/All/number/MarginalvsSemi-medium,False,in <s> according to the <n> agriculture census among farmers which size class accounts for a larger share of <m> <g> <g> or are the two roughly equal
agrifacts-00984,ef8dead38902,landholding,number,Uttar Pradesh,All,AgCensus2015-16 T2-4,AgCensus2015-16 T2-4 Uttar Pradesh/All/number/SmallvsMedium,False,in <s> according to the <n> agriculture census among farmers which size class accounts for a larger share of <m> <g> <g> or are the two roughly equal
agrifacts-00985,0d519282b5bf,social_group,number,Andhra Pradesh,Medium,AgCensus2015-16 T2-4,AgCensus2015-16 T2-4 Andhra Pradesh/Medium/number/STvsOthers,True,in <s> according to the <n> agriculture census which social group operates a larger share of <g> <g> <g> or are the two roughly equal
agrifacts-00986,77625a732017,social_group,number,Himachal Pradesh,Semi-medium,AgCensus2015-16 T2-4,AgCensus2015-16 T2-4 Himachal Pradesh/Semi-medium/number/SCvsST,True,based on the <n> agriculture census in <s> is the share of <g> <m> by <g> by <g> or by the two roughly equal
agrifacts-00987,0d519282b5bf,social_group,number,Jharkhand,Medium,AgCensus2015-16 T2-4,AgCensus2015-16 T2-4 Jharkhand/Medium/number/SCvsST,False,in <s> according to the <n> agriculture census which social group operates a larger share of <g> <g> <g> or are the two roughly equal
agrifacts-00988,ebe091de85db,gender,number,All,Medium,AgCensus2015-16 T14-16,AgCensus2015-16 T14-16 All/Medium/number/MvF,False,in the <n> agriculture census across <s> india for <g> which group operates a greater portion <g> <g> or are they roughly equal
agrifacts-00989,9ad6bf658cae,social_group,area,Karnataka,Large,AgCensus2015-16 T2-4,AgCensus2015-16 T2-4 Karnataka/Large/area/SCvsST,False,based on the <n> agriculture census in <s> is a larger share of <g> held by <g> <g> or are the two roughly equal
agrifacts-00990,0d519282b5bf,social_group,number,Arunachal Pradesh,Medium,AgCensus2015-16 T2-4,AgCensus2015-16 T2-4 Arunachal Pradesh/Medium/number/SCvsST,False,in <s> according to the <n> agriculture census which social group operates a larger share of <g> <g> <g> or are the two roughly equal
agrifacts-00991,a36a1c5fa632,social_group,number,Rajasthan,Small,AgCensus2015-16 T2-4,AgCensus2015-16 T2-4 Rajasthan/Small/number/SCvsST,False,which social group <g> <g> or roughly equal operates a larger share of <g> in <s> as per the <n> agriculture census
agrifacts-00992,82f49ac7fa16,landholding,area,Jharkhand,All,AgCensus2015-16 T2-4,AgCensus2015-16 T2-4 Jharkhand/All/area/MarginalvsSemi-medium,False,in <s> based on the <n> agriculture census which size class <g> or <g> holds a greater proportion of <m> among farmers or are the two roughly equal
agrifacts-00993,766f9132068a,landholding,area,Punjab,SC,AgCensus2015-16 T2-4,AgCensus2015-16 T2-4 Punjab/SC/area/SmallvsLarge,True,based on the <n> agriculture census in <s> among <g> does the <g> or the <g> account for a larger share of <m> or are the two roughly equal
agrifacts-00994,0d519282b5bf,social_group,number,Goa,Marginal,AgCensus2015-16 T2-4,AgCensus2015-16 T2-4 Goa/Marginal/number/SCvsOthers,True,in <s> according to the <n> agriculture census which social group operates a larger share of <g> <g> <g> or are the two roughly equal
agrifacts-00995,7193c3928488,social_group,number,Andhra Pradesh,Medium,AgCensus2015-16 T2-4,AgCensus2015-16 T2-4 Andhra Pradesh/Medium/number/SCvsST,False,based on the <n> agriculture census in <s> is the share of <g> <m> by <g> larger by <g> larger or are the two roughly equal
agrifacts-00996,353e4c8e6432,landholding,number,Andhra Pradesh,SC,AgCensus2015-16 T2-4,AgCensus2015-16 T2-4 Andhra Pradesh/SC/number/MarginalvsSemi-medium,True,in <s> according to the <n> agriculture census among <g> which size class accounts for a larger share of <m> <g> <g> or are the two roughly equal
agrifacts-00997,daa58939b0b3,social_group,area,Andhra Pradesh,Medium,AgCensus2015-16 T2-4,AgCensus2015-16 T2-4 Andhra Pradesh/Medium/area/SCvsST,False,in <s> based on the <n> agriculture census do <g> or <g> operate a larger portion of <g> or are the two roughly equal
agrifacts-00998,353e4c8e6432,landholding,number,Odisha,SC,AgCensus2015-16 T2-4,AgCensus2015-16 T2-4 Odisha/SC/number/SmallvsLarge,False,in <s> according to the <n> agriculture census among <g> which size class accounts for a larger share of <m> <g> <g> or are the two roughly equal
agrifacts-00999,353e4c8e6432,landholding,number,Jharkhand,SC,AgCensus2015-16 T2-4,AgCensus2015-16 T2-4 Jharkhand/SC/number/MarginalvsLarge,True,in <s> according to the <n> agriculture census among <g> which size class accounts for a larger share of <m> <g> <g> or are the two roughly equal
agrifacts-01000,b3f80e9bf61c,social_group,number,Himachal Pradesh,All Classes,AgCensus2015-16 T2-4,AgCensus2015-16 T2-4 Himachal Pradesh/All Classes/number/SCvsST,False,in <s> according to the <n> agriculture census which social group operates a larger share of <m> <g> <g> or are the two roughly equal
agrifacts-01001,353e4c8e6432,landholding,number,Jharkhand,ST,AgCensus2015-16 T2-4,AgCensus2015-16 T2-4 Jharkhand/ST/number/MarginalvsSmall,True,in <s> according to the <n> agriculture census among <g> which size class accounts for a larger share of <m> <g> <g> or are the two roughly equal
agrifacts-01002,0d519282b5bf,social_group,area,Arunachal Pradesh,Medium,AgCensus2015-16 T2-4,AgCensus2015-16 T2-4 Arunachal Pradesh/Medium/area/STvsOthers,True,in <s> according to the <n> agriculture census which social group operates a larger share of <g> <g> <g> or are the two roughly equal
agrifacts-01003,b3f80e9bf61c,social_group,number,Goa,All Classes,AgCensus2015-16 T2-4,AgCensus2015-16 T2-4 Goa/All Classes/number/SCvsST,False,in <s> according to the <n> agriculture census which social group operates a larger share of <m> <g> <g> or are the two roughly equal
agrifacts-01004,0d519282b5bf,social_group,number,Telangana,Small,AgCensus2015-16 T2-4,AgCensus2015-16 T2-4 Telangana/Small/number/SCvsOthers,True,in <s> according to the <n> agriculture census which social group operates a larger share of <g> <g> <g> or are the two roughly equal
agrifacts-01005,a0b8f2e5427f,social_group,area,Tamil Nadu,Semi-medium,AgCensus2015-16 T2-4,AgCensus2015-16 T2-4 Tamil Nadu/Semi-medium/area/SCvsST,True,in <s> per the <n> agriculture census which social group <g> <g> or are the two roughly equal controls a greater portion of <g>
agrifacts-01006,b3f80e9bf61c,social_group,number,Delhi,All Classes,AgCensus2015-16 T2-4,AgCensus2015-16 T2-4 Delhi/All Classes/number/STvsOthers,False,in <s> according to the <n> agriculture census which social group operates a larger share of <m> <g> <g> or are the two roughly equal
agrifacts-01007,108c5029345a,landholding,area,Arunachal Pradesh,ST,AgCensus2015-16 T2-4,AgCensus2015-16 T2-4 Arunachal Pradesh/ST/area/MarginalvsSmall,True,according to the <n> agriculture census in <s> among <g> is the larger share of <m> held by <g> by <g> or are the two roughly equal
agrifacts-01008,0d519282b5bf,social_group,number,Uttar Pradesh,Small,AgCensus2015-16 T2-4,AgCensus2015-16 T2-4 Uttar Pradesh/Small/number/STvsOthers,False,in <s> according to the <n> agriculture census which social group operates a larger share of <g> <g> <g> or are the two roughly equal
agrifacts-01009,0d519282b5bf,social_group,number,Tripura,Small,AgCensus2015-16 T2-4,AgCensus2015-16 T2-4 Tripura/Small/number/STvsOthers,False,in <s> according to the <n> agriculture census which social group operates a larger share of <g> <g> <g> or are the two roughly equal
agrifacts-01010,0d519282b5bf,social_group,number,Odisha,Marginal,AgCensus2015-16 T2-4,AgCensus2015-16 T2-4 Odisha/Marginal/number/STvsOthers,False,in <s> according to the <n> agriculture census which social group operates a larger share of <g> <g> <g> or are the two roughly equal
agrifacts-01011,6de50e28866d,landholding,area,Chhattisgarh,All,AgCensus2015-16 T2-4,AgCensus2015-16 T2-4 Chhattisgarh/All/area/MarginalvsSmall,True,in <s> based on the <n> agriculture census between <g> and <g> among farmers which size class holds a greater portion of <m> or are the two roughly equal
agrifacts-01012,0d519282b5bf,social_group,number,Tamil Nadu,Semi-medium,AgCensus2015-16 T2-4,AgCensus2015-16 T2-4 Tamil Nadu/Semi-medium/number/SCvsST,True,in <s> according to the <n> agriculture census which social group operates a larger share of <g> <g> <g> or are the two roughly equal
agrifacts-01013,353e4c8e6432,landholding,area,Gujarat,ST,AgCensus2015-16 T2-4,AgCensus2015-16 T2-4 Gujarat/ST/area/MarginalvsLarge,True,in <s> according to the <n> agriculture census among <g> which size class accounts for a larger share of <m> <g> <g> or are the two roughly equal
agrifacts-01014,353e4c8e6432,landholding,area,Telangana,ST,AgCensus2015-16 T2-4,AgCensus2015-16 T2-4 Telangana/ST/area/MarginalvsSemi-medium,True,in <s> according to the <n> agriculture census among <g> which size class accounts for a larger share of <m> <g> <g> or are the two roughly equal
agrifacts-01015,353e4c8e6432,landholding,number,Maharashtra,SC,AgCensus2015-16 T2-4,AgCensus2015-16 T2-4 Maharashtra/SC/number/SmallvsMedium,True,in <s> according to the <n> agriculture census among <g> which size class accounts for a larger share of <m> <g> <g> or are the two roughly equal
agrifacts-01016,671dc2638e35,gender,number,SC,femaleShare,AgCensus2015-16 T14-16,AgCensus2015-16 T14-16 SC/femaleShare/number/MediumvsSmall,False,according to the <n> agriculture census across <s> of india for <g> is the proportion of female <m> <m> greater among <g> greater among <g> or roughly equal between the two
agrifacts-01017,e59ef0abe451,landholding,number,Goa,All,AgCensus2015-16 T2-4,AgCensus2015-16 T2-4 Goa/All/number/Semi-mediumvsMedium,False,according to the <n> agriculture census in <s> which of these size classes among farmers <g> or <g> comprises a greater proportion of <m> or are the two roughly equal
agrifacts-01018,b3f80e9bf61c,social_group,area,Uttarakhand,All Classes,AgCensus2015-16 T2-4,AgCensus2015-16 T2-4 Uttarakhand/All Classes/area/SCvsST,False,in <s> according to the <n> agriculture census which social group operates a larger share of <m> <g> <g> or are the two roughly equal
agrifacts-01019,ef8dead38902,landholding,number,Mizoram,All,AgCensus2015-16 T2-4,AgCensus2015-16 T2-4 Mizoram/All/number/Semi-mediumvsLarge,True,in <s> according to the <n> agriculture census among farmers which size class accounts for a larger share of <m> <g> <g> or are the two roughly equal
agrifacts-01020,353e4c8e6432,landholding,number,Karnataka,ST,AgCensus2015-16 T2-4,AgCensus2015-16 T2-4 Karnataka/ST/number/SmallvsLarge,True,in <s> according to the <n> agriculture census among <g> which size class accounts for a larger share of <m> <g> <g> or are the two roughly equal
agrifacts-01021,c5c62d1eadcf,landholding,area,Karnataka,All,AgCensus2015-16 T2-4,AgCensus2015-16 T2-4 Karnataka/All/area/SmallvsMedium,True,according to the <n> agriculture census in <s> is the share of <m> greater for farmers with <g> for those with <g> or are the two roughly equal
agrifacts-01022,ef8dead38902,landholding,number,Manipur,All,AgCensus2015-16 T2-4,AgCensus2015-16 T2-4 Manipur/All/number/Semi-mediumvsLarge,True,in <s> according to the <n> agriculture census among farmers which size class accounts for a larger share of <m> <g> <g> or are the two roughly equal
agrifacts-01023,353e4c8e6432,landholding,number,Maharashtra,SC,AgCensus2015-16 T2-4,AgCensus2015-16 T2-4 Maharashtra/SC/number/SmallvsSemi-medium,False,in <s> according to the <n> agriculture census among <g> which size class accounts for a larger share of <m> <g> <g> or are the two roughly equal
agrifacts-01024,b3f80e9bf61c,social_group,number,Sikkim,All Classes,AgCensus2015-16 T2-4,AgCensus2015-16 T2-4 Sikkim/All Classes/number/SCvsST,False,in <s> according to the <n> agriculture census which social group operates a larger share of <m> <g> <g> or are the two roughly equal
agrifacts-01025,353e4c8e6432,landholding,number,Haryana,SC,AgCensus2015-16 T2-4,AgCensus2015-16 T2-4 Haryana/SC/number/MarginalvsMedium,True,in <s> according to the <n> agriculture census among <g> which size class accounts for a larger share of <m> <g> <g> or are the two roughly equal
agrifacts-01026,353e4c8e6432,landholding,number,Bihar,ST,AgCensus2015-16 T2-4,AgCensus2015-16 T2-4 Bihar/ST/number/MarginalvsSmall,False,in <s> according to the <n> agriculture census among <g> which size class accounts for a larger share of <m> <g> <g> or are the two roughly equal
agrifacts-01027,54813dd41f6a,landholding,number,Tamil Nadu,All,AgCensus2015-16 T2-4,AgCensus2015-16 T2-4 Tamil Nadu/All/number/Semi-mediumvsMedium,True,according to the <n> agriculture census in <s> of the farmer categories does the <g> or the <g> represent a greater proportion of <m> or are they roughly equal
agrifacts-01028,353e4c8e6432,landholding,number,Goa,ST,AgCensus2015-16 T2-4,AgCensus2015-16 T2-4 Goa/ST/number/MarginalvsSmall,False,in <s> according to the <n> agriculture census among <g> which size class accounts for a larger share of <m> <g> <g> or are the two roughly equal
agrifacts-01029,0d519282b5bf,social_group,number,Assam,Semi-medium,AgCensus2015-16 T2-4,AgCensus2015-16 T2-4 Assam/Semi-medium/number/STvsOthers,False,in <s> according to the <n> agriculture census which social group operates a larger share of <g> <g> <g> or are the two roughly equal
agrifacts-01030,ef8dead38902,landholding,number,Uttarakhand,All,AgCensus2015-16 T2-4,AgCensus2015-16 T2-4 Uttarakhand/All/number/MarginalvsSemi-medium,False,in <s> according to the <n> agriculture census among farmers which size class accounts for a larger share of <m> <g> <g> or are the two roughly equal
agrifacts-01031,5c068617673f,social_group,number,Karnataka,Large,AgCensus2015-16 T2-4,AgCensus2015-16 T2-4 Karnataka/Large/number/SCvsST,True,based on the <n> agriculture census in <s> which social group <g> <g> or are the two roughly equal manages a greater proportion of <g>
agrifacts-01032,353e4c8e6432,landholding,number,Uttarakhand,SC,AgCensus2015-16 T2-4,AgCensus2015-16 T2-4 Uttarakhand/SC/number/MarginalvsSmall,True,in <s> according to the <n> agriculture census among <g> which size class accounts for a larger share of <m> <g> <g> or are the two roughly equal
agrifacts-01033,c922e2e22884,social_group,number,Tamil Nadu,Semi-medium,AgCensus2015-16 T2-4,AgCensus2015-16 T2-4 Tamil Nadu/Semi-medium/number/SCvsST,True,in <s> based on the <n> agriculture census is the proportion of <g> <m> by <g> greater than that <m> by <g> is it sm <s> er or are the two roughly equal
agrifacts-01034,ef8dead38902,landholding,number,Tamil Nadu,All,AgCensus2015-16 T2-4,AgCensus2015-16 T2-4 Tamil Nadu/All/number/MarginalvsSemi-medium,False,in <s> according to the <n> agriculture census among farmers which size class accounts for a larger share of <m> <g> <g> or are the two roughly equal
agrifacts-01035,77e611dcdb58,landholding,number,Jharkhand,ST,AgCensus2015-16 T2-4,AgCensus2015-16 T2-4 Jharkhand/ST/number/SmallvsSemi-medium,False,in the <n> agriculture census of <s> for <g> which size class <g> or <g> has a greater proportion of <m> or are the two roughly equal
agrifacts-01036,d19967566bad,gender,area,SC,Small,AgCensus2015-16 T14-16,AgCensus2015-16 T14-16 SC/Small/area/MvF,False,in the <n> agriculture census across <s> india for <g> with a <g> which group holds a larger share <g> <g> or are the two roughly equal
agrifacts-01037,0d519282b5bf,social_group,number,Maharashtra,Large,AgCensus2015-16 T2-4,AgCensus2015-16 T2-4 Maharashtra/Large/number/SCvsOthers,False,in <s> according to the <n> agriculture census which social group operates a larger share of <g> <g> <g> or are the two roughly equal
agrifacts-01038,f6bad241a26b,gender,area,SC,femaleShare,AgCensus2015-16 T14-16,AgCensus2015-16 T14-16 SC/femaleShare/area/LargevsSmall,False,in the <n> agriculture census across <s> of india for <g> is the proportion of <m> managed by <g> greater for <g> greater for <g> or roughly equal for the two
agrifacts-01039,ef8dead38902,landholding,area,Sikkim,All,AgCensus2015-16 T2-4,AgCensus2015-16 T2-4 Sikkim/All/area/MarginalvsSmall,False,in <s> according to the <n> agriculture census among farmers which size class accounts for a larger share of <m> <g> <g> or are the two roughly equal
agrifacts-01040,ef8dead38902,landholding,number,Sikkim,All,AgCensus2015-16 T2-4,AgCensus2015-16 T2-4 Sikkim/All/number/MarginalvsLarge,False,in <s> according to the <n> agriculture census among farmers which size class accounts for a larger share of <m> <g> <g> or are the two roughly equal
agrifacts-01041,b3f80e9bf61c,social_group,area,Arunachal Pradesh,All Classes,AgCensus2015-16 T2-4,AgCensus2015-16 T2-4 Arunachal Pradesh/All Classes/area/SCvsST,False,in <s> according to the <n> agriculture census which social group operates a larger share of <m> <g> <g> or are the two roughly equal
agrifacts-01042,ef8dead38902,landholding,number,Sikkim,All,AgCensus2015-16 T2-4,AgCensus2015-16 T2-4 Sikkim/All/number/MarginalvsSemi-medium,False,in <s> according to the <n> agriculture census among farmers which size class accounts for a larger share of <m> <g> <g> or are the two roughly equal
agrifacts-01043,353e4c8e6432,landholding,area,Tamil Nadu,ST,AgCensus2015-16 T2-4,AgCensus2015-16 T2-4 Tamil Nadu/ST/area/MarginalvsSmall,False,in <s> according to the <n> agriculture census among <g> which size class accounts for a larger share of <m> <g> <g> or are the two roughly equal
agrifacts-01044,353e4c8e6432,landholding,number,Rajasthan,SC,AgCensus2015-16 T2-4,AgCensus2015-16 T2-4 Rajasthan/SC/number/SmallvsLarge,False,in <s> according to the <n> agriculture census among <g> which size class accounts for a larger share of <m> <g> <g> or are the two roughly equal
agrifacts-01045,0d519282b5bf,social_group,number,Tamil Nadu,Medium,AgCensus2015-16 T2-4,AgCensus2015-16 T2-4 Tamil Nadu/Medium/number/STvsOthers,True,in <s> according to the <n> agriculture census which social group operates a larger share of <g> <g> <g> or are the two roughly equal
agrifacts-01046,6de50e28866d,landholding,area,Jharkhand,All,AgCensus2015-16 T2-4,AgCensus2015-16 T2-4 Jharkhand/All/area/MarginalvsSemi-medium,False,in <s> based on the <n> agriculture census between <g> and <g> among farmers which size class holds a greater portion of <m> or are the two roughly equal
agrifacts-01047,b3f80e9bf61c,social_group,area,Gujarat,All Classes,AgCensus2015-16 T2-4,AgCensus2015-16 T2-4 Gujarat/All Classes/area/STvsOthers,True,in <s> according to the <n> agriculture census which social group operates a larger share of <m> <g> <g> or are the two roughly equal
agrifacts-01048,ef8dead38902,landholding,number,Manipur,All,AgCensus2015-16 T2-4,AgCensus2015-16 T2-4 Manipur/All/number/SmallvsLarge,True,in <s> according to the <n> agriculture census among farmers which size class accounts for a larger share of <m> <g> <g> or are the two roughly equal
agrifacts-01049,ef8dead38902,landholding,number,Uttar Pradesh,All,AgCensus2015-16 T2-4,AgCensus2015-16 T2-4 Uttar Pradesh/All/number/MarginalvsSemi-medium,False,in <s> according to the <n> agriculture census among farmers which size class accounts for a larger share of <m> <g> <g> or are the two roughly equal
agrifacts-01050,ef8dead38902,landholding,number,Gujarat,All,AgCensus2015-16 T2-4,AgCensus2015-16 T2-4 Gujarat/All/number/Semi-mediumvsLarge,True,in <s> according to the <n> agriculture census among farmers which size class accounts for a larger share of <m> <g> <g> or are the two roughly equal
agrifacts-01051,353e4c8e6432,landholding,number,Uttar Pradesh,SC,AgCensus2015-16 T2-4,AgCensus2015-16 T2-4 Uttar Pradesh/SC/number/MarginalvsSmall,False,in <s> according to the <n> agriculture census among <g> which size class accounts for a larger share of <m> <g> <g> or are the two roughly equal
agrifacts-01052,ee11f5fa178c,social_group,area,Jharkhand,All Classes,AgCensus2015-16 T2-4,AgCensus2015-16 T2-4 Jharkhand/All Classes/area/STvsOthers,True,based on the <n> agriculture census in <s> is the proportion of <m> larger for <g> for <g> or are the two roughly equal
agrifacts-01053,c5134cd118ea,landholding,area,Jharkhand,SC,AgCensus2015-16 T2-4,AgCensus2015-16 T2-4 Jharkhand/SC/area/SmallvsSemi-medium,False,according to the <n> agriculture census in <s> among <g> is the share of <m> greater for <g> greater for <g> or are the two roughly equal
agrifacts-01054,ef8dead38902,landholding,number,Haryana,All,AgCensus2015-16 T2-4,AgCensus2015-16 T2-4 Haryana/All/number/MarginalvsMedium,False,in <s> according to the <n> agriculture census among farmers which size class accounts for a larger share of <m> <g> <g> or are the two roughly equal
agrifacts-01055,1c7ffa6acf3d,social_group,area,Andhra Pradesh,Large,AgCensus2015-16 T2-4,AgCensus2015-16 T2-4 Andhra Pradesh/Large/area/SCvsST,False,based on the <n> agriculture census in <s> do <g> <g> or are the two roughly equal operate the greater portion of <g>
agrifacts-01056,353e4c8e6432,landholding,number,Tripura,ST,AgCensus2015-16 T2-4,AgCensus2015-16 T2-4 Tripura/ST/number/MarginalvsSmall,False,in <s> according to the <n> agriculture census among <g> which size class accounts for a larger share of <m> <g> <g> or are the two roughly equal
agrifacts-01057,0d519282b5bf,social_group,number,Uttarakhand,Marginal,AgCensus2015-16 T2-4,AgCensus2015-16 T2-4 Uttarakhand/Marginal/number/SCvsST,False,in <s> according to the <n> agriculture census which social group operates a larger share of <g> <g> <g> or are the two roughly equal
agrifacts-01058,353e4c8e6432,landholding,number,Himachal Pradesh,SC,AgCensus2015-16 T2-4,AgCensus2015-16 T2-4 Himachal Pradesh/SC/number/MarginalvsSmall,False,in <s> according to the <n> agriculture census among <g> which size class accounts for a larger share of <m> <g> <g> or are the two roughly equal
agrifacts-01059,ef8dead38902,landholding,number,Jharkhand,All,AgCensus2015-16 T2-4,AgCensus2015-16 T2-4 Jharkhand/All/number/MarginalvsMedium,False,in <s> according to the <n> agriculture census among farmers which size class accounts for a larger share of <m> <g> <g> or are the two roughly equal
agrifacts-01060,353e4c8e6432,landholding,number,Gujarat,ST,AgCensus2015-16 T2-4,AgCensus2015-16 T2-4 Gujarat/ST/number/MarginalvsSemi-medium,False,in <s> according to the <n> agriculture census among <g> which size class accounts for a larger share of <m> <g> <g> or are the two roughly equal
agrifacts-01061,353e4c8e6432,landholding,number,Arunachal Pradesh,ST,AgCensus2015-16 T2-4,AgCensus2015-16 T2-4 Arunachal Pradesh/ST/number/SmallvsSemi-medium,False,in <s> according to the <n> agriculture census among <g> which size class accounts for a larger share of <m> <g> <g> or are the two roughly equal
agrifacts-01062,0d519282b5bf,social_group,area,Arunachal Pradesh,Semi-medium,AgCensus2015-16 T2-4,AgCensus2015-16 T2-4 Arunachal Pradesh/Semi-medium/area/STvsOthers,False,in <s> according to the <n> agriculture census which social group operates a larger share of <g> <g> <g> or are the two roughly equal
agrifacts-01063,55f74e759a5c,social_group,area,Andhra Pradesh,Semi-medium,AgCensus2015-16 T2-4,AgCensus2015-16 T2-4 Andhra Pradesh/Semi-medium/area/SCvsST,False,according to the <n> agriculture census in <s> is the share of <g> larger for <g> for <g> or are the two roughly equal
agrifacts-01064,ef8dead38902,landholding,number,Sikkim,All,AgCensus2015-16 T2-4,AgCensus2015-16 T2-4 Sikkim/All/number/SmallvsSemi-medium,True,in <s> according to the <n> agriculture census among farmers which size class accounts for a larger share of <m> <g> <g> or are the two roughly equal
agrifacts-01065,91a497bccc28,social_group,area,Chhattisgarh,Semi-medium,AgCensus2015-16 T2-4,AgCensus2015-16 T2-4 Chhattisgarh/Semi-medium/area/STvsOthers,False,based on the <n> agriculture census is the share of <g> in <s> larger for <g> larger for <g> or are the two roughly equal
agrifacts-01066,353e4c8e6432,landholding,number,Tripura,SC,AgCensus2015-16 T2-4,AgCensus2015-16 T2-4 Tripura/SC/number/MarginalvsMedium,True,in <s> according to the <n> agriculture census among <g> which size class accounts for a larger share of <m> <g> <g> or are the two roughly equal
agrifacts-01067,35293b5bfeff,landholding,number,Maharashtra,ST,AgCensus2015-16 T2-4,AgCensus2015-16 T2-4 Maharashtra/ST/number/MarginalvsSmall,False,according to the <n> agriculture census in <s> do <g> <g> or are they roughly equal in representing a larger share of <m> among <g>
agrifacts-01068,6c656d8cbe95,landholding,number,Jharkhand,ST,AgCensus2015-16 T2-4,AgCensus2015-16 T2-4 Jharkhand/ST/number/SmallvsSemi-medium,False,in the <n> agriculture census of <s> for <g> which size class <g> or <g> holds a greater proportion of <m> or are they roughly equal
agrifacts-01069,353e4c8e6432,landholding,number,Karnataka,SC,AgCensus2015-16 T2-4,AgCensus2015-16 T2-4 Karnataka/SC/number/MarginalvsMedium,True,in <s> according to the <n> agriculture census among <g> which size class accounts for a larger share of <m> <g> <g> or are the two roughly equal
agrifacts-01070,b3f80e9bf61c,social_group,number,Odisha,All Classes,AgCensus2015-16 T2-4,AgCensus2015-16 T2-4 Odisha/All Classes/number/SCvsST,False,in <s> according to the <n> agriculture census which social group operates a larger share of <m> <g> <g> or are the two roughly equal
agrifacts-01071,353e4c8e6432,landholding,number,Maharashtra,ST,AgCensus2015-16 T2-4,AgCensus2015-16 T2-4 Maharashtra/ST/number/MarginalvsLarge,False,in <s> according to the <n> agriculture census among <g> which size class accounts for a larger share of <m> <g> <g> or are the two roughly equal
agrifacts-01072,353e4c8e6432,landholding,number,Madhya Pradesh,SC,AgCensus2015-16 T2-4,AgCensus2015-16 T2-4 Madhya Pradesh/SC/number/SmallvsLarge,False,in <s> according to the <n> agriculture census among <g> which size class accounts for a larger share of <m> <g> <g> or are the two roughly equal
agrifacts-01073,6bbc825be879,social_group,area,Andhra Pradesh,All Classes,AgCensus2015-16 T2-4,AgCensus2015-16 T2-4 Andhra Pradesh/All Classes/area/SCvsST,True,in <s> based on the <n> agriculture census do <g> <g> or are the two roughly equal in operating a larger share of <m>
agrifacts-01074,ef8dead38902,landholding,number,Tamil Nadu,All,AgCensus2015-16 T2-4,AgCensus2015-16 T2-4 Tamil Nadu/All/number/MarginalvsLarge,False,in <s> according to the <n> agriculture census among farmers which size class accounts for a larger share of <m> <g> <g> or are the two roughly equal
agrifacts-01075,24f20346b786,social_group,number,Chhattisgarh,Semi-medium,AgCensus2015-16 T2-4,AgCensus2015-16 T2-4 Chhattisgarh/Semi-medium/number/STvsOthers,False,based on the <n> agriculture census in <s> is a larger portion of <g> <m> by <g> by <g> or are the two roughly equal
agrifacts-01076,167991239eeb,gender,number,ST,Medium,AgCensus2015-16 T14-16,AgCensus2015-16 T14-16 ST/Medium/number/MvF,False,how do the shares <m> by <g> and <g> compare for <g> among <g> in the <s> india level <n> agriculture census is one larger or are the two roughly equal
agrifacts-01077,f549309eeb78,landholding,area,Madhya Pradesh,All,AgCensus2015-16 T2-4,AgCensus2015-16 T2-4 Madhya Pradesh/All/area/SmallvsMedium,True,according to the <n> agriculture census in <s> between <g> and <g> which size class claims the greater portion of <m> land among farmers or are the two roughly equal
agrifacts-01078,0d519282b5bf,social_group,number,Gujarat,Large,AgCensus2015-16 T2-4,AgCensus2015-16 T2-4 Gujarat/Large/number/STvsOthers,False,in <s> according to the <n> agriculture census which social group operates a larger share of <g> <g> <g> or are the two roughly equal
agrifacts-01079,ef8dead38902,landholding,number,Goa,All,AgCensus2015-16 T2-4,AgCensus2015-16 T2-4 Goa/All/number/MarginalvsLarge,False,in <s> according to the <n> agriculture census among farmers which size class accounts for a larger share of <m> <g> <g> or are the two roughly equal
agrifacts-01080,353e4c8e6432,landholding,number,Mizoram,ST,AgCensus2015-16 T2-4,AgCensus2015-16 T2-4 Mizoram/ST/number/MarginalvsSemi-medium,False,in <s> according to the <n> agriculture census among <g> which size class accounts for a larger share of <m> <g> <g> or are the two roughly equal
agrifacts-01081,ef8dead38902,landholding,number,Haryana,All,AgCensus2015-16 T2-4,AgCensus2015-16 T2-4 Haryana/All/number/Semi-mediumvsLarge,True,in <s> according to the <n> agriculture census among farmers which size class accounts for a larger share of <m> <g> <g> or are the two roughly equal
agrifacts-01082,353e4c8e6432,landholding,number,Uttar Pradesh,ST,AgCensus2015-16 T2-4,AgCensus2015-16 T2-4 Uttar Pradesh/ST/number/SmallvsMedium,False,in <s> according to the <n> agriculture census among <g> which size class accounts for a larger share of <m> <g> <g> or are the two roughly equal
agrifacts-01083,353e4c8e6432,landholding,number,Madhya Pradesh,SC,AgCensus2015-16 T2-4,AgCensus2015-16 T2-4 Madhya Pradesh/SC/number/MarginalvsMedium,True,in <s> according to the <n> agriculture census among <g> which size class accounts for a larger share of <m> <g> <g> or are the two roughly equal
agrifacts-01084,0d519282b5bf,social_group,area,Jammu & Kashmir,Marginal,AgCensus2015-16 T2-4,AgCensus2015-16 T2-4 Jammu & Kashmir/Marginal/area/SCvsOthers,False,in <s> according to the <n> agriculture census which social group operates a larger share of <g> <g> <g> or are the two roughly equal
agrifacts-01085,353e4c8e6432,landholding,number,Himachal Pradesh,ST,AgCensus2015-16 T2-4,AgCensus2015-16 T2-4 Himachal Pradesh/ST/number/MarginalvsLarge,False,in <s> according to the <n> agriculture census among <g> which size class accounts for a larger share of <m> <g> <g> or are the two roughly equal
agrifacts-01086,9b9dee4c1dfd,social_group,number,Tamil Nadu,Semi-medium,AgCensus2015-16 T2-4,AgCensus2015-16 T2-4 Tamil Nadu/Semi-medium/number/SCvsST,True,in <s> based on the <n> agriculture census between <g> and <g> which social group manages a greater portion of <g> or are the two roughly equal
agrifacts-01087,353e4c8e6432,landholding,number,Karnataka,ST,AgCensus2015-16 T2-4,AgCensus2015-16 T2-4 Karnataka/ST/number/SmallvsMedium,False,in <s> according to the <n> agriculture census among <g> which size class accounts for a larger share of <m> <g> <g> or are the two roughly equal
agrifacts-01088,353e4c8e6432,landholding,number,Goa,ST,AgCensus2015-16 T2-4,AgCensus2015-16 T2-4 Goa/ST/number/SmallvsMedium,False,in <s> according to the <n> agriculture census among <g> which size class accounts for a larger share of <m> <g> <g> or are the two roughly equal
agrifacts-01089,0d519282b5bf,social_group,number,Maharashtra,Small,AgCensus2015-16 T2-4,AgCensus2015-16 T2-4 Maharashtra/Small/number/STvsOthers,False,in <s> according to the <n> agriculture census which social group operates a larger share of <g> <g> <g> or are the two roughly equal
agrifacts-01090,ef8dead38902,landholding,number,Odisha,All,AgCensus2015-16 T2-4,AgCensus2015-16 T2-4 Odisha/All/number/SmallvsSemi-medium,True,in <s> according to the <n> agriculture census among farmers which size class accounts for a larger share of <m> <g> <g> or are the two roughly equal
agrifacts-01091,b3f80e9bf61c,social_group,area,Delhi,All Classes,AgCensus2015-16 T2-4,AgCensus2015-16 T2-4 Delhi/All Classes/area/STvsOthers,True,in <s> according to the <n> agriculture census which social group operates a larger share of <m> <g> <g> or are the two roughly equal
agrifacts-01092,ef8dead38902,landholding,number,Punjab,All,AgCensus2015-16 T2-4,AgCensus2015-16 T2-4 Punjab/All/number/MarginalvsSmall,False,in <s> according to the <n> agriculture census among farmers which size class accounts for a larger share of <m> <g> <g> or are the two roughly equal
agrifacts-01093,0d519282b5bf,social_group,number,Uttar Pradesh,Large,AgCensus2015-16 T2-4,AgCensus2015-16 T2-4 Uttar Pradesh/Large/number/SCvsOthers,False,in <s> according to the <n> agriculture census which social group operates a larger share of <g> <g> <g> or are the two roughly equal
agrifacts-01094,0d519282b5bf,social_group,number,Assam,Semi-medium,AgCensus2015-16 T2-4,AgCensus2015-16 T2-4 Assam/Semi-medium/number/SCvsOthers,False,in <s> according to the <n> agriculture census which social group operates a larger share of <g> <g> <g> or are the two roughly equal
agrifacts-01095,353e4c8e6432,landholding,number,Tamil Nadu,SC,AgCensus2015-16 T2-4,AgCensus2015-16 T2-4 Tamil Nadu/SC/number/MarginalvsLarge,False,in <s> according to the <n> agriculture census among <g> which size class accounts for a larger share of <m> <g> <g> or are the two roughly equal
agrifacts-01096,64efc9588055,social_group,number,Maharashtra,Medium,AgCensus2015-16 T2-4,AgCensus2015-16 T2-4 Maharashtra/Medium/number/SCvsST,False,based on the <n> agriculture census in <s> are the shares of <g> <m> by <g> and <g> roughly equal or does one of these social groups have a larger share
agrifacts-01097,672f661eba7b,gender,number,All,femaleShare,AgCensus2015-16 T14-16,AgCensus2015-16 T14-16 All/femaleShare/number/MarginalvsMedium,True,in the <n> agriculture census across <s> india does the proportion of <g> <m> <m> exceed for <g> for <g> or <s> ay roughly equal for both
agrifacts-01098,8e10b504ef14,social_group,number,Telangana,Marginal,AgCensus2015-16 T2-4,AgCensus2015-16 T2-4 Telangana/Marginal/number/SCvsST,True,based on the <n> agriculture census in <s> are <g> <m> in a larger share by <g> by <g> or are the two roughly equal
agrifacts-01099,ef8dead38902,landholding,number,Goa,All,AgCensus2015-16 T2-4,AgCensus2015-16 T2-4 Goa/All/number/MarginalvsSemi-medium,False,in <s> according to the <n> agriculture census among farmers which size class accounts for a larger share of <m> <g> <g> or are the two roughly equal
agrifacts-01100,353e4c8e6432,landholding,area,Uttar Pradesh,ST,AgCensus2015-16 T2-4,AgCensus2015-16 T2-4 Uttar Pradesh/ST/area/SmallvsSemi-medium,False,in <s> according to the <n> agriculture census among <g> which size class accounts for a larger share of <m> <g> <g> or are the two roughly equal
agrifacts-01101,35f19e5a83e1,social_group,number,Uttarakhand,Small,AgCensus2015-16 T2-4,AgCensus2015-16 T2-4 Uttarakhand/Small/number/SCvsST,True,per the <n> agriculture census in <s> do <g> or <g> operate a greater proportion of <g> or are the two roughly equal
agrifacts-01102,353e4c8e6432,landholding,number,Uttarakhand,ST,AgCensus2015-16 T2-4,AgCensus2015-16 T2-4 Uttarakhand/ST/number/MarginalvsSemi-medium,False,in <s> according to the <n> agriculture census among <g> which size class accounts for a larger share of <m> <g> <g> or are the two roughly equal
agrifacts-01103,0d519282b5bf,social_group,area,Andhra Pradesh,Marginal,AgCensus2015-16 T2-4,AgCensus2015-16 T2-4 Andhra Pradesh/Marginal/area/SCvsST,False,in <s> according to the <n> agriculture census which social group operates a larger share of <g> <g> <g> or are the two roughly equal
agrifacts-01104,7193c3928488,social_group,number,Karnataka,Medium,AgCensus2015-16 T2-4,AgCensus2015-16 T2-4 Karnataka/Medium/number/SCvsST,False,based on the <n> agriculture census in <s> is the share of <g> <m> by <g> larger by <g> larger or are the two roughly equal
agrifacts-01105,0347d1894a55,social_group,area,Himachal Pradesh,Semi-medium,AgCensus2015-16 T2-4,AgCensus2015-16 T2-4 Himachal Pradesh/Semi-medium/area/SCvsST,False,according to the <n> agriculture census do <g> <g> or roughly equal shares of each operate a larger proportion of the <g> in <s>
agrifacts-01106,67625133da64,landholding,area,Assam,All,AgCensus2015-16 T2-4,AgCensus2015-16 T2-4 Assam/All/area/SmallvsSemi-medium,False,based on the <n> agriculture census in <s> is the larger portion of <m> held by farmers with a <g> by those with a <g> or are the two roughly equal
agrifacts-01107,353e4c8e6432,landholding,number,Jharkhand,SC,AgCensus2015-16 T2-4,AgCensus2015-16 T2-4 Jharkhand/SC/number/MarginalvsMedium,True,in <s> according to the <n> agriculture census among <g> which size class accounts for a larger share of <m> <g> <g> or are the two roughly equal
agrifacts-01108,8583444e5aee,landholding,number,Punjab,All,AgCensus2015-16 T2-4,AgCensus2015-16 T2-4 Punjab/All/number/MarginalvsSmall,False,based on the <n> agriculture census in <s> among farmers which size class <g> <g> or the two roughly equal represents a greater proportion of <m>
agrifacts-01109,c40839f59dc1,landholding,area,D & N Haveli,All,AgCensus2015-16 T2-4,AgCensus2015-16 T2-4 D & N Haveli/All/area/MarginalvsSemi-medium,False,based on the <n> agriculture census in <s> between <g> and <g> which size class holds a greater portion of the <m> among farmers or are they roughly equal
agrifacts-01110,5af9f2cfe5ac,social_group,area,Maharashtra,Semi-medium,AgCensus2015-16 T2-4,AgCensus2015-16 T2-4 Maharashtra/Semi-medium/area/SCvsST,False,according to the <n> agriculture census in <s> between <g> and <g> which social group holds a greater portion of <g> or are the two roughly equal
agrifacts-01111,8593a7e6b83a,social_group,number,Chhattisgarh,Semi-medium,AgCensus2015-16 T2-4,AgCensus2015-16 T2-4 Chhattisgarh/Semi-medium/number/STvsOthers,False,based on the <n> agriculture census in <s> is a larger portion of <g> <m> by <g> by <g> or are these two groups roughly equal
agrifacts-01112,09f46f17b139,landholding,area,D & N Haveli,All,AgCensus2015-16 T2-4,AgCensus2015-16 T2-4 D & N Haveli/All/area/Semi-mediumvsMedium,False,in <s> based on the <n> agriculture census data between <g> and <g> which size class holds a greater proportion of <m> among farmers or are they roughly equal
agrifacts-01113,d617c062b5ff,landholding,area,Delhi,All,AgCensus2015-16 T2-4,AgCensus2015-16 T2-4 Delhi/All/area/SmallvsSemi-medium,False,in <s> based on the <n> agriculture census between <g> and <g> among farmers which size class con <s> itutes a greater share of <m> or are the two roughly equal
agrifacts-01114,ef8dead38902,landholding,number,Himachal Pradesh,All,AgCensus2015-16 T2-4,AgCensus2015-16 T2-4 Himachal Pradesh/All/number/MarginalvsSemi-medium,False,in <s> according to the <n> agriculture census among farmers which size class accounts for a larger share of <m> <g> <g> or are the two roughly equal
agrifacts-01115,b3f80e9bf61c,social_group,number,Manipur,All Classes,AgCensus2015-16 T2-4,AgCensus2015-16 T2-4 Manipur/All Classes/number/STvsOthers,False,in <s> according to the <n> agriculture census which social group operates a larger share of <m> <g> <g> or are the two roughly equal
agrifacts-01116,81d137039d15,landholding,area,Puducherry,All,AgCensus2015-16 T2-4,AgCensus2015-16 T2-4 Puducherry/All/area/Semi-mediumvsMedium,False,in the <n> agriculture census for <s> does <g> <g> or are the two roughly equal account for a larger portion of the <m> among farmers
agrifacts-01117,b3f80e9bf61c,social_group,number,Tamil Nadu,All Classes,AgCensus2015-16 T2-4,AgCensus2015-16 T2-4 Tamil Nadu/All Classes/number/STvsOthers,False,in <s> according to the <n> agriculture census which social group operates a larger share of <m> <g> <g> or are the two roughly equal
agrifacts-01118,7193c3928488,social_group,number,Andhra Pradesh,Semi-medium,AgCensus2015-16 T2-4,AgCensus2015-16 T2-4 Andhra Pradesh/Semi-medium/number/SCvsST,True,based on the <n> agriculture census in <s> is the share of <g> <m> by <g> larger by <g> larger or are the two roughly equal
agrifacts-01119,b3f80e9bf61c,social_group,number,Tripura,All Classes,AgCensus2015-16 T2-4,AgCensus2015-16 T2-4 Tripura/All Classes/number/SCvsOthers,False,in <s> according to the <n> agriculture census which social group operates a larger share of <m> <g> <g> or are the two roughly equal
agrifacts-01120,b3f80e9bf61c,social_group,number,West Bengal,All Classes,AgCensus2015-16 T2-4,AgCensus2015-16 T2-4 West Bengal/All Classes/number/SCvsOthers,False,in <s> according to the <n> agriculture census which social group operates a larger share of <m> <g> <g> or are the two roughly equal
agrifacts-01121,0d519282b5bf,social_group,number,Punjab,Semi-medium,AgCensus2015-16 T2-4,AgCensus2015-16 T2-4 Punjab/Semi-medium/number/STvsOthers,False,in <s> according to the <n> agriculture census which social group operates a larger share of <g> <g> <g> or are the two roughly equal
agrifacts-01122,99063dbf6d0c,landholding,number,Arunachal Pradesh,ST,AgCensus2015-16 T2-4,AgCensus2015-16 T2-4 Arunachal Pradesh/ST/number/MarginalvsSemi-medium,False,according to the <n> agriculture census in <s> is the share of <m> among <g> larger for <g> larger for <g> or roughly equal for the two
agrifacts-01123,ef8dead38902,landholding,number,Nagaland,All,AgCensus2015-16 T2-4,AgCensus2015-16 T2-4 Nagaland/All/number/MarginalvsMedium,False,in <s> according to the <n> agriculture census among farmers which size class accounts for a larger share of <m> <g> <g> or are the two roughly equal
agrifacts-01124,ef8dead38902,landholding,number,Mizoram,All,AgCensus2015-16 T2-4,AgCensus2015-16 T2-4 Mizoram/All/number/MarginalvsSemi-medium,False,in <s> according to the <n> agriculture census among farmers which size class accounts for a larger share of <m> <g> <g> or are the two roughly equal
agrifacts-01125,ef8dead38902,landholding,number,Andhra Pradesh,All,AgCensus2015-16 T2-4,AgCensus2015-16 T2-4 Andhra Pradesh/All/number/MarginalvsMedium,False,in <s> according to the <n> agriculture census among farmers which size class accounts for a larger share of <m> <g> <g> or are the two roughly equal
agrifacts-01126,353e4c8e6432,landholding,number,Gujarat,SC,AgCensus2015-16 T2-4,AgCensus2015-16 T2-4 Gujarat/SC/number/SmallvsSemi-medium,True,in <s> according to the <n> agriculture census among <g> which size class accounts for a larger share of <m> <g> <g> or are the two roughly equal
agrifacts-01127,910170bb1cd0,landholding,number,Arunachal Pradesh,ST,AgCensus2015-16 T2-4,AgCensus2015-16 T2-4 Arunachal Pradesh/ST/number/SmallvsSemi-medium,False,in the <n> agriculture census of <s> regarding <g> does the <g> size class or the <g> size class represent a greater proportion of <m> or are the two roughly equal
agrifacts-01128,39f556e5bcf9,landholding,number,Andhra Pradesh,SC,AgCensus2015-16 T2-4,AgCensus2015-16 T2-4 Andhra Pradesh/SC/number/Semi-mediumvsMedium,True,among <g> in <s> per the <n> agriculture census which category between <g> and <g> has a greater proportion of <m> or are they roughly equal
agrifacts-01129,92c12d03b159,landholding,area,Karnataka,SC,AgCensus2015-16 T2-4,AgCensus2015-16 T2-4 Karnataka/SC/area/MarginalvsSemi-medium,False,based on the <n> agriculture census in <s> of the <m> belonging to <g> does <g> or <g> hold a greater portion or are the two roughly equal
agrifacts-01130,b3f80e9bf61c,social_group,number,Kerala,All Classes,AgCensus2015-16 T2-4,AgCensus2015-16 T2-4 Kerala/All Classes/number/SCvsOthers,True,in <s> according to the <n> agriculture census which social group operates a larger share of <m> <g> <g> or are the two roughly equal
agrifacts-01131,b53b02d247ee,landholding,number,Goa,ST,AgCensus2015-16 T2-4,AgCensus2015-16 T2-4 Goa/ST/number/SmallvsSemi-medium,False,based on the <n> agriculture census in <s> among <g> does a larger share of <m> belong to <g> <g> or are the two roughly equal
agrifacts-01132,0d519282b5bf,social_group,area,Bihar,Semi-medium,AgCensus2015-16 T2-4,AgCensus2015-16 T2-4 Bihar/Semi-medium/area/STvsOthers,False,in <s> according to the <n> agriculture census which social group operates a larger share of <g> <g> <g> or are the two roughly equal
agrifacts-01133,b3f80e9bf61c,social_group,number,Chhattisgarh,All Classes,AgCensus2015-16 T2-4,AgCensus2015-16 T2-4 Chhattisgarh/All Classes/number/SCvsOthers,False,in <s> according to the <n> agriculture census which social group operates a larger share of <m> <g> <g> or are the two roughly equal
agrifacts-01134,8ffd41aedbc7,social_group,area,Andhra Pradesh,Small,AgCensus2015-16 T2-4,AgCensus2015-16 T2-4 Andhra Pradesh/Small/area/SCvsST,True,based on the <n> agriculture census in <s> do <g> <g> or are the two roughly equal operate a greater portion of sm <s> <m> land
agrifacts-01135,353e4c8e6432,landholding,area,Assam,ST,AgCensus2015-16 T2-4,AgCensus2015-16 T2-4 Assam/ST/area/MarginalvsSmall,False,in <s> according to the <n> agriculture census among <g> which size class accounts for a larger share of <m> <g> <g> or are the two roughly equal
agrifacts-01136,feb180ac1f1b,landholding,area,Sikkim,All,AgCensus2015-16 T2-4,AgCensus2015-16 T2-4 Sikkim/All/area/MarginalvsSmall,False,based on the <n> agriculture census in <s> concerning farmers does the <g> or the <g> contribute a greater portion of the <m> land or are the two roughly equal
agrifacts-01137,3336f0b803e3,social_group,area,Rajasthan,All Classes,AgCensus2015-16 T2-4,AgCensus2015-16 T2-4 Rajasthan/All Classes/area/SCvsST,False,based on the <n> agriculture census in <s> among <g> and <g> which social group controls a greater portion of <m> or are the two roughly equal
agrifacts-01138,c45dfb04b7db,social_group,area,Andhra Pradesh,Medium,AgCensus2015-16 T2-4,AgCensus2015-16 T2-4 Andhra Pradesh/Medium/area/SCvsST,False,according to the <n> agriculture census in <s> is the share of <g> larger for <g> <g> or are the two roughly equal
agrifacts-01139,0d9cff0e6909,landholding,number,Tripura,SC,AgCensus2015-16 T2-4,AgCensus2015-16 T2-4 Tripura/SC/number/SmallvsSemi-medium,False,based on the <n> agriculture census in <s> when considering <g> do <g> or <g> represent a greater proportion of total <m> or are the two roughly equal
agrifacts-01140,b3f80e9bf61c,social_group,number,West Bengal,All Classes,AgCensus2015-16 T2-4,AgCensus2015-16 T2-4 West Bengal/All Classes/number/STvsOthers,True,in <s> according to the <n> agriculture census which social group operates a larger share of <m> <g> <g> or are the two roughly equal
agrifacts-01141,15349f4438bd,social_group,area,Telangana,Small,AgCensus2015-16 T2-4,AgCensus2015-16 T2-4 Telangana/Small/area/SCvsST,True,in <s> based on the <n> agriculture census do <g> <g> or are the two roughly equal in operating a larger share of <g>
agrifacts-01142,3174e29f898f,gender,area,SC,Large,AgCensus2015-16 T14-16,AgCensus2015-16 T14-16 SC/Large/area/MvF,False,at the <s> india level in the <n> agriculture census regarding <g> with <g> do <g> <g> or roughly equal shares operate a larger portion
agrifacts-01143,1808e073a84e,gender,area,SC,Small,AgCensus2015-16 T14-16,AgCensus2015-16 T14-16 SC/Small/area/MvF,False,considering the <s> india level of the <n> agriculture census within <g> and specific <s> y among those with a <g> which group operates a larger share <g> <g> or are the two roughl
agrifacts-01144,0d519282b5bf,social_group,area,Jammu & Kashmir,Medium,AgCensus2015-16 T2-4,AgCensus2015-16 T2-4 Jammu & Kashmir/Medium/area/SCvsST,False,in <s> according to the <n> agriculture census which social group operates a larger share of <g> <g> <g> or are the two roughly equal
agrifacts-01145,1c7a9c3f54d2,social_group,number,Uttarakhand,Semi-medium,AgCensus2015-16 T2-4,AgCensus2015-16 T2-4 Uttarakhand/Semi-medium/number/SCvsST,True,among <g> and <g> in <s> based on the <n> agriculture census which social group holds a larger proportion of semi medium land <m> or are the two roughly equal
agrifacts-01146,353e4c8e6432,landholding,number,Arunachal Pradesh,ST,AgCensus2015-16 T2-4,AgCensus2015-16 T2-4 Arunachal Pradesh/ST/number/SmallvsLarge,True,in <s> according to the <n> agriculture census among <g> which size class accounts for a larger share of <m> <g> <g> or are the two roughly equal
agrifacts-01147,cd6acf449d89,social_group,area,Maharashtra,All Classes,AgCensus2015-16 T2-4,AgCensus2015-16 T2-4 Maharashtra/All Classes/area/SCvsST,False,in the <n> agriculture census for <s> do <g> or <g> control a bigger portion of farming land or are they roughly equal
agrifacts-01148,d15096cd4633,landholding,area,Delhi,All,AgCensus2015-16 T2-4,AgCensus2015-16 T2-4 Delhi/All/area/SmallvsMedium,True,in <s> as per the <n> agriculture census is the <m> among farmers more greatly accounted for by <g> by <g> or are the two roughly equal
agrifacts-01149,0316d9202e2f,social_group,area,Telangana,Marginal,AgCensus2015-16 T2-4,AgCensus2015-16 T2-4 Telangana/Marginal/area/SCvsST,False,according to the <n> agriculture census which social group <g> <g> or both roughly equal holds a greater proportion of <g> in <s>
agrifacts-01150,0d519282b5bf,social_group,number,Haryana,Marginal,AgCensus2015-16 T2-4,AgCensus2015-16 T2-4 Haryana/Marginal/number/STvsOthers,False,in <s> according to the <n> agriculture census which social group operates a larger share of <g> <g> <g> or are the two roughly equal
agrifacts-01151,4fb5df3b7252,social_group,number,Andhra Pradesh,Small,AgCensus2015-16 T2-4,AgCensus2015-16 T2-4 Andhra Pradesh/Small/number/SCvsST,True,based on the <n> agriculture census in <s> is the proportion of <g> <m> by <g> larger than that <m> by <g> sm <s> er than it or roughly equal
agrifacts-01152,353e4c8e6432,landholding,number,Maharashtra,ST,AgCensus2015-16 T2-4,AgCensus2015-16 T2-4 Maharashtra/ST/number/SmallvsMedium,False,in <s> according to the <n> agriculture census among <g> which size class accounts for a larger share of <m> <g> <g> or are the two roughly equal
agrifacts-01153,98f4b23d3e7a,social_group,area,Karnataka,Large,AgCensus2015-16 T2-4,AgCensus2015-16 T2-4 Karnataka/Large/area/SCvsST,False,according to the <n> agriculture census in <s> is a larger share of <g> held by <g> by <g> or are the two roughly equal
agrifacts-01154,5fcbfc99cbd0,landholding,area,Madhya Pradesh,All,AgCensus2015-16 T2-4,AgCensus2015-16 T2-4 Madhya Pradesh/All/area/SmallvsSemi-medium,False,based on the <n> agriculture census in <s> among farmers is the portion of <m> greater for the <g> class greater for the <g> class or are the two roughly equal
agrifacts-01155,353e4c8e6432,landholding,number,Karnataka,SC,AgCensus2015-16 T2-4,AgCensus2015-16 T2-4 Karnataka/SC/number/SmallvsMedium,True,in <s> according to the <n> agriculture census among <g> which size class accounts for a larger share of <m> <g> <g> or are the two roughly equal
agrifacts-01156,ef8dead38902,landholding,number,Madhya Pradesh,All,AgCensus2015-16 T2-4,AgCensus2015-16 T2-4 Madhya Pradesh/All/number/SmallvsMedium,False,in <s> according to the <n> agriculture census among farmers which size class accounts for a larger share of <m> <g> <g> or are the two roughly equal
agrifacts-01157,353e4c8e6432,landholding,area,Mizoram,ST,AgCensus2015-16 T2-4,AgCensus2015-16 T2-4 Mizoram/ST/area/MarginalvsSemi-medium,False,in <s> according to the <n> agriculture census among <g> which size class accounts for a larger share of <m> <g> <g> or are the two roughly equal
agrifacts-01158,b4685a155b76,social_group,number,Karnataka,Medium,AgCensus2015-16 T2-4,AgCensus2015-16 T2-4 Karnataka/Medium/number/SCvsST,False,based on the <n> agriculture census in <s> which social group <g> or <g> manages a greater portion of <g> or are the two roughly equal
agrifacts-01159,7193c3928488,social_group,number,Maharashtra,Medium,AgCensus2015-16 T2-4,AgCensus2015-16 T2-4 Maharashtra/Medium/number/SCvsST,False,based on the <n> agriculture census in <s> is the share of <g> <m> by <g> larger by <g> larger or are the two roughly equal
agrifacts-01160,0d519282b5bf,social_group,number,Rajasthan,Small,AgCensus2015-16 T2-4,AgCensus2015-16 T2-4 Rajasthan/Small/number/STvsOthers,True,in <s> according to the <n> agriculture census which social group operates a larger share of <g> <g> <g> or are the two roughly equal
agrifacts-01161,353e4c8e6432,landholding,area,Rajasthan,ST,AgCensus2015-16 T2-4,AgCensus2015-16 T2-4 Rajasthan/ST/area/SmallvsMedium,False,in <s> according to the <n> agriculture census among <g> which size class accounts for a larger share of <m> <g> <g> or are the two roughly equal
agrifacts-01162,353e4c8e6432,landholding,number,Tamil Nadu,ST,AgCensus2015-16 T2-4,AgCensus2015-16 T2-4 Tamil Nadu/ST/number/SmallvsSemi-medium,False,in <s> according to the <n> agriculture census among <g> which size class accounts for a larger share of <m> <g> <g> or are the two roughly equal
agrifacts-01163,046dc757c209,landholding,number,Nagaland,All,AgCensus2015-16 T2-4,AgCensus2015-16 T2-4 Nagaland/All/number/SmallvsLarge,True,in <s> based on the <n> agriculture census do <g> <g> or are the two roughly equal account for the greater portion of farmers <m>
agrifacts-01164,75da4aca5846,landholding,area,Andhra Pradesh,ST,AgCensus2015-16 T2-4,AgCensus2015-16 T2-4 Andhra Pradesh/ST/area/MarginalvsSemi-medium,False,according to the <n> agriculture census in <s> among <g> is the share of <m> larger for <g> or for <g> or are the two roughly equal
agrifacts-01165,515f3d883063,landholding,area,Haryana,All,AgCensus2015-16 T2-4,AgCensus2015-16 T2-4 Haryana/All/area/Semi-mediumvsLarge,False,considering the <n> agriculture census data for <s> when comparing the share of <m> among farmers does the <g> or the <g> account for a greater portion or are they roughly equal
agrifacts-01166,87735dc266ee,social_group,number,Andhra Pradesh,All Classes,AgCensus2015-16 T2-4,AgCensus2015-16 T2-4 Andhra Pradesh/All Classes/number/SCvsST,False,based on the <n> agriculture census in <s> between <g> <g> or the two being roughly equal which social group runs a greater proportion of farming operations
agrifacts-01167,ef8dead38902,landholding,area,Madhya Pradesh,All,AgCensus2015-16 T2-4,AgCensus2015-16 T2-4 Madhya Pradesh/All/area/Semi-mediumvsMedium,False,in <s> according to the <n> agriculture census among farmers which size class accounts for a larger share of <m> <g> <g> or are the two roughly equal
agrifacts-01168,002dd22f9b39,social_group,number,Rajasthan,Small,AgCensus2015-16 T2-4,AgCensus2015-16 T2-4 Rajasthan/Small/number/SCvsST,False,in the <n> agriculture census of <s> is the proportion of <g> <m> by <g> greater than that <m> by <g> or are the two roughly equal
agrifacts-01169,ef8dead38902,landholding,area,Haryana,All,AgCensus2015-16 T2-4,AgCensus2015-16 T2-4 Haryana/All/area/Semi-mediumvsLarge,False,in <s> according to the <n> agriculture census among farmers which size class accounts for a larger share of <m> <g> <g> or are the two roughly equal
agrifacts-01170,0d519282b5bf,social_group,number,Assam,Small,AgCensus2015-16 T2-4,AgCensus2015-16 T2-4 Assam/Small/number/STvsOthers,False,in <s> according to the <n> agriculture census which social group operates a larger share of <g> <g> <g> or are the two roughly equal
agrifacts-01171,0d519282b5bf,social_group,number,Andhra Pradesh,Medium,AgCensus2015-16 T2-4,AgCensus2015-16 T2-4 Andhra Pradesh/Medium/number/SCvsOthers,False,in <s> according to the <n> agriculture census which social group operates a larger share of <g> <g> <g> or are the two roughly equal
agrifacts-01172,0d519282b5bf,social_group,number,West Bengal,Semi-medium,AgCensus2015-16 T2-4,AgCensus2015-16 T2-4 West Bengal/Semi-medium/number/SCvsOthers,False,in <s> according to the <n> agriculture census which social group operates a larger share of <g> <g> <g> or are the two roughly equal
agrifacts-01173,ef8dead38902,landholding,number,Tamil Nadu,All,AgCensus2015-16 T2-4,AgCensus2015-16 T2-4 Tamil Nadu/All/number/MarginalvsSmall,False,in <s> according to the <n> agriculture census among farmers which size class accounts for a larger share of <m> <g> <g> or are the two roughly equal
agrifacts-01174,87e2054ae90a,landholding,area,Assam,All,AgCensus2015-16 T2-4,AgCensus2015-16 T2-4 Assam/All/area/MarginalvsSemi-medium,False,based on the <n> agriculture census in <s> which category of farmers those with <g> or those with <g> holds a greater portion of <m> land or are the two roughly equal
agrifacts-01175,353e4c8e6432,landholding,number,Sikkim,ST,AgCensus2015-16 T2-4,AgCensus2015-16 T2-4 Sikkim/ST/number/SmallvsMedium,False,in <s> according to the <n> agriculture census among <g> which size class accounts for a larger share of <m> <g> <g> or are the two roughly equal
agrifacts-01176,149663d98a96,gender,number,SC,femaleShare,AgCensus2015-16 T14-16,AgCensus2015-16 T14-16 SC/femaleShare/number/LargevsMedium,True,according to the <n> agriculture census at the <s> india level among <g> does the proportion of <m> <m> by <g> tend to be greater for <g> greater for <g> or roughly equal for both
agrifacts-01177,34ca4fe7f3dc,social_group,number,Rajasthan,All Classes,AgCensus2015-16 T2-4,AgCensus2015-16 T2-4 Rajasthan/All Classes/number/SCvsST,False,based on the <n> agriculture census in <s> do <g> <g> or do the two roughly equal operate a larger share of <m>
agrifacts-01178,353e4c8e6432,landholding,number,Uttar Pradesh,SC,AgCensus2015-16 T2-4,AgCensus2015-16 T2-4 Uttar Pradesh/SC/number/MarginalvsLarge,False,in <s> according to the <n> agriculture census among <g> which size class accounts for a larger share of <m> <g> <g> or are the two roughly equal
agrifacts-01179,f47750a55a83,landholding,area,Maharashtra,All,AgCensus2015-16 T2-4,AgCensus2015-16 T2-4 Maharashtra/All/area/MarginalvsMedium,False,in <s> as per the <n> agriculture census which size class among farmers <g> <g> or are the two roughly equal claims a greater portion of <m>
agrifacts-01180,b3f80e9bf61c,social_group,area,Andhra Pradesh,All Classes,AgCensus2015-16 T2-4,AgCensus2015-16 T2-4 Andhra Pradesh/All Classes/area/STvsOthers,True,in <s> according to the <n> agriculture census which social group operates a larger share of <m> <g> <g> or are the two roughly equal
agrifacts-01181,353e4c8e6432,landholding,area,Rajasthan,ST,AgCensus2015-16 T2-4,AgCensus2015-16 T2-4 Rajasthan/ST/area/SmallvsSemi-medium,False,in <s> according to the <n> agriculture census among <g> which size class accounts for a larger share of <m> <g> <g> or are the two roughly equal
agrifacts-01182,353e4c8e6432,landholding,number,Punjab,SC,AgCensus2015-16 T2-4,AgCensus2015-16 T2-4 Punjab/SC/number/SmallvsLarge,False,in <s> according to the <n> agriculture census among <g> which size class accounts for a larger share of <m> <g> <g> or are the two roughly equal
agrifacts-01183,353e4c8e6432,landholding,number,Tripura,ST,AgCensus2015-16 T2-4,AgCensus2015-16 T2-4 Tripura/ST/number/SmallvsLarge,True,in <s> according to the <n> agriculture census among <g> which size class accounts for a larger share of <m> <g> <g> or are the two roughly equal
agrifacts-01184,4248d9012cc8,landholding,number,Arunachal Pradesh,All,AgCensus2015-16 T2-4,AgCensus2015-16 T2-4 Arunachal Pradesh/All/number/SmallvsSemi-medium,True,based on the <n> agriculture census in <s> when comparing farmers do <g> or <g> account for a larger portion of <m> or are they roughly equal
agrifacts-01185,40ea89f3a6d4,landholding,number,Bihar,ST,AgCensus2015-16 T2-4,AgCensus2015-16 T2-4 Bihar/ST/number/SmallvsSemi-medium,False,based on the <n> agriculture census in <s> does the share of <m> among <g> come in greater measure from <g> from <g> or are the two roughly equal
agrifacts-01186,b3f80e9bf61c,social_group,number,Jammu & Kashmir,All Classes,AgCensus2015-16 T2-4,AgCensus2015-16 T2-4 Jammu & Kashmir/All Classes/number/STvsOthers,False,in <s> according to the <n> agriculture census which social group operates a larger share of <m> <g> <g> or are the two roughly equal
agrifacts-01187,353e4c8e6432,landholding,number,Odisha,ST,AgCensus2015-16 T2-4,AgCensus2015-16 T2-4 Odisha/ST/number/MarginalvsSemi-medium,False,in <s> according to the <n> agriculture census among <g> which size class accounts for a larger share of <m> <g> <g> or are the two roughly equal
agrifacts-01188,0d519282b5bf,social_group,number,Arunachal Pradesh,Marginal,AgCensus2015-16 T2-4,AgCensus2015-16 T2-4 Arunachal Pradesh/Marginal/number/SCvsST,False,in <s> according to the <n> agriculture census which social group operates a larger share of <g> <g> <g> or are the two roughly equal
agrifacts-01189,3e545c525717,social_group,area,Telangana,Small,AgCensus2015-16 T2-4,AgCensus2015-16 T2-4 Telangana/Small/area/SCvsST,True,according to the <n> agriculture census in <s> among <g> and <g> which social group has a greater proportion of <g> or are the two roughly equal
agrifacts-01190,6aaa1687a450,landholding,area,Manipur,All,AgCensus2015-16 T2-4,AgCensus2015-16 T2-4 Manipur/All/area/SmallvsSemi-medium,False,in <s> based on the <n> agriculture census between farmers with <g> and those with <g> which size class holds a greater portion of <m> or are they roughly equal
agrifacts-01191,ef8dead38902,landholding,number,Nagaland,All,AgCensus2015-16 T2-4,AgCensus2015-16 T2-4 Nagaland/All/number/Semi-mediumvsLarge,True,in <s> according to the <n> agriculture census among farmers which size class accounts for a larger share of <m> <g> <g> or are the two roughly equal
agrifacts-01192,c3fc30ef39a4,landholding,area,Madhya Pradesh,All,AgCensus2015-16 T2-4,AgCensus2015-16 T2-4 Madhya Pradesh/All/area/SmallvsMedium,True,according to the <n> agriculture census in <s> between <g> and <g> which size class accounts for a larger share of <m> among farmers or are the two roughly equal
agrifacts-01193,ef8dead38902,landholding,number,Delhi,All,AgCensus2015-16 T2-4,AgCensus2015-16 T2-4 Delhi/All/number/MarginalvsSmall,False,in <s> according to the <n> agriculture census among farmers which size class accounts for a larger share of <m> <g> <g> or are the two roughly equal
agrifacts-01194,353e4c8e6432,landholding,number,Tamil Nadu,SC,AgCensus2015-16 T2-4,AgCensus2015-16 T2-4 Tamil Nadu/SC/number/MarginalvsSmall,False,in <s> according to the <n> agriculture census among <g> which size class accounts for a larger share of <m> <g> <g> or are the two roughly equal
agrifacts-01195,0d519282b5bf,social_group,number,Jharkhand,Marginal,AgCensus2015-16 T2-4,AgCensus2015-16 T2-4 Jharkhand/Marginal/number/SCvsOthers,True,in <s> according to the <n> agriculture census which social group operates a larger share of <g> <g> <g> or are the two roughly equal
agrifacts-01196,14fd71b69f15,social_group,number,Andhra Pradesh,All Classes,AgCensus2015-16 T2-4,AgCensus2015-16 T2-4 Andhra Pradesh/All Classes/number/SCvsST,False,in the <n> agriculture census of <s> is the larger portion of <m> <m> by <g> <g> or are the two roughly equal
agrifacts-01197,49d5f28d3aa9,gender,area,All,Small,AgCensus2015-16 T14-16,AgCensus2015-16 T14-16 All/Small/area/MvF,True,in the <n> agriculture census across <s> of india for <g> does a larger portion belong to <g> to <g> or are the two roughly equal
agrifacts-01198,0d519282b5bf,social_group,number,West Bengal,Marginal,AgCensus2015-16 T2-4,AgCensus2015-16 T2-4 West Bengal/Marginal/number/SCvsST,False,in <s> according to the <n> agriculture census which social group operates a larger share of <g> <g> <g> or are the two roughly equal
agrifacts-01199,a812aa30a686,social_group,area,Maharashtra,Semi-medium,AgCensus2015-16 T2-4,AgCensus2015-16 T2-4 Maharashtra/Semi-medium/area/SCvsST,False,according to the <n> agriculture census in <s> is the share of <g> larger for <g> larger for <g> or roughly equal between the two
agrifacts-01200,b3f80e9bf61c,social_group,number,Haryana,All Classes,AgCensus2015-16 T2-4,AgCensus2015-16 T2-4 Haryana/All Classes/number/STvsOthers,False,in <s> according to the <n> agriculture census which social group operates a larger share of <m> <g> <g> or are the two roughly equal
agrifacts-01201,80e450d0fdef,landholding,number,Nagaland,ST,AgCensus2015-16 T2-4,AgCensus2015-16 T2-4 Nagaland/ST/number/SmallvsLarge,True,based on the <n> agriculture census in <s> for <g> are <g> or <g> responsible for a greater portion of total <m> or are these two groups roughly equal
agrifacts-01202,353e4c8e6432,landholding,area,Uttar Pradesh,ST,AgCensus2015-16 T2-4,AgCensus2015-16 T2-4 Uttar Pradesh/ST/area/SmallvsMedium,False,in <s> according to the <n> agriculture census among <g> which size class accounts for a larger share of <m> <g> <g> or are the two roughly equal
agrifacts-01203,0d519282b5bf,social_group,number,Manipur,Semi-medium,AgCensus2015-16 T2-4,AgCensus2015-16 T2-4 Manipur/Semi-medium/number/SCvsOthers,False,in <s> according to the <n> agriculture census which social group operates a larger share of <g> <g> <g> or are the two roughly equal
agrifacts-01204,0d519282b5bf,social_group,number,Meghalaya,Small,AgCensus2015-16 T2-4,AgCensus2015-16 T2-4 Meghalaya/Small/number/STvsOthers,False,in <s> according to the <n> agriculture census which social group operates a larger share of <g> <g> <g> or are the two roughly equal
agrifacts-01205,353e4c8e6432,landholding,number,Rajasthan,ST,AgCensus2015-16 T2-4,AgCensus2015-16 T2-4 Rajasthan/ST/number/MarginalvsSemi-medium,False,in <s> according to the <n> agriculture census among <g> which size class accounts for a larger share of <m> <g> <g> or are the two roughly equal
agrifacts-01206,0d519282b5bf,social_group,number,Goa,Marginal,AgCensus2015-16 T2-4,AgCensus2015-16 T2-4 Goa/Marginal/number/STvsOthers,True,in <s> according to the <n> agriculture census which social group operates a larger share of <g> <g> <g> or are the two roughly equal
agrifacts-01207,0d519282b5bf,social_group,number,Tripura,Marginal,AgCensus2015-16 T2-4,AgCensus2015-16 T2-4 Tripura/Marginal/number/SCvsOthers,True,in <s> according to the <n> agriculture census which social group operates a larger share of <g> <g> <g> or are the two roughly equal
agrifacts-01208,0d519282b5bf,social_group,area,Himachal Pradesh,Marginal,AgCensus2015-16 T2-4,AgCensus2015-16 T2-4 Himachal Pradesh/Marginal/area/SCvsOthers,False,in <s> according to the <n> agriculture census which social group operates a larger share of <g> <g> <g> or are the two roughly equal
agrifacts-01209,069b22aad9d1,social_group,area,Jharkhand,All Classes,AgCensus2015-16 T2-4,AgCensus2015-16 T2-4 Jharkhand/All Classes/area/STvsOthers,True,in the <n> agriculture census for <s> does a larger portion of <m> belong to <g> to <g> or are the two roughly equal
agrifacts-01210,353e4c8e6432,landholding,number,Sikkim,ST,AgCensus2015-16 T2-4,AgCensus2015-16 T2-4 Sikkim/ST/number/Semi-mediumvsLarge,False,in <s> according to the <n> agriculture census among <g> which size class accounts for a larger share of <m> <g> <g> or are the two roughly equal
agrifacts-01211,0d519282b5bf,social_group,number,Punjab,Small,AgCensus2015-16 T2-4,AgCensus2015-16 T2-4 Punjab/Small/number/SCvsOthers,True,in <s> according to the <n> agriculture census which social group operates a larger share of <g> <g> <g> or are the two roughly equal
agrifacts-01212,353e4c8e6432,landholding,number,Jammu & Kashmir,SC,AgCensus2015-16 T2-4,AgCensus2015-16 T2-4 Jammu & Kashmir/SC/number/MarginalvsLarge,False,in <s> according to the <n> agriculture census among <g> which size class accounts for a larger share of <m> <g> <g> or are the two roughly equal
agrifacts-01213,f220382c8a6f,gender,area,ST,femaleShare,AgCensus2015-16 T14-16,AgCensus2015-16 T14-16 ST/femaleShare/area/MarginalvsMedium,False,in the <n> agriculture census across <s> of india for <g> is the proportion of <m> managed by <g> greater in <g> greater in <g> or roughly the same for both
agrifacts-01214,353e4c8e6432,landholding,number,Madhya Pradesh,SC,AgCensus2015-16 T2-4,AgCensus2015-16 T2-4 Madhya Pradesh/SC/number/Semi-mediumvsLarge,False,in <s> according to the <n> agriculture census among <g> which size class accounts for a larger share of <m> <g> <g> or are the two roughly equal
agrifacts-01215,0d519282b5bf,social_group,number,Assam,Marginal,AgCensus2015-16 T2-4,AgCensus2015-16 T2-4 Assam/Marginal/number/SCvsOthers,True,in <s> according to the <n> agriculture census which social group operates a larger share of <g> <g> <g> or are the two roughly equal
agrifacts-01216,353e4c8e6432,landholding,number,West Bengal,SC,AgCensus2015-16 T2-4,AgCensus2015-16 T2-4 West Bengal/SC/number/MarginalvsLarge,True,in <s> according to the <n> agriculture census among <g> which size class accounts for a larger share of <m> <g> <g> or are the two roughly equal
agrifacts-01217,b02551985eb2,social_group,area,Maharashtra,Marginal,AgCensus2015-16 T2-4,AgCensus2015-16 T2-4 Maharashtra/Marginal/area/SCvsST,False,according to the <n> agriculture census in <s> between <g> and <g> which social group has a greater portion of <g> or are the two roughly equal
agrifacts-01218,0d519282b5bf,social_group,area,Andhra Pradesh,Large,AgCensus2015-16 T2-4,AgCensus2015-16 T2-4 Andhra Pradesh/Large/area/SCvsOthers,True,in <s> according to the <n> agriculture census which social group operates a larger share of <g> <g> <g> or are the two roughly equal
agrifacts-01219,353e4c8e6432,landholding,number,Odisha,SC,AgCensus2015-16 T2-4,AgCensus2015-16 T2-4 Odisha/SC/number/MarginalvsSmall,False,in <s> according to the <n> agriculture census among <g> which size class accounts for a larger share of <m> <g> <g> or are the two roughly equal
agrifacts-01220,ef8dead38902,landholding,area,Rajasthan,All,AgCensus2015-16 T2-4,AgCensus2015-16 T2-4 Rajasthan/All/area/MarginalvsSmall,False,in <s> according to the <n> agriculture census among farmers which size class accounts for a larger share of <m> <g> <g> or are the two roughly equal
agrifacts-01221,3b1430af076f,gender,area,SC,femaleShare,AgCensus2015-16 T14-16,AgCensus2015-16 T14-16 SC/femaleShare/area/MarginalvsSmall,False,considering the <n> agriculture census nationwide for <g> is the proportion of <m> managed by <g> greater in the <g> class greater in the <g> class or roughly equal between the two
agrifacts-01222,165fafc32028,gender,number,SC,Marginal,AgCensus2015-16 T14-16,AgCensus2015-16 T14-16 SC/Marginal/number/MvF,False,in the <n> agriculture census across <s> india for <g> with <g> which gender operates a greater proportion <g> <g> or are they roughly equal
agrifacts-01223,24549af524ce,social_group,number,Maharashtra,Marginal,AgCensus2015-16 T2-4,AgCensus2015-16 T2-4 Maharashtra/Marginal/number/SCvsST,True,based on the <n> agriculture census in <s> is the share of <g> <m> by <g> <g> or are the two roughly equal
agrifacts-01224,f9f900cfbc2b,landholding,area,A&N Islands,All,AgCensus2015-16 T2-4,AgCensus2015-16 T2-4 A&N Islands/All/area/MarginalvsLarge,False,according to the <n> agriculture census in <s> between <g> and <g> among farmers which size class holds a bigger portion of <m> or are they roughly equal
agrifacts-01225,0d519282b5bf,social_group,area,Chhattisgarh,Marginal,AgCensus2015-16 T2-4,AgCensus2015-16 T2-4 Chhattisgarh/Marginal/area/SCvsST,False,in <s> according to the <n> agriculture census which social group operates a larger share of <g> <g> <g> or are the two roughly equal
agrifacts-01226,ef8dead38902,landholding,number,Telangana,All,AgCensus2015-16 T2-4,AgCensus2015-16 T2-4 Telangana/All/number/MarginalvsLarge,False,in <s> according to the <n> agriculture census among farmers which size class accounts for a larger share of <m> <g> <g> or are the two roughly equal
agrifacts-01227,55f74e759a5c,social_group,area,Rajasthan,Semi-medium,AgCensus2015-16 T2-4,AgCensus2015-16 T2-4 Rajasthan/Semi-medium/area/SCvsST,True,according to the <n> agriculture census in <s> is the share of <g> larger for <g> for <g> or are the two roughly equal
agrifacts-01228,0d519282b5bf,social_group,number,Madhya Pradesh,Semi-medium,AgCensus2015-16 T2-4,AgCensus2015-16 T2-4 Madhya Pradesh/Semi-medium/number/SCvsST,True,in <s> according to the <n> agriculture census which social group operates a larger share of <g> <g> <g> or are the two roughly equal
agrifacts-01229,e503e26cf9d5,landholding,area,Madhya Pradesh,All,AgCensus2015-16 T2-4,AgCensus2015-16 T2-4 Madhya Pradesh/All/area/SmallvsMedium,True,according to the <n> agriculture census in <s> does <g> or <g> account for a larger share of <m> among farmers or are the two roughly equal
agrifacts-01230,ef8dead38902,landholding,number,Nagaland,All,AgCensus2015-16 T2-4,AgCensus2015-16 T2-4 Nagaland/All/number/SmallvsLarge,True,in <s> according to the <n> agriculture census among farmers which size class accounts for a larger share of <m> <g> <g> or are the two roughly equal
agrifacts-01231,fc5fb4449c29,social_group,number,Karnataka,Medium,AgCensus2015-16 T2-4,AgCensus2015-16 T2-4 Karnataka/Medium/number/SCvsST,False,based on the <n> agriculture census of <s> do <g> <g> or are the two roughly equal in operating a larger share of <g>
agrifacts-01232,ef8dead38902,landholding,number,Chhattisgarh,All,AgCensus2015-16 T2-4,AgCensus2015-16 T2-4 Chhattisgarh/All/number/MarginalvsSemi-medium,False,in <s> according to the <n> agriculture census among farmers which size class accounts for a larger share of <m> <g> <g> or are the two roughly equal
agrifacts-01233,818f29cc5c1a,landholding,number,Tamil Nadu,All,AgCensus2015-16 T2-4,AgCensus2015-16 T2-4 Tamil Nadu/All/number/Semi-mediumvsMedium,True,in <s> based on the <n> agriculture census data between <g> and <g> which size class holds a greater portion of farm <m> among farmers or are they roughly equal
agrifacts-01234,0d519282b5bf,social_group,area,Jharkhand,Medium,AgCensus2015-16 T2-4,AgCensus2015-16 T2-4 Jharkhand/Medium/area/SCvsST,False,in <s> according to the <n> agriculture census which social group operates a larger share of <g> <g> <g> or are the two roughly equal
agrifacts-01235,b3f80e9bf61c,social_group,number,Andhra Pradesh,All Classes,AgCensus2015-16 T2-4,AgCensus2015-16 T2-4 Andhra Pradesh/All Classes/number/SCvsST,False,in <s> according to the <n> agriculture census which social group operates a larger share of <m> <g> <g> or are the two roughly equal
agrifacts-01236,90a869a0714e,landholding,area,Madhya Pradesh,All,AgCensus2015-16 T2-4,AgCensus2015-16 T2-4 Madhya Pradesh/All/area/Semi-mediumvsMedium,False,in <s> based on the <n> agriculture census between <g> and <g> which size class holds a greater portion of <m> among farmers or are the two roughly equal
agrifacts-01237,353e4c8e6432,landholding,area,Meghalaya,ST,AgCensus2015-16 T2-4,AgCensus2015-16 T2-4 Meghalaya/ST/area/MarginalvsMedium,False,in <s> according to the <n> agriculture census among <g> which size class accounts for a larger share of <m> <g> <g> or are the two roughly equal
agrifacts-01238,0d519282b5bf,social_group,number,Himachal Pradesh,Small,AgCensus2015-16 T2-4,AgCensus2015-16 T2-4 Himachal Pradesh/Small/number/STvsOthers,False,in <s> according to the <n> agriculture census which social group operates a larger share of <g> <g> <g> or are the two roughly equal
agrifacts-01239,f7fdd1151c92,gender,number,SC,Medium,AgCensus2015-16 T14-16,AgCensus2015-16 T14-16 SC/Medium/number/MvF,False,in the <n> agriculture census across <s> of india for <g> with <g> which group operates a larger share <g> <g> or are the two roughly equal
agrifacts-01240,70b0d630fba7,social_group,area,Telangana,Large,AgCensus2015-16 T2-4,AgCensus2015-16 T2-4 Telangana/Large/area/SCvsST,False,based on the <n> agriculture census in <s> is the share of <g> bigger for <g> bigger for <g> or are the two roughly equal
agrifacts-01241,0d519282b5bf,social_group,number,Bihar,Marginal,AgCensus2015-16 T2-4,AgCensus2015-16 T2-4 Bihar/Marginal/number/STvsOthers,False,in <s> according to the <n> agriculture census which social group operates a larger share of <g> <g> <g> or are the two roughly equal
agrifacts-01242,b3f80e9bf61c,social_group,area,Jammu & Kashmir,All Classes,AgCensus2015-16 T2-4,AgCensus2015-16 T2-4 Jammu & Kashmir/All Classes/area/STvsOthers,True,in <s> according to the <n> agriculture census which social group operates a larger share of <m> <g> <g> or are the two roughly equal
agrifacts-01243,019fa31024ab,social_group,number,Telangana,All Classes,AgCensus2015-16 T2-4,AgCensus2015-16 T2-4 Telangana/All Classes/number/SCvsST,False,according to the <n> agriculture census in <s> is a larger share of <m> <m> by <g> by <g> or are the two roughly equal
agrifacts-01244,353e4c8e6432,landholding,number,Jharkhand,SC,AgCensus2015-16 T2-4,AgCensus2015-16 T2-4 Jharkhand/SC/number/MarginalvsSemi-medium,True,in <s> according to the <n> agriculture census among <g> which size class accounts for a larger share of <m> <g> <g> or are the two roughly equal
agrifacts-01245,2c3856ea1f9b,landholding,area,Haryana,SC,AgCensus2015-16 T2-4,AgCensus2015-16 T2-4 Haryana/SC/area/MarginalvsSmall,True,among <g> in <s> according to the <n> agriculture census which size class <g> or <g> accounts for a larger share of <m> or are the two roughly equal
agrifacts-01246,0424649a0dfd,gender,area,All,femaleShare,AgCensus2015-16 T14-16,AgCensus2015-16 T14-16 All/femaleShare/area/MediumvsSmall,False,in the <n> agriculture census across <s> india for <g> compared to <g> is the proportion of <m> managed by <g> greater sm <s> er or roughly equal for both
agrifacts-01247,6ab61d465989,gender,number,SC,femaleShare,AgCensus2015-16 T14-16,AgCensus2015-16 T14-16 SC/femaleShare/number/MediumvsSmall,False,in the <n> agriculture census at the <s> india level for <g> is the proportion of <m> run by <g> greater for <g> for <g> or roughly equal for the two
agrifacts-01248,353e4c8e6432,landholding,number,Telangana,SC,AgCensus2015-16 T2-4,AgCensus2015-16 T2-4 Telangana/SC/number/SmallvsSemi-medium,False,in <s> according to the <n> agriculture census among <g> which size class accounts for a larger share of <m> <g> <g> or are the two roughly equal
agrifacts-01249,353e4c8e6432,landholding,number,Gujarat,SC,AgCensus2015-16 T2-4,AgCensus2015-16 T2-4 Gujarat/SC/number/SmallvsLarge,False,in <s> according to the <n> agriculture census among <g> which size class accounts for a larger share of <m> <g> <g> or are the two roughly equal
agrifacts-01250,591ba11a37c4,gender,number,ST,Marginal,AgCensus2015-16 T14-16,AgCensus2015-16 T14-16 ST/Marginal/number/MvF,False,considering the <n> agriculture census for <s> of india within <g> and <g> which group has a larger operational share <g> <g> or are they roughly equal
agrifacts-01251,4594edc7662f,gender,area,All,femaleShare,AgCensus2015-16 T14-16,AgCensus2015-16 T14-16 All/femaleShare/area/LargevsMedium,True,in the <n> agriculture census at the <s> india level does the proportion of <m> managed by <g> exceed for <g> for <g> or remain roughly equal for both
agrifacts-01252,353e4c8e6432,landholding,number,Jammu & Kashmir,ST,AgCensus2015-16 T2-4,AgCensus2015-16 T2-4 Jammu & Kashmir/ST/number/MarginalvsSemi-medium,False,in <s> according to the <n> agriculture census among <g> which size class accounts for a larger share of <m> <g> <g> or are the two roughly equal
agrifacts-01253,353e4c8e6432,landholding,number,Manipur,ST,AgCensus2015-16 T2-4,AgCensus2015-16 T2-4 Manipur/ST/number/MarginalvsMedium,False,in <s> according to the <n> agriculture census among <g> which size class accounts for a larger share of <m> <g> <g> or are the two roughly equal
agrifacts-01254,ef8dead38902,landholding,area,Gujarat,All,AgCensus2015-16 T2-4,AgCensus2015-16 T2-4 Gujarat/All/area/Semi-mediumvsMedium,False,in <s> according to the <n> agriculture census among farmers which size class accounts for a larger share of <m> <g> <g> or are the two roughly equal
agrifacts-01255,0d519282b5bf,social_group,area,Bihar,Marginal,AgCensus2015-16 T2-4,AgCensus2015-16 T2-4 Bihar/Marginal/area/SCvsOthers,False,in <s> according to the <n> agriculture census which social group operates a larger share of <g> <g> <g> or are the two roughly equal
agrifacts-01256,353e4c8e6432,landholding,number,Assam,ST,AgCensus2015-16 T2-4,AgCensus2015-16 T2-4 Assam/ST/number/MarginalvsSemi-medium,False,in <s> according to the <n> agriculture census among <g> which size class accounts for a larger share of <m> <g> <g> or are the two roughly equal
agrifacts-01257,5f487964dbf1,gender,number,ST,Large,AgCensus2015-16 T14-16,AgCensus2015-16 T14-16 ST/Large/number/MvF,True,considering the <s> india level in the <n> agriculture census among <g> among <g> is the larger share <m> by <g> by <g> or are the two roughly equal
agrifacts-01258,353e4c8e6432,landholding,number,Assam,ST,AgCensus2015-16 T2-4,AgCensus2015-16 T2-4 Assam/ST/number/MarginalvsMedium,True,in <s> according to the <n> agriculture census among <g> which size class accounts for a larger share of <m> <g> <g> or are the two roughly equal
agrifacts-01259,ef8dead38902,landholding,number,Maharashtra,All,AgCensus2015-16 T2-4,AgCensus2015-16 T2-4 Maharashtra/All/number/SmallvsLarge,False,in <s> according to the <n> agriculture census among farmers which size class accounts for a larger share of <m> <g> <g> or are the two roughly equal
agrifacts-01260,ef8dead38902,landholding,number,Haryana,All,AgCensus2015-16 T2-4,AgCensus2015-16 T2-4 Haryana/All/number/MarginalvsSmall,False,in <s> according to the <n> agriculture census among farmers which size class accounts for a larger share of <m> <g> <g> or are the two roughly equal
agrifacts-01261,10821c46600d,landholding,area,Andhra Pradesh,All,AgCensus2015-16 T2-4,AgCensus2015-16 T2-4 Andhra Pradesh/All/area/SmallvsSemi-medium,False,which size class <g> or <g> has a greater portion of <m> among farmers in <s> according to the <n> agriculture census or are the two roughly equal
agrifacts-01262,fd2bdf051e4f,landholding,area,Uttar Pradesh,All,AgCensus2015-16 T2-4,AgCensus2015-16 T2-4 Uttar Pradesh/All/area/SmallvsSemi-medium,True,in the <n> agriculture census for <s> when considering farmers does a <g> or a <g> account for a larger portion of the <m> or are the two roughly equal
agrifacts-01263,7a3b6a0c34e8,landholding,area,Madhya Pradesh,All,AgCensus2015-16 T2-4,AgCensus2015-16 T2-4 Madhya Pradesh/All/area/Semi-mediumvsMedium,False,according to the agriculture census of <n> in <s> between <g> and <g> among farmers which size class has a greater portion of <m> or are the two roughly equal
agrifacts-01264,cd71f325bc2c,social_group,number,Rajasthan,Small,AgCensus2015-16 T2-4,AgCensus2015-16 T2-4 Rajasthan/Small/number/SCvsST,False,based on the <n> agriculture census in <s> which social group <g> <g> or are the two roughly equal operates the greater portion of <g>
agrifacts-01265,0d519282b5bf,social_group,number,Sikkim,Marginal,AgCensus2015-16 T2-4,AgCensus2015-16 T2-4 Sikkim/Marginal/number/SCvsOthers,True,in <s> according to the <n> agriculture census which social group operates a larger share of <g> <g> <g> or are the two roughly equal
agrifacts-01266,6e3bfca95b1c,landholding,area,Jharkhand,All,AgCensus2015-16 T2-4,AgCensus2015-16 T2-4 Jharkhand/All/area/MarginalvsSemi-medium,False,based on the <n> agriculture census in <s> among farmers does <g> <g> or are the two roughly equal con <s> itute a larger portion of the <m>
agrifacts-01267,353e4c8e6432,landholding,number,Chhattisgarh,ST,AgCensus2015-16 T2-4,AgCensus2015-16 T2-4 Chhattisgarh/ST/number/SmallvsMedium,False,in <s> according to the <n> agriculture census among <g> which size class accounts for a larger share of <m> <g> <g> or are the two roughly equal
agrifacts-01268,b3f80e9bf61c,social_group,number,Meghalaya,All Classes,AgCensus2015-16 T2-4,AgCensus2015-16 T2-4 Meghalaya/All Classes/number/SCvsST,False,in <s> according to the <n> agriculture census which social group operates a larger share of <m> <g> <g> or are the two roughly equal
agrifacts-01269,37d59aa59bb2,social_group,area,Karnataka,Large,AgCensus2015-16 T2-4,AgCensus2015-16 T2-4 Karnataka/Large/area/SCvsST,False,according to the <n> agriculture census in <s> is the share of <g> larger for <g> larger for <g> or are the two roughly equal
agrifacts-01270,ffeb99e276c1,gender,area,ST,Marginal,AgCensus2015-16 T14-16,AgCensus2015-16 T14-16 ST/Marginal/area/MvF,False,in the <n> agriculture census across <s> india for <g> within <g> which group holds a larger portion <g> <g> or are they roughly equal
agrifacts-01271,353e4c8e6432,landholding,number,Punjab,SC,AgCensus2015-16 T2-4,AgCensus2015-16 T2-4 Punjab/SC/number/MarginalvsLarge,False,in <s> according to the <n> agriculture census among <g> which size class accounts for a larger share of <m> <g> <g> or are the two roughly equal
agrifacts-01272,b3f80e9bf61c,social_group,number,Nagaland,All Classes,AgCensus2015-16 T2-4,AgCensus2015-16 T2-4 Nagaland/All Classes/number/STvsOthers,False,in <s> according to the <n> agriculture census which social group operates a larger share of <m> <g> <g> or are the two roughly equal
agrifacts-01273,b3f80e9bf61c,social_group,number,Uttarakhand,All Classes,AgCensus2015-16 T2-4,AgCensus2015-16 T2-4 Uttarakhand/All Classes/number/STvsOthers,False,in <s> according to the <n> agriculture census which social group operates a larger share of <m> <g> <g> or are the two roughly equal
agrifacts-01274,18b728030e83,social_group,number,Uttarakhand,Small,AgCensus2015-16 T2-4,AgCensus2015-16 T2-4 Uttarakhand/Small/number/SCvsST,True,based on the <n> agriculture census in <s> is the share of <g> <m> by <g> larger is it larger for <g> or are the two roughly equal
agrifacts-01275,353e4c8e6432,landholding,number,Gujarat,ST,AgCensus2015-16 T2-4,AgCensus2015-16 T2-4 Gujarat/ST/number/SmallvsMedium,False,in <s> according to the <n> agriculture census among <g> which size class accounts for a larger share of <m> <g> <g> or are the two roughly equal
agrifacts-01276,732286c60462,social_group,number,Telangana,All Classes,AgCensus2015-16 T2-4,AgCensus2015-16 T2-4 Telangana/All Classes/number/SCvsST,False,based on the <n> agriculture census in <s> do <g> <g> or are the two roughly equal in operating a larger share of <m>
agrifacts-01277,501c615ebc69,social_group,area,Chhattisgarh,Semi-medium,AgCensus2015-16 T2-4,AgCensus2015-16 T2-4 Chhattisgarh/Semi-medium/area/STvsOthers,False,in the <n> agriculture census of <s> between <g> and <g> which one operates a larger share of <g> or are the two roughly equal
agrifacts-01278,ad07ebdd29d2,social_group,number,Maharashtra,Marginal,AgCensus2015-16 T2-4,AgCensus2015-16 T2-4 Maharashtra/Marginal/number/SCvsST,True,how does the share of <g> <m> by <g> compare to that <m> by <g> in <s> based on the <n> agriculture census is one group larger or are the two roughly equal
agrifacts-01279,353e4c8e6432,landholding,area,Gujarat,ST,AgCensus2015-16 T2-4,AgCensus2015-16 T2-4 Gujarat/ST/area/Semi-mediumvsMedium,False,in <s> according to the <n> agriculture census among <g> which size class accounts for a larger share of <m> <g> <g> or are the two roughly equal
agrifacts-01280,67224218124c,social_group,area,Andhra Pradesh,Small,AgCensus2015-16 T2-4,AgCensus2015-16 T2-4 Andhra Pradesh/Small/area/SCvsST,True,based on the <n> agriculture census in <s> is the share of <g> larger for <g> larger for <g> or are the two roughly equal
agrifacts-01281,019fa31024ab,social_group,area,Tripura,All Classes,AgCensus2015-16 T2-4,AgCensus2015-16 T2-4 Tripura/All Classes/area/STvsOthers,True,according to the <n> agriculture census in <s> is a larger share of <m> <m> by <g> by <g> or are the two roughly equal
agrifacts-01282,5f9f11e208ed,social_group,area,Himachal Pradesh,Medium,AgCensus2015-16 T2-4,AgCensus2015-16 T2-4 Himachal Pradesh/Medium/area/SCvsST,False,based on the <n> agriculture census in <s> is the <g> larger for <g> for <g> or are the two roughly equal
agrifacts-01283,51399dee746f,social_group,number,Chhattisgarh,Semi-medium,AgCensus2015-16 T2-4,AgCensus2015-16 T2-4 Chhattisgarh/Semi-medium/number/STvsOthers,False,based on the <n> agriculture census of <s> is it <g> <g> or are the two roughly equal that operate a larger share of <g>
agrifacts-01284,24f962b74c04,social_group,number,Maharashtra,Semi-medium,AgCensus2015-16 T2-4,AgCensus2015-16 T2-4 Maharashtra/Semi-medium/number/SCvsST,True,based on the <n> agriculture census in <s> is it <g> <g> or are the two roughly equal that operates a larger share of <g>
agrifacts-01285,bf3cfc637a1e,social_group,number,Andhra Pradesh,All Classes,AgCensus2015-16 T2-4,AgCensus2015-16 T2-4 Andhra Pradesh/All Classes/number/SCvsST,False,based on the <n> agriculture census in <s> is the share of <m> <m> by <g> larger the share <m> by <g> larger or are the two roughly equal
agrifacts-01286,5e68dd6fff7c,social_group,number,Andhra Pradesh,Small,AgCensus2015-16 T2-4,AgCensus2015-16 T2-4 Andhra Pradesh/Small/number/SCvsST,True,according to the <n> agriculture census in <s> do <g> <g> or both groups roughly equ <s> y operate a larger proportion of <g>
agrifacts-01287,0d519282b5bf,social_group,number,Mizoram,Small,AgCensus2015-16 T2-4,AgCensus2015-16 T2-4 Mizoram/Small/number/SCvsST,True,in <s> according to the <n> agriculture census which social group operates a larger share of <g> <g> <g> or are the two roughly equal
agrifacts-01288,353e4c8e6432,landholding,number,Kerala,SC,AgCensus2015-16 T2-4,AgCensus2015-16 T2-4 Kerala/SC/number/MarginalvsLarge,False,in <s> according to the <n> agriculture census among <g> which size class accounts for a larger share of <m> <g> <g> or are the two roughly equal
agrifacts-01289,0d519282b5bf,social_group,area,Goa,Marginal,AgCensus2015-16 T2-4,AgCensus2015-16 T2-4 Goa/Marginal/area/SCvsOthers,True,in <s> according to the <n> agriculture census which social group operates a larger share of <g> <g> <g> or are the two roughly equal
agrifacts-01290,ea077534001b,landholding,number,Tamil Nadu,All,AgCensus2015-16 T2-4,AgCensus2015-16 T2-4 Tamil Nadu/All/number/Semi-mediumvsMedium,True,according to the <n> agriculture census in <s> when comparing farmers does the larger portion of <m> come from <g> <g> or are the two roughly equal
agrifacts-01291,353e4c8e6432,landholding,number,Assam,SC,AgCensus2015-16 T2-4,AgCensus2015-16 T2-4 Assam/SC/number/MarginalvsSemi-medium,True,in <s> according to the <n> agriculture census among <g> which size class accounts for a larger share of <m> <g> <g> or are the two roughly equal
agrifacts-01292,0d519282b5bf,social_group,area,Himachal Pradesh,Marginal,AgCensus2015-16 T2-4,AgCensus2015-16 T2-4 Himachal Pradesh/Marginal/area/SCvsST,False,in <s> according to the <n> agriculture census which social group operates a larger share of <g> <g> <g> or are the two roughly equal
agrifacts-01293,353e4c8e6432,landholding,number,Andhra Pradesh,ST,AgCensus2015-16 T2-4,AgCensus2015-16 T2-4 Andhra Pradesh/ST/number/SmallvsMedium,False,in <s> according to the <n> agriculture census among <g> which size class accounts for a larger share of <m> <g> <g> or are the two roughly equal
agrifacts-01294,0d519282b5bf,social_group,number,Bihar,Semi-medium,AgCensus2015-16 T2-4,AgCensus2015-16 T2-4 Bihar/Semi-medium/number/STvsOthers,False,in <s> according to the <n> agriculture census which social group operates a larger share of <g> <g> <g> or are the two roughly equal
agrifacts-01295,353e4c8e6432,landholding,number,Karnataka,SC,AgCensus2015-16 T2-4,AgCensus2015-16 T2-4 Karnataka/SC/number/MarginalvsLarge,False,in <s> according to the <n> agriculture census among <g> which size class accounts for a larger share of <m> <g> <g> or are the two roughly equal
agrifacts-01296,56c80c983005,landholding,number,Uttarakhand,All,AgCensus2015-16 T2-4,AgCensus2015-16 T2-4 Uttarakhand/All/number/Semi-mediumvsMedium,False,in the <n> agriculture census data for <s> when comparing <g> to <g> among farmers which size class represents a greater proportion of <m> the semi medium the medium or are they ro
agrifacts-01297,995801188929,social_group,area,Telangana,All Classes,AgCensus2015-16 T2-4,AgCensus2015-16 T2-4 Telangana/All Classes/area/SCvsST,False,in <s> based on the <n> agriculture census between <g> <g> or the two being roughly equal which social group holds a greater portion of <m>
agrifacts-01298,353e4c8e6432,landholding,number,Punjab,SC,AgCensus2015-16 T2-4,AgCensus2015-16 T2-4 Punjab/SC/number/Semi-mediumvsMedium,True,in <s> according to the <n> agriculture census among <g> which size class accounts for a larger share of <m> <g> <g> or are the two roughly equal
agrifacts-01299,0d519282b5bf,social_group,area,Himachal Pradesh,Medium,AgCensus2015-16 T2-4,AgCensus2015-16 T2-4 Himachal Pradesh/Medium/area/SCvsST,False,in <s> according to the <n> agriculture census which social group operates a larger share of <g> <g> <g> or are the two roughly equal
agrifacts-01300,353e4c8e6432,landholding,number,West Bengal,SC,AgCensus2015-16 T2-4,AgCensus2015-16 T2-4 West Bengal/SC/number/MarginalvsSemi-medium,True,in <s> according to the <n> agriculture census among <g> which size class accounts for a larger share of <m> <g> <g> or are the two roughly equal
agrifacts-01301,1c96e6f0f57d,gender,area,ST,Marginal,AgCensus2015-16 T14-16,AgCensus2015-16 T14-16 ST/Marginal/area/MvF,False,among <g> at the <s> india level in the <n> agriculture census for <g> which group operates a larger share <g> <g> or are the two roughly equal
agrifacts-01302,0c4383542819,social_group,area,Maharashtra,Small,AgCensus2015-16 T2-4,AgCensus2015-16 T2-4 Maharashtra/Small/area/SCvsST,True,based on the <n> agriculture census in <s> between <g> and <g> which social group controls a greater portion of <g> or is it roughly equal
agrifacts-01303,b3f80e9bf61c,social_group,number,Punjab,All Classes,AgCensus2015-16 T2-4,AgCensus2015-16 T2-4 Punjab/All Classes/number/SCvsOthers,False,in <s> according to the <n> agriculture census which social group operates a larger share of <m> <g> <g> or are the two roughly equal
agrifacts-01304,0d519282b5bf,social_group,number,Rajasthan,Semi-medium,AgCensus2015-16 T2-4,AgCensus2015-16 T2-4 Rajasthan/Semi-medium/number/STvsOthers,False,in <s> according to the <n> agriculture census which social group operates a larger share of <g> <g> <g> or are the two roughly equal
agrifacts-01305,0d519282b5bf,social_group,area,Assam,Semi-medium,AgCensus2015-16 T2-4,AgCensus2015-16 T2-4 Assam/Semi-medium/area/SCvsST,True,in <s> according to the <n> agriculture census which social group operates a larger share of <g> <g> <g> or are the two roughly equal
agrifacts-01306,ef8dead38902,landholding,number,Nagaland,All,AgCensus2015-16 T2-4,AgCensus2015-16 T2-4 Nagaland/All/number/MediumvsLarge,True,in <s> according to the <n> agriculture census among farmers which size class accounts for a larger share of <m> <g> <g> or are the two roughly equal
agrifacts-01307,4a74de08ba8c,social_group,number,Tripura,Marginal,AgCensus2015-16 T2-4,AgCensus2015-16 T2-4 Tripura/Marginal/number/SCvsST,False,based on the <n> agriculture census in <s> which social group <g> or <g> manages a bigger portion of <g> or are the two roughly equal
agrifacts-01308,ddd6804d69cf,landholding,area,Gujarat,All,AgCensus2015-16 T2-4,AgCensus2015-16 T2-4 Gujarat/All/area/SmallvsMedium,True,based on the <n> agriculture census in <s> among farmers does <g> or <g> hold a larger portion of <m> land or are the two roughly equal
agrifacts-01309,0d519282b5bf,social_group,area,Assam,Large,AgCensus2015-16 T2-4,AgCensus2015-16 T2-4 Assam/Large/area/SCvsOthers,False,in <s> according to the <n> agriculture census which social group operates a larger share of <g> <g> <g> or are the two roughly equal
agrifacts-01310,0d519282b5bf,social_group,area,Chhattisgarh,Large,AgCensus2015-16 T2-4,AgCensus2015-16 T2-4 Chhattisgarh/Large/area/SCvsOthers,False,in <s> according to the <n> agriculture census which social group operates a larger share of <g> <g> <g> or are the two roughly equal
agrifacts-01311,b3f80e9bf61c,social_group,area,Goa,All Classes,AgCensus2015-16 T2-4,AgCensus2015-16 T2-4 Goa/All Classes/area/STvsOthers,True,in <s> according to the <n> agriculture census which social group operates a larger share of <m> <g> <g> or are the two roughly equal
agrifacts-01312,353e4c8e6432,landholding,number,Karnataka,ST,AgCensus2015-16 T2-4,AgCensus2015-16 T2-4 Karnataka/ST/number/SmallvsSemi-medium,False,in <s> according to the <n> agriculture census among <g> which size class accounts for a larger share of <m> <g> <g> or are the two roughly equal
agrifacts-01313,ef8dead38902,landholding,number,Kerala,All,AgCensus2015-16 T2-4,AgCensus2015-16 T2-4 Kerala/All/number/MarginalvsMedium,False,in <s> according to the <n> agriculture census among farmers which size class accounts for a larger share of <m> <g> <g> or are the two roughly equal
agrifacts-01314,a61c697213d6,gender,number,SC,Large,AgCensus2015-16 T14-16,AgCensus2015-16 T14-16 SC/Large/number/MvF,True,among <g> with <g> in the <n> agriculture census across <s> india which group operates a larger share <g> <g> or are the two roughly equal
agrifacts-01315,0d519282b5bf,social_group,number,Telangana,Small,AgCensus2015-16 T2-4,AgCensus2015-16 T2-4 Telangana/Small/number/SCvsST,False,in <s> according to the <n> agriculture census which social group operates a larger share of <g> <g> <g> or are the two roughly equal
agrifacts-01316,0d519282b5bf,social_group,number,Maharashtra,Marginal,AgCensus2015-16 T2-4,AgCensus2015-16 T2-4 Maharashtra/Marginal/number/SCvsOthers,True,in <s> according to the <n> agriculture census which social group operates a larger share of <g> <g> <g> or are the two roughly equal
agrifacts-01317,353e4c8e6432,landholding,number,Sikkim,ST,AgCensus2015-16 T2-4,AgCensus2015-16 T2-4 Sikkim/ST/number/Semi-mediumvsMedium,False,in <s> according to the <n> agriculture census among <g> which size class accounts for a larger share of <m> <g> <g> or are the two roughly equal
agrifacts-01318,b82cd054566f,social_group,area,Andhra Pradesh,Large,AgCensus2015-16 T2-4,AgCensus2015-16 T2-4 Andhra Pradesh/Large/area/SCvsST,False,based on the <n> agriculture census in <s> which social group <g> <g> or are the two roughly equal manages a larger portion of <g>
agrifacts-01319,1ff31750c2f2,gender,number,SC,femaleShare,AgCensus2015-16 T14-16,AgCensus2015-16 T14-16 SC/femaleShare/number/MarginalvsSmall,False,how does the proportion of <m> <m> by <g> among <g> in the <s> india level <n> agriculture census compare between <g> and <g> is it greater for marginal greater for sm <s> or rough
agrifacts-01320,353e4c8e6432,landholding,number,Kerala,ST,AgCensus2015-16 T2-4,AgCensus2015-16 T2-4 Kerala/ST/number/MarginalvsSemi-medium,False,in <s> according to the <n> agriculture census among <g> which size class accounts for a larger share of <m> <g> <g> or are the two roughly equal
agrifacts-01321,0aef325602bc,landholding,number,Arunachal Pradesh,ST,AgCensus2015-16 T2-4,AgCensus2015-16 T2-4 Arunachal Pradesh/ST/number/MarginalvsMedium,False,based on the <n> agriculture census in <s> among <g> does <g> or <g> represent a greater portion of <m> or are they roughly equal
agrifacts-01322,353e4c8e6432,landholding,number,Andhra Pradesh,SC,AgCensus2015-16 T2-4,AgCensus2015-16 T2-4 Andhra Pradesh/SC/number/Semi-mediumvsMedium,True,in <s> according to the <n> agriculture census among <g> which size class accounts for a larger share of <m> <g> <g> or are the two roughly equal
agrifacts-01323,ef8dead38902,landholding,area,Delhi,All,AgCensus2015-16 T2-4,AgCensus2015-16 T2-4 Delhi/All/area/Semi-mediumvsMedium,True,in <s> according to the <n> agriculture census among farmers which size class accounts for a larger share of <m> <g> <g> or are the two roughly equal
agrifacts-01324,353e4c8e6432,landholding,number,Himachal Pradesh,SC,AgCensus2015-16 T2-4,AgCensus2015-16 T2-4 Himachal Pradesh/SC/number/MarginalvsMedium,True,in <s> according to the <n> agriculture census among <g> which size class accounts for a larger share of <m> <g> <g> or are the two roughly equal
agrifacts-01325,cfb18055c1f7,landholding,area,D & N Haveli,All,AgCensus2015-16 T2-4,AgCensus2015-16 T2-4 D & N Haveli/All/area/MarginalvsSmall,False,in <s> based on the <n> agriculture census of the <m> among farmers does <g> or <g> con <s> itute the greater portion or are the two roughly equal
agrifacts-01326,0d519282b5bf,social_group,area,Assam,Medium,AgCensus2015-16 T2-4,AgCensus2015-16 T2-4 Assam/Medium/area/SCvsOthers,True,in <s> according to the <n> agriculture census which social group operates a larger share of <g> <g> <g> or are the two roughly equal
agrifacts-01327,9ade0ace64c1,landholding,area,Arunachal Pradesh,All,AgCensus2015-16 T2-4,AgCensus2015-16 T2-4 Arunachal Pradesh/All/area/MarginalvsSmall,False,based on the <n> agriculture census in <s> concerning farmers between <g> and <g> which size class possesses a greater portion of the <m> or are the two roughly equal
agrifacts-01328,f7c7bfa8115f,social_group,number,Maharashtra,Small,AgCensus2015-16 T2-4,AgCensus2015-16 T2-4 Maharashtra/Small/number/SCvsST,False,in <s> based on the <n> agriculture census which social group manages a greater proportion of <g> <g> <g> or are the two roughly equal
agrifacts-01329,ef8dead38902,landholding,number,Telangana,All,AgCensus2015-16 T2-4,AgCensus2015-16 T2-4 Telangana/All/number/SmallvsSemi-medium,True,in <s> according to the <n> agriculture census among farmers which size class accounts for a larger share of <m> <g> <g> or are the two roughly equal
agrifacts-01330,353e4c8e6432,landholding,number,Himachal Pradesh,SC,AgCensus2015-16 T2-4,AgCensus2015-16 T2-4 Himachal Pradesh/SC/number/MarginalvsSemi-medium,True,in <s> according to the <n> agriculture census among <g> which size class accounts for a larger share of <m> <g> <g> or are the two roughly equal
agrifacts-01331,06538cd95609,landholding,area,Assam,SC,AgCensus2015-16 T2-4,AgCensus2015-16 T2-4 Assam/SC/area/MarginalvsSmall,False,according to the <n> agriculture census in <s> for <g> is <g> or <g> the larger share of <m> or are the two roughly equal
agrifacts-01332,353e4c8e6432,landholding,number,Uttarakhand,SC,AgCensus2015-16 T2-4,AgCensus2015-16 T2-4 Uttarakhand/SC/number/MarginalvsLarge,True,in <s> according to the <n> agriculture census among <g> which size class accounts for a larger share of <m> <g> <g> or are the two roughly equal
agrifacts-01333,9d5955269184,social_group,number,Rajasthan,Semi-medium,AgCensus2015-16 T2-4,AgCensus2015-16 T2-4 Rajasthan/Semi-medium/number/SCvsST,True,based on the <n> agriculture census in <s> is the share of <g> <m> by <g> larger than that <m> by <g> or are the two roughly equal
agrifacts-01334,71d24fc2a8d1,social_group,area,Himachal Pradesh,Semi-medium,AgCensus2015-16 T2-4,AgCensus2015-16 T2-4 Himachal Pradesh/Semi-medium/area/SCvsST,False,based on the <n> agriculture census in <s> do <g> <g> or are the two roughly equal control a greater portion of the <g>
agrifacts-01335,71729e8b35ad,social_group,area,Karnataka,Semi-medium,AgCensus2015-16 T2-4,AgCensus2015-16 T2-4 Karnataka/Semi-medium/area/SCvsST,False,based on the <n> agriculture census in <s> between <g> <g> or are the two roughly equal which social group controls the greater portion of <g>
agrifacts-01336,f2f59b8e77f9,social_group,area,Andhra Pradesh,Medium,AgCensus2015-16 T2-4,AgCensus2015-16 T2-4 Andhra Pradesh/Medium/area/SCvsST,False,based on the <n> agriculture census for <s> between <g> and <g> which social group holds a greater portion of <g> or are the two roughly equal
agrifacts-01337,4fbf9ca1b8e9,landholding,number,Tamil Nadu,ST,AgCensus2015-16 T2-4,AgCensus2015-16 T2-4 Tamil Nadu/ST/number/Semi-mediumvsMedium,False,in <s> based on the <n> agriculture census between <g> and <g> among <g> which size class has a greater proportion of <m> or are the two roughly equal
agrifacts-01338,a6d4a9723ee9,gender,number,All,femaleShare,AgCensus2015-16 T14-16,AgCensus2015-16 T14-16 All/femaleShare/number/MediumvsSmall,False,in the <n> agriculture census across <s> of india is the proportion of farms run by <g> greater for <g> greater for <g> or roughly equal for the two categories
agrifacts-01339,4c13d6f5e245,gender,number,SC,Large,AgCensus2015-16 T14-16,AgCensus2015-16 T14-16 SC/Large/number/MvF,True,among <g> with <g> in the <n> <n> agriculture census at the <s> india level which group operates a larger share <g> <g> or are the two roughly equal
agrifacts-01340,10b72fd82ba3,landholding,number,Arunachal Pradesh,ST,AgCensus2015-16 T2-4,AgCensus2015-16 T2-4 Arunachal Pradesh/ST/number/SmallvsMedium,True,among <g> in <s> based on the <n> agriculture census does a larger portion of <m> come from <g> from <g> or are they roughly equal
agrifacts-01341,ef8dead38902,landholding,number,Madhya Pradesh,All,AgCensus2015-16 T2-4,AgCensus2015-16 T2-4 Madhya Pradesh/All/number/MarginalvsLarge,False,in <s> according to the <n> agriculture census among farmers which size class accounts for a larger share of <m> <g> <g> or are the two roughly equal
agrifacts-01342,0d519282b5bf,social_group,number,Punjab,Marginal,AgCensus2015-16 T2-4,AgCensus2015-16 T2-4 Punjab/Marginal/number/STvsOthers,False,in <s> according to the <n> agriculture census which social group operates a larger share of <g> <g> <g> or are the two roughly equal
agrifacts-01343,ef8dead38902,landholding,number,Arunachal Pradesh,All,AgCensus2015-16 T2-4,AgCensus2015-16 T2-4 Arunachal Pradesh/All/number/SmallvsLarge,False,in <s> according to the <n> agriculture census among farmers which size class accounts for a larger share of <m> <g> <g> or are the two roughly equal
agrifacts-01344,353e4c8e6432,landholding,number,Tamil Nadu,SC,AgCensus2015-16 T2-4,AgCensus2015-16 T2-4 Tamil Nadu/SC/number/SmallvsMedium,False,in <s> according to the <n> agriculture census among <g> which size class accounts for a larger share of <m> <g> <g> or are the two roughly equal
agrifacts-01345,353e4c8e6432,landholding,number,Andhra Pradesh,ST,AgCensus2015-16 T2-4,AgCensus2015-16 T2-4 Andhra Pradesh/ST/number/SmallvsLarge,True,in <s> according to the <n> agriculture census among <g> which size class accounts for a larger share of <m> <g> <g> or are the two roughly equal
agrifacts-01346,0d519282b5bf,social_group,area,Haryana,Medium,AgCensus2015-16 T2-4,AgCensus2015-16 T2-4 Haryana/Medium/area/STvsOthers,True,in <s> according to the <n> agriculture census which social group operates a larger share of <g> <g> <g> or are the two roughly equal
agrifacts-01347,0d519282b5bf,social_group,number,Jammu & Kashmir,Small,AgCensus2015-16 T2-4,AgCensus2015-16 T2-4 Jammu & Kashmir/Small/number/STvsOthers,False,in <s> according to the <n> agriculture census which social group operates a larger share of <g> <g> <g> or are the two roughly equal
agrifacts-01348,ef8dead38902,landholding,number,Rajasthan,All,AgCensus2015-16 T2-4,AgCensus2015-16 T2-4 Rajasthan/All/number/MarginalvsSmall,False,in <s> according to the <n> agriculture census among farmers which size class accounts for a larger share of <m> <g> <g> or are the two roughly equal
agrifacts-01349,0d519282b5bf,social_group,area,Jharkhand,Semi-medium,AgCensus2015-16 T2-4,AgCensus2015-16 T2-4 Jharkhand/Semi-medium/area/STvsOthers,False,in <s> according to the <n> agriculture census which social group operates a larger share of <g> <g> <g> or are the two roughly equal
agrifacts-01350,ef8dead38902,landholding,number,Karnataka,All,AgCensus2015-16 T2-4,AgCensus2015-16 T2-4 Karnataka/All/number/MarginalvsLarge,False,in <s> according to the <n> agriculture census among farmers which size class accounts for a larger share of <m> <g> <g> or are the two roughly equal
agrifacts-01351,b3f80e9bf61c,social_group,number,Himachal Pradesh,All Classes,AgCensus2015-16 T2-4,AgCensus2015-16 T2-4 Himachal Pradesh/All Classes/number/STvsOthers,False,in <s> according to the <n> agriculture census which social group operates a larger share of <m> <g> <g> or are the two roughly equal
agrifacts-01352,37e6b63c17b7,social_group,area,Tamil Nadu,Semi-medium,AgCensus2015-16 T2-4,AgCensus2015-16 T2-4 Tamil Nadu/Semi-medium/area/SCvsST,True,per the <n> agriculture census which social group in <s> <g> <g> or are they roughly equal controls a bigger portion of the <g>
agrifacts-01353,1979d0054994,landholding,area,Chhattisgarh,All,AgCensus2015-16 T2-4,AgCensus2015-16 T2-4 Chhattisgarh/All/area/SmallvsSemi-medium,True,in <s> based on the <n> agriculture census which size class represents a greater portion of <m> among farmers <g> <g> or are the two roughly equal
agrifacts-01354,4c7995ad1033,landholding,area,D & N Haveli,All,AgCensus2015-16 T2-4,AgCensus2015-16 T2-4 D & N Haveli/All/area/SmallvsMedium,True,based on the <n> agriculture census in <s> does a larger share of <m> among farmers belong to <g> to <g> or are the two roughly equal
agrifacts-01355,aa5136c5fe1e,landholding,number,Arunachal Pradesh,All,AgCensus2015-16 T2-4,AgCensus2015-16 T2-4 Arunachal Pradesh/All/number/SmallvsSemi-medium,True,in <s> based on the <n> agriculture census do <g> <g> or are the two roughly equal in accounting for a larger share of <m> among farmers
agrifacts-01356,bccadb9e4eff,social_group,number,Chhattisgarh,Semi-medium,AgCensus2015-16 T2-4,AgCensus2015-16 T2-4 Chhattisgarh/Semi-medium/number/STvsOthers,False,based on the <n> agriculture census in <s> is the proportion of <g> <m> by <g> roughly equal to that <m> by <g> or does one of these groups operate a larger share
agrifacts-01357,353e4c8e6432,landholding,number,Gujarat,ST,AgCensus2015-16 T2-4,AgCensus2015-16 T2-4 Gujarat/ST/number/MarginalvsMedium,False,in <s> according to the <n> agriculture census among <g> which size class accounts for a larger share of <m> <g> <g> or are the two roughly equal
agrifacts-01358,353e4c8e6432,landholding,number,Mizoram,ST,AgCensus2015-16 T2-4,AgCensus2015-16 T2-4 Mizoram/ST/number/SmallvsMedium,True,in <s> according to the <n> agriculture census among <g> which size class accounts for a larger share of <m> <g> <g> or are the two roughly equal
agrifacts-01359,360d43a0cfdc,gender,area,SC,Medium,AgCensus2015-16 T14-16,AgCensus2015-16 T14-16 SC/Medium/area/MvF,True,in the <n> agriculture census at the <s> india level within the <g> category for <g> which group holds a greater share <g> <g> or are they roughly equal
agrifacts-01360,71d24fc2a8d1,social_group,area,Andhra Pradesh,Small,AgCensus2015-16 T2-4,AgCensus2015-16 T2-4 Andhra Pradesh/Small/area/SCvsST,True,based on the <n> agriculture census in <s> do <g> <g> or are the two roughly equal control a greater portion of the <g>
agrifacts-01361,5fdd57855555,social_group,area,Karnataka,Medium,AgCensus2015-16 T2-4,AgCensus2015-16 T2-4 Karnataka/Medium/area/SCvsST,False,according to the <n> agriculture census in <s> is it <g> <g> or are the two roughly equal that operate a larger share of <g>
agrifacts-01362,0d519282b5bf,social_group,number,Nagaland,Small,AgCensus2015-16 T2-4,AgCensus2015-16 T2-4 Nagaland/Small/number/SCvsST,True,in <s> according to the <n> agriculture census which social group operates a larger share of <g> <g> <g> or are the two roughly equal
agrifacts-01363,0d519282b5bf,social_group,number,Punjab,Medium,AgCensus2015-16 T2-4,AgCensus2015-16 T2-4 Punjab/Medium/number/SCvsOthers,False,in <s> according to the <n> agriculture census which social group operates a larger share of <g> <g> <g> or are the two roughly equal
agrifacts-01364,ef8dead38902,landholding,area,Gujarat,All,AgCensus2015-16 T2-4,AgCensus2015-16 T2-4 Gujarat/All/area/MarginalvsLarge,False,in <s> according to the <n> agriculture census among farmers which size class accounts for a larger share of <m> <g> <g> or are the two roughly equal
agrifacts-01365,67224218124c,social_group,area,Jharkhand,Semi-medium,AgCensus2015-16 T2-4,AgCensus2015-16 T2-4 Jharkhand/Semi-medium/area/STvsOthers,False,based on the <n> agriculture census in <s> is the share of <g> larger for <g> larger for <g> or are the two roughly equal
agrifacts-01366,ef8dead38902,landholding,number,Uttarakhand,All,AgCensus2015-16 T2-4,AgCensus2015-16 T2-4 Uttarakhand/All/number/MarginalvsSmall,True,in <s> according to the <n> agriculture census among farmers which size class accounts for a larger share of <m> <g> <g> or are the two roughly equal
agrifacts-01367,353e4c8e6432,landholding,number,Uttar Pradesh,SC,AgCensus2015-16 T2-4,AgCensus2015-16 T2-4 Uttar Pradesh/SC/number/MarginalvsSemi-medium,True,in <s> according to the <n> agriculture census among <g> which size class accounts for a larger share of <m> <g> <g> or are the two roughly equal
agrifacts-01368,ef8dead38902,landholding,area,Sikkim,All,AgCensus2015-16 T2-4,AgCensus2015-16 T2-4 Sikkim/All/area/SmallvsMedium,True,in <s> according to the <n> agriculture census among farmers which size class accounts for a larger share of <m> <g> <g> or are the two roughly equal
agrifacts-01369,0fceee8e0b9d,landholding,number,Jammu & Kashmir,SC,AgCensus2015-16 T2-4,AgCensus2015-16 T2-4 Jammu & Kashmir/SC/number/Semi-mediumvsMedium,True,in the <n> agriculture census for <s> when examining <g> does the proportion of <m> in <g> or <g> come out larger or are these two roughly equal
agrifacts-01370,ef8dead38902,landholding,number,Sikkim,All,AgCensus2015-16 T2-4,AgCensus2015-16 T2-4 Sikkim/All/number/SmallvsMedium,False,in <s> according to the <n> agriculture census among farmers which size class accounts for a larger share of <m> <g> <g> or are the two roughly equal
agrifacts-01371,353e4c8e6432,landholding,number,Odisha,ST,AgCensus2015-16 T2-4,AgCensus2015-16 T2-4 Odisha/ST/number/SmallvsMedium,False,in <s> according to the <n> agriculture census among <g> which size class accounts for a larger share of <m> <g> <g> or are the two roughly equal
agrifacts-01372,0d519282b5bf,social_group,number,Nagaland,Semi-medium,AgCensus2015-16 T2-4,AgCensus2015-16 T2-4 Nagaland/Semi-medium/number/STvsOthers,False,in <s> according to the <n> agriculture census which social group operates a larger share of <g> <g> <g> or are the two roughly equal
agrifacts-01373,ef8dead38902,landholding,number,Mizoram,All,AgCensus2015-16 T2-4,AgCensus2015-16 T2-4 Mizoram/All/number/MarginalvsSmall,False,in <s> according to the <n> agriculture census among farmers which size class accounts for a larger share of <m> <g> <g> or are the two roughly equal
agrifacts-01374,353e4c8e6432,landholding,number,Assam,SC,AgCensus2015-16 T2-4,AgCensus2015-16 T2-4 Assam/SC/number/SmallvsMedium,False,in <s> according to the <n> agriculture census among <g> which size class accounts for a larger share of <m> <g> <g> or are the two roughly equal
agrifacts-01375,1be3b51c4c38,social_group,area,Tamil Nadu,Semi-medium,AgCensus2015-16 T2-4,AgCensus2015-16 T2-4 Tamil Nadu/Semi-medium/area/SCvsST,True,according to the <n> agriculture census are <g> or <g> the social group that operates a larger share of <g> in <s> or are the two roughly equal
agrifacts-01376,1e7400d05d46,social_group,area,Tripura,All Classes,AgCensus2015-16 T2-4,AgCensus2015-16 T2-4 Tripura/All Classes/area/STvsOthers,True,according to the <n> agriculture census in <s> is the share of <m> larger for <g> larger for <g> or roughly equal between the two
agrifacts-01377,66e8c9b294a2,social_group,area,Maharashtra,Semi-medium,AgCensus2015-16 T2-4,AgCensus2015-16 T2-4 Maharashtra/Semi-medium/area/SCvsST,False,according to the <n> agriculture census in <s> between <g> and <g> which social group has the greater portion of <g> or are they roughly equal
agrifacts-01378,2fb70f751a67,social_group,area,Rajasthan,All Classes,AgCensus2015-16 T2-4,AgCensus2015-16 T2-4 Rajasthan/All Classes/area/SCvsST,False,in <s> based on the <n> agriculture census between <g> <g> or roughly equal which social group controls a greater portion of <m>
agrifacts-01379,353e4c8e6432,landholding,number,Madhya Pradesh,SC,AgCensus2015-16 T2-4,AgCensus2015-16 T2-4 Madhya Pradesh/SC/number/MarginalvsSemi-medium,True,in <s> according to the <n> agriculture census among <g> which size class accounts for a larger share of <m> <g> <g> or are the two roughly equal
agrifacts-01380,44a08873c615,social_group,number,Andhra Pradesh,Semi-medium,AgCensus2015-16 T2-4,AgCensus2015-16 T2-4 Andhra Pradesh/Semi-medium/number/SCvsST,True,according to the <n> agriculture census do <g> <g> or neither operate a greater share of <g> in <s> or are the two roughly equal
agrifacts-01381,0d519282b5bf,social_group,number,Tripura,Small,AgCensus2015-16 T2-4,AgCensus2015-16 T2-4 Tripura/Small/number/SCvsST,False,in <s> according to the <n> agriculture census which social group operates a larger share of <g> <g> <g> or are the two roughly equal
agrifacts-01382,ef8dead38902,landholding,number,West Bengal,All,AgCensus2015-16 T2-4,AgCensus2015-16 T2-4 West Bengal/All/number/MarginalvsSmall,False,in <s> according to the <n> agriculture census among farmers which size class accounts for a larger share of <m> <g> <g> or are the two roughly equal
agrifacts-01383,b8cab2e4bf4b,landholding,area,Assam,SC,AgCensus2015-16 T2-4,AgCensus2015-16 T2-4 Assam/SC/area/SmallvsSemi-medium,False,in <s> based on the <n> agriculture census which size class among <g> has a greater portion of <m> <g> <g> or are they roughly equal
agrifacts-01384,353e4c8e6432,landholding,number,Odisha,ST,AgCensus2015-16 T2-4,AgCensus2015-16 T2-4 Odisha/ST/number/MarginalvsSmall,True,in <s> according to the <n> agriculture census among <g> which size class accounts for a larger share of <m> <g> <g> or are the two roughly equal
agrifacts-01385,3ab1f376bfdb,gender,area,ST,Large,AgCensus2015-16 T14-16,AgCensus2015-16 T14-16 ST/Large/area/MvF,False,in the <n> agriculture census across <s> india for <g> with <g> do <g> or <g> control a larger portion or are they roughly equal
agrifacts-01386,197ec6a35907,landholding,area,Andhra Pradesh,All,AgCensus2015-16 T2-4,AgCensus2015-16 T2-4 Andhra Pradesh/All/area/MarginalvsSmall,False,according to the <n> agriculture census in <s> which size class <g> or <g> accounts for a larger share of <m> among farmers or are the two roughly equal
agrifacts-01387,9accd36d12ec,social_group,number,Andhra Pradesh,Small,AgCensus2015-16 T2-4,AgCensus2015-16 T2-4 Andhra Pradesh/Small/number/SCvsST,True,based on the <n> agriculture census in <s> do <g> <g> or both groups roughly equ <s> y operate a larger portion of <g>
agrifacts-01388,12237bdee88d,gender,number,ST,femaleShare,AgCensus2015-16 T14-16,AgCensus2015-16 T14-16 ST/femaleShare/number/MarginalvsSmall,True,in the <n> agriculture census across <s> india for <g> is the proportion of female <m> <m> greater among <g> among <g> or roughly the same for both
agrifacts-01389,353e4c8e6432,landholding,number,Gujarat,SC,AgCensus2015-16 T2-4,AgCensus2015-16 T2-4 Gujarat/SC/number/Semi-mediumvsLarge,False,in <s> according to the <n> agriculture census among <g> which size class accounts for a larger share of <m> <g> <g> or are the two roughly equal
agrifacts-01390,353e4c8e6432,landholding,number,Madhya Pradesh,ST,AgCensus2015-16 T2-4,AgCensus2015-16 T2-4 Madhya Pradesh/ST/number/MarginalvsLarge,True,in <s> according to the <n> agriculture census among <g> which size class accounts for a larger share of <m> <g> <g> or are the two roughly equal
agrifacts-01391,4aca1ca2c35e,landholding,number,Arunachal Pradesh,ST,AgCensus2015-16 T2-4,AgCensus2015-16 T2-4 Arunachal Pradesh/ST/number/MarginalvsSemi-medium,False,in <s> based on the <n> agriculture census among <g> does <g> or <g> represent a larger proportion of <m> or are the two roughly equal
agrifacts-01392,50fa9076f21b,landholding,number,Arunachal Pradesh,All,AgCensus2015-16 T2-4,AgCensus2015-16 T2-4 Arunachal Pradesh/All/number/MarginalvsMedium,False,according to the <n> agriculture census in <s> among farmers is the larger share of <m> held by <g> by <g> or are the two roughly equal
agrifacts-01393,91cf66952c28,gender,area,ST,Large,AgCensus2015-16 T14-16,AgCensus2015-16 T14-16 ST/Large/area/MvF,False,according to the <s> india level <n> agriculture census among <g> with <g> do <g> or <g> operate a larger share or are the two roughly equal
agrifacts-01394,353e4c8e6432,landholding,area,Chhattisgarh,ST,AgCensus2015-16 T2-4,AgCensus2015-16 T2-4 Chhattisgarh/ST/area/MarginalvsLarge,True,in <s> according to the <n> agriculture census among <g> which size class accounts for a larger share of <m> <g> <g> or are the two roughly equal
agrifacts-01395,c989d7ddbec8,social_group,number,Tripura,Marginal,AgCensus2015-16 T2-4,AgCensus2015-16 T2-4 Tripura/Marginal/number/SCvsST,False,according to the <n> agriculture census in <s> is a larger portion of <g> <m> by <g> by <g> or are they roughly equal
agrifacts-01396,0d519282b5bf,social_group,number,West Bengal,Small,AgCensus2015-16 T2-4,AgCensus2015-16 T2-4 West Bengal/Small/number/STvsOthers,True,in <s> according to the <n> agriculture census which social group operates a larger share of <g> <g> <g> or are the two roughly equal
agrifacts-01397,cc0a39c48516,social_group,number,Telangana,Small,AgCensus2015-16 T2-4,AgCensus2015-16 T2-4 Telangana/Small/number/SCvsST,False,according to the <n> agriculture census in <s> do <g> operate a larger share of <g> than <g> or are the two roughly equal
agrifacts-01398,0d519282b5bf,social_group,area,Himachal Pradesh,Large,AgCensus2015-16 T2-4,AgCensus2015-16 T2-4 Himachal Pradesh/Large/area/SCvsOthers,False,in <s> according to the <n> agriculture census which social group operates a larger share of <g> <g> <g> or are the two roughly equal
agrifacts-01399,353e4c8e6432,landholding,number,Chhattisgarh,ST,AgCensus2015-16 T2-4,AgCensus2015-16 T2-4 Chhattisgarh/ST/number/Semi-mediumvsMedium,False,in <s> according to the <n> agriculture census among <g> which size class accounts for a larger share of <m> <g> <g> or are the two roughly equal
agrifacts-01400,2a8aa7222699,landholding,area,Chhattisgarh,All,AgCensus2015-16 T2-4,AgCensus2015-16 T2-4 Chhattisgarh/All/area/SmallvsSemi-medium,True,based on the <n> agriculture census in <s> when comparing farmers does the <g> or the <g> claim a greater portion of the <m> or are the two roughly equal
agrifacts-01401,f2ba28451e59,social_group,area,Jharkhand,Semi-medium,AgCensus2015-16 T2-4,AgCensus2015-16 T2-4 Jharkhand/Semi-medium/area/STvsOthers,False,based on the <n> agriculture census in <s> which social group <g> <g> or roughly equal shares controls a greater portion of <g>
agrifacts-01402,a78def40fe66,social_group,area,Telangana,All Classes,AgCensus2015-16 T2-4,AgCensus2015-16 T2-4 Telangana/All Classes/area/SCvsST,False,based on the <n> agriculture census in <s> is the share of <m> larger for <g> larger for <g> or are the two roughly equal
agrifacts-01403,a189ff23eadf,social_group,area,Andhra Pradesh,All Classes,AgCensus2015-16 T2-4,AgCensus2015-16 T2-4 Andhra Pradesh/All Classes/area/SCvsST,True,based on the <n> agriculture census in <s> between <g> and <g> which social group holds the greater proportion of <m> or are the two roughly equal
agrifacts-01404,7eec6fa2e396,landholding,area,A&N Islands,All,AgCensus2015-16 T2-4,AgCensus2015-16 T2-4 A&N Islands/All/area/MarginalvsLarge,False,based on the <n> agriculture census in <s> when comparing farmers <m> which size class holds a greater portion <g> <g> or are the two roughly equal
agrifacts-01405,353e4c8e6432,landholding,number,Assam,SC,AgCensus2015-16 T2-4,AgCensus2015-16 T2-4 Assam/SC/number/MarginalvsMedium,True,in <s> according to the <n> agriculture census among <g> which size class accounts for a larger share of <m> <g> <g> or are the two roughly equal
agrifacts-01406,b3f80e9bf61c,social_group,number,Assam,All Classes,AgCensus2015-16 T2-4,AgCensus2015-16 T2-4 Assam/All Classes/number/SCvsOthers,False,in <s> according to the <n> agriculture census which social group operates a larger share of <m> <g> <g> or are the two roughly equal
agrifacts-01407,ef8dead38902,landholding,area,Manipur,All,AgCensus2015-16 T2-4,AgCensus2015-16 T2-4 Manipur/All/area/SmallvsSemi-medium,False,in <s> according to the <n> agriculture census among farmers which size class accounts for a larger share of <m> <g> <g> or are the two roughly equal
agrifacts-01408,94f063197bf1,social_group,area,Karnataka,Large,AgCensus2015-16 T2-4,AgCensus2015-16 T2-4 Karnataka/Large/area/SCvsST,False,based on the <n> agriculture census in <s> is the proportion of <g> greater for <g> for <g> or are the two roughly equal
agrifacts-01409,0d519282b5bf,social_group,area,Jharkhand,Large,AgCensus2015-16 T2-4,AgCensus2015-16 T2-4 Jharkhand/Large/area/SCvsST,False,in <s> according to the <n> agriculture census which social group operates a larger share of <g> <g> <g> or are the two roughly equal
agrifacts-01410,55f74e759a5c,social_group,area,Rajasthan,Small,AgCensus2015-16 T2-4,AgCensus2015-16 T2-4 Rajasthan/Small/area/SCvsST,True,according to the <n> agriculture census in <s> is the share of <g> larger for <g> for <g> or are the two roughly equal
agrifacts-01411,a90d74fc9274,social_group,area,Andhra Pradesh,Medium,AgCensus2015-16 T2-4,AgCensus2015-16 T2-4 Andhra Pradesh/Medium/area/SCvsST,False,in <s> based on the <n> agriculture census between <g> and <g> which social group controls a bigger portion of <g> or are the two roughly equal
agrifacts-01412,70d296cf8ab1,social_group,number,Maharashtra,Small,AgCensus2015-16 T2-4,AgCensus2015-16 T2-4 Maharashtra/Small/number/SCvsST,False,based on the <n> agriculture census in <s> do <g> <g> or are the two roughly equal operate a larger share of <g>
agrifacts-01413,d79628411331,social_group,area,Tamil Nadu,Semi-medium,AgCensus2015-16 T2-4,AgCensus2015-16 T2-4 Tamil Nadu/Semi-medium/area/SCvsST,True,based on the <n> agriculture census in <s> between <g> and <g> which social group controls a greater portion of <g> or are they roughly equal
agrifacts-01414,0d519282b5bf,social_group,number,Chhattisgarh,Small,AgCensus2015-16 T2-4,AgCensus2015-16 T2-4 Chhattisgarh/Small/number/SCvsST,True,in <s> according to the <n> agriculture census which social group operates a larger share of <g> <g> <g> or are the two roughly equal
agrifacts-01415,f542fb91dd3d,social_group,area,Andhra Pradesh,Marginal,AgCensus2015-16 T2-4,AgCensus2015-16 T2-4 Andhra Pradesh/Marginal/area/SCvsST,False,based on the <n> agriculture census in <s> between <g> and <g> which social group has a greater proportion of <g> or are the two roughly equal
agrifacts-01416,0ae8d61ffb49,landholding,number,Odisha,All,AgCensus2015-16 T2-4,AgCensus2015-16 T2-4 Odisha/All/number/Semi-mediumvsMedium,False,in <s> based on the <n> agriculture census between <g> and <g> which size class of farmers possesses a greater proportion of <m> <g> <g> or are the two roughly equal
agrifacts-01417,353e4c8e6432,landholding,number,Meghalaya,ST,AgCensus2015-16 T2-4,AgCensus2015-16 T2-4 Meghalaya/ST/number/Semi-mediumvsMedium,False,in <s> according to the <n> agriculture census among <g> which size class accounts for a larger share of <m> <g> <g> or are the two roughly equal
agrifacts-01418,0d519282b5bf,social_group,number,Karnataka,Medium,AgCensus2015-16 T2-4,AgCensus2015-16 T2-4 Karnataka/Medium/number/STvsOthers,True,in <s> according to the <n> agriculture census which social group operates a larger share of <g> <g> <g> or are the two roughly equal
agrifacts-01419,0d519282b5bf,social_group,number,Maharashtra,Marginal,AgCensus2015-16 T2-4,AgCensus2015-16 T2-4 Maharashtra/Marginal/number/SCvsST,True,in <s> according to the <n> agriculture census which social group operates a larger share of <g> <g> <g> or are the two roughly equal
agrifacts-01420,ef8dead38902,landholding,number,Arunachal Pradesh,All,AgCensus2015-16 T2-4,AgCensus2015-16 T2-4 Arunachal Pradesh/All/number/MarginalvsSemi-medium,True,in <s> according to the <n> agriculture census among farmers which size class accounts for a larger share of <m> <g> <g> or are the two roughly equal
agrifacts-01421,353e4c8e6432,landholding,number,Bihar,ST,AgCensus2015-16 T2-4,AgCensus2015-16 T2-4 Bihar/ST/number/SmallvsSemi-medium,False,in <s> according to the <n> agriculture census among <g> which size class accounts for a larger share of <m> <g> <g> or are the two roughly equal
agrifacts-01422,7094da0dd029,gender,number,All,femaleShare,AgCensus2015-16 T14-16,AgCensus2015-16 T14-16 All/femaleShare/number/LargevsMedium,True,in the <n> agriculture census across india is the proportion of <m> managed by <g> greater for <g> for <g> or approximately equal for both
agrifacts-01423,c91e3d39c575,landholding,area,Jharkhand,SC,AgCensus2015-16 T2-4,AgCensus2015-16 T2-4 Jharkhand/SC/area/Semi-mediumvsMedium,False,according to the <n> agriculture census in <s> for <g> does the <g> or the <g> con <s> itute a greater portion of <m> or are they roughly equal
agrifacts-01424,8b0cbdf66b69,social_group,number,Telangana,Small,AgCensus2015-16 T2-4,AgCensus2015-16 T2-4 Telangana/Small/number/SCvsST,False,based on the <n> agriculture census in <s> is the proportion of <g> <m> by <g> larger sm <s> er or roughly equal to that <m> by <g>
agrifacts-01425,ef8dead38902,landholding,number,Uttarakhand,All,AgCensus2015-16 T2-4,AgCensus2015-16 T2-4 Uttarakhand/All/number/SmallvsMedium,False,in <s> according to the <n> agriculture census among farmers which size class accounts for a larger share of <m> <g> <g> or are the two roughly equal
agrifacts-01426,b3f80e9bf61c,social_group,number,Telangana,All Classes,AgCensus2015-16 T2-4,AgCensus2015-16 T2-4 Telangana/All Classes/number/STvsOthers,False,in <s> according to the <n> agriculture census which social group operates a larger share of <m> <g> <g> or are the two roughly equal
agrifacts-01427,0d519282b5bf,social_group,number,Mizoram,Marginal,AgCensus2015-16 T2-4,AgCensus2015-16 T2-4 Mizoram/Marginal/number/SCvsST,False,in <s> according to the <n> agriculture census which social group operates a larger share of <g> <g> <g> or are the two roughly equal
agrifacts-01428,ef8dead38902,landholding,area,Jharkhand,All,AgCensus2015-16 T2-4,AgCensus2015-16 T2-4 Jharkhand/All/area/MarginalvsSemi-medium,False,in <s> according to the <n> agriculture census among farmers which size class accounts for a larger share of <m> <g> <g> or are the two roughly equal
agrifacts-01429,f45663e6e209,social_group,number,Andhra Pradesh,Semi-medium,AgCensus2015-16 T2-4,AgCensus2015-16 T2-4 Andhra Pradesh/Semi-medium/number/SCvsST,True,in <s> based on the <n> agriculture census do <g> <g> or are the two roughly equal operate a larger share of <g>
agrifacts-01430,57861b78a095,social_group,number,Telangana,All Classes,AgCensus2015-16 T2-4,AgCensus2015-16 T2-4 Telangana/All Classes/number/SCvsST,False,according to the <n> agriculture census is the proportion of <m> <m> by <g> and <g> in <s> roughly equal or does one group operate a larger share
agrifacts-01431,353e4c8e6432,landholding,number,Maharashtra,ST,AgCensus2015-16 T2-4,AgCensus2015-16 T2-4 Maharashtra/ST/number/SmallvsSemi-medium,True,in <s> according to the <n> agriculture census among <g> which size class accounts for a larger share of <m> <g> <g> or are the two roughly equal
agrifacts-01432,2c010930f361,social_group,number,Tripura,Marginal,AgCensus2015-16 T2-4,AgCensus2015-16 T2-4 Tripura/Marginal/number/SCvsST,False,according to the <n> agriculture census in <s> do <g> operate a larger proportion of <g> than <g> or are the two roughly equal
agrifacts-01433,353e4c8e6432,landholding,number,Rajasthan,SC,AgCensus2015-16 T2-4,AgCensus2015-16 T2-4 Rajasthan/SC/number/SmallvsMedium,False,in <s> according to the <n> agriculture census among <g> which size class accounts for a larger share of <m> <g> <g> or are the two roughly equal
agrifacts-01434,0d519282b5bf,social_group,number,Uttarakhand,Semi-medium,AgCensus2015-16 T2-4,AgCensus2015-16 T2-4 Uttarakhand/Semi-medium/number/SCvsOthers,False,in <s> according to the <n> agriculture census which social group operates a larger share of <g> <g> <g> or are the two roughly equal
agrifacts-01435,2330728daab1,gender,area,SC,Medium,AgCensus2015-16 T14-16,AgCensus2015-16 T14-16 SC/Medium/area/MvF,True,in the <n> agriculture census at the <s> india level for <g> within the <g> category which group holds a greater share <g> <g> or are they roughly equal
agrifacts-01436,562e3610391a,social_group,number,Maharashtra,Medium,AgCensus2015-16 T2-4,AgCensus2015-16 T2-4 Maharashtra/Medium/number/SCvsST,False,according to the <n> agriculture census in <s> do <g> <g> or the two roughly equal groups operate a larger share of <g>
agrifacts-01437,353e4c8e6432,landholding,number,Haryana,SC,AgCensus2015-16 T2-4,AgCensus2015-16 T2-4 Haryana/SC/number/MarginalvsSmall,False,in <s> according to the <n> agriculture census among <g> which size class accounts for a larger share of <m> <g> <g> or are the two roughly equal
agrifacts-01438,f6cbed1fb0bf,landholding,area,D & N Haveli,All,AgCensus2015-16 T2-4,AgCensus2015-16 T2-4 D & N Haveli/All/area/MarginalvsSemi-medium,False,based on the <n> agriculture census in <s> among farmers do <g> and <g> each account for a larger share of <m> or are the two roughly equal
agrifacts-01439,56e6c10c3d52,social_group,area,Jharkhand,Semi-medium,AgCensus2015-16 T2-4,AgCensus2015-16 T2-4 Jharkhand/Semi-medium/area/STvsOthers,False,based on the <n> agriculture census in <s> do <g> and <g> operate roughly equal shares of <g> or does one group operate a larger portion
agrifacts-01440,cdb433db68e4,social_group,number,Karnataka,Large,AgCensus2015-16 T2-4,AgCensus2015-16 T2-4 Karnataka/Large/number/SCvsST,True,based on the <n> agriculture census in <s> is the proportion of <g> <m> by <g> greater than that of <g> is it the other way around or are the two roughly equal
agrifacts-01441,a812aa30a686,social_group,area,Telangana,Small,AgCensus2015-16 T2-4,AgCensus2015-16 T2-4 Telangana/Small/area/SCvsST,True,according to the <n> agriculture census in <s> is the share of <g> larger for <g> larger for <g> or roughly equal between the two
agrifacts-01442,453e03cf4b7d,landholding,area,Sikkim,All,AgCensus2015-16 T2-4,AgCensus2015-16 T2-4 Sikkim/All/area/MarginalvsMedium,True,in <s> based on the <n> agriculture census does <g> <g> or are the two roughly equal account for a larger share of <m> among farmers
agrifacts-01443,732286c60462,social_group,area,Rajasthan,All Classes,AgCensus2015-16 T2-4,AgCensus2015-16 T2-4 Rajasthan/All Classes/area/SCvsST,False,based on the <n> agriculture census in <s> do <g> <g> or are the two roughly equal in operating a larger share of <m>
agrifacts-01444,ae6c537e7378,gender,area,ST,Large,AgCensus2015-16 T14-16,AgCensus2015-16 T14-16 ST/Large/area/MvF,False,according to the <n> agriculture census across india within <g> and for <g> which gender <g> <g> or the two roughly equal holds a larger share of operation
agrifacts-01445,4f0f2d6b7728,gender,number,ST,Medium,AgCensus2015-16 T14-16,AgCensus2015-16 T14-16 ST/Medium/number/MvF,False,at the <s> india level in the <n> agriculture census among <g> among <g> who operates a larger share <g> <g> or are the two roughly equal
agrifacts-01446,e1c58bf5addf,gender,number,SC,femaleShare,AgCensus2015-16 T14-16,AgCensus2015-16 T14-16 SC/femaleShare/number/LargevsMedium,True,in the <n> agriculture census across <s> of india for <g> is the proportion of <m> managed by <g> greater for <g> greater for <g> or roughly the same for both
agrifacts-01447,7bf609f4d527,gender,number,All,femaleShare,AgCensus2015-16 T14-16,AgCensus2015-16 T14-16 All/femaleShare/number/MarginalvsSmall,False,in the <n> agriculture census across india is the proportion of <m> managed by <g> greater for <g> for <g> or roughly equal for the two categories
agrifacts-01448,abcf4d33161d,social_group,number,Kerala,Semi-medium,AgCensus2015-16 T2-4,AgCensus2015-16 T2-4 Kerala/Semi-medium/number/SCvsST,True,based on the <n> agriculture census in <s> are <g> <g> or both roughly equal in operating a larger share of <g>
agrifacts-01449,0d519282b5bf,social_group,area,Andhra Pradesh,Semi-medium,AgCensus2015-16 T2-4,AgCensus2015-16 T2-4 Andhra Pradesh/Semi-medium/area/SCvsOthers,True,in <s> according to the <n> agriculture census which social group operates a larger share of <g> <g> <g> or are the two roughly equal
agrifacts-01450,fa34adcfe15b,social_group,number,Tamil Nadu,Semi-medium,AgCensus2015-16 T2-4,AgCensus2015-16 T2-4 Tamil Nadu/Semi-medium/number/SCvsST,True,according to the <n> agriculture census in <s> is the share of <g> <m> by <g> greater than that <m> by <g> is it sm <s> er or are the two roughly equal
agrifacts-01451,60952c69eb7a,landholding,area,Rajasthan,All,AgCensus2015-16 T2-4,AgCensus2015-16 T2-4 Rajasthan/All/area/MarginalvsSmall,False,based on the <n> agriculture census in <s> among farmers which size class <g> or <g> holds a greater portion of <m> or are the two roughly equal
agrifacts-01452,ef8dead38902,landholding,number,Sikkim,All,AgCensus2015-16 T2-4,AgCensus2015-16 T2-4 Sikkim/All/number/Semi-mediumvsLarge,True,in <s> according to the <n> agriculture census among farmers which size class accounts for a larger share of <m> <g> <g> or are the two roughly equal
agrifacts-01453,ef8dead38902,landholding,number,Chhattisgarh,All,AgCensus2015-16 T2-4,AgCensus2015-16 T2-4 Chhattisgarh/All/number/MarginalvsLarge,True,in <s> according to the <n> agriculture census among farmers which size class accounts for a larger share of <m> <g> <g> or are the two roughly equal
agrifacts-01454,0d519282b5bf,social_group,area,Andhra Pradesh,Large,AgCensus2015-16 T2-4,AgCensus2015-16 T2-4 Andhra Pradesh/Large/area/SCvsST,False,in <s> according to the <n> agriculture census which social group operates a larger share of <g> <g> <g> or are the two roughly equal
agrifacts-01455,4cb2f6f34dfe,gender,area,ST,femaleShare,AgCensus2015-16 T14-16,AgCensus2015-16 T14-16 ST/femaleShare/area/MarginalvsSmall,False,at the <s> india level in the <n> agriculture census for <g> is <g> s share of <m> greater for <g> greater for <g> or roughly equal for both
agrifacts-01456,0d519282b5bf,social_group,number,Maharashtra,Semi-medium,AgCensus2015-16 T2-4,AgCensus2015-16 T2-4 Maharashtra/Semi-medium/number/STvsOthers,False,in <s> according to the <n> agriculture census which social group operates a larger share of <g> <g> <g> or are the two roughly equal
agrifacts-01457,0d519282b5bf,social_group,number,Haryana,Semi-medium,AgCensus2015-16 T2-4,AgCensus2015-16 T2-4 Haryana/Semi-medium/number/SCvsOthers,True,in <s> according to the <n> agriculture census which social group operates a larger share of <g> <g> <g> or are the two roughly equal
agrifacts-01458,56c541bf6d76,landholding,area,Assam,All,AgCensus2015-16 T2-4,AgCensus2015-16 T2-4 Assam/All/area/MarginalvsSemi-medium,False,based on the <n> agriculture census in <s> do <g> and <g> have a larger share of <m> among farmers or are the two roughly equal
agrifacts-01459,0d519282b5bf,social_group,number,Rajasthan,Large,AgCensus2015-16 T2-4,AgCensus2015-16 T2-4 Rajasthan/Large/number/SCvsOthers,False,in <s> according to the <n> agriculture census which social group operates a larger share of <g> <g> <g> or are the two roughly equal
agrifacts-01460,22c2d59d3a3c,social_group,area,Karnataka,Large,AgCensus2015-16 T2-4,AgCensus2015-16 T2-4 Karnataka/Large/area/SCvsST,False,among <g> and <g> in <s> based on the <n> agriculture census which social group controls a larger portion of <g> or are the two roughly equal
agrifacts-01461,ed72c25bbf1c,social_group,number,Karnataka,Medium,AgCensus2015-16 T2-4,AgCensus2015-16 T2-4 Karnataka/Medium/number/SCvsST,False,based on the <n> agriculture census in <s> which social group <g> <g> or are the two roughly equal operates a larger share of <g>
agrifacts-01462,94f063197bf1,social_group,area,Jharkhand,Semi-medium,AgCensus2015-16 T2-4,AgCensus2015-16 T2-4 Jharkhand/Semi-medium/area/STvsOthers,False,based on the <n> agriculture census in <s> is the proportion of <g> greater for <g> for <g> or are the two roughly equal
agrifacts-01463,93a9a087286d,social_group,area,Uttarakhand,All Classes,AgCensus2015-16 T2-4,AgCensus2015-16 T2-4 Uttarakhand/All Classes/area/SCvsST,False,based on the <n> agriculture census in <s> do <g> <g> or are the two roughly equal in terms of which social group operates the greater share of <m>
agrifacts-01464,6fa0b6ed82c3,social_group,number,Uttarakhand,Semi-medium,AgCensus2015-16 T2-4,AgCensus2015-16 T2-4 Uttarakhand/Semi-medium/number/SCvsST,True,based on the <n> agriculture census in <s> which social group <g> <g> or roughly equal shares has the greater portion of semi medium land <m>
agrifacts-01465,ef8dead38902,landholding,number,Meghalaya,All,AgCensus2015-16 T2-4,AgCensus2015-16 T2-4 Meghalaya/All/number/SmallvsMedium,False,in <s> according to the <n> agriculture census among farmers which size class accounts for a larger share of <m> <g> <g> or are the two roughly equal
agrifacts-01466,59f2ff139c47,social_group,area,Karnataka,Medium,AgCensus2015-16 T2-4,AgCensus2015-16 T2-4 Karnataka/Medium/area/SCvsST,False,according to the <n> agriculture census in <s> is the <g> share larger for <g> larger for <g> or roughly equal between the two
agrifacts-01467,0d519282b5bf,social_group,area,Jammu & Kashmir,Medium,AgCensus2015-16 T2-4,AgCensus2015-16 T2-4 Jammu & Kashmir/Medium/area/STvsOthers,False,in <s> according to the <n> agriculture census which social group operates a larger share of <g> <g> <g> or are the two roughly equal
agrifacts-01468,353e4c8e6432,landholding,number,Haryana,SC,AgCensus2015-16 T2-4,AgCensus2015-16 T2-4 Haryana/SC/number/SmallvsSemi-medium,False,in <s> according to the <n> agriculture census among <g> which size class accounts for a larger share of <m> <g> <g> or are the two roughly equal
agrifacts-01469,773b8d24bcdf,landholding,number,Nagaland,ST,AgCensus2015-16 T2-4,AgCensus2015-16 T2-4 Nagaland/ST/number/SmallvsLarge,True,according to the <n> agriculture census in <s> is the share of <m> among <g> greater for <g> greater for <g> or roughly equal between the two
agrifacts-01470,353e4c8e6432,landholding,number,Telangana,ST,AgCensus2015-16 T2-4,AgCensus2015-16 T2-4 Telangana/ST/number/MarginalvsLarge,True,in <s> according to the <n> agriculture census among <g> which size class accounts for a larger share of <m> <g> <g> or are the two roughly equal
agrifacts-01471,c72e5697f43d,landholding,area,Gujarat,SC,AgCensus2015-16 T2-4,AgCensus2015-16 T2-4 Gujarat/SC/area/SmallvsMedium,False,based on the <n> agriculture census in <s> for <g> does the <g> or the <g> hold a larger portion of the <m> land or are they roughly equal
agrifacts-01472,0d519282b5bf,social_group,number,Jharkhand,Medium,AgCensus2015-16 T2-4,AgCensus2015-16 T2-4 Jharkhand/Medium/number/STvsOthers,True,in <s> according to the <n> agriculture census which social group operates a larger share of <g> <g> <g> or are the two roughly equal
agrifacts-01473,0d519282b5bf,social_group,number,Assam,Medium,AgCensus2015-16 T2-4,AgCensus2015-16 T2-4 Assam/Medium/number/SCvsST,False,in <s> according to the <n> agriculture census which social group operates a larger share of <g> <g> <g> or are the two roughly equal
agrifacts-01474,0d519282b5bf,social_group,number,Maharashtra,Small,AgCensus2015-16 T2-4,AgCensus2015-16 T2-4 Maharashtra/Small/number/SCvsST,False,in <s> according to the <n> agriculture census which social group operates a larger share of <g> <g> <g> or are the two roughly equal
agrifacts-01475,525af9953fa5,gender,number,ST,Marginal,AgCensus2015-16 T14-16,AgCensus2015-16 T14-16 ST/Marginal/number/MvF,False,in the <n> agriculture census across <s> india for <g> with <g> which group operates a greater portion <g> <g> or are they roughly equal
agrifacts-01476,54f2c0e68685,gender,number,SC,Medium,AgCensus2015-16 T14-16,AgCensus2015-16 T14-16 SC/Medium/number/MvF,False,in the <n> agriculture census across <s> india for <g> with <g> which group operates a larger share <g> <g> or are the two roughly equal
agrifacts-01477,a54253a5a62c,landholding,number,Tamil Nadu,ST,AgCensus2015-16 T2-4,AgCensus2015-16 T2-4 Tamil Nadu/ST/number/Semi-mediumvsMedium,False,in <s> based on the <n> agriculture census which of these size classes <g> <g> or roughly equal shares accounts for a greater proportion of <m> among <g>
agrifacts-01478,353e4c8e6432,landholding,number,Tamil Nadu,ST,AgCensus2015-16 T2-4,AgCensus2015-16 T2-4 Tamil Nadu/ST/number/SmallvsLarge,True,in <s> according to the <n> agriculture census among <g> which size class accounts for a larger share of <m> <g> <g> or are the two roughly equal
agrifacts-01479,a4b289deab86,landholding,area,Rajasthan,All,AgCensus2015-16 T2-4,AgCensus2015-16 T2-4 Rajasthan/All/area/MarginalvsSmall,False,according to the <n> agriculture census in <s> is the larger share of <m> among farmers held by <g> <g> or are the two roughly equal
agrifacts-01480,0d519282b5bf,social_group,number,Karnataka,Small,AgCensus2015-16 T2-4,AgCensus2015-16 T2-4 Karnataka/Small/number/STvsOthers,False,in <s> according to the <n> agriculture census which social group operates a larger share of <g> <g> <g> or are the two roughly equal
agrifacts-01481,ef8dead38902,landholding,area,Gujarat,All,AgCensus2015-16 T2-4,AgCensus2015-16 T2-4 Gujarat/All/area/SmallvsMedium,True,in <s> according to the <n> agriculture census among farmers which size class accounts for a larger share of <m> <g> <g> or are the two roughly equal
agrifacts-01482,84e5afe2e1cf,social_group,area,Karnataka,Semi-medium,AgCensus2015-16 T2-4,AgCensus2015-16 T2-4 Karnataka/Semi-medium/area/SCvsST,False,based on the <n> agriculture census in <s> is the <g> larger for <g> larger for <g> or are the two roughly equal
agrifacts-01483,ef8dead38902,landholding,number,Jharkhand,All,AgCensus2015-16 T2-4,AgCensus2015-16 T2-4 Jharkhand/All/number/SmallvsMedium,False,in <s> according to the <n> agriculture census among farmers which size class accounts for a larger share of <m> <g> <g> or are the two roughly equal
agrifacts-01484,21a8804baa9d,social_group,area,Uttarakhand,All Classes,AgCensus2015-16 T2-4,AgCensus2015-16 T2-4 Uttarakhand/All Classes/area/SCvsST,False,based on the <n> agriculture census in <s> between <g> and <g> which social group controls a greater proportion of <m> or are the two roughly equal
agrifacts-01485,ef8dead38902,landholding,number,Bihar,All,AgCensus2015-16 T2-4,AgCensus2015-16 T2-4 Bihar/All/number/SmallvsSemi-medium,True,in <s> according to the <n> agriculture census among farmers which size class accounts for a larger share of <m> <g> <g> or are the two roughly equal
agrifacts-01486,0d519282b5bf,social_group,number,Nagaland,Large,AgCensus2015-16 T2-4,AgCensus2015-16 T2-4 Nagaland/Large/number/STvsOthers,True,in <s> according to the <n> agriculture census which social group operates a larger share of <g> <g> <g> or are the two roughly equal
agrifacts-01487,5e6308899e2e,landholding,area,Andhra Pradesh,All,AgCensus2015-16 T2-4,AgCensus2015-16 T2-4 Andhra Pradesh/All/area/MarginalvsSmall,False,in <s> based on the <n> agriculture census which of the following size classes <g> or <g> accounts for a greater portion of <m> land among farmers or are the two roughly equal
agrifacts-01488,ff830ded2cee,landholding,number,Maharashtra,ST,AgCensus2015-16 T2-4,AgCensus2015-16 T2-4 Maharashtra/ST/number/MarginalvsSmall,False,according to the <n> agriculture census in <s> among <g> which size class <g> or <g> accounts for a larger share of <m> or are the two roughly equal
agrifacts-01489,0d519282b5bf,social_group,number,Chhattisgarh,Semi-medium,AgCensus2015-16 T2-4,AgCensus2015-16 T2-4 Chhattisgarh/Semi-medium/number/SCvsOthers,False,in <s> according to the <n> agriculture census which social group operates a larger share of <g> <g> <g> or are the two roughly equal
agrifacts-01490,7fa0d2c0a2ce,gender,number,All,femaleShare,AgCensus2015-16 T14-16,AgCensus2015-16 T14-16 All/femaleShare/number/MarginalvsSmall,False,in the <n> agriculture census conducted at the <s> india level is the proportion of <g> <m> <m> greater for <g> greater for <g> or roughly equal for both
agrifacts-01491,ef8dead38902,landholding,number,Maharashtra,All,AgCensus2015-16 T2-4,AgCensus2015-16 T2-4 Maharashtra/All/number/SmallvsSemi-medium,True,in <s> according to the <n> agriculture census among farmers which size class accounts for a larger share of <m> <g> <g> or are the two roughly equal
agrifacts-01492,ef59cfa9e3b5,landholding,area,Andhra Pradesh,All,AgCensus2015-16 T2-4,AgCensus2015-16 T2-4 Andhra Pradesh/All/area/MarginalvsSemi-medium,True,in the <n> agriculture census for <s> among farmers does <g> or <g> account for a larger share of <m> or are the two roughly equal
agrifacts-01493,3a014f501b21,landholding,area,Jharkhand,All,AgCensus2015-16 T2-4,AgCensus2015-16 T2-4 Jharkhand/All/area/MarginalvsMedium,False,in <s> per the <n> <n> agriculture census of the <m> held by farmers does <g> or <g> claim a greater portion or are the two roughly equal
agrifacts-01494,ef8dead38902,landholding,number,Punjab,All,AgCensus2015-16 T2-4,AgCensus2015-16 T2-4 Punjab/All/number/SmallvsLarge,True,in <s> according to the <n> agriculture census among farmers which size class accounts for a larger share of <m> <g> <g> or are the two roughly equal
agrifacts-01495,0d519282b5bf,social_group,number,Madhya Pradesh,Marginal,AgCensus2015-16 T2-4,AgCensus2015-16 T2-4 Madhya Pradesh/Marginal/number/SCvsOthers,True,in <s> according to the <n> agriculture census which social group operates a larger share of <g> <g> <g> or are the two roughly equal
agrifacts-01496,b3f80e9bf61c,social_group,number,Nagaland,All Classes,AgCensus2015-16 T2-4,AgCensus2015-16 T2-4 Nagaland/All Classes/number/SCvsST,True,in <s> according to the <n> agriculture census which social group operates a larger share of <m> <g> <g> or are the two roughly equal
agrifacts-01497,9ac9d81f63d9,gender,number,All,Marginal,AgCensus2015-16 T14-16,AgCensus2015-16 T14-16 All/Marginal/number/MvF,False,in the <n> agriculture census across <s> of india for <g> which group operates a bigger portion <g> <g> or are the two roughly equal
agrifacts-01498,40b3d67ad7db,gender,number,SC,femaleShare,AgCensus2015-16 T14-16,AgCensus2015-16 T14-16 SC/femaleShare/number/MediumvsSmall,False,at the <s> india level in the <n> agriculture census among <g> is the share of <m> <m> by <g> larger for <g> for <g> or roughly the same for both
agrifacts-01499,8d5d6e02866f,gender,number,All,Large,AgCensus2015-16 T14-16,AgCensus2015-16 T14-16 All/Large/number/MvF,True,in the <n> agriculture census across <s> of india for <g> which gender operates a greater portion <g> <g> or are they roughly equal
agrifacts-01500,00b3b92d27e3,landholding,area,D & N Haveli,All,AgCensus2015-16 T2-4,AgCensus2015-16 T2-4 D & N Haveli/All/area/SmallvsSemi-medium,False,based on the <n> agriculture census data for <s> between farmers with a <g> and those with a <g> which size class possesses a greater portion of the <m> land or are the two roughly
agrifacts-01501,353e4c8e6432,landholding,number,Maharashtra,ST,AgCensus2015-16 T2-4,AgCensus2015-16 T2-4 Maharashtra/ST/number/Semi-mediumvsMedium,False,in <s> according to the <n> agriculture census among <g> which size class accounts for a larger share of <m> <g> <g> or are the two roughly equal
agrifacts-01502,30fd26ba6331,social_group,area,Andhra Pradesh,Marginal,AgCensus2015-16 T2-4,AgCensus2015-16 T2-4 Andhra Pradesh/Marginal/area/SCvsST,False,based on the <n> agriculture census in <s> do <g> or <g> operate a larger portion of <g> or are the two roughly equal
agrifacts-01503,353e4c8e6432,landholding,number,Andhra Pradesh,ST,AgCensus2015-16 T2-4,AgCensus2015-16 T2-4 Andhra Pradesh/ST/number/Semi-mediumvsLarge,True,in <s> according to the <n> agriculture census among <g> which size class accounts for a larger share of <m> <g> <g> or are the two roughly equal
agrifacts-01504,f8bcb62de060,social_group,number,Rajasthan,Semi-medium,AgCensus2015-16 T2-4,AgCensus2015-16 T2-4 Rajasthan/Semi-medium/number/SCvsST,True,based on the <n> agriculture census in <s> is the share of <g> <m> by <g> larger than that of <g> is the share of <g> larger or are the two roughly equal
agrifacts-01505,c7603c8b559c,social_group,number,Maharashtra,Marginal,AgCensus2015-16 T2-4,AgCensus2015-16 T2-4 Maharashtra/Marginal/number/SCvsST,True,based on the <n> agriculture census in <s> are <g> <g> or roughly equal proportions the operators of the larger share of <g>
agrifacts-01506,757ad3e942a4,social_group,area,Andhra Pradesh,Large,AgCensus2015-16 T2-4,AgCensus2015-16 T2-4 Andhra Pradesh/Large/area/SCvsST,False,based on the <n> agriculture census in <s> between <g> and <g> which social group controls a greater portion of <g> or are the two roughly equal
agrifacts-01507,0d519282b5bf,social_group,number,Kerala,Marginal,AgCensus2015-16 T2-4,AgCensus2015-16 T2-4 Kerala/Marginal/number/STvsOthers,False,in <s> according to the <n> agriculture census which social group operates a larger share of <g> <g> <g> or are the two roughly equal
agrifacts-01508,5cccd33dbe79,gender,number,SC,femaleShare,AgCensus2015-16 T14-16,AgCensus2015-16 T14-16 SC/femaleShare/number/LargevsMedium,True,in the <n> agriculture census at the <s> india level for <g> is the proportion of <m> <m> by <g> greater for <g> greater for <g> or roughly equal for the two
agrifacts-01509,ef8dead38902,landholding,number,Telangana,All,AgCensus2015-16 T2-4,AgCensus2015-16 T2-4 Telangana/All/number/MarginalvsMedium,False,in <s> according to the <n> agriculture census among farmers which size class accounts for a larger share of <m> <g> <g> or are the two roughly equal
agrifacts-01510,a400f724a56e,gender,area,SC,Large,AgCensus2015-16 T14-16,AgCensus2015-16 T14-16 SC/Large/area/MvF,False,in the <n> agriculture census at the <s> india level for <g> with <g> which group holds the larger share <g> <g> or are the two roughly equal
agrifacts-01511,5865239f79e3,social_group,number,Telangana,Marginal,AgCensus2015-16 T2-4,AgCensus2015-16 T2-4 Telangana/Marginal/number/SCvsST,True,in the <n> agriculture census of <s> do <g> <g> or are the two roughly equal operate a larger share of <g>
agrifacts-01512,0d519282b5bf,social_group,number,Tamil Nadu,Marginal,AgCensus2015-16 T2-4,AgCensus2015-16 T2-4 Tamil Nadu/Marginal/number/STvsOthers,False,in <s> according to the <n> agriculture census which social group operates a larger share of <g> <g> <g> or are the two roughly equal
agrifacts-01513,2904c13a857c,social_group,area,Andhra Pradesh,Medium,AgCensus2015-16 T2-4,AgCensus2015-16 T2-4 Andhra Pradesh/Medium/area/SCvsST,False,based on the <n> agriculture census in <s> between <g> and <g> which social group controls a bigger portion of the <g> or are the two roughly equal
agrifacts-01514,0d519282b5bf,social_group,number,Rajasthan,Small,AgCensus2015-16 T2-4,AgCensus2015-16 T2-4 Rajasthan/Small/number/SCvsST,False,in <s> according to the <n> agriculture census which social group operates a larger share of <g> <g> <g> or are the two roughly equal
agrifacts-01515,0d519282b5bf,social_group,number,Odisha,Medium,AgCensus2015-16 T2-4,AgCensus2015-16 T2-4 Odisha/Medium/number/SCvsOthers,False,in <s> according to the <n> agriculture census which social group operates a larger share of <g> <g> <g> or are the two roughly equal
agrifacts-01516,30fd26ba6331,social_group,number,Karnataka,Medium,AgCensus2015-16 T2-4,AgCensus2015-16 T2-4 Karnataka/Medium/number/SCvsST,False,based on the <n> agriculture census in <s> do <g> or <g> operate a larger portion of <g> or are the two roughly equal
agrifacts-01517,5fb99bc858c5,social_group,number,Maharashtra,Medium,AgCensus2015-16 T2-4,AgCensus2015-16 T2-4 Maharashtra/Medium/number/SCvsST,False,which social group <g> <g> or are the two roughly equal operates a larger share of <g> in <s> as per the <n> agriculture census
agrifacts-01518,01120aaf1250,landholding,area,Punjab,All,AgCensus2015-16 T2-4,AgCensus2015-16 T2-4 Punjab/All/area/Semi-mediumvsLarge,False,according to the <n> agriculture census in <s> which of these size classes <g> or <g> holds a greater portion of the <m> among farmers or are they roughly equal
agrifacts-01519,a429dd78baed,gender,area,SC,femaleShare,AgCensus2015-16 T14-16,AgCensus2015-16 T14-16 SC/femaleShare/area/LargevsMedium,True,in the agriculture census of <n> for <s> india among <g> is the proportion of <m> managed by <g> greater for <g> greater for <g> or roughly the same for both
agrifacts-01520,0d519282b5bf,social_group,number,Assam,Small,AgCensus2015-16 T2-4,AgCensus2015-16 T2-4 Assam/Small/number/SCvsST,False,in <s> according to the <n> agriculture census which social group operates a larger share of <g> <g> <g> or are the two roughly equal
agrifacts-01521,f26da78b104f,landholding,area,Jharkhand,All,AgCensus2015-16 T2-4,AgCensus2015-16 T2-4 Jharkhand/All/area/MarginalvsMedium,False,in <s> based on the <n> agriculture census of the <m> held by farmers does <g> or <g> have the greater portion or are the two roughly equal
agrifacts-01522,0d519282b5bf,social_group,number,Arunachal Pradesh,Semi-medium,AgCensus2015-16 T2-4,AgCensus2015-16 T2-4 Arunachal Pradesh/Semi-medium/number/SCvsST,True,in <s> according to the <n> agriculture census which social group operates a larger share of <g> <g> <g> or are the two roughly equal
agrifacts-01523,ef8dead38902,landholding,number,Chhattisgarh,All,AgCensus2015-16 T2-4,AgCensus2015-16 T2-4 Chhattisgarh/All/number/Semi-mediumvsLarge,True,in <s> according to the <n> agriculture census among farmers which size class accounts for a larger share of <m> <g> <g> or are the two roughly equal
agrifacts-01524,6104b346020b,social_group,area,Chhattisgarh,Semi-medium,AgCensus2015-16 T2-4,AgCensus2015-16 T2-4 Chhattisgarh/Semi-medium/area/STvsOthers,False,based on the <n> agriculture census in <s> is the share of <g> greater for <g> for <g> or are the two roughly equal
agrifacts-01525,ef8dead38902,landholding,number,Sikkim,All,AgCensus2015-16 T2-4,AgCensus2015-16 T2-4 Sikkim/All/number/MarginalvsSmall,False,in <s> according to the <n> agriculture census among farmers which size class accounts for a larger share of <m> <g> <g> or are the two roughly equal
agrifacts-01526,f516096c6fab,gender,number,ST,femaleShare,AgCensus2015-16 T14-16,AgCensus2015-16 T14-16 ST/femaleShare/number/LargevsMedium,True,according to the <n> agriculture census at the <s> india level for <g> is the proportion of <m> managed by <g> greater for <g> greater for <g> or roughly equal for the two categori
agrifacts-01527,7961a0dd15ba,landholding,area,Jharkhand,SC,AgCensus2015-16 T2-4,AgCensus2015-16 T2-4 Jharkhand/SC/area/SmallvsMedium,False,in <s> based on the <n> agriculture census for <g> between <g> <g> and the two being roughly equal which size class has the greater portion of <m>
agrifacts-01528,4f0f2d6b7728,gender,area,SC,Large,AgCensus2015-16 T14-16,AgCensus2015-16 T14-16 SC/Large/area/MvF,False,at the <s> india level in the <n> agriculture census among <g> among <g> who operates a larger share <g> <g> or are the two roughly equal
agrifacts-01529,3c7898ff5a98,landholding,area,Assam,All,AgCensus2015-16 T2-4,AgCensus2015-16 T2-4 Assam/All/area/SmallvsSemi-medium,False,in <s> based on the <n> agriculture census which size class holds a greater portion of <m> among farmers <g> <g> or are the two roughly equal
agrifacts-01530,353e4c8e6432,landholding,number,Bihar,ST,AgCensus2015-16 T2-4,AgCensus2015-16 T2-4 Bihar/ST/number/MarginalvsLarge,False,in <s> according to the <n> agriculture census among <g> which size class accounts for a larger share of <m> <g> <g> or are the two roughly equal
agrifacts-01531,b3f80e9bf61c,social_group,area,D & N Haveli,All Classes,AgCensus2015-16 T2-4,AgCensus2015-16 T2-4 D & N Haveli/All Classes/area/SCvsST,False,in <s> according to the <n> agriculture census which social group operates a larger share of <m> <g> <g> or are the two roughly equal
agrifacts-01532,68dc99bd0398,social_group,number,Maharashtra,Semi-medium,AgCensus2015-16 T2-4,AgCensus2015-16 T2-4 Maharashtra/Semi-medium/number/SCvsST,True,based on the <n> agriculture census in <s> is the larger portion of <g> <m> by <g> by <g> or are the two roughly equal
agrifacts-01533,0d519282b5bf,social_group,number,Odisha,Medium,AgCensus2015-16 T2-4,AgCensus2015-16 T2-4 Odisha/Medium/number/STvsOthers,True,in <s> according to the <n> agriculture census which social group operates a larger share of <g> <g> <g> or are the two roughly equal
agrifacts-01534,353e4c8e6432,landholding,number,Jharkhand,SC,AgCensus2015-16 T2-4,AgCensus2015-16 T2-4 Jharkhand/SC/number/Semi-mediumvsMedium,True,in <s> according to the <n> agriculture census among <g> which size class accounts for a larger share of <m> <g> <g> or are the two roughly equal
agrifacts-01535,ef8dead38902,landholding,number,Sikkim,All,AgCensus2015-16 T2-4,AgCensus2015-16 T2-4 Sikkim/All/number/MarginalvsMedium,False,in <s> according to the <n> agriculture census among farmers which size class accounts for a larger share of <m> <g> <g> or are the two roughly equal
agrifacts-01536,0d519282b5bf,social_group,area,Himachal Pradesh,Small,AgCensus2015-16 T2-4,AgCensus2015-16 T2-4 Himachal Pradesh/Small/area/STvsOthers,True,in <s> according to the <n> agriculture census which social group operates a larger share of <g> <g> <g> or are the two roughly equal
agrifacts-01537,7a0d229b775c,social_group,number,Andhra Pradesh,Medium,AgCensus2015-16 T2-4,AgCensus2015-16 T2-4 Andhra Pradesh/Medium/number/SCvsST,False,according to the <n> agriculture census between <g> and <g> in <s> which social group runs a bigger portion of <g> or are they roughly equal
agrifacts-01538,0d519282b5bf,social_group,number,Himachal Pradesh,Marginal,AgCensus2015-16 T2-4,AgCensus2015-16 T2-4 Himachal Pradesh/Marginal/number/SCvsST,True,in <s> according to the <n> agriculture census which social group operates a larger share of <g> <g> <g> or are the two roughly equal
agrifacts-01539,b3f80e9bf61c,social_group,number,Tamil Nadu,All Classes,AgCensus2015-16 T2-4,AgCensus2015-16 T2-4 Tamil Nadu/All Classes/number/SCvsOthers,False,in <s> according to the <n> agriculture census which social group operates a larger share of <m> <g> <g> or are the two roughly equal
agrifacts-01540,aff98a80abc8,gender,number,SC,Large,AgCensus2015-16 T14-16,AgCensus2015-16 T14-16 SC/Large/number/MvF,True,in the <n> agriculture census across <s> india for <g> with <g> does a greater share belong to <g> <g> or are they roughly equal
agrifacts-01541,ef8dead38902,landholding,number,Manipur,All,AgCensus2015-16 T2-4,AgCensus2015-16 T2-4 Manipur/All/number/MarginalvsMedium,False,in <s> according to the <n> agriculture census among farmers which size class accounts for a larger share of <m> <g> <g> or are the two roughly equal
agrifacts-01542,ef8dead38902,landholding,number,Chhattisgarh,All,AgCensus2015-16 T2-4,AgCensus2015-16 T2-4 Chhattisgarh/All/number/MarginalvsSmall,True,in <s> according to the <n> agriculture census among farmers which size class accounts for a larger share of <m> <g> <g> or are the two roughly equal
agrifacts-01543,ef8dead38902,landholding,area,Puducherry,All,AgCensus2015-16 T2-4,AgCensus2015-16 T2-4 Puducherry/All/area/SmallvsSemi-medium,False,in <s> according to the <n> agriculture census among farmers which size class accounts for a larger share of <m> <g> <g> or are the two roughly equal
agrifacts-01544,0d519282b5bf,social_group,area,Assam,Medium,AgCensus2015-16 T2-4,AgCensus2015-16 T2-4 Assam/Medium/area/SCvsST,False,in <s> according to the <n> agriculture census which social group operates a larger share of <g> <g> <g> or are the two roughly equal
agrifacts-01545,0d519282b5bf,social_group,number,Uttarakhand,Small,AgCensus2015-16 T2-4,AgCensus2015-16 T2-4 Uttarakhand/Small/number/STvsOthers,False,in <s> according to the <n> agriculture census which social group operates a larger share of <g> <g> <g> or are the two roughly equal
agrifacts-01546,353e4c8e6432,landholding,number,West Bengal,SC,AgCensus2015-16 T2-4,AgCensus2015-16 T2-4 West Bengal/SC/number/SmallvsMedium,True,in <s> according to the <n> agriculture census among <g> which size class accounts for a larger share of <m> <g> <g> or are the two roughly equal
agrifacts-01547,0d519282b5bf,social_group,number,Himachal Pradesh,Semi-medium,AgCensus2015-16 T2-4,AgCensus2015-16 T2-4 Himachal Pradesh/Semi-medium/number/STvsOthers,False,in <s> according to the <n> agriculture census which social group operates a larger share of <g> <g> <g> or are the two roughly equal
agrifacts-01548,4e3ca8475191,social_group,area,Jharkhand,All Classes,AgCensus2015-16 T2-4,AgCensus2015-16 T2-4 Jharkhand/All Classes/area/STvsOthers,True,in <s> s <n> agriculture census is it <g> <g> or are the two roughly equal that have a larger share of <m>
agrifacts-01549,0d519282b5bf,social_group,number,Gujarat,Small,AgCensus2015-16 T2-4,AgCensus2015-16 T2-4 Gujarat/Small/number/STvsOthers,False,in <s> according to the <n> agriculture census which social group operates a larger share of <g> <g> <g> or are the two roughly equal
agrifacts-01550,353e4c8e6432,landholding,number,Madhya Pradesh,SC,AgCensus2015-16 T2-4,AgCensus2015-16 T2-4 Madhya Pradesh/SC/number/SmallvsMedium,False,in <s> according to the <n> agriculture census among <g> which size class accounts for a larger share of <m> <g> <g> or are the two roughly equal
agrifacts-01551,ef8dead38902,landholding,number,Karnataka,All,AgCensus2015-16 T2-4,AgCensus2015-16 T2-4 Karnataka/All/number/SmallvsSemi-medium,True,in <s> according to the <n> agriculture census among farmers which size class accounts for a larger share of <m> <g> <g> or are the two roughly equal
agrifacts-01552,ea29222dee7f,landholding,number,Telangana,SC,AgCensus2015-16 T2-4,AgCensus2015-16 T2-4 Telangana/SC/number/Semi-mediumvsMedium,True,in <s> based on the <n> agriculture census for <g> does the larger portion of <m> come from <g> <g> or are the two roughly equal
agrifacts-01553,0d519282b5bf,social_group,number,Tamil Nadu,Small,AgCensus2015-16 T2-4,AgCensus2015-16 T2-4 Tamil Nadu/Small/number/SCvsOthers,True,in <s> according to the <n> agriculture census which social group operates a larger share of <g> <g> <g> or are the two roughly equal
agrifacts-01554,97acda9608b7,landholding,area,Assam,All,AgCensus2015-16 T2-4,AgCensus2015-16 T2-4 Assam/All/area/MarginalvsSmall,False,in <s> based on the <n> agriculture census which size class of farmer <g> <g> or are the two roughly equal holds a greater portion of <m>
agrifacts-01555,5bef040deafd,social_group,area,Telangana,All Classes,AgCensus2015-16 T2-4,AgCensus2015-16 T2-4 Telangana/All Classes/area/SCvsST,False,per the <n> agriculture census in <s> do <g> or <g> control a larger portion of <m> or are they roughly equal
agrifacts-01556,7f8b938e4cfd,gender,number,ST,femaleShare,AgCensus2015-16 T14-16,AgCensus2015-16 T14-16 ST/femaleShare/number/MediumvsSmall,False,in the <n> agriculture census across <s> of india for <g> is the proportion of <m> run by <g> greater for <g> for <g> or roughly equal for the two categories
agrifacts-01557,0d519282b5bf,social_group,number,West Bengal,Small,AgCensus2015-16 T2-4,AgCensus2015-16 T2-4 West Bengal/Small/number/SCvsST,False,in <s> according to the <n> agriculture census which social group operates a larger share of <g> <g> <g> or are the two roughly equal
agrifacts-01558,6fe3488c0b82,social_group,number,Kerala,Semi-medium,AgCensus2015-16 T2-4,AgCensus2015-16 T2-4 Kerala/Semi-medium/number/SCvsST,True,based on the <n> agriculture census in <s> which social group <g> or <g> has a larger portion of <g> or are the two roughly equal
agrifacts-01559,ef8dead38902,landholding,number,Kerala,All,AgCensus2015-16 T2-4,AgCensus2015-16 T2-4 Kerala/All/number/MarginalvsLarge,False,in <s> according to the <n> agriculture census among farmers which size class accounts for a larger share of <m> <g> <g> or are the two roughly equal
agrifacts-01560,1666d39c0460,landholding,area,Karnataka,All,AgCensus2015-16 T2-4,AgCensus2015-16 T2-4 Karnataka/All/area/SmallvsMedium,True,based on the <n> agriculture census in <s> which category of farmer those with a <g> or those with a <g> controls a greater portion of the <m> land or are the two roughly equal
agrifacts-01561,c939039dad42,social_group,area,Tamil Nadu,Semi-medium,AgCensus2015-16 T2-4,AgCensus2015-16 T2-4 Tamil Nadu/Semi-medium/area/SCvsST,True,in <s> as per the <n> agriculture census between <g> <g> or the two being roughly equal which social group controls a greater portion of the <g>
agrifacts-01562,e20e7f647235,landholding,area,Sikkim,All,AgCensus2015-16 T2-4,AgCensus2015-16 T2-4 Sikkim/All/area/SmallvsMedium,True,based on the <n> agriculture census in <s> among farmers which size class <g> or <g> holds a larger portion of the <m> land or are the two roughly equal
agrifacts-01563,caa3cc596665,gender,area,All,Medium,AgCensus2015-16 T14-16,AgCensus2015-16 T14-16 All/Medium/area/MvF,True,in the <n> agriculture census across <s> of india for the <g> category which group <g> <g> or roughly equal controls a greater portion
agrifacts-01564,0d519282b5bf,social_group,number,Karnataka,Medium,AgCensus2015-16 T2-4,AgCensus2015-16 T2-4 Karnataka/Medium/number/SCvsST,False,in <s> according to the <n> agriculture census which social group operates a larger share of <g> <g> <g> or are the two roughly equal
agrifacts-01565,0d519282b5bf,social_group,number,Jammu & Kashmir,Marginal,AgCensus2015-16 T2-4,AgCensus2015-16 T2-4 Jammu & Kashmir/Marginal/number/SCvsOthers,True,in <s> according to the <n> agriculture census which social group operates a larger share of <g> <g> <g> or are the two roughly equal
agrifacts-01566,b02003682b96,landholding,area,Maharashtra,All,AgCensus2015-16 T2-4,AgCensus2015-16 T2-4 Maharashtra/All/area/SmallvsSemi-medium,False,based on the <n> agriculture census in <s> between <g> and <g> among farmers which size class possesses a greater portion of <m> or are the two roughly equal
agrifacts-01567,353e4c8e6432,landholding,number,Tamil Nadu,ST,AgCensus2015-16 T2-4,AgCensus2015-16 T2-4 Tamil Nadu/ST/number/MarginalvsSemi-medium,False,in <s> according to the <n> agriculture census among <g> which size class accounts for a larger share of <m> <g> <g> or are the two roughly equal
agrifacts-01568,3e42a727f173,landholding,area,Sikkim,All,AgCensus2015-16 T2-4,AgCensus2015-16 T2-4 Sikkim/All/area/SmallvsMedium,True,based on the <n> agriculture census in <s> among farmers which size class <g> or <g> accounts for a larger share of <m> or are the two roughly equal
agrifacts-01569,35ac09080993,gender,area,ST,femaleShare,AgCensus2015-16 T14-16,AgCensus2015-16 T14-16 ST/femaleShare/area/MarginalvsSmall,False,compared to the share of <m> managed by <g> among <g> in the <s> india <n> agriculture census is it greater for <g> greater for <g> or roughly equal for both
agrifacts-01570,0d519282b5bf,social_group,area,Karnataka,Semi-medium,AgCensus2015-16 T2-4,AgCensus2015-16 T2-4 Karnataka/Semi-medium/area/SCvsST,False,in <s> according to the <n> agriculture census which social group operates a larger share of <g> <g> <g> or are the two roughly equal
agrifacts-01571,353e4c8e6432,landholding,number,Goa,ST,AgCensus2015-16 T2-4,AgCensus2015-16 T2-4 Goa/ST/number/SmallvsSemi-medium,False,in <s> according to the <n> agriculture census among <g> which size class accounts for a larger share of <m> <g> <g> or are the two roughly equal
agrifacts-01572,0d519282b5bf,social_group,number,Telangana,Marginal,AgCensus2015-16 T2-4,AgCensus2015-16 T2-4 Telangana/Marginal/number/STvsOthers,True,in <s> according to the <n> agriculture census which social group operates a larger share of <g> <g> <g> or are the two roughly equal
agrifacts-01573,0d519282b5bf,social_group,number,Uttar Pradesh,Large,AgCensus2015-16 T2-4,AgCensus2015-16 T2-4 Uttar Pradesh/Large/number/STvsOthers,False,in <s> according to the <n> agriculture census which social group operates a larger share of <g> <g> <g> or are the two roughly equal
agrifacts-01574,0d519282b5bf,social_group,number,West Bengal,Marginal,AgCensus2015-16 T2-4,AgCensus2015-16 T2-4 West Bengal/Marginal/number/STvsOthers,False,in <s> according to the <n> agriculture census which social group operates a larger share of <g> <g> <g> or are the two roughly equal
agrifacts-01575,4b02405e1139,gender,number,All,femaleShare,AgCensus2015-16 T14-16,AgCensus2015-16 T14-16 All/femaleShare/number/MarginalvsMedium,True,in the <s> india level <n> agriculture census is the proportion of <m> managed by <g> greater for <g> greater for <g> or approximately equal for both
agrifacts-01576,ce3c1e10d936,gender,number,ST,Large,AgCensus2015-16 T14-16,AgCensus2015-16 T14-16 ST/Large/number/MvF,True,in the <n> agriculture census at the <s> india level for <g> with <g> do <g> or <g> operate a greater share or is it roughly equal
agrifacts-01577,ef8dead38902,landholding,number,Andhra Pradesh,All,AgCensus2015-16 T2-4,AgCensus2015-16 T2-4 Andhra Pradesh/All/number/MarginalvsSmall,False,in <s> according to the <n> agriculture census among farmers which size class accounts for a larger share of <m> <g> <g> or are the two roughly equal
agrifacts-01578,b3f80e9bf61c,social_group,number,Bihar,All Classes,AgCensus2015-16 T2-4,AgCensus2015-16 T2-4 Bihar/All Classes/number/STvsOthers,False,in <s> according to the <n> agriculture census which social group operates a larger share of <m> <g> <g> or are the two roughly equal
agrifacts-01579,ef8dead38902,landholding,number,Gujarat,All,AgCensus2015-16 T2-4,AgCensus2015-16 T2-4 Gujarat/All/number/SmallvsLarge,False,in <s> according to the <n> agriculture census among farmers which size class accounts for a larger share of <m> <g> <g> or are the two roughly equal
agrifacts-01580,353e4c8e6432,landholding,number,Kerala,ST,AgCensus2015-16 T2-4,AgCensus2015-16 T2-4 Kerala/ST/number/MarginalvsMedium,False,in <s> according to the <n> agriculture census among <g> which size class accounts for a larger share of <m> <g> <g> or are the two roughly equal
agrifacts-01581,ed72c25bbf1c,social_group,number,Rajasthan,Semi-medium,AgCensus2015-16 T2-4,AgCensus2015-16 T2-4 Rajasthan/Semi-medium/number/SCvsST,True,based on the <n> agriculture census in <s> which social group <g> <g> or are the two roughly equal operates a larger share of <g>
agrifacts-01582,353e4c8e6432,landholding,area,Jharkhand,ST,AgCensus2015-16 T2-4,AgCensus2015-16 T2-4 Jharkhand/ST/area/Semi-mediumvsMedium,False,in <s> according to the <n> agriculture census among <g> which size class accounts for a larger share of <m> <g> <g> or are the two roughly equal
agrifacts-01583,353e4c8e6432,landholding,number,Rajasthan,ST,AgCensus2015-16 T2-4,AgCensus2015-16 T2-4 Rajasthan/ST/number/SmallvsLarge,True,in <s> according to the <n> agriculture census among <g> which size class accounts for a larger share of <m> <g> <g> or are the two roughly equal
agrifacts-01584,f2b3038dc320,social_group,number,Telangana,All Classes,AgCensus2015-16 T2-4,AgCensus2015-16 T2-4 Telangana/All Classes/number/SCvsST,False,according to the <n> agriculture census in <s> between <g> and <g> which social group operates a greater share of <m> or are the two roughly equal
agrifacts-01585,0d519282b5bf,social_group,area,Assam,Small,AgCensus2015-16 T2-4,AgCensus2015-16 T2-4 Assam/Small/area/STvsOthers,True,in <s> according to the <n> agriculture census which social group operates a larger share of <g> <g> <g> or are the two roughly equal
agrifacts-01586,bccccab446f2,social_group,area,Andhra Pradesh,Small,AgCensus2015-16 T2-4,AgCensus2015-16 T2-4 Andhra Pradesh/Small/area/SCvsST,True,per the <n> agriculture census in <s> do <g> <g> or are the two roughly equal in operating a larger share of <g>
agrifacts-01587,ef8dead38902,landholding,area,Mizoram,All,AgCensus2015-16 T2-4,AgCensus2015-16 T2-4 Mizoram/All/area/SmallvsSemi-medium,False,in <s> according to the <n> agriculture census among farmers which size class accounts for a larger share of <m> <g> <g> or are the two roughly equal
agrifacts-01588,0d519282b5bf,social_group,area,Jharkhand,Medium,AgCensus2015-16 T2-4,AgCensus2015-16 T2-4 Jharkhand/Medium/area/STvsOthers,False,in <s> according to the <n> agriculture census which social group operates a larger share of <g> <g> <g> or are the two roughly equal
agrifacts-01589,0d519282b5bf,social_group,number,Odisha,Small,AgCensus2015-16 T2-4,AgCensus2015-16 T2-4 Odisha/Small/number/SCvsOthers,True,in <s> according to the <n> agriculture census which social group operates a larger share of <g> <g> <g> or are the two roughly equal
agrifacts-01590,6052458654ca,social_group,number,Tripura,Marginal,AgCensus2015-16 T2-4,AgCensus2015-16 T2-4 Tripura/Marginal/number/SCvsST,False,according to the <n> agriculture census in <s> is the share of <g> <m> by <g> larger or is that share larger for <g> or are the two roughly equal
agrifacts-01591,b3f80e9bf61c,social_group,area,Gujarat,All Classes,AgCensus2015-16 T2-4,AgCensus2015-16 T2-4 Gujarat/All Classes/area/SCvsOthers,True,in <s> according to the <n> agriculture census which social group operates a larger share of <m> <g> <g> or are the two roughly equal
agrifacts-01592,353e4c8e6432,landholding,number,Karnataka,ST,AgCensus2015-16 T2-4,AgCensus2015-16 T2-4 Karnataka/ST/number/Semi-mediumvsLarge,False,in <s> according to the <n> agriculture census among <g> which size class accounts for a larger share of <m> <g> <g> or are the two roughly equal
agrifacts-01593,0d519282b5bf,social_group,number,Rajasthan,Small,AgCensus2015-16 T2-4,AgCensus2015-16 T2-4 Rajasthan/Small/number/SCvsOthers,True,in <s> according to the <n> agriculture census which social group operates a larger share of <g> <g> <g> or are the two roughly equal
agrifacts-01594,ef8dead38902,landholding,area,Odisha,All,AgCensus2015-16 T2-4,AgCensus2015-16 T2-4 Odisha/All/area/MediumvsLarge,False,in <s> according to the <n> agriculture census among farmers which size class accounts for a larger share of <m> <g> <g> or are the two roughly equal
agrifacts-01595,377be15be5ad,gender,number,SC,femaleShare,AgCensus2015-16 T14-16,AgCensus2015-16 T14-16 SC/femaleShare/number/MediumvsSmall,False,for <g> in the <n> agriculture census at the <s> india level is the proportion of <m> managed by <g> greater for <g> for <g> or roughly equal for the two categories
agrifacts-01596,ef8dead38902,landholding,number,Mizoram,All,AgCensus2015-16 T2-4,AgCensus2015-16 T2-4 Mizoram/All/number/Semi-mediumvsMedium,False,in <s> according to the <n> agriculture census among farmers which size class accounts for a larger share of <m> <g> <g> or are the two roughly equal
agrifacts-01597,e89357154b0c,social_group,area,Maharashtra,Large,AgCensus2015-16 T2-4,AgCensus2015-16 T2-4 Maharashtra/Large/area/SCvsST,False,based on the <n> agriculture census in <s> is a larger share of <g> held by <g> by <g> or are the two roughly equal
agrifacts-01598,40bb65a91e58,landholding,area,Assam,All,AgCensus2015-16 T2-4,AgCensus2015-16 T2-4 Assam/All/area/MediumvsLarge,False,in <s> based on the <n> agriculture census which size class <g> or <g> holds a greater portion of <m> among farmers or are the two roughly equal
agrifacts-01599,eadf7a2dcd46,social_group,area,Maharashtra,Marginal,AgCensus2015-16 T2-4,AgCensus2015-16 T2-4 Maharashtra/Marginal/area/SCvsST,False,according to the <n> agriculture census in <s> is a larger proportion of <g> managed by <g> by <g> or are the two roughly equal
agrifacts-01600,78bf0b8ecc82,gender,area,All,femaleShare,AgCensus2015-16 T14-16,AgCensus2015-16 T14-16 All/femaleShare/area/MarginalvsSmall,False,at the <s> india level in the <n> agriculture census is the share of <m> <m> by <g> larger for <g> for <g> or roughly the same for both
agrifacts-01601,ef8dead38902,landholding,number,Tripura,All,AgCensus2015-16 T2-4,AgCensus2015-16 T2-4 Tripura/All/number/MarginalvsMedium,False,in <s> according to the <n> agriculture census among farmers which size class accounts for a larger share of <m> <g> <g> or are the two roughly equal
agrifacts-01602,353e4c8e6432,landholding,number,Jammu & Kashmir,ST,AgCensus2015-16 T2-4,AgCensus2015-16 T2-4 Jammu & Kashmir/ST/number/MarginalvsSmall,False,in <s> according to the <n> agriculture census among <g> which size class accounts for a larger share of <m> <g> <g> or are the two roughly equal
agrifacts-01603,b3f80e9bf61c,social_group,number,Mizoram,All Classes,AgCensus2015-16 T2-4,AgCensus2015-16 T2-4 Mizoram/All Classes/number/STvsOthers,True,in <s> according to the <n> agriculture census which social group operates a larger share of <m> <g> <g> or are the two roughly equal
agrifacts-01604,0d519282b5bf,social_group,number,Uttarakhand,Semi-medium,AgCensus2015-16 T2-4,AgCensus2015-16 T2-4 Uttarakhand/Semi-medium/number/STvsOthers,False,in <s> according to the <n> agriculture census which social group operates a larger share of <g> <g> <g> or are the two roughly equal
agrifacts-01605,ef8dead38902,landholding,area,Goa,All,AgCensus2015-16 T2-4,AgCensus2015-16 T2-4 Goa/All/area/SmallvsLarge,True,in <s> according to the <n> agriculture census among farmers which size class accounts for a larger share of <m> <g> <g> or are the two roughly equal
agrifacts-01606,0d519282b5bf,social_group,area,Haryana,Medium,AgCensus2015-16 T2-4,AgCensus2015-16 T2-4 Haryana/Medium/area/SCvsOthers,False,in <s> according to the <n> agriculture census which social group operates a larger share of <g> <g> <g> or are the two roughly equal
agrifacts-01607,ef8dead38902,landholding,number,Punjab,All,AgCensus2015-16 T2-4,AgCensus2015-16 T2-4 Punjab/All/number/MarginalvsMedium,False,in <s> according to the <n> agriculture census among farmers which size class accounts for a larger share of <m> <g> <g> or are the two roughly equal
agrifacts-01608,353e4c8e6432,landholding,number,Arunachal Pradesh,ST,AgCensus2015-16 T2-4,AgCensus2015-16 T2-4 Arunachal Pradesh/ST/number/MediumvsLarge,False,in <s> according to the <n> agriculture census among <g> which size class accounts for a larger share of <m> <g> <g> or are the two roughly equal
agrifacts-01609,353e4c8e6432,landholding,number,Jharkhand,ST,AgCensus2015-16 T2-4,AgCensus2015-16 T2-4 Jharkhand/ST/number/MarginalvsMedium,False,in <s> according to the <n> agriculture census among <g> which size class accounts for a larger share of <m> <g> <g> or are the two roughly equal
agrifacts-01610,353e4c8e6432,landholding,number,Telangana,ST,AgCensus2015-16 T2-4,AgCensus2015-16 T2-4 Telangana/ST/number/SmallvsSemi-medium,False,in <s> according to the <n> agriculture census among <g> which size class accounts for a larger share of <m> <g> <g> or are the two roughly equal
agrifacts-01611,70bfec55f309,landholding,area,D & N Haveli,All,AgCensus2015-16 T2-4,AgCensus2015-16 T2-4 D & N Haveli/All/area/SmallvsMedium,True,based on the <n> agriculture census for <s> between <g> and <g> which size class contributes a greater portion of the <m> or are the two roughly equal
agrifacts-01612,0d519282b5bf,social_group,number,Maharashtra,Medium,AgCensus2015-16 T2-4,AgCensus2015-16 T2-4 Maharashtra/Medium/number/STvsOthers,True,in <s> according to the <n> agriculture census which social group operates a larger share of <g> <g> <g> or are the two roughly equal
agrifacts-01613,454fe429cbb1,social_group,area,Karnataka,Large,AgCensus2015-16 T2-4,AgCensus2015-16 T2-4 Karnataka/Large/area/SCvsST,False,according to the <n> agriculture census in <s> is the larger share of <g> held by <g> by <g> or are the two roughly equal
agrifacts-01614,b3f80e9bf61c,social_group,number,Telangana,All Classes,AgCensus2015-16 T2-4,AgCensus2015-16 T2-4 Telangana/All Classes/number/SCvsOthers,False,in <s> according to the <n> agriculture census which social group operates a larger share of <m> <g> <g> or are the two roughly equal
agrifacts-01615,353e4c8e6432,landholding,number,Assam,ST,AgCensus2015-16 T2-4,AgCensus2015-16 T2-4 Assam/ST/number/MarginalvsLarge,False,in <s> according to the <n> agriculture census among <g> which size class accounts for a larger share of <m> <g> <g> or are the two roughly equal
agrifacts-01616,ef8dead38902,landholding,number,Meghalaya,All,AgCensus2015-16 T2-4,AgCensus2015-16 T2-4 Meghalaya/All/number/MarginalvsLarge,False,in <s> according to the <n> agriculture census among farmers which size class accounts for a larger share of <m> <g> <g> or are the two roughly equal
agrifacts-01617,0d519282b5bf,social_group,area,Himachal Pradesh,Medium,AgCensus2015-16 T2-4,AgCensus2015-16 T2-4 Himachal Pradesh/Medium/area/SCvsOthers,False,in <s> according to the <n> agriculture census which social group operates a larger share of <g> <g> <g> or are the two roughly equal
agrifacts-01618,0d519282b5bf,social_group,number,Madhya Pradesh,Large,AgCensus2015-16 T2-4,AgCensus2015-16 T2-4 Madhya Pradesh/Large/number/SCvsST,False,in <s> according to the <n> agriculture census which social group operates a larger share of <g> <g> <g> or are the two roughly equal
agrifacts-01619,c6e19d2fb7ec,gender,area,SC,Medium,AgCensus2015-16 T14-16,AgCensus2015-16 T14-16 SC/Medium/area/MvF,True,in the <n> agriculture census across <s> of india for <g> with a <g> which group controls a greater portion <g> <g> or are they roughly equal
agrifacts-01620,904838aa29f7,landholding,number,Uttar Pradesh,All,AgCensus2015-16 T2-4,AgCensus2015-16 T2-4 Uttar Pradesh/All/number/Semi-mediumvsMedium,False,according to the <n> agriculture census in <s> which size class <g> <g> or are the two roughly equal accounts for a larger share of <m> among farmers
agrifacts-01621,a7ffe0345705,gender,area,SC,femaleShare,AgCensus2015-16 T14-16,AgCensus2015-16 T14-16 SC/femaleShare/area/LargevsMedium,True,according to the <n> agriculture census for <s> of india among <g> is the proportion of <m> managed by <g> greater for <g> for <g> or roughly equal for both
agrifacts-01622,67224218124c,social_group,area,Rajasthan,Small,AgCensus2015-16 T2-4,AgCensus2015-16 T2-4 Rajasthan/Small/area/SCvsST,True,based on the <n> agriculture census in <s> is the share of <g> larger for <g> larger for <g> or are the two roughly equal
agrifacts-01623,b3f80e9bf61c,social_group,number,Bihar,All Classes,AgCensus2015-16 T2-4,AgCensus2015-16 T2-4 Bihar/All Classes/number/SCvsOthers,False,in <s> according to the <n> agriculture census which social group operates a larger share of <m> <g> <g> or are the two roughly equal
agrifacts-01624,88c9f8bd1e70,gender,area,ST,femaleShare,AgCensus2015-16 T14-16,AgCensus2015-16 T14-16 ST/femaleShare/area/MarginalvsMedium,False,how does the proportion of <m> managed by <g> among <g> in the <n> agriculture census compare between <g> and <g> at the <s> india level is it larger for marginal larger for medium
agrifacts-01625,569ffa60eebe,gender,number,All,Marginal,AgCensus2015-16 T14-16,AgCensus2015-16 T14-16 All/Marginal/number/MvF,False,at the <s> india level in the <n> agriculture census among <g> who operates a larger share <g> <g> or are the two roughly equal
agrifacts-01626,353e4c8e6432,landholding,number,Rajasthan,ST,AgCensus2015-16 T2-4,AgCensus2015-16 T2-4 Rajasthan/ST/number/MarginalvsMedium,False,in <s> according to the <n> agriculture census among <g> which size class accounts for a larger share of <m> <g> <g> or are the two roughly equal
agrifacts-01627,353e4c8e6432,landholding,number,Gujarat,ST,AgCensus2015-16 T2-4,AgCensus2015-16 T2-4 Gujarat/ST/number/SmallvsLarge,True,in <s> according to the <n> agriculture census among <g> which size class accounts for a larger share of <m> <g> <g> or are the two roughly equal
agrifacts-01628,e02c733be64f,landholding,number,Uttar Pradesh,All,AgCensus2015-16 T2-4,AgCensus2015-16 T2-4 Uttar Pradesh/All/number/Semi-mediumvsMedium,False,based on the <n> agriculture census in <s> do <g> and <g> account for a roughly equal share of farmer <m> or does one size class account for a larger share
agrifacts-01629,ef8dead38902,landholding,number,Meghalaya,All,AgCensus2015-16 T2-4,AgCensus2015-16 T2-4 Meghalaya/All/number/Semi-mediumvsLarge,True,in <s> according to the <n> agriculture census among farmers which size class accounts for a larger share of <m> <g> <g> or are the two roughly equal
agrifacts-01630,b3f80e9bf61c,social_group,area,Kerala,All Classes,AgCensus2015-16 T2-4,AgCensus2015-16 T2-4 Kerala/All Classes/area/SCvsOthers,True,in <s> according to the <n> agriculture census which social group operates a larger share of <m> <g> <g> or are the two roughly equal
agrifacts-01631,0d519282b5bf,social_group,number,Uttar Pradesh,Marginal,AgCensus2015-16 T2-4,AgCensus2015-16 T2-4 Uttar Pradesh/Marginal/number/SCvsOthers,True,in <s> according to the <n> agriculture census which social group operates a larger share of <g> <g> <g> or are the two roughly equal
agrifacts-01632,4e4cd953cf53,landholding,area,Goa,All,AgCensus2015-16 T2-4,AgCensus2015-16 T2-4 Goa/All/area/MediumvsLarge,True,in the <n> agriculture census when considering farmers in <s> does the <g> or the <g> hold a greater portion of the <m> land or are the two roughly equal
agrifacts-01633,a2455aafd17e,social_group,area,Maharashtra,Medium,AgCensus2015-16 T2-4,AgCensus2015-16 T2-4 Maharashtra/Medium/area/SCvsST,False,based on the <n> agriculture census in <s> do <g> or <g> operate a greater portion of <g> or are the two roughly equal
agrifacts-01634,353e4c8e6432,landholding,number,Tamil Nadu,ST,AgCensus2015-16 T2-4,AgCensus2015-16 T2-4 Tamil Nadu/ST/number/MarginalvsLarge,False,in <s> according to the <n> agriculture census among <g> which size class accounts for a larger share of <m> <g> <g> or are the two roughly equal
agrifacts-01635,715499721786,social_group,area,Rajasthan,Small,AgCensus2015-16 T2-4,AgCensus2015-16 T2-4 Rajasthan/Small/area/SCvsST,True,in the <n> agriculture census of <s> is the share of <g> larger for <g> larger for <g> or roughly equal between the two
agrifacts-01636,ef8dead38902,landholding,number,West Bengal,All,AgCensus2015-16 T2-4,AgCensus2015-16 T2-4 West Bengal/All/number/MarginalvsMedium,False,in <s> according to the <n> agriculture census among farmers which size class accounts for a larger share of <m> <g> <g> or are the two roughly equal
agrifacts-01637,353e4c8e6432,landholding,number,Uttarakhand,SC,AgCensus2015-16 T2-4,AgCensus2015-16 T2-4 Uttarakhand/SC/number/MarginalvsSemi-medium,True,in <s> according to the <n> agriculture census among <g> which size class accounts for a larger share of <m> <g> <g> or are the two roughly equal
agrifacts-01638,cc2352a07509,social_group,number,Rajasthan,Small,AgCensus2015-16 T2-4,AgCensus2015-16 T2-4 Rajasthan/Small/number/SCvsST,False,according to the <n> agriculture census in <s> is the proportion of <g> <m> by <g> greater than that by <g> or are the two roughly equal
agrifacts-01639,ef8dead38902,landholding,number,Odisha,All,AgCensus2015-16 T2-4,AgCensus2015-16 T2-4 Odisha/All/number/MarginalvsSmall,False,in <s> according to the <n> agriculture census among farmers which size class accounts for a larger share of <m> <g> <g> or are the two roughly equal
agrifacts-01640,353e4c8e6432,landholding,area,Uttar Pradesh,ST,AgCensus2015-16 T2-4,AgCensus2015-16 T2-4 Uttar Pradesh/ST/area/MarginalvsSemi-medium,True,in <s> according to the <n> agriculture census among <g> which size class accounts for a larger share of <m> <g> <g> or are the two roughly equal
agrifacts-01641,154a6f47b202,landholding,area,Maharashtra,All,AgCensus2015-16 T2-4,AgCensus2015-16 T2-4 Maharashtra/All/area/MarginalvsMedium,False,based on the <n> agriculture census in <s> which farmer size class <g> or <g> has a bigger portion of the <m> or are the two roughly equal
agrifacts-01642,b3f80e9bf61c,social_group,number,Tripura,All Classes,AgCensus2015-16 T2-4,AgCensus2015-16 T2-4 Tripura/All Classes/number/STvsOthers,False,in <s> according to the <n> agriculture census which social group operates a larger share of <m> <g> <g> or are the two roughly equal
agrifacts-01643,353e4c8e6432,landholding,number,Chhattisgarh,ST,AgCensus2015-16 T2-4,AgCensus2015-16 T2-4 Chhattisgarh/ST/number/MarginalvsMedium,False,in <s> according to the <n> agriculture census among <g> which size class accounts for a larger share of <m> <g> <g> or are the two roughly equal
agrifacts-01644,ef8dead38902,landholding,area,Bihar,All,AgCensus2015-16 T2-4,AgCensus2015-16 T2-4 Bihar/All/area/SmallvsSemi-medium,False,in <s> according to the <n> agriculture census among farmers which size class accounts for a larger share of <m> <g> <g> or are the two roughly equal
agrifacts-01645,ca17590bf02a,social_group,area,Rajasthan,All Classes,AgCensus2015-16 T2-4,AgCensus2015-16 T2-4 Rajasthan/All Classes/area/SCvsST,False,based on the <n> agriculture census in <s> which social group <g> or <g> controls a bigger portion of the <m> or are the two roughly equal
agrifacts-01646,353e4c8e6432,landholding,number,Assam,ST,AgCensus2015-16 T2-4,AgCensus2015-16 T2-4 Assam/ST/number/Semi-mediumvsMedium,True,in <s> according to the <n> agriculture census among <g> which size class accounts for a larger share of <m> <g> <g> or are the two roughly equal
agrifacts-01647,ef8dead38902,landholding,number,Rajasthan,All,AgCensus2015-16 T2-4,AgCensus2015-16 T2-4 Rajasthan/All/number/MarginalvsSemi-medium,True,in <s> according to the <n> agriculture census among farmers which size class accounts for a larger share of <m> <g> <g> or are the two roughly equal
agrifacts-01648,ccd8c21d5009,landholding,number,Arunachal Pradesh,ST,AgCensus2015-16 T2-4,AgCensus2015-16 T2-4 Arunachal Pradesh/ST/number/SmallvsSemi-medium,False,in the <n> agriculture census of <s> for <g> which size class con <s> itutes a greater proportion of <m> <g> <g> or are they roughly equal
agrifacts-01649,488659eb6807,social_group,area,Chhattisgarh,Semi-medium,AgCensus2015-16 T2-4,AgCensus2015-16 T2-4 Chhattisgarh/Semi-medium/area/STvsOthers,False,based on the <n> agriculture census in <s> is a larger portion of the <g> worked by <g> by <g> or are the two roughly equal
agrifacts-01650,353e4c8e6432,landholding,number,Tripura,ST,AgCensus2015-16 T2-4,AgCensus2015-16 T2-4 Tripura/ST/number/MarginalvsMedium,True,in <s> according to the <n> agriculture census among <g> which size class accounts for a larger share of <m> <g> <g> or are the two roughly equal
agrifacts-01651,ed8034ff9f17,landholding,number,Rajasthan,All,AgCensus2015-16 T2-4,AgCensus2015-16 T2-4 Rajasthan/All/number/SmallvsSemi-medium,True,among farmers in <s> per the <n> agriculture census which size class <g> <g> or are the two roughly equal holds a larger share of farm <m>
agrifacts-01652,ef8dead38902,landholding,number,Jharkhand,All,AgCensus2015-16 T2-4,AgCensus2015-16 T2-4 Jharkhand/All/number/SmallvsLarge,False,in <s> according to the <n> agriculture census among farmers which size class accounts for a larger share of <m> <g> <g> or are the two roughly equal
agrifacts-01653,353e4c8e6432,landholding,number,Uttar Pradesh,ST,AgCensus2015-16 T2-4,AgCensus2015-16 T2-4 Uttar Pradesh/ST/number/MarginalvsLarge,False,in <s> according to the <n> agriculture census among <g> which size class accounts for a larger share of <m> <g> <g> or are the two roughly equal
agrifacts-01654,0d519282b5bf,social_group,number,Jharkhand,Semi-medium,AgCensus2015-16 T2-4,AgCensus2015-16 T2-4 Jharkhand/Semi-medium/number/SCvsST,True,in <s> according to the <n> agriculture census which social group operates a larger share of <g> <g> <g> or are the two roughly equal
agrifacts-01655,ef8dead38902,landholding,area,Goa,All,AgCensus2015-16 T2-4,AgCensus2015-16 T2-4 Goa/All/area/MediumvsLarge,True,in <s> according to the <n> agriculture census among farmers which size class accounts for a larger share of <m> <g> <g> or are the two roughly equal
agrifacts-01656,353e4c8e6432,landholding,number,Maharashtra,SC,AgCensus2015-16 T2-4,AgCensus2015-16 T2-4 Maharashtra/SC/number/MarginalvsLarge,False,in <s> according to the <n> agriculture census among <g> which size class accounts for a larger share of <m> <g> <g> or are the two roughly equal
agrifacts-01657,ffc1d2847042,landholding,area,Puducherry,All,AgCensus2015-16 T2-4,AgCensus2015-16 T2-4 Puducherry/All/area/Semi-mediumvsMedium,False,in the <n> agriculture census of <s> for farmers does <g> or <g> con <s> itute a greater portion of total <m> or are the two roughly equal
agrifacts-01658,0d519282b5bf,social_group,area,Haryana,Semi-medium,AgCensus2015-16 T2-4,AgCensus2015-16 T2-4 Haryana/Semi-medium/area/SCvsOthers,False,in <s> according to the <n> agriculture census which social group operates a larger share of <g> <g> <g> or are the two roughly equal
agrifacts-01659,d2e7dc9221f3,landholding,area,Bihar,ST,AgCensus2015-16 T2-4,AgCensus2015-16 T2-4 Bihar/ST/area/MediumvsLarge,True,among <g> in <s> based on the <n> agriculture census which size class <g> or <g> holds a greater portion of <m> or are they roughly equal
agrifacts-01660,b3f80e9bf61c,social_group,number,Bihar,All Classes,AgCensus2015-16 T2-4,AgCensus2015-16 T2-4 Bihar/All Classes/number/SCvsST,True,in <s> according to the <n> agriculture census which social group operates a larger share of <m> <g> <g> or are the two roughly equal
agrifacts-01661,27c4b865238e,landholding,area,Kerala,All,AgCensus2015-16 T2-4,AgCensus2015-16 T2-4 Kerala/All/area/MediumvsLarge,False,in <s> based on the <n> agriculture census between <g> and <g> which size class holds a greater proportion of <m> among farmers or are the two roughly equal
agrifacts-01662,353e4c8e6432,landholding,number,Jammu & Kashmir,SC,AgCensus2015-16 T2-4,AgCensus2015-16 T2-4 Jammu & Kashmir/SC/number/SmallvsLarge,True,in <s> according to the <n> agriculture census among <g> which size class accounts for a larger share of <m> <g> <g> or are the two roughly equal
agrifacts-01663,353e4c8e6432,landholding,number,West Bengal,SC,AgCensus2015-16 T2-4,AgCensus2015-16 T2-4 West Bengal/SC/number/MarginalvsSmall,False,in <s> according to the <n> agriculture census among <g> which size class accounts for a larger share of <m> <g> <g> or are the two roughly equal
agrifacts-01664,ef8dead38902,landholding,number,Chhattisgarh,All,AgCensus2015-16 T2-4,AgCensus2015-16 T2-4 Chhattisgarh/All/number/MarginalvsMedium,False,in <s> according to the <n> agriculture census among farmers which size class accounts for a larger share of <m> <g> <g> or are the two roughly equal
agrifacts-01665,ef8dead38902,landholding,number,Delhi,All,AgCensus2015-16 T2-4,AgCensus2015-16 T2-4 Delhi/All/number/Semi-mediumvsLarge,True,in <s> according to the <n> agriculture census among farmers which size class accounts for a larger share of <m> <g> <g> or are the two roughly equal
agrifacts-01666,0d519282b5bf,social_group,number,Odisha,Medium,AgCensus2015-16 T2-4,AgCensus2015-16 T2-4 Odisha/Medium/number/SCvsST,False,in <s> according to the <n> agriculture census which social group operates a larger share of <g> <g> <g> or are the two roughly equal
agrifacts-01667,0d519282b5bf,social_group,number,Andhra Pradesh,Small,AgCensus2015-16 T2-4,AgCensus2015-16 T2-4 Andhra Pradesh/Small/number/STvsOthers,False,in <s> according to the <n> agriculture census which social group operates a larger share of <g> <g> <g> or are the two roughly equal
agrifacts-01668,f76ccadffbeb,landholding,area,Madhya Pradesh,All,AgCensus2015-16 T2-4,AgCensus2015-16 T2-4 Madhya Pradesh/All/area/SmallvsSemi-medium,False,in <s> per the <n> agriculture census between <g> and <g> which size class represents a greater portion of <m> land among farmers or are the two roughly equal
agrifacts-01669,353e4c8e6432,landholding,number,Maharashtra,ST,AgCensus2015-16 T2-4,AgCensus2015-16 T2-4 Maharashtra/ST/number/MarginalvsSemi-medium,False,in <s> according to the <n> agriculture census among <g> which size class accounts for a larger share of <m> <g> <g> or are the two roughly equal
agrifacts-01670,dc49747bdb70,social_group,area,Maharashtra,All Classes,AgCensus2015-16 T2-4,AgCensus2015-16 T2-4 Maharashtra/All Classes/area/SCvsST,False,according to the <n> agriculture census in <s> is the share of <m> greater for <g> for <g> or are they roughly equal
agrifacts-01671,b3f80e9bf61c,social_group,number,Mizoram,All Classes,AgCensus2015-16 T2-4,AgCensus2015-16 T2-4 Mizoram/All Classes/number/SCvsST,False,in <s> according to the <n> agriculture census which social group operates a larger share of <m> <g> <g> or are the two roughly equal
agrifacts-01672,ef8dead38902,landholding,number,Manipur,All,AgCensus2015-16 T2-4,AgCensus2015-16 T2-4 Manipur/All/number/MarginalvsLarge,False,in <s> according to the <n> agriculture census among farmers which size class accounts for a larger share of <m> <g> <g> or are the two roughly equal
agrifacts-01673,ab5950b9ad50,landholding,area,Himachal Pradesh,All,AgCensus2015-16 T2-4,AgCensus2015-16 T2-4 Himachal Pradesh/All/area/SmallvsSemi-medium,False,based on the <n> agriculture census in <s> of the <m> held by farmers is the share belonging to <g> larger the share belonging to <g> larger or are the two roughly equal
agrifacts-01674,b3f80e9bf61c,social_group,number,Gujarat,All Classes,AgCensus2015-16 T2-4,AgCensus2015-16 T2-4 Gujarat/All Classes/number/STvsOthers,True,in <s> according to the <n> agriculture census which social group operates a larger share of <m> <g> <g> or are the two roughly equal
agrifacts-01675,0d519282b5bf,social_group,area,Bihar,Medium,AgCensus2015-16 T2-4,AgCensus2015-16 T2-4 Bihar/Medium/area/STvsOthers,False,in <s> according to the <n> agriculture census which social group operates a larger share of <g> <g> <g> or are the two roughly equal
agrifacts-01676,e87dece10290,landholding,area,Meghalaya,All,AgCensus2015-16 T2-4,AgCensus2015-16 T2-4 Meghalaya/All/area/MarginalvsMedium,False,according to the <n> agriculture census in <s> between <g> and <g> which size class con <s> itutes a greater portion of <m> among farmers or are they roughly equal
agrifacts-01677,353e4c8e6432,landholding,number,Chhattisgarh,ST,AgCensus2015-16 T2-4,AgCensus2015-16 T2-4 Chhattisgarh/ST/number/Semi-mediumvsLarge,False,in <s> according to the <n> agriculture census among <g> which size class accounts for a larger share of <m> <g> <g> or are the two roughly equal
agrifacts-01678,0d519282b5bf,social_group,area,Jharkhand,Marginal,AgCensus2015-16 T2-4,AgCensus2015-16 T2-4 Jharkhand/Marginal/area/STvsOthers,True,in <s> according to the <n> agriculture census which social group operates a larger share of <g> <g> <g> or are the two roughly equal
agrifacts-01679,9d8fb9ca9215,gender,number,ST,femaleShare,AgCensus2015-16 T14-16,AgCensus2015-16 T14-16 ST/femaleShare/number/MarginalvsSmall,True,in the <n> agriculture census at the <s> india level concerning <g> is the proportion of <m> managed by <g> greater for <g> for <g> or roughly equal for the two categories
agrifacts-01680,0d519282b5bf,social_group,number,Kerala,Semi-medium,AgCensus2015-16 T2-4,AgCensus2015-16 T2-4 Kerala/Semi-medium/number/SCvsOthers,True,in <s> according to the <n> agriculture census which social group operates a larger share of <g> <g> <g> or are the two roughly equal
agrifacts-01681,d3a36bdc3222,landholding,area,Goa,All,AgCensus2015-16 T2-4,AgCensus2015-16 T2-4 Goa/All/area/SmallvsSemi-medium,False,in <s> based on the <n> agriculture census which of the following size classes <g> or <g> has a greater proportion of the <m> among farmers or are the two roughly equal
agrifacts-01682,353e4c8e6432,landholding,number,Manipur,ST,AgCensus2015-16 T2-4,AgCensus2015-16 T2-4 Manipur/ST/number/MarginalvsSmall,False,in <s> according to the <n> agriculture census among <g> which size class accounts for a larger share of <m> <g> <g> or are the two roughly equal
agrifacts-01683,bda422d14fc6,social_group,area,Andhra Pradesh,Marginal,AgCensus2015-16 T2-4,AgCensus2015-16 T2-4 Andhra Pradesh/Marginal/area/SCvsST,False,in <s> per the <n> agriculture census among <g> and <g> which social group has a greater portion of <g> or are the two roughly equal
agrifacts-01684,662ca5c07a1b,landholding,number,Kerala,ST,AgCensus2015-16 T2-4,AgCensus2015-16 T2-4 Kerala/ST/number/SmallvsSemi-medium,False,in <s> as per the <n> agriculture census is the share of <m> among <g> larger for <g> larger for <g> or roughly equal between the two
agrifacts-01685,353e4c8e6432,landholding,number,Telangana,ST,AgCensus2015-16 T2-4,AgCensus2015-16 T2-4 Telangana/ST/number/MarginalvsSmall,False,in <s> according to the <n> agriculture census among <g> which size class accounts for a larger share of <m> <g> <g> or are the two roughly equal
agrifacts-01686,0d519282b5bf,social_group,number,Chhattisgarh,Marginal,AgCensus2015-16 T2-4,AgCensus2015-16 T2-4 Chhattisgarh/Marginal/number/STvsOthers,False,in <s> according to the <n> agriculture census which social group operates a larger share of <g> <g> <g> or are the two roughly equal
agrifacts-01687,ef8dead38902,landholding,area,Delhi,All,AgCensus2015-16 T2-4,AgCensus2015-16 T2-4 Delhi/All/area/SmallvsSemi-medium,False,in <s> according to the <n> agriculture census among farmers which size class accounts for a larger share of <m> <g> <g> or are the two roughly equal
agrifacts-01688,d4dd379890f1,social_group,area,Telangana,All Classes,AgCensus2015-16 T2-4,AgCensus2015-16 T2-4 Telangana/All Classes/area/SCvsST,False,based on the <n> agriculture census do <g> or <g> manage a greater portion of the <m> in <s> or are the two roughly equal
agrifacts-01689,b3f80e9bf61c,social_group,number,Maharashtra,All Classes,AgCensus2015-16 T2-4,AgCensus2015-16 T2-4 Maharashtra/All Classes/number/SCvsOthers,False,in <s> according to the <n> agriculture census which social group operates a larger share of <m> <g> <g> or are the two roughly equal
agrifacts-01690,0d519282b5bf,social_group,area,Arunachal Pradesh,Semi-medium,AgCensus2015-16 T2-4,AgCensus2015-16 T2-4 Arunachal Pradesh/Semi-medium/area/SCvsST,False,in <s> according to the <n> agriculture census which social group operates a larger share of <g> <g> <g> or are the two roughly equal
agrifacts-01691,7edc053e9ed1,social_group,number,Uttarakhand,Small,AgCensus2015-16 T2-4,AgCensus2015-16 T2-4 Uttarakhand/Small/number/SCvsST,True,according to the <n> agriculture census in <s> is the share of <g> <m> by <g> greater than that <m> by <g> or are the two roughly equal
agrifacts-01692,fa7691069661,gender,area,All,Small,AgCensus2015-16 T14-16,AgCensus2015-16 T14-16 All/Small/area/MvF,True,in the <n> agriculture census across <s> of india for <g> do <g> or <g> operate a larger portion or is the share roughly equal between them
agrifacts-01693,b3f80e9bf61c,social_group,area,A&N Islands,All Classes,AgCensus2015-16 T2-4,AgCensus2015-16 T2-4 A&N Islands/All Classes/area/STvsOthers,True,in <s> according to the <n> agriculture census which social group operates a larger share of <m> <g> <g> or are the two roughly equal
agrifacts-01694,ef8dead38902,landholding,area,Goa,All,AgCensus2015-16 T2-4,AgCensus2015-16 T2-4 Goa/All/area/Semi-mediumvsLarge,False,in <s> according to the <n> agriculture census among farmers which size class accounts for a larger share of <m> <g> <g> or are the two roughly equal
agrifacts-01695,353e4c8e6432,landholding,number,Arunachal Pradesh,ST,AgCensus2015-16 T2-4,AgCensus2015-16 T2-4 Arunachal Pradesh/ST/number/Semi-mediumvsMedium,True,in <s> according to the <n> agriculture census among <g> which size class accounts for a larger share of <m> <g> <g> or are the two roughly equal
agrifacts-01696,c16f130018bd,social_group,number,Jharkhand,Semi-medium,AgCensus2015-16 T2-4,AgCensus2015-16 T2-4 Jharkhand/Semi-medium/number/STvsOthers,True,based on the <n> agriculture census in <s> among <g> <g> or are the two roughly equal which social group has the larger share of <g>
agrifacts-01697,36a96af4cdb0,gender,number,ST,femaleShare,AgCensus2015-16 T14-16,AgCensus2015-16 T14-16 ST/femaleShare/number/MarginalvsSmall,True,at the national level during the <n> agriculture census for <g> is the proportion of female <m> <m> greater for <g> for <g> or roughly equal for both
agrifacts-01698,d7ac9ea959d3,landholding,number,Kerala,ST,AgCensus2015-16 T2-4,AgCensus2015-16 T2-4 Kerala/ST/number/SmallvsSemi-medium,False,in <s> based on the <n> agriculture census is the proportion of <m> among <g> greater for <g> greater for <g> or roughly equal between the two
agrifacts-01699,ef8dead38902,landholding,number,Maharashtra,All,AgCensus2015-16 T2-4,AgCensus2015-16 T2-4 Maharashtra/All/number/Semi-mediumvsLarge,True,in <s> according to the <n> agriculture census among farmers which size class accounts for a larger share of <m> <g> <g> or are the two roughly equal
agrifacts-01700,0d519282b5bf,social_group,number,Uttarakhand,Semi-medium,AgCensus2015-16 T2-4,AgCensus2015-16 T2-4 Uttarakhand/Semi-medium/number/SCvsST,True,in <s> according to the <n> agriculture census which social group operates a larger share of <g> <g> <g> or are the two roughly equal
agrifacts-01701,40b65e838b19,gender,area,All,femaleShare,AgCensus2015-16 T14-16,AgCensus2015-16 T14-16 All/femaleShare/area/MarginalvsSmall,False,in the <n> agriculture census across <s> india for <g> <m> is the proportion higher among <g> higher among <g> or roughly the same for both
agrifacts-01702,353e4c8e6432,landholding,number,Himachal Pradesh,ST,AgCensus2015-16 T2-4,AgCensus2015-16 T2-4 Himachal Pradesh/ST/number/SmallvsSemi-medium,False,in <s> according to the <n> agriculture census among <g> which size class accounts for a larger share of <m> <g> <g> or are the two roughly equal
agrifacts-01703,2635fcb31249,landholding,number,Uttarakhand,All,AgCensus2015-16 T2-4,AgCensus2015-16 T2-4 Uttarakhand/All/number/Semi-mediumvsMedium,False,based on the <n> agriculture census in <s> do <g> and <g> account for a larger share of farmer <m> or are the two roughly equal
agrifacts-01704,21f7674573ac,landholding,number,Uttarakhand,ST,AgCensus2015-16 T2-4,AgCensus2015-16 T2-4 Uttarakhand/ST/number/SmallvsMedium,False,based on the <n> agriculture census in <s> for <g> is the share of <m> greater for <g> greater for <g> or are these two roughly equal
agrifacts-01705,e2bfbe2eaa53,social_group,number,Tamil Nadu,Semi-medium,AgCensus2015-16 T2-4,AgCensus2015-16 T2-4 Tamil Nadu/Semi-medium/number/SCvsST,True,according to the <n> agriculture census in <s> are <g> <m> in roughly equal shares by <g> and <g> or does one of these social groups operate a larger share
agrifacts-01706,ef3eca2ad0ee,social_group,number,Karnataka,Large,AgCensus2015-16 T2-4,AgCensus2015-16 T2-4 Karnataka/Large/number/SCvsST,True,based on the <n> agriculture census in <s> among <g> and <g> which social group manages a greater proportion of <g> or are their shares roughly equal
agrifacts-01707,0d519282b5bf,social_group,number,Bihar,Small,AgCensus2015-16 T2-4,AgCensus2015-16 T2-4 Bihar/Small/number/SCvsOthers,True,in <s> according to the <n> agriculture census which social group operates a larger share of <g> <g> <g> or are the two roughly equal
agrifacts-01708,b3f80e9bf61c,social_group,number,Chhattisgarh,All Classes,AgCensus2015-16 T2-4,AgCensus2015-16 T2-4 Chhattisgarh/All Classes/number/SCvsST,False,in <s> according to the <n> agriculture census which social group operates a larger share of <m> <g> <g> or are the two roughly equal
agrifacts-01709,bccccab446f2,social_group,area,Maharashtra,Semi-medium,AgCensus2015-16 T2-4,AgCensus2015-16 T2-4 Maharashtra/Semi-medium/area/SCvsST,False,per the <n> agriculture census in <s> do <g> <g> or are the two roughly equal in operating a larger share of <g>
agrifacts-01710,c736daf9b536,landholding,area,D & N Haveli,All,AgCensus2015-16 T2-4,AgCensus2015-16 T2-4 D & N Haveli/All/area/SmallvsSemi-medium,False,based on the <n> agriculture census in <s> which size class among farmers holds a greater proportion of <m> <g> <g> or are the two roughly equal
agrifacts-01711,ef8dead38902,landholding,area,D & N Haveli,All,AgCensus2015-16 T2-4,AgCensus2015-16 T2-4 D & N Haveli/All/area/SmallvsMedium,True,in <s> according to the <n> agriculture census among farmers which size class accounts for a larger share of <m> <g> <g> or are the two roughly equal
agrifacts-01712,ef8dead38902,landholding,number,Rajasthan,All,AgCensus2015-16 T2-4,AgCensus2015-16 T2-4 Rajasthan/All/number/Semi-mediumvsMedium,True,in <s> according to the <n> agriculture census among farmers which size class accounts for a larger share of <m> <g> <g> or are the two roughly equal
agrifacts-01713,0d519282b5bf,social_group,area,Chhattisgarh,Semi-medium,AgCensus2015-16 T2-4,AgCensus2015-16 T2-4 Chhattisgarh/Semi-medium/area/SCvsST,False,in <s> according to the <n> agriculture census which social group operates a larger share of <g> <g> <g> or are the two roughly equal
agrifacts-01714,353e4c8e6432,landholding,number,Jammu & Kashmir,SC,AgCensus2015-16 T2-4,AgCensus2015-16 T2-4 Jammu & Kashmir/SC/number/Semi-mediumvsMedium,True,in <s> according to the <n> agriculture census among <g> which size class accounts for a larger share of <m> <g> <g> or are the two roughly equal
agrifacts-01715,0d519282b5bf,social_group,number,Punjab,Marginal,AgCensus2015-16 T2-4,AgCensus2015-16 T2-4 Punjab/Marginal/number/SCvsOthers,True,in <s> according to the <n> agriculture census which social group operates a larger share of <g> <g> <g> or are the two roughly equal
agrifacts-01716,c6677760f3b0,gender,number,SC,femaleShare,AgCensus2015-16 T14-16,AgCensus2015-16 T14-16 SC/femaleShare/number/MarginalvsSmall,False,in the <n> agriculture census covering <s> of india for <g> is the proportion of <m> run by <g> greater for <g> for <g> or roughly equal for the two
agrifacts-01717,56fdcef75b29,social_group,number,Rajasthan,All Classes,AgCensus2015-16 T2-4,AgCensus2015-16 T2-4 Rajasthan/All Classes/number/SCvsST,False,based on the <n> agriculture census in <s> do <g> <g> or are the two roughly equal control a greater proportion of <m>
agrifacts-01718,0d519282b5bf,social_group,number,Chhattisgarh,Large,AgCensus2015-16 T2-4,AgCensus2015-16 T2-4 Chhattisgarh/Large/number/SCvsST,False,in <s> according to the <n> agriculture census which social group operates a larger share of <g> <g> <g> or are the two roughly equal
agrifacts-01719,ab25960bc19f,social_group,number,Maharashtra,All Classes,AgCensus2015-16 T2-4,AgCensus2015-16 T2-4 Maharashtra/All Classes/number/SCvsST,False,based on the <n> agriculture census in <s> which social group <g> <g> or are the two roughly equal operates a larger share of <m>
agrifacts-01720,ef8dead38902,landholding,number,Puducherry,All,AgCensus2015-16 T2-4,AgCensus2015-16 T2-4 Puducherry/All/number/SmallvsSemi-medium,True,in <s> according to the <n> agriculture census among farmers which size class accounts for a larger share of <m> <g> <g> or are the two roughly equal
agrifacts-01721,0d519282b5bf,social_group,number,Maharashtra,Semi-medium,AgCensus2015-16 T2-4,AgCensus2015-16 T2-4 Maharashtra/Semi-medium/number/SCvsOthers,False,in <s> according to the <n> agriculture census which social group operates a larger share of <g> <g> <g> or are the two roughly equal
agrifacts-01722,18ad20c5bc58,landholding,number,Punjab,All,AgCensus2015-16 T2-4,AgCensus2015-16 T2-4 Punjab/All/number/MarginalvsSmall,False,according to the <n> agriculture census in <s> do <g> or <g> con <s> itute a larger proportion of farmer <m> or are the two roughly equal
agrifacts-01723,4edef51b685c,landholding,area,Rajasthan,All,AgCensus2015-16 T2-4,AgCensus2015-16 T2-4 Rajasthan/All/area/MediumvsLarge,False,based on the <n> agriculture census in <s> do <g> or <g> account for a larger share of <m> among farmers or are the two roughly equal
agrifacts-01724,ef8dead38902,landholding,area,Madhya Pradesh,All,AgCensus2015-16 T2-4,AgCensus2015-16 T2-4 Madhya Pradesh/All/area/SmallvsMedium,True,in <s> according to the <n> agriculture census among farmers which size class accounts for a larger share of <m> <g> <g> or are the two roughly equal
agrifacts-01725,ef8dead38902,landholding,area,Andhra Pradesh,All,AgCensus2015-16 T2-4,AgCensus2015-16 T2-4 Andhra Pradesh/All/area/MarginalvsSemi-medium,True,in <s> according to the <n> agriculture census among farmers which size class accounts for a larger share of <m> <g> <g> or are the two roughly equal
agrifacts-01726,0d519282b5bf,social_group,number,Madhya Pradesh,Large,AgCensus2015-16 T2-4,AgCensus2015-16 T2-4 Madhya Pradesh/Large/number/SCvsOthers,False,in <s> according to the <n> agriculture census which social group operates a larger share of <g> <g> <g> or are the two roughly equal
agrifacts-01727,69d159d48084,social_group,number,Andhra Pradesh,All Classes,AgCensus2015-16 T2-4,AgCensus2015-16 T2-4 Andhra Pradesh/All Classes/number/SCvsST,False,based on the <n> agriculture census in <s> do <g> or <g> control a greater proportion of <m> or are the two roughly equal
agrifacts-01728,e4bc402d21bf,social_group,area,Karnataka,Medium,AgCensus2015-16 T2-4,AgCensus2015-16 T2-4 Karnataka/Medium/area/SCvsST,False,according to the <n> agriculture census in <s> the social group operating a larger share of <g> is whether <g> <g> or are the two roughly equal
agrifacts-01729,e7a4e4a91a43,landholding,area,Jharkhand,All,AgCensus2015-16 T2-4,AgCensus2015-16 T2-4 Jharkhand/All/area/SmallvsMedium,True,in <s> per the <n> agriculture census among farmers does the greater portion of <m> belong to <g> <g> or are the two roughly equal
agrifacts-01730,4f0f2d6b7728,gender,area,SC,Medium,AgCensus2015-16 T14-16,AgCensus2015-16 T14-16 SC/Medium/area/MvF,True,at the <s> india level in the <n> agriculture census among <g> among <g> who operates a larger share <g> <g> or are the two roughly equal
agrifacts-01731,ced7e7432576,landholding,number,Uttarakhand,ST,AgCensus2015-16 T2-4,AgCensus2015-16 T2-4 Uttarakhand/ST/number/SmallvsSemi-medium,False,in the <n> agriculture census of <s> regarding <g> does the <g> category or the <g> category represent a greater proportion of total <m> or are they roughly equal
agrifacts-01732,ea23f69fa514,landholding,number,Tamil Nadu,ST,AgCensus2015-16 T2-4,AgCensus2015-16 T2-4 Tamil Nadu/ST/number/Semi-mediumvsMedium,False,according to the <n> agriculture census in <s> is the share of <m> among <g> larger for <g> larger for <g> or are the two roughly equal
agrifacts-01733,b3f80e9bf61c,social_group,number,Uttar Pradesh,All Classes,AgCensus2015-16 T2-4,AgCensus2015-16 T2-4 Uttar Pradesh/All Classes/number/SCvsST,False,in <s> according to the <n> agriculture census which social group operates a larger share of <m> <g> <g> or are the two roughly equal
agrifacts-01734,353e4c8e6432,landholding,number,Uttar Pradesh,SC,AgCensus2015-16 T2-4,AgCensus2015-16 T2-4 Uttar Pradesh/SC/number/MarginalvsMedium,True,in <s> according to the <n> agriculture census among <g> which size class accounts for a larger share of <m> <g> <g> or are the two roughly equal
agrifacts-01735,1bc351926ccd,social_group,area,Karnataka,All Classes,AgCensus2015-16 T2-4,AgCensus2015-16 T2-4 Karnataka/All Classes/area/SCvsST,True,based on the <n> agriculture census in <s> between <g> <g> or the two being roughly equal which social group controls a greater portion of agricultural <m> land
agrifacts-01736,71f11efd884f,landholding,area,Rajasthan,SC,AgCensus2015-16 T2-4,AgCensus2015-16 T2-4 Rajasthan/SC/area/MarginalvsSmall,False,based on the <n> agriculture census in <s> for <g> does the <g> or the <g> con <s> itute a greater portion of the total <m> or are the two roughly equal
agrifacts-01737,ef8dead38902,landholding,number,Assam,All,AgCensus2015-16 T2-4,AgCensus2015-16 T2-4 Assam/All/number/Semi-mediumvsLarge,True,in <s> according to the <n> agriculture census among farmers which size class accounts for a larger share of <m> <g> <g> or are the two roughly equal
agrifacts-01738,c5c62d1eadcf,landholding,area,Goa,All,AgCensus2015-16 T2-4,AgCensus2015-16 T2-4 Goa/All/area/SmallvsMedium,True,according to the <n> agriculture census in <s> is the share of <m> greater for farmers with <g> for those with <g> or are the two roughly equal
agrifacts-01739,0d519282b5bf,social_group,area,Bihar,Small,AgCensus2015-16 T2-4,AgCensus2015-16 T2-4 Bihar/Small/area/STvsOthers,False,in <s> according to the <n> agriculture census which social group operates a larger share of <g> <g> <g> or are the two roughly equal
agrifacts-01740,0d519282b5bf,social_group,number,Telangana,Medium,AgCensus2015-16 T2-4,AgCensus2015-16 T2-4 Telangana/Medium/number/SCvsOthers,False,in <s> according to the <n> agriculture census which social group operates a larger share of <g> <g> <g> or are the two roughly equal
agrifacts-01741,8a7ec121f510,social_group,area,Maharashtra,Semi-medium,AgCensus2015-16 T2-4,AgCensus2015-16 T2-4 Maharashtra/Semi-medium/area/SCvsST,False,according to the <n> agriculture census in <s> between <g> and <g> which social group holds the greater proportion of <g> or are they roughly equal
agrifacts-01742,353e4c8e6432,landholding,number,Chhattisgarh,SC,AgCensus2015-16 T2-4,AgCensus2015-16 T2-4 Chhattisgarh/SC/number/SmallvsMedium,False,in <s> according to the <n> agriculture census among <g> which size class accounts for a larger share of <m> <g> <g> or are the two roughly equal
agrifacts-01743,7336f1a60095,landholding,area,Rajasthan,SC,AgCensus2015-16 T2-4,AgCensus2015-16 T2-4 Rajasthan/SC/area/Semi-mediumvsLarge,False,according to the <n> agriculture census in <s> for <g> does <g> or <g> con <s> itute a greater portion of <m> or are the two roughly equal
agrifacts-01744,15dcb8df5a87,social_group,number,Telangana,Marginal,AgCensus2015-16 T2-4,AgCensus2015-16 T2-4 Telangana/Marginal/number/SCvsST,True,in <s> based on the <n> agriculture census is a larger proportion of <g> <m> by <g> by <g> or are the two roughly equal
agrifacts-01745,353e4c8e6432,landholding,area,Rajasthan,SC,AgCensus2015-16 T2-4,AgCensus2015-16 T2-4 Rajasthan/SC/area/Semi-mediumvsLarge,False,in <s> according to the <n> agriculture census among <g> which size class accounts for a larger share of <m> <g> <g> or are the two roughly equal
agrifacts-01746,0d519282b5bf,social_group,number,Bihar,Marginal,AgCensus2015-16 T2-4,AgCensus2015-16 T2-4 Bihar/Marginal/number/SCvsOthers,True,in <s> according to the <n> agriculture census which social group operates a larger share of <g> <g> <g> or are the two roughly equal
agrifacts-01747,ef8dead38902,landholding,area,D & N Haveli,All,AgCensus2015-16 T2-4,AgCensus2015-16 T2-4 D & N Haveli/All/area/MarginalvsMedium,False,in <s> according to the <n> agriculture census among farmers which size class accounts for a larger share of <m> <g> <g> or are the two roughly equal
agrifacts-01748,0d519282b5bf,social_group,number,Uttarakhand,Small,AgCensus2015-16 T2-4,AgCensus2015-16 T2-4 Uttarakhand/Small/number/SCvsOthers,True,in <s> according to the <n> agriculture census which social group operates a larger share of <g> <g> <g> or are the two roughly equal
agrifacts-01749,908d6dbde864,gender,number,SC,femaleShare,AgCensus2015-16 T14-16,AgCensus2015-16 T14-16 SC/femaleShare/number/LargevsSmall,False,in the <n> agriculture census at the <s> india level for <g> is the proportion of <m> managed by <g> greater for <g> for <g> or roughly equal for the two
agrifacts-01750,3a58cb82cd3f,social_group,area,Maharashtra,Large,AgCensus2015-16 T2-4,AgCensus2015-16 T2-4 Maharashtra/Large/area/SCvsST,False,according to the <n> agriculture census in <s> are <g> <g> or the two roughly equal in operating a larger share of <g>
agrifacts-01751,ce472696357d,social_group,number,Andhra Pradesh,All Classes,AgCensus2015-16 T2-4,AgCensus2015-16 T2-4 Andhra Pradesh/All Classes/number/SCvsST,False,based on the <n> agriculture census of <s> do <g> <g> or are the two roughly equal operate a larger share of <m>
agrifacts-01752,0d519282b5bf,social_group,area,Goa,Marginal,AgCensus2015-16 T2-4,AgCensus2015-16 T2-4 Goa/Marginal/area/STvsOthers,False,in <s> according to the <n> agriculture census which social group operates a larger share of <g> <g> <g> or are the two roughly equal
agrifacts-01753,7c0723ce4525,landholding,area,Gujarat,All,AgCensus2015-16 T2-4,AgCensus2015-16 T2-4 Gujarat/All/area/MarginalvsLarge,False,based on the <n> agriculture census in <s> which category of farmers those with a <g> or those with a <g> holds a greater proportion of the total <m> land or are the two roughly eq
agrifacts-01754,125946466e6c,social_group,area,Maharashtra,Large,AgCensus2015-16 T2-4,AgCensus2015-16 T2-4 Maharashtra/Large/area/SCvsST,False,according to the <n> agriculture census in <s> do <g> <g> or are the two roughly equal operate a larger share of <g>
agrifacts-01755,3c33cc1d58b3,social_group,number,Himachal Pradesh,Semi-medium,AgCensus2015-16 T2-4,AgCensus2015-16 T2-4 Himachal Pradesh/Semi-medium/number/SCvsST,True,based on the <n> agriculture census in <s> do <g> <g> or the two roughly equal groups control a greater portion of <g>
agrifacts-01756,0d519282b5bf,social_group,number,Punjab,Marginal,AgCensus2015-16 T2-4,AgCensus2015-16 T2-4 Punjab/Marginal/number/SCvsST,False,in <s> according to the <n> agriculture census which social group operates a larger share of <g> <g> <g> or are the two roughly equal
agrifacts-01757,b3f80e9bf61c,social_group,number,Manipur,All Classes,AgCensus2015-16 T2-4,AgCensus2015-16 T2-4 Manipur/All Classes/number/SCvsOthers,False,in <s> according to the <n> agriculture census which social group operates a larger share of <m> <g> <g> or are the two roughly equal
agrifacts-01758,c129c444e410,gender,number,ST,Medium,AgCensus2015-16 T14-16,AgCensus2015-16 T14-16 ST/Medium/number/MvF,False,at the <s> india level in the <n> agriculture census for <g> with <g> which group operates a larger share <g> <g> or are the two roughly equal
agrifacts-01759,0d519282b5bf,social_group,number,Uttarakhand,Marginal,AgCensus2015-16 T2-4,AgCensus2015-16 T2-4 Uttarakhand/Marginal/number/STvsOthers,False,in <s> according to the <n> agriculture census which social group operates a larger share of <g> <g> <g> or are the two roughly equal
agrifacts-01760,ef8dead38902,landholding,number,Andhra Pradesh,All,AgCensus2015-16 T2-4,AgCensus2015-16 T2-4 Andhra Pradesh/All/number/SmallvsLarge,False,in <s> according to the <n> agriculture census among farmers which size class accounts for a larger share of <m> <g> <g> or are the two roughly equal
agrifacts-01761,d30695229383,social_group,area,Andhra Pradesh,All Classes,AgCensus2015-16 T2-4,AgCensus2015-16 T2-4 Andhra Pradesh/All Classes/area/SCvsST,True,according to the <n> agriculture census in <s> is the share of <m> larger for <g> larger for <g> or are the two roughly equal
agrifacts-01762,f8ec6fe2d9bf,landholding,area,D & N Haveli,All,AgCensus2015-16 T2-4,AgCensus2015-16 T2-4 D & N Haveli/All/area/MarginalvsMedium,False,in the <n> agriculture census for <s> between <g> and <g> which size class con <s> itutes a greater portion of <m> land among farmers or are the two roughly equal
agrifacts-01763,353e4c8e6432,landholding,number,Tripura,ST,AgCensus2015-16 T2-4,AgCensus2015-16 T2-4 Tripura/ST/number/MarginalvsLarge,False,in <s> according to the <n> agriculture census among <g> which size class accounts for a larger share of <m> <g> <g> or are the two roughly equal
agrifacts-01764,0d519282b5bf,social_group,number,Himachal Pradesh,Medium,AgCensus2015-16 T2-4,AgCensus2015-16 T2-4 Himachal Pradesh/Medium/number/SCvsOthers,False,in <s> according to the <n> agriculture census which social group operates a larger share of <g> <g> <g> or are the two roughly equal
agrifacts-01765,ef8dead38902,landholding,number,Manipur,All,AgCensus2015-16 T2-4,AgCensus2015-16 T2-4 Manipur/All/number/Semi-mediumvsMedium,False,in <s> according to the <n> agriculture census among farmers which size class accounts for a larger share of <m> <g> <g> or are the two roughly equal
agrifacts-01766,3d81c62105d8,landholding,area,Tamil Nadu,SC,AgCensus2015-16 T2-4,AgCensus2015-16 T2-4 Tamil Nadu/SC/area/MediumvsLarge,False,based on the <n> agriculture census for <s> for <g> does the <g> or the <g> con <s> itute a greater portion of the <m> or are the two roughly equal
agrifacts-01767,56f60aa8fc09,landholding,number,Arunachal Pradesh,ST,AgCensus2015-16 T2-4,AgCensus2015-16 T2-4 Arunachal Pradesh/ST/number/Semi-mediumvsMedium,True,in <s> based on the <n> agriculture census do <g> have a greater portion of <m> in <g> in <g> or are the two roughly equal
agrifacts-01768,3d69af51c8d2,landholding,area,Kerala,All,AgCensus2015-16 T2-4,AgCensus2015-16 T2-4 Kerala/All/area/MediumvsLarge,False,based on the <n> agriculture census in <s> among farmers do <g> or <g> contribute a larger portion of the <m> or are they roughly equal
agrifacts-01769,086c69b6f13f,social_group,number,Maharashtra,Marginal,AgCensus2015-16 T2-4,AgCensus2015-16 T2-4 Maharashtra/Marginal/number/SCvsST,True,based on the <n> agriculture census in <s> which social group <g> <g> or the two roughly equal operates a larger share of <g>
agrifacts-01770,65593d6f3116,social_group,number,Maharashtra,All Classes,AgCensus2015-16 T2-4,AgCensus2015-16 T2-4 Maharashtra/All Classes/number/SCvsST,False,based on the <n> agriculture census in <s> does a larger proportion of <m> belong to <g> <g> or are the two roughly equal
agrifacts-01771,35ad3edc4fff,landholding,area,Goa,All,AgCensus2015-16 T2-4,AgCensus2015-16 T2-4 Goa/All/area/MediumvsLarge,True,according to the <n> agriculture census in <s> between the <g> and <g> among farmers which size class occupies a greater portion of <m> or are they roughly equal
agrifacts-01772,0d519282b5bf,social_group,area,Karnataka,Small,AgCensus2015-16 T2-4,AgCensus2015-16 T2-4 Karnataka/Small/area/STvsOthers,False,in <s> according to the <n> agriculture census which social group operates a larger share of <g> <g> <g> or are the two roughly equal
agrifacts-01773,0d519282b5bf,social_group,number,Punjab,Semi-medium,AgCensus2015-16 T2-4,AgCensus2015-16 T2-4 Punjab/Semi-medium/number/SCvsOthers,False,in <s> according to the <n> agriculture census which social group operates a larger share of <g> <g> <g> or are the two roughly equal
agrifacts-01774,a83e9c9cd29f,landholding,area,Karnataka,SC,AgCensus2015-16 T2-4,AgCensus2015-16 T2-4 Karnataka/SC/area/MarginalvsSemi-medium,False,of the <g> and <g> among <g> in <s> per the <n> agriculture census which size class holds a greater share of <m> or are they roughly equal
agrifacts-01775,9674e6491be2,landholding,area,Himachal Pradesh,All,AgCensus2015-16 T2-4,AgCensus2015-16 T2-4 Himachal Pradesh/All/area/SmallvsSemi-medium,False,based on the <n> agriculture census in <s> of the two category sizes <g> and <g> which one accounts for a greater share of the <m> among farmers or are the two roughly equal
agrifacts-01776,0d519282b5bf,social_group,number,Arunachal Pradesh,Small,AgCensus2015-16 T2-4,AgCensus2015-16 T2-4 Arunachal Pradesh/Small/number/SCvsST,False,in <s> according to the <n> agriculture census which social group operates a larger share of <g> <g> <g> or are the two roughly equal
agrifacts-01777,ad5c0353e626,gender,area,SC,femaleShare,AgCensus2015-16 T14-16,AgCensus2015-16 T14-16 SC/femaleShare/area/MarginalvsSmall,False,considering the <n> agriculture census data for <s> of india within the <g> is the proportion of <m> managed by <g> greater for <g> greater for <g> or roughly equal between the two
agrifacts-01778,ef8dead38902,landholding,number,Tripura,All,AgCensus2015-16 T2-4,AgCensus2015-16 T2-4 Tripura/All/number/MarginalvsLarge,False,in <s> according to the <n> agriculture census among farmers which size class accounts for a larger share of <m> <g> <g> or are the two roughly equal
agrifacts-01779,0d519282b5bf,social_group,area,Gujarat,Large,AgCensus2015-16 T2-4,AgCensus2015-16 T2-4 Gujarat/Large/area/SCvsOthers,False,in <s> according to the <n> agriculture census which social group operates a larger share of <g> <g> <g> or are the two roughly equal
agrifacts-01780,a2fe07b92d5c,landholding,area,Haryana,All,AgCensus2015-16 T2-4,AgCensus2015-16 T2-4 Haryana/All/area/Semi-mediumvsLarge,False,in the <n> agriculture census for <s> which size class of farmers has a greater proportion of <m> <g> <g> or are the two roughly equal
agrifacts-01781,4f0f2d6b7728,gender,number,SC,Marginal,AgCensus2015-16 T14-16,AgCensus2015-16 T14-16 SC/Marginal/number/MvF,False,at the <s> india level in the <n> agriculture census among <g> among <g> who operates a larger share <g> <g> or are the two roughly equal
agrifacts-01782,b6989d76ae53,social_group,area,Karnataka,Medium,AgCensus2015-16 T2-4,AgCensus2015-16 T2-4 Karnataka/Medium/area/SCvsST,False,based on the <n> agriculture census in <s> between <g> <g> or if they are roughly equal which social group controls a greater portion of <g>
agrifacts-01783,6e1630c3c612,social_group,area,Telangana,Large,AgCensus2015-16 T2-4,AgCensus2015-16 T2-4 Telangana/Large/area/SCvsST,False,in <s> based on the <n> agriculture census which social group <g> <g> or are the two roughly equal holds a larger portion of <g>
agrifacts-01784,989ad569db81,gender,number,ST,femaleShare,AgCensus2015-16 T14-16,AgCensus2015-16 T14-16 ST/femaleShare/number/MediumvsSmall,False,in the <n> agriculture census at the <s> india level for <g> is the proportion of <m> run by <g> greater for <g> for <g> or roughly equal between them
agrifacts-01785,ef8dead38902,landholding,number,Bihar,All,AgCensus2015-16 T2-4,AgCensus2015-16 T2-4 Bihar/All/number/MarginalvsSmall,True,in <s> according to the <n> agriculture census among farmers which size class accounts for a larger share of <m> <g> <g> or are the two roughly equal
agrifacts-01786,353e4c8e6432,landholding,number,Madhya Pradesh,ST,AgCensus2015-16 T2-4,AgCensus2015-16 T2-4 Madhya Pradesh/ST/number/MarginalvsSmall,False,in <s> according to the <n> agriculture census among <g> which size class accounts for a larger share of <m> <g> <g> or are the two roughly equal
agrifacts-01787,0d519282b5bf,social_group,number,Nagaland,Semi-medium,AgCensus2015-16 T2-4,AgCensus2015-16 T2-4 Nagaland/Semi-medium/number/SCvsST,True,in <s> according to the <n> agriculture census which social group operates a larger share of <g> <g> <g> or are the two roughly equal
agrifacts-01788,0d519282b5bf,social_group,area,Himachal Pradesh,Semi-medium,AgCensus2015-16 T2-4,AgCensus2015-16 T2-4 Himachal Pradesh/Semi-medium/area/STvsOthers,False,in <s> according to the <n> agriculture census which social group operates a larger share of <g> <g> <g> or are the two roughly equal
agrifacts-01789,ef8dead38902,landholding,number,Jammu & Kashmir,All,AgCensus2015-16 T2-4,AgCensus2015-16 T2-4 Jammu & Kashmir/All/number/MarginalvsMedium,False,in <s> according to the <n> agriculture census among farmers which size class accounts for a larger share of <m> <g> <g> or are the two roughly equal
agrifacts-01790,0d519282b5bf,social_group,area,Karnataka,Medium,AgCensus2015-16 T2-4,AgCensus2015-16 T2-4 Karnataka/Medium/area/STvsOthers,False,in <s> according to the <n> agriculture census which social group operates a larger share of <g> <g> <g> or are the two roughly equal
agrifacts-01791,d786c83364b5,gender,number,All,Large,AgCensus2015-16 T14-16,AgCensus2015-16 T14-16 All/Large/number/MvF,True,according to the <n> agriculture census across <s> of india for <g> which gender operates a greater proportion <g> <g> or are the two roughly equal
agrifacts-01792,353e4c8e6432,landholding,number,Karnataka,SC,AgCensus2015-16 T2-4,AgCensus2015-16 T2-4 Karnataka/SC/number/SmallvsLarge,False,in <s> according to the <n> agriculture census among <g> which size class accounts for a larger share of <m> <g> <g> or are the two roughly equal
agrifacts-01793,0d519282b5bf,social_group,number,Gujarat,Semi-medium,AgCensus2015-16 T2-4,AgCensus2015-16 T2-4 Gujarat/Semi-medium/number/SCvsOthers,False,in <s> according to the <n> agriculture census which social group operates a larger share of <g> <g> <g> or are the two roughly equal
agrifacts-01794,ef8dead38902,landholding,area,Delhi,All,AgCensus2015-16 T2-4,AgCensus2015-16 T2-4 Delhi/All/area/SmallvsMedium,True,in <s> according to the <n> agriculture census among farmers which size class accounts for a larger share of <m> <g> <g> or are the two roughly equal
agrifacts-01795,b3f80e9bf61c,social_group,area,Karnataka,All Classes,AgCensus2015-16 T2-4,AgCensus2015-16 T2-4 Karnataka/All Classes/area/SCvsST,True,in <s> according to the <n> agriculture census which social group operates a larger share of <m> <g> <g> or are the two roughly equal
agrifacts-01796,353e4c8e6432,landholding,number,Mizoram,ST,AgCensus2015-16 T2-4,AgCensus2015-16 T2-4 Mizoram/ST/number/MarginalvsSmall,False,in <s> according to the <n> agriculture census among <g> which size class accounts for a larger share of <m> <g> <g> or are the two roughly equal
agrifacts-01797,b3f80e9bf61c,social_group,area,Arunachal Pradesh,All Classes,AgCensus2015-16 T2-4,AgCensus2015-16 T2-4 Arunachal Pradesh/All Classes/area/STvsOthers,True,in <s> according to the <n> agriculture census which social group operates a larger share of <m> <g> <g> or are the two roughly equal
agrifacts-01798,6cb23a95753b,landholding,number,Haryana,All,AgCensus2015-16 T2-4,AgCensus2015-16 T2-4 Haryana/All/number/SmallvsSemi-medium,True,in <s> based on the <n> agriculture census which size class <g> <g> or are the two roughly equal accounts for a larger share of <m> among farmers
agrifacts-01799,c587e1140d50,landholding,area,Puducherry,All,AgCensus2015-16 T2-4,AgCensus2015-16 T2-4 Puducherry/All/area/SmallvsSemi-medium,False,based on the <n> agriculture census in <s> does the <g> or the <g> con <s> itute a bigger portion of the <m> among farmers or are the two roughly equal
agrifacts-01800,353e4c8e6432,landholding,number,Andhra Pradesh,SC,AgCensus2015-16 T2-4,AgCensus2015-16 T2-4 Andhra Pradesh/SC/number/SmallvsMedium,True,in <s> according to the <n> agriculture census among <g> which size class accounts for a larger share of <m> <g> <g> or are the two roughly equal
agrifacts-01801,0d519282b5bf,social_group,number,Andhra Pradesh,Small,AgCensus2015-16 T2-4,AgCensus2015-16 T2-4 Andhra Pradesh/Small/number/SCvsST,True,in <s> according to the <n> agriculture census which social group operates a larger share of <g> <g> <g> or are the two roughly equal
agrifacts-01802,ef8dead38902,landholding,number,Uttarakhand,All,AgCensus2015-16 T2-4,AgCensus2015-16 T2-4 Uttarakhand/All/number/MarginalvsLarge,False,in <s> according to the <n> agriculture census among farmers which size class accounts for a larger share of <m> <g> <g> or are the two roughly equal
agrifacts-01803,ef8dead38902,landholding,number,Nagaland,All,AgCensus2015-16 T2-4,AgCensus2015-16 T2-4 Nagaland/All/number/MarginalvsSemi-medium,False,in <s> according to the <n> agriculture census among farmers which size class accounts for a larger share of <m> <g> <g> or are the two roughly equal
agrifacts-01804,353e4c8e6432,landholding,number,Assam,SC,AgCensus2015-16 T2-4,AgCensus2015-16 T2-4 Assam/SC/number/SmallvsLarge,False,in <s> according to the <n> agriculture census among <g> which size class accounts for a larger share of <m> <g> <g> or are the two roughly equal
agrifacts-01805,0d519282b5bf,social_group,number,Maharashtra,Semi-medium,AgCensus2015-16 T2-4,AgCensus2015-16 T2-4 Maharashtra/Semi-medium/number/SCvsST,True,in <s> according to the <n> agriculture census which social group operates a larger share of <g> <g> <g> or are the two roughly equal
agrifacts-01806,353e4c8e6432,landholding,number,Goa,ST,AgCensus2015-16 T2-4,AgCensus2015-16 T2-4 Goa/ST/number/MarginalvsLarge,False,in <s> according to the <n> agriculture census among <g> which size class accounts for a larger share of <m> <g> <g> or are the two roughly equal
agrifacts-01807,cfa499c578d4,landholding,area,Karnataka,SC,AgCensus2015-16 T2-4,AgCensus2015-16 T2-4 Karnataka/SC/area/MarginalvsSemi-medium,False,based on the <n> agriculture census in <s> among <g> does the <g> the <g> or are the two roughly equal account for the larger share of <m>
agrifacts-01808,0d519282b5bf,social_group,area,Himachal Pradesh,Small,AgCensus2015-16 T2-4,AgCensus2015-16 T2-4 Himachal Pradesh/Small/area/SCvsOthers,True,in <s> according to the <n> agriculture census which social group operates a larger share of <g> <g> <g> or are the two roughly equal
agrifacts-01809,67224218124c,social_group,area,Maharashtra,Small,AgCensus2015-16 T2-4,AgCensus2015-16 T2-4 Maharashtra/Small/area/SCvsST,True,based on the <n> agriculture census in <s> is the share of <g> larger for <g> larger for <g> or are the two roughly equal
agrifacts-01810,b3f80e9bf61c,social_group,number,Odisha,All Classes,AgCensus2015-16 T2-4,AgCensus2015-16 T2-4 Odisha/All Classes/number/STvsOthers,True,in <s> according to the <n> agriculture census which social group operates a larger share of <m> <g> <g> or are the two roughly equal
agrifacts-01811,d9da2e27f886,social_group,area,Andhra Pradesh,All Classes,AgCensus2015-16 T2-4,AgCensus2015-16 T2-4 Andhra Pradesh/All Classes/area/SCvsST,True,according to the <n> agriculture census in <s> do <g> or <g> operate a larger portion of <m> or are they roughly equal
agrifacts-01812,25ddad8ad151,social_group,number,Kerala,Semi-medium,AgCensus2015-16 T2-4,AgCensus2015-16 T2-4 Kerala/Semi-medium/number/SCvsST,True,in <s> based on the <n> agriculture census do <g> or <g> operate a greater proportion of <g> or are these two groups roughly equal
agrifacts-01813,ef8dead38902,landholding,number,Odisha,All,AgCensus2015-16 T2-4,AgCensus2015-16 T2-4 Odisha/All/number/SmallvsLarge,True,in <s> according to the <n> agriculture census among farmers which size class accounts for a larger share of <m> <g> <g> or are the two roughly equal
agrifacts-01814,e3a367eaf73a,social_group,area,Maharashtra,Small,AgCensus2015-16 T2-4,AgCensus2015-16 T2-4 Maharashtra/Small/area/SCvsST,True,based on the <n> agriculture census in <s> is the share of <g> larger for <g> larger for <g> or roughly equal between the two
agrifacts-01815,353e4c8e6432,landholding,number,Jharkhand,SC,AgCensus2015-16 T2-4,AgCensus2015-16 T2-4 Jharkhand/SC/number/SmallvsLarge,True,in <s> according to the <n> agriculture census among <g> which size class accounts for a larger share of <m> <g> <g> or are the two roughly equal
agrifacts-01816,353e4c8e6432,landholding,number,Maharashtra,ST,AgCensus2015-16 T2-4,AgCensus2015-16 T2-4 Maharashtra/ST/number/MarginalvsSmall,False,in <s> according to the <n> agriculture census among <g> which size class accounts for a larger share of <m> <g> <g> or are the two roughly equal
agrifacts-01817,0d519282b5bf,social_group,number,Punjab,Small,AgCensus2015-16 T2-4,AgCensus2015-16 T2-4 Punjab/Small/number/STvsOthers,False,in <s> according to the <n> agriculture census which social group operates a larger share of <g> <g> <g> or are the two roughly equal
agrifacts-01818,ef8dead38902,landholding,number,Delhi,All,AgCensus2015-16 T2-4,AgCensus2015-16 T2-4 Delhi/All/number/MarginalvsMedium,False,in <s> according to the <n> agriculture census among farmers which size class accounts for a larger share of <m> <g> <g> or are the two roughly equal
agrifacts-01819,ef8dead38902,landholding,number,Telangana,All,AgCensus2015-16 T2-4,AgCensus2015-16 T2-4 Telangana/All/number/MarginalvsSmall,False,in <s> according to the <n> agriculture census among farmers which size class accounts for a larger share of <m> <g> <g> or are the two roughly equal
agrifacts-01820,353e4c8e6432,landholding,area,Goa,ST,AgCensus2015-16 T2-4,AgCensus2015-16 T2-4 Goa/ST/area/SmallvsMedium,False,in <s> according to the <n> agriculture census among <g> which size class accounts for a larger share of <m> <g> <g> or are the two roughly equal
agrifacts-01821,cd85c76afbad,social_group,number,Andhra Pradesh,Small,AgCensus2015-16 T2-4,AgCensus2015-16 T2-4 Andhra Pradesh/Small/number/SCvsST,True,among <g> and <g> in <s> based on the <n> agriculture census which social group runs more <g> or are they roughly equal
agrifacts-01822,0d0e0d853a4b,social_group,area,Uttarakhand,All Classes,AgCensus2015-16 T2-4,AgCensus2015-16 T2-4 Uttarakhand/All Classes/area/SCvsST,False,in <s> based on the <n> agriculture census which social group <g> <g> or are the two roughly equal controls a greater portion of <m>
agrifacts-01823,fbe6237266d1,social_group,number,Maharashtra,Semi-medium,AgCensus2015-16 T2-4,AgCensus2015-16 T2-4 Maharashtra/Semi-medium/number/SCvsST,True,based on the <n> agriculture census in <s> do <g> <g> or both groups roughly equal operate a larger portion of <g>
agrifacts-01824,0d519282b5bf,social_group,area,Arunachal Pradesh,Large,AgCensus2015-16 T2-4,AgCensus2015-16 T2-4 Arunachal Pradesh/Large/area/SCvsST,False,in <s> according to the <n> agriculture census which social group operates a larger share of <g> <g> <g> or are the two roughly equal
agrifacts-01825,0d519282b5bf,social_group,number,Tripura,Marginal,AgCensus2015-16 T2-4,AgCensus2015-16 T2-4 Tripura/Marginal/number/STvsOthers,False,in <s> according to the <n> agriculture census which social group operates a larger share of <g> <g> <g> or are the two roughly equal
agrifacts-01826,d9e6332ff8db,social_group,area,Himachal Pradesh,Semi-medium,AgCensus2015-16 T2-4,AgCensus2015-16 T2-4 Himachal Pradesh/Semi-medium/area/SCvsST,False,based on the <n> agriculture census in <s> between <g> <g> and the option that they are roughly equal which social group has the greater portion of <g>
agrifacts-01827,6453940a0bdc,landholding,area,Assam,ST,AgCensus2015-16 T2-4,AgCensus2015-16 T2-4 Assam/ST/area/MarginalvsSmall,False,in the <n> agriculture census of <s> among <g> does <g> or <g> con <s> itute a greater portion of the total <m> or are they roughly equal
agrifacts-01828,0d519282b5bf,social_group,area,Maharashtra,Small,AgCensus2015-16 T2-4,AgCensus2015-16 T2-4 Maharashtra/Small/area/SCvsST,True,in <s> according to the <n> agriculture census which social group operates a larger share of <g> <g> <g> or are the two roughly equal
agrifacts-01829,f9f0551c59ae,landholding,area,Sikkim,All,AgCensus2015-16 T2-4,AgCensus2015-16 T2-4 Sikkim/All/area/MarginalvsMedium,True,based on the <n> agriculture census in <s> among farmers does <g> <g> or are the two roughly equal represent the greater proportion of <m> land
agrifacts-01830,0d519282b5bf,social_group,number,Chhattisgarh,Large,AgCensus2015-16 T2-4,AgCensus2015-16 T2-4 Chhattisgarh/Large/number/SCvsOthers,False,in <s> according to the <n> agriculture census which social group operates a larger share of <g> <g> <g> or are the two roughly equal
agrifacts-01831,ef8dead38902,landholding,number,Karnataka,All,AgCensus2015-16 T2-4,AgCensus2015-16 T2-4 Karnataka/All/number/SmallvsMedium,True,in <s> according to the <n> agriculture census among farmers which size class accounts for a larger share of <m> <g> <g> or are the two roughly equal
agrifacts-01832,353e4c8e6432,landholding,number,Odisha,SC,AgCensus2015-16 T2-4,AgCensus2015-16 T2-4 Odisha/SC/number/SmallvsMedium,False,in <s> according to the <n> agriculture census among <g> which size class accounts for a larger share of <m> <g> <g> or are the two roughly equal
agrifacts-01833,353e4c8e6432,landholding,number,Rajasthan,ST,AgCensus2015-16 T2-4,AgCensus2015-16 T2-4 Rajasthan/ST/number/Semi-mediumvsLarge,False,in <s> according to the <n> agriculture census among <g> which size class accounts for a larger share of <m> <g> <g> or are the two roughly equal
agrifacts-01834,b118ef15a035,social_group,area,Andhra Pradesh,Semi-medium,AgCensus2015-16 T2-4,AgCensus2015-16 T2-4 Andhra Pradesh/Semi-medium/area/SCvsST,False,in the <n> agriculture census of <s> which social group <g> <g> or roughly equal holds a greater portion of <g>
agrifacts-01835,b3f80e9bf61c,social_group,number,Himachal Pradesh,All Classes,AgCensus2015-16 T2-4,AgCensus2015-16 T2-4 Himachal Pradesh/All Classes/number/SCvsOthers,False,in <s> according to the <n> agriculture census which social group operates a larger share of <m> <g> <g> or are the two roughly equal
agrifacts-01836,17ada4bd8192,gender,number,ST,femaleShare,AgCensus2015-16 T14-16,AgCensus2015-16 T14-16 ST/femaleShare/number/MarginalvsMedium,False,in the <n> agriculture census at the <s> india level for <g> does the proportion of <m> <m> by <g> differ for <g> compared to <g> or is it roughly the same for both
agrifacts-01837,ee414fc82948,landholding,area,Punjab,All,AgCensus2015-16 T2-4,AgCensus2015-16 T2-4 Punjab/All/area/MarginalvsSmall,False,based on the <n> agriculture census in <s> of the <m> held by farmers does the <g> or the <g> con <s> itute a greater portion or are the two roughly equal
agrifacts-01838,258d49671c9e,landholding,area,Telangana,All,AgCensus2015-16 T2-4,AgCensus2015-16 T2-4 Telangana/All/area/MarginalvsSmall,True,according to the <n> agriculture census in <s> among farmers is the share of <m> larger for <g> for <g> or are the two roughly equal
agrifacts-01839,0d519282b5bf,social_group,number,Andhra Pradesh,Small,AgCensus2015-16 T2-4,AgCensus2015-16 T2-4 Andhra Pradesh/Small/number/SCvsOthers,True,in <s> according to the <n> agriculture census which social group operates a larger share of <g> <g> <g> or are the two roughly equal
agrifacts-01840,0d519282b5bf,social_group,area,Gujarat,Small,AgCensus2015-16 T2-4,AgCensus2015-16 T2-4 Gujarat/Small/area/SCvsOthers,False,in <s> according to the <n> agriculture census which social group operates a larger share of <g> <g> <g> or are the two roughly equal
agrifacts-01841,ef8dead38902,landholding,number,Nagaland,All,AgCensus2015-16 T2-4,AgCensus2015-16 T2-4 Nagaland/All/number/SmallvsMedium,True,in <s> according to the <n> agriculture census among farmers which size class accounts for a larger share of <m> <g> <g> or are the two roughly equal
agrifacts-01842,485f10210629,social_group,area,Andhra Pradesh,Marginal,AgCensus2015-16 T2-4,AgCensus2015-16 T2-4 Andhra Pradesh/Marginal/area/SCvsST,False,in the <n> agriculture census of <s> do <g> and <g> have roughly equal shares of <g> or does one social group operate a larger portion
agrifacts-01843,0b25754f62d4,social_group,number,Himachal Pradesh,Semi-medium,AgCensus2015-16 T2-4,AgCensus2015-16 T2-4 Himachal Pradesh/Semi-medium/number/SCvsST,True,in the <n> agriculture census of <s> are <g> <g> or are the two roughly equal in operating a larger portion of <g>
agrifacts-01844,0d519282b5bf,social_group,number,Karnataka,Marginal,AgCensus2015-16 T2-4,AgCensus2015-16 T2-4 Karnataka/Marginal/number/STvsOthers,False,in <s> according to the <n> agriculture census which social group operates a larger share of <g> <g> <g> or are the two roughly equal
agrifacts-01845,0d519282b5bf,social_group,number,Chhattisgarh,Large,AgCensus2015-16 T2-4,AgCensus2015-16 T2-4 Chhattisgarh/Large/number/STvsOthers,False,in <s> according to the <n> agriculture census which social group operates a larger share of <g> <g> <g> or are the two roughly equal
agrifacts-01846,15a1b4b2759a,social_group,area,Karnataka,Semi-medium,AgCensus2015-16 T2-4,AgCensus2015-16 T2-4 Karnataka/Semi-medium/area/SCvsST,False,based on the <n> agriculture census in <s> do <g> <g> or roughly equal shares of both control a larger portion of the <g>
agrifacts-01847,ef8dead38902,landholding,number,Uttarakhand,All,AgCensus2015-16 T2-4,AgCensus2015-16 T2-4 Uttarakhand/All/number/SmallvsSemi-medium,True,in <s> according to the <n> agriculture census among farmers which size class accounts for a larger share of <m> <g> <g> or are the two roughly equal
agrifacts-01848,32bebc8efd49,social_group,area,Maharashtra,Semi-medium,AgCensus2015-16 T2-4,AgCensus2015-16 T2-4 Maharashtra/Semi-medium/area/SCvsST,False,based on the <n> agriculture census in <s> between <g> and <g> which social group has the larger portion of the <g> or are the two roughly equal
agrifacts-01849,a125f51d8ff0,social_group,area,Rajasthan,All Classes,AgCensus2015-16 T2-4,AgCensus2015-16 T2-4 Rajasthan/All Classes/area/SCvsST,False,in the <n> agriculture census of <s> do <g> or <g> manage a greater proportion of agricultural <m> land or are their shares roughly equal
agrifacts-01850,353e4c8e6432,landholding,number,Assam,ST,AgCensus2015-16 T2-4,AgCensus2015-16 T2-4 Assam/ST/number/SmallvsLarge,True,in <s> according to the <n> agriculture census among <g> which size class accounts for a larger share of <m> <g> <g> or are the two roughly equal
agrifacts-01851,221d557c60de,social_group,area,Telangana,Small,AgCensus2015-16 T2-4,AgCensus2015-16 T2-4 Telangana/Small/area/SCvsST,True,in <s> based on the <n> agriculture census does the <g> belong more to <g> <g> or are the two roughly equal
agrifacts-01852,0d519282b5bf,social_group,area,Gujarat,Semi-medium,AgCensus2015-16 T2-4,AgCensus2015-16 T2-4 Gujarat/Semi-medium/area/STvsOthers,False,in <s> according to the <n> agriculture census which social group operates a larger share of <g> <g> <g> or are the two roughly equal
agrifacts-01853,08e3fd79e9f2,social_group,area,Himachal Pradesh,Semi-medium,AgCensus2015-16 T2-4,AgCensus2015-16 T2-4 Himachal Pradesh/Semi-medium/area/SCvsST,False,based on the <n> agriculture census of <s> which social group <g> <g> or roughly equal holds a greater portion of <g>
agrifacts-01854,b43779ee8ad5,social_group,number,Telangana,Small,AgCensus2015-16 T2-4,AgCensus2015-16 T2-4 Telangana/Small/number/SCvsST,False,based on the <n> agriculture census in <s> are <g> <g> or are the two roughly equal in operating the larger share of <g>
agrifacts-01855,0d519282b5bf,social_group,number,Madhya Pradesh,Semi-medium,AgCensus2015-16 T2-4,AgCensus2015-16 T2-4 Madhya Pradesh/Semi-medium/number/SCvsOthers,False,in <s> according to the <n> agriculture census which social group operates a larger share of <g> <g> <g> or are the two roughly equal
agrifacts-01856,0d519282b5bf,social_group,number,Uttar Pradesh,Marginal,AgCensus2015-16 T2-4,AgCensus2015-16 T2-4 Uttar Pradesh/Marginal/number/SCvsST,True,in <s> according to the <n> agriculture census which social group operates a larger share of <g> <g> <g> or are the two roughly equal
agrifacts-01857,7792420daaf7,landholding,area,Mizoram,All,AgCensus2015-16 T2-4,AgCensus2015-16 T2-4 Mizoram/All/area/SmallvsSemi-medium,False,based on the <n> agriculture census in <s> among farmers does the <g> the <g> or are the two roughly equal in accounting for the larger share of <m>
agrifacts-01858,b3f80e9bf61c,social_group,number,Gujarat,All Classes,AgCensus2015-16 T2-4,AgCensus2015-16 T2-4 Gujarat/All Classes/number/SCvsOthers,False,in <s> according to the <n> agriculture census which social group operates a larger share of <m> <g> <g> or are the two roughly equal
agrifacts-01859,353e4c8e6432,landholding,area,Punjab,SC,AgCensus2015-16 T2-4,AgCensus2015-16 T2-4 Punjab/SC/area/SmallvsLarge,True,in <s> according to the <n> agriculture census among <g> which size class accounts for a larger share of <m> <g> <g> or are the two roughly equal
agrifacts-01860,cdab7585b8dd,gender,area,All,Large,AgCensus2015-16 T14-16,AgCensus2015-16 T14-16 All/Large/area/MvF,False,in the <n> agriculture census across <s> india for <g> do <g> or <g> operate a larger portion or are they roughly equal
agrifacts-01861,ef8dead38902,landholding,number,Chhattisgarh,All,AgCensus2015-16 T2-4,AgCensus2015-16 T2-4 Chhattisgarh/All/number/SmallvsMedium,False,in <s> according to the <n> agriculture census among farmers which size class accounts for a larger share of <m> <g> <g> or are the two roughly equal
agrifacts-01862,b3f80e9bf61c,social_group,number,Goa,All Classes,AgCensus2015-16 T2-4,AgCensus2015-16 T2-4 Goa/All Classes/number/STvsOthers,False,in <s> according to the <n> agriculture census which social group operates a larger share of <m> <g> <g> or are the two roughly equal
agrifacts-01863,40bb65a91e58,landholding,area,Jharkhand,All,AgCensus2015-16 T2-4,AgCensus2015-16 T2-4 Jharkhand/All/area/SmallvsMedium,True,in <s> based on the <n> agriculture census which size class <g> or <g> holds a greater portion of <m> among farmers or are the two roughly equal
agrifacts-01864,0d519282b5bf,social_group,area,Haryana,Semi-medium,AgCensus2015-16 T2-4,AgCensus2015-16 T2-4 Haryana/Semi-medium/area/STvsOthers,False,in <s> according to the <n> agriculture census which social group operates a larger share of <g> <g> <g> or are the two roughly equal
agrifacts-01865,dc443e2ebc5b,social_group,number,Telangana,Marginal,AgCensus2015-16 T2-4,AgCensus2015-16 T2-4 Telangana/Marginal/number/SCvsST,True,in the <n> agriculture census for <s> between <g> and <g> which social group controls a greater portion of <g> or are the two roughly equal
agrifacts-01866,76bd61ac1cef,gender,area,SC,femaleShare,AgCensus2015-16 T14-16,AgCensus2015-16 T14-16 SC/femaleShare/area/LargevsSmall,False,considering the nationwide <n> agriculture census for <g> does the proportion of <m> managed by <g> tend to be greater in <g> s greater in <g> s or roughly equal between the two
agrifacts-01867,0d519282b5bf,social_group,number,Gujarat,Semi-medium,AgCensus2015-16 T2-4,AgCensus2015-16 T2-4 Gujarat/Semi-medium/number/STvsOthers,False,in <s> according to the <n> agriculture census which social group operates a larger share of <g> <g> <g> or are the two roughly equal
agrifacts-01868,e406e4eac8b2,social_group,number,Kerala,Semi-medium,AgCensus2015-16 T2-4,AgCensus2015-16 T2-4 Kerala/Semi-medium/number/SCvsST,True,per the <n> agriculture census in <s> do <g> <g> or are the two roughly equal operate a larger share of <g>
agrifacts-01869,0d519282b5bf,social_group,area,Assam,Marginal,AgCensus2015-16 T2-4,AgCensus2015-16 T2-4 Assam/Marginal/area/SCvsOthers,False,in <s> according to the <n> agriculture census which social group operates a larger share of <g> <g> <g> or are the two roughly equal
agrifacts-01870,4af2d412be2c,landholding,area,Goa,All,AgCensus2015-16 T2-4,AgCensus2015-16 T2-4 Goa/All/area/SmallvsSemi-medium,False,in <s> based on the <n> agriculture census between <g> <g> and the possibility of them being roughly equal which size class holds a greater portion of <m> among farmers
agrifacts-01871,353e4c8e6432,landholding,number,Nagaland,ST,AgCensus2015-16 T2-4,AgCensus2015-16 T2-4 Nagaland/ST/number/MarginalvsMedium,False,in <s> according to the <n> agriculture census among <g> which size class accounts for a larger share of <m> <g> <g> or are the two roughly equal
agrifacts-01872,353e4c8e6432,landholding,number,Gujarat,SC,AgCensus2015-16 T2-4,AgCensus2015-16 T2-4 Gujarat/SC/number/Semi-mediumvsMedium,True,in <s> according to the <n> agriculture census among <g> which size class accounts for a larger share of <m> <g> <g> or are the two roughly equal
agrifacts-01873,16a69b2c9b96,social_group,number,Kerala,Semi-medium,AgCensus2015-16 T2-4,AgCensus2015-16 T2-4 Kerala/Semi-medium/number/SCvsST,True,in <s> per the <n> agriculture census do <g> <g> or the two roughly equal groups run a greater portion of <g>
agrifacts-01874,40b3d67ad7db,gender,area,ST,femaleShare,AgCensus2015-16 T14-16,AgCensus2015-16 T14-16 ST/femaleShare/area/MarginalvsMedium,False,at the <s> india level in the <n> agriculture census among <g> is the share of <m> <m> by <g> larger for <g> for <g> or roughly the same for both
agrifacts-01875,0ee6ef21a065,landholding,area,Andhra Pradesh,ST,AgCensus2015-16 T2-4,AgCensus2015-16 T2-4 Andhra Pradesh/ST/area/SmallvsSemi-medium,False,based on the <n> agriculture census in <s> for <g> does a <g> or a <g> represent a greater portion of the <m> or are the two roughly equal
agrifacts-01876,0d519282b5bf,social_group,number,Karnataka,Semi-medium,AgCensus2015-16 T2-4,AgCensus2015-16 T2-4 Karnataka/Semi-medium/number/SCvsST,True,in <s> according to the <n> agriculture census which social group operates a larger share of <g> <g> <g> or are the two roughly equal
agrifacts-01877,4280cde513d0,social_group,number,Rajasthan,Semi-medium,AgCensus2015-16 T2-4,AgCensus2015-16 T2-4 Rajasthan/Semi-medium/number/SCvsST,True,in the <n> agriculture census of <s> is the proportion of <g> <m> by <g> greater by <g> greater or are they roughly equal
agrifacts-01878,ef8dead38902,landholding,number,Odisha,All,AgCensus2015-16 T2-4,AgCensus2015-16 T2-4 Odisha/All/number/MarginalvsLarge,False,in <s> according to the <n> agriculture census among farmers which size class accounts for a larger share of <m> <g> <g> or are the two roughly equal
agrifacts-01879,ef8dead38902,landholding,number,Arunachal Pradesh,All,AgCensus2015-16 T2-4,AgCensus2015-16 T2-4 Arunachal Pradesh/All/number/SmallvsMedium,True,in <s> according to the <n> agriculture census among farmers which size class accounts for a larger share of <m> <g> <g> or are the two roughly equal
agrifacts-01880,353e4c8e6432,landholding,number,Chhattisgarh,SC,AgCensus2015-16 T2-4,AgCensus2015-16 T2-4 Chhattisgarh/SC/number/SmallvsSemi-medium,False,in <s> according to the <n> agriculture census among <g> which size class accounts for a larger share of <m> <g> <g> or are the two roughly equal
agrifacts-01881,4cfdd39a9b44,landholding,area,Jharkhand,SC,AgCensus2015-16 T2-4,AgCensus2015-16 T2-4 Jharkhand/SC/area/SmallvsMedium,False,based on the <n> agriculture census in <s> for <g> does <g> or <g> hold a larger portion of <m> land or are the two roughly equal
agrifacts-01882,2284d49820e8,social_group,number,Jharkhand,Semi-medium,AgCensus2015-16 T2-4,AgCensus2015-16 T2-4 Jharkhand/Semi-medium/number/STvsOthers,True,based on the <n> agriculture census in <s> do <g> or <g> operate a greater proportion of <g> or are the two roughly equal
agrifacts-01883,c2da792fa11b,landholding,area,Gujarat,All,AgCensus2015-16 T2-4,AgCensus2015-16 T2-4 Gujarat/All/area/Semi-mediumvsMedium,False,according to the <n> agriculture census in <s> among farmers is the share of <m> larger for <g> or for <g> or are the two roughly equal
agrifacts-01884,d4408f8c3228,landholding,area,Goa,All,AgCensus2015-16 T2-4,AgCensus2015-16 T2-4 Goa/All/area/Semi-mediumvsMedium,False,based on the <n> agriculture census in <s> which size class <g> or <g> represents a greater portion of the <m> among farmers or are the two roughly equal
agrifacts-01885,21a8804baa9d,social_group,area,Karnataka,All Classes,AgCensus2015-16 T2-4,AgCensus2015-16 T2-4 Karnataka/All Classes/area/SCvsST,True,based on the <n> agriculture census in <s> between <g> and <g> which social group controls a greater proportion of <m> or are the two roughly equal
agrifacts-01886,0d519282b5bf,social_group,number,Gujarat,Medium,AgCensus2015-16 T2-4,AgCensus2015-16 T2-4 Gujarat/Medium/number/STvsOthers,True,in <s> according to the <n> agriculture census which social group operates a larger share of <g> <g> <g> or are the two roughly equal
agrifacts-01887,353e4c8e6432,landholding,number,Tamil Nadu,SC,AgCensus2015-16 T2-4,AgCensus2015-16 T2-4 Tamil Nadu/SC/number/MarginalvsMedium,True,in <s> according to the <n> agriculture census among <g> which size class accounts for a larger share of <m> <g> <g> or are the two roughly equal
agrifacts-01888,0ad99c86c0f6,landholding,number,Arunachal Pradesh,All,AgCensus2015-16 T2-4,AgCensus2015-16 T2-4 Arunachal Pradesh/All/number/SmallvsMedium,True,per the <n> agriculture census in <s> do <g> or <g> account for a greater share of farmers <m> or are the two roughly equal
agrifacts-01889,ef8dead38902,landholding,area,Goa,All,AgCensus2015-16 T2-4,AgCensus2015-16 T2-4 Goa/All/area/Semi-mediumvsMedium,False,in <s> according to the <n> agriculture census among farmers which size class accounts for a larger share of <m> <g> <g> or are the two roughly equal
agrifacts-01890,353e4c8e6432,landholding,number,Andhra Pradesh,SC,AgCensus2015-16 T2-4,AgCensus2015-16 T2-4 Andhra Pradesh/SC/number/SmallvsSemi-medium,False,in <s> according to the <n> agriculture census among <g> which size class accounts for a larger share of <m> <g> <g> or are the two roughly equal
agrifacts-01891,0d519282b5bf,social_group,number,Karnataka,Large,AgCensus2015-16 T2-4,AgCensus2015-16 T2-4 Karnataka/Large/number/SCvsST,True,in <s> according to the <n> agriculture census which social group operates a larger share of <g> <g> <g> or are the two roughly equal
agrifacts-01892,4f0f2d6b7728,gender,number,SC,Large,AgCensus2015-16 T14-16,AgCensus2015-16 T14-16 SC/Large/number/MvF,True,at the <s> india level in the <n> agriculture census among <g> among <g> who operates a larger share <g> <g> or are the two roughly equal
agrifacts-01893,353e4c8e6432,landholding,number,Kerala,SC,AgCensus2015-16 T2-4,AgCensus2015-16 T2-4 Kerala/SC/number/MarginalvsSemi-medium,True,in <s> according to the <n> agriculture census among <g> which size class accounts for a larger share of <m> <g> <g> or are the two roughly equal
agrifacts-01894,a78def40fe66,social_group,area,Tripura,All Classes,AgCensus2015-16 T2-4,AgCensus2015-16 T2-4 Tripura/All Classes/area/STvsOthers,True,based on the <n> agriculture census in <s> is the share of <m> larger for <g> larger for <g> or are the two roughly equal
agrifacts-01895,0766ea92adb5,social_group,number,Maharashtra,Small,AgCensus2015-16 T2-4,AgCensus2015-16 T2-4 Maharashtra/Small/number/SCvsST,False,based on the <n> agriculture census in <s> among <g> and <g> which social group operates the larger portion of <g> or are the two roughly equal
agrifacts-01896,353e4c8e6432,landholding,number,Uttarakhand,ST,AgCensus2015-16 T2-4,AgCensus2015-16 T2-4 Uttarakhand/ST/number/SmallvsMedium,False,in <s> according to the <n> agriculture census among <g> which size class accounts for a larger share of <m> <g> <g> or are the two roughly equal
agrifacts-01897,353e4c8e6432,landholding,number,Sikkim,ST,AgCensus2015-16 T2-4,AgCensus2015-16 T2-4 Sikkim/ST/number/MarginalvsLarge,True,in <s> according to the <n> agriculture census among <g> which size class accounts for a larger share of <m> <g> <g> or are the two roughly equal
agrifacts-01898,e20999aaeb85,gender,number,ST,Small,AgCensus2015-16 T14-16,AgCensus2015-16 T14-16 ST/Small/number/MvF,True,among <g> at the <s> india level in the <n> agriculture census for <g> is the larger share <m> by <g> by <g> or are the two roughly equal
agrifacts-01899,0a3e3ebb9f8d,social_group,number,Karnataka,Medium,AgCensus2015-16 T2-4,AgCensus2015-16 T2-4 Karnataka/Medium/number/SCvsST,False,based on the <n> agriculture census in <s> are <g> <g> or are the two roughly equal in operating a larger share of <g>
agrifacts-01900,353e4c8e6432,landholding,number,Madhya Pradesh,SC,AgCensus2015-16 T2-4,AgCensus2015-16 T2-4 Madhya Pradesh/SC/number/MarginalvsLarge,False,in <s> according to the <n> agriculture census among <g> which size class accounts for a larger share of <m> <g> <g> or are the two roughly equal
agrifacts-01901,ff838cab48b1,social_group,number,Rajasthan,All Classes,AgCensus2015-16 T2-4,AgCensus2015-16 T2-4 Rajasthan/All Classes/number/SCvsST,False,based on the <n> agriculture census in <s> which of these social groups <g> <g> or are the two roughly equal operates a larger share of <m>
agrifacts-01902,353e4c8e6432,landholding,number,Chhattisgarh,ST,AgCensus2015-16 T2-4,AgCensus2015-16 T2-4 Chhattisgarh/ST/number/MarginalvsSmall,False,in <s> according to the <n> agriculture census among <g> which size class accounts for a larger share of <m> <g> <g> or are the two roughly equal
agrifacts-01903,40b3d67ad7db,gender,number,SC,femaleShare,AgCensus2015-16 T14-16,AgCensus2015-16 T14-16 SC/femaleShare/number/LargevsSmall,False,at the <s> india level in the <n> agriculture census among <g> is the share of <m> <m> by <g> larger for <g> for <g> or roughly the same for both
agrifacts-01904,066d39497035,landholding,area,Maharashtra,All,AgCensus2015-16 T2-4,AgCensus2015-16 T2-4 Maharashtra/All/area/SmallvsSemi-medium,False,based on the <n> agriculture census in <s> between <g> and <g> which size class holds a greater portion of the <m> among farmers or are the two roughly equal
agrifacts-01905,353e4c8e6432,landholding,number,Himachal Pradesh,ST,AgCensus2015-16 T2-4,AgCensus2015-16 T2-4 Himachal Pradesh/ST/number/SmallvsLarge,True,in <s> according to the <n> agriculture census among <g> which size class accounts for a larger share of <m> <g> <g> or are the two roughly equal
agrifacts-01906,0d519282b5bf,social_group,area,Assam,Semi-medium,AgCensus2015-16 T2-4,AgCensus2015-16 T2-4 Assam/Semi-medium/area/STvsOthers,True,in <s> according to the <n> agriculture census which social group operates a larger share of <g> <g> <g> or are the two roughly equal
agrifacts-01907,0d519282b5bf,social_group,number,Bihar,Marginal,AgCensus2015-16 T2-4,AgCensus2015-16 T2-4 Bihar/Marginal/number/SCvsST,False,in <s> according to the <n> agriculture census which social group operates a larger share of <g> <g> <g> or are the two roughly equal
agrifacts-01908,ef8dead38902,landholding,number,Assam,All,AgCensus2015-16 T2-4,AgCensus2015-16 T2-4 Assam/All/number/MarginalvsLarge,True,in <s> according to the <n> agriculture census among farmers which size class accounts for a larger share of <m> <g> <g> or are the two roughly equal
agrifacts-01909,219cc6ef0f15,landholding,number,Haryana,SC,AgCensus2015-16 T2-4,AgCensus2015-16 T2-4 Haryana/SC/number/SmallvsSemi-medium,False,in <s> based on the <n> agriculture census which size class <g> or <g> holds a greater proportion of land among <g> or are the two roughly equal
agrifacts-01910,b3f80e9bf61c,social_group,number,Madhya Pradesh,All Classes,AgCensus2015-16 T2-4,AgCensus2015-16 T2-4 Madhya Pradesh/All Classes/number/STvsOthers,False,in <s> according to the <n> agriculture census which social group operates a larger share of <m> <g> <g> or are the two roughly equal
agrifacts-01911,353e4c8e6432,landholding,area,Mizoram,ST,AgCensus2015-16 T2-4,AgCensus2015-16 T2-4 Mizoram/ST/area/SmallvsSemi-medium,False,in <s> according to the <n> agriculture census among <g> which size class accounts for a larger share of <m> <g> <g> or are the two roughly equal
agrifacts-01912,0d519282b5bf,social_group,number,Haryana,Large,AgCensus2015-16 T2-4,AgCensus2015-16 T2-4 Haryana/Large/number/STvsOthers,False,in <s> according to the <n> agriculture census which social group operates a larger share of <g> <g> <g> or are the two roughly equal
agrifacts-01913,b3f80e9bf61c,social_group,area,Himachal Pradesh,All Classes,AgCensus2015-16 T2-4,AgCensus2015-16 T2-4 Himachal Pradesh/All Classes/area/STvsOthers,True,in <s> according to the <n> agriculture census which social group operates a larger share of <m> <g> <g> or are the two roughly equal
agrifacts-01914,ef8dead38902,landholding,number,Jammu & Kashmir,All,AgCensus2015-16 T2-4,AgCensus2015-16 T2-4 Jammu & Kashmir/All/number/MarginalvsSemi-medium,False,in <s> according to the <n> agriculture census among farmers which size class accounts for a larger share of <m> <g> <g> or are the two roughly equal
agrifacts-01915,7683207f5ffe,social_group,area,Rajasthan,Small,AgCensus2015-16 T2-4,AgCensus2015-16 T2-4 Rajasthan/Small/area/SCvsST,True,in the <n> agriculture census for <s> between <g> and <g> which social group has a greater portion of <g> or are they roughly equal
agrifacts-01916,040488d00bd0,social_group,area,Rajasthan,Semi-medium,AgCensus2015-16 T2-4,AgCensus2015-16 T2-4 Rajasthan/Semi-medium/area/SCvsST,True,in the <n> agriculture census of <s> between <g> and <g> which social group controls a greater proportion of the <g> or are they roughly equal
agrifacts-01917,b3f80e9bf61c,social_group,number,Uttarakhand,All Classes,AgCensus2015-16 T2-4,AgCensus2015-16 T2-4 Uttarakhand/All Classes/number/SCvsOthers,False,in <s> according to the <n> agriculture census which social group operates a larger share of <m> <g> <g> or are the two roughly equal
agrifacts-01918,0d519282b5bf,social_group,number,Haryana,Marginal,AgCensus2015-16 T2-4,AgCensus2015-16 T2-4 Haryana/Marginal/number/SCvsOthers,True,in <s> according to the <n> agriculture census which social group operates a larger share of <g> <g> <g> or are the two roughly equal
agrifacts-01919,0d519282b5bf,social_group,area,Jharkhand,Semi-medium,AgCensus2015-16 T2-4,AgCensus2015-16 T2-4 Jharkhand/Semi-medium/area/SCvsST,True,in <s> according to the <n> agriculture census which social group operates a larger share of <g> <g> <g> or are the two roughly equal
agrifacts-01920,701b51b689a2,social_group,number,Jharkhand,Semi-medium,AgCensus2015-16 T2-4,AgCensus2015-16 T2-4 Jharkhand/Semi-medium/number/STvsOthers,True,based on the <n> agriculture census in <s> do <g> <g> or are the two roughly equal have a bigger portion of <g>
agrifacts-01921,03c959007b09,social_group,area,Rajasthan,Small,AgCensus2015-16 T2-4,AgCensus2015-16 T2-4 Rajasthan/Small/area/SCvsST,True,based on the <n> agriculture census in <s> does the <g> group or the <g> group operate a larger portion of <g> or are the two roughly equal
agrifacts-01922,0d519282b5bf,social_group,number,Madhya Pradesh,Medium,AgCensus2015-16 T2-4,AgCensus2015-16 T2-4 Madhya Pradesh/Medium/number/STvsOthers,True,in <s> according to the <n> agriculture census which social group operates a larger share of <g> <g> <g> or are the two roughly equal
agrifacts-01923,ef8dead38902,landholding,number,Andhra Pradesh,All,AgCensus2015-16 T2-4,AgCensus2015-16 T2-4 Andhra Pradesh/All/number/MarginalvsSemi-medium,False,in <s> according to the <n> agriculture census among farmers which size class accounts for a larger share of <m> <g> <g> or are the two roughly equal
agrifacts-01924,277c79d0be1e,social_group,area,Telangana,Marginal,AgCensus2015-16 T2-4,AgCensus2015-16 T2-4 Telangana/Marginal/area/SCvsST,False,according to the <n> agriculture census in <s> between <g> and <g> which social group controls a greater portion of <g> or are they roughly equal
agrifacts-01925,0d519282b5bf,social_group,number,Punjab,Medium,AgCensus2015-16 T2-4,AgCensus2015-16 T2-4 Punjab/Medium/number/STvsOthers,True,in <s> according to the <n> agriculture census which social group operates a larger share of <g> <g> <g> or are the two roughly equal
agrifacts-01926,ef8dead38902,landholding,number,Maharashtra,All,AgCensus2015-16 T2-4,AgCensus2015-16 T2-4 Maharashtra/All/number/MarginalvsLarge,True,in <s> according to the <n> agriculture census among farmers which size class accounts for a larger share of <m> <g> <g> or are the two roughly equal
agrifacts-01927,353e4c8e6432,landholding,number,Jharkhand,SC,AgCensus2015-16 T2-4,AgCensus2015-16 T2-4 Jharkhand/SC/number/MarginalvsSmall,False,in <s> according to the <n> agriculture census among <g> which size class accounts for a larger share of <m> <g> <g> or are the two roughly equal
agrifacts-01928,ef8dead38902,landholding,area,Rajasthan,All,AgCensus2015-16 T2-4,AgCensus2015-16 T2-4 Rajasthan/All/area/MediumvsLarge,False,in <s> according to the <n> agriculture census among farmers which size class accounts for a larger share of <m> <g> <g> or are the two roughly equal
agrifacts-01929,ef8dead38902,landholding,area,Jharkhand,All,AgCensus2015-16 T2-4,AgCensus2015-16 T2-4 Jharkhand/All/area/MarginalvsMedium,False,in <s> according to the <n> agriculture census among farmers which size class accounts for a larger share of <m> <g> <g> or are the two roughly equal
agrifacts-01930,51ca9a093993,social_group,area,Telangana,Large,AgCensus2015-16 T2-4,AgCensus2015-16 T2-4 Telangana/Large/area/SCvsST,False,based on the <n> agriculture census for <s> do <g> or <g> hold a greater portion of the <g> or are the two roughly equal
agrifacts-01931,325b802dce31,landholding,area,Haryana,All,AgCensus2015-16 T2-4,AgCensus2015-16 T2-4 Haryana/All/area/MarginalvsSmall,True,according to the <n> agriculture census in <s> which size class <g> or <g> holds a larger portion of <m> land among farmers or are the two roughly equal
agrifacts-01932,0d519282b5bf,social_group,area,Bihar,Marginal,AgCensus2015-16 T2-4,AgCensus2015-16 T2-4 Bihar/Marginal/area/STvsOthers,False,in <s> according to the <n> agriculture census which social group operates a larger share of <g> <g> <g> or are the two roughly equal
agrifacts-01933,0d519282b5bf,social_group,number,Madhya Pradesh,Medium,AgCensus2015-16 T2-4,AgCensus2015-16 T2-4 Madhya Pradesh/Medium/number/SCvsST,True,in <s> according to the <n> agriculture census which social group operates a larger share of <g> <g> <g> or are the two roughly equal
agrifacts-01934,0a440ab53bd3,gender,number,ST,Medium,AgCensus2015-16 T14-16,AgCensus2015-16 T14-16 ST/Medium/number/MvF,False,in the <n> agriculture census across <s> india for <g> with <g> do <g> <g> or the two roughly equal groups operate a larger share
agrifacts-01935,01f0940eece4,landholding,area,Goa,All,AgCensus2015-16 T2-4,AgCensus2015-16 T2-4 Goa/All/area/Semi-mediumvsMedium,False,based on the <n> agriculture census in <s> regarding farmers which size class <g> or <g> accounts for a larger share of <m> or are the two roughly equal
agrifacts-01936,7193c3928488,social_group,number,Karnataka,Semi-medium,AgCensus2015-16 T2-4,AgCensus2015-16 T2-4 Karnataka/Semi-medium/number/SCvsST,True,based on the <n> agriculture census in <s> is the share of <g> <m> by <g> larger by <g> larger or are the two roughly equal
agrifacts-01937,0d519282b5bf,social_group,area,Bihar,Semi-medium,AgCensus2015-16 T2-4,AgCensus2015-16 T2-4 Bihar/Semi-medium/area/SCvsOthers,False,in <s> according to the <n> agriculture census which social group operates a larger share of <g> <g> <g> or are the two roughly equal
agrifacts-01938,353e4c8e6432,landholding,number,Gujarat,ST,AgCensus2015-16 T2-4,AgCensus2015-16 T2-4 Gujarat/ST/number/Semi-mediumvsMedium,False,in <s> according to the <n> agriculture census among <g> which size class accounts for a larger share of <m> <g> <g> or are the two roughly equal
agrifacts-01939,45d41de02ae1,landholding,area,Rajasthan,All,AgCensus2015-16 T2-4,AgCensus2015-16 T2-4 Rajasthan/All/area/MediumvsLarge,False,in <s> based on the <n> agriculture census between <g> and <g> among farmers which size class holds a bigger portion of <m> or are they roughly equal
agrifacts-01940,0d519282b5bf,social_group,area,Gujarat,Medium,AgCensus2015-16 T2-4,AgCensus2015-16 T2-4 Gujarat/Medium/area/STvsOthers,False,in <s> according to the <n> agriculture census which social group operates a larger share of <g> <g> <g> or are the two roughly equal
agrifacts-01941,353e4c8e6432,landholding,number,Rajasthan,SC,AgCensus2015-16 T2-4,AgCensus2015-16 T2-4 Rajasthan/SC/number/MarginalvsSemi-medium,True,in <s> according to the <n> agriculture census among <g> which size class accounts for a larger share of <m> <g> <g> or are the two roughly equal
agrifacts-01942,210b9ee4b276,social_group,area,Maharashtra,Marginal,AgCensus2015-16 T2-4,AgCensus2015-16 T2-4 Maharashtra/Marginal/area/SCvsST,False,according to the <n> agriculture census in <s> between <g> and <g> which social group has a greater share of <g> or are they roughly equal
agrifacts-01943,353e4c8e6432,landholding,number,Jharkhand,ST,AgCensus2015-16 T2-4,AgCensus2015-16 T2-4 Jharkhand/ST/number/SmallvsLarge,True,in <s> according to the <n> agriculture census among <g> which size class accounts for a larger share of <m> <g> <g> or are the two roughly equal
agrifacts-01944,40b3d67ad7db,gender,number,SC,femaleShare,AgCensus2015-16 T14-16,AgCensus2015-16 T14-16 SC/femaleShare/number/MarginalvsMedium,True,at the <s> india level in the <n> agriculture census among <g> is the share of <m> <m> by <g> larger for <g> for <g> or roughly the same for both
agrifacts-01945,353e4c8e6432,landholding,number,Telangana,SC,AgCensus2015-16 T2-4,AgCensus2015-16 T2-4 Telangana/SC/number/MarginalvsMedium,True,in <s> according to the <n> agriculture census among <g> which size class accounts for a larger share of <m> <g> <g> or are the two roughly equal
agrifacts-01946,353e4c8e6432,landholding,number,Karnataka,SC,AgCensus2015-16 T2-4,AgCensus2015-16 T2-4 Karnataka/SC/number/SmallvsSemi-medium,False,in <s> according to the <n> agriculture census among <g> which size class accounts for a larger share of <m> <g> <g> or are the two roughly equal
agrifacts-01947,353e4c8e6432,landholding,number,Assam,SC,AgCensus2015-16 T2-4,AgCensus2015-16 T2-4 Assam/SC/number/Semi-mediumvsLarge,True,in <s> according to the <n> agriculture census among <g> which size class accounts for a larger share of <m> <g> <g> or are the two roughly equal
agrifacts-01948,0d519282b5bf,social_group,number,Himachal Pradesh,Small,AgCensus2015-16 T2-4,AgCensus2015-16 T2-4 Himachal Pradesh/Small/number/SCvsOthers,True,in <s> according to the <n> agriculture census which social group operates a larger share of <g> <g> <g> or are the two roughly equal
agrifacts-01949,714b40dedfa0,landholding,area,Punjab,All,AgCensus2015-16 T2-4,AgCensus2015-16 T2-4 Punjab/All/area/Semi-mediumvsLarge,False,in the <n> agriculture census for <s> of the farmers which size class holds a bigger portion of <m> land the <g> the <g> or are the two roughly equal
agrifacts-01950,0d519282b5bf,social_group,number,Himachal Pradesh,Medium,AgCensus2015-16 T2-4,AgCensus2015-16 T2-4 Himachal Pradesh/Medium/number/STvsOthers,True,in <s> according to the <n> agriculture census which social group operates a larger share of <g> <g> <g> or are the two roughly equal
agrifacts-01951,e446137e11fe,social_group,area,Karnataka,All Classes,AgCensus2015-16 T2-4,AgCensus2015-16 T2-4 Karnataka/All Classes/area/SCvsST,True,based on the <n> agriculture census in <s> is the <m> share larger for <g> larger for <g> or are the two roughly equal
agrifacts-01952,40b3d67ad7db,gender,area,SC,femaleShare,AgCensus2015-16 T14-16,AgCensus2015-16 T14-16 SC/femaleShare/area/MarginalvsMedium,False,at the <s> india level in the <n> agriculture census among <g> is the share of <m> <m> by <g> larger for <g> for <g> or roughly the same for both
agrifacts-01953,cfc538122520,social_group,number,Kerala,Semi-medium,AgCensus2015-16 T2-4,AgCensus2015-16 T2-4 Kerala/Semi-medium/number/SCvsST,True,based on the <n> agriculture census in <s> which social group <g> <g> or are the two roughly equal manages a greater portion of <g>
agrifacts-01954,ee7732d6bc54,landholding,area,D & N Haveli,All,AgCensus2015-16 T2-4,AgCensus2015-16 T2-4 D & N Haveli/All/area/MarginalvsSmall,False,in the <n> agriculture census for <s> of the total <m> by farmers does <g> or <g> con <s> itute the greater portion or are they roughly equal
agrifacts-01955,df8382f4aadf,social_group,number,Uttarakhand,Semi-medium,AgCensus2015-16 T2-4,AgCensus2015-16 T2-4 Uttarakhand/Semi-medium/number/SCvsST,True,based on the <n> agriculture census in <s> do <g> <g> or are the two roughly equal in their share of operating <g>
agrifacts-01956,0d519282b5bf,social_group,number,Rajasthan,Medium,AgCensus2015-16 T2-4,AgCensus2015-16 T2-4 Rajasthan/Medium/number/STvsOthers,True,in <s> according to the <n> agriculture census which social group operates a larger share of <g> <g> <g> or are the two roughly equal
agrifacts-01957,a276796404fd,social_group,area,Maharashtra,All Classes,AgCensus2015-16 T2-4,AgCensus2015-16 T2-4 Maharashtra/All Classes/area/SCvsST,False,how does the share of <m> compare between <g> and <g> in <s> based on the <n> agriculture census does one group have more or are they roughly equal
agrifacts-01958,ef8dead38902,landholding,number,Punjab,All,AgCensus2015-16 T2-4,AgCensus2015-16 T2-4 Punjab/All/number/MediumvsLarge,True,in <s> according to the <n> agriculture census among farmers which size class accounts for a larger share of <m> <g> <g> or are the two roughly equal
agrifacts-01959,353e4c8e6432,landholding,number,Nagaland,ST,AgCensus2015-16 T2-4,AgCensus2015-16 T2-4 Nagaland/ST/number/MediumvsLarge,False,in <s> according to the <n> agriculture census among <g> which size class accounts for a larger share of <m> <g> <g> or are the two roughly equal
agrifacts-01960,f27c585df928,gender,area,SC,femaleShare,AgCensus2015-16 T14-16,AgCensus2015-16 T14-16 SC/femaleShare/area/MarginalvsMedium,False,in the <n> agriculture census across <s> of india among <g> is the proportion of <m> managed by <g> greater for <g> greater for <g> or roughly equal for both
agrifacts-01961,0d519282b5bf,social_group,area,Karnataka,Semi-medium,AgCensus2015-16 T2-4,AgCensus2015-16 T2-4 Karnataka/Semi-medium/area/SCvsOthers,False,in <s> according to the <n> agriculture census which social group operates a larger share of <g> <g> <g> or are the two roughly equal
agrifacts-01962,0d519282b5bf,social_group,number,Jammu & Kashmir,Semi-medium,AgCensus2015-16 T2-4,AgCensus2015-16 T2-4 Jammu & Kashmir/Semi-medium/number/STvsOthers,False,in <s> according to the <n> agriculture census which social group operates a larger share of <g> <g> <g> or are the two roughly equal
agrifacts-01963,d8557182984b,gender,number,ST,Small,AgCensus2015-16 T14-16,AgCensus2015-16 T14-16 ST/Small/number/MvF,True,in the <n> agriculture census considering <g> at the <s> india level which group <g> <g> or are the two roughly equal holds a larger share among <g>
agrifacts-01964,348388906971,landholding,number,Jammu & Kashmir,SC,AgCensus2015-16 T2-4,AgCensus2015-16 T2-4 Jammu & Kashmir/SC/number/Semi-mediumvsMedium,True,in the <n> agriculture census for <s> considering <g> is the proportion of <m> greater for <g> or <g> or are the two roughly equal
agrifacts-01965,569d3e8e4ccb,landholding,number,Uttarakhand,ST,AgCensus2015-16 T2-4,AgCensus2015-16 T2-4 Uttarakhand/ST/number/SmallvsSemi-medium,False,based on the <n> agriculture census in <s> for <g> is the proportion of <m> greater for <g> greater for <g> or are the two roughly equal
agrifacts-01966,4aad0f756096,social_group,number,Andhra Pradesh,All Classes,AgCensus2015-16 T2-4,AgCensus2015-16 T2-4 Andhra Pradesh/All Classes/number/SCvsST,False,based on the <n> agriculture census in <s> which social group runs a bigger portion of <m> <g> <g> or are the two roughly equal
agrifacts-01967,b3f80e9bf61c,social_group,number,Andhra Pradesh,All Classes,AgCensus2015-16 T2-4,AgCensus2015-16 T2-4 Andhra Pradesh/All Classes/number/STvsOthers,False,in <s> according to the <n> agriculture census which social group operates a larger share of <m> <g> <g> or are the two roughly equal
agrifacts-01968,353e4c8e6432,landholding,number,Manipur,ST,AgCensus2015-16 T2-4,AgCensus2015-16 T2-4 Manipur/ST/number/SmallvsMedium,False,in <s> according to the <n> agriculture census among <g> which size class accounts for a larger share of <m> <g> <g> or are the two roughly equal
agrifacts-01969,29fea68fbc20,landholding,number,Arunachal Pradesh,ST,AgCensus2015-16 T2-4,AgCensus2015-16 T2-4 Arunachal Pradesh/ST/number/MarginalvsSmall,False,for <g> in <s> based on the <n> agriculture census which size class <g> <g> or are the two roughly equal con <s> itutes a greater proportion of <m>
agrifacts-01970,70d296cf8ab1,social_group,number,Karnataka,Large,AgCensus2015-16 T2-4,AgCensus2015-16 T2-4 Karnataka/Large/number/SCvsST,True,based on the <n> agriculture census in <s> do <g> <g> or are the two roughly equal operate a larger share of <g>
agrifacts-01971,b3f80e9bf61c,social_group,number,Uttarakhand,All Classes,AgCensus2015-16 T2-4,AgCensus2015-16 T2-4 Uttarakhand/All Classes/number/SCvsST,False,in <s> according to the <n> agriculture census which social group operates a larger share of <m> <g> <g> or are the two roughly equal
agrifacts-01972,0d519282b5bf,social_group,number,Bihar,Small,AgCensus2015-16 T2-4,AgCensus2015-16 T2-4 Bihar/Small/number/STvsOthers,False,in <s> according to the <n> agriculture census which social group operates a larger share of <g> <g> <g> or are the two roughly equal
agrifacts-01973,037b8a656bff,gender,number,ST,Marginal,AgCensus2015-16 T14-16,AgCensus2015-16 T14-16 ST/Marginal/number/MvF,False,considering the <n> agriculture census data for the <s> india level for <g> with <g> which gender operates a larger share <g> <g> or are the two roughly equal
agrifacts-01974,753cf061d4b4,social_group,number,Karnataka,Large,AgCensus2015-16 T2-4,AgCensus2015-16 T2-4 Karnataka/Large/number/SCvsST,True,in the <n> agriculture census for <s> between <g> <g> or are the two roughly equal which social group is reported to operate a larger proportion of <g>
agrifacts-01975,37f3d0863734,landholding,area,Assam,SC,AgCensus2015-16 T2-4,AgCensus2015-16 T2-4 Assam/SC/area/MarginalvsSemi-medium,True,in <s> based on the <n> agriculture census is the share of <m> larger for <g> or for <g> among <g> or are these two roughly equal
agrifacts-01976,ef8dead38902,landholding,area,Jharkhand,All,AgCensus2015-16 T2-4,AgCensus2015-16 T2-4 Jharkhand/All/area/Semi-mediumvsMedium,False,in <s> according to the <n> agriculture census among farmers which size class accounts for a larger share of <m> <g> <g> or are the two roughly equal
agrifacts-01977,088f252bd062,landholding,area,Andhra Pradesh,ST,AgCensus2015-16 T2-4,AgCensus2015-16 T2-4 Andhra Pradesh/ST/area/SmallvsSemi-medium,False,in the <n> agriculture census for <s> regarding <g> does a larger portion of <m> belong to the <g> class the <g> class or are they roughly equal
agrifacts-01978,0d519282b5bf,social_group,number,Karnataka,Medium,AgCensus2015-16 T2-4,AgCensus2015-16 T2-4 Karnataka/Medium/number/SCvsOthers,False,in <s> according to the <n> agriculture census which social group operates a larger share of <g> <g> <g> or are the two roughly equal
agrifacts-01979,ef8dead38902,landholding,number,Maharashtra,All,AgCensus2015-16 T2-4,AgCensus2015-16 T2-4 Maharashtra/All/number/MarginalvsSemi-medium,True,in <s> according to the <n> agriculture census among farmers which size class accounts for a larger share of <m> <g> <g> or are the two roughly equal
agrifacts-01980,153c4f821875,landholding,area,Uttar Pradesh,All,AgCensus2015-16 T2-4,AgCensus2015-16 T2-4 Uttar Pradesh/All/area/SmallvsSemi-medium,True,based on the <n> agriculture census in <s> among farmers do <g> <g> or are the two roughly equal in accounting for a larger share of <m>
agrifacts-01981,ef8dead38902,landholding,number,Rajasthan,All,AgCensus2015-16 T2-4,AgCensus2015-16 T2-4 Rajasthan/All/number/MarginalvsLarge,False,in <s> according to the <n> agriculture census among farmers which size class accounts for a larger share of <m> <g> <g> or are the two roughly equal
agrifacts-01982,9150d2023a66,social_group,number,Tripura,Marginal,AgCensus2015-16 T2-4,AgCensus2015-16 T2-4 Tripura/Marginal/number/SCvsST,False,according to the <n> agriculture census in <s> is the share of <g> <m> by <g> greater than less than or roughly equal to that <m> by <g>
agrifacts-01983,353e4c8e6432,landholding,number,Haryana,SC,AgCensus2015-16 T2-4,AgCensus2015-16 T2-4 Haryana/SC/number/MarginalvsSemi-medium,True,in <s> according to the <n> agriculture census among <g> which size class accounts for a larger share of <m> <g> <g> or are the two roughly equal
agrifacts-01984,525af9953fa5,gender,number,SC,Small,AgCensus2015-16 T14-16,AgCensus2015-16 T14-16 SC/Small/number/MvF,True,in the <n> agriculture census across <s> india for <g> with <g> which group operates a greater portion <g> <g> or are they roughly equal
agrifacts-01985,68c4f54fb817,social_group,area,Karnataka,All Classes,AgCensus2015-16 T2-4,AgCensus2015-16 T2-4 Karnataka/All Classes/area/SCvsST,True,based on the <n> agriculture census in <s> which social group <g> <g> or are the two roughly equal controls a greater portion of <m>
agrifacts-01986,f2e6fa1e5ea8,landholding,number,Arunachal Pradesh,All,AgCensus2015-16 T2-4,AgCensus2015-16 T2-4 Arunachal Pradesh/All/number/MarginalvsSmall,False,in the <n> agriculture census of <s> among farmers do <g> or <g> represent a greater proportion of <m> or are the two roughly equal
agrifacts-01987,29d0ccbe3bcb,landholding,area,Chhattisgarh,All,AgCensus2015-16 T2-4,AgCensus2015-16 T2-4 Chhattisgarh/All/area/MarginalvsMedium,True,among farmers in <s> as per the <n> agriculture census does <g> <g> or are the two roughly equal account for a larger share of <m>
agrifacts-01988,b3f80e9bf61c,social_group,area,Karnataka,All Classes,AgCensus2015-16 T2-4,AgCensus2015-16 T2-4 Karnataka/All Classes/area/SCvsOthers,True,in <s> according to the <n> agriculture census which social group operates a larger share of <m> <g> <g> or are the two roughly equal
agrifacts-01989,7eb82bd2e3c5,gender,number,SC,Marginal,AgCensus2015-16 T14-16,AgCensus2015-16 T14-16 SC/Marginal/number/MvF,False,considering the <n> agriculture census across <s> of india for <g> with <g> which group holds a larger operational share <g> <g> or are they roughly equal
agrifacts-01990,b3f80e9bf61c,social_group,number,Puducherry,All Classes,AgCensus2015-16 T2-4,AgCensus2015-16 T2-4 Puducherry/All Classes/number/SCvsOthers,False,in <s> according to the <n> agriculture census which social group operates a larger share of <m> <g> <g> or are the two roughly equal
agrifacts-01991,353e4c8e6432,landholding,number,Karnataka,ST,AgCensus2015-16 T2-4,AgCensus2015-16 T2-4 Karnataka/ST/number/MarginalvsSemi-medium,True,in <s> according to the <n> agriculture census among <g> which size class accounts for a larger share of <m> <g> <g> or are the two roughly equal
agrifacts-01992,ef8dead38902,landholding,number,Arunachal Pradesh,All,AgCensus2015-16 T2-4,AgCensus2015-16 T2-4 Arunachal Pradesh/All/number/Semi-mediumvsMedium,False,in <s> according to the <n> agriculture census among farmers which size class accounts for a larger share of <m> <g> <g> or are the two roughly equal
agrifacts-01993,353e4c8e6432,landholding,number,Maharashtra,SC,AgCensus2015-16 T2-4,AgCensus2015-16 T2-4 Maharashtra/SC/number/MarginalvsSemi-medium,True,in <s> according to the <n> agriculture census among <g> which size class accounts for a larger share of <m> <g> <g> or are the two roughly equal
agrifacts-01994,88c54ff05923,landholding,area,Andhra Pradesh,ST,AgCensus2015-16 T2-4,AgCensus2015-16 T2-4 Andhra Pradesh/ST/area/SmallvsSemi-medium,False,in <s> based on the <n> agriculture census does the <g> or the <g> account for a larger share of <m> among <g> or are the two roughly equal
agrifacts-01995,353e4c8e6432,landholding,number,Goa,ST,AgCensus2015-16 T2-4,AgCensus2015-16 T2-4 Goa/ST/number/MarginalvsSemi-medium,False,in <s> according to the <n> agriculture census among <g> which size class accounts for a larger share of <m> <g> <g> or are the two roughly equal
agrifacts-01996,44bf7a49bfb1,landholding,number,Bihar,ST,AgCensus2015-16 T2-4,AgCensus2015-16 T2-4 Bihar/ST/number/SmallvsSemi-medium,False,according to the <n> agriculture census in <s> for <g> do <g> or <g> account for a larger share or are these two size classes roughly equal
agrifacts-01997,0d519282b5bf,social_group,number,Chhattisgarh,Medium,AgCensus2015-16 T2-4,AgCensus2015-16 T2-4 Chhattisgarh/Medium/number/SCvsOthers,True,in <s> according to the <n> agriculture census which social group operates a larger share of <g> <g> <g> or are the two roughly equal
agrifacts-01998,4e1797f332a1,landholding,area,Andhra Pradesh,All,AgCensus2015-16 T2-4,AgCensus2015-16 T2-4 Andhra Pradesh/All/area/MarginalvsSemi-medium,True,in <s> as per the <n> agriculture census of the <m> held by farmers does <g> or <g> represent a larger portion or are the two roughly equal
agrifacts-01999,63cfbcf7c92e,landholding,area,Bihar,All,AgCensus2015-16 T2-4,AgCensus2015-16 T2-4 Bihar/All/area/SmallvsSemi-medium,False,based on the <n> agriculture census in <s> among farmers does <g> or <g> hold a larger portion of <m> or are the two roughly equal
