bundle_id,panel_role,axis,original_condition,source_cell,source_reference,condition,prompt,expected_canonical,expected_display_letter,prompt_and_gold_sha256,review_status_pass_or_fail,reviewer_id,review_date_utc,review_notes
B001,main,social_group,equal,AgCensus2015-16 T2-4 Andhra Pradesh/All Classes/area/SCvsST,https://www.fao.org/fileadmin/templates/ess/ess_test_folder/World_Census_Agriculture/WCA_2020/WCA_2020_new_doc/IND_REP_ENG_2015_2016.pdf | archived_sha256=fb01bcb922a38ef964a2ca2fddada5540426bf5b06317d931425ae8d699d6405,no_evidence,"According to the 2015-16 Agriculture Census in Andhra Pradesh, do Scheduled Castes or Scheduled Tribes operate a larger portion of the agricultural operated area, or are the two roughly equal?
a) Scheduled Castes
b) Scheduled Tribes
c) Roughly equal
Reply with JSON only: {""answer_choice_letter"": ""<a|b|c>""}",c,c,a577f57e613eb3037c10dc8c2becfa85bf067b93c4802f26ca676dbc062f772b,pass,P4R1,2026-09-18,No table or hints present; question is complete and unambiguous.
B001,main,social_group,equal,AgCensus2015-16 T2-4 Andhra Pradesh/All Classes/area/SCvsST,https://www.fao.org/fileadmin/templates/ess/ess_test_folder/World_Census_Agriculture/WCA_2020/WCA_2020_new_doc/IND_REP_ENG_2015_2016.pdf | archived_sha256=fb01bcb922a38ef964a2ca2fddada5540426bf5b06317d931425ae8d699d6405,verified_evidence,"Table (2015-16 Agriculture Census).
| group | value (percentage share (0-100)) |
|---|---|
| Scheduled Castes | 6.1719 |
| Scheduled Tribes | 5.3973 |
(denominator: All-social-groups total for Andhra Pradesh/All Classes/area=8004)
(source location: Tables 2-4, PDF pages 25,31,37)

According to the 2015-16 Agriculture Census in Andhra Pradesh, do Scheduled Castes or Scheduled Tribes operate a larger portion of the agricultural operated area, or are the two roughly equal?
a) Scheduled Castes
b) Scheduled Tribes
c) Roughly equal
Reply with JSON only: {""answer_choice_letter"": ""<a|b|c>""}",c,c,83a89012203e2907402b4367a22b547a4ccb6b47e03f4c4c978a847ab7df9ec8,pass,P4R1,2026-09-18,Table values plausible; denominator and source reference present; math verified correct.
B001,main,social_group,equal,AgCensus2015-16 T2-4 Andhra Pradesh/All Classes/area/SCvsST,https://www.fao.org/fileadmin/templates/ess/ess_test_folder/World_Census_Agriculture/WCA_2020/WCA_2020_new_doc/IND_REP_ENG_2015_2016.pdf | archived_sha256=fb01bcb922a38ef964a2ca2fddada5540426bf5b06317d931425ae8d699d6405,synthetic_evidence,"HYPOTHETICAL TABLE (not real census data). Answer only about this table.
| group | value (percentage share (0-100)) |
|---|---|
| Scheduled Castes | 16.3973 |
| Scheduled Tribes | 5.3973 |
(denominator: hypothetical percentage scale; values are not census observations)

Using only the hypothetical table, which has the larger share—Scheduled Castes, Scheduled Tribes, or are the two roughly equal?
a) Scheduled Castes
b) Scheduled Tribes
c) Roughly equal
Reply with JSON only: {""answer_choice_letter"": ""<a|b|c>""}",a,a,79afee774be8bc4ff26c9e858e1f33cb185733ad54bd1ce0671eccaaf213ad80,pass,P4R1,2026-09-18,Hypothetical label present; values distinct from verified condition; canonical differs.
B001,main,social_group,equal,AgCensus2015-16 T2-4 Andhra Pradesh/All Classes/area/SCvsST,https://www.fao.org/fileadmin/templates/ess/ess_test_folder/World_Census_Agriculture/WCA_2020/WCA_2020_new_doc/IND_REP_ENG_2015_2016.pdf | archived_sha256=fb01bcb922a38ef964a2ca2fddada5540426bf5b06317d931425ae8d699d6405,anonymised_verified_evidence,"Table (2015-16 Agriculture Census).
| group | value (percentage share (0-100)) |
|---|---|
| Group A | 6.1719 |
| Group B | 5.3973 |
(denominator: All-social-groups total for Andhra Pradesh/All Classes/area=8004)
(source location: Tables 2-4, PDF pages 25,31,37)
(Group A and Group B are anonymous labels used consistently.)

According to the 2015-16 Agriculture Census in Andhra Pradesh, do Group A or Group B operate a larger portion of the agricultural operated area, or are the two roughly equal?
a) Group A
b) Group B
c) Roughly equal
Reply with JSON only: {""answer_choice_letter"": ""<a|b|c>""}",c,c,c8a6c9eaa1c440698ea2072b4ecdad26f71463cafd19a1efaf021cff29396f56,pass,P4R1,2026-09-18,Group A/B labels used consistently in table; entity names appear only in question context (acceptable) and denominator line but NOT in table data rows.
B002,main,social_group,equal,AgCensus2015-16 T2-4 Andhra Pradesh/Semi-medium/number/SCvsST,https://www.fao.org/fileadmin/templates/ess/ess_test_folder/World_Census_Agriculture/WCA_2020/WCA_2020_new_doc/IND_REP_ENG_2015_2016.pdf | archived_sha256=fb01bcb922a38ef964a2ca2fddada5540426bf5b06317d931425ae8d699d6405,no_evidence,"In Andhra Pradesh, according to the 2015-16 Agriculture Census, which social group operates a larger share of semi-medium holdings — Scheduled Castes, Scheduled Tribes, or are the two roughly equal?
a) Roughly equal
b) Scheduled Tribes
c) Scheduled Castes
Reply with JSON only: {""answer_choice_letter"": ""<a|b|c>""}",c,a,727195429c3b024f791ddcee362b9562a5b3120d5a3c2ad427938263ccf7e6c4,pass,P4R1,2026-09-18,No table or hints present; question is complete and unambiguous.
B002,main,social_group,equal,AgCensus2015-16 T2-4 Andhra Pradesh/Semi-medium/number/SCvsST,https://www.fao.org/fileadmin/templates/ess/ess_test_folder/World_Census_Agriculture/WCA_2020/WCA_2020_new_doc/IND_REP_ENG_2015_2016.pdf | archived_sha256=fb01bcb922a38ef964a2ca2fddada5540426bf5b06317d931425ae8d699d6405,verified_evidence,"Table (2015-16 Agriculture Census).
| group | value (percentage share (0-100)) |
|---|---|
| Scheduled Castes | 4.8052 |
| Scheduled Tribes | 5.4545 |
(denominator: All-social-groups total for Andhra Pradesh/Semi-medium/number=770)
(source location: Tables 2-4, PDF pages 28,34,40)

In Andhra Pradesh, according to the 2015-16 Agriculture Census, which social group operates a larger share of semi-medium holdings — Scheduled Castes, Scheduled Tribes, or are the two roughly equal?
a) Roughly equal
b) Scheduled Tribes
c) Scheduled Castes
Reply with JSON only: {""answer_choice_letter"": ""<a|b|c>""}",c,a,c2bce511645d586e673cd7baed8f479f7685d61220022c52e85bfba5b240c1b0,pass,P4R1,2026-09-18,Table values plausible; denominator and source reference present; math verified correct.
B002,main,social_group,equal,AgCensus2015-16 T2-4 Andhra Pradesh/Semi-medium/number/SCvsST,https://www.fao.org/fileadmin/templates/ess/ess_test_folder/World_Census_Agriculture/WCA_2020/WCA_2020_new_doc/IND_REP_ENG_2015_2016.pdf | archived_sha256=fb01bcb922a38ef964a2ca2fddada5540426bf5b06317d931425ae8d699d6405,synthetic_evidence,"HYPOTHETICAL TABLE (not real census data). Answer only about this table.
| group | value (percentage share (0-100)) |
|---|---|
| Scheduled Castes | 16.4545 |
| Scheduled Tribes | 5.4545 |
(denominator: hypothetical percentage scale; values are not census observations)

Using only the hypothetical table, which has the larger share—Scheduled Castes, Scheduled Tribes, or are the two roughly equal?
a) Roughly equal
b) Scheduled Tribes
c) Scheduled Castes
Reply with JSON only: {""answer_choice_letter"": ""<a|b|c>""}",a,c,c01e88a76a4d774cbc8c45c6af8654b800f190fdb163cb5a4bdef30dc3de806c,pass,P4R1,2026-09-18,Hypothetical label present; values distinct from verified condition; canonical differs.
B002,main,social_group,equal,AgCensus2015-16 T2-4 Andhra Pradesh/Semi-medium/number/SCvsST,https://www.fao.org/fileadmin/templates/ess/ess_test_folder/World_Census_Agriculture/WCA_2020/WCA_2020_new_doc/IND_REP_ENG_2015_2016.pdf | archived_sha256=fb01bcb922a38ef964a2ca2fddada5540426bf5b06317d931425ae8d699d6405,anonymised_verified_evidence,"Table (2015-16 Agriculture Census).
| group | value (percentage share (0-100)) |
|---|---|
| Group A | 4.8052 |
| Group B | 5.4545 |
(denominator: All-social-groups total for Andhra Pradesh/Semi-medium/number=770)
(source location: Tables 2-4, PDF pages 28,34,40)
(Group A and Group B are anonymous labels used consistently.)

In Andhra Pradesh, according to the 2015-16 Agriculture Census, which social group operates a larger share of semi-medium holdings — Group A, Group B, or are the two roughly equal?
a) Roughly equal
b) Group B
c) Group A
Reply with JSON only: {""answer_choice_letter"": ""<a|b|c>""}",c,a,df18d88a95a2e57429c1e2bf369688d0a51f0bea40578058e60b45e84cb98cf1,pass,P4R1,2026-09-18,Group A/B labels used consistently in table; entity names appear only in question context (acceptable) and denominator line but NOT in table data rows.
B003,main,social_group,equal,AgCensus2015-16 T2-4 Andhra Pradesh/Small/area/SCvsST,https://www.fao.org/fileadmin/templates/ess/ess_test_folder/World_Census_Agriculture/WCA_2020/WCA_2020_new_doc/IND_REP_ENG_2015_2016.pdf | archived_sha256=fb01bcb922a38ef964a2ca2fddada5540426bf5b06317d931425ae8d699d6405,no_evidence,"In Andhra Pradesh, according to the 2015-16 Agriculture Census, which social group operates a larger share of small operated area — Scheduled Castes, Scheduled Tribes, or are the two roughly equal?
a) Scheduled Tribes
b) Roughly equal
c) Scheduled Castes
Reply with JSON only: {""answer_choice_letter"": ""<a|b|c>""}",c,b,4d30bff7c9b1bc863b5f29dee732d42b1bb16d391e14a065995cecc97e732434,pass,P4R1,2026-09-18,No table or hints present; question is complete and unambiguous.
B003,main,social_group,equal,AgCensus2015-16 T2-4 Andhra Pradesh/Small/area/SCvsST,https://www.fao.org/fileadmin/templates/ess/ess_test_folder/World_Census_Agriculture/WCA_2020/WCA_2020_new_doc/IND_REP_ENG_2015_2016.pdf | archived_sha256=fb01bcb922a38ef964a2ca2fddada5540426bf5b06317d931425ae8d699d6405,verified_evidence,"Table (2015-16 Agriculture Census).
| group | value (percentage share (0-100)) |
|---|---|
| Scheduled Castes | 6.6838 |
| Scheduled Tribes | 5.2699 |
(denominator: All-social-groups total for Andhra Pradesh/Small/area=2334)
(source location: Tables 2-4, PDF pages 27,33,39)

In Andhra Pradesh, according to the 2015-16 Agriculture Census, which social group operates a larger share of small operated area — Scheduled Castes, Scheduled Tribes, or are the two roughly equal?
a) Scheduled Tribes
b) Roughly equal
c) Scheduled Castes
Reply with JSON only: {""answer_choice_letter"": ""<a|b|c>""}",c,b,6849cf09c66b1929169fd5538c44142e0f5dcb1bbe8165630bdb384253e3d0ab,pass,P4R1,2026-09-18,Table values plausible; denominator and source reference present; math verified correct.
B003,main,social_group,equal,AgCensus2015-16 T2-4 Andhra Pradesh/Small/area/SCvsST,https://www.fao.org/fileadmin/templates/ess/ess_test_folder/World_Census_Agriculture/WCA_2020/WCA_2020_new_doc/IND_REP_ENG_2015_2016.pdf | archived_sha256=fb01bcb922a38ef964a2ca2fddada5540426bf5b06317d931425ae8d699d6405,synthetic_evidence,"HYPOTHETICAL TABLE (not real census data). Answer only about this table.
| group | value (percentage share (0-100)) |
|---|---|
| Scheduled Castes | 16.2699 |
| Scheduled Tribes | 5.2699 |
(denominator: hypothetical percentage scale; values are not census observations)

Using only the hypothetical table, which has the larger share—Scheduled Castes, Scheduled Tribes, or are the two roughly equal?
a) Scheduled Tribes
b) Roughly equal
c) Scheduled Castes
Reply with JSON only: {""answer_choice_letter"": ""<a|b|c>""}",a,c,5c496abe0fb374281fbe4bdebfd6044f12cba8ea44c8273bbfb01f29cd8575d9,pass,P4R1,2026-09-18,Hypothetical label present; values distinct from verified condition; canonical differs.
B003,main,social_group,equal,AgCensus2015-16 T2-4 Andhra Pradesh/Small/area/SCvsST,https://www.fao.org/fileadmin/templates/ess/ess_test_folder/World_Census_Agriculture/WCA_2020/WCA_2020_new_doc/IND_REP_ENG_2015_2016.pdf | archived_sha256=fb01bcb922a38ef964a2ca2fddada5540426bf5b06317d931425ae8d699d6405,anonymised_verified_evidence,"Table (2015-16 Agriculture Census).
| group | value (percentage share (0-100)) |
|---|---|
| Group A | 6.6838 |
| Group B | 5.2699 |
(denominator: All-social-groups total for Andhra Pradesh/Small/area=2334)
(source location: Tables 2-4, PDF pages 27,33,39)
(Group A and Group B are anonymous labels used consistently.)

In Andhra Pradesh, according to the 2015-16 Agriculture Census, which social group operates a larger share of small operated area — Group A, Group B, or are the two roughly equal?
a) Group B
b) Roughly equal
c) Group A
Reply with JSON only: {""answer_choice_letter"": ""<a|b|c>""}",c,b,d639c8e8dd55b7bbb97a4867a8cedf45dd8b748b4642210d6f689084ef6967c1,pass,P4R1,2026-09-18,Group A/B labels used consistently in table; entity names appear only in question context (acceptable) and denominator line but NOT in table data rows.
B004,main,social_group,equal,AgCensus2015-16 T2-4 Telangana/Marginal/number/SCvsST,https://www.fao.org/fileadmin/templates/ess/ess_test_folder/World_Census_Agriculture/WCA_2020/WCA_2020_new_doc/IND_REP_ENG_2015_2016.pdf | archived_sha256=fb01bcb922a38ef964a2ca2fddada5540426bf5b06317d931425ae8d699d6405,no_evidence,"According to the 2015-16 Agriculture Census, is the share of marginal holdings operated by Scheduled Castes and Scheduled Tribes in Telangana roughly equal, or does one of these social groups operate a larger share?
a) Scheduled Castes
b) Scheduled Tribes
c) Roughly equal
Reply with JSON only: {""answer_choice_letter"": ""<a|b|c>""}",c,c,12700e3fac70e5fa99f201d3c0169cf148e435fd3451ce6fd36f1c0a2e8f4a20,pass,P4R1,2026-09-18,No table or hints present; question is complete and unambiguous.
B004,main,social_group,equal,AgCensus2015-16 T2-4 Telangana/Marginal/number/SCvsST,https://www.fao.org/fileadmin/templates/ess/ess_test_folder/World_Census_Agriculture/WCA_2020/WCA_2020_new_doc/IND_REP_ENG_2015_2016.pdf | archived_sha256=fb01bcb922a38ef964a2ca2fddada5540426bf5b06317d931425ae8d699d6405,verified_evidence,"Table (2015-16 Agriculture Census).
| group | value (percentage share (0-100)) |
|---|---|
| Scheduled Castes | 13.6719 |
| Scheduled Tribes | 11.3542 |
(denominator: All-social-groups total for Telangana/Marginal/number=3840)
(source location: Tables 2-4, PDF pages 26,32,38)

According to the 2015-16 Agriculture Census, is the share of marginal holdings operated by Scheduled Castes and Scheduled Tribes in Telangana roughly equal, or does one of these social groups operate a larger share?
a) Scheduled Castes
b) Scheduled Tribes
c) Roughly equal
Reply with JSON only: {""answer_choice_letter"": ""<a|b|c>""}",c,c,5673828d207def0474416ba614ac54c3acf20d7b83e07d04e0a84ba7af39f36c,pass,P4R1,2026-09-18,Table values plausible; denominator and source reference present; math verified correct.
B004,main,social_group,equal,AgCensus2015-16 T2-4 Telangana/Marginal/number/SCvsST,https://www.fao.org/fileadmin/templates/ess/ess_test_folder/World_Census_Agriculture/WCA_2020/WCA_2020_new_doc/IND_REP_ENG_2015_2016.pdf | archived_sha256=fb01bcb922a38ef964a2ca2fddada5540426bf5b06317d931425ae8d699d6405,synthetic_evidence,"HYPOTHETICAL TABLE (not real census data). Answer only about this table.
| group | value (percentage share (0-100)) |
|---|---|
| Scheduled Castes | 22.3542 |
| Scheduled Tribes | 11.3542 |
(denominator: hypothetical percentage scale; values are not census observations)

Using only the hypothetical table, which has the larger share—Scheduled Castes, Scheduled Tribes, or are the two roughly equal?
a) Scheduled Castes
b) Scheduled Tribes
c) Roughly equal
Reply with JSON only: {""answer_choice_letter"": ""<a|b|c>""}",a,a,254db9563507a6cd243a38fe8ff838697cb6882892653cbd72ca3c667e0f7734,pass,P4R1,2026-09-18,Hypothetical label present; values distinct from verified condition; canonical differs.
B004,main,social_group,equal,AgCensus2015-16 T2-4 Telangana/Marginal/number/SCvsST,https://www.fao.org/fileadmin/templates/ess/ess_test_folder/World_Census_Agriculture/WCA_2020/WCA_2020_new_doc/IND_REP_ENG_2015_2016.pdf | archived_sha256=fb01bcb922a38ef964a2ca2fddada5540426bf5b06317d931425ae8d699d6405,anonymised_verified_evidence,"Table (2015-16 Agriculture Census).
| group | value (percentage share (0-100)) |
|---|---|
| Group A | 13.6719 |
| Group B | 11.3542 |
(denominator: All-social-groups total for Telangana/Marginal/number=3840)
(source location: Tables 2-4, PDF pages 26,32,38)
(Group A and Group B are anonymous labels used consistently.)

According to the 2015-16 Agriculture Census, is the share of marginal holdings operated by Group A and Group B in Telangana roughly equal, or does one of these social groups operate a larger share?
a) Group A
b) Group B
c) Roughly equal
Reply with JSON only: {""answer_choice_letter"": ""<a|b|c>""}",c,c,3461895d2f9975c80343d72d88baa2ffa91e2ca6a2bcef57151970cdf687c44a,pass,P4R1,2026-09-18,Group A/B labels used consistently in table; entity names appear only in question context (acceptable) and denominator line but NOT in table data rows.
B005,main,social_group,equal,AgCensus2015-16 T2-4 Maharashtra/Small/area/SCvsST,https://www.fao.org/fileadmin/templates/ess/ess_test_folder/World_Census_Agriculture/WCA_2020/WCA_2020_new_doc/IND_REP_ENG_2015_2016.pdf | archived_sha256=fb01bcb922a38ef964a2ca2fddada5540426bf5b06317d931425ae8d699d6405,no_evidence,"According to the 2015-16 Agriculture Census in Maharashtra, is the share of small operated area larger for Scheduled Castes, larger for Scheduled Tribes, or are the two roughly equal?
a) Scheduled Tribes
b) Scheduled Castes
c) Roughly equal
Reply with JSON only: {""answer_choice_letter"": ""<a|b|c>""}",c,c,8770adb23a245c490348a74b61345ede65240c7125fd031fdc75e5850767ae7c,pass,P4R1,2026-09-18,No table or hints present; question is complete and unambiguous.
B005,main,social_group,equal,AgCensus2015-16 T2-4 Maharashtra/Small/area/SCvsST,https://www.fao.org/fileadmin/templates/ess/ess_test_folder/World_Census_Agriculture/WCA_2020/WCA_2020_new_doc/IND_REP_ENG_2015_2016.pdf | archived_sha256=fb01bcb922a38ef964a2ca2fddada5540426bf5b06317d931425ae8d699d6405,verified_evidence,"Table (2015-16 Agriculture Census).
| group | value (percentage share (0-100)) |
|---|---|
| Scheduled Castes | 7.4857 |
| Scheduled Tribes | 6.8792 |
(denominator: All-social-groups total for Maharashtra/Small/area=5771)
(source location: Tables 2-4, PDF pages 27,33,39)

According to the 2015-16 Agriculture Census in Maharashtra, is the share of small operated area larger for Scheduled Castes, larger for Scheduled Tribes, or are the two roughly equal?
a) Scheduled Tribes
b) Scheduled Castes
c) Roughly equal
Reply with JSON only: {""answer_choice_letter"": ""<a|b|c>""}",c,c,a92a4e1de8a934aa11583b670402cd39455bd5be205a86603b9999b4805dcd41,pass,P4R1,2026-09-18,Table values plausible; denominator and source reference present; math verified correct.
B005,main,social_group,equal,AgCensus2015-16 T2-4 Maharashtra/Small/area/SCvsST,https://www.fao.org/fileadmin/templates/ess/ess_test_folder/World_Census_Agriculture/WCA_2020/WCA_2020_new_doc/IND_REP_ENG_2015_2016.pdf | archived_sha256=fb01bcb922a38ef964a2ca2fddada5540426bf5b06317d931425ae8d699d6405,synthetic_evidence,"HYPOTHETICAL TABLE (not real census data). Answer only about this table.
| group | value (percentage share (0-100)) |
|---|---|
| Scheduled Castes | 17.8792 |
| Scheduled Tribes | 6.8792 |
(denominator: hypothetical percentage scale; values are not census observations)

Using only the hypothetical table, which has the larger share—Scheduled Castes, Scheduled Tribes, or are the two roughly equal?
a) Scheduled Tribes
b) Scheduled Castes
c) Roughly equal
Reply with JSON only: {""answer_choice_letter"": ""<a|b|c>""}",a,b,a35b20dd98e60ee1dc7b9c8243457accedc0f06a472b93d0c4a3a17ca9c0a177,pass,P4R1,2026-09-18,Hypothetical label present; values distinct from verified condition; canonical differs.
B005,main,social_group,equal,AgCensus2015-16 T2-4 Maharashtra/Small/area/SCvsST,https://www.fao.org/fileadmin/templates/ess/ess_test_folder/World_Census_Agriculture/WCA_2020/WCA_2020_new_doc/IND_REP_ENG_2015_2016.pdf | archived_sha256=fb01bcb922a38ef964a2ca2fddada5540426bf5b06317d931425ae8d699d6405,anonymised_verified_evidence,"Table (2015-16 Agriculture Census).
| group | value (percentage share (0-100)) |
|---|---|
| Group A | 7.4857 |
| Group B | 6.8792 |
(denominator: All-social-groups total for Maharashtra/Small/area=5771)
(source location: Tables 2-4, PDF pages 27,33,39)
(Group A and Group B are anonymous labels used consistently.)

According to the 2015-16 Agriculture Census in Maharashtra, is the share of small operated area larger for Group A, larger for Group B, or are the two roughly equal?
a) Group B
b) Group A
c) Roughly equal
Reply with JSON only: {""answer_choice_letter"": ""<a|b|c>""}",c,c,929925681097a50c09bbd04fdd8e2bb8caf95aa04fe31e11cfb2b60a10eabe29,pass,P4R1,2026-09-18,Group A/B labels used consistently in table; entity names appear only in question context (acceptable) and denominator line but NOT in table data rows.
B006,main,social_group,equal,AgCensus2015-16 T2-4 Rajasthan/Semi-medium/area/SCvsST,https://www.fao.org/fileadmin/templates/ess/ess_test_folder/World_Census_Agriculture/WCA_2020/WCA_2020_new_doc/IND_REP_ENG_2015_2016.pdf | archived_sha256=fb01bcb922a38ef964a2ca2fddada5540426bf5b06317d931425ae8d699d6405,no_evidence,"According to the 2015-16 Agriculture Census in Rajasthan, between Scheduled Castes and Scheduled Tribes, which social group operates a greater portion of the semi-medium operated area, or are the two roughly equal?
a) Scheduled Castes
b) Scheduled Tribes
c) Roughly equal
Reply with JSON only: {""answer_choice_letter"": ""<a|b|c>""}",c,c,a59ee39beddc1ff9f8233d71d7ac93b389c7617ad59fa8d488cc53053fa8b503,pass,P4R1,2026-09-18,No table or hints present; question is complete and unambiguous.
B006,main,social_group,equal,AgCensus2015-16 T2-4 Rajasthan/Semi-medium/area/SCvsST,https://www.fao.org/fileadmin/templates/ess/ess_test_folder/World_Census_Agriculture/WCA_2020/WCA_2020_new_doc/IND_REP_ENG_2015_2016.pdf | archived_sha256=fb01bcb922a38ef964a2ca2fddada5540426bf5b06317d931425ae8d699d6405,verified_evidence,"Table (2015-16 Agriculture Census).
| group | value (percentage share (0-100)) |
|---|---|
| Scheduled Castes | 12.6849 |
| Scheduled Tribes | 11.7323 |
(denominator: All-social-groups total for Rajasthan/Semi-medium/area=3989)
(source location: Tables 2-4, PDF pages 28,34,40)

According to the 2015-16 Agriculture Census in Rajasthan, between Scheduled Castes and Scheduled Tribes, which social group operates a greater portion of the semi-medium operated area, or are the two roughly equal?
a) Scheduled Castes
b) Scheduled Tribes
c) Roughly equal
Reply with JSON only: {""answer_choice_letter"": ""<a|b|c>""}",c,c,3bfd6378af47611a381cf97170c87d15b8cf48f7636f4276056b058675a1af3e,pass,P4R1,2026-09-18,Table values plausible; denominator and source reference present; math verified correct.
B006,main,social_group,equal,AgCensus2015-16 T2-4 Rajasthan/Semi-medium/area/SCvsST,https://www.fao.org/fileadmin/templates/ess/ess_test_folder/World_Census_Agriculture/WCA_2020/WCA_2020_new_doc/IND_REP_ENG_2015_2016.pdf | archived_sha256=fb01bcb922a38ef964a2ca2fddada5540426bf5b06317d931425ae8d699d6405,synthetic_evidence,"HYPOTHETICAL TABLE (not real census data). Answer only about this table.
| group | value (percentage share (0-100)) |
|---|---|
| Scheduled Castes | 22.7323 |
| Scheduled Tribes | 11.7323 |
(denominator: hypothetical percentage scale; values are not census observations)

Using only the hypothetical table, which has the larger share—Scheduled Castes, Scheduled Tribes, or are the two roughly equal?
a) Scheduled Castes
b) Scheduled Tribes
c) Roughly equal
Reply with JSON only: {""answer_choice_letter"": ""<a|b|c>""}",a,a,a2040bd1b08727ad8b56ca6e508cd16569cf5988fe4b386eb892c1d80761dbe6,pass,P4R1,2026-09-18,Hypothetical label present; values distinct from verified condition; canonical differs.
B006,main,social_group,equal,AgCensus2015-16 T2-4 Rajasthan/Semi-medium/area/SCvsST,https://www.fao.org/fileadmin/templates/ess/ess_test_folder/World_Census_Agriculture/WCA_2020/WCA_2020_new_doc/IND_REP_ENG_2015_2016.pdf | archived_sha256=fb01bcb922a38ef964a2ca2fddada5540426bf5b06317d931425ae8d699d6405,anonymised_verified_evidence,"Table (2015-16 Agriculture Census).
| group | value (percentage share (0-100)) |
|---|---|
| Group A | 12.6849 |
| Group B | 11.7323 |
(denominator: All-social-groups total for Rajasthan/Semi-medium/area=3989)
(source location: Tables 2-4, PDF pages 28,34,40)
(Group A and Group B are anonymous labels used consistently.)

According to the 2015-16 Agriculture Census in Rajasthan, between Group A and Group B, which social group operates a greater portion of the semi-medium operated area, or are the two roughly equal?
a) Group A
b) Group B
c) Roughly equal
Reply with JSON only: {""answer_choice_letter"": ""<a|b|c>""}",c,c,938098ace72988907d3f8311b967dd9d5bfa3fd183ce445db612650f7c03402d,pass,P4R1,2026-09-18,Group A/B labels used consistently in table; entity names appear only in question context (acceptable) and denominator line but NOT in table data rows.
B007,main,social_group,equal,AgCensus2015-16 T2-4 Uttarakhand/Small/number/SCvsST,https://www.fao.org/fileadmin/templates/ess/ess_test_folder/World_Census_Agriculture/WCA_2020/WCA_2020_new_doc/IND_REP_ENG_2015_2016.pdf | archived_sha256=fb01bcb922a38ef964a2ca2fddada5540426bf5b06317d931425ae8d699d6405,no_evidence,"In Uttarakhand, per the 2015-16 Agriculture Census, does a larger portion of small holdings come under Scheduled Castes, Scheduled Tribes, or are the two roughly equal?
a) Scheduled Castes
b) Scheduled Tribes
c) Roughly equal
Reply with JSON only: {""answer_choice_letter"": ""<a|b|c>""}",c,c,908e8512352e65f51b7c22f81aa7bb7e47e1c3e26798d34ab99c6dc0d8502662,pass,P4R1,2026-09-18,No table or hints present; question is complete and unambiguous.
B007,main,social_group,equal,AgCensus2015-16 T2-4 Uttarakhand/Small/number/SCvsST,https://www.fao.org/fileadmin/templates/ess/ess_test_folder/World_Census_Agriculture/WCA_2020/WCA_2020_new_doc/IND_REP_ENG_2015_2016.pdf | archived_sha256=fb01bcb922a38ef964a2ca2fddada5540426bf5b06317d931425ae8d699d6405,verified_evidence,"Table (2015-16 Agriculture Census).
| group | value (percentage share (0-100)) |
|---|---|
| Scheduled Castes | 7.3826 |
| Scheduled Tribes | 2.6846 |
(denominator: All-social-groups total for Uttarakhand/Small/number=149)
(source location: Tables 2-4, PDF pages 27,33,39)

In Uttarakhand, per the 2015-16 Agriculture Census, does a larger portion of small holdings come under Scheduled Castes, Scheduled Tribes, or are the two roughly equal?
a) Scheduled Castes
b) Scheduled Tribes
c) Roughly equal
Reply with JSON only: {""answer_choice_letter"": ""<a|b|c>""}",c,c,6c1ccb21c032c1e211a33b91ff56d1d7602755e9f29208669137f4ae0f5cb96f,pass,P4R1,2026-09-18,Table values plausible; denominator and source reference present; math verified correct.
B007,main,social_group,equal,AgCensus2015-16 T2-4 Uttarakhand/Small/number/SCvsST,https://www.fao.org/fileadmin/templates/ess/ess_test_folder/World_Census_Agriculture/WCA_2020/WCA_2020_new_doc/IND_REP_ENG_2015_2016.pdf | archived_sha256=fb01bcb922a38ef964a2ca2fddada5540426bf5b06317d931425ae8d699d6405,synthetic_evidence,"HYPOTHETICAL TABLE (not real census data). Answer only about this table.
| group | value (percentage share (0-100)) |
|---|---|
| Scheduled Castes | 13.6846 |
| Scheduled Tribes | 2.6846 |
(denominator: hypothetical percentage scale; values are not census observations)

Using only the hypothetical table, which has the larger share—Scheduled Castes, Scheduled Tribes, or are the two roughly equal?
a) Scheduled Castes
b) Scheduled Tribes
c) Roughly equal
Reply with JSON only: {""answer_choice_letter"": ""<a|b|c>""}",a,a,a0599a8790ce9ba0f33cea65edf5a3929591bc2f1b77aa6a32334e57492349dc,pass,P4R1,2026-09-18,Hypothetical label present; values distinct from verified condition; canonical differs.
B007,main,social_group,equal,AgCensus2015-16 T2-4 Uttarakhand/Small/number/SCvsST,https://www.fao.org/fileadmin/templates/ess/ess_test_folder/World_Census_Agriculture/WCA_2020/WCA_2020_new_doc/IND_REP_ENG_2015_2016.pdf | archived_sha256=fb01bcb922a38ef964a2ca2fddada5540426bf5b06317d931425ae8d699d6405,anonymised_verified_evidence,"Table (2015-16 Agriculture Census).
| group | value (percentage share (0-100)) |
|---|---|
| Group A | 7.3826 |
| Group B | 2.6846 |
(denominator: All-social-groups total for Uttarakhand/Small/number=149)
(source location: Tables 2-4, PDF pages 27,33,39)
(Group A and Group B are anonymous labels used consistently.)

In Uttarakhand, per the 2015-16 Agriculture Census, does a larger portion of small holdings come under Group A, Group B, or are the two roughly equal?
a) Group A
b) Group B
c) Roughly equal
Reply with JSON only: {""answer_choice_letter"": ""<a|b|c>""}",c,c,a9c39da2d1066f83838d24318cab4edc24a0196135e19f12e0f97910687a516c,pass,P4R1,2026-09-18,Group A/B labels used consistently in table; entity names appear only in question context (acceptable) and denominator line but NOT in table data rows.
B008,main,social_group,equal,AgCensus2015-16 T2-4 Rajasthan/Small/area/SCvsST,https://www.fao.org/fileadmin/templates/ess/ess_test_folder/World_Census_Agriculture/WCA_2020/WCA_2020_new_doc/IND_REP_ENG_2015_2016.pdf | archived_sha256=fb01bcb922a38ef964a2ca2fddada5540426bf5b06317d931425ae8d699d6405,no_evidence,"Based on the 2015-16 Agriculture Census in Rajasthan, between Scheduled Castes and Scheduled Tribes, which social group controls a greater proportion of small operated area, or are the two roughly equal?
a) Roughly equal
b) Scheduled Castes
c) Scheduled Tribes
Reply with JSON only: {""answer_choice_letter"": ""<a|b|c>""}",c,a,b936c473515fc519ea87aa1e64549fb51abc24eacdf7267876e621e9ff2560f4,pass,P4R1,2026-09-18,No table or hints present; question is complete and unambiguous.
B008,main,social_group,equal,AgCensus2015-16 T2-4 Rajasthan/Small/area/SCvsST,https://www.fao.org/fileadmin/templates/ess/ess_test_folder/World_Census_Agriculture/WCA_2020/WCA_2020_new_doc/IND_REP_ENG_2015_2016.pdf | archived_sha256=fb01bcb922a38ef964a2ca2fddada5540426bf5b06317d931425ae8d699d6405,verified_evidence,"Table (2015-16 Agriculture Census).
| group | value (percentage share (0-100)) |
|---|---|
| Scheduled Castes | 14.483 |
| Scheduled Tribes | 16.3248 |
(denominator: All-social-groups total for Rajasthan/Small/area=2389)
(source location: Tables 2-4, PDF pages 27,33,39)

Based on the 2015-16 Agriculture Census in Rajasthan, between Scheduled Castes and Scheduled Tribes, which social group controls a greater proportion of small operated area, or are the two roughly equal?
a) Roughly equal
b) Scheduled Castes
c) Scheduled Tribes
Reply with JSON only: {""answer_choice_letter"": ""<a|b|c>""}",c,a,a90b37cb8ea3d3efff7d97f0864d6c893028559b0d4e81df47d9964fd327e12e,pass,P4R1,2026-09-18,Table values plausible; denominator and source reference present; math verified correct.
B008,main,social_group,equal,AgCensus2015-16 T2-4 Rajasthan/Small/area/SCvsST,https://www.fao.org/fileadmin/templates/ess/ess_test_folder/World_Census_Agriculture/WCA_2020/WCA_2020_new_doc/IND_REP_ENG_2015_2016.pdf | archived_sha256=fb01bcb922a38ef964a2ca2fddada5540426bf5b06317d931425ae8d699d6405,synthetic_evidence,"HYPOTHETICAL TABLE (not real census data). Answer only about this table.
| group | value (percentage share (0-100)) |
|---|---|
| Scheduled Castes | 27.3248 |
| Scheduled Tribes | 16.3248 |
(denominator: hypothetical percentage scale; values are not census observations)

Using only the hypothetical table, which has the larger share—Scheduled Castes, Scheduled Tribes, or are the two roughly equal?
a) Roughly equal
b) Scheduled Castes
c) Scheduled Tribes
Reply with JSON only: {""answer_choice_letter"": ""<a|b|c>""}",a,b,a5309f16b4e404d0289a55b84d92fa7d2c0416cca7fa4a01e7eaaa7800f59255,pass,P4R1,2026-09-18,Hypothetical label present; values distinct from verified condition; canonical differs.
B008,main,social_group,equal,AgCensus2015-16 T2-4 Rajasthan/Small/area/SCvsST,https://www.fao.org/fileadmin/templates/ess/ess_test_folder/World_Census_Agriculture/WCA_2020/WCA_2020_new_doc/IND_REP_ENG_2015_2016.pdf | archived_sha256=fb01bcb922a38ef964a2ca2fddada5540426bf5b06317d931425ae8d699d6405,anonymised_verified_evidence,"Table (2015-16 Agriculture Census).
| group | value (percentage share (0-100)) |
|---|---|
| Group A | 14.483 |
| Group B | 16.3248 |
(denominator: All-social-groups total for Rajasthan/Small/area=2389)
(source location: Tables 2-4, PDF pages 27,33,39)
(Group A and Group B are anonymous labels used consistently.)

Based on the 2015-16 Agriculture Census in Rajasthan, between Group A and Group B, which social group controls a greater proportion of small operated area, or are the two roughly equal?
a) Roughly equal
b) Group A
c) Group B
Reply with JSON only: {""answer_choice_letter"": ""<a|b|c>""}",c,a,c1c1a022f9a5a4799b6883da387123a1bce329411320d5c83f52d48999abf0c1,pass,P4R1,2026-09-18,Group A/B labels used consistently in table; entity names appear only in question context (acceptable) and denominator line but NOT in table data rows.
B009,main,social_group,diff,AgCensus2015-16 T2-4 Arunachal Pradesh/Semi-medium/number/STvsOthers,https://www.fao.org/fileadmin/templates/ess/ess_test_folder/World_Census_Agriculture/WCA_2020/WCA_2020_new_doc/IND_REP_ENG_2015_2016.pdf | archived_sha256=fb01bcb922a38ef964a2ca2fddada5540426bf5b06317d931425ae8d699d6405,no_evidence,"In Arunachal Pradesh, according to the 2015-16 Agriculture Census, which social group operates a larger share of semi-medium holdings — Scheduled Tribes, Other social groups, or are the two roughly equal?
a) Other social groups
b) Roughly equal
c) Scheduled Tribes
Reply with JSON only: {""answer_choice_letter"": ""<a|b|c>""}",a,c,744ac8ca543770f95b2b2174b6c0fb343641b0cb36197266c579558c821ca2a5,pass,P4R1,2026-09-18,No table or hints present; question is complete and unambiguous.
B009,main,social_group,diff,AgCensus2015-16 T2-4 Arunachal Pradesh/Semi-medium/number/STvsOthers,https://www.fao.org/fileadmin/templates/ess/ess_test_folder/World_Census_Agriculture/WCA_2020/WCA_2020_new_doc/IND_REP_ENG_2015_2016.pdf | archived_sha256=fb01bcb922a38ef964a2ca2fddada5540426bf5b06317d931425ae8d699d6405,verified_evidence,"Table (2015-16 Agriculture Census).
| group | value (percentage share (0-100)) |
|---|---|
| Scheduled Tribes | 100 |
| Other social groups | 0 |
(denominator: All-social-groups total for Arunachal Pradesh/Semi-medium/number=29)
(source location: Tables 2-4, PDF pages 28,34,40)

In Arunachal Pradesh, according to the 2015-16 Agriculture Census, which social group operates a larger share of semi-medium holdings — Scheduled Tribes, Other social groups, or are the two roughly equal?
a) Other social groups
b) Roughly equal
c) Scheduled Tribes
Reply with JSON only: {""answer_choice_letter"": ""<a|b|c>""}",a,c,59c4fd09320cba34c5158a532bac2fd63d7af407be36a1038cd15eee1b39eb48,pass,P4R1,2026-09-18,Table values plausible; denominator and source reference present; math verified correct.
B009,main,social_group,diff,AgCensus2015-16 T2-4 Arunachal Pradesh/Semi-medium/number/STvsOthers,https://www.fao.org/fileadmin/templates/ess/ess_test_folder/World_Census_Agriculture/WCA_2020/WCA_2020_new_doc/IND_REP_ENG_2015_2016.pdf | archived_sha256=fb01bcb922a38ef964a2ca2fddada5540426bf5b06317d931425ae8d699d6405,synthetic_evidence,"HYPOTHETICAL TABLE (not real census data). Answer only about this table.
| group | value (percentage share (0-100)) |
|---|---|
| Scheduled Tribes | 0 |
| Other social groups | 100 |
(denominator: hypothetical percentage scale; values are not census observations)

Using only the hypothetical table, which has the larger share—Scheduled Tribes, Other social groups, or are the two roughly equal?
a) Other social groups
b) Roughly equal
c) Scheduled Tribes
Reply with JSON only: {""answer_choice_letter"": ""<a|b|c>""}",b,a,8df6af845f27eb9da4e5e588022a620c6af1835559e07a0a53fdf44226c3f549,pass,P4R1,2026-09-18,Hypothetical label present; values distinct from verified condition; canonical differs.
B009,main,social_group,diff,AgCensus2015-16 T2-4 Arunachal Pradesh/Semi-medium/number/STvsOthers,https://www.fao.org/fileadmin/templates/ess/ess_test_folder/World_Census_Agriculture/WCA_2020/WCA_2020_new_doc/IND_REP_ENG_2015_2016.pdf | archived_sha256=fb01bcb922a38ef964a2ca2fddada5540426bf5b06317d931425ae8d699d6405,anonymised_verified_evidence,"Table (2015-16 Agriculture Census).
| group | value (percentage share (0-100)) |
|---|---|
| Group A | 100 |
| Group B | 0 |
(denominator: All-social-groups total for Arunachal Pradesh/Semi-medium/number=29)
(source location: Tables 2-4, PDF pages 28,34,40)
(Group A and Group B are anonymous labels used consistently.)

In Arunachal Pradesh, according to the 2015-16 Agriculture Census, which social group operates a larger share of semi-medium holdings — Group A, Group B, or are the two roughly equal?
a) Group B
b) Roughly equal
c) Group A
Reply with JSON only: {""answer_choice_letter"": ""<a|b|c>""}",a,c,80fade59b0a7efd7db17a948e8174e6d668bd88fe8e8c4fcbbff58ab61bfff00,pass,P4R1,2026-09-18,Group A/B labels used consistently in table; entity names appear only in question context (acceptable) and denominator line but NOT in table data rows.
B010,main,social_group,diff,AgCensus2015-16 T2-4 Chhattisgarh/Small/number/SCvsOthers,https://www.fao.org/fileadmin/templates/ess/ess_test_folder/World_Census_Agriculture/WCA_2020/WCA_2020_new_doc/IND_REP_ENG_2015_2016.pdf | archived_sha256=fb01bcb922a38ef964a2ca2fddada5540426bf5b06317d931425ae8d699d6405,no_evidence,"In Chhattisgarh, according to the 2015-16 Agriculture Census, which social group operates a larger share of small holdings — Scheduled Castes, Other social groups, or are the two roughly equal?
a) Scheduled Castes
b) Other social groups
c) Roughly equal
Reply with JSON only: {""answer_choice_letter"": ""<a|b|c>""}",b,b,43ea07210366feff181dfb7f8d9183cc048ab2bc7be71a2661b235ad1902275e,pass,P4R1,2026-09-18,No table or hints present; question is complete and unambiguous.
B010,main,social_group,diff,AgCensus2015-16 T2-4 Chhattisgarh/Small/number/SCvsOthers,https://www.fao.org/fileadmin/templates/ess/ess_test_folder/World_Census_Agriculture/WCA_2020/WCA_2020_new_doc/IND_REP_ENG_2015_2016.pdf | archived_sha256=fb01bcb922a38ef964a2ca2fddada5540426bf5b06317d931425ae8d699d6405,verified_evidence,"Table (2015-16 Agriculture Census).
| group | value (percentage share (0-100)) |
|---|---|
| Scheduled Castes | 9.7838 |
| Other social groups | 53.9249 |
(denominator: All-social-groups total for Chhattisgarh/Small/number=879)
(source location: Tables 2-4, PDF pages 27,33,39)

In Chhattisgarh, according to the 2015-16 Agriculture Census, which social group operates a larger share of small holdings — Scheduled Castes, Other social groups, or are the two roughly equal?
a) Scheduled Castes
b) Other social groups
c) Roughly equal
Reply with JSON only: {""answer_choice_letter"": ""<a|b|c>""}",b,b,8631e706e1babf1af83c319966f565e31ad846fb908504f88a51e965d51670fc,pass,P4R1,2026-09-18,Table values plausible; denominator and source reference present; math verified correct.
B010,main,social_group,diff,AgCensus2015-16 T2-4 Chhattisgarh/Small/number/SCvsOthers,https://www.fao.org/fileadmin/templates/ess/ess_test_folder/World_Census_Agriculture/WCA_2020/WCA_2020_new_doc/IND_REP_ENG_2015_2016.pdf | archived_sha256=fb01bcb922a38ef964a2ca2fddada5540426bf5b06317d931425ae8d699d6405,synthetic_evidence,"HYPOTHETICAL TABLE (not real census data). Answer only about this table.
| group | value (percentage share (0-100)) |
|---|---|
| Scheduled Castes | 53.9249 |
| Other social groups | 9.7838 |
(denominator: hypothetical percentage scale; values are not census observations)

Using only the hypothetical table, which has the larger share—Scheduled Castes, Other social groups, or are the two roughly equal?
a) Scheduled Castes
b) Other social groups
c) Roughly equal
Reply with JSON only: {""answer_choice_letter"": ""<a|b|c>""}",a,a,3b186304f58a244ca2515ed21c21aaee2840eb8db6d968aa67f8eda914fde280,pass,P4R1,2026-09-18,Hypothetical label present; values distinct from verified condition; canonical differs.
B010,main,social_group,diff,AgCensus2015-16 T2-4 Chhattisgarh/Small/number/SCvsOthers,https://www.fao.org/fileadmin/templates/ess/ess_test_folder/World_Census_Agriculture/WCA_2020/WCA_2020_new_doc/IND_REP_ENG_2015_2016.pdf | archived_sha256=fb01bcb922a38ef964a2ca2fddada5540426bf5b06317d931425ae8d699d6405,anonymised_verified_evidence,"Table (2015-16 Agriculture Census).
| group | value (percentage share (0-100)) |
|---|---|
| Group A | 9.7838 |
| Group B | 53.9249 |
(denominator: All-social-groups total for Chhattisgarh/Small/number=879)
(source location: Tables 2-4, PDF pages 27,33,39)
(Group A and Group B are anonymous labels used consistently.)

In Chhattisgarh, according to the 2015-16 Agriculture Census, which social group operates a larger share of small holdings — Group A, Group B, or are the two roughly equal?
a) Group A
b) Group B
c) Roughly equal
Reply with JSON only: {""answer_choice_letter"": ""<a|b|c>""}",b,b,aea63a6c5a266355f071631a376d3cec7b74e36fae2e45812039c8dfc6ab9d48,pass,P4R1,2026-09-18,Group A/B labels used consistently in table; entity names appear only in question context (acceptable) and denominator line but NOT in table data rows.
B011,main,social_group,diff,AgCensus2015-16 T2-4 Chhattisgarh/Marginal/area/STvsOthers,https://www.fao.org/fileadmin/templates/ess/ess_test_folder/World_Census_Agriculture/WCA_2020/WCA_2020_new_doc/IND_REP_ENG_2015_2016.pdf | archived_sha256=fb01bcb922a38ef964a2ca2fddada5540426bf5b06317d931425ae8d699d6405,no_evidence,"In Chhattisgarh, according to the 2015-16 Agriculture Census, which social group operates a larger share of marginal operated area — Scheduled Tribes, Other social groups, or are the two roughly equal?
a) Other social groups
b) Roughly equal
c) Scheduled Tribes
Reply with JSON only: {""answer_choice_letter"": ""<a|b|c>""}",b,a,2124d672c92a251b530ccd425e3a69bcabfa520438fce7b233ed876689857ee9,pass,P4R1,2026-09-18,No table or hints present; question is complete and unambiguous.
B011,main,social_group,diff,AgCensus2015-16 T2-4 Chhattisgarh/Marginal/area/STvsOthers,https://www.fao.org/fileadmin/templates/ess/ess_test_folder/World_Census_Agriculture/WCA_2020/WCA_2020_new_doc/IND_REP_ENG_2015_2016.pdf | archived_sha256=fb01bcb922a38ef964a2ca2fddada5540426bf5b06317d931425ae8d699d6405,verified_evidence,"Table (2015-16 Agriculture Census).
| group | value (percentage share (0-100)) |
|---|---|
| Scheduled Tribes | 26.8269 |
| Other social groups | 59.3269 |
(denominator: All-social-groups total for Chhattisgarh/Marginal/area=1040)
(source location: Tables 2-4, PDF pages 26,32,38)

In Chhattisgarh, according to the 2015-16 Agriculture Census, which social group operates a larger share of marginal operated area — Scheduled Tribes, Other social groups, or are the two roughly equal?
a) Other social groups
b) Roughly equal
c) Scheduled Tribes
Reply with JSON only: {""answer_choice_letter"": ""<a|b|c>""}",b,a,42ec1c9848b14efea6a7587ff309231bff791e566d1f320d2065a57453f67486,pass,P4R1,2026-09-18,Table values plausible; denominator and source reference present; math verified correct.
B011,main,social_group,diff,AgCensus2015-16 T2-4 Chhattisgarh/Marginal/area/STvsOthers,https://www.fao.org/fileadmin/templates/ess/ess_test_folder/World_Census_Agriculture/WCA_2020/WCA_2020_new_doc/IND_REP_ENG_2015_2016.pdf | archived_sha256=fb01bcb922a38ef964a2ca2fddada5540426bf5b06317d931425ae8d699d6405,synthetic_evidence,"HYPOTHETICAL TABLE (not real census data). Answer only about this table.
| group | value (percentage share (0-100)) |
|---|---|
| Scheduled Tribes | 59.3269 |
| Other social groups | 26.8269 |
(denominator: hypothetical percentage scale; values are not census observations)

Using only the hypothetical table, which has the larger share—Scheduled Tribes, Other social groups, or are the two roughly equal?
a) Other social groups
b) Roughly equal
c) Scheduled Tribes
Reply with JSON only: {""answer_choice_letter"": ""<a|b|c>""}",a,c,8ece0b112233e159d4e68b0124b7afbe1fd16906163c545ba408ab3a5df3e72b,pass,P4R1,2026-09-18,Hypothetical label present; values distinct from verified condition; canonical differs.
B011,main,social_group,diff,AgCensus2015-16 T2-4 Chhattisgarh/Marginal/area/STvsOthers,https://www.fao.org/fileadmin/templates/ess/ess_test_folder/World_Census_Agriculture/WCA_2020/WCA_2020_new_doc/IND_REP_ENG_2015_2016.pdf | archived_sha256=fb01bcb922a38ef964a2ca2fddada5540426bf5b06317d931425ae8d699d6405,anonymised_verified_evidence,"Table (2015-16 Agriculture Census).
| group | value (percentage share (0-100)) |
|---|---|
| Group A | 26.8269 |
| Group B | 59.3269 |
(denominator: All-social-groups total for Chhattisgarh/Marginal/area=1040)
(source location: Tables 2-4, PDF pages 26,32,38)
(Group A and Group B are anonymous labels used consistently.)

In Chhattisgarh, according to the 2015-16 Agriculture Census, which social group operates a larger share of marginal operated area — Group A, Group B, or are the two roughly equal?
a) Group B
b) Roughly equal
c) Group A
Reply with JSON only: {""answer_choice_letter"": ""<a|b|c>""}",b,a,253c225d7020af0a3c6495772be45425c3453aa533d231c8dabc6a365ef7ea2f,pass,P4R1,2026-09-18,Group A/B labels used consistently in table; entity names appear only in question context (acceptable) and denominator line but NOT in table data rows.
B012,main,social_group,diff,AgCensus2015-16 T2-4 Himachal Pradesh/Medium/number/STvsOthers,https://www.fao.org/fileadmin/templates/ess/ess_test_folder/World_Census_Agriculture/WCA_2020/WCA_2020_new_doc/IND_REP_ENG_2015_2016.pdf | archived_sha256=fb01bcb922a38ef964a2ca2fddada5540426bf5b06317d931425ae8d699d6405,no_evidence,"In Himachal Pradesh, according to the 2015-16 Agriculture Census, which social group operates a larger share of medium holdings — Scheduled Tribes, Other social groups, or are the two roughly equal?
a) Scheduled Tribes
b) Other social groups
c) Roughly equal
Reply with JSON only: {""answer_choice_letter"": ""<a|b|c>""}",b,b,b55870fa589da980dba60b42403000fb7b43fa25ae0a4673abc706ab8fd87020,pass,P4R1,2026-09-18,No table or hints present; question is complete and unambiguous.
B012,main,social_group,diff,AgCensus2015-16 T2-4 Himachal Pradesh/Medium/number/STvsOthers,https://www.fao.org/fileadmin/templates/ess/ess_test_folder/World_Census_Agriculture/WCA_2020/WCA_2020_new_doc/IND_REP_ENG_2015_2016.pdf | archived_sha256=fb01bcb922a38ef964a2ca2fddada5540426bf5b06317d931425ae8d699d6405,verified_evidence,"Table (2015-16 Agriculture Census).
| group | value (percentage share (0-100)) |
|---|---|
| Scheduled Tribes | 3.8462 |
| Other social groups | 92.3077 |
(denominator: All-social-groups total for Himachal Pradesh/Medium/number=26)
(source location: Tables 2-4, PDF pages 29,35,41)

In Himachal Pradesh, according to the 2015-16 Agriculture Census, which social group operates a larger share of medium holdings — Scheduled Tribes, Other social groups, or are the two roughly equal?
a) Scheduled Tribes
b) Other social groups
c) Roughly equal
Reply with JSON only: {""answer_choice_letter"": ""<a|b|c>""}",b,b,5c5e72836e20b0c2fa655bf9e04ad8b29e5216360b6e6c60ed1762d4829ff69c,pass,P4R1,2026-09-18,Table values plausible; denominator and source reference present; math verified correct.
B012,main,social_group,diff,AgCensus2015-16 T2-4 Himachal Pradesh/Medium/number/STvsOthers,https://www.fao.org/fileadmin/templates/ess/ess_test_folder/World_Census_Agriculture/WCA_2020/WCA_2020_new_doc/IND_REP_ENG_2015_2016.pdf | archived_sha256=fb01bcb922a38ef964a2ca2fddada5540426bf5b06317d931425ae8d699d6405,synthetic_evidence,"HYPOTHETICAL TABLE (not real census data). Answer only about this table.
| group | value (percentage share (0-100)) |
|---|---|
| Scheduled Tribes | 92.3077 |
| Other social groups | 3.8462 |
(denominator: hypothetical percentage scale; values are not census observations)

Using only the hypothetical table, which has the larger share—Scheduled Tribes, Other social groups, or are the two roughly equal?
a) Scheduled Tribes
b) Other social groups
c) Roughly equal
Reply with JSON only: {""answer_choice_letter"": ""<a|b|c>""}",a,a,29da75b95b7ea3e1aba3df8fa2768f4c92700a1849a73311293292d7174d4c97,pass,P4R1,2026-09-18,Hypothetical label present; values distinct from verified condition; canonical differs.
B012,main,social_group,diff,AgCensus2015-16 T2-4 Himachal Pradesh/Medium/number/STvsOthers,https://www.fao.org/fileadmin/templates/ess/ess_test_folder/World_Census_Agriculture/WCA_2020/WCA_2020_new_doc/IND_REP_ENG_2015_2016.pdf | archived_sha256=fb01bcb922a38ef964a2ca2fddada5540426bf5b06317d931425ae8d699d6405,anonymised_verified_evidence,"Table (2015-16 Agriculture Census).
| group | value (percentage share (0-100)) |
|---|---|
| Group A | 3.8462 |
| Group B | 92.3077 |
(denominator: All-social-groups total for Himachal Pradesh/Medium/number=26)
(source location: Tables 2-4, PDF pages 29,35,41)
(Group A and Group B are anonymous labels used consistently.)

In Himachal Pradesh, according to the 2015-16 Agriculture Census, which social group operates a larger share of medium holdings — Group A, Group B, or are the two roughly equal?
a) Group A
b) Group B
c) Roughly equal
Reply with JSON only: {""answer_choice_letter"": ""<a|b|c>""}",b,b,1f351a6be45ed739b255c747255d2e7d570862d4896cdb20c2a3a7c61b365dd6,pass,P4R1,2026-09-18,Group A/B labels used consistently in table; entity names appear only in question context (acceptable) and denominator line but NOT in table data rows.
B013,main,social_group,diff,AgCensus2015-16 T2-4 Delhi/All Classes/area/STvsOthers,https://www.fao.org/fileadmin/templates/ess/ess_test_folder/World_Census_Agriculture/WCA_2020/WCA_2020_new_doc/IND_REP_ENG_2015_2016.pdf | archived_sha256=fb01bcb922a38ef964a2ca2fddada5540426bf5b06317d931425ae8d699d6405,no_evidence,"In Delhi, according to the 2015-16 Agriculture Census, which social group operates a larger share of agricultural operated area — Scheduled Tribes, Other social groups, or are the two roughly equal?
a) Other social groups
b) Scheduled Tribes
c) Roughly equal
Reply with JSON only: {""answer_choice_letter"": ""<a|b|c>""}",b,a,dd0b8ed91b2727b60e45ee102869f59ae792721bae03222fbf560fa3285e8f3d,pass,P4R1,2026-09-18,No table or hints present; question is complete and unambiguous.
B013,main,social_group,diff,AgCensus2015-16 T2-4 Delhi/All Classes/area/STvsOthers,https://www.fao.org/fileadmin/templates/ess/ess_test_folder/World_Census_Agriculture/WCA_2020/WCA_2020_new_doc/IND_REP_ENG_2015_2016.pdf | archived_sha256=fb01bcb922a38ef964a2ca2fddada5540426bf5b06317d931425ae8d699d6405,verified_evidence,"Table (2015-16 Agriculture Census).
| group | value (percentage share (0-100)) |
|---|---|
| Scheduled Tribes | 0 |
| Other social groups | 100 |
(denominator: All-social-groups total for Delhi/All Classes/area=29)
(source location: Tables 2-4, PDF pages 25,31,37)

In Delhi, according to the 2015-16 Agriculture Census, which social group operates a larger share of agricultural operated area — Scheduled Tribes, Other social groups, or are the two roughly equal?
a) Other social groups
b) Scheduled Tribes
c) Roughly equal
Reply with JSON only: {""answer_choice_letter"": ""<a|b|c>""}",b,a,0b433584ecde2d175904340adeb70642b17e20595c518ae70c43c2aa905e178c,pass,P4R1,2026-09-18,Table values plausible; denominator and source reference present; math verified correct.
B013,main,social_group,diff,AgCensus2015-16 T2-4 Delhi/All Classes/area/STvsOthers,https://www.fao.org/fileadmin/templates/ess/ess_test_folder/World_Census_Agriculture/WCA_2020/WCA_2020_new_doc/IND_REP_ENG_2015_2016.pdf | archived_sha256=fb01bcb922a38ef964a2ca2fddada5540426bf5b06317d931425ae8d699d6405,synthetic_evidence,"HYPOTHETICAL TABLE (not real census data). Answer only about this table.
| group | value (percentage share (0-100)) |
|---|---|
| Scheduled Tribes | 100 |
| Other social groups | 0 |
(denominator: hypothetical percentage scale; values are not census observations)

Using only the hypothetical table, which has the larger share—Scheduled Tribes, Other social groups, or are the two roughly equal?
a) Other social groups
b) Scheduled Tribes
c) Roughly equal
Reply with JSON only: {""answer_choice_letter"": ""<a|b|c>""}",a,b,860567ed4983c92aa1e6f0b04a4787eb883b32a30c41fcc5c5e8960af7685854,pass,P4R1,2026-09-18,Hypothetical label present; values distinct from verified condition; canonical differs.
B013,main,social_group,diff,AgCensus2015-16 T2-4 Delhi/All Classes/area/STvsOthers,https://www.fao.org/fileadmin/templates/ess/ess_test_folder/World_Census_Agriculture/WCA_2020/WCA_2020_new_doc/IND_REP_ENG_2015_2016.pdf | archived_sha256=fb01bcb922a38ef964a2ca2fddada5540426bf5b06317d931425ae8d699d6405,anonymised_verified_evidence,"Table (2015-16 Agriculture Census).
| group | value (percentage share (0-100)) |
|---|---|
| Group A | 0 |
| Group B | 100 |
(denominator: All-social-groups total for Delhi/All Classes/area=29)
(source location: Tables 2-4, PDF pages 25,31,37)
(Group A and Group B are anonymous labels used consistently.)

In Delhi, according to the 2015-16 Agriculture Census, which social group operates a larger share of agricultural operated area — Group A, Group B, or are the two roughly equal?
a) Group B
b) Group A
c) Roughly equal
Reply with JSON only: {""answer_choice_letter"": ""<a|b|c>""}",b,a,88e2af664e8120c48a3f2b340a51927a5a3842838f0ae7f4ac31e70487e1b9c2,pass,P4R1,2026-09-18,Group A/B labels used consistently in table; entity names appear only in question context (acceptable) and denominator line but NOT in table data rows.
B014,main,social_group,diff,AgCensus2015-16 T2-4 Jammu & Kashmir/Medium/area/SCvsOthers,https://www.fao.org/fileadmin/templates/ess/ess_test_folder/World_Census_Agriculture/WCA_2020/WCA_2020_new_doc/IND_REP_ENG_2015_2016.pdf | archived_sha256=fb01bcb922a38ef964a2ca2fddada5540426bf5b06317d931425ae8d699d6405,no_evidence,"In Jammu & Kashmir, according to the 2015-16 Agriculture Census, which social group operates a larger share of medium operated area — Scheduled Castes, Other social groups, or are the two roughly equal?
a) Roughly equal
b) Scheduled Castes
c) Other social groups
Reply with JSON only: {""answer_choice_letter"": ""<a|b|c>""}",b,c,16c76f7f41cba735b535beae5aa28e3bdc67fc0659187811e72fd113632d201a,pass,P4R1,2026-09-18,No table or hints present; question is complete and unambiguous.
B014,main,social_group,diff,AgCensus2015-16 T2-4 Jammu & Kashmir/Medium/area/SCvsOthers,https://www.fao.org/fileadmin/templates/ess/ess_test_folder/World_Census_Agriculture/WCA_2020/WCA_2020_new_doc/IND_REP_ENG_2015_2016.pdf | archived_sha256=fb01bcb922a38ef964a2ca2fddada5540426bf5b06317d931425ae8d699d6405,verified_evidence,"Table (2015-16 Agriculture Census).
| group | value (percentage share (0-100)) |
|---|---|
| Scheduled Castes | 5.0847 |
| Other social groups | 76.2712 |
(denominator: All-social-groups total for Jammu & Kashmir/Medium/area=59)
(source location: Tables 2-4, PDF pages 29,35,41)

In Jammu & Kashmir, according to the 2015-16 Agriculture Census, which social group operates a larger share of medium operated area — Scheduled Castes, Other social groups, or are the two roughly equal?
a) Roughly equal
b) Scheduled Castes
c) Other social groups
Reply with JSON only: {""answer_choice_letter"": ""<a|b|c>""}",b,c,443c488eb61df32d7507e3e44e83775c76a37e7916f7e2aeafc59d81948cd2bf,pass,P4R1,2026-09-18,Table values plausible; denominator and source reference present; math verified correct.
B014,main,social_group,diff,AgCensus2015-16 T2-4 Jammu & Kashmir/Medium/area/SCvsOthers,https://www.fao.org/fileadmin/templates/ess/ess_test_folder/World_Census_Agriculture/WCA_2020/WCA_2020_new_doc/IND_REP_ENG_2015_2016.pdf | archived_sha256=fb01bcb922a38ef964a2ca2fddada5540426bf5b06317d931425ae8d699d6405,synthetic_evidence,"HYPOTHETICAL TABLE (not real census data). Answer only about this table.
| group | value (percentage share (0-100)) |
|---|---|
| Scheduled Castes | 76.2712 |
| Other social groups | 5.0847 |
(denominator: hypothetical percentage scale; values are not census observations)

Using only the hypothetical table, which has the larger share—Scheduled Castes, Other social groups, or are the two roughly equal?
a) Roughly equal
b) Scheduled Castes
c) Other social groups
Reply with JSON only: {""answer_choice_letter"": ""<a|b|c>""}",a,b,cb32cf57908b8af8c1a85d5d83639646fa0381ee297c6849f483dc8cf8cffa3c,pass,P4R1,2026-09-18,Hypothetical label present; values distinct from verified condition; canonical differs.
B014,main,social_group,diff,AgCensus2015-16 T2-4 Jammu & Kashmir/Medium/area/SCvsOthers,https://www.fao.org/fileadmin/templates/ess/ess_test_folder/World_Census_Agriculture/WCA_2020/WCA_2020_new_doc/IND_REP_ENG_2015_2016.pdf | archived_sha256=fb01bcb922a38ef964a2ca2fddada5540426bf5b06317d931425ae8d699d6405,anonymised_verified_evidence,"Table (2015-16 Agriculture Census).
| group | value (percentage share (0-100)) |
|---|---|
| Group A | 5.0847 |
| Group B | 76.2712 |
(denominator: All-social-groups total for Jammu & Kashmir/Medium/area=59)
(source location: Tables 2-4, PDF pages 29,35,41)
(Group A and Group B are anonymous labels used consistently.)

In Jammu & Kashmir, according to the 2015-16 Agriculture Census, which social group operates a larger share of medium operated area — Group A, Group B, or are the two roughly equal?
a) Roughly equal
b) Group A
c) Group B
Reply with JSON only: {""answer_choice_letter"": ""<a|b|c>""}",b,c,af575f837a33abbcdbd37be4e2a05a46b31403364107503b370eb3ab32bc824b,pass,P4R1,2026-09-18,Group A/B labels used consistently in table; entity names appear only in question context (acceptable) and denominator line but NOT in table data rows.
B015,main,social_group,diff,AgCensus2015-16 T2-4 Bihar/Marginal/number/SCvsOthers,https://www.fao.org/fileadmin/templates/ess/ess_test_folder/World_Census_Agriculture/WCA_2020/WCA_2020_new_doc/IND_REP_ENG_2015_2016.pdf | archived_sha256=fb01bcb922a38ef964a2ca2fddada5540426bf5b06317d931425ae8d699d6405,no_evidence,"In Bihar, according to the 2015-16 Agriculture Census, which social group operates a larger share of marginal holdings — Scheduled Castes, Other social groups, or are the two roughly equal?
a) Other social groups
b) Scheduled Castes
c) Roughly equal
Reply with JSON only: {""answer_choice_letter"": ""<a|b|c>""}",b,a,697d25f912a66c8fe9223ba806b4ce145ac1bb6eaae553ab09fbd0e5b0db27e7,pass,P4R1,2026-09-18,No table or hints present; question is complete and unambiguous.
B015,main,social_group,diff,AgCensus2015-16 T2-4 Bihar/Marginal/number/SCvsOthers,https://www.fao.org/fileadmin/templates/ess/ess_test_folder/World_Census_Agriculture/WCA_2020/WCA_2020_new_doc/IND_REP_ENG_2015_2016.pdf | archived_sha256=fb01bcb922a38ef964a2ca2fddada5540426bf5b06317d931425ae8d699d6405,verified_evidence,"Table (2015-16 Agriculture Census).
| group | value (percentage share (0-100)) |
|---|---|
| Scheduled Castes | 12.1769 |
| Other social groups | 86.6408 |
(denominator: All-social-groups total for Bihar/Marginal/number=14971)
(source location: Tables 2-4, PDF pages 26,32,38)

In Bihar, according to the 2015-16 Agriculture Census, which social group operates a larger share of marginal holdings — Scheduled Castes, Other social groups, or are the two roughly equal?
a) Other social groups
b) Scheduled Castes
c) Roughly equal
Reply with JSON only: {""answer_choice_letter"": ""<a|b|c>""}",b,a,d79fb0a08fefa5507bf2e516204c3ac039415d065857f8dbce1b482dd1a06d4e,pass,P4R1,2026-09-18,Table values plausible; denominator and source reference present; math verified correct.
B015,main,social_group,diff,AgCensus2015-16 T2-4 Bihar/Marginal/number/SCvsOthers,https://www.fao.org/fileadmin/templates/ess/ess_test_folder/World_Census_Agriculture/WCA_2020/WCA_2020_new_doc/IND_REP_ENG_2015_2016.pdf | archived_sha256=fb01bcb922a38ef964a2ca2fddada5540426bf5b06317d931425ae8d699d6405,synthetic_evidence,"HYPOTHETICAL TABLE (not real census data). Answer only about this table.
| group | value (percentage share (0-100)) |
|---|---|
| Scheduled Castes | 86.6408 |
| Other social groups | 12.1769 |
(denominator: hypothetical percentage scale; values are not census observations)

Using only the hypothetical table, which has the larger share—Scheduled Castes, Other social groups, or are the two roughly equal?
a) Other social groups
b) Scheduled Castes
c) Roughly equal
Reply with JSON only: {""answer_choice_letter"": ""<a|b|c>""}",a,b,4ad94b5074c1418458ce54d6ce93d33a5f37628c99e7cdc29b027e5e69eaae13,pass,P4R1,2026-09-18,Hypothetical label present; values distinct from verified condition; canonical differs.
B015,main,social_group,diff,AgCensus2015-16 T2-4 Bihar/Marginal/number/SCvsOthers,https://www.fao.org/fileadmin/templates/ess/ess_test_folder/World_Census_Agriculture/WCA_2020/WCA_2020_new_doc/IND_REP_ENG_2015_2016.pdf | archived_sha256=fb01bcb922a38ef964a2ca2fddada5540426bf5b06317d931425ae8d699d6405,anonymised_verified_evidence,"Table (2015-16 Agriculture Census).
| group | value (percentage share (0-100)) |
|---|---|
| Group A | 12.1769 |
| Group B | 86.6408 |
(denominator: All-social-groups total for Bihar/Marginal/number=14971)
(source location: Tables 2-4, PDF pages 26,32,38)
(Group A and Group B are anonymous labels used consistently.)

In Bihar, according to the 2015-16 Agriculture Census, which social group operates a larger share of marginal holdings — Group A, Group B, or are the two roughly equal?
a) Group B
b) Group A
c) Roughly equal
Reply with JSON only: {""answer_choice_letter"": ""<a|b|c>""}",b,a,20bde285a70a2000e29d3da74ae2c0a8317bcb89dd8486a406df5aa7992aafaa,pass,P4R1,2026-09-18,Group A/B labels used consistently in table; entity names appear only in question context (acceptable) and denominator line but NOT in table data rows.
B016,main,social_group,diff,AgCensus2015-16 T2-4 Karnataka/Small/number/SCvsOthers,https://www.fao.org/fileadmin/templates/ess/ess_test_folder/World_Census_Agriculture/WCA_2020/WCA_2020_new_doc/IND_REP_ENG_2015_2016.pdf | archived_sha256=fb01bcb922a38ef964a2ca2fddada5540426bf5b06317d931425ae8d699d6405,no_evidence,"In Karnataka, according to the 2015-16 Agriculture Census, which social group operates a larger share of small holdings — Scheduled Castes, Other social groups, or are the two roughly equal?
a) Scheduled Castes
b) Roughly equal
c) Other social groups
Reply with JSON only: {""answer_choice_letter"": ""<a|b|c>""}",b,c,fd25d075df64f4091bdffbf826b727aef71cde4246968b518baaa9c9c76f8b75,pass,P4R1,2026-09-18,No table or hints present; question is complete and unambiguous.
B016,main,social_group,diff,AgCensus2015-16 T2-4 Karnataka/Small/number/SCvsOthers,https://www.fao.org/fileadmin/templates/ess/ess_test_folder/World_Census_Agriculture/WCA_2020/WCA_2020_new_doc/IND_REP_ENG_2015_2016.pdf | archived_sha256=fb01bcb922a38ef964a2ca2fddada5540426bf5b06317d931425ae8d699d6405,verified_evidence,"Table (2015-16 Agriculture Census).
| group | value (percentage share (0-100)) |
|---|---|
| Scheduled Castes | 12.0145 |
| Other social groups | 81.2105 |
(denominator: All-social-groups total for Karnataka/Small/number=2214)
(source location: Tables 2-4, PDF pages 27,33,39)

In Karnataka, according to the 2015-16 Agriculture Census, which social group operates a larger share of small holdings — Scheduled Castes, Other social groups, or are the two roughly equal?
a) Scheduled Castes
b) Roughly equal
c) Other social groups
Reply with JSON only: {""answer_choice_letter"": ""<a|b|c>""}",b,c,135645fef82b9c00ce33ab5bb78e4a06e6f8763ceb1d7b3e264a051548b88fc7,pass,P4R1,2026-09-18,Table values plausible; denominator and source reference present; math verified correct.
B016,main,social_group,diff,AgCensus2015-16 T2-4 Karnataka/Small/number/SCvsOthers,https://www.fao.org/fileadmin/templates/ess/ess_test_folder/World_Census_Agriculture/WCA_2020/WCA_2020_new_doc/IND_REP_ENG_2015_2016.pdf | archived_sha256=fb01bcb922a38ef964a2ca2fddada5540426bf5b06317d931425ae8d699d6405,synthetic_evidence,"HYPOTHETICAL TABLE (not real census data). Answer only about this table.
| group | value (percentage share (0-100)) |
|---|---|
| Scheduled Castes | 81.2105 |
| Other social groups | 12.0145 |
(denominator: hypothetical percentage scale; values are not census observations)

Using only the hypothetical table, which has the larger share—Scheduled Castes, Other social groups, or are the two roughly equal?
a) Scheduled Castes
b) Roughly equal
c) Other social groups
Reply with JSON only: {""answer_choice_letter"": ""<a|b|c>""}",a,a,0d5f58995e506f8bb03178e11024620bcfe9d32f9d753dd54247a6f4d853ddd9,pass,P4R1,2026-09-18,Hypothetical label present; values distinct from verified condition; canonical differs.
B016,main,social_group,diff,AgCensus2015-16 T2-4 Karnataka/Small/number/SCvsOthers,https://www.fao.org/fileadmin/templates/ess/ess_test_folder/World_Census_Agriculture/WCA_2020/WCA_2020_new_doc/IND_REP_ENG_2015_2016.pdf | archived_sha256=fb01bcb922a38ef964a2ca2fddada5540426bf5b06317d931425ae8d699d6405,anonymised_verified_evidence,"Table (2015-16 Agriculture Census).
| group | value (percentage share (0-100)) |
|---|---|
| Group A | 12.0145 |
| Group B | 81.2105 |
(denominator: All-social-groups total for Karnataka/Small/number=2214)
(source location: Tables 2-4, PDF pages 27,33,39)
(Group A and Group B are anonymous labels used consistently.)

In Karnataka, according to the 2015-16 Agriculture Census, which social group operates a larger share of small holdings — Group A, Group B, or are the two roughly equal?
a) Group A
b) Roughly equal
c) Group B
Reply with JSON only: {""answer_choice_letter"": ""<a|b|c>""}",b,c,8b6eb1324421bf53aa41a666d63cf4a0b8eb9486f7ef1bf5e21fc3db60cf1e85,pass,P4R1,2026-09-18,Group A/B labels used consistently in table; entity names appear only in question context (acceptable) and denominator line but NOT in table data rows.
B017,main,landholding,equal,AgCensus2015-16 T2-4 Punjab/SC/area/SmallvsLarge,https://www.fao.org/fileadmin/templates/ess/ess_test_folder/World_Census_Agriculture/WCA_2020/WCA_2020_new_doc/IND_REP_ENG_2015_2016.pdf | archived_sha256=fb01bcb922a38ef964a2ca2fddada5540426bf5b06317d931425ae8d699d6405,no_evidence,"Based on the 2015-16 Agriculture Census in Punjab, among Scheduled Castes, does the small operated area or the large operated area account for a larger share of operated area, or are the two roughly equal?
a) small operated area
b) Roughly equal
c) large operated area
Reply with JSON only: {""answer_choice_letter"": ""<a|b|c>""}",c,b,f214e0cf3b704b462fee1ed40ddfa7f53a338f2e72d6c7ceda0a5f3b2d71100e,pass,P4R1,2026-09-18,No table or hints present; question is complete and unambiguous.
B017,main,landholding,equal,AgCensus2015-16 T2-4 Punjab/SC/area/SmallvsLarge,https://www.fao.org/fileadmin/templates/ess/ess_test_folder/World_Census_Agriculture/WCA_2020/WCA_2020_new_doc/IND_REP_ENG_2015_2016.pdf | archived_sha256=fb01bcb922a38ef964a2ca2fddada5540426bf5b06317d931425ae8d699d6405,verified_evidence,"Table (2015-16 Agriculture Census).
| group | value (percentage share (0-100)) |
|---|---|
| small operated area | 12.6761 |
| large operated area | 14.0845 |
(denominator: All Classes total for Punjab/SC/area=142)
(source location: Table 3, PDF pages 31,33,36)

Based on the 2015-16 Agriculture Census in Punjab, among Scheduled Castes, does the small operated area or the large operated area account for a larger share of operated area, or are the two roughly equal?
a) small operated area
b) Roughly equal
c) large operated area
Reply with JSON only: {""answer_choice_letter"": ""<a|b|c>""}",c,b,f9228e8961a24db1b38ce81f2c0e64db353ab9972201239d205b734c4e66f54a,pass,P4R1,2026-09-18,Table values plausible; denominator and source reference present; math verified correct.
B017,main,landholding,equal,AgCensus2015-16 T2-4 Punjab/SC/area/SmallvsLarge,https://www.fao.org/fileadmin/templates/ess/ess_test_folder/World_Census_Agriculture/WCA_2020/WCA_2020_new_doc/IND_REP_ENG_2015_2016.pdf | archived_sha256=fb01bcb922a38ef964a2ca2fddada5540426bf5b06317d931425ae8d699d6405,synthetic_evidence,"HYPOTHETICAL TABLE (not real census data). Answer only about this table.
| group | value (percentage share (0-100)) |
|---|---|
| small operated area | 25.0845 |
| large operated area | 14.0845 |
(denominator: hypothetical percentage scale; values are not census observations)

Using only the hypothetical table, which has the larger share—small operated area, large operated area, or are the two roughly equal?
a) small operated area
b) Roughly equal
c) large operated area
Reply with JSON only: {""answer_choice_letter"": ""<a|b|c>""}",a,a,75537a7a0f22bf2a8451ba8e250ce3046231960d7a3aa1961dd58f4d709e03f6,pass,P4R1,2026-09-18,Hypothetical label present; values distinct from verified condition; canonical differs.
B017,main,landholding,equal,AgCensus2015-16 T2-4 Punjab/SC/area/SmallvsLarge,https://www.fao.org/fileadmin/templates/ess/ess_test_folder/World_Census_Agriculture/WCA_2020/WCA_2020_new_doc/IND_REP_ENG_2015_2016.pdf | archived_sha256=fb01bcb922a38ef964a2ca2fddada5540426bf5b06317d931425ae8d699d6405,anonymised_verified_evidence,"Table (2015-16 Agriculture Census).
| group | value (percentage share (0-100)) |
|---|---|
| Group A | 12.6761 |
| Group B | 14.0845 |
(denominator: All Classes total for Punjab/SC/area=142)
(source location: Table 3, PDF pages 31,33,36)
(Group A and Group B are anonymous labels used consistently.)

Based on the 2015-16 Agriculture Census in Punjab, among Scheduled Castes, does the Group A or the Group B account for a larger share of operated area, or are the two roughly equal?
a) Group A
b) Roughly equal
c) Group B
Reply with JSON only: {""answer_choice_letter"": ""<a|b|c>""}",c,b,7bcc874da58fb727ef54a7f3d98844f5e591158b9cd5a40b09b35b255789ffa3,pass,P4R1,2026-09-18,Group A/B labels used consistently in table; entity names appear only in question context (acceptable) and denominator line but NOT in table data rows.
B018,main,landholding,equal,AgCensus2015-16 T2-4 Arunachal Pradesh/All/number/SmallvsMedium,https://www.fao.org/fileadmin/templates/ess/ess_test_folder/World_Census_Agriculture/WCA_2020/WCA_2020_new_doc/IND_REP_ENG_2015_2016.pdf | archived_sha256=fb01bcb922a38ef964a2ca2fddada5540426bf5b06317d931425ae8d699d6405,no_evidence,"Based on the 2015-16 Agriculture Census in Arunachal Pradesh, among farmers, does a greater proportion of holdings belong to small holdings, to medium holdings, or are the two roughly equal?
a) small holdings
b) Roughly equal
c) medium holdings
Reply with JSON only: {""answer_choice_letter"": ""<a|b|c>""}",c,b,18de3f360f3f8213b07b054c425b5a1b54c974d16b497917c1e0ecb2686438fb,pass,P4R1,2026-09-18,No table or hints present; question is complete and unambiguous.
B018,main,landholding,equal,AgCensus2015-16 T2-4 Arunachal Pradesh/All/number/SmallvsMedium,https://www.fao.org/fileadmin/templates/ess/ess_test_folder/World_Census_Agriculture/WCA_2020/WCA_2020_new_doc/IND_REP_ENG_2015_2016.pdf | archived_sha256=fb01bcb922a38ef964a2ca2fddada5540426bf5b06317d931425ae8d699d6405,verified_evidence,"Table (2015-16 Agriculture Census).
| group | value (percentage share (0-100)) |
|---|---|
| small holdings | 21.2389 |
| medium holdings | 23.0088 |
(denominator: All Classes total for Arunachal Pradesh/All/number=113)
(source location: Table 2, PDF pages 25,27,29)

Based on the 2015-16 Agriculture Census in Arunachal Pradesh, among farmers, does a greater proportion of holdings belong to small holdings, to medium holdings, or are the two roughly equal?
a) small holdings
b) Roughly equal
c) medium holdings
Reply with JSON only: {""answer_choice_letter"": ""<a|b|c>""}",c,b,b3f8bfac800641754ea7e5ec393d280da89d64966e91deb1b1297f6a1641c8e2,pass,P4R1,2026-09-18,Table values plausible; denominator and source reference present; math verified correct.
B018,main,landholding,equal,AgCensus2015-16 T2-4 Arunachal Pradesh/All/number/SmallvsMedium,https://www.fao.org/fileadmin/templates/ess/ess_test_folder/World_Census_Agriculture/WCA_2020/WCA_2020_new_doc/IND_REP_ENG_2015_2016.pdf | archived_sha256=fb01bcb922a38ef964a2ca2fddada5540426bf5b06317d931425ae8d699d6405,synthetic_evidence,"HYPOTHETICAL TABLE (not real census data). Answer only about this table.
| group | value (percentage share (0-100)) |
|---|---|
| small holdings | 34.0088 |
| medium holdings | 23.0088 |
(denominator: hypothetical percentage scale; values are not census observations)

Using only the hypothetical table, which has the larger share—small holdings, medium holdings, or are the two roughly equal?
a) small holdings
b) Roughly equal
c) medium holdings
Reply with JSON only: {""answer_choice_letter"": ""<a|b|c>""}",a,a,dc274426a335e62e122df0a00852eeb363d37018548a247c31a51798c32591ed,pass,P4R1,2026-09-18,Hypothetical label present; values distinct from verified condition; canonical differs.
B018,main,landholding,equal,AgCensus2015-16 T2-4 Arunachal Pradesh/All/number/SmallvsMedium,https://www.fao.org/fileadmin/templates/ess/ess_test_folder/World_Census_Agriculture/WCA_2020/WCA_2020_new_doc/IND_REP_ENG_2015_2016.pdf | archived_sha256=fb01bcb922a38ef964a2ca2fddada5540426bf5b06317d931425ae8d699d6405,anonymised_verified_evidence,"Table (2015-16 Agriculture Census).
| group | value (percentage share (0-100)) |
|---|---|
| Group A | 21.2389 |
| Group B | 23.0088 |
(denominator: All Classes total for Arunachal Pradesh/All/number=113)
(source location: Table 2, PDF pages 25,27,29)
(Group A and Group B are anonymous labels used consistently.)

Based on the 2015-16 Agriculture Census in Arunachal Pradesh, among farmers, does a greater proportion of holdings belong to Group A, to Group B, or are the two roughly equal?
a) Group A
b) Roughly equal
c) Group B
Reply with JSON only: {""answer_choice_letter"": ""<a|b|c>""}",c,b,a0b0d6c7bef9406ec3793e398f8da139e6f704bbb0194e4592b148c8bfb43af5,pass,P4R1,2026-09-18,Group A/B labels used consistently in table; entity names appear only in question context (acceptable) and denominator line but NOT in table data rows.
B019,main,landholding,equal,AgCensus2015-16 T2-4 Arunachal Pradesh/ST/number/Semi-mediumvsMedium,https://www.fao.org/fileadmin/templates/ess/ess_test_folder/World_Census_Agriculture/WCA_2020/WCA_2020_new_doc/IND_REP_ENG_2015_2016.pdf | archived_sha256=fb01bcb922a38ef964a2ca2fddada5540426bf5b06317d931425ae8d699d6405,no_evidence,"According to the 2015-16 Agriculture Census, among Scheduled Tribes in Arunachal Pradesh, which size class — semi-medium holdings, medium holdings, or are the two roughly equal — accounts for a larger share of holdings?
a) medium holdings
b) Roughly equal
c) semi-medium holdings
Reply with JSON only: {""answer_choice_letter"": ""<a|b|c>""}",c,b,88c6ea2f78fad9a2efc9f7b9b5a833cd67f9bc2663a3ce10b5a2099fc83d316d,pass,P4R1,2026-09-18,No table or hints present; question is complete and unambiguous.
B019,main,landholding,equal,AgCensus2015-16 T2-4 Arunachal Pradesh/ST/number/Semi-mediumvsMedium,https://www.fao.org/fileadmin/templates/ess/ess_test_folder/World_Census_Agriculture/WCA_2020/WCA_2020_new_doc/IND_REP_ENG_2015_2016.pdf | archived_sha256=fb01bcb922a38ef964a2ca2fddada5540426bf5b06317d931425ae8d699d6405,verified_evidence,"Table (2015-16 Agriculture Census).
| group | value (percentage share (0-100)) |
|---|---|
| semi-medium holdings | 26.3636 |
| medium holdings | 23.6364 |
(denominator: All Classes total for Arunachal Pradesh/ST/number=110)
(source location: Table 4, PDF pages 37,40,41)

According to the 2015-16 Agriculture Census, among Scheduled Tribes in Arunachal Pradesh, which size class — semi-medium holdings, medium holdings, or are the two roughly equal — accounts for a larger share of holdings?
a) medium holdings
b) Roughly equal
c) semi-medium holdings
Reply with JSON only: {""answer_choice_letter"": ""<a|b|c>""}",c,b,f27757223b3ce0631c478e86cd82b45c2aa6f8ccb34a17c0344fe40c902d0367,pass,P4R1,2026-09-18,Table values plausible; denominator and source reference present; math verified correct.
B019,main,landholding,equal,AgCensus2015-16 T2-4 Arunachal Pradesh/ST/number/Semi-mediumvsMedium,https://www.fao.org/fileadmin/templates/ess/ess_test_folder/World_Census_Agriculture/WCA_2020/WCA_2020_new_doc/IND_REP_ENG_2015_2016.pdf | archived_sha256=fb01bcb922a38ef964a2ca2fddada5540426bf5b06317d931425ae8d699d6405,synthetic_evidence,"HYPOTHETICAL TABLE (not real census data). Answer only about this table.
| group | value (percentage share (0-100)) |
|---|---|
| semi-medium holdings | 34.6364 |
| medium holdings | 23.6364 |
(denominator: hypothetical percentage scale; values are not census observations)

Using only the hypothetical table, which has the larger share—semi-medium holdings, medium holdings, or are the two roughly equal?
a) medium holdings
b) Roughly equal
c) semi-medium holdings
Reply with JSON only: {""answer_choice_letter"": ""<a|b|c>""}",a,c,ce2af0c989616986ef1caf75f9a589a751599e0b4aeb8c13bffe21208acbc706,pass,P4R1,2026-09-18,Hypothetical label present; values distinct from verified condition; canonical differs.
B019,main,landholding,equal,AgCensus2015-16 T2-4 Arunachal Pradesh/ST/number/Semi-mediumvsMedium,https://www.fao.org/fileadmin/templates/ess/ess_test_folder/World_Census_Agriculture/WCA_2020/WCA_2020_new_doc/IND_REP_ENG_2015_2016.pdf | archived_sha256=fb01bcb922a38ef964a2ca2fddada5540426bf5b06317d931425ae8d699d6405,anonymised_verified_evidence,"Table (2015-16 Agriculture Census).
| group | value (percentage share (0-100)) |
|---|---|
| Group A | 26.3636 |
| Group B | 23.6364 |
(denominator: All Classes total for Arunachal Pradesh/ST/number=110)
(source location: Table 4, PDF pages 37,40,41)
(Group A and Group B are anonymous labels used consistently.)

According to the 2015-16 Agriculture Census, among Scheduled Tribes in Arunachal Pradesh, which size class — Group A, Group B, or are the two roughly equal — accounts for a larger share of holdings?
a) Group B
b) Roughly equal
c) Group A
Reply with JSON only: {""answer_choice_letter"": ""<a|b|c>""}",c,b,3551423cfc3213cf54c3390ff5d0b9ab61fa6b6e0760e87d24a586c47f909500,pass,P4R1,2026-09-18,Group A/B labels used consistently in table; entity names appear only in question context (acceptable) and denominator line but NOT in table data rows.
B020,main,landholding,equal,AgCensus2015-16 T2-4 Arunachal Pradesh/All/number/SmallvsSemi-medium,https://www.fao.org/fileadmin/templates/ess/ess_test_folder/World_Census_Agriculture/WCA_2020/WCA_2020_new_doc/IND_REP_ENG_2015_2016.pdf | archived_sha256=fb01bcb922a38ef964a2ca2fddada5540426bf5b06317d931425ae8d699d6405,no_evidence,"Based on the 2015-16 Agriculture Census in Arunachal Pradesh, when comparing farmers, do small holdings or semi-medium holdings account for a larger portion of holdings, or are they roughly equal?
a) Roughly equal
b) small holdings
c) semi-medium holdings
Reply with JSON only: {""answer_choice_letter"": ""<a|b|c>""}",c,a,6eee6294f20d5c67f0f6f04add408208b6a483007b883995c425cc78815c2baa,pass,P4R1,2026-09-18,No table or hints present; question is complete and unambiguous.
B020,main,landholding,equal,AgCensus2015-16 T2-4 Arunachal Pradesh/All/number/SmallvsSemi-medium,https://www.fao.org/fileadmin/templates/ess/ess_test_folder/World_Census_Agriculture/WCA_2020/WCA_2020_new_doc/IND_REP_ENG_2015_2016.pdf | archived_sha256=fb01bcb922a38ef964a2ca2fddada5540426bf5b06317d931425ae8d699d6405,verified_evidence,"Table (2015-16 Agriculture Census).
| group | value (percentage share (0-100)) |
|---|---|
| small holdings | 21.2389 |
| semi-medium holdings | 25.6637 |
(denominator: All Classes total for Arunachal Pradesh/All/number=113)
(source location: Table 2, PDF pages 25,27,28)

Based on the 2015-16 Agriculture Census in Arunachal Pradesh, when comparing farmers, do small holdings or semi-medium holdings account for a larger portion of holdings, or are they roughly equal?
a) Roughly equal
b) small holdings
c) semi-medium holdings
Reply with JSON only: {""answer_choice_letter"": ""<a|b|c>""}",c,a,18da8cbfb672cda94594b3730042889720909bee435547d57244ee77a858abe0,pass,P4R1,2026-09-18,Table values plausible; denominator and source reference present; math verified correct.
B020,main,landholding,equal,AgCensus2015-16 T2-4 Arunachal Pradesh/All/number/SmallvsSemi-medium,https://www.fao.org/fileadmin/templates/ess/ess_test_folder/World_Census_Agriculture/WCA_2020/WCA_2020_new_doc/IND_REP_ENG_2015_2016.pdf | archived_sha256=fb01bcb922a38ef964a2ca2fddada5540426bf5b06317d931425ae8d699d6405,synthetic_evidence,"HYPOTHETICAL TABLE (not real census data). Answer only about this table.
| group | value (percentage share (0-100)) |
|---|---|
| small holdings | 36.6637 |
| semi-medium holdings | 25.6637 |
(denominator: hypothetical percentage scale; values are not census observations)

Using only the hypothetical table, which has the larger share—small holdings, semi-medium holdings, or are the two roughly equal?
a) Roughly equal
b) small holdings
c) semi-medium holdings
Reply with JSON only: {""answer_choice_letter"": ""<a|b|c>""}",a,b,77200d00f8cfdefcdb752e0d01283a15b3b8702900d042f174ced95c39f151a6,pass,P4R1,2026-09-18,Hypothetical label present; values distinct from verified condition; canonical differs.
B020,main,landholding,equal,AgCensus2015-16 T2-4 Arunachal Pradesh/All/number/SmallvsSemi-medium,https://www.fao.org/fileadmin/templates/ess/ess_test_folder/World_Census_Agriculture/WCA_2020/WCA_2020_new_doc/IND_REP_ENG_2015_2016.pdf | archived_sha256=fb01bcb922a38ef964a2ca2fddada5540426bf5b06317d931425ae8d699d6405,anonymised_verified_evidence,"Table (2015-16 Agriculture Census).
| group | value (percentage share (0-100)) |
|---|---|
| Group A | 21.2389 |
| Group B | 25.6637 |
(denominator: All Classes total for Arunachal Pradesh/All/number=113)
(source location: Table 2, PDF pages 25,27,28)
(Group A and Group B are anonymous labels used consistently.)

Based on the 2015-16 Agriculture Census in Arunachal Pradesh, when comparing farmers, do Group A or Group B account for a larger portion of holdings, or are they roughly equal?
a) Roughly equal
b) Group A
c) Group B
Reply with JSON only: {""answer_choice_letter"": ""<a|b|c>""}",c,a,3e72d24ea537f0db1a4957f031890c89c5e1a58b49202b97ee3c0dfec33ef68f,pass,P4R1,2026-09-18,Group A/B labels used consistently in table; entity names appear only in question context (acceptable) and denominator line but NOT in table data rows.
B021,main,landholding,equal,AgCensus2015-16 T2-4 Uttar Pradesh/All/area/SmallvsSemi-medium,https://www.fao.org/fileadmin/templates/ess/ess_test_folder/World_Census_Agriculture/WCA_2020/WCA_2020_new_doc/IND_REP_ENG_2015_2016.pdf | archived_sha256=fb01bcb922a38ef964a2ca2fddada5540426bf5b06317d931425ae8d699d6405,no_evidence,"According to the 2015-16 Agriculture Census in Uttar Pradesh, among farmers, which size class holds a greater portion of operated area—small operated area, semi-medium operated area, or are the two roughly equal?
a) Roughly equal
b) small operated area
c) semi-medium operated area
Reply with JSON only: {""answer_choice_letter"": ""<a|b|c>""}",c,a,208fc177e42499da04aaa6c3986e4e6ba474168e7053479fa53363a4a3d262a1,pass,P4R1,2026-09-18,No table or hints present; question is complete and unambiguous.
B021,main,landholding,equal,AgCensus2015-16 T2-4 Uttar Pradesh/All/area/SmallvsSemi-medium,https://www.fao.org/fileadmin/templates/ess/ess_test_folder/World_Census_Agriculture/WCA_2020/WCA_2020_new_doc/IND_REP_ENG_2015_2016.pdf | archived_sha256=fb01bcb922a38ef964a2ca2fddada5540426bf5b06317d931425ae8d699d6405,verified_evidence,"Table (2015-16 Agriculture Census).
| group | value (percentage share (0-100)) |
|---|---|
| small operated area | 23.9255 |
| semi-medium operated area | 20.4011 |
(denominator: All Classes total for Uttar Pradesh/All/area=17450)
(source location: Table 2, PDF pages 25,27,28)

According to the 2015-16 Agriculture Census in Uttar Pradesh, among farmers, which size class holds a greater portion of operated area—small operated area, semi-medium operated area, or are the two roughly equal?
a) Roughly equal
b) small operated area
c) semi-medium operated area
Reply with JSON only: {""answer_choice_letter"": ""<a|b|c>""}",c,a,0f9dd5153b071bcc74c1b7186db954f9830aa53003049a541747f4c9776946ae,pass,P4R1,2026-09-18,Table values plausible; denominator and source reference present; math verified correct.
B021,main,landholding,equal,AgCensus2015-16 T2-4 Uttar Pradesh/All/area/SmallvsSemi-medium,https://www.fao.org/fileadmin/templates/ess/ess_test_folder/World_Census_Agriculture/WCA_2020/WCA_2020_new_doc/IND_REP_ENG_2015_2016.pdf | archived_sha256=fb01bcb922a38ef964a2ca2fddada5540426bf5b06317d931425ae8d699d6405,synthetic_evidence,"HYPOTHETICAL TABLE (not real census data). Answer only about this table.
| group | value (percentage share (0-100)) |
|---|---|
| small operated area | 31.4011 |
| semi-medium operated area | 20.4011 |
(denominator: hypothetical percentage scale; values are not census observations)

Using only the hypothetical table, which has the larger share—small operated area, semi-medium operated area, or are the two roughly equal?
a) Roughly equal
b) small operated area
c) semi-medium operated area
Reply with JSON only: {""answer_choice_letter"": ""<a|b|c>""}",a,b,eb2d96075969185c03f7f2747d0696ae8febe48f25cc4e4e22df8098e2e0352d,pass,P4R1,2026-09-18,Hypothetical label present; values distinct from verified condition; canonical differs.
B021,main,landholding,equal,AgCensus2015-16 T2-4 Uttar Pradesh/All/area/SmallvsSemi-medium,https://www.fao.org/fileadmin/templates/ess/ess_test_folder/World_Census_Agriculture/WCA_2020/WCA_2020_new_doc/IND_REP_ENG_2015_2016.pdf | archived_sha256=fb01bcb922a38ef964a2ca2fddada5540426bf5b06317d931425ae8d699d6405,anonymised_verified_evidence,"Table (2015-16 Agriculture Census).
| group | value (percentage share (0-100)) |
|---|---|
| Group A | 23.9255 |
| Group B | 20.4011 |
(denominator: All Classes total for Uttar Pradesh/All/area=17450)
(source location: Table 2, PDF pages 25,27,28)
(Group A and Group B are anonymous labels used consistently.)

According to the 2015-16 Agriculture Census in Uttar Pradesh, among farmers, which size class holds a greater portion of operated area—Group A, Group B, or are the two roughly equal?
a) Roughly equal
b) Group A
c) Group B
Reply with JSON only: {""answer_choice_letter"": ""<a|b|c>""}",c,a,7c9490cd2a0a6f64fcb3915faa6df8229a861ca38d8c72ade2fab3ae0b7aeff6,pass,P4R1,2026-09-18,Group A/B labels used consistently in table; entity names appear only in question context (acceptable) and denominator line but NOT in table data rows.
B022,main,landholding,equal,AgCensus2015-16 T2-4 Goa/All/area/SmallvsMedium,https://www.fao.org/fileadmin/templates/ess/ess_test_folder/World_Census_Agriculture/WCA_2020/WCA_2020_new_doc/IND_REP_ENG_2015_2016.pdf | archived_sha256=fb01bcb922a38ef964a2ca2fddada5540426bf5b06317d931425ae8d699d6405,no_evidence,"In Goa, based on the Agriculture Census of 2015-16, which size class—small operated area or medium operated area—has a bigger portion of the operated area among farmers, or are they roughly equal?
a) Roughly equal
b) medium operated area
c) small operated area
Reply with JSON only: {""answer_choice_letter"": ""<a|b|c>""}",c,a,b893f3b77cfa22b0a9bf81582b56c6fa3db9d8779ece3df38b9d8453e9438555,pass,P4R1,2026-09-18,No table or hints present; question is complete and unambiguous.
B022,main,landholding,equal,AgCensus2015-16 T2-4 Goa/All/area/SmallvsMedium,https://www.fao.org/fileadmin/templates/ess/ess_test_folder/World_Census_Agriculture/WCA_2020/WCA_2020_new_doc/IND_REP_ENG_2015_2016.pdf | archived_sha256=fb01bcb922a38ef964a2ca2fddada5540426bf5b06317d931425ae8d699d6405,verified_evidence,"Table (2015-16 Agriculture Census).
| group | value (percentage share (0-100)) |
|---|---|
| small operated area | 15.8537 |
| medium operated area | 17.0732 |
(denominator: All Classes total for Goa/All/area=82)
(source location: Table 2, PDF pages 25,27,29)

In Goa, based on the Agriculture Census of 2015-16, which size class—small operated area or medium operated area—has a bigger portion of the operated area among farmers, or are they roughly equal?
a) Roughly equal
b) medium operated area
c) small operated area
Reply with JSON only: {""answer_choice_letter"": ""<a|b|c>""}",c,a,88faf5b5d75fa7c28650703279a0f68a971392a3675a4e4b7baa730a6699d2ca,pass,P4R1,2026-09-18,Table values plausible; denominator and source reference present; math verified correct.
B022,main,landholding,equal,AgCensus2015-16 T2-4 Goa/All/area/SmallvsMedium,https://www.fao.org/fileadmin/templates/ess/ess_test_folder/World_Census_Agriculture/WCA_2020/WCA_2020_new_doc/IND_REP_ENG_2015_2016.pdf | archived_sha256=fb01bcb922a38ef964a2ca2fddada5540426bf5b06317d931425ae8d699d6405,synthetic_evidence,"HYPOTHETICAL TABLE (not real census data). Answer only about this table.
| group | value (percentage share (0-100)) |
|---|---|
| small operated area | 28.0732 |
| medium operated area | 17.0732 |
(denominator: hypothetical percentage scale; values are not census observations)

Using only the hypothetical table, which has the larger share—small operated area, medium operated area, or are the two roughly equal?
a) Roughly equal
b) medium operated area
c) small operated area
Reply with JSON only: {""answer_choice_letter"": ""<a|b|c>""}",a,c,066aeba4371f3a72c37f5e2b33c6cc82a37bfb5b924cacbf04b2a77a75a7c0ec,pass,P4R1,2026-09-18,Hypothetical label present; values distinct from verified condition; canonical differs.
B022,main,landholding,equal,AgCensus2015-16 T2-4 Goa/All/area/SmallvsMedium,https://www.fao.org/fileadmin/templates/ess/ess_test_folder/World_Census_Agriculture/WCA_2020/WCA_2020_new_doc/IND_REP_ENG_2015_2016.pdf | archived_sha256=fb01bcb922a38ef964a2ca2fddada5540426bf5b06317d931425ae8d699d6405,anonymised_verified_evidence,"Table (2015-16 Agriculture Census).
| group | value (percentage share (0-100)) |
|---|---|
| Group A | 15.8537 |
| Group B | 17.0732 |
(denominator: All Classes total for Goa/All/area=82)
(source location: Table 2, PDF pages 25,27,29)
(Group A and Group B are anonymous labels used consistently.)

In Goa, based on the Agriculture Census of 2015-16, which size class—Group A or Group B—has a bigger portion of the operated area among farmers, or are they roughly equal?
a) Roughly equal
b) Group B
c) Group A
Reply with JSON only: {""answer_choice_letter"": ""<a|b|c>""}",c,a,ffb732fb6a3d40e627132cfbd5891d23134f9c27a34fbc3b646b9db40475558a,pass,P4R1,2026-09-18,Group A/B labels used consistently in table; entity names appear only in question context (acceptable) and denominator line but NOT in table data rows.
B023,main,landholding,equal,AgCensus2015-16 T2-4 Delhi/All/area/Semi-mediumvsMedium,https://www.fao.org/fileadmin/templates/ess/ess_test_folder/World_Census_Agriculture/WCA_2020/WCA_2020_new_doc/IND_REP_ENG_2015_2016.pdf | archived_sha256=fb01bcb922a38ef964a2ca2fddada5540426bf5b06317d931425ae8d699d6405,no_evidence,"In the 2015-16 Agriculture Census for Delhi, considering farmers, does semi-medium operated area, medium operated area, or are the two roughly equal, represent a greater portion of the operated land?
a) medium operated area
b) semi-medium operated area
c) Roughly equal
Reply with JSON only: {""answer_choice_letter"": ""<a|b|c>""}",c,c,a22157ad135ba6d46d8cd01cbbfde7491192f1986c9d301564e5fbb15cd41709,pass,P4R1,2026-09-18,No table or hints present; question is complete and unambiguous.
B023,main,landholding,equal,AgCensus2015-16 T2-4 Delhi/All/area/Semi-mediumvsMedium,https://www.fao.org/fileadmin/templates/ess/ess_test_folder/World_Census_Agriculture/WCA_2020/WCA_2020_new_doc/IND_REP_ENG_2015_2016.pdf | archived_sha256=fb01bcb922a38ef964a2ca2fddada5540426bf5b06317d931425ae8d699d6405,verified_evidence,"Table (2015-16 Agriculture Census).
| group | value (percentage share (0-100)) |
|---|---|
| semi-medium operated area | 24.1379 |
| medium operated area | 24.1379 |
(denominator: All Classes total for Delhi/All/area=29)
(source location: Table 2, PDF pages 25,28,29)

In the 2015-16 Agriculture Census for Delhi, considering farmers, does semi-medium operated area, medium operated area, or are the two roughly equal, represent a greater portion of the operated land?
a) medium operated area
b) semi-medium operated area
c) Roughly equal
Reply with JSON only: {""answer_choice_letter"": ""<a|b|c>""}",c,c,9588fbd85f01f1f57f29b8da3318b94e4840a05e3243fc4cfaa1603e30750cab,pass,P4R1,2026-09-18,Table values plausible; denominator and source reference present; math verified correct.
B023,main,landholding,equal,AgCensus2015-16 T2-4 Delhi/All/area/Semi-mediumvsMedium,https://www.fao.org/fileadmin/templates/ess/ess_test_folder/World_Census_Agriculture/WCA_2020/WCA_2020_new_doc/IND_REP_ENG_2015_2016.pdf | archived_sha256=fb01bcb922a38ef964a2ca2fddada5540426bf5b06317d931425ae8d699d6405,synthetic_evidence,"HYPOTHETICAL TABLE (not real census data). Answer only about this table.
| group | value (percentage share (0-100)) |
|---|---|
| semi-medium operated area | 35.1379 |
| medium operated area | 24.1379 |
(denominator: hypothetical percentage scale; values are not census observations)

Using only the hypothetical table, which has the larger share—semi-medium operated area, medium operated area, or are the two roughly equal?
a) medium operated area
b) semi-medium operated area
c) Roughly equal
Reply with JSON only: {""answer_choice_letter"": ""<a|b|c>""}",a,b,da527a40263365168bb28d915baea499d3a9791ca01e493b27c8f2ad7f60b73b,pass,P4R1,2026-09-18,Hypothetical label present; values distinct from verified condition; canonical differs.
B023,main,landholding,equal,AgCensus2015-16 T2-4 Delhi/All/area/Semi-mediumvsMedium,https://www.fao.org/fileadmin/templates/ess/ess_test_folder/World_Census_Agriculture/WCA_2020/WCA_2020_new_doc/IND_REP_ENG_2015_2016.pdf | archived_sha256=fb01bcb922a38ef964a2ca2fddada5540426bf5b06317d931425ae8d699d6405,anonymised_verified_evidence,"Table (2015-16 Agriculture Census).
| group | value (percentage share (0-100)) |
|---|---|
| Group A | 24.1379 |
| Group B | 24.1379 |
(denominator: All Classes total for Delhi/All/area=29)
(source location: Table 2, PDF pages 25,28,29)
(Group A and Group B are anonymous labels used consistently.)

In the 2015-16 Agriculture Census for Delhi, considering farmers, does Group A, Group B, or are the two roughly equal, represent a greater portion of the operated land?
a) Group B
b) Group A
c) Roughly equal
Reply with JSON only: {""answer_choice_letter"": ""<a|b|c>""}",c,c,c828729fb4315e0bad52f446c304ba2d1b9f708e19889f0b6582c600c51e25be,pass,P4R1,2026-09-18,Group A/B labels used consistently in table; entity names appear only in question context (acceptable) and denominator line but NOT in table data rows.
B024,main,landholding,equal,AgCensus2015-16 T2-4 Sikkim/All/area/SmallvsMedium,https://www.fao.org/fileadmin/templates/ess/ess_test_folder/World_Census_Agriculture/WCA_2020/WCA_2020_new_doc/IND_REP_ENG_2015_2016.pdf | archived_sha256=fb01bcb922a38ef964a2ca2fddada5540426bf5b06317d931425ae8d699d6405,no_evidence,"According to the 2015-16 Agriculture Census in Sikkim, between small operated area and medium operated area, which size class among farmers accounts for the larger share of operated area, or are the two roughly equal?
a) Roughly equal
b) small operated area
c) medium operated area
Reply with JSON only: {""answer_choice_letter"": ""<a|b|c>""}",c,a,fab96eed59eecff55eb26af74a16f60655c85da88e4380fc010987688649a574,pass,P4R1,2026-09-18,No table or hints present; question is complete and unambiguous.
B024,main,landholding,equal,AgCensus2015-16 T2-4 Sikkim/All/area/SmallvsMedium,https://www.fao.org/fileadmin/templates/ess/ess_test_folder/World_Census_Agriculture/WCA_2020/WCA_2020_new_doc/IND_REP_ENG_2015_2016.pdf | archived_sha256=fb01bcb922a38ef964a2ca2fddada5540426bf5b06317d931425ae8d699d6405,verified_evidence,"Table (2015-16 Agriculture Census).
| group | value (percentage share (0-100)) |
|---|---|
| small operated area | 19.7802 |
| medium operated area | 21.978 |
(denominator: All Classes total for Sikkim/All/area=91)
(source location: Table 2, PDF pages 25,27,29)

According to the 2015-16 Agriculture Census in Sikkim, between small operated area and medium operated area, which size class among farmers accounts for the larger share of operated area, or are the two roughly equal?
a) Roughly equal
b) small operated area
c) medium operated area
Reply with JSON only: {""answer_choice_letter"": ""<a|b|c>""}",c,a,6c695c05707c67ff7a84dd346ee55915b19baee20262f449a1631ec6cc176082,pass,P4R1,2026-09-18,Table values plausible; denominator and source reference present; math verified correct.
B024,main,landholding,equal,AgCensus2015-16 T2-4 Sikkim/All/area/SmallvsMedium,https://www.fao.org/fileadmin/templates/ess/ess_test_folder/World_Census_Agriculture/WCA_2020/WCA_2020_new_doc/IND_REP_ENG_2015_2016.pdf | archived_sha256=fb01bcb922a38ef964a2ca2fddada5540426bf5b06317d931425ae8d699d6405,synthetic_evidence,"HYPOTHETICAL TABLE (not real census data). Answer only about this table.
| group | value (percentage share (0-100)) |
|---|---|
| small operated area | 32.978 |
| medium operated area | 21.978 |
(denominator: hypothetical percentage scale; values are not census observations)

Using only the hypothetical table, which has the larger share—small operated area, medium operated area, or are the two roughly equal?
a) Roughly equal
b) small operated area
c) medium operated area
Reply with JSON only: {""answer_choice_letter"": ""<a|b|c>""}",a,b,9200b55f8a101fc12c0e4f7f4aca4ffeaa0e16dd3b677043a3006abd0a815b7b,pass,P4R1,2026-09-18,Hypothetical label present; values distinct from verified condition; canonical differs.
B024,main,landholding,equal,AgCensus2015-16 T2-4 Sikkim/All/area/SmallvsMedium,https://www.fao.org/fileadmin/templates/ess/ess_test_folder/World_Census_Agriculture/WCA_2020/WCA_2020_new_doc/IND_REP_ENG_2015_2016.pdf | archived_sha256=fb01bcb922a38ef964a2ca2fddada5540426bf5b06317d931425ae8d699d6405,anonymised_verified_evidence,"Table (2015-16 Agriculture Census).
| group | value (percentage share (0-100)) |
|---|---|
| Group A | 19.7802 |
| Group B | 21.978 |
(denominator: All Classes total for Sikkim/All/area=91)
(source location: Table 2, PDF pages 25,27,29)
(Group A and Group B are anonymous labels used consistently.)

According to the 2015-16 Agriculture Census in Sikkim, between Group A and Group B, which size class among farmers accounts for the larger share of operated area, or are the two roughly equal?
a) Roughly equal
b) Group A
c) Group B
Reply with JSON only: {""answer_choice_letter"": ""<a|b|c>""}",c,a,df972f95adfff6245403b16ac03c72cab6e53028e87922bb8a5f85d4f3807e66,pass,P4R1,2026-09-18,Group A/B labels used consistently in table; entity names appear only in question context (acceptable) and denominator line but NOT in table data rows.
B025,main,landholding,diff,AgCensus2015-16 T2-4 Gujarat/SC/number/MarginalvsSemi-medium,https://www.fao.org/fileadmin/templates/ess/ess_test_folder/World_Census_Agriculture/WCA_2020/WCA_2020_new_doc/IND_REP_ENG_2015_2016.pdf | archived_sha256=fb01bcb922a38ef964a2ca2fddada5540426bf5b06317d931425ae8d699d6405,no_evidence,"In Gujarat, according to the 2015-16 Agriculture Census, among Scheduled Castes, which size class accounts for a larger share of holdings — marginal holdings, semi-medium holdings, or are the two roughly equal?
a) Roughly equal
b) marginal holdings
c) semi-medium holdings
Reply with JSON only: {""answer_choice_letter"": ""<a|b|c>""}",a,b,13e12b04351111a72441665b0df9e6f143869ece24f34eb0b19eb74b30d71b40,pass,P4R1,2026-09-18,No table or hints present; question is complete and unambiguous.
B025,main,landholding,diff,AgCensus2015-16 T2-4 Gujarat/SC/number/MarginalvsSemi-medium,https://www.fao.org/fileadmin/templates/ess/ess_test_folder/World_Census_Agriculture/WCA_2020/WCA_2020_new_doc/IND_REP_ENG_2015_2016.pdf | archived_sha256=fb01bcb922a38ef964a2ca2fddada5540426bf5b06317d931425ae8d699d6405,verified_evidence,"Table (2015-16 Agriculture Census).
| group | value (percentage share (0-100)) |
|---|---|
| marginal holdings | 40.4908 |
| semi-medium holdings | 20.2454 |
(denominator: All Classes total for Gujarat/SC/number=163)
(source location: Table 3, PDF pages 31,32,34)

In Gujarat, according to the 2015-16 Agriculture Census, among Scheduled Castes, which size class accounts for a larger share of holdings — marginal holdings, semi-medium holdings, or are the two roughly equal?
a) Roughly equal
b) marginal holdings
c) semi-medium holdings
Reply with JSON only: {""answer_choice_letter"": ""<a|b|c>""}",a,b,511991384894bb5d86d471503b2a6500a5cce148bb29015f7ed7a696d8167371,pass,P4R1,2026-09-18,Table values plausible; denominator and source reference present; math verified correct.
B025,main,landholding,diff,AgCensus2015-16 T2-4 Gujarat/SC/number/MarginalvsSemi-medium,https://www.fao.org/fileadmin/templates/ess/ess_test_folder/World_Census_Agriculture/WCA_2020/WCA_2020_new_doc/IND_REP_ENG_2015_2016.pdf | archived_sha256=fb01bcb922a38ef964a2ca2fddada5540426bf5b06317d931425ae8d699d6405,synthetic_evidence,"HYPOTHETICAL TABLE (not real census data). Answer only about this table.
| group | value (percentage share (0-100)) |
|---|---|
| marginal holdings | 20.2454 |
| semi-medium holdings | 40.4908 |
(denominator: hypothetical percentage scale; values are not census observations)

Using only the hypothetical table, which has the larger share—marginal holdings, semi-medium holdings, or are the two roughly equal?
a) Roughly equal
b) marginal holdings
c) semi-medium holdings
Reply with JSON only: {""answer_choice_letter"": ""<a|b|c>""}",b,c,6000d86a889ee9a3cfd2ceb422221ef2944dbb7db4415b2041621dc040eea510,pass,P4R1,2026-09-18,Hypothetical label present; values distinct from verified condition; canonical differs.
B025,main,landholding,diff,AgCensus2015-16 T2-4 Gujarat/SC/number/MarginalvsSemi-medium,https://www.fao.org/fileadmin/templates/ess/ess_test_folder/World_Census_Agriculture/WCA_2020/WCA_2020_new_doc/IND_REP_ENG_2015_2016.pdf | archived_sha256=fb01bcb922a38ef964a2ca2fddada5540426bf5b06317d931425ae8d699d6405,anonymised_verified_evidence,"Table (2015-16 Agriculture Census).
| group | value (percentage share (0-100)) |
|---|---|
| Group A | 40.4908 |
| Group B | 20.2454 |
(denominator: All Classes total for Gujarat/SC/number=163)
(source location: Table 3, PDF pages 31,32,34)
(Group A and Group B are anonymous labels used consistently.)

In Gujarat, according to the 2015-16 Agriculture Census, among Scheduled Castes, which size class accounts for a larger share of holdings — Group A, Group B, or are the two roughly equal?
a) Roughly equal
b) Group A
c) Group B
Reply with JSON only: {""answer_choice_letter"": ""<a|b|c>""}",a,b,c21b217f1187b6e6d8e9ae202d1a62f01293ef68f756aec5b112cf549218a07d,pass,P4R1,2026-09-18,Group A/B labels used consistently in table; entity names appear only in question context (acceptable) and denominator line but NOT in table data rows.
B026,main,landholding,diff,AgCensus2015-16 T2-4 Chhattisgarh/All/number/MarginalvsLarge,https://www.fao.org/fileadmin/templates/ess/ess_test_folder/World_Census_Agriculture/WCA_2020/WCA_2020_new_doc/IND_REP_ENG_2015_2016.pdf | archived_sha256=fb01bcb922a38ef964a2ca2fddada5540426bf5b06317d931425ae8d699d6405,no_evidence,"In Chhattisgarh, according to the 2015-16 Agriculture Census, among farmers, which size class accounts for a larger share of holdings — marginal holdings, large holdings, or are the two roughly equal?
a) Roughly equal
b) large holdings
c) marginal holdings
Reply with JSON only: {""answer_choice_letter"": ""<a|b|c>""}",a,c,8b997c3c983900db483adae6791354524dca46ee9c2f9cea5d9ba1a17aebdcfe,pass,P4R1,2026-09-18,No table or hints present; question is complete and unambiguous.
B026,main,landholding,diff,AgCensus2015-16 T2-4 Chhattisgarh/All/number/MarginalvsLarge,https://www.fao.org/fileadmin/templates/ess/ess_test_folder/World_Census_Agriculture/WCA_2020/WCA_2020_new_doc/IND_REP_ENG_2015_2016.pdf | archived_sha256=fb01bcb922a38ef964a2ca2fddada5540426bf5b06317d931425ae8d699d6405,verified_evidence,"Table (2015-16 Agriculture Census).
| group | value (percentage share (0-100)) |
|---|---|
| marginal holdings | 60.6831 |
| large holdings | 0.5734 |
(denominator: All Classes total for Chhattisgarh/All/number=4011)
(source location: Table 2, PDF pages 25,26,30)

In Chhattisgarh, according to the 2015-16 Agriculture Census, among farmers, which size class accounts for a larger share of holdings — marginal holdings, large holdings, or are the two roughly equal?
a) Roughly equal
b) large holdings
c) marginal holdings
Reply with JSON only: {""answer_choice_letter"": ""<a|b|c>""}",a,c,d670e8b8902df960272d7a496618209a044a02481c6e77f7122714f0e11ea555,pass,P4R1,2026-09-18,Table values plausible; denominator and source reference present; math verified correct.
B026,main,landholding,diff,AgCensus2015-16 T2-4 Chhattisgarh/All/number/MarginalvsLarge,https://www.fao.org/fileadmin/templates/ess/ess_test_folder/World_Census_Agriculture/WCA_2020/WCA_2020_new_doc/IND_REP_ENG_2015_2016.pdf | archived_sha256=fb01bcb922a38ef964a2ca2fddada5540426bf5b06317d931425ae8d699d6405,synthetic_evidence,"HYPOTHETICAL TABLE (not real census data). Answer only about this table.
| group | value (percentage share (0-100)) |
|---|---|
| marginal holdings | 0.5734 |
| large holdings | 60.6831 |
(denominator: hypothetical percentage scale; values are not census observations)

Using only the hypothetical table, which has the larger share—marginal holdings, large holdings, or are the two roughly equal?
a) Roughly equal
b) large holdings
c) marginal holdings
Reply with JSON only: {""answer_choice_letter"": ""<a|b|c>""}",b,b,086627c3ce0404c03f23ae490d87007a132eebf3a0d6a188ecca43cdcb9f3aba,pass,P4R1,2026-09-18,Hypothetical label present; values distinct from verified condition; canonical differs.
B026,main,landholding,diff,AgCensus2015-16 T2-4 Chhattisgarh/All/number/MarginalvsLarge,https://www.fao.org/fileadmin/templates/ess/ess_test_folder/World_Census_Agriculture/WCA_2020/WCA_2020_new_doc/IND_REP_ENG_2015_2016.pdf | archived_sha256=fb01bcb922a38ef964a2ca2fddada5540426bf5b06317d931425ae8d699d6405,anonymised_verified_evidence,"Table (2015-16 Agriculture Census).
| group | value (percentage share (0-100)) |
|---|---|
| Group A | 60.6831 |
| Group B | 0.5734 |
(denominator: All Classes total for Chhattisgarh/All/number=4011)
(source location: Table 2, PDF pages 25,26,30)
(Group A and Group B are anonymous labels used consistently.)

In Chhattisgarh, according to the 2015-16 Agriculture Census, among farmers, which size class accounts for a larger share of holdings — Group A, Group B, or are the two roughly equal?
a) Roughly equal
b) Group B
c) Group A
Reply with JSON only: {""answer_choice_letter"": ""<a|b|c>""}",a,c,21b0d9dfe1df8bf3b15ca5cb167b1c7b760fec5afa6820928a8d2e30b2fe8bac,pass,P4R1,2026-09-18,Group A/B labels used consistently in table; entity names appear only in question context (acceptable) and denominator line but NOT in table data rows.
B027,main,landholding,diff,AgCensus2015-16 T2-4 Punjab/All/number/SmallvsLarge,https://www.fao.org/fileadmin/templates/ess/ess_test_folder/World_Census_Agriculture/WCA_2020/WCA_2020_new_doc/IND_REP_ENG_2015_2016.pdf | archived_sha256=fb01bcb922a38ef964a2ca2fddada5540426bf5b06317d931425ae8d699d6405,no_evidence,"In Punjab, according to the 2015-16 Agriculture Census, among farmers, which size class accounts for a larger share of holdings — small holdings, large holdings, or are the two roughly equal?
a) Roughly equal
b) large holdings
c) small holdings
Reply with JSON only: {""answer_choice_letter"": ""<a|b|c>""}",a,c,a54cc1876a4b878d29448bda82d7893ea6de6b18301c305e04d1105c993556ee,pass,P4R1,2026-09-18,No table or hints present; question is complete and unambiguous.
B027,main,landholding,diff,AgCensus2015-16 T2-4 Punjab/All/number/SmallvsLarge,https://www.fao.org/fileadmin/templates/ess/ess_test_folder/World_Census_Agriculture/WCA_2020/WCA_2020_new_doc/IND_REP_ENG_2015_2016.pdf | archived_sha256=fb01bcb922a38ef964a2ca2fddada5540426bf5b06317d931425ae8d699d6405,verified_evidence,"Table (2015-16 Agriculture Census).
| group | value (percentage share (0-100)) |
|---|---|
| small holdings | 18.9387 |
| large holdings | 5.3065 |
(denominator: All Classes total for Punjab/All/number=1093)
(source location: Table 2, PDF pages 25,27,30)

In Punjab, according to the 2015-16 Agriculture Census, among farmers, which size class accounts for a larger share of holdings — small holdings, large holdings, or are the two roughly equal?
a) Roughly equal
b) large holdings
c) small holdings
Reply with JSON only: {""answer_choice_letter"": ""<a|b|c>""}",a,c,597ffff9244ce31ea36561b09a776561e6a07f88b6a5cc2a3196c6cdf868e065,pass,P4R1,2026-09-18,Table values plausible; denominator and source reference present; math verified correct.
B027,main,landholding,diff,AgCensus2015-16 T2-4 Punjab/All/number/SmallvsLarge,https://www.fao.org/fileadmin/templates/ess/ess_test_folder/World_Census_Agriculture/WCA_2020/WCA_2020_new_doc/IND_REP_ENG_2015_2016.pdf | archived_sha256=fb01bcb922a38ef964a2ca2fddada5540426bf5b06317d931425ae8d699d6405,synthetic_evidence,"HYPOTHETICAL TABLE (not real census data). Answer only about this table.
| group | value (percentage share (0-100)) |
|---|---|
| small holdings | 5.3065 |
| large holdings | 18.9387 |
(denominator: hypothetical percentage scale; values are not census observations)

Using only the hypothetical table, which has the larger share—small holdings, large holdings, or are the two roughly equal?
a) Roughly equal
b) large holdings
c) small holdings
Reply with JSON only: {""answer_choice_letter"": ""<a|b|c>""}",b,b,80e5fa13397f322a6fc330170c562acb3b5727e2d53670945670575d26d02e6b,pass,P4R1,2026-09-18,Hypothetical label present; values distinct from verified condition; canonical differs.
B027,main,landholding,diff,AgCensus2015-16 T2-4 Punjab/All/number/SmallvsLarge,https://www.fao.org/fileadmin/templates/ess/ess_test_folder/World_Census_Agriculture/WCA_2020/WCA_2020_new_doc/IND_REP_ENG_2015_2016.pdf | archived_sha256=fb01bcb922a38ef964a2ca2fddada5540426bf5b06317d931425ae8d699d6405,anonymised_verified_evidence,"Table (2015-16 Agriculture Census).
| group | value (percentage share (0-100)) |
|---|---|
| Group A | 18.9387 |
| Group B | 5.3065 |
(denominator: All Classes total for Punjab/All/number=1093)
(source location: Table 2, PDF pages 25,27,30)
(Group A and Group B are anonymous labels used consistently.)

In Punjab, according to the 2015-16 Agriculture Census, among farmers, which size class accounts for a larger share of holdings — Group A, Group B, or are the two roughly equal?
a) Roughly equal
b) Group B
c) Group A
Reply with JSON only: {""answer_choice_letter"": ""<a|b|c>""}",a,c,1c059c8a46d05e9e1a02f28ed9ff30078b4cfa7d3f45b0e0d549c585a8fb91f6,pass,P4R1,2026-09-18,Group A/B labels used consistently in table; entity names appear only in question context (acceptable) and denominator line but NOT in table data rows.
B028,main,landholding,diff,AgCensus2015-16 T2-4 Maharashtra/SC/number/Semi-mediumvsMedium,https://www.fao.org/fileadmin/templates/ess/ess_test_folder/World_Census_Agriculture/WCA_2020/WCA_2020_new_doc/IND_REP_ENG_2015_2016.pdf | archived_sha256=fb01bcb922a38ef964a2ca2fddada5540426bf5b06317d931425ae8d699d6405,no_evidence,"In Maharashtra, according to the 2015-16 Agriculture Census, among Scheduled Castes, which size class accounts for a larger share of holdings — semi-medium holdings, medium holdings, or are the two roughly equal?
a) medium holdings
b) Roughly equal
c) semi-medium holdings
Reply with JSON only: {""answer_choice_letter"": ""<a|b|c>""}",a,c,92a54858d5fe016599e5991296ce0463144a20138bd1560888377994e240d52f,pass,P4R1,2026-09-18,No table or hints present; question is complete and unambiguous.
B028,main,landholding,diff,AgCensus2015-16 T2-4 Maharashtra/SC/number/Semi-mediumvsMedium,https://www.fao.org/fileadmin/templates/ess/ess_test_folder/World_Census_Agriculture/WCA_2020/WCA_2020_new_doc/IND_REP_ENG_2015_2016.pdf | archived_sha256=fb01bcb922a38ef964a2ca2fddada5540426bf5b06317d931425ae8d699d6405,verified_evidence,"Table (2015-16 Agriculture Census).
| group | value (percentage share (0-100)) |
|---|---|
| semi-medium holdings | 13.2039 |
| medium holdings | 3.2039 |
(denominator: All Classes total for Maharashtra/SC/number=1030)
(source location: Table 3, PDF pages 31,34,35)

In Maharashtra, according to the 2015-16 Agriculture Census, among Scheduled Castes, which size class accounts for a larger share of holdings — semi-medium holdings, medium holdings, or are the two roughly equal?
a) medium holdings
b) Roughly equal
c) semi-medium holdings
Reply with JSON only: {""answer_choice_letter"": ""<a|b|c>""}",a,c,d7a73993fd37437d47f71aba138795f40f1b428563abd629cbb8dbf721a8de59,pass,P4R1,2026-09-18,Table values plausible; denominator and source reference present; math verified correct.
B028,main,landholding,diff,AgCensus2015-16 T2-4 Maharashtra/SC/number/Semi-mediumvsMedium,https://www.fao.org/fileadmin/templates/ess/ess_test_folder/World_Census_Agriculture/WCA_2020/WCA_2020_new_doc/IND_REP_ENG_2015_2016.pdf | archived_sha256=fb01bcb922a38ef964a2ca2fddada5540426bf5b06317d931425ae8d699d6405,synthetic_evidence,"HYPOTHETICAL TABLE (not real census data). Answer only about this table.
| group | value (percentage share (0-100)) |
|---|---|
| semi-medium holdings | 3.2039 |
| medium holdings | 13.2039 |
(denominator: hypothetical percentage scale; values are not census observations)

Using only the hypothetical table, which has the larger share—semi-medium holdings, medium holdings, or are the two roughly equal?
a) medium holdings
b) Roughly equal
c) semi-medium holdings
Reply with JSON only: {""answer_choice_letter"": ""<a|b|c>""}",b,a,9eef75e3aa59f621ed058efdc53675aeafa422edf90e07875f76bff2da56d974,pass,P4R1,2026-09-18,Hypothetical label present; values distinct from verified condition; canonical differs.
B028,main,landholding,diff,AgCensus2015-16 T2-4 Maharashtra/SC/number/Semi-mediumvsMedium,https://www.fao.org/fileadmin/templates/ess/ess_test_folder/World_Census_Agriculture/WCA_2020/WCA_2020_new_doc/IND_REP_ENG_2015_2016.pdf | archived_sha256=fb01bcb922a38ef964a2ca2fddada5540426bf5b06317d931425ae8d699d6405,anonymised_verified_evidence,"Table (2015-16 Agriculture Census).
| group | value (percentage share (0-100)) |
|---|---|
| Group A | 13.2039 |
| Group B | 3.2039 |
(denominator: All Classes total for Maharashtra/SC/number=1030)
(source location: Table 3, PDF pages 31,34,35)
(Group A and Group B are anonymous labels used consistently.)

In Maharashtra, according to the 2015-16 Agriculture Census, among Scheduled Castes, which size class accounts for a larger share of holdings — Group A, Group B, or are the two roughly equal?
a) Group B
b) Roughly equal
c) Group A
Reply with JSON only: {""answer_choice_letter"": ""<a|b|c>""}",a,c,60defabc82ac5052b42cbf8375db940eeb39314b05f4c1ed04ab330d1d3f226d,pass,P4R1,2026-09-18,Group A/B labels used consistently in table; entity names appear only in question context (acceptable) and denominator line but NOT in table data rows.
B029,main,landholding,diff,AgCensus2015-16 T2-4 Himachal Pradesh/All/number/MarginalvsMedium,https://www.fao.org/fileadmin/templates/ess/ess_test_folder/World_Census_Agriculture/WCA_2020/WCA_2020_new_doc/IND_REP_ENG_2015_2016.pdf | archived_sha256=fb01bcb922a38ef964a2ca2fddada5540426bf5b06317d931425ae8d699d6405,no_evidence,"In Himachal Pradesh, according to the 2015-16 Agriculture Census, among farmers, which size class accounts for a larger share of holdings — marginal holdings, medium holdings, or are the two roughly equal?
a) Roughly equal
b) marginal holdings
c) medium holdings
Reply with JSON only: {""answer_choice_letter"": ""<a|b|c>""}",a,b,438a2a7ce2de5c678dfd8202f39736dd505b99176c7b489e11b1cc6dba440541,pass,P4R1,2026-09-18,No table or hints present; question is complete and unambiguous.
B029,main,landholding,diff,AgCensus2015-16 T2-4 Himachal Pradesh/All/number/MarginalvsMedium,https://www.fao.org/fileadmin/templates/ess/ess_test_folder/World_Census_Agriculture/WCA_2020/WCA_2020_new_doc/IND_REP_ENG_2015_2016.pdf | archived_sha256=fb01bcb922a38ef964a2ca2fddada5540426bf5b06317d931425ae8d699d6405,verified_evidence,"Table (2015-16 Agriculture Census).
| group | value (percentage share (0-100)) |
|---|---|
| marginal holdings | 71.4142 |
| medium holdings | 2.6078 |
(denominator: All Classes total for Himachal Pradesh/All/number=997)
(source location: Table 2, PDF pages 25,26,29)

In Himachal Pradesh, according to the 2015-16 Agriculture Census, among farmers, which size class accounts for a larger share of holdings — marginal holdings, medium holdings, or are the two roughly equal?
a) Roughly equal
b) marginal holdings
c) medium holdings
Reply with JSON only: {""answer_choice_letter"": ""<a|b|c>""}",a,b,0d4e60e1dcd2f4467656e6897e76a66308c3a27000585e886021f570b97b1c66,pass,P4R1,2026-09-18,Table values plausible; denominator and source reference present; math verified correct.
B029,main,landholding,diff,AgCensus2015-16 T2-4 Himachal Pradesh/All/number/MarginalvsMedium,https://www.fao.org/fileadmin/templates/ess/ess_test_folder/World_Census_Agriculture/WCA_2020/WCA_2020_new_doc/IND_REP_ENG_2015_2016.pdf | archived_sha256=fb01bcb922a38ef964a2ca2fddada5540426bf5b06317d931425ae8d699d6405,synthetic_evidence,"HYPOTHETICAL TABLE (not real census data). Answer only about this table.
| group | value (percentage share (0-100)) |
|---|---|
| marginal holdings | 2.6078 |
| medium holdings | 71.4142 |
(denominator: hypothetical percentage scale; values are not census observations)

Using only the hypothetical table, which has the larger share—marginal holdings, medium holdings, or are the two roughly equal?
a) Roughly equal
b) marginal holdings
c) medium holdings
Reply with JSON only: {""answer_choice_letter"": ""<a|b|c>""}",b,c,81a4ee38aa8afd2f4b5d776cb14232754e4fa5719112d6125c2eb06334f5e1c7,pass,P4R1,2026-09-18,Hypothetical label present; values distinct from verified condition; canonical differs.
B029,main,landholding,diff,AgCensus2015-16 T2-4 Himachal Pradesh/All/number/MarginalvsMedium,https://www.fao.org/fileadmin/templates/ess/ess_test_folder/World_Census_Agriculture/WCA_2020/WCA_2020_new_doc/IND_REP_ENG_2015_2016.pdf | archived_sha256=fb01bcb922a38ef964a2ca2fddada5540426bf5b06317d931425ae8d699d6405,anonymised_verified_evidence,"Table (2015-16 Agriculture Census).
| group | value (percentage share (0-100)) |
|---|---|
| Group A | 71.4142 |
| Group B | 2.6078 |
(denominator: All Classes total for Himachal Pradesh/All/number=997)
(source location: Table 2, PDF pages 25,26,29)
(Group A and Group B are anonymous labels used consistently.)

In Himachal Pradesh, according to the 2015-16 Agriculture Census, among farmers, which size class accounts for a larger share of holdings — Group A, Group B, or are the two roughly equal?
a) Roughly equal
b) Group A
c) Group B
Reply with JSON only: {""answer_choice_letter"": ""<a|b|c>""}",a,b,8ee7ed50eec09773828c1c8d88e29f51ca576d91880ad7bf029cbec5e16a76ba,pass,P4R1,2026-09-18,Group A/B labels used consistently in table; entity names appear only in question context (acceptable) and denominator line but NOT in table data rows.
B030,main,landholding,diff,AgCensus2015-16 T2-4 Haryana/All/number/Semi-mediumvsLarge,https://www.fao.org/fileadmin/templates/ess/ess_test_folder/World_Census_Agriculture/WCA_2020/WCA_2020_new_doc/IND_REP_ENG_2015_2016.pdf | archived_sha256=fb01bcb922a38ef964a2ca2fddada5540426bf5b06317d931425ae8d699d6405,no_evidence,"In Haryana, according to the 2015-16 Agriculture Census, among farmers, which size class accounts for a larger share of holdings — semi-medium holdings, large holdings, or are the two roughly equal?
a) semi-medium holdings
b) large holdings
c) Roughly equal
Reply with JSON only: {""answer_choice_letter"": ""<a|b|c>""}",a,a,335266ec883c6b1e05b9726ef7992556fa1c83cdd33c05367b525c4fbe9998e9,pass,P4R1,2026-09-18,No table or hints present; question is complete and unambiguous.
B030,main,landholding,diff,AgCensus2015-16 T2-4 Haryana/All/number/Semi-mediumvsLarge,https://www.fao.org/fileadmin/templates/ess/ess_test_folder/World_Census_Agriculture/WCA_2020/WCA_2020_new_doc/IND_REP_ENG_2015_2016.pdf | archived_sha256=fb01bcb922a38ef964a2ca2fddada5540426bf5b06317d931425ae8d699d6405,verified_evidence,"Table (2015-16 Agriculture Census).
| group | value (percentage share (0-100)) |
|---|---|
| semi-medium holdings | 17.0762 |
| large holdings | 2.5184 |
(denominator: All Classes total for Haryana/All/number=1628)
(source location: Table 2, PDF pages 25,28,30)

In Haryana, according to the 2015-16 Agriculture Census, among farmers, which size class accounts for a larger share of holdings — semi-medium holdings, large holdings, or are the two roughly equal?
a) semi-medium holdings
b) large holdings
c) Roughly equal
Reply with JSON only: {""answer_choice_letter"": ""<a|b|c>""}",a,a,e8d0aed78f59f5c8d4ab9cb83e8fd57938b5e9b779524bf1f470147f74209dca,pass,P4R1,2026-09-18,Table values plausible; denominator and source reference present; math verified correct.
B030,main,landholding,diff,AgCensus2015-16 T2-4 Haryana/All/number/Semi-mediumvsLarge,https://www.fao.org/fileadmin/templates/ess/ess_test_folder/World_Census_Agriculture/WCA_2020/WCA_2020_new_doc/IND_REP_ENG_2015_2016.pdf | archived_sha256=fb01bcb922a38ef964a2ca2fddada5540426bf5b06317d931425ae8d699d6405,synthetic_evidence,"HYPOTHETICAL TABLE (not real census data). Answer only about this table.
| group | value (percentage share (0-100)) |
|---|---|
| semi-medium holdings | 2.5184 |
| large holdings | 17.0762 |
(denominator: hypothetical percentage scale; values are not census observations)

Using only the hypothetical table, which has the larger share—semi-medium holdings, large holdings, or are the two roughly equal?
a) semi-medium holdings
b) large holdings
c) Roughly equal
Reply with JSON only: {""answer_choice_letter"": ""<a|b|c>""}",b,b,bed0595491b83d075c7991608f519bbcc2076ba7e08087854544a55ceedb59cc,pass,P4R1,2026-09-18,Hypothetical label present; values distinct from verified condition; canonical differs.
B030,main,landholding,diff,AgCensus2015-16 T2-4 Haryana/All/number/Semi-mediumvsLarge,https://www.fao.org/fileadmin/templates/ess/ess_test_folder/World_Census_Agriculture/WCA_2020/WCA_2020_new_doc/IND_REP_ENG_2015_2016.pdf | archived_sha256=fb01bcb922a38ef964a2ca2fddada5540426bf5b06317d931425ae8d699d6405,anonymised_verified_evidence,"Table (2015-16 Agriculture Census).
| group | value (percentage share (0-100)) |
|---|---|
| Group A | 17.0762 |
| Group B | 2.5184 |
(denominator: All Classes total for Haryana/All/number=1628)
(source location: Table 2, PDF pages 25,28,30)
(Group A and Group B are anonymous labels used consistently.)

In Haryana, according to the 2015-16 Agriculture Census, among farmers, which size class accounts for a larger share of holdings — Group A, Group B, or are the two roughly equal?
a) Group A
b) Group B
c) Roughly equal
Reply with JSON only: {""answer_choice_letter"": ""<a|b|c>""}",a,a,48dfc78cd572978fc4399081a0708273e4540efab34a096605c139b73075ee3c,pass,P4R1,2026-09-18,Group A/B labels used consistently in table; entity names appear only in question context (acceptable) and denominator line but NOT in table data rows.
B031,main,landholding,diff,AgCensus2015-16 T2-4 Karnataka/All/number/SmallvsSemi-medium,https://www.fao.org/fileadmin/templates/ess/ess_test_folder/World_Census_Agriculture/WCA_2020/WCA_2020_new_doc/IND_REP_ENG_2015_2016.pdf | archived_sha256=fb01bcb922a38ef964a2ca2fddada5540426bf5b06317d931425ae8d699d6405,no_evidence,"In Karnataka, according to the 2015-16 Agriculture Census, among farmers, which size class accounts for a larger share of holdings — small holdings, semi-medium holdings, or are the two roughly equal?
a) semi-medium holdings
b) small holdings
c) Roughly equal
Reply with JSON only: {""answer_choice_letter"": ""<a|b|c>""}",a,b,fce8e2fad0eccd7b9bbcc0e331eda226c832772bd8bb0d422cdc5158e2e9bbab,pass,P4R1,2026-09-18,No table or hints present; question is complete and unambiguous.
B031,main,landholding,diff,AgCensus2015-16 T2-4 Karnataka/All/number/SmallvsSemi-medium,https://www.fao.org/fileadmin/templates/ess/ess_test_folder/World_Census_Agriculture/WCA_2020/WCA_2020_new_doc/IND_REP_ENG_2015_2016.pdf | archived_sha256=fb01bcb922a38ef964a2ca2fddada5540426bf5b06317d931425ae8d699d6405,verified_evidence,"Table (2015-16 Agriculture Census).
| group | value (percentage share (0-100)) |
|---|---|
| small holdings | 25.504 |
| semi-medium holdings | 13.7427 |
(denominator: All Classes total for Karnataka/All/number=8681)
(source location: Table 2, PDF pages 25,27,28)

In Karnataka, according to the 2015-16 Agriculture Census, among farmers, which size class accounts for a larger share of holdings — small holdings, semi-medium holdings, or are the two roughly equal?
a) semi-medium holdings
b) small holdings
c) Roughly equal
Reply with JSON only: {""answer_choice_letter"": ""<a|b|c>""}",a,b,e6e49c1507f478b37fff5049c4ad5cbfa204f7f30bfc4b9893384a0f4ba54133,pass,P4R1,2026-09-18,Table values plausible; denominator and source reference present; math verified correct.
B031,main,landholding,diff,AgCensus2015-16 T2-4 Karnataka/All/number/SmallvsSemi-medium,https://www.fao.org/fileadmin/templates/ess/ess_test_folder/World_Census_Agriculture/WCA_2020/WCA_2020_new_doc/IND_REP_ENG_2015_2016.pdf | archived_sha256=fb01bcb922a38ef964a2ca2fddada5540426bf5b06317d931425ae8d699d6405,synthetic_evidence,"HYPOTHETICAL TABLE (not real census data). Answer only about this table.
| group | value (percentage share (0-100)) |
|---|---|
| small holdings | 13.7427 |
| semi-medium holdings | 25.504 |
(denominator: hypothetical percentage scale; values are not census observations)

Using only the hypothetical table, which has the larger share—small holdings, semi-medium holdings, or are the two roughly equal?
a) semi-medium holdings
b) small holdings
c) Roughly equal
Reply with JSON only: {""answer_choice_letter"": ""<a|b|c>""}",b,a,4108e3f8e7c6e3ad8261cab661167d53d825b27f50a06dce00c4cf1ce242d4b0,pass,P4R1,2026-09-18,Hypothetical label present; values distinct from verified condition; canonical differs.
B031,main,landholding,diff,AgCensus2015-16 T2-4 Karnataka/All/number/SmallvsSemi-medium,https://www.fao.org/fileadmin/templates/ess/ess_test_folder/World_Census_Agriculture/WCA_2020/WCA_2020_new_doc/IND_REP_ENG_2015_2016.pdf | archived_sha256=fb01bcb922a38ef964a2ca2fddada5540426bf5b06317d931425ae8d699d6405,anonymised_verified_evidence,"Table (2015-16 Agriculture Census).
| group | value (percentage share (0-100)) |
|---|---|
| Group A | 25.504 |
| Group B | 13.7427 |
(denominator: All Classes total for Karnataka/All/number=8681)
(source location: Table 2, PDF pages 25,27,28)
(Group A and Group B are anonymous labels used consistently.)

In Karnataka, according to the 2015-16 Agriculture Census, among farmers, which size class accounts for a larger share of holdings — Group A, Group B, or are the two roughly equal?
a) Group B
b) Group A
c) Roughly equal
Reply with JSON only: {""answer_choice_letter"": ""<a|b|c>""}",a,b,322885550023dfb0ad4f50306cefc98cb1b755ff67645c70376faebb36c30236,pass,P4R1,2026-09-18,Group A/B labels used consistently in table; entity names appear only in question context (acceptable) and denominator line but NOT in table data rows.
B032,main,landholding,diff,AgCensus2015-16 T2-4 Andhra Pradesh/SC/number/MarginalvsSemi-medium,https://www.fao.org/fileadmin/templates/ess/ess_test_folder/World_Census_Agriculture/WCA_2020/WCA_2020_new_doc/IND_REP_ENG_2015_2016.pdf | archived_sha256=fb01bcb922a38ef964a2ca2fddada5540426bf5b06317d931425ae8d699d6405,no_evidence,"In Andhra Pradesh, according to the 2015-16 Agriculture Census, among Scheduled Castes, which size class accounts for a larger share of holdings — marginal holdings, semi-medium holdings, or are the two roughly equal?
a) Roughly equal
b) semi-medium holdings
c) marginal holdings
Reply with JSON only: {""answer_choice_letter"": ""<a|b|c>""}",a,c,38117f0772e14992d7076127991e785fb0eee8cdefdd22eeffaf67e813d2ae16,pass,P4R1,2026-09-18,No table or hints present; question is complete and unambiguous.
B032,main,landholding,diff,AgCensus2015-16 T2-4 Andhra Pradesh/SC/number/MarginalvsSemi-medium,https://www.fao.org/fileadmin/templates/ess/ess_test_folder/World_Census_Agriculture/WCA_2020/WCA_2020_new_doc/IND_REP_ENG_2015_2016.pdf | archived_sha256=fb01bcb922a38ef964a2ca2fddada5540426bf5b06317d931425ae8d699d6405,verified_evidence,"Table (2015-16 Agriculture Census).
| group | value (percentage share (0-100)) |
|---|---|
| marginal holdings | 78.8462 |
| semi-medium holdings | 5.0824 |
(denominator: All Classes total for Andhra Pradesh/SC/number=728)
(source location: Table 3, PDF pages 31,32,34)

In Andhra Pradesh, according to the 2015-16 Agriculture Census, among Scheduled Castes, which size class accounts for a larger share of holdings — marginal holdings, semi-medium holdings, or are the two roughly equal?
a) Roughly equal
b) semi-medium holdings
c) marginal holdings
Reply with JSON only: {""answer_choice_letter"": ""<a|b|c>""}",a,c,a90bb932b067960d9f5d65bfe1ee4490767cbfee03d297196c293317943b9606,pass,P4R1,2026-09-18,Table values plausible; denominator and source reference present; math verified correct.
B032,main,landholding,diff,AgCensus2015-16 T2-4 Andhra Pradesh/SC/number/MarginalvsSemi-medium,https://www.fao.org/fileadmin/templates/ess/ess_test_folder/World_Census_Agriculture/WCA_2020/WCA_2020_new_doc/IND_REP_ENG_2015_2016.pdf | archived_sha256=fb01bcb922a38ef964a2ca2fddada5540426bf5b06317d931425ae8d699d6405,synthetic_evidence,"HYPOTHETICAL TABLE (not real census data). Answer only about this table.
| group | value (percentage share (0-100)) |
|---|---|
| marginal holdings | 5.0824 |
| semi-medium holdings | 78.8462 |
(denominator: hypothetical percentage scale; values are not census observations)

Using only the hypothetical table, which has the larger share—marginal holdings, semi-medium holdings, or are the two roughly equal?
a) Roughly equal
b) semi-medium holdings
c) marginal holdings
Reply with JSON only: {""answer_choice_letter"": ""<a|b|c>""}",b,b,8a6702398abc375702b1c53eb2208340ad291f983ec3ecb569832ea172f541e7,pass,P4R1,2026-09-18,Hypothetical label present; values distinct from verified condition; canonical differs.
B032,main,landholding,diff,AgCensus2015-16 T2-4 Andhra Pradesh/SC/number/MarginalvsSemi-medium,https://www.fao.org/fileadmin/templates/ess/ess_test_folder/World_Census_Agriculture/WCA_2020/WCA_2020_new_doc/IND_REP_ENG_2015_2016.pdf | archived_sha256=fb01bcb922a38ef964a2ca2fddada5540426bf5b06317d931425ae8d699d6405,anonymised_verified_evidence,"Table (2015-16 Agriculture Census).
| group | value (percentage share (0-100)) |
|---|---|
| Group A | 78.8462 |
| Group B | 5.0824 |
(denominator: All Classes total for Andhra Pradesh/SC/number=728)
(source location: Table 3, PDF pages 31,32,34)
(Group A and Group B are anonymous labels used consistently.)

In Andhra Pradesh, according to the 2015-16 Agriculture Census, among Scheduled Castes, which size class accounts for a larger share of holdings — Group A, Group B, or are the two roughly equal?
a) Roughly equal
b) Group B
c) Group A
Reply with JSON only: {""answer_choice_letter"": ""<a|b|c>""}",a,c,26aaa03bfff588427a00d95ca5bb5fa8102335b5ae1a819b024dc0ff6cd37ae0,pass,P4R1,2026-09-18,Group A/B labels used consistently in table; entity names appear only in question context (acceptable) and denominator line but NOT in table data rows.
B033,main,gender,equal,AgCensus2015-16 T14-16 All/femaleShare/number/MarginalvsMedium,https://www.fao.org/fileadmin/templates/ess/ess_test_folder/World_Census_Agriculture/WCA_2020/WCA_2020_new_doc/IND_REP_ENG_2015_2016.pdf | archived_sha256=fb01bcb922a38ef964a2ca2fddada5540426bf5b06317d931425ae8d699d6405,no_evidence,"In the 2015-16 Agriculture Census across all-India, is the proportion of holdings managed by women greater for marginal holdings, for medium holdings, or approximately equal for the two?
a) medium holdings
b) Roughly equal
c) marginal holdings
Reply with JSON only: {""answer_choice_letter"": ""<a|b|c>""}",c,b,602daa20251dc52de94c3af21abef93aea2278b009fad1645f3cb184760709da,pass,P4R1,2026-09-18,No table or hints present; question is complete and unambiguous.
B033,main,gender,equal,AgCensus2015-16 T14-16 All/femaleShare/number/MarginalvsMedium,https://www.fao.org/fileadmin/templates/ess/ess_test_folder/World_Census_Agriculture/WCA_2020/WCA_2020_new_doc/IND_REP_ENG_2015_2016.pdf | archived_sha256=fb01bcb922a38ef964a2ca2fddada5540426bf5b06317d931425ae8d699d6405,verified_evidence,"Table (2015-16 Agriculture Census).
| group | value (percentage share (0-100)) |
|---|---|
| marginal holdings | 14.7014 |
| medium holdings | 9.805 |
(denominator: female share within All/Marginal/number (M+F=100099) versus All/Medium/number (M+F=5538))
(source location: Table 14, PDF pages 61-62)

In the 2015-16 Agriculture Census across all-India, is the proportion of holdings managed by women greater for marginal holdings, for medium holdings, or approximately equal for the two?
a) medium holdings
b) Roughly equal
c) marginal holdings
Reply with JSON only: {""answer_choice_letter"": ""<a|b|c>""}",c,b,396976a96923a53c592898d7794dc35df848dc7c3abc11d54f7c20c174af252b,pass,P4R1,2026-09-18,Table values plausible; denominator and source reference present; math verified correct.
B033,main,gender,equal,AgCensus2015-16 T14-16 All/femaleShare/number/MarginalvsMedium,https://www.fao.org/fileadmin/templates/ess/ess_test_folder/World_Census_Agriculture/WCA_2020/WCA_2020_new_doc/IND_REP_ENG_2015_2016.pdf | archived_sha256=fb01bcb922a38ef964a2ca2fddada5540426bf5b06317d931425ae8d699d6405,synthetic_evidence,"HYPOTHETICAL TABLE (not real census data). Answer only about this table.
| group | value (percentage share (0-100)) |
|---|---|
| marginal holdings | 20.805 |
| medium holdings | 9.805 |
(denominator: hypothetical percentage scale; values are not census observations)

Using only the hypothetical table, which has the larger share—marginal holdings, medium holdings, or are the two roughly equal?
a) medium holdings
b) Roughly equal
c) marginal holdings
Reply with JSON only: {""answer_choice_letter"": ""<a|b|c>""}",a,c,06278de54ed82a7a7d38111b01289600593e6044afd8cca44a68cb910de47a8b,pass,P4R1,2026-09-18,Hypothetical label present; values distinct from verified condition; canonical differs.
B033,main,gender,equal,AgCensus2015-16 T14-16 All/femaleShare/number/MarginalvsMedium,https://www.fao.org/fileadmin/templates/ess/ess_test_folder/World_Census_Agriculture/WCA_2020/WCA_2020_new_doc/IND_REP_ENG_2015_2016.pdf | archived_sha256=fb01bcb922a38ef964a2ca2fddada5540426bf5b06317d931425ae8d699d6405,anonymised_verified_evidence,"Table (2015-16 Agriculture Census).
| group | value (percentage share (0-100)) |
|---|---|
| Group A | 14.7014 |
| Group B | 9.805 |
(denominator: female share within All/Marginal/number (M+F=100099) versus All/Medium/number (M+F=5538))
(source location: Table 14, PDF pages 61-62)
(Group A and Group B are anonymous labels used consistently.)

In the 2015-16 Agriculture Census across all-India, is the proportion of holdings managed by women greater for Group A, for Group B, or approximately equal for the two?
a) Group B
b) Roughly equal
c) Group A
Reply with JSON only: {""answer_choice_letter"": ""<a|b|c>""}",c,b,36b26161b673110ab586e962ac5573b8306777d4b83a8d4c943fcc43760bac97,pass,P4R1,2026-09-18,Group A/B labels used consistently in table; entity names appear only in question context (acceptable) and denominator line but NOT in table data rows.
B034,main,gender,equal,AgCensus2015-16 T14-16 All/femaleShare/number/LargevsMedium,https://www.fao.org/fileadmin/templates/ess/ess_test_folder/World_Census_Agriculture/WCA_2020/WCA_2020_new_doc/IND_REP_ENG_2015_2016.pdf | archived_sha256=fb01bcb922a38ef964a2ca2fddada5540426bf5b06317d931425ae8d699d6405,no_evidence,"At the all-India level in the 2015-16 Agriculture Census, is the share of holdings operated by women larger for large holdings, for medium holdings, or roughly the same for both?
a) Roughly equal
b) medium holdings
c) large holdings
Reply with JSON only: {""answer_choice_letter"": ""<a|b|c>""}",c,a,4a7a0d1c8a101aae0b955e82ccd046645eaaa87b7a07c1654247cd36fed5a0ea,pass,P4R1,2026-09-18,No table or hints present; question is complete and unambiguous.
B034,main,gender,equal,AgCensus2015-16 T14-16 All/femaleShare/number/LargevsMedium,https://www.fao.org/fileadmin/templates/ess/ess_test_folder/World_Census_Agriculture/WCA_2020/WCA_2020_new_doc/IND_REP_ENG_2015_2016.pdf | archived_sha256=fb01bcb922a38ef964a2ca2fddada5540426bf5b06317d931425ae8d699d6405,verified_evidence,"Table (2015-16 Agriculture Census).
| group | value (percentage share (0-100)) |
|---|---|
| large holdings | 8.0586 |
| medium holdings | 9.805 |
(denominator: female share within All/Large/number (M+F=819) versus All/Medium/number (M+F=5538))
(source location: Table 14, PDF pages 61-62)

At the all-India level in the 2015-16 Agriculture Census, is the share of holdings operated by women larger for large holdings, for medium holdings, or roughly the same for both?
a) Roughly equal
b) medium holdings
c) large holdings
Reply with JSON only: {""answer_choice_letter"": ""<a|b|c>""}",c,a,619f3b04d6450c4843369f1bcb63251fdcc10317b5b5e976a853c5cda9ef3488,pass,P4R1,2026-09-18,Table values plausible; denominator and source reference present; math verified correct.
B034,main,gender,equal,AgCensus2015-16 T14-16 All/femaleShare/number/LargevsMedium,https://www.fao.org/fileadmin/templates/ess/ess_test_folder/World_Census_Agriculture/WCA_2020/WCA_2020_new_doc/IND_REP_ENG_2015_2016.pdf | archived_sha256=fb01bcb922a38ef964a2ca2fddada5540426bf5b06317d931425ae8d699d6405,synthetic_evidence,"HYPOTHETICAL TABLE (not real census data). Answer only about this table.
| group | value (percentage share (0-100)) |
|---|---|
| large holdings | 20.805 |
| medium holdings | 9.805 |
(denominator: hypothetical percentage scale; values are not census observations)

Using only the hypothetical table, which has the larger share—large holdings, medium holdings, or are the two roughly equal?
a) Roughly equal
b) medium holdings
c) large holdings
Reply with JSON only: {""answer_choice_letter"": ""<a|b|c>""}",a,c,01276ca814fef49dc4069a7398a618075db4f90993fe0afea2302ccc1dfd913b,pass,P4R1,2026-09-18,Hypothetical label present; values distinct from verified condition; canonical differs.
B034,main,gender,equal,AgCensus2015-16 T14-16 All/femaleShare/number/LargevsMedium,https://www.fao.org/fileadmin/templates/ess/ess_test_folder/World_Census_Agriculture/WCA_2020/WCA_2020_new_doc/IND_REP_ENG_2015_2016.pdf | archived_sha256=fb01bcb922a38ef964a2ca2fddada5540426bf5b06317d931425ae8d699d6405,anonymised_verified_evidence,"Table (2015-16 Agriculture Census).
| group | value (percentage share (0-100)) |
|---|---|
| Group A | 8.0586 |
| Group B | 9.805 |
(denominator: female share within All/Large/number (M+F=819) versus All/Medium/number (M+F=5538))
(source location: Table 14, PDF pages 61-62)
(Group A and Group B are anonymous labels used consistently.)

At the all-India level in the 2015-16 Agriculture Census, is the share of holdings operated by women larger for Group A, for Group B, or roughly the same for both?
a) Roughly equal
b) Group B
c) Group A
Reply with JSON only: {""answer_choice_letter"": ""<a|b|c>""}",c,a,6a1daa778353d2161c0486f7abc65d8c2dc8f4d9b01b72417526a276931f64a0,pass,P4R1,2026-09-18,Group A/B labels used consistently in table; entity names appear only in question context (acceptable) and denominator line but NOT in table data rows.
B035,main,gender,equal,AgCensus2015-16 T14-16 All/femaleShare/area/LargevsMedium,https://www.fao.org/fileadmin/templates/ess/ess_test_folder/World_Census_Agriculture/WCA_2020/WCA_2020_new_doc/IND_REP_ENG_2015_2016.pdf | archived_sha256=fb01bcb922a38ef964a2ca2fddada5540426bf5b06317d931425ae8d699d6405,no_evidence,"At the all-India level in the 2015-16 Agriculture Census, is the share of operated area operated by women larger for large operated area, for medium operated area, or roughly the same for both?
a) Roughly equal
b) large operated area
c) medium operated area
Reply with JSON only: {""answer_choice_letter"": ""<a|b|c>""}",c,a,8dee44d2034997256f827fe0b4c1ec864893b04fdd73831f686a342220369c36,pass,P4R1,2026-09-18,No table or hints present; question is complete and unambiguous.
B035,main,gender,equal,AgCensus2015-16 T14-16 All/femaleShare/area/LargevsMedium,https://www.fao.org/fileadmin/templates/ess/ess_test_folder/World_Census_Agriculture/WCA_2020/WCA_2020_new_doc/IND_REP_ENG_2015_2016.pdf | archived_sha256=fb01bcb922a38ef964a2ca2fddada5540426bf5b06317d931425ae8d699d6405,verified_evidence,"Table (2015-16 Agriculture Census).
| group | value (percentage share (0-100)) |
|---|---|
| large operated area | 7.8971 |
| medium operated area | 9.7208 |
(denominator: female share within All/Large/area (M+F=13106) versus All/Medium/area (M+F=31664))
(source location: Table 14, PDF pages 61-62)

At the all-India level in the 2015-16 Agriculture Census, is the share of operated area operated by women larger for large operated area, for medium operated area, or roughly the same for both?
a) Roughly equal
b) large operated area
c) medium operated area
Reply with JSON only: {""answer_choice_letter"": ""<a|b|c>""}",c,a,56c603e845da59e75ac78cba5816eef8b2552af303864ff87e3599a888367421,pass,P4R1,2026-09-18,Table values plausible; denominator and source reference present; math verified correct.
B035,main,gender,equal,AgCensus2015-16 T14-16 All/femaleShare/area/LargevsMedium,https://www.fao.org/fileadmin/templates/ess/ess_test_folder/World_Census_Agriculture/WCA_2020/WCA_2020_new_doc/IND_REP_ENG_2015_2016.pdf | archived_sha256=fb01bcb922a38ef964a2ca2fddada5540426bf5b06317d931425ae8d699d6405,synthetic_evidence,"HYPOTHETICAL TABLE (not real census data). Answer only about this table.
| group | value (percentage share (0-100)) |
|---|---|
| large operated area | 20.7208 |
| medium operated area | 9.7208 |
(denominator: hypothetical percentage scale; values are not census observations)

Using only the hypothetical table, which has the larger share—large operated area, medium operated area, or are the two roughly equal?
a) Roughly equal
b) large operated area
c) medium operated area
Reply with JSON only: {""answer_choice_letter"": ""<a|b|c>""}",a,b,43a2cf38a1f3718f953d7efdd94a85eb4f3d8babb700edf3206eea9953d72bd5,pass,P4R1,2026-09-18,Hypothetical label present; values distinct from verified condition; canonical differs.
B035,main,gender,equal,AgCensus2015-16 T14-16 All/femaleShare/area/LargevsMedium,https://www.fao.org/fileadmin/templates/ess/ess_test_folder/World_Census_Agriculture/WCA_2020/WCA_2020_new_doc/IND_REP_ENG_2015_2016.pdf | archived_sha256=fb01bcb922a38ef964a2ca2fddada5540426bf5b06317d931425ae8d699d6405,anonymised_verified_evidence,"Table (2015-16 Agriculture Census).
| group | value (percentage share (0-100)) |
|---|---|
| Group A | 7.8971 |
| Group B | 9.7208 |
(denominator: female share within All/Large/area (M+F=13106) versus All/Medium/area (M+F=31664))
(source location: Table 14, PDF pages 61-62)
(Group A and Group B are anonymous labels used consistently.)

At the all-India level in the 2015-16 Agriculture Census, is the share of operated area operated by women larger for Group A, for Group B, or roughly the same for both?
a) Roughly equal
b) Group A
c) Group B
Reply with JSON only: {""answer_choice_letter"": ""<a|b|c>""}",c,a,4a938e9e6bbcc73617eb5814d0cb78f6663e4e298a79bdb8e37a96baa4b6392a,pass,P4R1,2026-09-18,Group A/B labels used consistently in table; entity names appear only in question context (acceptable) and denominator line but NOT in table data rows.
B036,main,gender,equal,AgCensus2015-16 T14-16 SC/femaleShare/area/LargevsMedium,https://www.fao.org/fileadmin/templates/ess/ess_test_folder/World_Census_Agriculture/WCA_2020/WCA_2020_new_doc/IND_REP_ENG_2015_2016.pdf | archived_sha256=fb01bcb922a38ef964a2ca2fddada5540426bf5b06317d931425ae8d699d6405,no_evidence,"In the Agriculture Census of 2015-16 for all-India, among Scheduled Castes, is the proportion of operated area managed by women greater for large operated area, greater for medium operated area, or roughly the same for both?
a) large operated area
b) Roughly equal
c) medium operated area
Reply with JSON only: {""answer_choice_letter"": ""<a|b|c>""}",c,b,2749d94fab48f4ce6556fc4390e4038bec206be7ada5cc2ce2efeddcb05210ba,pass,P4R1,2026-09-18,No table or hints present; question is complete and unambiguous.
B036,main,gender,equal,AgCensus2015-16 T14-16 SC/femaleShare/area/LargevsMedium,https://www.fao.org/fileadmin/templates/ess/ess_test_folder/World_Census_Agriculture/WCA_2020/WCA_2020_new_doc/IND_REP_ENG_2015_2016.pdf | archived_sha256=fb01bcb922a38ef964a2ca2fddada5540426bf5b06317d931425ae8d699d6405,verified_evidence,"Table (2015-16 Agriculture Census).
| group | value (percentage share (0-100)) |
|---|---|
| large operated area | 7.8042 |
| medium operated area | 9.5374 |
(denominator: female share within SC/Large/area (M+F=756) versus SC/Medium/area (M+F=1751))
(source location: Table 15, PDF pages 63-64)

In the Agriculture Census of 2015-16 for all-India, among Scheduled Castes, is the proportion of operated area managed by women greater for large operated area, greater for medium operated area, or roughly the same for both?
a) large operated area
b) Roughly equal
c) medium operated area
Reply with JSON only: {""answer_choice_letter"": ""<a|b|c>""}",c,b,269aed8c1da03eeef444d645e9940a70d325c887110c66974f727ec0614f3d50,pass,P4R1,2026-09-18,Table values plausible; denominator and source reference present; math verified correct.
B036,main,gender,equal,AgCensus2015-16 T14-16 SC/femaleShare/area/LargevsMedium,https://www.fao.org/fileadmin/templates/ess/ess_test_folder/World_Census_Agriculture/WCA_2020/WCA_2020_new_doc/IND_REP_ENG_2015_2016.pdf | archived_sha256=fb01bcb922a38ef964a2ca2fddada5540426bf5b06317d931425ae8d699d6405,synthetic_evidence,"HYPOTHETICAL TABLE (not real census data). Answer only about this table.
| group | value (percentage share (0-100)) |
|---|---|
| large operated area | 20.5374 |
| medium operated area | 9.5374 |
(denominator: hypothetical percentage scale; values are not census observations)

Using only the hypothetical table, which has the larger share—large operated area, medium operated area, or are the two roughly equal?
a) large operated area
b) Roughly equal
c) medium operated area
Reply with JSON only: {""answer_choice_letter"": ""<a|b|c>""}",a,a,a8688c7010ec16543f2ba3af795519b031cfe6f485179bdacf93922f844f2250,pass,P4R1,2026-09-18,Hypothetical label present; values distinct from verified condition; canonical differs.
B036,main,gender,equal,AgCensus2015-16 T14-16 SC/femaleShare/area/LargevsMedium,https://www.fao.org/fileadmin/templates/ess/ess_test_folder/World_Census_Agriculture/WCA_2020/WCA_2020_new_doc/IND_REP_ENG_2015_2016.pdf | archived_sha256=fb01bcb922a38ef964a2ca2fddada5540426bf5b06317d931425ae8d699d6405,anonymised_verified_evidence,"Table (2015-16 Agriculture Census).
| group | value (percentage share (0-100)) |
|---|---|
| Group A | 7.8042 |
| Group B | 9.5374 |
(denominator: female share within SC/Large/area (M+F=756) versus SC/Medium/area (M+F=1751))
(source location: Table 15, PDF pages 63-64)
(Group A and Group B are anonymous labels used consistently.)

In the Agriculture Census of 2015-16 for all-India, among Scheduled Castes, is the proportion of operated area managed by women greater for Group A, greater for Group B, or roughly the same for both?
a) Group A
b) Roughly equal
c) Group B
Reply with JSON only: {""answer_choice_letter"": ""<a|b|c>""}",c,b,8cd705f3c0c588794ca0ad4cf92dbb5e11de2d2cf5c69cd9872e366a171ce3e9,pass,P4R1,2026-09-18,Group A/B labels used consistently in table; entity names appear only in question context (acceptable) and denominator line but NOT in table data rows.
B037,main,gender,equal,AgCensus2015-16 T14-16 SC/femaleShare/number/MarginalvsMedium,https://www.fao.org/fileadmin/templates/ess/ess_test_folder/World_Census_Agriculture/WCA_2020/WCA_2020_new_doc/IND_REP_ENG_2015_2016.pdf | archived_sha256=fb01bcb922a38ef964a2ca2fddada5540426bf5b06317d931425ae8d699d6405,no_evidence,"In the 2015-16 Agriculture Census across all of India, for Scheduled Castes, is the proportion of holdings managed by women greater for marginal holdings, for medium holdings, or roughly equal for the two categories?
a) medium holdings
b) marginal holdings
c) Roughly equal
Reply with JSON only: {""answer_choice_letter"": ""<a|b|c>""}",c,c,f66c45de538dfbf8cf51591aaf2aa95109a6fdb59796611116fbdef0be94904a,pass,P4R1,2026-09-18,No table or hints present; question is complete and unambiguous.
B037,main,gender,equal,AgCensus2015-16 T14-16 SC/femaleShare/number/MarginalvsMedium,https://www.fao.org/fileadmin/templates/ess/ess_test_folder/World_Census_Agriculture/WCA_2020/WCA_2020_new_doc/IND_REP_ENG_2015_2016.pdf | archived_sha256=fb01bcb922a38ef964a2ca2fddada5540426bf5b06317d931425ae8d699d6405,verified_evidence,"Table (2015-16 Agriculture Census).
| group | value (percentage share (0-100)) |
|---|---|
| marginal holdings | 13.8073 |
| medium holdings | 9.7087 |
(denominator: female share within SC/Marginal/number (M+F=13558) versus SC/Medium/number (M+F=309))
(source location: Table 15, PDF pages 63-64)

In the 2015-16 Agriculture Census across all of India, for Scheduled Castes, is the proportion of holdings managed by women greater for marginal holdings, for medium holdings, or roughly equal for the two categories?
a) medium holdings
b) marginal holdings
c) Roughly equal
Reply with JSON only: {""answer_choice_letter"": ""<a|b|c>""}",c,c,979b9ea4066cd8b919cdeca7033b4f6643f6aaf19d68819d6b024291a0c83b49,pass,P4R1,2026-09-18,Table values plausible; denominator and source reference present; math verified correct.
B037,main,gender,equal,AgCensus2015-16 T14-16 SC/femaleShare/number/MarginalvsMedium,https://www.fao.org/fileadmin/templates/ess/ess_test_folder/World_Census_Agriculture/WCA_2020/WCA_2020_new_doc/IND_REP_ENG_2015_2016.pdf | archived_sha256=fb01bcb922a38ef964a2ca2fddada5540426bf5b06317d931425ae8d699d6405,synthetic_evidence,"HYPOTHETICAL TABLE (not real census data). Answer only about this table.
| group | value (percentage share (0-100)) |
|---|---|
| marginal holdings | 20.7087 |
| medium holdings | 9.7087 |
(denominator: hypothetical percentage scale; values are not census observations)

Using only the hypothetical table, which has the larger share—marginal holdings, medium holdings, or are the two roughly equal?
a) medium holdings
b) marginal holdings
c) Roughly equal
Reply with JSON only: {""answer_choice_letter"": ""<a|b|c>""}",a,b,2536a3c6cb2a89561b9fd3bd2fc4c9855b7403928ee2cdbb04fe099266efa931,pass,P4R1,2026-09-18,Hypothetical label present; values distinct from verified condition; canonical differs.
B037,main,gender,equal,AgCensus2015-16 T14-16 SC/femaleShare/number/MarginalvsMedium,https://www.fao.org/fileadmin/templates/ess/ess_test_folder/World_Census_Agriculture/WCA_2020/WCA_2020_new_doc/IND_REP_ENG_2015_2016.pdf | archived_sha256=fb01bcb922a38ef964a2ca2fddada5540426bf5b06317d931425ae8d699d6405,anonymised_verified_evidence,"Table (2015-16 Agriculture Census).
| group | value (percentage share (0-100)) |
|---|---|
| Group A | 13.8073 |
| Group B | 9.7087 |
(denominator: female share within SC/Marginal/number (M+F=13558) versus SC/Medium/number (M+F=309))
(source location: Table 15, PDF pages 63-64)
(Group A and Group B are anonymous labels used consistently.)

In the 2015-16 Agriculture Census across all of India, for Scheduled Castes, is the proportion of holdings managed by women greater for Group A, for Group B, or roughly equal for the two categories?
a) Group B
b) Group A
c) Roughly equal
Reply with JSON only: {""answer_choice_letter"": ""<a|b|c>""}",c,c,16cbfd0fbfe15bfdb56382bd2b2f2f643e0b26d51a79d80567194361398cd9c5,pass,P4R1,2026-09-18,Group A/B labels used consistently in table; entity names appear only in question context (acceptable) and denominator line but NOT in table data rows.
B038,main,gender,equal,AgCensus2015-16 T14-16 ST/femaleShare/number/LargevsMedium,https://www.fao.org/fileadmin/templates/ess/ess_test_folder/World_Census_Agriculture/WCA_2020/WCA_2020_new_doc/IND_REP_ENG_2015_2016.pdf | archived_sha256=fb01bcb922a38ef964a2ca2fddada5540426bf5b06317d931425ae8d699d6405,no_evidence,"In the 2015-16 Agriculture Census across India, for Scheduled Tribes, is the proportion of women-operated holdings greater for large holdings, greater for medium holdings, or roughly equal for both?
a) large holdings
b) medium holdings
c) Roughly equal
Reply with JSON only: {""answer_choice_letter"": ""<a|b|c>""}",c,c,08007568c0baf82d9f9265643448f653f0b3175997e24d0dd864830177d120d7,pass,P4R1,2026-09-18,No table or hints present; question is complete and unambiguous.
B038,main,gender,equal,AgCensus2015-16 T14-16 ST/femaleShare/number/LargevsMedium,https://www.fao.org/fileadmin/templates/ess/ess_test_folder/World_Census_Agriculture/WCA_2020/WCA_2020_new_doc/IND_REP_ENG_2015_2016.pdf | archived_sha256=fb01bcb922a38ef964a2ca2fddada5540426bf5b06317d931425ae8d699d6405,verified_evidence,"Table (2015-16 Agriculture Census).
| group | value (percentage share (0-100)) |
|---|---|
| large holdings | 7.3684 |
| medium holdings | 9.8151 |
(denominator: female share within ST/Large/number (M+F=95) versus ST/Medium/number (M+F=703))
(source location: Table 16, PDF pages 65-66)

In the 2015-16 Agriculture Census across India, for Scheduled Tribes, is the proportion of women-operated holdings greater for large holdings, greater for medium holdings, or roughly equal for both?
a) large holdings
b) medium holdings
c) Roughly equal
Reply with JSON only: {""answer_choice_letter"": ""<a|b|c>""}",c,c,0c9c4384f75ba087538c7407592391191033fe04f7a4460ef4bc43980d9d7dcb,pass,P4R1,2026-09-18,Table values plausible; denominator and source reference present; math verified correct.
B038,main,gender,equal,AgCensus2015-16 T14-16 ST/femaleShare/number/LargevsMedium,https://www.fao.org/fileadmin/templates/ess/ess_test_folder/World_Census_Agriculture/WCA_2020/WCA_2020_new_doc/IND_REP_ENG_2015_2016.pdf | archived_sha256=fb01bcb922a38ef964a2ca2fddada5540426bf5b06317d931425ae8d699d6405,synthetic_evidence,"HYPOTHETICAL TABLE (not real census data). Answer only about this table.
| group | value (percentage share (0-100)) |
|---|---|
| large holdings | 20.8151 |
| medium holdings | 9.8151 |
(denominator: hypothetical percentage scale; values are not census observations)

Using only the hypothetical table, which has the larger share—large holdings, medium holdings, or are the two roughly equal?
a) large holdings
b) medium holdings
c) Roughly equal
Reply with JSON only: {""answer_choice_letter"": ""<a|b|c>""}",a,a,779177e096f712c80127221ac0c262b1d1ce80b7ebb903e3921806b1886a9207,pass,P4R1,2026-09-18,Hypothetical label present; values distinct from verified condition; canonical differs.
B038,main,gender,equal,AgCensus2015-16 T14-16 ST/femaleShare/number/LargevsMedium,https://www.fao.org/fileadmin/templates/ess/ess_test_folder/World_Census_Agriculture/WCA_2020/WCA_2020_new_doc/IND_REP_ENG_2015_2016.pdf | archived_sha256=fb01bcb922a38ef964a2ca2fddada5540426bf5b06317d931425ae8d699d6405,anonymised_verified_evidence,"Table (2015-16 Agriculture Census).
| group | value (percentage share (0-100)) |
|---|---|
| Group A | 7.3684 |
| Group B | 9.8151 |
(denominator: female share within ST/Large/number (M+F=95) versus ST/Medium/number (M+F=703))
(source location: Table 16, PDF pages 65-66)
(Group A and Group B are anonymous labels used consistently.)

In the 2015-16 Agriculture Census across India, for Scheduled Tribes, is the proportion of women-operated holdings greater for Group A, greater for Group B, or roughly equal for both?
a) Group A
b) Group B
c) Roughly equal
Reply with JSON only: {""answer_choice_letter"": ""<a|b|c>""}",c,c,8763b37df379030c2b987acb58dcc5c9a7b109a255b8b5e7cea2552d635427d6,pass,P4R1,2026-09-18,Group A/B labels used consistently in table; entity names appear only in question context (acceptable) and denominator line but NOT in table data rows.
B039,main,gender,equal,AgCensus2015-16 T14-16 SC/femaleShare/number/LargevsMedium,https://www.fao.org/fileadmin/templates/ess/ess_test_folder/World_Census_Agriculture/WCA_2020/WCA_2020_new_doc/IND_REP_ENG_2015_2016.pdf | archived_sha256=fb01bcb922a38ef964a2ca2fddada5540426bf5b06317d931425ae8d699d6405,no_evidence,"In the 2015-16 Agriculture Census across all-India, relative to Scheduled Castes, does the proportion of female-operated holdings differ for large holdings versus medium holdings, or is it roughly equal?
a) medium holdings
b) Roughly equal
c) large holdings
Reply with JSON only: {""answer_choice_letter"": ""<a|b|c>""}",c,b,7a5975a2f4bacfc7210e88cc5e37eddf63fd3b1695c6aaa4a38f03c1fd6918e9,pass,P4R1,2026-09-18,No table or hints present; question is complete and unambiguous.
B039,main,gender,equal,AgCensus2015-16 T14-16 SC/femaleShare/number/LargevsMedium,https://www.fao.org/fileadmin/templates/ess/ess_test_folder/World_Census_Agriculture/WCA_2020/WCA_2020_new_doc/IND_REP_ENG_2015_2016.pdf | archived_sha256=fb01bcb922a38ef964a2ca2fddada5540426bf5b06317d931425ae8d699d6405,verified_evidence,"Table (2015-16 Agriculture Census).
| group | value (percentage share (0-100)) |
|---|---|
| large holdings | 8.3333 |
| medium holdings | 9.7087 |
(denominator: female share within SC/Large/number (M+F=48) versus SC/Medium/number (M+F=309))
(source location: Table 15, PDF pages 63-64)

In the 2015-16 Agriculture Census across all-India, relative to Scheduled Castes, does the proportion of female-operated holdings differ for large holdings versus medium holdings, or is it roughly equal?
a) medium holdings
b) Roughly equal
c) large holdings
Reply with JSON only: {""answer_choice_letter"": ""<a|b|c>""}",c,b,94546b5d62c2120dd64ed4338529bfbc21901420d4b6eb399239a7c88768eeee,pass,P4R1,2026-09-18,Table values plausible; denominator and source reference present; math verified correct.
B039,main,gender,equal,AgCensus2015-16 T14-16 SC/femaleShare/number/LargevsMedium,https://www.fao.org/fileadmin/templates/ess/ess_test_folder/World_Census_Agriculture/WCA_2020/WCA_2020_new_doc/IND_REP_ENG_2015_2016.pdf | archived_sha256=fb01bcb922a38ef964a2ca2fddada5540426bf5b06317d931425ae8d699d6405,synthetic_evidence,"HYPOTHETICAL TABLE (not real census data). Answer only about this table.
| group | value (percentage share (0-100)) |
|---|---|
| large holdings | 20.7087 |
| medium holdings | 9.7087 |
(denominator: hypothetical percentage scale; values are not census observations)

Using only the hypothetical table, which has the larger share—large holdings, medium holdings, or are the two roughly equal?
a) medium holdings
b) Roughly equal
c) large holdings
Reply with JSON only: {""answer_choice_letter"": ""<a|b|c>""}",a,c,1d0e1ec38e40c224823984b2bb862dfa2370b084829f45458c6fdf32a6461d91,pass,P4R1,2026-09-18,Hypothetical label present; values distinct from verified condition; canonical differs.
B039,main,gender,equal,AgCensus2015-16 T14-16 SC/femaleShare/number/LargevsMedium,https://www.fao.org/fileadmin/templates/ess/ess_test_folder/World_Census_Agriculture/WCA_2020/WCA_2020_new_doc/IND_REP_ENG_2015_2016.pdf | archived_sha256=fb01bcb922a38ef964a2ca2fddada5540426bf5b06317d931425ae8d699d6405,anonymised_verified_evidence,"Table (2015-16 Agriculture Census).
| group | value (percentage share (0-100)) |
|---|---|
| Group A | 8.3333 |
| Group B | 9.7087 |
(denominator: female share within SC/Large/number (M+F=48) versus SC/Medium/number (M+F=309))
(source location: Table 15, PDF pages 63-64)
(Group A and Group B are anonymous labels used consistently.)

In the 2015-16 Agriculture Census across all-India, relative to Scheduled Castes, does the proportion of female-operated holdings differ for Group A versus Group B, or is it roughly equal?
a) Group B
b) Roughly equal
c) Group A
Reply with JSON only: {""answer_choice_letter"": ""<a|b|c>""}",c,b,1ba8de86e028d8c24217d1dfcacd9bacb5c5d9d1683198c58295d5655b751367,pass,P4R1,2026-09-18,Group A/B labels used consistently in table; entity names appear only in question context (acceptable) and denominator line but NOT in table data rows.
B040,main,gender,equal,AgCensus2015-16 T14-16 ST/femaleShare/number/MarginalvsSmall,https://www.fao.org/fileadmin/templates/ess/ess_test_folder/World_Census_Agriculture/WCA_2020/WCA_2020_new_doc/IND_REP_ENG_2015_2016.pdf | archived_sha256=fb01bcb922a38ef964a2ca2fddada5540426bf5b06317d931425ae8d699d6405,no_evidence,"In the 2015-16 Agriculture Census across all-India, for Scheduled Tribes, is the proportion of female-operated holdings greater in marginal holdings, greater in small holdings, or roughly equal for both?
a) marginal holdings
b) small holdings
c) Roughly equal
Reply with JSON only: {""answer_choice_letter"": ""<a|b|c>""}",c,c,9fe597b2e279cf26be041b7c03a26b358fb4cc2dc41a3e8c6bb9ccadd94a538d,pass,P4R1,2026-09-18,No table or hints present; question is complete and unambiguous.
B040,main,gender,equal,AgCensus2015-16 T14-16 ST/femaleShare/number/MarginalvsSmall,https://www.fao.org/fileadmin/templates/ess/ess_test_folder/World_Census_Agriculture/WCA_2020/WCA_2020_new_doc/IND_REP_ENG_2015_2016.pdf | archived_sha256=fb01bcb922a38ef964a2ca2fddada5540426bf5b06317d931425ae8d699d6405,verified_evidence,"Table (2015-16 Agriculture Census).
| group | value (percentage share (0-100)) |
|---|---|
| marginal holdings | 13.4559 |
| small holdings | 12.5841 |
(denominator: female share within ST/Marginal/number (M+F=7127) versus ST/Small/number (M+F=2972))
(source location: Table 16, PDF pages 65-66)

In the 2015-16 Agriculture Census across all-India, for Scheduled Tribes, is the proportion of female-operated holdings greater in marginal holdings, greater in small holdings, or roughly equal for both?
a) marginal holdings
b) small holdings
c) Roughly equal
Reply with JSON only: {""answer_choice_letter"": ""<a|b|c>""}",c,c,153e4bcfd25dcbdff27ee883c1954bd2d570489eebeedd9480bb750e2bba7399,pass,P4R1,2026-09-18,Table values plausible; denominator and source reference present; math verified correct.
B040,main,gender,equal,AgCensus2015-16 T14-16 ST/femaleShare/number/MarginalvsSmall,https://www.fao.org/fileadmin/templates/ess/ess_test_folder/World_Census_Agriculture/WCA_2020/WCA_2020_new_doc/IND_REP_ENG_2015_2016.pdf | archived_sha256=fb01bcb922a38ef964a2ca2fddada5540426bf5b06317d931425ae8d699d6405,synthetic_evidence,"HYPOTHETICAL TABLE (not real census data). Answer only about this table.
| group | value (percentage share (0-100)) |
|---|---|
| marginal holdings | 23.5841 |
| small holdings | 12.5841 |
(denominator: hypothetical percentage scale; values are not census observations)

Using only the hypothetical table, which has the larger share—marginal holdings, small holdings, or are the two roughly equal?
a) marginal holdings
b) small holdings
c) Roughly equal
Reply with JSON only: {""answer_choice_letter"": ""<a|b|c>""}",a,a,b761e0c1e5c531231ec157b08a54cfa2dabc4f20a0cf38fedb83cf50d4c70a61,pass,P4R1,2026-09-18,Hypothetical label present; values distinct from verified condition; canonical differs.
B040,main,gender,equal,AgCensus2015-16 T14-16 ST/femaleShare/number/MarginalvsSmall,https://www.fao.org/fileadmin/templates/ess/ess_test_folder/World_Census_Agriculture/WCA_2020/WCA_2020_new_doc/IND_REP_ENG_2015_2016.pdf | archived_sha256=fb01bcb922a38ef964a2ca2fddada5540426bf5b06317d931425ae8d699d6405,anonymised_verified_evidence,"Table (2015-16 Agriculture Census).
| group | value (percentage share (0-100)) |
|---|---|
| Group A | 13.4559 |
| Group B | 12.5841 |
(denominator: female share within ST/Marginal/number (M+F=7127) versus ST/Small/number (M+F=2972))
(source location: Table 16, PDF pages 65-66)
(Group A and Group B are anonymous labels used consistently.)

In the 2015-16 Agriculture Census across all-India, for Scheduled Tribes, is the proportion of female-operated holdings greater in Group A, greater in Group B, or roughly equal for both?
a) Group A
b) Group B
c) Roughly equal
Reply with JSON only: {""answer_choice_letter"": ""<a|b|c>""}",c,c,3be53776dab89deac742f209f8fc687e6e2721e6682628587b868a4f8720070c,pass,P4R1,2026-09-18,Group A/B labels used consistently in table; entity names appear only in question context (acceptable) and denominator line but NOT in table data rows.
B041,main,gender,diff,AgCensus2015-16 T14-16 ST/Small/number/MvF,https://www.fao.org/fileadmin/templates/ess/ess_test_folder/World_Census_Agriculture/WCA_2020/WCA_2020_new_doc/IND_REP_ENG_2015_2016.pdf | archived_sha256=fb01bcb922a38ef964a2ca2fddada5540426bf5b06317d931425ae8d699d6405,no_evidence,"At the all-India level in the 2015-16 Agriculture Census, among Scheduled Tribes, among small holdings, who operates a larger share — men, women, or are the two roughly equal?
a) women
b) Roughly equal
c) men
Reply with JSON only: {""answer_choice_letter"": ""<a|b|c>""}",a,c,2c02b90d71ed32013464f275d23844198fc1b1f1f81ebd294dfcbd6ee6e6a2ba,pass,P4R1,2026-09-18,No table or hints present; question is complete and unambiguous.
B041,main,gender,diff,AgCensus2015-16 T14-16 ST/Small/number/MvF,https://www.fao.org/fileadmin/templates/ess/ess_test_folder/World_Census_Agriculture/WCA_2020/WCA_2020_new_doc/IND_REP_ENG_2015_2016.pdf | archived_sha256=fb01bcb922a38ef964a2ca2fddada5540426bf5b06317d931425ae8d699d6405,verified_evidence,"Table (2015-16 Agriculture Census).
| group | value (percentage share (0-100)) |
|---|---|
| men | 87.4159 |
| women | 12.5841 |
(denominator: M+F total for ST/Small/number=2972)
(source location: Table 16, PDF pages 65-66)

At the all-India level in the 2015-16 Agriculture Census, among Scheduled Tribes, among small holdings, who operates a larger share — men, women, or are the two roughly equal?
a) women
b) Roughly equal
c) men
Reply with JSON only: {""answer_choice_letter"": ""<a|b|c>""}",a,c,c7089508eff0bdcf9e8bfb60d89cd8cca0ddfc928c4c4c1ac7bc5dc16657ced3,pass,P4R1,2026-09-18,Table values plausible; denominator and source reference present; math verified correct.
B041,main,gender,diff,AgCensus2015-16 T14-16 ST/Small/number/MvF,https://www.fao.org/fileadmin/templates/ess/ess_test_folder/World_Census_Agriculture/WCA_2020/WCA_2020_new_doc/IND_REP_ENG_2015_2016.pdf | archived_sha256=fb01bcb922a38ef964a2ca2fddada5540426bf5b06317d931425ae8d699d6405,synthetic_evidence,"HYPOTHETICAL TABLE (not real census data). Answer only about this table.
| group | value (percentage share (0-100)) |
|---|---|
| men | 12.5841 |
| women | 87.4159 |
(denominator: hypothetical percentage scale; values are not census observations)

Using only the hypothetical table, which has the larger share—men, women, or are the two roughly equal?
a) women
b) Roughly equal
c) men
Reply with JSON only: {""answer_choice_letter"": ""<a|b|c>""}",b,a,dfb459ef6377aaf1be6a088d8746852ec52be33a24c31bd2417208226485f1c5,pass,P4R1,2026-09-18,Hypothetical label present; values distinct from verified condition; canonical differs.
B041,main,gender,diff,AgCensus2015-16 T14-16 ST/Small/number/MvF,https://www.fao.org/fileadmin/templates/ess/ess_test_folder/World_Census_Agriculture/WCA_2020/WCA_2020_new_doc/IND_REP_ENG_2015_2016.pdf | archived_sha256=fb01bcb922a38ef964a2ca2fddada5540426bf5b06317d931425ae8d699d6405,anonymised_verified_evidence,"Table (2015-16 Agriculture Census).
| group | value (percentage share (0-100)) |
|---|---|
| Group A | 87.4159 |
| Group B | 12.5841 |
(denominator: M+F total for ST/Small/number=2972)
(source location: Table 16, PDF pages 65-66)
(Group A and Group B are anonymous labels used consistently.)

At the all-India level in the 2015-16 Agriculture Census, among Scheduled Tribes, among small holdings, who operates a larger share — Group A, Group B, or are the two roughly equal?
a) Group B
b) Roughly equal
c) Group A
Reply with JSON only: {""answer_choice_letter"": ""<a|b|c>""}",a,c,921c5614d03f75ee582749be97715c74a45fa2adf5df5f3950750ac7f0440b11,pass,P4R1,2026-09-18,Group A/B labels used consistently in table; entity names appear only in question context (acceptable) and denominator line but NOT in table data rows.
B042,main,gender,diff,AgCensus2015-16 T14-16 All/Small/number/MvF,https://www.fao.org/fileadmin/templates/ess/ess_test_folder/World_Census_Agriculture/WCA_2020/WCA_2020_new_doc/IND_REP_ENG_2015_2016.pdf | archived_sha256=fb01bcb922a38ef964a2ca2fddada5540426bf5b06317d931425ae8d699d6405,no_evidence,"At the all-India level during the 2015-16 Agriculture Census, which group — men, women, or the two roughly equal — holds a larger share among small holdings?
a) men
b) women
c) Roughly equal
Reply with JSON only: {""answer_choice_letter"": ""<a|b|c>""}",a,a,6b0a908094898eb4bc40077db06166fcb3d0b1c94d688c3184eaf9b9d5a2911c,pass,P4R1,2026-09-18,No table or hints present; question is complete and unambiguous.
B042,main,gender,diff,AgCensus2015-16 T14-16 All/Small/number/MvF,https://www.fao.org/fileadmin/templates/ess/ess_test_folder/World_Census_Agriculture/WCA_2020/WCA_2020_new_doc/IND_REP_ENG_2015_2016.pdf | archived_sha256=fb01bcb922a38ef964a2ca2fddada5540426bf5b06317d931425ae8d699d6405,verified_evidence,"Table (2015-16 Agriculture Census).
| group | value (percentage share (0-100)) |
|---|---|
| men | 86.5397 |
| women | 13.4603 |
(denominator: M+F total for All/Small/number=25772)
(source location: Table 14, PDF pages 61-62)

At the all-India level during the 2015-16 Agriculture Census, which group — men, women, or the two roughly equal — holds a larger share among small holdings?
a) men
b) women
c) Roughly equal
Reply with JSON only: {""answer_choice_letter"": ""<a|b|c>""}",a,a,c6785067e2813d22bd869c01cf13539e4dd4bfbb0e15839d94b7f938f3b7d7a5,pass,P4R1,2026-09-18,Table values plausible; denominator and source reference present; math verified correct.
B042,main,gender,diff,AgCensus2015-16 T14-16 All/Small/number/MvF,https://www.fao.org/fileadmin/templates/ess/ess_test_folder/World_Census_Agriculture/WCA_2020/WCA_2020_new_doc/IND_REP_ENG_2015_2016.pdf | archived_sha256=fb01bcb922a38ef964a2ca2fddada5540426bf5b06317d931425ae8d699d6405,synthetic_evidence,"HYPOTHETICAL TABLE (not real census data). Answer only about this table.
| group | value (percentage share (0-100)) |
|---|---|
| men | 13.4603 |
| women | 86.5397 |
(denominator: hypothetical percentage scale; values are not census observations)

Using only the hypothetical table, which has the larger share—men, women, or are the two roughly equal?
a) men
b) women
c) Roughly equal
Reply with JSON only: {""answer_choice_letter"": ""<a|b|c>""}",b,b,3bb06bbf5b83c0d1f6389e26ec01dce6a1e53b51fa6d3c79524e48dbbd414e6f,pass,P4R1,2026-09-18,Hypothetical label present; values distinct from verified condition; canonical differs.
B042,main,gender,diff,AgCensus2015-16 T14-16 All/Small/number/MvF,https://www.fao.org/fileadmin/templates/ess/ess_test_folder/World_Census_Agriculture/WCA_2020/WCA_2020_new_doc/IND_REP_ENG_2015_2016.pdf | archived_sha256=fb01bcb922a38ef964a2ca2fddada5540426bf5b06317d931425ae8d699d6405,anonymised_verified_evidence,"Table (2015-16 Agriculture Census).
| group | value (percentage share (0-100)) |
|---|---|
| Group A | 86.5397 |
| Group B | 13.4603 |
(denominator: M+F total for All/Small/number=25772)
(source location: Table 14, PDF pages 61-62)
(Group A and Group B are anonymous labels used consistently.)

At the all-India level during the 2015-16 Agriculture Census, which group — Group A, Group B, or the two roughly equal — holds a larger share among small holdings?
a) Group A
b) Group B
c) Roughly equal
Reply with JSON only: {""answer_choice_letter"": ""<a|b|c>""}",a,a,31d4ee3d75893c04120bd42f11e99288fd46e2a7e6a80bc9e4713814e57497d1,pass,P4R1,2026-09-18,Group A/B labels used consistently in table; entity names appear only in question context (acceptable) and denominator line but NOT in table data rows.
B043,main,gender,diff,AgCensus2015-16 T14-16 All/Marginal/area/MvF,https://www.fao.org/fileadmin/templates/ess/ess_test_folder/World_Census_Agriculture/WCA_2020/WCA_2020_new_doc/IND_REP_ENG_2015_2016.pdf | archived_sha256=fb01bcb922a38ef964a2ca2fddada5540426bf5b06317d931425ae8d699d6405,no_evidence,"At the all-India level in the 2015-16 Agriculture Census, among marginal operated area, who operates a larger share — men, women, or are the two roughly equal?
a) men
b) women
c) Roughly equal
Reply with JSON only: {""answer_choice_letter"": ""<a|b|c>""}",a,a,04fc48a5192f65a10cd13df19c1bf3d7cc642f75e5756a29b5a1abfa7f0e16cb,pass,P4R1,2026-09-18,No table or hints present; question is complete and unambiguous.
B043,main,gender,diff,AgCensus2015-16 T14-16 All/Marginal/area/MvF,https://www.fao.org/fileadmin/templates/ess/ess_test_folder/World_Census_Agriculture/WCA_2020/WCA_2020_new_doc/IND_REP_ENG_2015_2016.pdf | archived_sha256=fb01bcb922a38ef964a2ca2fddada5540426bf5b06317d931425ae8d699d6405,verified_evidence,"Table (2015-16 Agriculture Census).
| group | value (percentage share (0-100)) |
|---|---|
| men | 86.2329 |
| women | 13.7671 |
(denominator: M+F total for All/Marginal/area=37873)
(source location: Table 14, PDF pages 61-62)

At the all-India level in the 2015-16 Agriculture Census, among marginal operated area, who operates a larger share — men, women, or are the two roughly equal?
a) men
b) women
c) Roughly equal
Reply with JSON only: {""answer_choice_letter"": ""<a|b|c>""}",a,a,f5f61876e1cd9206c6f54dc736c3c4141e80ad040188e96c501cb3fe2eb5297a,pass,P4R1,2026-09-18,Table values plausible; denominator and source reference present; math verified correct.
B043,main,gender,diff,AgCensus2015-16 T14-16 All/Marginal/area/MvF,https://www.fao.org/fileadmin/templates/ess/ess_test_folder/World_Census_Agriculture/WCA_2020/WCA_2020_new_doc/IND_REP_ENG_2015_2016.pdf | archived_sha256=fb01bcb922a38ef964a2ca2fddada5540426bf5b06317d931425ae8d699d6405,synthetic_evidence,"HYPOTHETICAL TABLE (not real census data). Answer only about this table.
| group | value (percentage share (0-100)) |
|---|---|
| men | 13.7671 |
| women | 86.2329 |
(denominator: hypothetical percentage scale; values are not census observations)

Using only the hypothetical table, which has the larger share—men, women, or are the two roughly equal?
a) men
b) women
c) Roughly equal
Reply with JSON only: {""answer_choice_letter"": ""<a|b|c>""}",b,b,1c19f9d228f8f88938631b4384b0d951b73df6a7576c934e2e86f4f12e520936,pass,P4R1,2026-09-18,Hypothetical label present; values distinct from verified condition; canonical differs.
B043,main,gender,diff,AgCensus2015-16 T14-16 All/Marginal/area/MvF,https://www.fao.org/fileadmin/templates/ess/ess_test_folder/World_Census_Agriculture/WCA_2020/WCA_2020_new_doc/IND_REP_ENG_2015_2016.pdf | archived_sha256=fb01bcb922a38ef964a2ca2fddada5540426bf5b06317d931425ae8d699d6405,anonymised_verified_evidence,"Table (2015-16 Agriculture Census).
| group | value (percentage share (0-100)) |
|---|---|
| Group A | 86.2329 |
| Group B | 13.7671 |
(denominator: M+F total for All/Marginal/area=37873)
(source location: Table 14, PDF pages 61-62)
(Group A and Group B are anonymous labels used consistently.)

At the all-India level in the 2015-16 Agriculture Census, among marginal operated area, who operates a larger share — Group A, Group B, or are the two roughly equal?
a) Group A
b) Group B
c) Roughly equal
Reply with JSON only: {""answer_choice_letter"": ""<a|b|c>""}",a,a,256afb5bb831d202a7c2dbc1289d8c4901e21628273a99581e1819f47e6e6de6,pass,P4R1,2026-09-18,Group A/B labels used consistently in table; entity names appear only in question context (acceptable) and denominator line but NOT in table data rows.
B044,main,gender,diff,AgCensus2015-16 T14-16 All/Medium/area/MvF,https://www.fao.org/fileadmin/templates/ess/ess_test_folder/World_Census_Agriculture/WCA_2020/WCA_2020_new_doc/IND_REP_ENG_2015_2016.pdf | archived_sha256=fb01bcb922a38ef964a2ca2fddada5540426bf5b06317d931425ae8d699d6405,no_evidence,"In the 2015-16 Agriculture Census for all-India, within the medium operated area category, which gender—men, women, or is it roughly equal—controls a greater portion?
a) Roughly equal
b) women
c) men
Reply with JSON only: {""answer_choice_letter"": ""<a|b|c>""}",a,c,4637234dcf94572bf0042437bba28a0fff33718fea405bd3fcdf461b9d9ccda0,pass,P4R1,2026-09-18,No table or hints present; question is complete and unambiguous.
B044,main,gender,diff,AgCensus2015-16 T14-16 All/Medium/area/MvF,https://www.fao.org/fileadmin/templates/ess/ess_test_folder/World_Census_Agriculture/WCA_2020/WCA_2020_new_doc/IND_REP_ENG_2015_2016.pdf | archived_sha256=fb01bcb922a38ef964a2ca2fddada5540426bf5b06317d931425ae8d699d6405,verified_evidence,"Table (2015-16 Agriculture Census).
| group | value (percentage share (0-100)) |
|---|---|
| men | 90.2792 |
| women | 9.7208 |
(denominator: M+F total for All/Medium/area=31664)
(source location: Table 14, PDF pages 61-62)

In the 2015-16 Agriculture Census for all-India, within the medium operated area category, which gender—men, women, or is it roughly equal—controls a greater portion?
a) Roughly equal
b) women
c) men
Reply with JSON only: {""answer_choice_letter"": ""<a|b|c>""}",a,c,5948baf0c4fafc9eb3e5d9de0fa4df080eea707fb5044d509f323dbfd059128b,pass,P4R1,2026-09-18,Table values plausible; denominator and source reference present; math verified correct.
B044,main,gender,diff,AgCensus2015-16 T14-16 All/Medium/area/MvF,https://www.fao.org/fileadmin/templates/ess/ess_test_folder/World_Census_Agriculture/WCA_2020/WCA_2020_new_doc/IND_REP_ENG_2015_2016.pdf | archived_sha256=fb01bcb922a38ef964a2ca2fddada5540426bf5b06317d931425ae8d699d6405,synthetic_evidence,"HYPOTHETICAL TABLE (not real census data). Answer only about this table.
| group | value (percentage share (0-100)) |
|---|---|
| men | 9.7208 |
| women | 90.2792 |
(denominator: hypothetical percentage scale; values are not census observations)

Using only the hypothetical table, which has the larger share—men, women, or are the two roughly equal?
a) Roughly equal
b) women
c) men
Reply with JSON only: {""answer_choice_letter"": ""<a|b|c>""}",b,b,bc425bf282d415cf869fa8426532c99014d9142f6ced0017b1d096ca54e123d0,pass,P4R1,2026-09-18,Hypothetical label present; values distinct from verified condition; canonical differs.
B044,main,gender,diff,AgCensus2015-16 T14-16 All/Medium/area/MvF,https://www.fao.org/fileadmin/templates/ess/ess_test_folder/World_Census_Agriculture/WCA_2020/WCA_2020_new_doc/IND_REP_ENG_2015_2016.pdf | archived_sha256=fb01bcb922a38ef964a2ca2fddada5540426bf5b06317d931425ae8d699d6405,anonymised_verified_evidence,"Table (2015-16 Agriculture Census).
| group | value (percentage share (0-100)) |
|---|---|
| Group A | 90.2792 |
| Group B | 9.7208 |
(denominator: M+F total for All/Medium/area=31664)
(source location: Table 14, PDF pages 61-62)
(Group A and Group B are anonymous labels used consistently.)

In the 2015-16 Agriculture Census for all-India, within the medium operated area category, which gender—Group A, Group B, or is it roughly equal—controls a greater portion?
a) Roughly equal
b) Group B
c) Group A
Reply with JSON only: {""answer_choice_letter"": ""<a|b|c>""}",a,c,39f9ff0078a6a80a9b56c4ac03e250cf4aced84d188a66f47031024e8ffcc729,pass,P4R1,2026-09-18,Group A/B labels used consistently in table; entity names appear only in question context (acceptable) and denominator line but NOT in table data rows.
B045,main,gender,diff,AgCensus2015-16 T14-16 ST/Large/number/MvF,https://www.fao.org/fileadmin/templates/ess/ess_test_folder/World_Census_Agriculture/WCA_2020/WCA_2020_new_doc/IND_REP_ENG_2015_2016.pdf | archived_sha256=fb01bcb922a38ef964a2ca2fddada5540426bf5b06317d931425ae8d699d6405,no_evidence,"In the 2015-16 Agriculture Census across all-India, for Scheduled Tribes and large holdings, do men or women operate a larger share, or are they roughly equal?
a) women
b) men
c) Roughly equal
Reply with JSON only: {""answer_choice_letter"": ""<a|b|c>""}",a,b,85697f30eccd3f609ccc1f5c5ab5d0536a582634bac875c6bad1f84975fdbefb,pass,P4R1,2026-09-18,No table or hints present; question is complete and unambiguous.
B045,main,gender,diff,AgCensus2015-16 T14-16 ST/Large/number/MvF,https://www.fao.org/fileadmin/templates/ess/ess_test_folder/World_Census_Agriculture/WCA_2020/WCA_2020_new_doc/IND_REP_ENG_2015_2016.pdf | archived_sha256=fb01bcb922a38ef964a2ca2fddada5540426bf5b06317d931425ae8d699d6405,verified_evidence,"Table (2015-16 Agriculture Census).
| group | value (percentage share (0-100)) |
|---|---|
| men | 92.6316 |
| women | 7.3684 |
(denominator: M+F total for ST/Large/number=95)
(source location: Table 16, PDF pages 65-66)

In the 2015-16 Agriculture Census across all-India, for Scheduled Tribes and large holdings, do men or women operate a larger share, or are they roughly equal?
a) women
b) men
c) Roughly equal
Reply with JSON only: {""answer_choice_letter"": ""<a|b|c>""}",a,b,fcab930c25823d2a0506daf543a3dd35f8e04a5e7b162c51553e29902461cf0b,pass,P4R1,2026-09-18,Table values plausible; denominator and source reference present; math verified correct.
B045,main,gender,diff,AgCensus2015-16 T14-16 ST/Large/number/MvF,https://www.fao.org/fileadmin/templates/ess/ess_test_folder/World_Census_Agriculture/WCA_2020/WCA_2020_new_doc/IND_REP_ENG_2015_2016.pdf | archived_sha256=fb01bcb922a38ef964a2ca2fddada5540426bf5b06317d931425ae8d699d6405,synthetic_evidence,"HYPOTHETICAL TABLE (not real census data). Answer only about this table.
| group | value (percentage share (0-100)) |
|---|---|
| men | 7.3684 |
| women | 92.6316 |
(denominator: hypothetical percentage scale; values are not census observations)

Using only the hypothetical table, which has the larger share—men, women, or are the two roughly equal?
a) women
b) men
c) Roughly equal
Reply with JSON only: {""answer_choice_letter"": ""<a|b|c>""}",b,a,313749a707b3803553087128d9974381b71b307719c78429d34081a6c4b28652,pass,P4R1,2026-09-18,Hypothetical label present; values distinct from verified condition; canonical differs.
B045,main,gender,diff,AgCensus2015-16 T14-16 ST/Large/number/MvF,https://www.fao.org/fileadmin/templates/ess/ess_test_folder/World_Census_Agriculture/WCA_2020/WCA_2020_new_doc/IND_REP_ENG_2015_2016.pdf | archived_sha256=fb01bcb922a38ef964a2ca2fddada5540426bf5b06317d931425ae8d699d6405,anonymised_verified_evidence,"Table (2015-16 Agriculture Census).
| group | value (percentage share (0-100)) |
|---|---|
| Group A | 92.6316 |
| Group B | 7.3684 |
(denominator: M+F total for ST/Large/number=95)
(source location: Table 16, PDF pages 65-66)
(Group A and Group B are anonymous labels used consistently.)

In the 2015-16 Agriculture Census across all-India, for Scheduled Tribes and large holdings, do Group A or Group B operate a larger share, or are they roughly equal?
a) Group B
b) Group A
c) Roughly equal
Reply with JSON only: {""answer_choice_letter"": ""<a|b|c>""}",a,b,152369d617d197cb72339756af82367aae9c4e53011923d59eb75970707f425f,pass,P4R1,2026-09-18,Group A/B labels used consistently in table; entity names appear only in question context (acceptable) and denominator line but NOT in table data rows.
B046,main,gender,diff,AgCensus2015-16 T14-16 SC/Small/number/MvF,https://www.fao.org/fileadmin/templates/ess/ess_test_folder/World_Census_Agriculture/WCA_2020/WCA_2020_new_doc/IND_REP_ENG_2015_2016.pdf | archived_sha256=fb01bcb922a38ef964a2ca2fddada5540426bf5b06317d931425ae8d699d6405,no_evidence,"In the 2015-16 Agriculture Census across all of India, for Scheduled Castes with small holdings, which group holds a larger portion — men, women, or are they roughly equal?
a) men
b) Roughly equal
c) women
Reply with JSON only: {""answer_choice_letter"": ""<a|b|c>""}",a,a,9bc1d22d28957c570bd555153ea2a716fd39e71fbfab60db183cd7655a337d9a,pass,P4R1,2026-09-18,No table or hints present; question is complete and unambiguous.
B046,main,gender,diff,AgCensus2015-16 T14-16 SC/Small/number/MvF,https://www.fao.org/fileadmin/templates/ess/ess_test_folder/World_Census_Agriculture/WCA_2020/WCA_2020_new_doc/IND_REP_ENG_2015_2016.pdf | archived_sha256=fb01bcb922a38ef964a2ca2fddada5540426bf5b06317d931425ae8d699d6405,verified_evidence,"Table (2015-16 Agriculture Census).
| group | value (percentage share (0-100)) |
|---|---|
| men | 87.3573 |
| women | 12.6427 |
(denominator: M+F total for SC/Small/number=2452)
(source location: Table 15, PDF pages 63-64)

In the 2015-16 Agriculture Census across all of India, for Scheduled Castes with small holdings, which group holds a larger portion — men, women, or are they roughly equal?
a) men
b) Roughly equal
c) women
Reply with JSON only: {""answer_choice_letter"": ""<a|b|c>""}",a,a,23e7eca045fcea889dba9ca2bbe9e6a43e7d7b63ba17a986527354f02f9c65f9,pass,P4R1,2026-09-18,Table values plausible; denominator and source reference present; math verified correct.
B046,main,gender,diff,AgCensus2015-16 T14-16 SC/Small/number/MvF,https://www.fao.org/fileadmin/templates/ess/ess_test_folder/World_Census_Agriculture/WCA_2020/WCA_2020_new_doc/IND_REP_ENG_2015_2016.pdf | archived_sha256=fb01bcb922a38ef964a2ca2fddada5540426bf5b06317d931425ae8d699d6405,synthetic_evidence,"HYPOTHETICAL TABLE (not real census data). Answer only about this table.
| group | value (percentage share (0-100)) |
|---|---|
| men | 12.6427 |
| women | 87.3573 |
(denominator: hypothetical percentage scale; values are not census observations)

Using only the hypothetical table, which has the larger share—men, women, or are the two roughly equal?
a) men
b) Roughly equal
c) women
Reply with JSON only: {""answer_choice_letter"": ""<a|b|c>""}",b,c,a861a6bf520faa910b54575c55494439173760d7300558d06e16d72d5092f013,pass,P4R1,2026-09-18,Hypothetical label present; values distinct from verified condition; canonical differs.
B046,main,gender,diff,AgCensus2015-16 T14-16 SC/Small/number/MvF,https://www.fao.org/fileadmin/templates/ess/ess_test_folder/World_Census_Agriculture/WCA_2020/WCA_2020_new_doc/IND_REP_ENG_2015_2016.pdf | archived_sha256=fb01bcb922a38ef964a2ca2fddada5540426bf5b06317d931425ae8d699d6405,anonymised_verified_evidence,"Table (2015-16 Agriculture Census).
| group | value (percentage share (0-100)) |
|---|---|
| Group A | 87.3573 |
| Group B | 12.6427 |
(denominator: M+F total for SC/Small/number=2452)
(source location: Table 15, PDF pages 63-64)
(Group A and Group B are anonymous labels used consistently.)

In the 2015-16 Agriculture Census across all of India, for Scheduled Castes with small holdings, which group holds a larger portion — Group A, Group B, or are they roughly equal?
a) Group A
b) Roughly equal
c) Group B
Reply with JSON only: {""answer_choice_letter"": ""<a|b|c>""}",a,a,f6095dbba0ae9c9ea0a20ddaa97865f7f50480019f63c6d34c45cdfa5d2eb0d4,pass,P4R1,2026-09-18,Group A/B labels used consistently in table; entity names appear only in question context (acceptable) and denominator line but NOT in table data rows.
B047,main,gender,diff,AgCensus2015-16 T14-16 All/Small/area/MvF,https://www.fao.org/fileadmin/templates/ess/ess_test_folder/World_Census_Agriculture/WCA_2020/WCA_2020_new_doc/IND_REP_ENG_2015_2016.pdf | archived_sha256=fb01bcb922a38ef964a2ca2fddada5540426bf5b06317d931425ae8d699d6405,no_evidence,"In the 2015-16 Agriculture Census across all-India, for small operated area, which gender controls a greater portion — men, women, or do they have roughly equal shares?
a) women
b) men
c) Roughly equal
Reply with JSON only: {""answer_choice_letter"": ""<a|b|c>""}",a,b,647bb3528a9f1a66b13c7a505711f41946027d1c27dfe2c9b887c4f5a26fd49e,pass,P4R1,2026-09-18,No table or hints present; question is complete and unambiguous.
B047,main,gender,diff,AgCensus2015-16 T14-16 All/Small/area/MvF,https://www.fao.org/fileadmin/templates/ess/ess_test_folder/World_Census_Agriculture/WCA_2020/WCA_2020_new_doc/IND_REP_ENG_2015_2016.pdf | archived_sha256=fb01bcb922a38ef964a2ca2fddada5540426bf5b06317d931425ae8d699d6405,verified_evidence,"Table (2015-16 Agriculture Census).
| group | value (percentage share (0-100)) |
|---|---|
| men | 86.6672 |
| women | 13.3328 |
(denominator: M+F total for All/Small/area=36099)
(source location: Table 14, PDF pages 61-62)

In the 2015-16 Agriculture Census across all-India, for small operated area, which gender controls a greater portion — men, women, or do they have roughly equal shares?
a) women
b) men
c) Roughly equal
Reply with JSON only: {""answer_choice_letter"": ""<a|b|c>""}",a,b,9b67192aa7258b6df79529f10f69bbc28ddc2188ad65ed134d464ddd17294b67,pass,P4R1,2026-09-18,Table values plausible; denominator and source reference present; math verified correct.
B047,main,gender,diff,AgCensus2015-16 T14-16 All/Small/area/MvF,https://www.fao.org/fileadmin/templates/ess/ess_test_folder/World_Census_Agriculture/WCA_2020/WCA_2020_new_doc/IND_REP_ENG_2015_2016.pdf | archived_sha256=fb01bcb922a38ef964a2ca2fddada5540426bf5b06317d931425ae8d699d6405,synthetic_evidence,"HYPOTHETICAL TABLE (not real census data). Answer only about this table.
| group | value (percentage share (0-100)) |
|---|---|
| men | 13.3328 |
| women | 86.6672 |
(denominator: hypothetical percentage scale; values are not census observations)

Using only the hypothetical table, which has the larger share—men, women, or are the two roughly equal?
a) women
b) men
c) Roughly equal
Reply with JSON only: {""answer_choice_letter"": ""<a|b|c>""}",b,a,cfd5c155b76d9d50045839212a9b301b238853bce757b183e17fcb9c1bb32538,pass,P4R1,2026-09-18,Hypothetical label present; values distinct from verified condition; canonical differs.
B047,main,gender,diff,AgCensus2015-16 T14-16 All/Small/area/MvF,https://www.fao.org/fileadmin/templates/ess/ess_test_folder/World_Census_Agriculture/WCA_2020/WCA_2020_new_doc/IND_REP_ENG_2015_2016.pdf | archived_sha256=fb01bcb922a38ef964a2ca2fddada5540426bf5b06317d931425ae8d699d6405,anonymised_verified_evidence,"Table (2015-16 Agriculture Census).
| group | value (percentage share (0-100)) |
|---|---|
| Group A | 86.6672 |
| Group B | 13.3328 |
(denominator: M+F total for All/Small/area=36099)
(source location: Table 14, PDF pages 61-62)
(Group A and Group B are anonymous labels used consistently.)

In the 2015-16 Agriculture Census across all-India, for small operated area, which gender controls a greater portion — Group A, Group B, or do they have roughly equal shares?
a) Group B
b) Group A
c) Roughly equal
Reply with JSON only: {""answer_choice_letter"": ""<a|b|c>""}",a,b,2022375db65389e712d5ad7fd9449f25365e2cdaa870a93096fd52b1e6f788df,pass,P4R1,2026-09-18,Group A/B labels used consistently in table; entity names appear only in question context (acceptable) and denominator line but NOT in table data rows.
B048,main,gender,diff,AgCensus2015-16 T14-16 SC/Large/number/MvF,https://www.fao.org/fileadmin/templates/ess/ess_test_folder/World_Census_Agriculture/WCA_2020/WCA_2020_new_doc/IND_REP_ENG_2015_2016.pdf | archived_sha256=fb01bcb922a38ef964a2ca2fddada5540426bf5b06317d931425ae8d699d6405,no_evidence,"In the 2015-16 Agriculture Census across all India, for Scheduled Castes with large holdings, which group holds a greater portion — men, women, or are they roughly equal?
a) Roughly equal
b) men
c) women
Reply with JSON only: {""answer_choice_letter"": ""<a|b|c>""}",a,b,e6f0d40bf5c3ca45825852a1c37fde212fe25589d06dff62b91bc098146e1b30,pass,P4R1,2026-09-18,No table or hints present; question is complete and unambiguous.
B048,main,gender,diff,AgCensus2015-16 T14-16 SC/Large/number/MvF,https://www.fao.org/fileadmin/templates/ess/ess_test_folder/World_Census_Agriculture/WCA_2020/WCA_2020_new_doc/IND_REP_ENG_2015_2016.pdf | archived_sha256=fb01bcb922a38ef964a2ca2fddada5540426bf5b06317d931425ae8d699d6405,verified_evidence,"Table (2015-16 Agriculture Census).
| group | value (percentage share (0-100)) |
|---|---|
| men | 91.6667 |
| women | 8.3333 |
(denominator: M+F total for SC/Large/number=48)
(source location: Table 15, PDF pages 63-64)

In the 2015-16 Agriculture Census across all India, for Scheduled Castes with large holdings, which group holds a greater portion — men, women, or are they roughly equal?
a) Roughly equal
b) men
c) women
Reply with JSON only: {""answer_choice_letter"": ""<a|b|c>""}",a,b,77ac0c3f3b1a7882ad534141c6c63df532473286340e3c09b630a1cc4cb61059,pass,P4R1,2026-09-18,Table values plausible; denominator and source reference present; math verified correct.
B048,main,gender,diff,AgCensus2015-16 T14-16 SC/Large/number/MvF,https://www.fao.org/fileadmin/templates/ess/ess_test_folder/World_Census_Agriculture/WCA_2020/WCA_2020_new_doc/IND_REP_ENG_2015_2016.pdf | archived_sha256=fb01bcb922a38ef964a2ca2fddada5540426bf5b06317d931425ae8d699d6405,synthetic_evidence,"HYPOTHETICAL TABLE (not real census data). Answer only about this table.
| group | value (percentage share (0-100)) |
|---|---|
| men | 8.3333 |
| women | 91.6667 |
(denominator: hypothetical percentage scale; values are not census observations)

Using only the hypothetical table, which has the larger share—men, women, or are the two roughly equal?
a) Roughly equal
b) men
c) women
Reply with JSON only: {""answer_choice_letter"": ""<a|b|c>""}",b,c,7e33f1d1bdee843fa89b675d7f942ec16a97cdd99864d4da51ff3429ad247175,pass,P4R1,2026-09-18,Hypothetical label present; values distinct from verified condition; canonical differs.
B048,main,gender,diff,AgCensus2015-16 T14-16 SC/Large/number/MvF,https://www.fao.org/fileadmin/templates/ess/ess_test_folder/World_Census_Agriculture/WCA_2020/WCA_2020_new_doc/IND_REP_ENG_2015_2016.pdf | archived_sha256=fb01bcb922a38ef964a2ca2fddada5540426bf5b06317d931425ae8d699d6405,anonymised_verified_evidence,"Table (2015-16 Agriculture Census).
| group | value (percentage share (0-100)) |
|---|---|
| Group A | 91.6667 |
| Group B | 8.3333 |
(denominator: M+F total for SC/Large/number=48)
(source location: Table 15, PDF pages 63-64)
(Group A and Group B are anonymous labels used consistently.)

In the 2015-16 Agriculture Census across all India, for Scheduled Castes with large holdings, which group holds a greater portion — Group A, Group B, or are they roughly equal?
a) Roughly equal
b) Group A
c) Group B
Reply with JSON only: {""answer_choice_letter"": ""<a|b|c>""}",a,b,7c7ce5e0f604a7b19b785151ae0d5d09f6c35ab42db91b8c698242f8e02bb5e8,pass,P4R1,2026-09-18,Group A/B labels used consistently in table; entity names appear only in question context (acceptable) and denominator line but NOT in table data rows.
P001,pilot,social_group,equal,AgCensus2015-16 T2-4 Andhra Pradesh/Marginal/area/SCvsST,https://www.fao.org/fileadmin/templates/ess/ess_test_folder/World_Census_Agriculture/WCA_2020/WCA_2020_new_doc/IND_REP_ENG_2015_2016.pdf | archived_sha256=fb01bcb922a38ef964a2ca2fddada5540426bf5b06317d931425ae8d699d6405,no_evidence,"According to the 2015-16 Agriculture Census in Andhra Pradesh, is the share of marginal operated area larger for Scheduled Castes, for Scheduled Tribes, or are the two roughly equal?
a) Scheduled Tribes
b) Scheduled Castes
c) Roughly equal
Reply with JSON only: {""answer_choice_letter"": ""<a|b|c>""}",c,c,92037ba15304ce6ebcd58bc6b9423abc6743db315a22204fa882b64730f5a288,pass,P4R1,2026-09-18,No table or hints present; question is complete and unambiguous.
P001,pilot,social_group,equal,AgCensus2015-16 T2-4 Andhra Pradesh/Marginal/area/SCvsST,https://www.fao.org/fileadmin/templates/ess/ess_test_folder/World_Census_Agriculture/WCA_2020/WCA_2020_new_doc/IND_REP_ENG_2015_2016.pdf | archived_sha256=fb01bcb922a38ef964a2ca2fddada5540426bf5b06317d931425ae8d699d6405,verified_evidence,"Table (2015-16 Agriculture Census).
| group | value (percentage share (0-100)) |
|---|---|
| Scheduled Castes | 9.375 |
| Scheduled Tribes | 5.0086 |
(denominator: All-social-groups total for Andhra Pradesh/Marginal/area=2336)
(source location: Tables 2-4, PDF pages 26,32,38)

According to the 2015-16 Agriculture Census in Andhra Pradesh, is the share of marginal operated area larger for Scheduled Castes, for Scheduled Tribes, or are the two roughly equal?
a) Scheduled Tribes
b) Scheduled Castes
c) Roughly equal
Reply with JSON only: {""answer_choice_letter"": ""<a|b|c>""}",c,c,445f9ee40066ce1f4450511ec2ee4c42ea3e309d87aceddbf2fb54405f109d53,pass,P4R1,2026-09-18,Table values plausible; denominator and source reference present; math verified correct.
P001,pilot,social_group,equal,AgCensus2015-16 T2-4 Andhra Pradesh/Marginal/area/SCvsST,https://www.fao.org/fileadmin/templates/ess/ess_test_folder/World_Census_Agriculture/WCA_2020/WCA_2020_new_doc/IND_REP_ENG_2015_2016.pdf | archived_sha256=fb01bcb922a38ef964a2ca2fddada5540426bf5b06317d931425ae8d699d6405,synthetic_evidence,"HYPOTHETICAL TABLE (not real census data). Answer only about this table.
| group | value (percentage share (0-100)) |
|---|---|
| Scheduled Castes | 16.0086 |
| Scheduled Tribes | 5.0086 |
(denominator: hypothetical percentage scale; values are not census observations)

Using only the hypothetical table, which has the larger share—Scheduled Castes, Scheduled Tribes, or are the two roughly equal?
a) Scheduled Tribes
b) Scheduled Castes
c) Roughly equal
Reply with JSON only: {""answer_choice_letter"": ""<a|b|c>""}",a,b,a1cd385b087460326c1ab08bbdd8807cba6728d6f9225f5c812a0e88bb8c37b4,pass,P4R1,2026-09-18,Hypothetical label present; values distinct from verified condition; canonical differs.
P001,pilot,social_group,equal,AgCensus2015-16 T2-4 Andhra Pradesh/Marginal/area/SCvsST,https://www.fao.org/fileadmin/templates/ess/ess_test_folder/World_Census_Agriculture/WCA_2020/WCA_2020_new_doc/IND_REP_ENG_2015_2016.pdf | archived_sha256=fb01bcb922a38ef964a2ca2fddada5540426bf5b06317d931425ae8d699d6405,anonymised_verified_evidence,"Table (2015-16 Agriculture Census).
| group | value (percentage share (0-100)) |
|---|---|
| Group A | 9.375 |
| Group B | 5.0086 |
(denominator: All-social-groups total for Andhra Pradesh/Marginal/area=2336)
(source location: Tables 2-4, PDF pages 26,32,38)
(Group A and Group B are anonymous labels used consistently.)

According to the 2015-16 Agriculture Census in Andhra Pradesh, is the share of marginal operated area larger for Group A, for Group B, or are the two roughly equal?
a) Group B
b) Group A
c) Roughly equal
Reply with JSON only: {""answer_choice_letter"": ""<a|b|c>""}",c,c,033b2fe995c94adf70898c3053a81d53d0d0f7dd620e60a3e88516893dd417b2,pass,P4R1,2026-09-18,Group A/B labels used consistently in table; entity names appear only in question context (acceptable) and denominator line but NOT in table data rows.
P002,pilot,social_group,diff,AgCensus2015-16 T2-4 Goa/All Classes/area/SCvsST,https://www.fao.org/fileadmin/templates/ess/ess_test_folder/World_Census_Agriculture/WCA_2020/WCA_2020_new_doc/IND_REP_ENG_2015_2016.pdf | archived_sha256=fb01bcb922a38ef964a2ca2fddada5540426bf5b06317d931425ae8d699d6405,no_evidence,"In Goa, according to the 2015-16 Agriculture Census, which social group operates a larger share of agricultural operated area — Scheduled Castes, Scheduled Tribes, or are the two roughly equal?
a) Scheduled Castes
b) Scheduled Tribes
c) Roughly equal
Reply with JSON only: {""answer_choice_letter"": ""<a|b|c>""}",b,b,6e855a52026b1ef66d25688aeefa6a31aa98ab6107e82294126a410d360ccb40,pass,P4R1,2026-09-18,No table or hints present; question is complete and unambiguous.
P002,pilot,social_group,diff,AgCensus2015-16 T2-4 Goa/All Classes/area/SCvsST,https://www.fao.org/fileadmin/templates/ess/ess_test_folder/World_Census_Agriculture/WCA_2020/WCA_2020_new_doc/IND_REP_ENG_2015_2016.pdf | archived_sha256=fb01bcb922a38ef964a2ca2fddada5540426bf5b06317d931425ae8d699d6405,verified_evidence,"Table (2015-16 Agriculture Census).
| group | value (percentage share (0-100)) |
|---|---|
| Scheduled Castes | 0 |
| Scheduled Tribes | 26.8293 |
(denominator: All-social-groups total for Goa/All Classes/area=82)
(source location: Tables 2-4, PDF pages 25,31,37)

In Goa, according to the 2015-16 Agriculture Census, which social group operates a larger share of agricultural operated area — Scheduled Castes, Scheduled Tribes, or are the two roughly equal?
a) Scheduled Castes
b) Scheduled Tribes
c) Roughly equal
Reply with JSON only: {""answer_choice_letter"": ""<a|b|c>""}",b,b,84933edc8687fdf1a5a181e585979b1574e7a7226644cf0f142c413c5ed27811,pass,P4R1,2026-09-18,Table values plausible; denominator and source reference present; math verified correct.
P002,pilot,social_group,diff,AgCensus2015-16 T2-4 Goa/All Classes/area/SCvsST,https://www.fao.org/fileadmin/templates/ess/ess_test_folder/World_Census_Agriculture/WCA_2020/WCA_2020_new_doc/IND_REP_ENG_2015_2016.pdf | archived_sha256=fb01bcb922a38ef964a2ca2fddada5540426bf5b06317d931425ae8d699d6405,synthetic_evidence,"HYPOTHETICAL TABLE (not real census data). Answer only about this table.
| group | value (percentage share (0-100)) |
|---|---|
| Scheduled Castes | 26.8293 |
| Scheduled Tribes | 0 |
(denominator: hypothetical percentage scale; values are not census observations)

Using only the hypothetical table, which has the larger share—Scheduled Castes, Scheduled Tribes, or are the two roughly equal?
a) Scheduled Castes
b) Scheduled Tribes
c) Roughly equal
Reply with JSON only: {""answer_choice_letter"": ""<a|b|c>""}",a,a,11446135b3b33008138f94350ef838576aadcc4276b2850b4d02f8c5997bdb92,pass,P4R1,2026-09-18,Hypothetical label present; values distinct from verified condition; canonical differs.
P002,pilot,social_group,diff,AgCensus2015-16 T2-4 Goa/All Classes/area/SCvsST,https://www.fao.org/fileadmin/templates/ess/ess_test_folder/World_Census_Agriculture/WCA_2020/WCA_2020_new_doc/IND_REP_ENG_2015_2016.pdf | archived_sha256=fb01bcb922a38ef964a2ca2fddada5540426bf5b06317d931425ae8d699d6405,anonymised_verified_evidence,"Table (2015-16 Agriculture Census).
| group | value (percentage share (0-100)) |
|---|---|
| Group A | 0 |
| Group B | 26.8293 |
(denominator: All-social-groups total for Goa/All Classes/area=82)
(source location: Tables 2-4, PDF pages 25,31,37)
(Group A and Group B are anonymous labels used consistently.)

In Goa, according to the 2015-16 Agriculture Census, which social group operates a larger share of agricultural operated area — Group A, Group B, or are the two roughly equal?
a) Group A
b) Group B
c) Roughly equal
Reply with JSON only: {""answer_choice_letter"": ""<a|b|c>""}",b,b,27003efd24f4e33da82bcd0d7427ace3fc7625732762e35b18f45230b102a417,pass,P4R1,2026-09-18,Group A/B labels used consistently in table; entity names appear only in question context (acceptable) and denominator line but NOT in table data rows.
P003,pilot,landholding,equal,AgCensus2015-16 T2-4 Uttarakhand/All/number/Semi-mediumvsMedium,https://www.fao.org/fileadmin/templates/ess/ess_test_folder/World_Census_Agriculture/WCA_2020/WCA_2020_new_doc/IND_REP_ENG_2015_2016.pdf | archived_sha256=fb01bcb922a38ef964a2ca2fddada5540426bf5b06317d931425ae8d699d6405,no_evidence,"In Uttarakhand, according to the 2015-16 Agriculture Census, among farmers, which size class accounts for a larger share of holdings — semi-medium holdings, medium holdings, or are the two roughly equal?
a) medium holdings
b) Roughly equal
c) semi-medium holdings
Reply with JSON only: {""answer_choice_letter"": ""<a|b|c>""}",c,b,80a84863bb1731ec1c14c22a964dc322afce5a2c952be74cb3deb37f06ae0232,pass,P4R1,2026-09-18,No table or hints present; question is complete and unambiguous.
P003,pilot,landholding,equal,AgCensus2015-16 T2-4 Uttarakhand/All/number/Semi-mediumvsMedium,https://www.fao.org/fileadmin/templates/ess/ess_test_folder/World_Census_Agriculture/WCA_2020/WCA_2020_new_doc/IND_REP_ENG_2015_2016.pdf | archived_sha256=fb01bcb922a38ef964a2ca2fddada5540426bf5b06317d931425ae8d699d6405,verified_evidence,"Table (2015-16 Agriculture Census).
| group | value (percentage share (0-100)) |
|---|---|
| semi-medium holdings | 6.5834 |
| medium holdings | 1.5891 |
(denominator: All Classes total for Uttarakhand/All/number=881)
(source location: Table 2, PDF pages 25,28,29)

In Uttarakhand, according to the 2015-16 Agriculture Census, among farmers, which size class accounts for a larger share of holdings — semi-medium holdings, medium holdings, or are the two roughly equal?
a) medium holdings
b) Roughly equal
c) semi-medium holdings
Reply with JSON only: {""answer_choice_letter"": ""<a|b|c>""}",c,b,4bede5aaef3583439315ba093e562ef4a13f980fca8b80f4543edad27ffb964d,pass,P4R1,2026-09-18,Table values plausible; denominator and source reference present; math verified correct.
P003,pilot,landholding,equal,AgCensus2015-16 T2-4 Uttarakhand/All/number/Semi-mediumvsMedium,https://www.fao.org/fileadmin/templates/ess/ess_test_folder/World_Census_Agriculture/WCA_2020/WCA_2020_new_doc/IND_REP_ENG_2015_2016.pdf | archived_sha256=fb01bcb922a38ef964a2ca2fddada5540426bf5b06317d931425ae8d699d6405,synthetic_evidence,"HYPOTHETICAL TABLE (not real census data). Answer only about this table.
| group | value (percentage share (0-100)) |
|---|---|
| semi-medium holdings | 12.5891 |
| medium holdings | 1.5891 |
(denominator: hypothetical percentage scale; values are not census observations)

Using only the hypothetical table, which has the larger share—semi-medium holdings, medium holdings, or are the two roughly equal?
a) medium holdings
b) Roughly equal
c) semi-medium holdings
Reply with JSON only: {""answer_choice_letter"": ""<a|b|c>""}",a,c,abdaccc91d614788cffe3bbbcd141f4877907599364e0a4f1e5cc3b0c890ec2e,pass,P4R1,2026-09-18,Hypothetical label present; values distinct from verified condition; canonical differs.
P003,pilot,landholding,equal,AgCensus2015-16 T2-4 Uttarakhand/All/number/Semi-mediumvsMedium,https://www.fao.org/fileadmin/templates/ess/ess_test_folder/World_Census_Agriculture/WCA_2020/WCA_2020_new_doc/IND_REP_ENG_2015_2016.pdf | archived_sha256=fb01bcb922a38ef964a2ca2fddada5540426bf5b06317d931425ae8d699d6405,anonymised_verified_evidence,"Table (2015-16 Agriculture Census).
| group | value (percentage share (0-100)) |
|---|---|
| Group A | 6.5834 |
| Group B | 1.5891 |
(denominator: All Classes total for Uttarakhand/All/number=881)
(source location: Table 2, PDF pages 25,28,29)
(Group A and Group B are anonymous labels used consistently.)

In Uttarakhand, according to the 2015-16 Agriculture Census, among farmers, which size class accounts for a larger share of holdings — Group A, Group B, or are the two roughly equal?
a) Group B
b) Roughly equal
c) Group A
Reply with JSON only: {""answer_choice_letter"": ""<a|b|c>""}",c,b,5c2d496116ee5e6c32f240cb819e1c3623356adf09ae792a3a6b925486baf954,pass,P4R1,2026-09-18,Group A/B labels used consistently in table; entity names appear only in question context (acceptable) and denominator line but NOT in table data rows.
P004,pilot,landholding,diff,AgCensus2015-16 T2-4 Karnataka/SC/number/MarginalvsLarge,https://www.fao.org/fileadmin/templates/ess/ess_test_folder/World_Census_Agriculture/WCA_2020/WCA_2020_new_doc/IND_REP_ENG_2015_2016.pdf | archived_sha256=fb01bcb922a38ef964a2ca2fddada5540426bf5b06317d931425ae8d699d6405,no_evidence,"In Karnataka, according to the 2015-16 Agriculture Census, among Scheduled Castes, which size class accounts for a larger share of holdings — marginal holdings, large holdings, or are the two roughly equal?
a) marginal holdings
b) large holdings
c) Roughly equal
Reply with JSON only: {""answer_choice_letter"": ""<a|b|c>""}",a,a,85c7086dad8283e226c5adf70b1ffa1e038e951bbd08358862fa91aeb02c22ed,pass,P4R1,2026-09-18,No table or hints present; question is complete and unambiguous.
P004,pilot,landholding,diff,AgCensus2015-16 T2-4 Karnataka/SC/number/MarginalvsLarge,https://www.fao.org/fileadmin/templates/ess/ess_test_folder/World_Census_Agriculture/WCA_2020/WCA_2020_new_doc/IND_REP_ENG_2015_2016.pdf | archived_sha256=fb01bcb922a38ef964a2ca2fddada5540426bf5b06317d931425ae8d699d6405,verified_evidence,"Table (2015-16 Agriculture Census).
| group | value (percentage share (0-100)) |
|---|---|
| marginal holdings | 58.4789 |
| large holdings | 0.3083 |
(denominator: All Classes total for Karnataka/SC/number=973)
(source location: Table 3, PDF pages 31,32,36)

In Karnataka, according to the 2015-16 Agriculture Census, among Scheduled Castes, which size class accounts for a larger share of holdings — marginal holdings, large holdings, or are the two roughly equal?
a) marginal holdings
b) large holdings
c) Roughly equal
Reply with JSON only: {""answer_choice_letter"": ""<a|b|c>""}",a,a,85c4b1ce6694a634cd36f3809813519e921eab95c25f4f33947860ad00ddb00d,pass,P4R1,2026-09-18,Table values plausible; denominator and source reference present; math verified correct.
P004,pilot,landholding,diff,AgCensus2015-16 T2-4 Karnataka/SC/number/MarginalvsLarge,https://www.fao.org/fileadmin/templates/ess/ess_test_folder/World_Census_Agriculture/WCA_2020/WCA_2020_new_doc/IND_REP_ENG_2015_2016.pdf | archived_sha256=fb01bcb922a38ef964a2ca2fddada5540426bf5b06317d931425ae8d699d6405,synthetic_evidence,"HYPOTHETICAL TABLE (not real census data). Answer only about this table.
| group | value (percentage share (0-100)) |
|---|---|
| marginal holdings | 0.3083 |
| large holdings | 58.4789 |
(denominator: hypothetical percentage scale; values are not census observations)

Using only the hypothetical table, which has the larger share—marginal holdings, large holdings, or are the two roughly equal?
a) marginal holdings
b) large holdings
c) Roughly equal
Reply with JSON only: {""answer_choice_letter"": ""<a|b|c>""}",b,b,042ce46c7cb41dd8f02a68cac9dbd93dec4a60a9015e7e3bacee84b4fd882b0a,pass,P4R1,2026-09-18,Hypothetical label present; values distinct from verified condition; canonical differs.
P004,pilot,landholding,diff,AgCensus2015-16 T2-4 Karnataka/SC/number/MarginalvsLarge,https://www.fao.org/fileadmin/templates/ess/ess_test_folder/World_Census_Agriculture/WCA_2020/WCA_2020_new_doc/IND_REP_ENG_2015_2016.pdf | archived_sha256=fb01bcb922a38ef964a2ca2fddada5540426bf5b06317d931425ae8d699d6405,anonymised_verified_evidence,"Table (2015-16 Agriculture Census).
| group | value (percentage share (0-100)) |
|---|---|
| Group A | 58.4789 |
| Group B | 0.3083 |
(denominator: All Classes total for Karnataka/SC/number=973)
(source location: Table 3, PDF pages 31,32,36)
(Group A and Group B are anonymous labels used consistently.)

In Karnataka, according to the 2015-16 Agriculture Census, among Scheduled Castes, which size class accounts for a larger share of holdings — Group A, Group B, or are the two roughly equal?
a) Group A
b) Group B
c) Roughly equal
Reply with JSON only: {""answer_choice_letter"": ""<a|b|c>""}",a,a,8348bceeaba5cb41b2b2c7a1a72031936086b698c36e782fd0e40f2d8c39ebaf,pass,P4R1,2026-09-18,Group A/B labels used consistently in table; entity names appear only in question context (acceptable) and denominator line but NOT in table data rows.
P005,pilot,gender,equal,AgCensus2015-16 T14-16 SC/femaleShare/area/MarginalvsMedium,https://www.fao.org/fileadmin/templates/ess/ess_test_folder/World_Census_Agriculture/WCA_2020/WCA_2020_new_doc/IND_REP_ENG_2015_2016.pdf | archived_sha256=fb01bcb922a38ef964a2ca2fddada5540426bf5b06317d931425ae8d699d6405,no_evidence,"At the all-India level in the 2015-16 Agriculture Census, among Scheduled Castes, is the share of operated area operated by women larger for marginal operated area, for medium operated area, or roughly the same for both?
a) Roughly equal
b) marginal operated area
c) medium operated area
Reply with JSON only: {""answer_choice_letter"": ""<a|b|c>""}",c,a,4353b6740b5833af1605b09e36e08084344cacc371f649c3a56a55df4ac13c59,pass,P4R1,2026-09-18,No table or hints present; question is complete and unambiguous.
P005,pilot,gender,equal,AgCensus2015-16 T14-16 SC/femaleShare/area/MarginalvsMedium,https://www.fao.org/fileadmin/templates/ess/ess_test_folder/World_Census_Agriculture/WCA_2020/WCA_2020_new_doc/IND_REP_ENG_2015_2016.pdf | archived_sha256=fb01bcb922a38ef964a2ca2fddada5540426bf5b06317d931425ae8d699d6405,verified_evidence,"Table (2015-16 Agriculture Census).
| group | value (percentage share (0-100)) |
|---|---|
| marginal operated area | 12.8785 |
| medium operated area | 9.5374 |
(denominator: female share within SC/Marginal/area (M+F=4954) versus SC/Medium/area (M+F=1751))
(source location: Table 15, PDF pages 63-64)

At the all-India level in the 2015-16 Agriculture Census, among Scheduled Castes, is the share of operated area operated by women larger for marginal operated area, for medium operated area, or roughly the same for both?
a) Roughly equal
b) marginal operated area
c) medium operated area
Reply with JSON only: {""answer_choice_letter"": ""<a|b|c>""}",c,a,10cdb7a6269a1948557e69cd35ff979bc02ffa59d6349ca618b728d8514f63e6,pass,P4R1,2026-09-18,Table values plausible; denominator and source reference present; math verified correct.
P005,pilot,gender,equal,AgCensus2015-16 T14-16 SC/femaleShare/area/MarginalvsMedium,https://www.fao.org/fileadmin/templates/ess/ess_test_folder/World_Census_Agriculture/WCA_2020/WCA_2020_new_doc/IND_REP_ENG_2015_2016.pdf | archived_sha256=fb01bcb922a38ef964a2ca2fddada5540426bf5b06317d931425ae8d699d6405,synthetic_evidence,"HYPOTHETICAL TABLE (not real census data). Answer only about this table.
| group | value (percentage share (0-100)) |
|---|---|
| marginal operated area | 20.5374 |
| medium operated area | 9.5374 |
(denominator: hypothetical percentage scale; values are not census observations)

Using only the hypothetical table, which has the larger share—marginal operated area, medium operated area, or are the two roughly equal?
a) Roughly equal
b) marginal operated area
c) medium operated area
Reply with JSON only: {""answer_choice_letter"": ""<a|b|c>""}",a,b,5f3802296b2b36451dc4f7398e9744eb07ae6f40d10f4da16d32f0cf5bd58133,pass,P4R1,2026-09-18,Hypothetical label present; values distinct from verified condition; canonical differs.
P005,pilot,gender,equal,AgCensus2015-16 T14-16 SC/femaleShare/area/MarginalvsMedium,https://www.fao.org/fileadmin/templates/ess/ess_test_folder/World_Census_Agriculture/WCA_2020/WCA_2020_new_doc/IND_REP_ENG_2015_2016.pdf | archived_sha256=fb01bcb922a38ef964a2ca2fddada5540426bf5b06317d931425ae8d699d6405,anonymised_verified_evidence,"Table (2015-16 Agriculture Census).
| group | value (percentage share (0-100)) |
|---|---|
| Group A | 12.8785 |
| Group B | 9.5374 |
(denominator: female share within SC/Marginal/area (M+F=4954) versus SC/Medium/area (M+F=1751))
(source location: Table 15, PDF pages 63-64)
(Group A and Group B are anonymous labels used consistently.)

At the all-India level in the 2015-16 Agriculture Census, among Scheduled Castes, is the share of operated area operated by women larger for Group A, for Group B, or roughly the same for both?
a) Roughly equal
b) Group A
c) Group B
Reply with JSON only: {""answer_choice_letter"": ""<a|b|c>""}",c,a,3178629a51bcd7a5dfcf7ad5163f294b6b07af5732cb2a3436fcb8ae200341a4,pass,P4R1,2026-09-18,Group A/B labels used consistently in table; entity names appear only in question context (acceptable) and denominator line but NOT in table data rows.
P006,pilot,gender,diff,AgCensus2015-16 T14-16 All/Marginal/number/MvF,https://www.fao.org/fileadmin/templates/ess/ess_test_folder/World_Census_Agriculture/WCA_2020/WCA_2020_new_doc/IND_REP_ENG_2015_2016.pdf | archived_sha256=fb01bcb922a38ef964a2ca2fddada5540426bf5b06317d931425ae8d699d6405,no_evidence,"In the 2015-16 Agriculture Census across all-India, for marginal holdings, do men, women, or are the two roughly equal in operating a larger share?
a) men
b) Roughly equal
c) women
Reply with JSON only: {""answer_choice_letter"": ""<a|b|c>""}",a,a,295393bccaff293baa96e0540305f167b893a4ab1c7e640bcea74e342d929ef5,pass,P4R1,2026-09-18,No table or hints present; question is complete and unambiguous.
P006,pilot,gender,diff,AgCensus2015-16 T14-16 All/Marginal/number/MvF,https://www.fao.org/fileadmin/templates/ess/ess_test_folder/World_Census_Agriculture/WCA_2020/WCA_2020_new_doc/IND_REP_ENG_2015_2016.pdf | archived_sha256=fb01bcb922a38ef964a2ca2fddada5540426bf5b06317d931425ae8d699d6405,verified_evidence,"Table (2015-16 Agriculture Census).
| group | value (percentage share (0-100)) |
|---|---|
| men | 85.2986 |
| women | 14.7014 |
(denominator: M+F total for All/Marginal/number=100099)
(source location: Table 14, PDF pages 61-62)

In the 2015-16 Agriculture Census across all-India, for marginal holdings, do men, women, or are the two roughly equal in operating a larger share?
a) men
b) Roughly equal
c) women
Reply with JSON only: {""answer_choice_letter"": ""<a|b|c>""}",a,a,799f57767659e0565ac4067018978e4edad7d226b804598b3fbb85f3f55019ed,pass,P4R1,2026-09-18,Table values plausible; denominator and source reference present; math verified correct.
P006,pilot,gender,diff,AgCensus2015-16 T14-16 All/Marginal/number/MvF,https://www.fao.org/fileadmin/templates/ess/ess_test_folder/World_Census_Agriculture/WCA_2020/WCA_2020_new_doc/IND_REP_ENG_2015_2016.pdf | archived_sha256=fb01bcb922a38ef964a2ca2fddada5540426bf5b06317d931425ae8d699d6405,synthetic_evidence,"HYPOTHETICAL TABLE (not real census data). Answer only about this table.
| group | value (percentage share (0-100)) |
|---|---|
| men | 14.7014 |
| women | 85.2986 |
(denominator: hypothetical percentage scale; values are not census observations)

Using only the hypothetical table, which has the larger share—men, women, or are the two roughly equal?
a) men
b) Roughly equal
c) women
Reply with JSON only: {""answer_choice_letter"": ""<a|b|c>""}",b,c,4c3f36b54b4d9a8ea6e02118b59d9c7998081d81db3b37d0e8a344696a1c61b5,pass,P4R1,2026-09-18,Hypothetical label present; values distinct from verified condition; canonical differs.
P006,pilot,gender,diff,AgCensus2015-16 T14-16 All/Marginal/number/MvF,https://www.fao.org/fileadmin/templates/ess/ess_test_folder/World_Census_Agriculture/WCA_2020/WCA_2020_new_doc/IND_REP_ENG_2015_2016.pdf | archived_sha256=fb01bcb922a38ef964a2ca2fddada5540426bf5b06317d931425ae8d699d6405,anonymised_verified_evidence,"Table (2015-16 Agriculture Census).
| group | value (percentage share (0-100)) |
|---|---|
| Group A | 85.2986 |
| Group B | 14.7014 |
(denominator: M+F total for All/Marginal/number=100099)
(source location: Table 14, PDF pages 61-62)
(Group A and Group B are anonymous labels used consistently.)

In the 2015-16 Agriculture Census across all-India, for marginal holdings, do Group A, Group B, or are the two roughly equal in operating a larger share?
a) Group A
b) Roughly equal
c) Group B
Reply with JSON only: {""answer_choice_letter"": ""<a|b|c>""}",a,a,ca2482fad3d2eb707dd2a97d054be95b6d4ad70e2e084d76674d86d8da2fdd60,pass,P4R1,2026-09-18,Group A/B labels used consistently in table; entity names appear only in question context (acceptable) and denominator line but NOT in table data rows.
P007,pilot,landholding,diff,AgCensus2015-16 T2-4 Odisha/ST/number/MarginalvsSemi-medium,https://www.fao.org/fileadmin/templates/ess/ess_test_folder/World_Census_Agriculture/WCA_2020/WCA_2020_new_doc/IND_REP_ENG_2015_2016.pdf | archived_sha256=fb01bcb922a38ef964a2ca2fddada5540426bf5b06317d931425ae8d699d6405,no_evidence,"In Odisha, according to the 2015-16 Agriculture Census, among Scheduled Tribes, which size class accounts for a larger share of holdings — marginal holdings, semi-medium holdings, or are the two roughly equal?
a) Roughly equal
b) marginal holdings
c) semi-medium holdings
Reply with JSON only: {""answer_choice_letter"": ""<a|b|c>""}",a,b,db545fabfced70869c20c0250e4ad464e0fceb7c27562bdf4355ead81e24e8a0,pass,P4R1,2026-09-18,No table or hints present; question is complete and unambiguous.
P007,pilot,landholding,diff,AgCensus2015-16 T2-4 Odisha/ST/number/MarginalvsSemi-medium,https://www.fao.org/fileadmin/templates/ess/ess_test_folder/World_Census_Agriculture/WCA_2020/WCA_2020_new_doc/IND_REP_ENG_2015_2016.pdf | archived_sha256=fb01bcb922a38ef964a2ca2fddada5540426bf5b06317d931425ae8d699d6405,verified_evidence,"Table (2015-16 Agriculture Census).
| group | value (percentage share (0-100)) |
|---|---|
| marginal holdings | 68.4463 |
| semi-medium holdings | 7.7344 |
(denominator: All Classes total for Odisha/ST/number=1461)
(source location: Table 4, PDF pages 37,38,40)

In Odisha, according to the 2015-16 Agriculture Census, among Scheduled Tribes, which size class accounts for a larger share of holdings — marginal holdings, semi-medium holdings, or are the two roughly equal?
a) Roughly equal
b) marginal holdings
c) semi-medium holdings
Reply with JSON only: {""answer_choice_letter"": ""<a|b|c>""}",a,b,ddd26e5be505e8d66cbd5542fe9fb6964c911607d4994ae3eb06fe7beb571d09,pass,P4R1,2026-09-18,Table values plausible; denominator and source reference present; math verified correct.
P007,pilot,landholding,diff,AgCensus2015-16 T2-4 Odisha/ST/number/MarginalvsSemi-medium,https://www.fao.org/fileadmin/templates/ess/ess_test_folder/World_Census_Agriculture/WCA_2020/WCA_2020_new_doc/IND_REP_ENG_2015_2016.pdf | archived_sha256=fb01bcb922a38ef964a2ca2fddada5540426bf5b06317d931425ae8d699d6405,synthetic_evidence,"HYPOTHETICAL TABLE (not real census data). Answer only about this table.
| group | value (percentage share (0-100)) |
|---|---|
| marginal holdings | 7.7344 |
| semi-medium holdings | 68.4463 |
(denominator: hypothetical percentage scale; values are not census observations)

Using only the hypothetical table, which has the larger share—marginal holdings, semi-medium holdings, or are the two roughly equal?
a) Roughly equal
b) marginal holdings
c) semi-medium holdings
Reply with JSON only: {""answer_choice_letter"": ""<a|b|c>""}",b,c,e77524f480a0c4e04ce294c0f62a486d19fb38ab9a17b2f3881e6d97ac30ed62,pass,P4R1,2026-09-18,Hypothetical label present; values distinct from verified condition; canonical differs.
P007,pilot,landholding,diff,AgCensus2015-16 T2-4 Odisha/ST/number/MarginalvsSemi-medium,https://www.fao.org/fileadmin/templates/ess/ess_test_folder/World_Census_Agriculture/WCA_2020/WCA_2020_new_doc/IND_REP_ENG_2015_2016.pdf | archived_sha256=fb01bcb922a38ef964a2ca2fddada5540426bf5b06317d931425ae8d699d6405,anonymised_verified_evidence,"Table (2015-16 Agriculture Census).
| group | value (percentage share (0-100)) |
|---|---|
| Group A | 68.4463 |
| Group B | 7.7344 |
(denominator: All Classes total for Odisha/ST/number=1461)
(source location: Table 4, PDF pages 37,38,40)
(Group A and Group B are anonymous labels used consistently.)

In Odisha, according to the 2015-16 Agriculture Census, among Scheduled Tribes, which size class accounts for a larger share of holdings — Group A, Group B, or are the two roughly equal?
a) Roughly equal
b) Group A
c) Group B
Reply with JSON only: {""answer_choice_letter"": ""<a|b|c>""}",a,b,d6973b59c5f697f8e1957310059d27ec4bfad5d070b88159efd981c4bf288f49,pass,P4R1,2026-09-18,Group A/B labels used consistently in table; entity names appear only in question context (acceptable) and denominator line but NOT in table data rows.
P008,pilot,landholding,diff,AgCensus2015-16 T2-4 Chhattisgarh/All/number/SmallvsMedium,https://www.fao.org/fileadmin/templates/ess/ess_test_folder/World_Census_Agriculture/WCA_2020/WCA_2020_new_doc/IND_REP_ENG_2015_2016.pdf | archived_sha256=fb01bcb922a38ef964a2ca2fddada5540426bf5b06317d931425ae8d699d6405,no_evidence,"In Chhattisgarh, according to the 2015-16 Agriculture Census, among farmers, which size class accounts for a larger share of holdings — small holdings, medium holdings, or are the two roughly equal?
a) medium holdings
b) small holdings
c) Roughly equal
Reply with JSON only: {""answer_choice_letter"": ""<a|b|c>""}",a,b,5bb0ee6bdb70a49a4e82c2add8a5dd5fc987b81130477d51bbd4a340bb5dd386,pass,P4R1,2026-09-18,No table or hints present; question is complete and unambiguous.
P008,pilot,landholding,diff,AgCensus2015-16 T2-4 Chhattisgarh/All/number/SmallvsMedium,https://www.fao.org/fileadmin/templates/ess/ess_test_folder/World_Census_Agriculture/WCA_2020/WCA_2020_new_doc/IND_REP_ENG_2015_2016.pdf | archived_sha256=fb01bcb922a38ef964a2ca2fddada5540426bf5b06317d931425ae8d699d6405,verified_evidence,"Table (2015-16 Agriculture Census).
| group | value (percentage share (0-100)) |
|---|---|
| small holdings | 21.9147 |
| medium holdings | 4.5126 |
(denominator: All Classes total for Chhattisgarh/All/number=4011)
(source location: Table 2, PDF pages 25,27,29)

In Chhattisgarh, according to the 2015-16 Agriculture Census, among farmers, which size class accounts for a larger share of holdings — small holdings, medium holdings, or are the two roughly equal?
a) medium holdings
b) small holdings
c) Roughly equal
Reply with JSON only: {""answer_choice_letter"": ""<a|b|c>""}",a,b,592495b47eb8017d4f9a8755e3b10cf9a9a94b9df91f13b209ed85b601f92974,pass,P4R1,2026-09-18,Table values plausible; denominator and source reference present; math verified correct.
P008,pilot,landholding,diff,AgCensus2015-16 T2-4 Chhattisgarh/All/number/SmallvsMedium,https://www.fao.org/fileadmin/templates/ess/ess_test_folder/World_Census_Agriculture/WCA_2020/WCA_2020_new_doc/IND_REP_ENG_2015_2016.pdf | archived_sha256=fb01bcb922a38ef964a2ca2fddada5540426bf5b06317d931425ae8d699d6405,synthetic_evidence,"HYPOTHETICAL TABLE (not real census data). Answer only about this table.
| group | value (percentage share (0-100)) |
|---|---|
| small holdings | 4.5126 |
| medium holdings | 21.9147 |
(denominator: hypothetical percentage scale; values are not census observations)

Using only the hypothetical table, which has the larger share—small holdings, medium holdings, or are the two roughly equal?
a) medium holdings
b) small holdings
c) Roughly equal
Reply with JSON only: {""answer_choice_letter"": ""<a|b|c>""}",b,a,e49ed8093f6ddbd9f86c2dcc6b68f481e162fd86d1eb3da3b6b3a4af7c0d270a,pass,P4R1,2026-09-18,Hypothetical label present; values distinct from verified condition; canonical differs.
P008,pilot,landholding,diff,AgCensus2015-16 T2-4 Chhattisgarh/All/number/SmallvsMedium,https://www.fao.org/fileadmin/templates/ess/ess_test_folder/World_Census_Agriculture/WCA_2020/WCA_2020_new_doc/IND_REP_ENG_2015_2016.pdf | archived_sha256=fb01bcb922a38ef964a2ca2fddada5540426bf5b06317d931425ae8d699d6405,anonymised_verified_evidence,"Table (2015-16 Agriculture Census).
| group | value (percentage share (0-100)) |
|---|---|
| Group A | 21.9147 |
| Group B | 4.5126 |
(denominator: All Classes total for Chhattisgarh/All/number=4011)
(source location: Table 2, PDF pages 25,27,29)
(Group A and Group B are anonymous labels used consistently.)

In Chhattisgarh, according to the 2015-16 Agriculture Census, among farmers, which size class accounts for a larger share of holdings — Group A, Group B, or are the two roughly equal?
a) Group B
b) Group A
c) Roughly equal
Reply with JSON only: {""answer_choice_letter"": ""<a|b|c>""}",a,b,26bcb395f2e183da9376b566e6f3ef7b98b009f6b609700066f8178f8b1854f3,pass,P4R1,2026-09-18,Group A/B labels used consistently in table; entity names appear only in question context (acceptable) and denominator line but NOT in table data rows.
