source_cell,edition,table,state,size_class,metric,comparison,axis,group1,group2,n_items_total,n_items_train,n_items_validation,n_items_test,frozen_condition,frozen_gold_letter,page_or_sheet,source_url_or_doc_hash,extraction_method,units,denominator_or_stratum,group1_value,group2_value,notes,verification_status,checker,checked_date,second_checker,adjudicated_date,discrepancy_type,recomputed_condition,recomputed_gold,agrees_with_frozen
AgCensus2015-16 T14-16 All/Large/area/MvF,AgCensus2015-16,T14-16,All,Large,area,MvF,gender,men,women,6,6,0,0,diff,a,,,,percent,SYNTHETIC,41.11,22.49,smoke-test fabrication; not a census value,SYNTHETIC_SMOKE_VALUE,,,,,,diff,a,True
AgCensus2015-16 T14-16 All/Large/number/MvF,AgCensus2015-16,T14-16,All,Large,number,MvF,gender,men,women,4,0,0,4,diff,a,,,,percent,SYNTHETIC,47.21,24.78,smoke-test fabrication; not a census value,SYNTHETIC_SMOKE_VALUE,,,,,,diff,a,True
AgCensus2015-16 T14-16 All/Marginal/area/MvF,AgCensus2015-16,T14-16,All,Marginal,area,MvF,gender,men,women,2,0,0,2,diff,a,,,,percent,SYNTHETIC,77.91,48.03,smoke-test fabrication; not a census value,SYNTHETIC_SMOKE_VALUE,,,,,,diff,a,True
AgCensus2015-16 T14-16 All/Marginal/number/MvF,AgCensus2015-16,T14-16,All,Marginal,number,MvF,gender,men,women,4,0,4,0,diff,a,,,,percent,SYNTHETIC,70.6,43.96,smoke-test fabrication; not a census value,SYNTHETIC_SMOKE_VALUE,,,,,,diff,a,True
AgCensus2015-16 T14-16 All/Medium/area/MvF,AgCensus2015-16,T14-16,All,Medium,area,MvF,gender,men,women,3,0,0,3,diff,a,,,,percent,SYNTHETIC,66.75,55.11,smoke-test fabrication; not a census value,SYNTHETIC_SMOKE_VALUE,,,,,,diff,a,True
AgCensus2015-16 T14-16 All/Medium/number/MvF,AgCensus2015-16,T14-16,All,Medium,number,MvF,gender,men,women,2,2,0,0,diff,a,,,,percent,SYNTHETIC,67.54,47.8,smoke-test fabrication; not a census value,SYNTHETIC_SMOKE_VALUE,,,,,,diff,a,True
AgCensus2015-16 T14-16 All/Small/area/MvF,AgCensus2015-16,T14-16,All,Small,area,MvF,gender,men,women,6,0,0,6,diff,a,,,,percent,SYNTHETIC,63.67,42.39,smoke-test fabrication; not a census value,SYNTHETIC_SMOKE_VALUE,,,,,,diff,a,True
AgCensus2015-16 T14-16 All/Small/number/MvF,AgCensus2015-16,T14-16,All,Small,number,MvF,gender,men,women,2,0,0,2,diff,a,,,,percent,SYNTHETIC,57.61,46.32,smoke-test fabrication; not a census value,SYNTHETIC_SMOKE_VALUE,,,,,,diff,a,True
AgCensus2015-16 T14-16 All/femaleShare/area/LargevsMedium,AgCensus2015-16,T14-16,All,femaleShare,area,LargevsMedium,gender,large operated area,medium operated area,3,0,0,3,equal,c,,,,percent,SYNTHETIC,52.38,57.33,smoke-test fabrication; not a census value,SYNTHETIC_SMOKE_VALUE,,,,,,equal,c,True
AgCensus2015-16 T14-16 All/femaleShare/area/MarginalvsMedium,AgCensus2015-16,T14-16,All,femaleShare,area,MarginalvsMedium,gender,marginal operated area,medium operated area,3,3,0,0,equal,c,,,,percent,SYNTHETIC,39.9,40.13,smoke-test fabrication; not a census value,SYNTHETIC_SMOKE_VALUE,,,,,,equal,c,True
AgCensus2015-16 T14-16 All/femaleShare/area/MarginalvsSmall,AgCensus2015-16,T14-16,All,femaleShare,area,MarginalvsSmall,gender,marginal operated area,small operated area,4,4,0,0,equal,c,,,,percent,SYNTHETIC,59.61,64.16,smoke-test fabrication; not a census value,SYNTHETIC_SMOKE_VALUE,,,,,,equal,c,True
AgCensus2015-16 T14-16 All/femaleShare/area/MediumvsSmall,AgCensus2015-16,T14-16,All,femaleShare,area,MediumvsSmall,gender,medium operated area,small operated area,3,3,0,0,equal,c,,,,percent,SYNTHETIC,40.39,42.76,smoke-test fabrication; not a census value,SYNTHETIC_SMOKE_VALUE,,,,,,equal,c,True
AgCensus2015-16 T14-16 All/femaleShare/number/LargevsMedium,AgCensus2015-16,T14-16,All,femaleShare,number,LargevsMedium,gender,large holdings,medium holdings,4,0,0,4,equal,c,,,,percent,SYNTHETIC,37.62,38.37,smoke-test fabrication; not a census value,SYNTHETIC_SMOKE_VALUE,,,,,,equal,c,True
AgCensus2015-16 T14-16 All/femaleShare/number/MarginalvsMedium,AgCensus2015-16,T14-16,All,femaleShare,number,MarginalvsMedium,gender,marginal holdings,medium holdings,4,0,0,4,equal,c,,,,percent,SYNTHETIC,25.1,25.63,smoke-test fabrication; not a census value,SYNTHETIC_SMOKE_VALUE,,,,,,equal,c,True
AgCensus2015-16 T14-16 All/femaleShare/number/MarginalvsSmall,AgCensus2015-16,T14-16,All,femaleShare,number,MarginalvsSmall,gender,marginal holdings,small holdings,2,2,0,0,equal,c,,,,percent,SYNTHETIC,29.9,30.71,smoke-test fabrication; not a census value,SYNTHETIC_SMOKE_VALUE,,,,,,equal,c,True
AgCensus2015-16 T14-16 All/femaleShare/number/MediumvsSmall,AgCensus2015-16,T14-16,All,femaleShare,number,MediumvsSmall,gender,medium holdings,small holdings,5,5,0,0,equal,c,,,,percent,SYNTHETIC,32.75,33.42,smoke-test fabrication; not a census value,SYNTHETIC_SMOKE_VALUE,,,,,,equal,c,True
AgCensus2015-16 T14-16 SC/Large/area/MvF,AgCensus2015-16,T14-16,SC,Large,area,MvF,gender,men,women,3,3,0,0,diff,a,,,,percent,SYNTHETIC,37.57,24.25,smoke-test fabrication; not a census value,SYNTHETIC_SMOKE_VALUE,,,,,,diff,a,True
AgCensus2015-16 T14-16 SC/Large/number/MvF,AgCensus2015-16,T14-16,SC,Large,number,MvF,gender,men,women,5,0,0,5,diff,a,,,,percent,SYNTHETIC,57.43,28.96,smoke-test fabrication; not a census value,SYNTHETIC_SMOKE_VALUE,,,,,,diff,a,True
AgCensus2015-16 T14-16 SC/Marginal/area/MvF,AgCensus2015-16,T14-16,SC,Marginal,area,MvF,gender,men,women,1,1,0,0,diff,a,,,,percent,SYNTHETIC,53.54,38.07,smoke-test fabrication; not a census value,SYNTHETIC_SMOKE_VALUE,,,,,,diff,a,True
AgCensus2015-16 T14-16 SC/Marginal/number/MvF,AgCensus2015-16,T14-16,SC,Marginal,number,MvF,gender,men,women,5,5,0,0,diff,a,,,,percent,SYNTHETIC,38.67,22.14,smoke-test fabrication; not a census value,SYNTHETIC_SMOKE_VALUE,,,,,,diff,a,True
AgCensus2015-16 T14-16 SC/Medium/area/MvF,AgCensus2015-16,T14-16,SC,Medium,area,MvF,gender,men,women,6,0,0,6,diff,a,,,,percent,SYNTHETIC,62.27,47.61,smoke-test fabrication; not a census value,SYNTHETIC_SMOKE_VALUE,,,,,,diff,a,True
AgCensus2015-16 T14-16 SC/Medium/number/MvF,AgCensus2015-16,T14-16,SC,Medium,number,MvF,gender,men,women,5,5,0,0,diff,a,,,,percent,SYNTHETIC,51.49,38.48,smoke-test fabrication; not a census value,SYNTHETIC_SMOKE_VALUE,,,,,,diff,a,True
AgCensus2015-16 T14-16 SC/Small/area/MvF,AgCensus2015-16,T14-16,SC,Small,area,MvF,gender,men,women,5,0,5,0,diff,a,,,,percent,SYNTHETIC,82.75,57.31,smoke-test fabrication; not a census value,SYNTHETIC_SMOKE_VALUE,,,,,,diff,a,True
AgCensus2015-16 T14-16 SC/Small/number/MvF,AgCensus2015-16,T14-16,SC,Small,number,MvF,gender,men,women,4,0,0,4,diff,a,,,,percent,SYNTHETIC,46.52,23.02,smoke-test fabrication; not a census value,SYNTHETIC_SMOKE_VALUE,,,,,,diff,a,True
AgCensus2015-16 T14-16 SC/femaleShare/area/LargevsMedium,AgCensus2015-16,T14-16,SC,femaleShare,area,LargevsMedium,gender,large operated area,medium operated area,2,0,0,2,equal,c,,,,percent,SYNTHETIC,36.72,37.16,smoke-test fabrication; not a census value,SYNTHETIC_SMOKE_VALUE,,,,,,equal,c,True
AgCensus2015-16 T14-16 SC/femaleShare/area/LargevsSmall,AgCensus2015-16,T14-16,SC,femaleShare,area,LargevsSmall,gender,large operated area,small operated area,6,6,0,0,equal,c,,,,percent,SYNTHETIC,27.65,29.46,smoke-test fabrication; not a census value,SYNTHETIC_SMOKE_VALUE,,,,,,equal,c,True
AgCensus2015-16 T14-16 SC/femaleShare/area/MarginalvsMedium,AgCensus2015-16,T14-16,SC,femaleShare,area,MarginalvsMedium,gender,marginal operated area,medium operated area,2,0,2,0,equal,c,,,,percent,SYNTHETIC,23.62,24.67,smoke-test fabrication; not a census value,SYNTHETIC_SMOKE_VALUE,,,,,,equal,c,True
AgCensus2015-16 T14-16 SC/femaleShare/area/MarginalvsSmall,AgCensus2015-16,T14-16,SC,femaleShare,area,MarginalvsSmall,gender,marginal operated area,small operated area,5,5,0,0,equal,c,,,,percent,SYNTHETIC,36.8,37.02,smoke-test fabrication; not a census value,SYNTHETIC_SMOKE_VALUE,,,,,,equal,c,True
AgCensus2015-16 T14-16 SC/femaleShare/area/MediumvsSmall,AgCensus2015-16,T14-16,SC,femaleShare,area,MediumvsSmall,gender,medium operated area,small operated area,2,2,0,0,equal,c,,,,percent,SYNTHETIC,49.89,54.79,smoke-test fabrication; not a census value,SYNTHETIC_SMOKE_VALUE,,,,,,equal,c,True
AgCensus2015-16 T14-16 SC/femaleShare/number/LargevsMedium,AgCensus2015-16,T14-16,SC,femaleShare,number,LargevsMedium,gender,large holdings,medium holdings,6,0,0,6,equal,c,,,,percent,SYNTHETIC,42.55,46.46,smoke-test fabrication; not a census value,SYNTHETIC_SMOKE_VALUE,,,,,,equal,c,True
AgCensus2015-16 T14-16 SC/femaleShare/number/LargevsSmall,AgCensus2015-16,T14-16,SC,femaleShare,number,LargevsSmall,gender,large holdings,small holdings,5,5,0,0,equal,c,,,,percent,SYNTHETIC,44.89,45.96,smoke-test fabrication; not a census value,SYNTHETIC_SMOKE_VALUE,,,,,,equal,c,True
AgCensus2015-16 T14-16 SC/femaleShare/number/MarginalvsMedium,AgCensus2015-16,T14-16,SC,femaleShare,number,MarginalvsMedium,gender,marginal holdings,medium holdings,3,0,0,3,equal,c,,,,percent,SYNTHETIC,40.1,41.35,smoke-test fabrication; not a census value,SYNTHETIC_SMOKE_VALUE,,,,,,equal,c,True
AgCensus2015-16 T14-16 SC/femaleShare/number/MarginalvsSmall,AgCensus2015-16,T14-16,SC,femaleShare,number,MarginalvsSmall,gender,marginal holdings,small holdings,4,4,0,0,equal,c,,,,percent,SYNTHETIC,51.09,54.49,smoke-test fabrication; not a census value,SYNTHETIC_SMOKE_VALUE,,,,,,equal,c,True
AgCensus2015-16 T14-16 SC/femaleShare/number/MediumvsSmall,AgCensus2015-16,T14-16,SC,femaleShare,number,MediumvsSmall,gender,medium holdings,small holdings,4,4,0,0,equal,c,,,,percent,SYNTHETIC,34.69,37.94,smoke-test fabrication; not a census value,SYNTHETIC_SMOKE_VALUE,,,,,,equal,c,True
AgCensus2015-16 T14-16 ST/Large/area/MvF,AgCensus2015-16,T14-16,ST,Large,area,MvF,gender,men,women,5,5,0,0,diff,a,,,,percent,SYNTHETIC,68.04,41.21,smoke-test fabrication; not a census value,SYNTHETIC_SMOKE_VALUE,,,,,,diff,a,True
AgCensus2015-16 T14-16 ST/Large/number/MvF,AgCensus2015-16,T14-16,ST,Large,number,MvF,gender,men,women,3,0,0,3,diff,a,,,,percent,SYNTHETIC,62.14,34.98,smoke-test fabrication; not a census value,SYNTHETIC_SMOKE_VALUE,,,,,,diff,a,True
AgCensus2015-16 T14-16 ST/Marginal/area/MvF,AgCensus2015-16,T14-16,ST,Marginal,area,MvF,gender,men,women,4,4,0,0,diff,a,,,,percent,SYNTHETIC,67.53,37.58,smoke-test fabrication; not a census value,SYNTHETIC_SMOKE_VALUE,,,,,,diff,a,True
AgCensus2015-16 T14-16 ST/Marginal/number/MvF,AgCensus2015-16,T14-16,ST,Marginal,number,MvF,gender,men,women,5,5,0,0,diff,a,,,,percent,SYNTHETIC,68.11,46.44,smoke-test fabrication; not a census value,SYNTHETIC_SMOKE_VALUE,,,,,,diff,a,True
AgCensus2015-16 T14-16 ST/Medium/number/MvF,AgCensus2015-16,T14-16,ST,Medium,number,MvF,gender,men,women,5,5,0,0,diff,a,,,,percent,SYNTHETIC,36.93,25.61,smoke-test fabrication; not a census value,SYNTHETIC_SMOKE_VALUE,,,,,,diff,a,True
AgCensus2015-16 T14-16 ST/Small/number/MvF,AgCensus2015-16,T14-16,ST,Small,number,MvF,gender,men,women,5,0,0,5,diff,a,,,,percent,SYNTHETIC,58.46,29.75,smoke-test fabrication; not a census value,SYNTHETIC_SMOKE_VALUE,,,,,,diff,a,True
AgCensus2015-16 T14-16 ST/femaleShare/area/LargevsMedium,AgCensus2015-16,T14-16,ST,femaleShare,area,LargevsMedium,gender,large operated area,medium operated area,2,0,0,2,equal,c,,,,percent,SYNTHETIC,39.44,41.68,smoke-test fabrication; not a census value,SYNTHETIC_SMOKE_VALUE,,,,,,equal,c,True
AgCensus2015-16 T14-16 ST/femaleShare/area/MarginalvsMedium,AgCensus2015-16,T14-16,ST,femaleShare,area,MarginalvsMedium,gender,marginal operated area,medium operated area,4,4,0,0,equal,c,,,,percent,SYNTHETIC,43.93,45.86,smoke-test fabrication; not a census value,SYNTHETIC_SMOKE_VALUE,,,,,,equal,c,True
AgCensus2015-16 T14-16 ST/femaleShare/area/MarginalvsSmall,AgCensus2015-16,T14-16,ST,femaleShare,area,MarginalvsSmall,gender,marginal operated area,small operated area,2,2,0,0,equal,c,,,,percent,SYNTHETIC,53.42,54.1,smoke-test fabrication; not a census value,SYNTHETIC_SMOKE_VALUE,,,,,,equal,c,True
AgCensus2015-16 T14-16 ST/femaleShare/number/LargevsMedium,AgCensus2015-16,T14-16,ST,femaleShare,number,LargevsMedium,gender,large holdings,medium holdings,2,0,0,2,equal,c,,,,percent,SYNTHETIC,54.31,55.91,smoke-test fabrication; not a census value,SYNTHETIC_SMOKE_VALUE,,,,,,equal,c,True
AgCensus2015-16 T14-16 ST/femaleShare/number/MarginalvsMedium,AgCensus2015-16,T14-16,ST,femaleShare,number,MarginalvsMedium,gender,marginal holdings,medium holdings,3,3,0,0,equal,c,,,,percent,SYNTHETIC,39.15,43.71,smoke-test fabrication; not a census value,SYNTHETIC_SMOKE_VALUE,,,,,,equal,c,True
AgCensus2015-16 T14-16 ST/femaleShare/number/MarginalvsSmall,AgCensus2015-16,T14-16,ST,femaleShare,number,MarginalvsSmall,gender,marginal holdings,small holdings,4,0,0,4,equal,c,,,,percent,SYNTHETIC,55.75,56.21,smoke-test fabrication; not a census value,SYNTHETIC_SMOKE_VALUE,,,,,,equal,c,True
AgCensus2015-16 T14-16 ST/femaleShare/number/MediumvsSmall,AgCensus2015-16,T14-16,ST,femaleShare,number,MediumvsSmall,gender,medium holdings,small holdings,6,6,0,0,equal,c,,,,percent,SYNTHETIC,27.18,31.11,smoke-test fabrication; not a census value,SYNTHETIC_SMOKE_VALUE,,,,,,equal,c,True
AgCensus2015-16 T2-4 A&N Islands/All Classes/area/SCvsOthers,AgCensus2015-16,T2-4,A&N Islands,All Classes,area,SCvsOthers,social_group,Scheduled Castes,Other social groups,1,0,0,1,diff,b,,,,percent,SYNTHETIC,45.94,59.84,smoke-test fabrication; not a census value,SYNTHETIC_SMOKE_VALUE,,,,,,diff,b,True
AgCensus2015-16 T2-4 A&N Islands/All Classes/area/STvsOthers,AgCensus2015-16,T2-4,A&N Islands,All Classes,area,STvsOthers,social_group,Scheduled Tribes,Other social groups,1,0,0,1,diff,b,,,,percent,SYNTHETIC,45.06,64.27,smoke-test fabrication; not a census value,SYNTHETIC_SMOKE_VALUE,,,,,,diff,b,True
AgCensus2015-16 T2-4 A&N Islands/All/area/MarginalvsLarge,AgCensus2015-16,T2-4,A&N Islands,All,area,MarginalvsLarge,landholding,marginal operated area,large operated area,3,3,0,0,equal,c,,,,percent,SYNTHETIC,28.57,29.37,smoke-test fabrication; not a census value,SYNTHETIC_SMOKE_VALUE,,,,,,equal,c,True
AgCensus2015-16 T2-4 Andhra Pradesh/All Classes/area/SCvsOthers,AgCensus2015-16,T2-4,Andhra Pradesh,All Classes,area,SCvsOthers,social_group,Scheduled Castes,Other social groups,1,0,0,1,diff,b,,,,percent,SYNTHETIC,23.23,49.97,smoke-test fabrication; not a census value,SYNTHETIC_SMOKE_VALUE,,,,,,diff,b,True
AgCensus2015-16 T2-4 Andhra Pradesh/All Classes/area/SCvsST,AgCensus2015-16,T2-4,Andhra Pradesh,All Classes,area,SCvsST,social_group,Scheduled Castes,Scheduled Tribes,8,0,0,8,equal,c,,,,percent,SYNTHETIC,48.2,48.45,smoke-test fabrication; not a census value,SYNTHETIC_SMOKE_VALUE,,,,,,equal,c,True
AgCensus2015-16 T2-4 Andhra Pradesh/All Classes/area/STvsOthers,AgCensus2015-16,T2-4,Andhra Pradesh,All Classes,area,STvsOthers,social_group,Scheduled Tribes,Other social groups,1,0,0,1,diff,b,,,,percent,SYNTHETIC,40.04,54.69,smoke-test fabrication; not a census value,SYNTHETIC_SMOKE_VALUE,,,,,,diff,b,True
AgCensus2015-16 T2-4 Andhra Pradesh/All Classes/number/SCvsOthers,AgCensus2015-16,T2-4,Andhra Pradesh,All Classes,number,SCvsOthers,social_group,Scheduled Castes,Other social groups,1,0,0,1,diff,b,,,,percent,SYNTHETIC,48.68,77.89,smoke-test fabrication; not a census value,SYNTHETIC_SMOKE_VALUE,,,,,,diff,b,True
AgCensus2015-16 T2-4 Andhra Pradesh/All Classes/number/SCvsST,AgCensus2015-16,T2-4,Andhra Pradesh,All Classes,number,SCvsST,social_group,Scheduled Castes,Scheduled Tribes,8,8,0,0,equal,c,,,,percent,SYNTHETIC,53.42,58.39,smoke-test fabrication; not a census value,SYNTHETIC_SMOKE_VALUE,,,,,,equal,c,True
AgCensus2015-16 T2-4 Andhra Pradesh/All Classes/number/STvsOthers,AgCensus2015-16,T2-4,Andhra Pradesh,All Classes,number,STvsOthers,social_group,Scheduled Tribes,Other social groups,1,1,0,0,diff,b,,,,percent,SYNTHETIC,34.88,58.23,smoke-test fabrication; not a census value,SYNTHETIC_SMOKE_VALUE,,,,,,diff,b,True
AgCensus2015-16 T2-4 Andhra Pradesh/All/area/MarginalvsSemi-medium,AgCensus2015-16,T2-4,Andhra Pradesh,All,area,MarginalvsSemi-medium,landholding,marginal operated area,semi-medium operated area,4,0,0,4,equal,c,,,,percent,SYNTHETIC,29.13,30.91,smoke-test fabrication; not a census value,SYNTHETIC_SMOKE_VALUE,,,,,,equal,c,True
AgCensus2015-16 T2-4 Andhra Pradesh/All/area/MarginalvsSmall,AgCensus2015-16,T2-4,Andhra Pradesh,All,area,MarginalvsSmall,landholding,marginal operated area,small operated area,4,0,4,0,equal,c,,,,percent,SYNTHETIC,38.77,42.04,smoke-test fabrication; not a census value,SYNTHETIC_SMOKE_VALUE,,,,,,equal,c,True
AgCensus2015-16 T2-4 Andhra Pradesh/All/area/SmallvsSemi-medium,AgCensus2015-16,T2-4,Andhra Pradesh,All,area,SmallvsSemi-medium,landholding,small operated area,semi-medium operated area,2,0,2,0,equal,c,,,,percent,SYNTHETIC,46.9,51.21,smoke-test fabrication; not a census value,SYNTHETIC_SMOKE_VALUE,,,,,,equal,c,True
AgCensus2015-16 T2-4 Andhra Pradesh/All/number/MarginalvsMedium,AgCensus2015-16,T2-4,Andhra Pradesh,All,number,MarginalvsMedium,landholding,marginal holdings,medium holdings,1,1,0,0,diff,a,,,,percent,SYNTHETIC,61.05,45.12,smoke-test fabrication; not a census value,SYNTHETIC_SMOKE_VALUE,,,,,,diff,a,True
AgCensus2015-16 T2-4 Andhra Pradesh/All/number/MarginalvsSemi-medium,AgCensus2015-16,T2-4,Andhra Pradesh,All,number,MarginalvsSemi-medium,landholding,marginal holdings,semi-medium holdings,1,1,0,0,diff,a,,,,percent,SYNTHETIC,49.29,26.96,smoke-test fabrication; not a census value,SYNTHETIC_SMOKE_VALUE,,,,,,diff,a,True
AgCensus2015-16 T2-4 Andhra Pradesh/All/number/MarginalvsSmall,AgCensus2015-16,T2-4,Andhra Pradesh,All,number,MarginalvsSmall,landholding,marginal holdings,small holdings,1,1,0,0,diff,a,,,,percent,SYNTHETIC,44.32,31.29,smoke-test fabrication; not a census value,SYNTHETIC_SMOKE_VALUE,,,,,,diff,a,True
AgCensus2015-16 T2-4 Andhra Pradesh/All/number/SmallvsLarge,AgCensus2015-16,T2-4,Andhra Pradesh,All,number,SmallvsLarge,landholding,small holdings,large holdings,1,1,0,0,diff,a,,,,percent,SYNTHETIC,58.17,36.47,smoke-test fabrication; not a census value,SYNTHETIC_SMOKE_VALUE,,,,,,diff,a,True
AgCensus2015-16 T2-4 Andhra Pradesh/All/number/SmallvsSemi-medium,AgCensus2015-16,T2-4,Andhra Pradesh,All,number,SmallvsSemi-medium,landholding,small holdings,semi-medium holdings,1,0,0,1,diff,a,,,,percent,SYNTHETIC,64.2,49.66,smoke-test fabrication; not a census value,SYNTHETIC_SMOKE_VALUE,,,,,,diff,a,True
AgCensus2015-16 T2-4 Andhra Pradesh/Large/area/SCvsOthers,AgCensus2015-16,T2-4,Andhra Pradesh,Large,area,SCvsOthers,social_group,Scheduled Castes,Other social groups,1,0,0,1,diff,b,,,,percent,SYNTHETIC,55.36,77.15,smoke-test fabrication; not a census value,SYNTHETIC_SMOKE_VALUE,,,,,,diff,b,True
AgCensus2015-16 T2-4 Andhra Pradesh/Large/area/SCvsST,AgCensus2015-16,T2-4,Andhra Pradesh,Large,area,SCvsST,social_group,Scheduled Castes,Scheduled Tribes,8,8,0,0,equal,c,,,,percent,SYNTHETIC,23.31,26.99,smoke-test fabrication; not a census value,SYNTHETIC_SMOKE_VALUE,,,,,,equal,c,True
AgCensus2015-16 T2-4 Andhra Pradesh/Large/area/STvsOthers,AgCensus2015-16,T2-4,Andhra Pradesh,Large,area,STvsOthers,social_group,Scheduled Tribes,Other social groups,1,0,0,1,diff,b,,,,percent,SYNTHETIC,45.79,61.76,smoke-test fabrication; not a census value,SYNTHETIC_SMOKE_VALUE,,,,,,diff,b,True
AgCensus2015-16 T2-4 Andhra Pradesh/Marginal/area/SCvsOthers,AgCensus2015-16,T2-4,Andhra Pradesh,Marginal,area,SCvsOthers,social_group,Scheduled Castes,Other social groups,1,1,0,0,diff,b,,,,percent,SYNTHETIC,48.19,73.42,smoke-test fabrication; not a census value,SYNTHETIC_SMOKE_VALUE,,,,,,diff,b,True
AgCensus2015-16 T2-4 Andhra Pradesh/Marginal/area/SCvsST,AgCensus2015-16,T2-4,Andhra Pradesh,Marginal,area,SCvsST,social_group,Scheduled Castes,Scheduled Tribes,8,0,8,0,equal,c,,,,percent,SYNTHETIC,50.31,50.46,smoke-test fabrication; not a census value,SYNTHETIC_SMOKE_VALUE,,,,,,equal,c,True
AgCensus2015-16 T2-4 Andhra Pradesh/Marginal/area/STvsOthers,AgCensus2015-16,T2-4,Andhra Pradesh,Marginal,area,STvsOthers,social_group,Scheduled Tribes,Other social groups,1,1,0,0,diff,b,,,,percent,SYNTHETIC,30.98,57.34,smoke-test fabrication; not a census value,SYNTHETIC_SMOKE_VALUE,,,,,,diff,b,True
AgCensus2015-16 T2-4 Andhra Pradesh/Marginal/number/SCvsOthers,AgCensus2015-16,T2-4,Andhra Pradesh,Marginal,number,SCvsOthers,social_group,Scheduled Castes,Other social groups,1,0,0,1,diff,b,,,,percent,SYNTHETIC,34.84,57.82,smoke-test fabrication; not a census value,SYNTHETIC_SMOKE_VALUE,,,,,,diff,b,True
AgCensus2015-16 T2-4 Andhra Pradesh/Medium/area/SCvsOthers,AgCensus2015-16,T2-4,Andhra Pradesh,Medium,area,SCvsOthers,social_group,Scheduled Castes,Other social groups,1,1,0,0,diff,b,,,,percent,SYNTHETIC,32.35,43.75,smoke-test fabrication; not a census value,SYNTHETIC_SMOKE_VALUE,,,,,,diff,b,True
AgCensus2015-16 T2-4 Andhra Pradesh/Medium/area/SCvsST,AgCensus2015-16,T2-4,Andhra Pradesh,Medium,area,SCvsST,social_group,Scheduled Castes,Scheduled Tribes,8,8,0,0,equal,c,,,,percent,SYNTHETIC,35.62,39.26,smoke-test fabrication; not a census value,SYNTHETIC_SMOKE_VALUE,,,,,,equal,c,True
AgCensus2015-16 T2-4 Andhra Pradesh/Medium/area/STvsOthers,AgCensus2015-16,T2-4,Andhra Pradesh,Medium,area,STvsOthers,social_group,Scheduled Tribes,Other social groups,1,0,0,1,diff,b,,,,percent,SYNTHETIC,37.71,52.03,smoke-test fabrication; not a census value,SYNTHETIC_SMOKE_VALUE,,,,,,diff,b,True
AgCensus2015-16 T2-4 Andhra Pradesh/Medium/number/SCvsOthers,AgCensus2015-16,T2-4,Andhra Pradesh,Medium,number,SCvsOthers,social_group,Scheduled Castes,Other social groups,1,1,0,0,diff,b,,,,percent,SYNTHETIC,41.37,57.62,smoke-test fabrication; not a census value,SYNTHETIC_SMOKE_VALUE,,,,,,diff,b,True
AgCensus2015-16 T2-4 Andhra Pradesh/Medium/number/SCvsST,AgCensus2015-16,T2-4,Andhra Pradesh,Medium,number,SCvsST,social_group,Scheduled Castes,Scheduled Tribes,8,8,0,0,equal,c,,,,percent,SYNTHETIC,36.99,38.44,smoke-test fabrication; not a census value,SYNTHETIC_SMOKE_VALUE,,,,,,equal,c,True
AgCensus2015-16 T2-4 Andhra Pradesh/Medium/number/STvsOthers,AgCensus2015-16,T2-4,Andhra Pradesh,Medium,number,STvsOthers,social_group,Scheduled Tribes,Other social groups,1,0,0,1,diff,b,,,,percent,SYNTHETIC,21.11,38.75,smoke-test fabrication; not a census value,SYNTHETIC_SMOKE_VALUE,,,,,,diff,b,True
AgCensus2015-16 T2-4 Andhra Pradesh/SC/number/MarginalvsLarge,AgCensus2015-16,T2-4,Andhra Pradesh,SC,number,MarginalvsLarge,landholding,marginal holdings,large holdings,1,1,0,0,diff,a,,,,percent,SYNTHETIC,65.79,36.16,smoke-test fabrication; not a census value,SYNTHETIC_SMOKE_VALUE,,,,,,diff,a,True
AgCensus2015-16 T2-4 Andhra Pradesh/SC/number/MarginalvsMedium,AgCensus2015-16,T2-4,Andhra Pradesh,SC,number,MarginalvsMedium,landholding,marginal holdings,medium holdings,1,0,0,1,diff,a,,,,percent,SYNTHETIC,63.87,46.27,smoke-test fabrication; not a census value,SYNTHETIC_SMOKE_VALUE,,,,,,diff,a,True
AgCensus2015-16 T2-4 Andhra Pradesh/SC/number/MarginalvsSemi-medium,AgCensus2015-16,T2-4,Andhra Pradesh,SC,number,MarginalvsSemi-medium,landholding,marginal holdings,semi-medium holdings,1,0,0,1,diff,a,,,,percent,SYNTHETIC,74.38,58.99,smoke-test fabrication; not a census value,SYNTHETIC_SMOKE_VALUE,,,,,,diff,a,True
AgCensus2015-16 T2-4 Andhra Pradesh/SC/number/MarginalvsSmall,AgCensus2015-16,T2-4,Andhra Pradesh,SC,number,MarginalvsSmall,landholding,marginal holdings,small holdings,1,1,0,0,diff,a,,,,percent,SYNTHETIC,56.07,32.19,smoke-test fabrication; not a census value,SYNTHETIC_SMOKE_VALUE,,,,,,diff,a,True
AgCensus2015-16 T2-4 Andhra Pradesh/SC/number/Semi-mediumvsMedium,AgCensus2015-16,T2-4,Andhra Pradesh,SC,number,Semi-mediumvsMedium,landholding,semi-medium holdings,medium holdings,2,0,0,2,equal,c,,,,percent,SYNTHETIC,54.19,58.63,smoke-test fabrication; not a census value,SYNTHETIC_SMOKE_VALUE,,,,,,equal,c,True
AgCensus2015-16 T2-4 Andhra Pradesh/SC/number/SmallvsLarge,AgCensus2015-16,T2-4,Andhra Pradesh,SC,number,SmallvsLarge,landholding,small holdings,large holdings,1,0,0,1,diff,a,,,,percent,SYNTHETIC,68.94,58.33,smoke-test fabrication; not a census value,SYNTHETIC_SMOKE_VALUE,,,,,,diff,a,True
AgCensus2015-16 T2-4 Andhra Pradesh/SC/number/SmallvsMedium,AgCensus2015-16,T2-4,Andhra Pradesh,SC,number,SmallvsMedium,landholding,small holdings,medium holdings,1,0,0,1,diff,a,,,,percent,SYNTHETIC,75.53,54.93,smoke-test fabrication; not a census value,SYNTHETIC_SMOKE_VALUE,,,,,,diff,a,True
AgCensus2015-16 T2-4 Andhra Pradesh/SC/number/SmallvsSemi-medium,AgCensus2015-16,T2-4,Andhra Pradesh,SC,number,SmallvsSemi-medium,landholding,small holdings,semi-medium holdings,1,1,0,0,diff,a,,,,percent,SYNTHETIC,52.12,29.62,smoke-test fabrication; not a census value,SYNTHETIC_SMOKE_VALUE,,,,,,diff,a,True
AgCensus2015-16 T2-4 Andhra Pradesh/ST/area/MarginalvsSemi-medium,AgCensus2015-16,T2-4,Andhra Pradesh,ST,area,MarginalvsSemi-medium,landholding,marginal operated area,semi-medium operated area,4,4,0,0,equal,c,,,,percent,SYNTHETIC,35.99,40.18,smoke-test fabrication; not a census value,SYNTHETIC_SMOKE_VALUE,,,,,,equal,c,True
AgCensus2015-16 T2-4 Andhra Pradesh/ST/area/MarginalvsSmall,AgCensus2015-16,T2-4,Andhra Pradesh,ST,area,MarginalvsSmall,landholding,marginal operated area,small operated area,2,2,0,0,equal,c,,,,percent,SYNTHETIC,49.82,51.79,smoke-test fabrication; not a census value,SYNTHETIC_SMOKE_VALUE,,,,,,equal,c,True
AgCensus2015-16 T2-4 Andhra Pradesh/ST/area/SmallvsSemi-medium,AgCensus2015-16,T2-4,Andhra Pradesh,ST,area,SmallvsSemi-medium,landholding,small operated area,semi-medium operated area,4,4,0,0,equal,c,,,,percent,SYNTHETIC,54.87,56.87,smoke-test fabrication; not a census value,SYNTHETIC_SMOKE_VALUE,,,,,,equal,c,True
AgCensus2015-16 T2-4 Andhra Pradesh/ST/number/MarginalvsLarge,AgCensus2015-16,T2-4,Andhra Pradesh,ST,number,MarginalvsLarge,landholding,marginal holdings,large holdings,1,0,1,0,diff,a,,,,percent,SYNTHETIC,56.43,35.78,smoke-test fabrication; not a census value,SYNTHETIC_SMOKE_VALUE,,,,,,diff,a,True
AgCensus2015-16 T2-4 Andhra Pradesh/ST/number/MarginalvsMedium,AgCensus2015-16,T2-4,Andhra Pradesh,ST,number,MarginalvsMedium,landholding,marginal holdings,medium holdings,1,1,0,0,diff,a,,,,percent,SYNTHETIC,72.94,45.16,smoke-test fabrication; not a census value,SYNTHETIC_SMOKE_VALUE,,,,,,diff,a,True
AgCensus2015-16 T2-4 Andhra Pradesh/ST/number/MarginalvsSmall,AgCensus2015-16,T2-4,Andhra Pradesh,ST,number,MarginalvsSmall,landholding,marginal holdings,small holdings,1,1,0,0,diff,a,,,,percent,SYNTHETIC,57.03,45.76,smoke-test fabrication; not a census value,SYNTHETIC_SMOKE_VALUE,,,,,,diff,a,True
AgCensus2015-16 T2-4 Andhra Pradesh/ST/number/Semi-mediumvsLarge,AgCensus2015-16,T2-4,Andhra Pradesh,ST,number,Semi-mediumvsLarge,landholding,semi-medium holdings,large holdings,1,0,0,1,diff,a,,,,percent,SYNTHETIC,79.0,49.69,smoke-test fabrication; not a census value,SYNTHETIC_SMOKE_VALUE,,,,,,diff,a,True
AgCensus2015-16 T2-4 Andhra Pradesh/ST/number/SmallvsLarge,AgCensus2015-16,T2-4,Andhra Pradesh,ST,number,SmallvsLarge,landholding,small holdings,large holdings,1,0,0,1,diff,a,,,,percent,SYNTHETIC,48.53,30.85,smoke-test fabrication; not a census value,SYNTHETIC_SMOKE_VALUE,,,,,,diff,a,True
AgCensus2015-16 T2-4 Andhra Pradesh/ST/number/SmallvsMedium,AgCensus2015-16,T2-4,Andhra Pradesh,ST,number,SmallvsMedium,landholding,small holdings,medium holdings,1,1,0,0,diff,a,,,,percent,SYNTHETIC,58.86,28.89,smoke-test fabrication; not a census value,SYNTHETIC_SMOKE_VALUE,,,,,,diff,a,True
AgCensus2015-16 T2-4 Andhra Pradesh/Semi-medium/area/SCvsOthers,AgCensus2015-16,T2-4,Andhra Pradesh,Semi-medium,area,SCvsOthers,social_group,Scheduled Castes,Other social groups,1,0,0,1,diff,b,,,,percent,SYNTHETIC,27.41,50.35,smoke-test fabrication; not a census value,SYNTHETIC_SMOKE_VALUE,,,,,,diff,b,True
AgCensus2015-16 T2-4 Andhra Pradesh/Semi-medium/area/SCvsST,AgCensus2015-16,T2-4,Andhra Pradesh,Semi-medium,area,SCvsST,social_group,Scheduled Castes,Scheduled Tribes,8,8,0,0,equal,c,,,,percent,SYNTHETIC,21.74,25.48,smoke-test fabrication; not a census value,SYNTHETIC_SMOKE_VALUE,,,,,,equal,c,True
AgCensus2015-16 T2-4 Andhra Pradesh/Semi-medium/area/STvsOthers,AgCensus2015-16,T2-4,Andhra Pradesh,Semi-medium,area,STvsOthers,social_group,Scheduled Tribes,Other social groups,1,1,0,0,diff,b,,,,percent,SYNTHETIC,42.36,63.92,smoke-test fabrication; not a census value,SYNTHETIC_SMOKE_VALUE,,,,,,diff,b,True
AgCensus2015-16 T2-4 Andhra Pradesh/Semi-medium/number/SCvsST,AgCensus2015-16,T2-4,Andhra Pradesh,Semi-medium,number,SCvsST,social_group,Scheduled Castes,Scheduled Tribes,8,0,0,8,equal,c,,,,percent,SYNTHETIC,56.59,61.41,smoke-test fabrication; not a census value,SYNTHETIC_SMOKE_VALUE,,,,,,equal,c,True
AgCensus2015-16 T2-4 Andhra Pradesh/Small/area/SCvsST,AgCensus2015-16,T2-4,Andhra Pradesh,Small,area,SCvsST,social_group,Scheduled Castes,Scheduled Tribes,8,0,0,8,equal,c,,,,percent,SYNTHETIC,21.61,26.16,smoke-test fabrication; not a census value,SYNTHETIC_SMOKE_VALUE,,,,,,equal,c,True
AgCensus2015-16 T2-4 Andhra Pradesh/Small/area/STvsOthers,AgCensus2015-16,T2-4,Andhra Pradesh,Small,area,STvsOthers,social_group,Scheduled Tribes,Other social groups,1,1,0,0,diff,b,,,,percent,SYNTHETIC,23.64,49.97,smoke-test fabrication; not a census value,SYNTHETIC_SMOKE_VALUE,,,,,,diff,b,True
AgCensus2015-16 T2-4 Andhra Pradesh/Small/number/SCvsOthers,AgCensus2015-16,T2-4,Andhra Pradesh,Small,number,SCvsOthers,social_group,Scheduled Castes,Other social groups,1,0,0,1,diff,b,,,,percent,SYNTHETIC,39.83,57.19,smoke-test fabrication; not a census value,SYNTHETIC_SMOKE_VALUE,,,,,,diff,b,True
AgCensus2015-16 T2-4 Andhra Pradesh/Small/number/SCvsST,AgCensus2015-16,T2-4,Andhra Pradesh,Small,number,SCvsST,social_group,Scheduled Castes,Scheduled Tribes,8,0,0,8,equal,c,,,,percent,SYNTHETIC,46.39,47.0,smoke-test fabrication; not a census value,SYNTHETIC_SMOKE_VALUE,,,,,,equal,c,True
AgCensus2015-16 T2-4 Andhra Pradesh/Small/number/STvsOthers,AgCensus2015-16,T2-4,Andhra Pradesh,Small,number,STvsOthers,social_group,Scheduled Tribes,Other social groups,1,1,0,0,diff,b,,,,percent,SYNTHETIC,42.35,65.17,smoke-test fabrication; not a census value,SYNTHETIC_SMOKE_VALUE,,,,,,diff,b,True
AgCensus2015-16 T2-4 Arunachal Pradesh/All Classes/area/SCvsST,AgCensus2015-16,T2-4,Arunachal Pradesh,All Classes,area,SCvsST,social_group,Scheduled Castes,Scheduled Tribes,1,1,0,0,diff,b,,,,percent,SYNTHETIC,40.96,59.46,smoke-test fabrication; not a census value,SYNTHETIC_SMOKE_VALUE,,,,,,diff,b,True
AgCensus2015-16 T2-4 Arunachal Pradesh/All Classes/area/STvsOthers,AgCensus2015-16,T2-4,Arunachal Pradesh,All Classes,area,STvsOthers,social_group,Scheduled Tribes,Other social groups,1,0,0,1,diff,a,,,,percent,SYNTHETIC,33.01,22.64,smoke-test fabrication; not a census value,SYNTHETIC_SMOKE_VALUE,,,,,,diff,a,True
AgCensus2015-16 T2-4 Arunachal Pradesh/All Classes/number/SCvsST,AgCensus2015-16,T2-4,Arunachal Pradesh,All Classes,number,SCvsST,social_group,Scheduled Castes,Scheduled Tribes,1,0,1,0,diff,b,,,,percent,SYNTHETIC,31.55,61.5,smoke-test fabrication; not a census value,SYNTHETIC_SMOKE_VALUE,,,,,,diff,b,True
AgCensus2015-16 T2-4 Arunachal Pradesh/All Classes/number/STvsOthers,AgCensus2015-16,T2-4,Arunachal Pradesh,All Classes,number,STvsOthers,social_group,Scheduled Tribes,Other social groups,1,0,0,1,diff,a,,,,percent,SYNTHETIC,78.22,53.01,smoke-test fabrication; not a census value,SYNTHETIC_SMOKE_VALUE,,,,,,diff,a,True
AgCensus2015-16 T2-4 Arunachal Pradesh/All/area/MarginalvsSmall,AgCensus2015-16,T2-4,Arunachal Pradesh,All,area,MarginalvsSmall,landholding,marginal operated area,small operated area,4,4,0,0,equal,c,,,,percent,SYNTHETIC,57.13,57.95,smoke-test fabrication; not a census value,SYNTHETIC_SMOKE_VALUE,,,,,,equal,c,True
AgCensus2015-16 T2-4 Arunachal Pradesh/All/number/MarginalvsLarge,AgCensus2015-16,T2-4,Arunachal Pradesh,All,number,MarginalvsLarge,landholding,marginal holdings,large holdings,1,1,0,0,diff,a,,,,percent,SYNTHETIC,60.55,37.67,smoke-test fabrication; not a census value,SYNTHETIC_SMOKE_VALUE,,,,,,diff,a,True
AgCensus2015-16 T2-4 Arunachal Pradesh/All/number/MarginalvsMedium,AgCensus2015-16,T2-4,Arunachal Pradesh,All,number,MarginalvsMedium,landholding,marginal holdings,medium holdings,3,3,0,0,equal,c,,,,percent,SYNTHETIC,32.41,33.66,smoke-test fabrication; not a census value,SYNTHETIC_SMOKE_VALUE,,,,,,equal,c,True
AgCensus2015-16 T2-4 Arunachal Pradesh/All/number/MarginalvsSemi-medium,AgCensus2015-16,T2-4,Arunachal Pradesh,All,number,MarginalvsSemi-medium,landholding,marginal holdings,semi-medium holdings,4,0,0,4,equal,c,,,,percent,SYNTHETIC,53.69,57.97,smoke-test fabrication; not a census value,SYNTHETIC_SMOKE_VALUE,,,,,,equal,c,True
AgCensus2015-16 T2-4 Arunachal Pradesh/All/number/MarginalvsSmall,AgCensus2015-16,T2-4,Arunachal Pradesh,All,number,MarginalvsSmall,landholding,marginal holdings,small holdings,3,3,0,0,equal,c,,,,percent,SYNTHETIC,57.67,61.47,smoke-test fabrication; not a census value,SYNTHETIC_SMOKE_VALUE,,,,,,equal,c,True
AgCensus2015-16 T2-4 Arunachal Pradesh/All/number/MediumvsLarge,AgCensus2015-16,T2-4,Arunachal Pradesh,All,number,MediumvsLarge,landholding,medium holdings,large holdings,1,0,0,1,diff,a,,,,percent,SYNTHETIC,49.38,28.63,smoke-test fabrication; not a census value,SYNTHETIC_SMOKE_VALUE,,,,,,diff,a,True
AgCensus2015-16 T2-4 Arunachal Pradesh/All/number/Semi-mediumvsMedium,AgCensus2015-16,T2-4,Arunachal Pradesh,All,number,Semi-mediumvsMedium,landholding,semi-medium holdings,medium holdings,2,2,0,0,equal,c,,,,percent,SYNTHETIC,46.52,47.55,smoke-test fabrication; not a census value,SYNTHETIC_SMOKE_VALUE,,,,,,equal,c,True
AgCensus2015-16 T2-4 Arunachal Pradesh/All/number/SmallvsLarge,AgCensus2015-16,T2-4,Arunachal Pradesh,All,number,SmallvsLarge,landholding,small holdings,large holdings,1,1,0,0,diff,a,,,,percent,SYNTHETIC,51.56,41.27,smoke-test fabrication; not a census value,SYNTHETIC_SMOKE_VALUE,,,,,,diff,a,True
AgCensus2015-16 T2-4 Arunachal Pradesh/All/number/SmallvsMedium,AgCensus2015-16,T2-4,Arunachal Pradesh,All,number,SmallvsMedium,landholding,small holdings,medium holdings,3,0,0,3,equal,c,,,,percent,SYNTHETIC,28.22,29.44,smoke-test fabrication; not a census value,SYNTHETIC_SMOKE_VALUE,,,,,,equal,c,True
AgCensus2015-16 T2-4 Arunachal Pradesh/All/number/SmallvsSemi-medium,AgCensus2015-16,T2-4,Arunachal Pradesh,All,number,SmallvsSemi-medium,landholding,small holdings,semi-medium holdings,2,0,0,2,equal,c,,,,percent,SYNTHETIC,44.61,46.53,smoke-test fabrication; not a census value,SYNTHETIC_SMOKE_VALUE,,,,,,equal,c,True
AgCensus2015-16 T2-4 Arunachal Pradesh/Large/area/SCvsST,AgCensus2015-16,T2-4,Arunachal Pradesh,Large,area,SCvsST,social_group,Scheduled Castes,Scheduled Tribes,1,1,0,0,diff,b,,,,percent,SYNTHETIC,52.67,82.37,smoke-test fabrication; not a census value,SYNTHETIC_SMOKE_VALUE,,,,,,diff,b,True
AgCensus2015-16 T2-4 Arunachal Pradesh/Marginal/number/SCvsST,AgCensus2015-16,T2-4,Arunachal Pradesh,Marginal,number,SCvsST,social_group,Scheduled Castes,Scheduled Tribes,1,1,0,0,diff,b,,,,percent,SYNTHETIC,24.07,39.74,smoke-test fabrication; not a census value,SYNTHETIC_SMOKE_VALUE,,,,,,diff,b,True
AgCensus2015-16 T2-4 Arunachal Pradesh/Marginal/number/STvsOthers,AgCensus2015-16,T2-4,Arunachal Pradesh,Marginal,number,STvsOthers,social_group,Scheduled Tribes,Other social groups,1,1,0,0,diff,a,,,,percent,SYNTHETIC,50.08,25.46,smoke-test fabrication; not a census value,SYNTHETIC_SMOKE_VALUE,,,,,,diff,a,True
AgCensus2015-16 T2-4 Arunachal Pradesh/Medium/area/SCvsST,AgCensus2015-16,T2-4,Arunachal Pradesh,Medium,area,SCvsST,social_group,Scheduled Castes,Scheduled Tribes,1,0,0,1,diff,b,,,,percent,SYNTHETIC,38.64,51.22,smoke-test fabrication; not a census value,SYNTHETIC_SMOKE_VALUE,,,,,,diff,b,True
AgCensus2015-16 T2-4 Arunachal Pradesh/Medium/area/STvsOthers,AgCensus2015-16,T2-4,Arunachal Pradesh,Medium,area,STvsOthers,social_group,Scheduled Tribes,Other social groups,1,0,0,1,diff,a,,,,percent,SYNTHETIC,40.75,22.0,smoke-test fabrication; not a census value,SYNTHETIC_SMOKE_VALUE,,,,,,diff,a,True
AgCensus2015-16 T2-4 Arunachal Pradesh/Medium/number/SCvsST,AgCensus2015-16,T2-4,Arunachal Pradesh,Medium,number,SCvsST,social_group,Scheduled Castes,Scheduled Tribes,1,1,0,0,diff,b,,,,percent,SYNTHETIC,34.54,54.2,smoke-test fabrication; not a census value,SYNTHETIC_SMOKE_VALUE,,,,,,diff,b,True
AgCensus2015-16 T2-4 Arunachal Pradesh/Medium/number/STvsOthers,AgCensus2015-16,T2-4,Arunachal Pradesh,Medium,number,STvsOthers,social_group,Scheduled Tribes,Other social groups,1,0,0,1,diff,a,,,,percent,SYNTHETIC,45.78,34.24,smoke-test fabrication; not a census value,SYNTHETIC_SMOKE_VALUE,,,,,,diff,a,True
AgCensus2015-16 T2-4 Arunachal Pradesh/ST/area/MarginalvsSmall,AgCensus2015-16,T2-4,Arunachal Pradesh,ST,area,MarginalvsSmall,landholding,marginal operated area,small operated area,4,0,0,4,equal,c,,,,percent,SYNTHETIC,52.02,55.24,smoke-test fabrication; not a census value,SYNTHETIC_SMOKE_VALUE,,,,,,equal,c,True
AgCensus2015-16 T2-4 Arunachal Pradesh/ST/number/MarginalvsLarge,AgCensus2015-16,T2-4,Arunachal Pradesh,ST,number,MarginalvsLarge,landholding,marginal holdings,large holdings,1,0,0,1,diff,a,,,,percent,SYNTHETIC,72.25,43.02,smoke-test fabrication; not a census value,SYNTHETIC_SMOKE_VALUE,,,,,,diff,a,True
AgCensus2015-16 T2-4 Arunachal Pradesh/ST/number/MarginalvsMedium,AgCensus2015-16,T2-4,Arunachal Pradesh,ST,number,MarginalvsMedium,landholding,marginal holdings,medium holdings,4,4,0,0,equal,c,,,,percent,SYNTHETIC,28.04,32.67,smoke-test fabrication; not a census value,SYNTHETIC_SMOKE_VALUE,,,,,,equal,c,True
AgCensus2015-16 T2-4 Arunachal Pradesh/ST/number/MarginalvsSemi-medium,AgCensus2015-16,T2-4,Arunachal Pradesh,ST,number,MarginalvsSemi-medium,landholding,marginal holdings,semi-medium holdings,4,4,0,0,equal,c,,,,percent,SYNTHETIC,43.42,45.97,smoke-test fabrication; not a census value,SYNTHETIC_SMOKE_VALUE,,,,,,equal,c,True
AgCensus2015-16 T2-4 Arunachal Pradesh/ST/number/MarginalvsSmall,AgCensus2015-16,T2-4,Arunachal Pradesh,ST,number,MarginalvsSmall,landholding,marginal holdings,small holdings,3,3,0,0,equal,c,,,,percent,SYNTHETIC,30.87,34.02,smoke-test fabrication; not a census value,SYNTHETIC_SMOKE_VALUE,,,,,,equal,c,True
AgCensus2015-16 T2-4 Arunachal Pradesh/ST/number/MediumvsLarge,AgCensus2015-16,T2-4,Arunachal Pradesh,ST,number,MediumvsLarge,landholding,medium holdings,large holdings,1,0,1,0,diff,a,,,,percent,SYNTHETIC,81.66,54.2,smoke-test fabrication; not a census value,SYNTHETIC_SMOKE_VALUE,,,,,,diff,a,True
AgCensus2015-16 T2-4 Arunachal Pradesh/ST/number/Semi-mediumvsMedium,AgCensus2015-16,T2-4,Arunachal Pradesh,ST,number,Semi-mediumvsMedium,landholding,semi-medium holdings,medium holdings,3,0,0,3,equal,c,,,,percent,SYNTHETIC,26.65,28.82,smoke-test fabrication; not a census value,SYNTHETIC_SMOKE_VALUE,,,,,,equal,c,True
AgCensus2015-16 T2-4 Arunachal Pradesh/ST/number/SmallvsLarge,AgCensus2015-16,T2-4,Arunachal Pradesh,ST,number,SmallvsLarge,landholding,small holdings,large holdings,1,0,0,1,diff,a,,,,percent,SYNTHETIC,70.35,41.26,smoke-test fabrication; not a census value,SYNTHETIC_SMOKE_VALUE,,,,,,diff,a,True
AgCensus2015-16 T2-4 Arunachal Pradesh/ST/number/SmallvsMedium,AgCensus2015-16,T2-4,Arunachal Pradesh,ST,number,SmallvsMedium,landholding,small holdings,medium holdings,3,0,0,3,equal,c,,,,percent,SYNTHETIC,24.01,28.79,smoke-test fabrication; not a census value,SYNTHETIC_SMOKE_VALUE,,,,,,equal,c,True
AgCensus2015-16 T2-4 Arunachal Pradesh/ST/number/SmallvsSemi-medium,AgCensus2015-16,T2-4,Arunachal Pradesh,ST,number,SmallvsSemi-medium,landholding,small holdings,semi-medium holdings,4,0,4,0,equal,c,,,,percent,SYNTHETIC,23.48,23.51,smoke-test fabrication; not a census value,SYNTHETIC_SMOKE_VALUE,,,,,,equal,c,True
AgCensus2015-16 T2-4 Arunachal Pradesh/Semi-medium/area/SCvsST,AgCensus2015-16,T2-4,Arunachal Pradesh,Semi-medium,area,SCvsST,social_group,Scheduled Castes,Scheduled Tribes,1,1,0,0,diff,b,,,,percent,SYNTHETIC,42.34,55.4,smoke-test fabrication; not a census value,SYNTHETIC_SMOKE_VALUE,,,,,,diff,b,True
AgCensus2015-16 T2-4 Arunachal Pradesh/Semi-medium/area/STvsOthers,AgCensus2015-16,T2-4,Arunachal Pradesh,Semi-medium,area,STvsOthers,social_group,Scheduled Tribes,Other social groups,1,1,0,0,diff,a,,,,percent,SYNTHETIC,37.42,24.6,smoke-test fabrication; not a census value,SYNTHETIC_SMOKE_VALUE,,,,,,diff,a,True
AgCensus2015-16 T2-4 Arunachal Pradesh/Semi-medium/number/SCvsST,AgCensus2015-16,T2-4,Arunachal Pradesh,Semi-medium,number,SCvsST,social_group,Scheduled Castes,Scheduled Tribes,1,0,0,1,diff,b,,,,percent,SYNTHETIC,43.01,61.84,smoke-test fabrication; not a census value,SYNTHETIC_SMOKE_VALUE,,,,,,diff,b,True
AgCensus2015-16 T2-4 Arunachal Pradesh/Semi-medium/number/STvsOthers,AgCensus2015-16,T2-4,Arunachal Pradesh,Semi-medium,number,STvsOthers,social_group,Scheduled Tribes,Other social groups,1,0,0,1,diff,a,,,,percent,SYNTHETIC,79.59,55.77,smoke-test fabrication; not a census value,SYNTHETIC_SMOKE_VALUE,,,,,,diff,a,True
AgCensus2015-16 T2-4 Arunachal Pradesh/Small/area/SCvsST,AgCensus2015-16,T2-4,Arunachal Pradesh,Small,area,SCvsST,social_group,Scheduled Castes,Scheduled Tribes,1,0,0,1,diff,b,,,,percent,SYNTHETIC,38.89,55.11,smoke-test fabrication; not a census value,SYNTHETIC_SMOKE_VALUE,,,,,,diff,b,True
AgCensus2015-16 T2-4 Arunachal Pradesh/Small/area/STvsOthers,AgCensus2015-16,T2-4,Arunachal Pradesh,Small,area,STvsOthers,social_group,Scheduled Tribes,Other social groups,1,1,0,0,diff,a,,,,percent,SYNTHETIC,42.15,28.11,smoke-test fabrication; not a census value,SYNTHETIC_SMOKE_VALUE,,,,,,diff,a,True
AgCensus2015-16 T2-4 Arunachal Pradesh/Small/number/SCvsST,AgCensus2015-16,T2-4,Arunachal Pradesh,Small,number,SCvsST,social_group,Scheduled Castes,Scheduled Tribes,1,1,0,0,diff,b,,,,percent,SYNTHETIC,48.11,64.08,smoke-test fabrication; not a census value,SYNTHETIC_SMOKE_VALUE,,,,,,diff,b,True
AgCensus2015-16 T2-4 Arunachal Pradesh/Small/number/STvsOthers,AgCensus2015-16,T2-4,Arunachal Pradesh,Small,number,STvsOthers,social_group,Scheduled Tribes,Other social groups,1,1,0,0,diff,a,,,,percent,SYNTHETIC,76.64,53.01,smoke-test fabrication; not a census value,SYNTHETIC_SMOKE_VALUE,,,,,,diff,a,True
AgCensus2015-16 T2-4 Assam/All Classes/area/SCvsOthers,AgCensus2015-16,T2-4,Assam,All Classes,area,SCvsOthers,social_group,Scheduled Castes,Other social groups,1,0,0,1,diff,b,,,,percent,SYNTHETIC,39.32,54.01,smoke-test fabrication; not a census value,SYNTHETIC_SMOKE_VALUE,,,,,,diff,b,True
AgCensus2015-16 T2-4 Assam/All Classes/area/SCvsST,AgCensus2015-16,T2-4,Assam,All Classes,area,SCvsST,social_group,Scheduled Castes,Scheduled Tribes,1,1,0,0,diff,b,,,,percent,SYNTHETIC,21.72,47.57,smoke-test fabrication; not a census value,SYNTHETIC_SMOKE_VALUE,,,,,,diff,b,True
AgCensus2015-16 T2-4 Assam/All Classes/area/STvsOthers,AgCensus2015-16,T2-4,Assam,All Classes,area,STvsOthers,social_group,Scheduled Tribes,Other social groups,1,0,0,1,diff,b,,,,percent,SYNTHETIC,49.67,64.28,smoke-test fabrication; not a census value,SYNTHETIC_SMOKE_VALUE,,,,,,diff,b,True
AgCensus2015-16 T2-4 Assam/All Classes/number/SCvsOthers,AgCensus2015-16,T2-4,Assam,All Classes,number,SCvsOthers,social_group,Scheduled Castes,Other social groups,1,1,0,0,diff,b,,,,percent,SYNTHETIC,56.72,68.26,smoke-test fabrication; not a census value,SYNTHETIC_SMOKE_VALUE,,,,,,diff,b,True
AgCensus2015-16 T2-4 Assam/All Classes/number/SCvsST,AgCensus2015-16,T2-4,Assam,All Classes,number,SCvsST,social_group,Scheduled Castes,Scheduled Tribes,1,1,0,0,diff,b,,,,percent,SYNTHETIC,47.18,75.15,smoke-test fabrication; not a census value,SYNTHETIC_SMOKE_VALUE,,,,,,diff,b,True
AgCensus2015-16 T2-4 Assam/All Classes/number/STvsOthers,AgCensus2015-16,T2-4,Assam,All Classes,number,STvsOthers,social_group,Scheduled Tribes,Other social groups,1,0,0,1,diff,b,,,,percent,SYNTHETIC,49.09,73.53,smoke-test fabrication; not a census value,SYNTHETIC_SMOKE_VALUE,,,,,,diff,b,True
AgCensus2015-16 T2-4 Assam/All/area/MarginalvsSemi-medium,AgCensus2015-16,T2-4,Assam,All,area,MarginalvsSemi-medium,landholding,marginal operated area,semi-medium operated area,4,4,0,0,equal,c,,,,percent,SYNTHETIC,27.04,28.13,smoke-test fabrication; not a census value,SYNTHETIC_SMOKE_VALUE,,,,,,equal,c,True
AgCensus2015-16 T2-4 Assam/All/area/MarginalvsSmall,AgCensus2015-16,T2-4,Assam,All,area,MarginalvsSmall,landholding,marginal operated area,small operated area,3,3,0,0,equal,c,,,,percent,SYNTHETIC,55.24,59.19,smoke-test fabrication; not a census value,SYNTHETIC_SMOKE_VALUE,,,,,,equal,c,True
AgCensus2015-16 T2-4 Assam/All/area/MediumvsLarge,AgCensus2015-16,T2-4,Assam,All,area,MediumvsLarge,landholding,medium operated area,large operated area,3,3,0,0,equal,c,,,,percent,SYNTHETIC,40.15,41.6,smoke-test fabrication; not a census value,SYNTHETIC_SMOKE_VALUE,,,,,,equal,c,True
AgCensus2015-16 T2-4 Assam/All/area/SmallvsSemi-medium,AgCensus2015-16,T2-4,Assam,All,area,SmallvsSemi-medium,landholding,small operated area,semi-medium operated area,3,3,0,0,equal,c,,,,percent,SYNTHETIC,21.02,23.43,smoke-test fabrication; not a census value,SYNTHETIC_SMOKE_VALUE,,,,,,equal,c,True
AgCensus2015-16 T2-4 Assam/All/number/MarginalvsLarge,AgCensus2015-16,T2-4,Assam,All,number,MarginalvsLarge,landholding,marginal holdings,large holdings,1,0,0,1,diff,a,,,,percent,SYNTHETIC,52.06,23.31,smoke-test fabrication; not a census value,SYNTHETIC_SMOKE_VALUE,,,,,,diff,a,True
AgCensus2015-16 T2-4 Assam/All/number/MarginalvsSmall,AgCensus2015-16,T2-4,Assam,All,number,MarginalvsSmall,landholding,marginal holdings,small holdings,1,1,0,0,diff,a,,,,percent,SYNTHETIC,60.5,41.99,smoke-test fabrication; not a census value,SYNTHETIC_SMOKE_VALUE,,,,,,diff,a,True
AgCensus2015-16 T2-4 Assam/All/number/Semi-mediumvsLarge,AgCensus2015-16,T2-4,Assam,All,number,Semi-mediumvsLarge,landholding,semi-medium holdings,large holdings,1,0,0,1,diff,a,,,,percent,SYNTHETIC,75.1,55.0,smoke-test fabrication; not a census value,SYNTHETIC_SMOKE_VALUE,,,,,,diff,a,True
AgCensus2015-16 T2-4 Assam/All/number/SmallvsLarge,AgCensus2015-16,T2-4,Assam,All,number,SmallvsLarge,landholding,small holdings,large holdings,1,0,0,1,diff,a,,,,percent,SYNTHETIC,60.3,34.56,smoke-test fabrication; not a census value,SYNTHETIC_SMOKE_VALUE,,,,,,diff,a,True
AgCensus2015-16 T2-4 Assam/All/number/SmallvsMedium,AgCensus2015-16,T2-4,Assam,All,number,SmallvsMedium,landholding,small holdings,medium holdings,1,1,0,0,diff,a,,,,percent,SYNTHETIC,77.04,52.1,smoke-test fabrication; not a census value,SYNTHETIC_SMOKE_VALUE,,,,,,diff,a,True
AgCensus2015-16 T2-4 Assam/Large/area/SCvsOthers,AgCensus2015-16,T2-4,Assam,Large,area,SCvsOthers,social_group,Scheduled Castes,Other social groups,1,1,0,0,diff,b,,,,percent,SYNTHETIC,28.06,41.29,smoke-test fabrication; not a census value,SYNTHETIC_SMOKE_VALUE,,,,,,diff,b,True
AgCensus2015-16 T2-4 Assam/Large/area/STvsOthers,AgCensus2015-16,T2-4,Assam,Large,area,STvsOthers,social_group,Scheduled Tribes,Other social groups,1,1,0,0,diff,b,,,,percent,SYNTHETIC,33.23,43.52,smoke-test fabrication; not a census value,SYNTHETIC_SMOKE_VALUE,,,,,,diff,b,True
AgCensus2015-16 T2-4 Assam/Marginal/area/SCvsOthers,AgCensus2015-16,T2-4,Assam,Marginal,area,SCvsOthers,social_group,Scheduled Castes,Other social groups,1,1,0,0,diff,b,,,,percent,SYNTHETIC,58.33,84.62,smoke-test fabrication; not a census value,SYNTHETIC_SMOKE_VALUE,,,,,,diff,b,True
AgCensus2015-16 T2-4 Assam/Marginal/area/SCvsST,AgCensus2015-16,T2-4,Assam,Marginal,area,SCvsST,social_group,Scheduled Castes,Scheduled Tribes,1,1,0,0,diff,b,,,,percent,SYNTHETIC,58.7,76.67,smoke-test fabrication; not a census value,SYNTHETIC_SMOKE_VALUE,,,,,,diff,b,True
AgCensus2015-16 T2-4 Assam/Marginal/area/STvsOthers,AgCensus2015-16,T2-4,Assam,Marginal,area,STvsOthers,social_group,Scheduled Tribes,Other social groups,1,1,0,0,diff,b,,,,percent,SYNTHETIC,58.76,71.66,smoke-test fabrication; not a census value,SYNTHETIC_SMOKE_VALUE,,,,,,diff,b,True
AgCensus2015-16 T2-4 Assam/Marginal/number/SCvsOthers,AgCensus2015-16,T2-4,Assam,Marginal,number,SCvsOthers,social_group,Scheduled Castes,Other social groups,1,0,0,1,diff,b,,,,percent,SYNTHETIC,32.15,55.42,smoke-test fabrication; not a census value,SYNTHETIC_SMOKE_VALUE,,,,,,diff,b,True
AgCensus2015-16 T2-4 Assam/Marginal/number/STvsOthers,AgCensus2015-16,T2-4,Assam,Marginal,number,STvsOthers,social_group,Scheduled Tribes,Other social groups,1,1,0,0,diff,b,,,,percent,SYNTHETIC,57.16,80.12,smoke-test fabrication; not a census value,SYNTHETIC_SMOKE_VALUE,,,,,,diff,b,True
AgCensus2015-16 T2-4 Assam/Medium/area/SCvsOthers,AgCensus2015-16,T2-4,Assam,Medium,area,SCvsOthers,social_group,Scheduled Castes,Other social groups,1,0,0,1,diff,b,,,,percent,SYNTHETIC,30.49,47.91,smoke-test fabrication; not a census value,SYNTHETIC_SMOKE_VALUE,,,,,,diff,b,True
AgCensus2015-16 T2-4 Assam/Medium/area/SCvsST,AgCensus2015-16,T2-4,Assam,Medium,area,SCvsST,social_group,Scheduled Castes,Scheduled Tribes,1,1,0,0,diff,b,,,,percent,SYNTHETIC,55.73,85.28,smoke-test fabrication; not a census value,SYNTHETIC_SMOKE_VALUE,,,,,,diff,b,True
AgCensus2015-16 T2-4 Assam/Medium/number/SCvsST,AgCensus2015-16,T2-4,Assam,Medium,number,SCvsST,social_group,Scheduled Castes,Scheduled Tribes,1,0,1,0,diff,b,,,,percent,SYNTHETIC,52.35,73.07,smoke-test fabrication; not a census value,SYNTHETIC_SMOKE_VALUE,,,,,,diff,b,True
AgCensus2015-16 T2-4 Assam/Medium/number/STvsOthers,AgCensus2015-16,T2-4,Assam,Medium,number,STvsOthers,social_group,Scheduled Tribes,Other social groups,1,0,0,1,diff,b,,,,percent,SYNTHETIC,29.06,45.49,smoke-test fabrication; not a census value,SYNTHETIC_SMOKE_VALUE,,,,,,diff,b,True
AgCensus2015-16 T2-4 Assam/SC/area/MarginalvsSemi-medium,AgCensus2015-16,T2-4,Assam,SC,area,MarginalvsSemi-medium,landholding,marginal operated area,semi-medium operated area,2,0,0,2,equal,c,,,,percent,SYNTHETIC,40.73,41.36,smoke-test fabrication; not a census value,SYNTHETIC_SMOKE_VALUE,,,,,,equal,c,True
AgCensus2015-16 T2-4 Assam/SC/area/MarginalvsSmall,AgCensus2015-16,T2-4,Assam,SC,area,MarginalvsSmall,landholding,marginal operated area,small operated area,2,2,0,0,equal,c,,,,percent,SYNTHETIC,20.7,23.98,smoke-test fabrication; not a census value,SYNTHETIC_SMOKE_VALUE,,,,,,equal,c,True
AgCensus2015-16 T2-4 Assam/SC/area/SmallvsSemi-medium,AgCensus2015-16,T2-4,Assam,SC,area,SmallvsSemi-medium,landholding,small operated area,semi-medium operated area,2,2,0,0,equal,c,,,,percent,SYNTHETIC,35.04,38.81,smoke-test fabrication; not a census value,SYNTHETIC_SMOKE_VALUE,,,,,,equal,c,True
AgCensus2015-16 T2-4 Assam/SC/number/MarginalvsLarge,AgCensus2015-16,T2-4,Assam,SC,number,MarginalvsLarge,landholding,marginal holdings,large holdings,1,1,0,0,diff,a,,,,percent,SYNTHETIC,69.86,57.69,smoke-test fabrication; not a census value,SYNTHETIC_SMOKE_VALUE,,,,,,diff,a,True
AgCensus2015-16 T2-4 Assam/SC/number/MarginalvsMedium,AgCensus2015-16,T2-4,Assam,SC,number,MarginalvsMedium,landholding,marginal holdings,medium holdings,1,0,0,1,diff,a,,,,percent,SYNTHETIC,62.64,34.35,smoke-test fabrication; not a census value,SYNTHETIC_SMOKE_VALUE,,,,,,diff,a,True
AgCensus2015-16 T2-4 Assam/SC/number/MarginalvsSemi-medium,AgCensus2015-16,T2-4,Assam,SC,number,MarginalvsSemi-medium,landholding,marginal holdings,semi-medium holdings,1,0,0,1,diff,a,,,,percent,SYNTHETIC,75.11,47.58,smoke-test fabrication; not a census value,SYNTHETIC_SMOKE_VALUE,,,,,,diff,a,True
AgCensus2015-16 T2-4 Assam/SC/number/MarginalvsSmall,AgCensus2015-16,T2-4,Assam,SC,number,MarginalvsSmall,landholding,marginal holdings,small holdings,1,0,0,1,diff,a,,,,percent,SYNTHETIC,66.03,36.25,smoke-test fabrication; not a census value,SYNTHETIC_SMOKE_VALUE,,,,,,diff,a,True
AgCensus2015-16 T2-4 Assam/SC/number/Semi-mediumvsLarge,AgCensus2015-16,T2-4,Assam,SC,number,Semi-mediumvsLarge,landholding,semi-medium holdings,large holdings,1,0,0,1,diff,a,,,,percent,SYNTHETIC,69.49,53.49,smoke-test fabrication; not a census value,SYNTHETIC_SMOKE_VALUE,,,,,,diff,a,True
AgCensus2015-16 T2-4 Assam/SC/number/SmallvsLarge,AgCensus2015-16,T2-4,Assam,SC,number,SmallvsLarge,landholding,small holdings,large holdings,1,1,0,0,diff,a,,,,percent,SYNTHETIC,53.13,38.81,smoke-test fabrication; not a census value,SYNTHETIC_SMOKE_VALUE,,,,,,diff,a,True
AgCensus2015-16 T2-4 Assam/SC/number/SmallvsMedium,AgCensus2015-16,T2-4,Assam,SC,number,SmallvsMedium,landholding,small holdings,medium holdings,1,1,0,0,diff,a,,,,percent,SYNTHETIC,70.37,52.5,smoke-test fabrication; not a census value,SYNTHETIC_SMOKE_VALUE,,,,,,diff,a,True
AgCensus2015-16 T2-4 Assam/ST/area/MarginalvsSmall,AgCensus2015-16,T2-4,Assam,ST,area,MarginalvsSmall,landholding,marginal operated area,small operated area,3,3,0,0,equal,c,,,,percent,SYNTHETIC,55.67,57.05,smoke-test fabrication; not a census value,SYNTHETIC_SMOKE_VALUE,,,,,,equal,c,True
AgCensus2015-16 T2-4 Assam/ST/number/MarginalvsLarge,AgCensus2015-16,T2-4,Assam,ST,number,MarginalvsLarge,landholding,marginal holdings,large holdings,1,1,0,0,diff,a,,,,percent,SYNTHETIC,44.12,23.89,smoke-test fabrication; not a census value,SYNTHETIC_SMOKE_VALUE,,,,,,diff,a,True
AgCensus2015-16 T2-4 Assam/ST/number/MarginalvsMedium,AgCensus2015-16,T2-4,Assam,ST,number,MarginalvsMedium,landholding,marginal holdings,medium holdings,1,0,0,1,diff,a,,,,percent,SYNTHETIC,43.37,21.96,smoke-test fabrication; not a census value,SYNTHETIC_SMOKE_VALUE,,,,,,diff,a,True
AgCensus2015-16 T2-4 Assam/ST/number/MarginalvsSemi-medium,AgCensus2015-16,T2-4,Assam,ST,number,MarginalvsSemi-medium,landholding,marginal holdings,semi-medium holdings,1,1,0,0,diff,a,,,,percent,SYNTHETIC,55.19,28.69,smoke-test fabrication; not a census value,SYNTHETIC_SMOKE_VALUE,,,,,,diff,a,True
AgCensus2015-16 T2-4 Assam/ST/number/MarginalvsSmall,AgCensus2015-16,T2-4,Assam,ST,number,MarginalvsSmall,landholding,marginal holdings,small holdings,1,1,0,0,diff,a,,,,percent,SYNTHETIC,61.27,47.95,smoke-test fabrication; not a census value,SYNTHETIC_SMOKE_VALUE,,,,,,diff,a,True
AgCensus2015-16 T2-4 Assam/ST/number/Semi-mediumvsLarge,AgCensus2015-16,T2-4,Assam,ST,number,Semi-mediumvsLarge,landholding,semi-medium holdings,large holdings,1,1,0,0,diff,a,,,,percent,SYNTHETIC,77.1,59.77,smoke-test fabrication; not a census value,SYNTHETIC_SMOKE_VALUE,,,,,,diff,a,True
AgCensus2015-16 T2-4 Assam/ST/number/Semi-mediumvsMedium,AgCensus2015-16,T2-4,Assam,ST,number,Semi-mediumvsMedium,landholding,semi-medium holdings,medium holdings,1,0,0,1,diff,a,,,,percent,SYNTHETIC,59.1,46.31,smoke-test fabrication; not a census value,SYNTHETIC_SMOKE_VALUE,,,,,,diff,a,True
AgCensus2015-16 T2-4 Assam/ST/number/SmallvsLarge,AgCensus2015-16,T2-4,Assam,ST,number,SmallvsLarge,landholding,small holdings,large holdings,1,0,0,1,diff,a,,,,percent,SYNTHETIC,63.78,51.42,smoke-test fabrication; not a census value,SYNTHETIC_SMOKE_VALUE,,,,,,diff,a,True
AgCensus2015-16 T2-4 Assam/ST/number/SmallvsMedium,AgCensus2015-16,T2-4,Assam,ST,number,SmallvsMedium,landholding,small holdings,medium holdings,1,1,0,0,diff,a,,,,percent,SYNTHETIC,40.11,27.65,smoke-test fabrication; not a census value,SYNTHETIC_SMOKE_VALUE,,,,,,diff,a,True
AgCensus2015-16 T2-4 Assam/Semi-medium/area/SCvsOthers,AgCensus2015-16,T2-4,Assam,Semi-medium,area,SCvsOthers,social_group,Scheduled Castes,Other social groups,1,0,0,1,diff,b,,,,percent,SYNTHETIC,57.99,75.15,smoke-test fabrication; not a census value,SYNTHETIC_SMOKE_VALUE,,,,,,diff,b,True
AgCensus2015-16 T2-4 Assam/Semi-medium/area/SCvsST,AgCensus2015-16,T2-4,Assam,Semi-medium,area,SCvsST,social_group,Scheduled Castes,Scheduled Tribes,1,0,0,1,diff,b,,,,percent,SYNTHETIC,33.73,58.02,smoke-test fabrication; not a census value,SYNTHETIC_SMOKE_VALUE,,,,,,diff,b,True
AgCensus2015-16 T2-4 Assam/Semi-medium/area/STvsOthers,AgCensus2015-16,T2-4,Assam,Semi-medium,area,STvsOthers,social_group,Scheduled Tribes,Other social groups,1,0,0,1,diff,b,,,,percent,SYNTHETIC,34.51,59.8,smoke-test fabrication; not a census value,SYNTHETIC_SMOKE_VALUE,,,,,,diff,b,True
AgCensus2015-16 T2-4 Assam/Semi-medium/number/SCvsOthers,AgCensus2015-16,T2-4,Assam,Semi-medium,number,SCvsOthers,social_group,Scheduled Castes,Other social groups,1,1,0,0,diff,b,,,,percent,SYNTHETIC,28.63,54.15,smoke-test fabrication; not a census value,SYNTHETIC_SMOKE_VALUE,,,,,,diff,b,True
AgCensus2015-16 T2-4 Assam/Semi-medium/number/SCvsST,AgCensus2015-16,T2-4,Assam,Semi-medium,number,SCvsST,social_group,Scheduled Castes,Scheduled Tribes,1,0,0,1,diff,b,,,,percent,SYNTHETIC,33.04,44.87,smoke-test fabrication; not a census value,SYNTHETIC_SMOKE_VALUE,,,,,,diff,b,True
AgCensus2015-16 T2-4 Assam/Semi-medium/number/STvsOthers,AgCensus2015-16,T2-4,Assam,Semi-medium,number,STvsOthers,social_group,Scheduled Tribes,Other social groups,1,1,0,0,diff,b,,,,percent,SYNTHETIC,21.52,47.44,smoke-test fabrication; not a census value,SYNTHETIC_SMOKE_VALUE,,,,,,diff,b,True
AgCensus2015-16 T2-4 Assam/Small/area/SCvsOthers,AgCensus2015-16,T2-4,Assam,Small,area,SCvsOthers,social_group,Scheduled Castes,Other social groups,1,0,0,1,diff,b,,,,percent,SYNTHETIC,31.37,44.82,smoke-test fabrication; not a census value,SYNTHETIC_SMOKE_VALUE,,,,,,diff,b,True
AgCensus2015-16 T2-4 Assam/Small/area/SCvsST,AgCensus2015-16,T2-4,Assam,Small,area,SCvsST,social_group,Scheduled Castes,Scheduled Tribes,1,0,0,1,diff,b,,,,percent,SYNTHETIC,58.32,78.56,smoke-test fabrication; not a census value,SYNTHETIC_SMOKE_VALUE,,,,,,diff,b,True
AgCensus2015-16 T2-4 Assam/Small/area/STvsOthers,AgCensus2015-16,T2-4,Assam,Small,area,STvsOthers,social_group,Scheduled Tribes,Other social groups,1,0,0,1,diff,b,,,,percent,SYNTHETIC,52.37,69.79,smoke-test fabrication; not a census value,SYNTHETIC_SMOKE_VALUE,,,,,,diff,b,True
AgCensus2015-16 T2-4 Assam/Small/number/SCvsOthers,AgCensus2015-16,T2-4,Assam,Small,number,SCvsOthers,social_group,Scheduled Castes,Other social groups,1,0,0,1,diff,b,,,,percent,SYNTHETIC,36.93,64.36,smoke-test fabrication; not a census value,SYNTHETIC_SMOKE_VALUE,,,,,,diff,b,True
AgCensus2015-16 T2-4 Assam/Small/number/SCvsST,AgCensus2015-16,T2-4,Assam,Small,number,SCvsST,social_group,Scheduled Castes,Scheduled Tribes,1,1,0,0,diff,b,,,,percent,SYNTHETIC,56.11,77.32,smoke-test fabrication; not a census value,SYNTHETIC_SMOKE_VALUE,,,,,,diff,b,True
AgCensus2015-16 T2-4 Assam/Small/number/STvsOthers,AgCensus2015-16,T2-4,Assam,Small,number,STvsOthers,social_group,Scheduled Tribes,Other social groups,1,1,0,0,diff,b,,,,percent,SYNTHETIC,26.42,46.95,smoke-test fabrication; not a census value,SYNTHETIC_SMOKE_VALUE,,,,,,diff,b,True
AgCensus2015-16 T2-4 Bihar/All Classes/area/SCvsOthers,AgCensus2015-16,T2-4,Bihar,All Classes,area,SCvsOthers,social_group,Scheduled Castes,Other social groups,1,0,0,1,diff,b,,,,percent,SYNTHETIC,31.31,52.84,smoke-test fabrication; not a census value,SYNTHETIC_SMOKE_VALUE,,,,,,diff,b,True
AgCensus2015-16 T2-4 Bihar/All Classes/area/STvsOthers,AgCensus2015-16,T2-4,Bihar,All Classes,area,STvsOthers,social_group,Scheduled Tribes,Other social groups,1,0,0,1,diff,b,,,,percent,SYNTHETIC,50.97,70.22,smoke-test fabrication; not a census value,SYNTHETIC_SMOKE_VALUE,,,,,,diff,b,True
AgCensus2015-16 T2-4 Bihar/All Classes/number/SCvsOthers,AgCensus2015-16,T2-4,Bihar,All Classes,number,SCvsOthers,social_group,Scheduled Castes,Other social groups,1,1,0,0,diff,b,,,,percent,SYNTHETIC,36.98,53.07,smoke-test fabrication; not a census value,SYNTHETIC_SMOKE_VALUE,,,,,,diff,b,True
AgCensus2015-16 T2-4 Bihar/All Classes/number/SCvsST,AgCensus2015-16,T2-4,Bihar,All Classes,number,SCvsST,social_group,Scheduled Castes,Scheduled Tribes,1,0,0,1,diff,a,,,,percent,SYNTHETIC,56.28,27.29,smoke-test fabrication; not a census value,SYNTHETIC_SMOKE_VALUE,,,,,,diff,a,True
AgCensus2015-16 T2-4 Bihar/All Classes/number/STvsOthers,AgCensus2015-16,T2-4,Bihar,All Classes,number,STvsOthers,social_group,Scheduled Tribes,Other social groups,1,1,0,0,diff,b,,,,percent,SYNTHETIC,44.38,61.12,smoke-test fabrication; not a census value,SYNTHETIC_SMOKE_VALUE,,,,,,diff,b,True
AgCensus2015-16 T2-4 Bihar/All/area/SmallvsSemi-medium,AgCensus2015-16,T2-4,Bihar,All,area,SmallvsSemi-medium,landholding,small operated area,semi-medium operated area,2,2,0,0,equal,c,,,,percent,SYNTHETIC,53.9,54.02,smoke-test fabrication; not a census value,SYNTHETIC_SMOKE_VALUE,,,,,,equal,c,True
AgCensus2015-16 T2-4 Bihar/All/number/MarginalvsLarge,AgCensus2015-16,T2-4,Bihar,All,number,MarginalvsLarge,landholding,marginal holdings,large holdings,1,1,0,0,diff,a,,,,percent,SYNTHETIC,54.96,32.08,smoke-test fabrication; not a census value,SYNTHETIC_SMOKE_VALUE,,,,,,diff,a,True
AgCensus2015-16 T2-4 Bihar/All/number/MarginalvsMedium,AgCensus2015-16,T2-4,Bihar,All,number,MarginalvsMedium,landholding,marginal holdings,medium holdings,1,1,0,0,diff,a,,,,percent,SYNTHETIC,61.73,33.79,smoke-test fabrication; not a census value,SYNTHETIC_SMOKE_VALUE,,,,,,diff,a,True
AgCensus2015-16 T2-4 Bihar/All/number/MarginalvsSmall,AgCensus2015-16,T2-4,Bihar,All,number,MarginalvsSmall,landholding,marginal holdings,small holdings,1,0,0,1,diff,a,,,,percent,SYNTHETIC,76.72,58.12,smoke-test fabrication; not a census value,SYNTHETIC_SMOKE_VALUE,,,,,,diff,a,True
AgCensus2015-16 T2-4 Bihar/All/number/SmallvsSemi-medium,AgCensus2015-16,T2-4,Bihar,All,number,SmallvsSemi-medium,landholding,small holdings,semi-medium holdings,3,0,0,3,equal,c,,,,percent,SYNTHETIC,36.94,38.43,smoke-test fabrication; not a census value,SYNTHETIC_SMOKE_VALUE,,,,,,equal,c,True
AgCensus2015-16 T2-4 Bihar/Large/area/SCvsOthers,AgCensus2015-16,T2-4,Bihar,Large,area,SCvsOthers,social_group,Scheduled Castes,Other social groups,1,0,0,1,diff,b,,,,percent,SYNTHETIC,22.46,51.91,smoke-test fabrication; not a census value,SYNTHETIC_SMOKE_VALUE,,,,,,diff,b,True
AgCensus2015-16 T2-4 Bihar/Marginal/area/SCvsOthers,AgCensus2015-16,T2-4,Bihar,Marginal,area,SCvsOthers,social_group,Scheduled Castes,Other social groups,1,1,0,0,diff,b,,,,percent,SYNTHETIC,38.34,51.42,smoke-test fabrication; not a census value,SYNTHETIC_SMOKE_VALUE,,,,,,diff,b,True
AgCensus2015-16 T2-4 Bihar/Marginal/area/STvsOthers,AgCensus2015-16,T2-4,Bihar,Marginal,area,STvsOthers,social_group,Scheduled Tribes,Other social groups,1,1,0,0,diff,b,,,,percent,SYNTHETIC,59.17,86.46,smoke-test fabrication; not a census value,SYNTHETIC_SMOKE_VALUE,,,,,,diff,b,True
AgCensus2015-16 T2-4 Bihar/Marginal/number/SCvsOthers,AgCensus2015-16,T2-4,Bihar,Marginal,number,SCvsOthers,social_group,Scheduled Castes,Other social groups,1,0,0,1,diff,b,,,,percent,SYNTHETIC,25.92,48.94,smoke-test fabrication; not a census value,SYNTHETIC_SMOKE_VALUE,,,,,,diff,b,True
AgCensus2015-16 T2-4 Bihar/Marginal/number/SCvsST,AgCensus2015-16,T2-4,Bihar,Marginal,number,SCvsST,social_group,Scheduled Castes,Scheduled Tribes,1,1,0,0,diff,a,,,,percent,SYNTHETIC,52.56,33.87,smoke-test fabrication; not a census value,SYNTHETIC_SMOKE_VALUE,,,,,,diff,a,True
AgCensus2015-16 T2-4 Bihar/Marginal/number/STvsOthers,AgCensus2015-16,T2-4,Bihar,Marginal,number,STvsOthers,social_group,Scheduled Tribes,Other social groups,1,0,1,0,diff,b,,,,percent,SYNTHETIC,24.17,34.71,smoke-test fabrication; not a census value,SYNTHETIC_SMOKE_VALUE,,,,,,diff,b,True
AgCensus2015-16 T2-4 Bihar/Medium/area/SCvsOthers,AgCensus2015-16,T2-4,Bihar,Medium,area,SCvsOthers,social_group,Scheduled Castes,Other social groups,1,1,0,0,diff,b,,,,percent,SYNTHETIC,56.43,82.84,smoke-test fabrication; not a census value,SYNTHETIC_SMOKE_VALUE,,,,,,diff,b,True
AgCensus2015-16 T2-4 Bihar/Medium/area/STvsOthers,AgCensus2015-16,T2-4,Bihar,Medium,area,STvsOthers,social_group,Scheduled Tribes,Other social groups,1,1,0,0,diff,b,,,,percent,SYNTHETIC,35.6,48.08,smoke-test fabrication; not a census value,SYNTHETIC_SMOKE_VALUE,,,,,,diff,b,True
AgCensus2015-16 T2-4 Bihar/Medium/number/SCvsOthers,AgCensus2015-16,T2-4,Bihar,Medium,number,SCvsOthers,social_group,Scheduled Castes,Other social groups,1,1,0,0,diff,b,,,,percent,SYNTHETIC,46.53,68.62,smoke-test fabrication; not a census value,SYNTHETIC_SMOKE_VALUE,,,,,,diff,b,True
AgCensus2015-16 T2-4 Bihar/Medium/number/STvsOthers,AgCensus2015-16,T2-4,Bihar,Medium,number,STvsOthers,social_group,Scheduled Tribes,Other social groups,1,0,0,1,diff,b,,,,percent,SYNTHETIC,38.62,60.99,smoke-test fabrication; not a census value,SYNTHETIC_SMOKE_VALUE,,,,,,diff,b,True
AgCensus2015-16 T2-4 Bihar/ST/area/MediumvsLarge,AgCensus2015-16,T2-4,Bihar,ST,area,MediumvsLarge,landholding,medium operated area,large operated area,2,0,0,2,equal,c,,,,percent,SYNTHETIC,42.81,45.34,smoke-test fabrication; not a census value,SYNTHETIC_SMOKE_VALUE,,,,,,equal,c,True
AgCensus2015-16 T2-4 Bihar/ST/area/SmallvsSemi-medium,AgCensus2015-16,T2-4,Bihar,ST,area,SmallvsSemi-medium,landholding,small operated area,semi-medium operated area,3,3,0,0,equal,c,,,,percent,SYNTHETIC,45.85,46.61,smoke-test fabrication; not a census value,SYNTHETIC_SMOKE_VALUE,,,,,,equal,c,True
AgCensus2015-16 T2-4 Bihar/ST/number/MarginalvsLarge,AgCensus2015-16,T2-4,Bihar,ST,number,MarginalvsLarge,landholding,marginal holdings,large holdings,1,1,0,0,diff,a,,,,percent,SYNTHETIC,76.6,55.48,smoke-test fabrication; not a census value,SYNTHETIC_SMOKE_VALUE,,,,,,diff,a,True
AgCensus2015-16 T2-4 Bihar/ST/number/MarginalvsMedium,AgCensus2015-16,T2-4,Bihar,ST,number,MarginalvsMedium,landholding,marginal holdings,medium holdings,1,0,0,1,diff,a,,,,percent,SYNTHETIC,46.44,29.03,smoke-test fabrication; not a census value,SYNTHETIC_SMOKE_VALUE,,,,,,diff,a,True
AgCensus2015-16 T2-4 Bihar/ST/number/MarginalvsSemi-medium,AgCensus2015-16,T2-4,Bihar,ST,number,MarginalvsSemi-medium,landholding,marginal holdings,semi-medium holdings,1,1,0,0,diff,a,,,,percent,SYNTHETIC,54.2,32.66,smoke-test fabrication; not a census value,SYNTHETIC_SMOKE_VALUE,,,,,,diff,a,True
AgCensus2015-16 T2-4 Bihar/ST/number/MarginalvsSmall,AgCensus2015-16,T2-4,Bihar,ST,number,MarginalvsSmall,landholding,marginal holdings,small holdings,1,1,0,0,diff,a,,,,percent,SYNTHETIC,58.54,28.63,smoke-test fabrication; not a census value,SYNTHETIC_SMOKE_VALUE,,,,,,diff,a,True
AgCensus2015-16 T2-4 Bihar/ST/number/SmallvsSemi-medium,AgCensus2015-16,T2-4,Bihar,ST,number,SmallvsSemi-medium,landholding,small holdings,semi-medium holdings,4,4,0,0,equal,c,,,,percent,SYNTHETIC,55.14,56.8,smoke-test fabrication; not a census value,SYNTHETIC_SMOKE_VALUE,,,,,,equal,c,True
AgCensus2015-16 T2-4 Bihar/Semi-medium/area/SCvsOthers,AgCensus2015-16,T2-4,Bihar,Semi-medium,area,SCvsOthers,social_group,Scheduled Castes,Other social groups,1,1,0,0,diff,b,,,,percent,SYNTHETIC,23.93,35.22,smoke-test fabrication; not a census value,SYNTHETIC_SMOKE_VALUE,,,,,,diff,b,True
AgCensus2015-16 T2-4 Bihar/Semi-medium/area/STvsOthers,AgCensus2015-16,T2-4,Bihar,Semi-medium,area,STvsOthers,social_group,Scheduled Tribes,Other social groups,1,0,1,0,diff,b,,,,percent,SYNTHETIC,23.0,50.36,smoke-test fabrication; not a census value,SYNTHETIC_SMOKE_VALUE,,,,,,diff,b,True
AgCensus2015-16 T2-4 Bihar/Semi-medium/number/SCvsOthers,AgCensus2015-16,T2-4,Bihar,Semi-medium,number,SCvsOthers,social_group,Scheduled Castes,Other social groups,1,1,0,0,diff,b,,,,percent,SYNTHETIC,48.2,72.32,smoke-test fabrication; not a census value,SYNTHETIC_SMOKE_VALUE,,,,,,diff,b,True
AgCensus2015-16 T2-4 Bihar/Semi-medium/number/STvsOthers,AgCensus2015-16,T2-4,Bihar,Semi-medium,number,STvsOthers,social_group,Scheduled Tribes,Other social groups,1,1,0,0,diff,b,,,,percent,SYNTHETIC,35.53,50.47,smoke-test fabrication; not a census value,SYNTHETIC_SMOKE_VALUE,,,,,,diff,b,True
AgCensus2015-16 T2-4 Bihar/Small/area/SCvsOthers,AgCensus2015-16,T2-4,Bihar,Small,area,SCvsOthers,social_group,Scheduled Castes,Other social groups,1,1,0,0,diff,b,,,,percent,SYNTHETIC,29.05,53.31,smoke-test fabrication; not a census value,SYNTHETIC_SMOKE_VALUE,,,,,,diff,b,True
AgCensus2015-16 T2-4 Bihar/Small/area/STvsOthers,AgCensus2015-16,T2-4,Bihar,Small,area,STvsOthers,social_group,Scheduled Tribes,Other social groups,1,1,0,0,diff,b,,,,percent,SYNTHETIC,29.86,46.33,smoke-test fabrication; not a census value,SYNTHETIC_SMOKE_VALUE,,,,,,diff,b,True
AgCensus2015-16 T2-4 Bihar/Small/number/SCvsOthers,AgCensus2015-16,T2-4,Bihar,Small,number,SCvsOthers,social_group,Scheduled Castes,Other social groups,1,0,0,1,diff,b,,,,percent,SYNTHETIC,53.77,74.68,smoke-test fabrication; not a census value,SYNTHETIC_SMOKE_VALUE,,,,,,diff,b,True
AgCensus2015-16 T2-4 Bihar/Small/number/STvsOthers,AgCensus2015-16,T2-4,Bihar,Small,number,STvsOthers,social_group,Scheduled Tribes,Other social groups,1,1,0,0,diff,b,,,,percent,SYNTHETIC,39.06,60.56,smoke-test fabrication; not a census value,SYNTHETIC_SMOKE_VALUE,,,,,,diff,b,True
AgCensus2015-16 T2-4 Chhattisgarh/All Classes/area/SCvsOthers,AgCensus2015-16,T2-4,Chhattisgarh,All Classes,area,SCvsOthers,social_group,Scheduled Castes,Other social groups,1,0,0,1,diff,b,,,,percent,SYNTHETIC,39.17,62.86,smoke-test fabrication; not a census value,SYNTHETIC_SMOKE_VALUE,,,,,,diff,b,True
AgCensus2015-16 T2-4 Chhattisgarh/All Classes/area/SCvsST,AgCensus2015-16,T2-4,Chhattisgarh,All Classes,area,SCvsST,social_group,Scheduled Castes,Scheduled Tribes,1,1,0,0,diff,b,,,,percent,SYNTHETIC,44.68,56.51,smoke-test fabrication; not a census value,SYNTHETIC_SMOKE_VALUE,,,,,,diff,b,True
AgCensus2015-16 T2-4 Chhattisgarh/All Classes/number/SCvsOthers,AgCensus2015-16,T2-4,Chhattisgarh,All Classes,number,SCvsOthers,social_group,Scheduled Castes,Other social groups,1,0,1,0,diff,b,,,,percent,SYNTHETIC,31.54,51.29,smoke-test fabrication; not a census value,SYNTHETIC_SMOKE_VALUE,,,,,,diff,b,True
AgCensus2015-16 T2-4 Chhattisgarh/All Classes/number/SCvsST,AgCensus2015-16,T2-4,Chhattisgarh,All Classes,number,SCvsST,social_group,Scheduled Castes,Scheduled Tribes,1,1,0,0,diff,b,,,,percent,SYNTHETIC,47.14,64.13,smoke-test fabrication; not a census value,SYNTHETIC_SMOKE_VALUE,,,,,,diff,b,True
AgCensus2015-16 T2-4 Chhattisgarh/All/area/MarginalvsMedium,AgCensus2015-16,T2-4,Chhattisgarh,All,area,MarginalvsMedium,landholding,marginal operated area,medium operated area,2,0,0,2,equal,c,,,,percent,SYNTHETIC,28.9,30.28,smoke-test fabrication; not a census value,SYNTHETIC_SMOKE_VALUE,,,,,,equal,c,True
AgCensus2015-16 T2-4 Chhattisgarh/All/area/MarginalvsSmall,AgCensus2015-16,T2-4,Chhattisgarh,All,area,MarginalvsSmall,landholding,marginal operated area,small operated area,3,0,0,3,equal,c,,,,percent,SYNTHETIC,52.93,56.3,smoke-test fabrication; not a census value,SYNTHETIC_SMOKE_VALUE,,,,,,equal,c,True
AgCensus2015-16 T2-4 Chhattisgarh/All/area/SmallvsMedium,AgCensus2015-16,T2-4,Chhattisgarh,All,area,SmallvsMedium,landholding,small operated area,medium operated area,1,0,0,1,equal,c,,,,percent,SYNTHETIC,32.84,33.71,smoke-test fabrication; not a census value,SYNTHETIC_SMOKE_VALUE,,,,,,equal,c,True
AgCensus2015-16 T2-4 Chhattisgarh/All/area/SmallvsSemi-medium,AgCensus2015-16,T2-4,Chhattisgarh,All,area,SmallvsSemi-medium,landholding,small operated area,semi-medium operated area,3,0,0,3,equal,c,,,,percent,SYNTHETIC,55.8,59.37,smoke-test fabrication; not a census value,SYNTHETIC_SMOKE_VALUE,,,,,,equal,c,True
AgCensus2015-16 T2-4 Chhattisgarh/All/number/MarginalvsLarge,AgCensus2015-16,T2-4,Chhattisgarh,All,number,MarginalvsLarge,landholding,marginal holdings,large holdings,1,0,0,1,diff,a,,,,percent,SYNTHETIC,54.88,39.93,smoke-test fabrication; not a census value,SYNTHETIC_SMOKE_VALUE,,,,,,diff,a,True
AgCensus2015-16 T2-4 Chhattisgarh/All/number/MarginalvsMedium,AgCensus2015-16,T2-4,Chhattisgarh,All,number,MarginalvsMedium,landholding,marginal holdings,medium holdings,1,1,0,0,diff,a,,,,percent,SYNTHETIC,81.52,56.13,smoke-test fabrication; not a census value,SYNTHETIC_SMOKE_VALUE,,,,,,diff,a,True
AgCensus2015-16 T2-4 Chhattisgarh/All/number/MarginalvsSemi-medium,AgCensus2015-16,T2-4,Chhattisgarh,All,number,MarginalvsSemi-medium,landholding,marginal holdings,semi-medium holdings,1,1,0,0,diff,a,,,,percent,SYNTHETIC,56.53,44.85,smoke-test fabrication; not a census value,SYNTHETIC_SMOKE_VALUE,,,,,,diff,a,True
AgCensus2015-16 T2-4 Chhattisgarh/All/number/MarginalvsSmall,AgCensus2015-16,T2-4,Chhattisgarh,All,number,MarginalvsSmall,landholding,marginal holdings,small holdings,1,0,0,1,diff,a,,,,percent,SYNTHETIC,52.89,24.78,smoke-test fabrication; not a census value,SYNTHETIC_SMOKE_VALUE,,,,,,diff,a,True
AgCensus2015-16 T2-4 Chhattisgarh/All/number/Semi-mediumvsLarge,AgCensus2015-16,T2-4,Chhattisgarh,All,number,Semi-mediumvsLarge,landholding,semi-medium holdings,large holdings,1,0,0,1,diff,a,,,,percent,SYNTHETIC,51.07,26.88,smoke-test fabrication; not a census value,SYNTHETIC_SMOKE_VALUE,,,,,,diff,a,True
AgCensus2015-16 T2-4 Chhattisgarh/All/number/SmallvsLarge,AgCensus2015-16,T2-4,Chhattisgarh,All,number,SmallvsLarge,landholding,small holdings,large holdings,1,1,0,0,diff,a,,,,percent,SYNTHETIC,36.92,20.43,smoke-test fabrication; not a census value,SYNTHETIC_SMOKE_VALUE,,,,,,diff,a,True
AgCensus2015-16 T2-4 Chhattisgarh/All/number/SmallvsMedium,AgCensus2015-16,T2-4,Chhattisgarh,All,number,SmallvsMedium,landholding,small holdings,medium holdings,1,0,1,0,diff,a,,,,percent,SYNTHETIC,64.85,42.12,smoke-test fabrication; not a census value,SYNTHETIC_SMOKE_VALUE,,,,,,diff,a,True
AgCensus2015-16 T2-4 Chhattisgarh/Large/area/SCvsOthers,AgCensus2015-16,T2-4,Chhattisgarh,Large,area,SCvsOthers,social_group,Scheduled Castes,Other social groups,1,1,0,0,diff,b,,,,percent,SYNTHETIC,20.11,44.92,smoke-test fabrication; not a census value,SYNTHETIC_SMOKE_VALUE,,,,,,diff,b,True
AgCensus2015-16 T2-4 Chhattisgarh/Large/area/STvsOthers,AgCensus2015-16,T2-4,Chhattisgarh,Large,area,STvsOthers,social_group,Scheduled Tribes,Other social groups,1,0,1,0,diff,a,,,,percent,SYNTHETIC,42.76,28.48,smoke-test fabrication; not a census value,SYNTHETIC_SMOKE_VALUE,,,,,,diff,a,True
AgCensus2015-16 T2-4 Chhattisgarh/Large/number/SCvsOthers,AgCensus2015-16,T2-4,Chhattisgarh,Large,number,SCvsOthers,social_group,Scheduled Castes,Other social groups,1,0,1,0,diff,b,,,,percent,SYNTHETIC,33.65,56.97,smoke-test fabrication; not a census value,SYNTHETIC_SMOKE_VALUE,,,,,,diff,b,True
AgCensus2015-16 T2-4 Chhattisgarh/Large/number/SCvsST,AgCensus2015-16,T2-4,Chhattisgarh,Large,number,SCvsST,social_group,Scheduled Castes,Scheduled Tribes,1,1,0,0,diff,b,,,,percent,SYNTHETIC,53.41,79.23,smoke-test fabrication; not a census value,SYNTHETIC_SMOKE_VALUE,,,,,,diff,b,True
AgCensus2015-16 T2-4 Chhattisgarh/Large/number/STvsOthers,AgCensus2015-16,T2-4,Chhattisgarh,Large,number,STvsOthers,social_group,Scheduled Tribes,Other social groups,1,0,1,0,diff,a,,,,percent,SYNTHETIC,62.22,50.97,smoke-test fabrication; not a census value,SYNTHETIC_SMOKE_VALUE,,,,,,diff,a,True
AgCensus2015-16 T2-4 Chhattisgarh/Marginal/area/SCvsOthers,AgCensus2015-16,T2-4,Chhattisgarh,Marginal,area,SCvsOthers,social_group,Scheduled Castes,Other social groups,1,1,0,0,diff,b,,,,percent,SYNTHETIC,44.13,73.97,smoke-test fabrication; not a census value,SYNTHETIC_SMOKE_VALUE,,,,,,diff,b,True
AgCensus2015-16 T2-4 Chhattisgarh/Marginal/area/SCvsST,AgCensus2015-16,T2-4,Chhattisgarh,Marginal,area,SCvsST,social_group,Scheduled Castes,Scheduled Tribes,1,1,0,0,diff,b,,,,percent,SYNTHETIC,25.78,35.84,smoke-test fabrication; not a census value,SYNTHETIC_SMOKE_VALUE,,,,,,diff,b,True
AgCensus2015-16 T2-4 Chhattisgarh/Marginal/area/STvsOthers,AgCensus2015-16,T2-4,Chhattisgarh,Marginal,area,STvsOthers,social_group,Scheduled Tribes,Other social groups,1,0,0,1,diff,b,,,,percent,SYNTHETIC,45.44,67.66,smoke-test fabrication; not a census value,SYNTHETIC_SMOKE_VALUE,,,,,,diff,b,True
AgCensus2015-16 T2-4 Chhattisgarh/Marginal/number/SCvsOthers,AgCensus2015-16,T2-4,Chhattisgarh,Marginal,number,SCvsOthers,social_group,Scheduled Castes,Other social groups,1,0,0,1,diff,b,,,,percent,SYNTHETIC,38.38,51.34,smoke-test fabrication; not a census value,SYNTHETIC_SMOKE_VALUE,,,,,,diff,b,True
AgCensus2015-16 T2-4 Chhattisgarh/Marginal/number/STvsOthers,AgCensus2015-16,T2-4,Chhattisgarh,Marginal,number,STvsOthers,social_group,Scheduled Tribes,Other social groups,1,1,0,0,diff,b,,,,percent,SYNTHETIC,44.57,73.57,smoke-test fabrication; not a census value,SYNTHETIC_SMOKE_VALUE,,,,,,diff,b,True
AgCensus2015-16 T2-4 Chhattisgarh/Medium/area/SCvsOthers,AgCensus2015-16,T2-4,Chhattisgarh,Medium,area,SCvsOthers,social_group,Scheduled Castes,Other social groups,1,0,0,1,diff,b,,,,percent,SYNTHETIC,27.86,48.04,smoke-test fabrication; not a census value,SYNTHETIC_SMOKE_VALUE,,,,,,diff,b,True
AgCensus2015-16 T2-4 Chhattisgarh/Medium/area/SCvsST,AgCensus2015-16,T2-4,Chhattisgarh,Medium,area,SCvsST,social_group,Scheduled Castes,Scheduled Tribes,1,1,0,0,diff,b,,,,percent,SYNTHETIC,43.6,54.31,smoke-test fabrication; not a census value,SYNTHETIC_SMOKE_VALUE,,,,,,diff,b,True
AgCensus2015-16 T2-4 Chhattisgarh/Medium/area/STvsOthers,AgCensus2015-16,T2-4,Chhattisgarh,Medium,area,STvsOthers,social_group,Scheduled Tribes,Other social groups,1,1,0,0,diff,a,,,,percent,SYNTHETIC,82.64,53.65,smoke-test fabrication; not a census value,SYNTHETIC_SMOKE_VALUE,,,,,,diff,a,True
AgCensus2015-16 T2-4 Chhattisgarh/Medium/number/SCvsOthers,AgCensus2015-16,T2-4,Chhattisgarh,Medium,number,SCvsOthers,social_group,Scheduled Castes,Other social groups,1,0,0,1,diff,b,,,,percent,SYNTHETIC,45.45,67.55,smoke-test fabrication; not a census value,SYNTHETIC_SMOKE_VALUE,,,,,,diff,b,True
AgCensus2015-16 T2-4 Chhattisgarh/Medium/number/SCvsST,AgCensus2015-16,T2-4,Chhattisgarh,Medium,number,SCvsST,social_group,Scheduled Castes,Scheduled Tribes,1,0,1,0,diff,b,,,,percent,SYNTHETIC,33.47,45.92,smoke-test fabrication; not a census value,SYNTHETIC_SMOKE_VALUE,,,,,,diff,b,True
AgCensus2015-16 T2-4 Chhattisgarh/SC/number/MarginalvsLarge,AgCensus2015-16,T2-4,Chhattisgarh,SC,number,MarginalvsLarge,landholding,marginal holdings,large holdings,1,1,0,0,diff,a,,,,percent,SYNTHETIC,76.6,47.69,smoke-test fabrication; not a census value,SYNTHETIC_SMOKE_VALUE,,,,,,diff,a,True
AgCensus2015-16 T2-4 Chhattisgarh/SC/number/MarginalvsMedium,AgCensus2015-16,T2-4,Chhattisgarh,SC,number,MarginalvsMedium,landholding,marginal holdings,medium holdings,1,0,0,1,diff,a,,,,percent,SYNTHETIC,43.87,26.55,smoke-test fabrication; not a census value,SYNTHETIC_SMOKE_VALUE,,,,,,diff,a,True
AgCensus2015-16 T2-4 Chhattisgarh/SC/number/MarginalvsSemi-medium,AgCensus2015-16,T2-4,Chhattisgarh,SC,number,MarginalvsSemi-medium,landholding,marginal holdings,semi-medium holdings,1,0,0,1,diff,a,,,,percent,SYNTHETIC,48.42,36.85,smoke-test fabrication; not a census value,SYNTHETIC_SMOKE_VALUE,,,,,,diff,a,True
AgCensus2015-16 T2-4 Chhattisgarh/SC/number/MarginalvsSmall,AgCensus2015-16,T2-4,Chhattisgarh,SC,number,MarginalvsSmall,landholding,marginal holdings,small holdings,1,1,0,0,diff,a,,,,percent,SYNTHETIC,62.88,50.76,smoke-test fabrication; not a census value,SYNTHETIC_SMOKE_VALUE,,,,,,diff,a,True
AgCensus2015-16 T2-4 Chhattisgarh/SC/number/SmallvsLarge,AgCensus2015-16,T2-4,Chhattisgarh,SC,number,SmallvsLarge,landholding,small holdings,large holdings,1,0,0,1,diff,a,,,,percent,SYNTHETIC,51.06,30.65,smoke-test fabrication; not a census value,SYNTHETIC_SMOKE_VALUE,,,,,,diff,a,True
AgCensus2015-16 T2-4 Chhattisgarh/SC/number/SmallvsMedium,AgCensus2015-16,T2-4,Chhattisgarh,SC,number,SmallvsMedium,landholding,small holdings,medium holdings,1,1,0,0,diff,a,,,,percent,SYNTHETIC,49.73,21.59,smoke-test fabrication; not a census value,SYNTHETIC_SMOKE_VALUE,,,,,,diff,a,True
AgCensus2015-16 T2-4 Chhattisgarh/SC/number/SmallvsSemi-medium,AgCensus2015-16,T2-4,Chhattisgarh,SC,number,SmallvsSemi-medium,landholding,small holdings,semi-medium holdings,1,1,0,0,diff,a,,,,percent,SYNTHETIC,72.57,45.59,smoke-test fabrication; not a census value,SYNTHETIC_SMOKE_VALUE,,,,,,diff,a,True
AgCensus2015-16 T2-4 Chhattisgarh/ST/area/MarginalvsLarge,AgCensus2015-16,T2-4,Chhattisgarh,ST,area,MarginalvsLarge,landholding,marginal operated area,large operated area,1,0,0,1,equal,c,,,,percent,SYNTHETIC,32.38,35.09,smoke-test fabrication; not a census value,SYNTHETIC_SMOKE_VALUE,,,,,,equal,c,True
AgCensus2015-16 T2-4 Chhattisgarh/ST/number/MarginalvsLarge,AgCensus2015-16,T2-4,Chhattisgarh,ST,number,MarginalvsLarge,landholding,marginal holdings,large holdings,1,1,0,0,diff,a,,,,percent,SYNTHETIC,40.36,23.3,smoke-test fabrication; not a census value,SYNTHETIC_SMOKE_VALUE,,,,,,diff,a,True
AgCensus2015-16 T2-4 Chhattisgarh/ST/number/MarginalvsMedium,AgCensus2015-16,T2-4,Chhattisgarh,ST,number,MarginalvsMedium,landholding,marginal holdings,medium holdings,1,1,0,0,diff,a,,,,percent,SYNTHETIC,72.72,46.8,smoke-test fabrication; not a census value,SYNTHETIC_SMOKE_VALUE,,,,,,diff,a,True
AgCensus2015-16 T2-4 Chhattisgarh/ST/number/MarginalvsSemi-medium,AgCensus2015-16,T2-4,Chhattisgarh,ST,number,MarginalvsSemi-medium,landholding,marginal holdings,semi-medium holdings,1,0,1,0,diff,a,,,,percent,SYNTHETIC,72.4,49.23,smoke-test fabrication; not a census value,SYNTHETIC_SMOKE_VALUE,,,,,,diff,a,True
AgCensus2015-16 T2-4 Chhattisgarh/ST/number/MarginalvsSmall,AgCensus2015-16,T2-4,Chhattisgarh,ST,number,MarginalvsSmall,landholding,marginal holdings,small holdings,1,1,0,0,diff,a,,,,percent,SYNTHETIC,68.51,46.81,smoke-test fabrication; not a census value,SYNTHETIC_SMOKE_VALUE,,,,,,diff,a,True
AgCensus2015-16 T2-4 Chhattisgarh/ST/number/Semi-mediumvsLarge,AgCensus2015-16,T2-4,Chhattisgarh,ST,number,Semi-mediumvsLarge,landholding,semi-medium holdings,large holdings,1,1,0,0,diff,a,,,,percent,SYNTHETIC,60.89,46.61,smoke-test fabrication; not a census value,SYNTHETIC_SMOKE_VALUE,,,,,,diff,a,True
AgCensus2015-16 T2-4 Chhattisgarh/ST/number/Semi-mediumvsMedium,AgCensus2015-16,T2-4,Chhattisgarh,ST,number,Semi-mediumvsMedium,landholding,semi-medium holdings,medium holdings,1,1,0,0,diff,a,,,,percent,SYNTHETIC,66.3,45.15,smoke-test fabrication; not a census value,SYNTHETIC_SMOKE_VALUE,,,,,,diff,a,True
AgCensus2015-16 T2-4 Chhattisgarh/ST/number/SmallvsMedium,AgCensus2015-16,T2-4,Chhattisgarh,ST,number,SmallvsMedium,landholding,small holdings,medium holdings,1,1,0,0,diff,a,,,,percent,SYNTHETIC,45.1,21.99,smoke-test fabrication; not a census value,SYNTHETIC_SMOKE_VALUE,,,,,,diff,a,True
AgCensus2015-16 T2-4 Chhattisgarh/Semi-medium/area/SCvsOthers,AgCensus2015-16,T2-4,Chhattisgarh,Semi-medium,area,SCvsOthers,social_group,Scheduled Castes,Other social groups,1,1,0,0,diff,b,,,,percent,SYNTHETIC,59.27,81.93,smoke-test fabrication; not a census value,SYNTHETIC_SMOKE_VALUE,,,,,,diff,b,True
AgCensus2015-16 T2-4 Chhattisgarh/Semi-medium/area/SCvsST,AgCensus2015-16,T2-4,Chhattisgarh,Semi-medium,area,SCvsST,social_group,Scheduled Castes,Scheduled Tribes,1,1,0,0,diff,b,,,,percent,SYNTHETIC,36.99,63.34,smoke-test fabrication; not a census value,SYNTHETIC_SMOKE_VALUE,,,,,,diff,b,True
AgCensus2015-16 T2-4 Chhattisgarh/Semi-medium/area/STvsOthers,AgCensus2015-16,T2-4,Chhattisgarh,Semi-medium,area,STvsOthers,social_group,Scheduled Tribes,Other social groups,8,8,0,0,equal,c,,,,percent,SYNTHETIC,57.52,61.71,smoke-test fabrication; not a census value,SYNTHETIC_SMOKE_VALUE,,,,,,equal,c,True
AgCensus2015-16 T2-4 Chhattisgarh/Semi-medium/number/SCvsOthers,AgCensus2015-16,T2-4,Chhattisgarh,Semi-medium,number,SCvsOthers,social_group,Scheduled Castes,Other social groups,1,1,0,0,diff,b,,,,percent,SYNTHETIC,52.03,78.06,smoke-test fabrication; not a census value,SYNTHETIC_SMOKE_VALUE,,,,,,diff,b,True
AgCensus2015-16 T2-4 Chhattisgarh/Semi-medium/number/SCvsST,AgCensus2015-16,T2-4,Chhattisgarh,Semi-medium,number,SCvsST,social_group,Scheduled Castes,Scheduled Tribes,1,0,0,1,diff,b,,,,percent,SYNTHETIC,46.32,61.99,smoke-test fabrication; not a census value,SYNTHETIC_SMOKE_VALUE,,,,,,diff,b,True
AgCensus2015-16 T2-4 Chhattisgarh/Semi-medium/number/STvsOthers,AgCensus2015-16,T2-4,Chhattisgarh,Semi-medium,number,STvsOthers,social_group,Scheduled Tribes,Other social groups,8,8,0,0,equal,c,,,,percent,SYNTHETIC,39.74,42.38,smoke-test fabrication; not a census value,SYNTHETIC_SMOKE_VALUE,,,,,,equal,c,True
AgCensus2015-16 T2-4 Chhattisgarh/Small/area/SCvsOthers,AgCensus2015-16,T2-4,Chhattisgarh,Small,area,SCvsOthers,social_group,Scheduled Castes,Other social groups,1,0,0,1,diff,b,,,,percent,SYNTHETIC,46.0,58.35,smoke-test fabrication; not a census value,SYNTHETIC_SMOKE_VALUE,,,,,,diff,b,True
AgCensus2015-16 T2-4 Chhattisgarh/Small/area/SCvsST,AgCensus2015-16,T2-4,Chhattisgarh,Small,area,SCvsST,social_group,Scheduled Castes,Scheduled Tribes,1,0,0,1,diff,b,,,,percent,SYNTHETIC,59.19,72.49,smoke-test fabrication; not a census value,SYNTHETIC_SMOKE_VALUE,,,,,,diff,b,True
AgCensus2015-16 T2-4 Chhattisgarh/Small/number/SCvsOthers,AgCensus2015-16,T2-4,Chhattisgarh,Small,number,SCvsOthers,social_group,Scheduled Castes,Other social groups,1,0,0,1,diff,b,,,,percent,SYNTHETIC,54.43,66.69,smoke-test fabrication; not a census value,SYNTHETIC_SMOKE_VALUE,,,,,,diff,b,True
AgCensus2015-16 T2-4 Chhattisgarh/Small/number/SCvsST,AgCensus2015-16,T2-4,Chhattisgarh,Small,number,SCvsST,social_group,Scheduled Castes,Scheduled Tribes,1,0,0,1,diff,b,,,,percent,SYNTHETIC,39.96,67.81,smoke-test fabrication; not a census value,SYNTHETIC_SMOKE_VALUE,,,,,,diff,b,True
AgCensus2015-16 T2-4 Chhattisgarh/Small/number/STvsOthers,AgCensus2015-16,T2-4,Chhattisgarh,Small,number,STvsOthers,social_group,Scheduled Tribes,Other social groups,1,1,0,0,diff,b,,,,percent,SYNTHETIC,27.41,44.15,smoke-test fabrication; not a census value,SYNTHETIC_SMOKE_VALUE,,,,,,diff,b,True
AgCensus2015-16 T2-4 D & N Haveli/All Classes/area/SCvsOthers,AgCensus2015-16,T2-4,D & N Haveli,All Classes,area,SCvsOthers,social_group,Scheduled Castes,Other social groups,1,0,0,1,diff,b,,,,percent,SYNTHETIC,42.94,64.23,smoke-test fabrication; not a census value,SYNTHETIC_SMOKE_VALUE,,,,,,diff,b,True
AgCensus2015-16 T2-4 D & N Haveli/All Classes/area/SCvsST,AgCensus2015-16,T2-4,D & N Haveli,All Classes,area,SCvsST,social_group,Scheduled Castes,Scheduled Tribes,1,1,0,0,diff,b,,,,percent,SYNTHETIC,54.88,84.17,smoke-test fabrication; not a census value,SYNTHETIC_SMOKE_VALUE,,,,,,diff,b,True
AgCensus2015-16 T2-4 D & N Haveli/All Classes/area/STvsOthers,AgCensus2015-16,T2-4,D & N Haveli,All Classes,area,STvsOthers,social_group,Scheduled Tribes,Other social groups,1,0,0,1,diff,a,,,,percent,SYNTHETIC,61.52,49.26,smoke-test fabrication; not a census value,SYNTHETIC_SMOKE_VALUE,,,,,,diff,a,True
AgCensus2015-16 T2-4 D & N Haveli/All/area/MarginalvsMedium,AgCensus2015-16,T2-4,D & N Haveli,All,area,MarginalvsMedium,landholding,marginal operated area,medium operated area,4,4,0,0,equal,c,,,,percent,SYNTHETIC,36.62,38.18,smoke-test fabrication; not a census value,SYNTHETIC_SMOKE_VALUE,,,,,,equal,c,True
AgCensus2015-16 T2-4 D & N Haveli/All/area/MarginalvsSemi-medium,AgCensus2015-16,T2-4,D & N Haveli,All,area,MarginalvsSemi-medium,landholding,marginal operated area,semi-medium operated area,3,3,0,0,equal,c,,,,percent,SYNTHETIC,37.55,41.65,smoke-test fabrication; not a census value,SYNTHETIC_SMOKE_VALUE,,,,,,equal,c,True
AgCensus2015-16 T2-4 D & N Haveli/All/area/MarginalvsSmall,AgCensus2015-16,T2-4,D & N Haveli,All,area,MarginalvsSmall,landholding,marginal operated area,small operated area,4,4,0,0,equal,c,,,,percent,SYNTHETIC,56.44,56.73,smoke-test fabrication; not a census value,SYNTHETIC_SMOKE_VALUE,,,,,,equal,c,True
AgCensus2015-16 T2-4 D & N Haveli/All/area/Semi-mediumvsMedium,AgCensus2015-16,T2-4,D & N Haveli,All,area,Semi-mediumvsMedium,landholding,semi-medium operated area,medium operated area,4,4,0,0,equal,c,,,,percent,SYNTHETIC,33.6,35.71,smoke-test fabrication; not a census value,SYNTHETIC_SMOKE_VALUE,,,,,,equal,c,True
AgCensus2015-16 T2-4 D & N Haveli/All/area/SmallvsMedium,AgCensus2015-16,T2-4,D & N Haveli,All,area,SmallvsMedium,landholding,small operated area,medium operated area,4,0,0,4,equal,c,,,,percent,SYNTHETIC,26.01,29.15,smoke-test fabrication; not a census value,SYNTHETIC_SMOKE_VALUE,,,,,,equal,c,True
AgCensus2015-16 T2-4 D & N Haveli/All/area/SmallvsSemi-medium,AgCensus2015-16,T2-4,D & N Haveli,All,area,SmallvsSemi-medium,landholding,small operated area,semi-medium operated area,3,3,0,0,equal,c,,,,percent,SYNTHETIC,55.97,58.29,smoke-test fabrication; not a census value,SYNTHETIC_SMOKE_VALUE,,,,,,equal,c,True
AgCensus2015-16 T2-4 Delhi/All Classes/area/SCvsOthers,AgCensus2015-16,T2-4,Delhi,All Classes,area,SCvsOthers,social_group,Scheduled Castes,Other social groups,1,0,0,1,diff,b,,,,percent,SYNTHETIC,55.84,75.23,smoke-test fabrication; not a census value,SYNTHETIC_SMOKE_VALUE,,,,,,diff,b,True
AgCensus2015-16 T2-4 Delhi/All Classes/area/STvsOthers,AgCensus2015-16,T2-4,Delhi,All Classes,area,STvsOthers,social_group,Scheduled Tribes,Other social groups,1,0,0,1,diff,b,,,,percent,SYNTHETIC,54.3,78.32,smoke-test fabrication; not a census value,SYNTHETIC_SMOKE_VALUE,,,,,,diff,b,True
AgCensus2015-16 T2-4 Delhi/All Classes/number/SCvsOthers,AgCensus2015-16,T2-4,Delhi,All Classes,number,SCvsOthers,social_group,Scheduled Castes,Other social groups,1,1,0,0,diff,b,,,,percent,SYNTHETIC,29.88,46.53,smoke-test fabrication; not a census value,SYNTHETIC_SMOKE_VALUE,,,,,,diff,b,True
AgCensus2015-16 T2-4 Delhi/All Classes/number/STvsOthers,AgCensus2015-16,T2-4,Delhi,All Classes,number,STvsOthers,social_group,Scheduled Tribes,Other social groups,1,1,0,0,diff,b,,,,percent,SYNTHETIC,39.9,61.06,smoke-test fabrication; not a census value,SYNTHETIC_SMOKE_VALUE,,,,,,diff,b,True
AgCensus2015-16 T2-4 Delhi/All/area/Semi-mediumvsMedium,AgCensus2015-16,T2-4,Delhi,All,area,Semi-mediumvsMedium,landholding,semi-medium operated area,medium operated area,3,0,0,3,equal,c,,,,percent,SYNTHETIC,40.33,40.51,smoke-test fabrication; not a census value,SYNTHETIC_SMOKE_VALUE,,,,,,equal,c,True
AgCensus2015-16 T2-4 Delhi/All/area/SmallvsMedium,AgCensus2015-16,T2-4,Delhi,All,area,SmallvsMedium,landholding,small operated area,medium operated area,3,0,0,3,equal,c,,,,percent,SYNTHETIC,25.14,28.98,smoke-test fabrication; not a census value,SYNTHETIC_SMOKE_VALUE,,,,,,equal,c,True
AgCensus2015-16 T2-4 Delhi/All/area/SmallvsSemi-medium,AgCensus2015-16,T2-4,Delhi,All,area,SmallvsSemi-medium,landholding,small operated area,semi-medium operated area,4,4,0,0,equal,c,,,,percent,SYNTHETIC,35.12,35.15,smoke-test fabrication; not a census value,SYNTHETIC_SMOKE_VALUE,,,,,,equal,c,True
AgCensus2015-16 T2-4 Delhi/All/number/MarginalvsLarge,AgCensus2015-16,T2-4,Delhi,All,number,MarginalvsLarge,landholding,marginal holdings,large holdings,1,1,0,0,diff,a,,,,percent,SYNTHETIC,44.8,34.55,smoke-test fabrication; not a census value,SYNTHETIC_SMOKE_VALUE,,,,,,diff,a,True
AgCensus2015-16 T2-4 Delhi/All/number/MarginalvsMedium,AgCensus2015-16,T2-4,Delhi,All,number,MarginalvsMedium,landholding,marginal holdings,medium holdings,1,1,0,0,diff,a,,,,percent,SYNTHETIC,65.78,53.19,smoke-test fabrication; not a census value,SYNTHETIC_SMOKE_VALUE,,,,,,diff,a,True
AgCensus2015-16 T2-4 Delhi/All/number/MarginalvsSemi-medium,AgCensus2015-16,T2-4,Delhi,All,number,MarginalvsSemi-medium,landholding,marginal holdings,semi-medium holdings,1,1,0,0,diff,a,,,,percent,SYNTHETIC,69.04,55.6,smoke-test fabrication; not a census value,SYNTHETIC_SMOKE_VALUE,,,,,,diff,a,True
AgCensus2015-16 T2-4 Delhi/All/number/MarginalvsSmall,AgCensus2015-16,T2-4,Delhi,All,number,MarginalvsSmall,landholding,marginal holdings,small holdings,1,0,1,0,diff,a,,,,percent,SYNTHETIC,75.64,51.12,smoke-test fabrication; not a census value,SYNTHETIC_SMOKE_VALUE,,,,,,diff,a,True
AgCensus2015-16 T2-4 Delhi/All/number/Semi-mediumvsLarge,AgCensus2015-16,T2-4,Delhi,All,number,Semi-mediumvsLarge,landholding,semi-medium holdings,large holdings,1,0,0,1,diff,a,,,,percent,SYNTHETIC,72.53,55.92,smoke-test fabrication; not a census value,SYNTHETIC_SMOKE_VALUE,,,,,,diff,a,True
AgCensus2015-16 T2-4 Delhi/All/number/SmallvsLarge,AgCensus2015-16,T2-4,Delhi,All,number,SmallvsLarge,landholding,small holdings,large holdings,1,1,0,0,diff,a,,,,percent,SYNTHETIC,69.6,56.3,smoke-test fabrication; not a census value,SYNTHETIC_SMOKE_VALUE,,,,,,diff,a,True
AgCensus2015-16 T2-4 Delhi/All/number/SmallvsMedium,AgCensus2015-16,T2-4,Delhi,All,number,SmallvsMedium,landholding,small holdings,medium holdings,1,1,0,0,diff,a,,,,percent,SYNTHETIC,60.72,47.48,smoke-test fabrication; not a census value,SYNTHETIC_SMOKE_VALUE,,,,,,diff,a,True
AgCensus2015-16 T2-4 Goa/All Classes/area/SCvsOthers,AgCensus2015-16,T2-4,Goa,All Classes,area,SCvsOthers,social_group,Scheduled Castes,Other social groups,1,0,0,1,diff,b,,,,percent,SYNTHETIC,42.62,65.95,smoke-test fabrication; not a census value,SYNTHETIC_SMOKE_VALUE,,,,,,diff,b,True
AgCensus2015-16 T2-4 Goa/All Classes/area/SCvsST,AgCensus2015-16,T2-4,Goa,All Classes,area,SCvsST,social_group,Scheduled Castes,Scheduled Tribes,1,0,1,0,diff,b,,,,percent,SYNTHETIC,39.72,62.74,smoke-test fabrication; not a census value,SYNTHETIC_SMOKE_VALUE,,,,,,diff,b,True
AgCensus2015-16 T2-4 Goa/All Classes/area/STvsOthers,AgCensus2015-16,T2-4,Goa,All Classes,area,STvsOthers,social_group,Scheduled Tribes,Other social groups,1,0,0,1,diff,b,,,,percent,SYNTHETIC,46.68,62.0,smoke-test fabrication; not a census value,SYNTHETIC_SMOKE_VALUE,,,,,,diff,b,True
AgCensus2015-16 T2-4 Goa/All Classes/number/SCvsOthers,AgCensus2015-16,T2-4,Goa,All Classes,number,SCvsOthers,social_group,Scheduled Castes,Other social groups,1,1,0,0,diff,b,,,,percent,SYNTHETIC,31.72,61.54,smoke-test fabrication; not a census value,SYNTHETIC_SMOKE_VALUE,,,,,,diff,b,True
AgCensus2015-16 T2-4 Goa/All Classes/number/SCvsST,AgCensus2015-16,T2-4,Goa,All Classes,number,SCvsST,social_group,Scheduled Castes,Scheduled Tribes,1,1,0,0,diff,b,,,,percent,SYNTHETIC,41.58,61.3,smoke-test fabrication; not a census value,SYNTHETIC_SMOKE_VALUE,,,,,,diff,b,True
AgCensus2015-16 T2-4 Goa/All Classes/number/STvsOthers,AgCensus2015-16,T2-4,Goa,All Classes,number,STvsOthers,social_group,Scheduled Tribes,Other social groups,1,1,0,0,diff,b,,,,percent,SYNTHETIC,40.84,52.59,smoke-test fabrication; not a census value,SYNTHETIC_SMOKE_VALUE,,,,,,diff,b,True
AgCensus2015-16 T2-4 Goa/All/area/MediumvsLarge,AgCensus2015-16,T2-4,Goa,All,area,MediumvsLarge,landholding,medium operated area,large operated area,4,0,0,4,equal,c,,,,percent,SYNTHETIC,55.43,58.51,smoke-test fabrication; not a census value,SYNTHETIC_SMOKE_VALUE,,,,,,equal,c,True
AgCensus2015-16 T2-4 Goa/All/area/Semi-mediumvsLarge,AgCensus2015-16,T2-4,Goa,All,area,Semi-mediumvsLarge,landholding,semi-medium operated area,large operated area,3,3,0,0,equal,c,,,,percent,SYNTHETIC,57.96,61.61,smoke-test fabrication; not a census value,SYNTHETIC_SMOKE_VALUE,,,,,,equal,c,True
AgCensus2015-16 T2-4 Goa/All/area/Semi-mediumvsMedium,AgCensus2015-16,T2-4,Goa,All,area,Semi-mediumvsMedium,landholding,semi-medium operated area,medium operated area,3,3,0,0,equal,c,,,,percent,SYNTHETIC,48.55,49.88,smoke-test fabrication; not a census value,SYNTHETIC_SMOKE_VALUE,,,,,,equal,c,True
AgCensus2015-16 T2-4 Goa/All/area/SmallvsLarge,AgCensus2015-16,T2-4,Goa,All,area,SmallvsLarge,landholding,small operated area,large operated area,3,0,0,3,equal,c,,,,percent,SYNTHETIC,20.09,23.41,smoke-test fabrication; not a census value,SYNTHETIC_SMOKE_VALUE,,,,,,equal,c,True
AgCensus2015-16 T2-4 Goa/All/area/SmallvsMedium,AgCensus2015-16,T2-4,Goa,All,area,SmallvsMedium,landholding,small operated area,medium operated area,3,0,0,3,equal,c,,,,percent,SYNTHETIC,45.6,47.84,smoke-test fabrication; not a census value,SYNTHETIC_SMOKE_VALUE,,,,,,equal,c,True
AgCensus2015-16 T2-4 Goa/All/area/SmallvsSemi-medium,AgCensus2015-16,T2-4,Goa,All,area,SmallvsSemi-medium,landholding,small operated area,semi-medium operated area,3,3,0,0,equal,c,,,,percent,SYNTHETIC,56.38,57.52,smoke-test fabrication; not a census value,SYNTHETIC_SMOKE_VALUE,,,,,,equal,c,True
AgCensus2015-16 T2-4 Goa/All/number/MarginalvsLarge,AgCensus2015-16,T2-4,Goa,All,number,MarginalvsLarge,landholding,marginal holdings,large holdings,1,1,0,0,diff,a,,,,percent,SYNTHETIC,56.34,35.64,smoke-test fabrication; not a census value,SYNTHETIC_SMOKE_VALUE,,,,,,diff,a,True
AgCensus2015-16 T2-4 Goa/All/number/MarginalvsSemi-medium,AgCensus2015-16,T2-4,Goa,All,number,MarginalvsSemi-medium,landholding,marginal holdings,semi-medium holdings,1,1,0,0,diff,a,,,,percent,SYNTHETIC,67.24,52.71,smoke-test fabrication; not a census value,SYNTHETIC_SMOKE_VALUE,,,,,,diff,a,True
AgCensus2015-16 T2-4 Goa/All/number/Semi-mediumvsLarge,AgCensus2015-16,T2-4,Goa,All,number,Semi-mediumvsLarge,landholding,semi-medium holdings,large holdings,3,0,0,3,equal,c,,,,percent,SYNTHETIC,52.81,53.89,smoke-test fabrication; not a census value,SYNTHETIC_SMOKE_VALUE,,,,,,equal,c,True
AgCensus2015-16 T2-4 Goa/All/number/Semi-mediumvsMedium,AgCensus2015-16,T2-4,Goa,All,number,Semi-mediumvsMedium,landholding,semi-medium holdings,medium holdings,3,3,0,0,equal,c,,,,percent,SYNTHETIC,31.56,35.95,smoke-test fabrication; not a census value,SYNTHETIC_SMOKE_VALUE,,,,,,equal,c,True
AgCensus2015-16 T2-4 Goa/Marginal/area/SCvsOthers,AgCensus2015-16,T2-4,Goa,Marginal,area,SCvsOthers,social_group,Scheduled Castes,Other social groups,1,0,0,1,diff,b,,,,percent,SYNTHETIC,51.21,66.64,smoke-test fabrication; not a census value,SYNTHETIC_SMOKE_VALUE,,,,,,diff,b,True
AgCensus2015-16 T2-4 Goa/Marginal/area/SCvsST,AgCensus2015-16,T2-4,Goa,Marginal,area,SCvsST,social_group,Scheduled Castes,Scheduled Tribes,1,1,0,0,diff,b,,,,percent,SYNTHETIC,44.69,67.89,smoke-test fabrication; not a census value,SYNTHETIC_SMOKE_VALUE,,,,,,diff,b,True
AgCensus2015-16 T2-4 Goa/Marginal/area/STvsOthers,AgCensus2015-16,T2-4,Goa,Marginal,area,STvsOthers,social_group,Scheduled Tribes,Other social groups,1,1,0,0,diff,b,,,,percent,SYNTHETIC,41.04,59.96,smoke-test fabrication; not a census value,SYNTHETIC_SMOKE_VALUE,,,,,,diff,b,True
AgCensus2015-16 T2-4 Goa/Marginal/number/SCvsOthers,AgCensus2015-16,T2-4,Goa,Marginal,number,SCvsOthers,social_group,Scheduled Castes,Other social groups,1,0,0,1,diff,b,,,,percent,SYNTHETIC,22.35,37.47,smoke-test fabrication; not a census value,SYNTHETIC_SMOKE_VALUE,,,,,,diff,b,True
AgCensus2015-16 T2-4 Goa/Marginal/number/SCvsST,AgCensus2015-16,T2-4,Goa,Marginal,number,SCvsST,social_group,Scheduled Castes,Scheduled Tribes,1,0,0,1,diff,b,,,,percent,SYNTHETIC,55.76,66.46,smoke-test fabrication; not a census value,SYNTHETIC_SMOKE_VALUE,,,,,,diff,b,True
AgCensus2015-16 T2-4 Goa/Marginal/number/STvsOthers,AgCensus2015-16,T2-4,Goa,Marginal,number,STvsOthers,social_group,Scheduled Tribes,Other social groups,1,0,0,1,diff,b,,,,percent,SYNTHETIC,20.81,50.39,smoke-test fabrication; not a census value,SYNTHETIC_SMOKE_VALUE,,,,,,diff,b,True
AgCensus2015-16 T2-4 Goa/ST/area/SmallvsMedium,AgCensus2015-16,T2-4,Goa,ST,area,SmallvsMedium,landholding,small operated area,medium operated area,1,1,0,0,equal,c,,,,percent,SYNTHETIC,55.65,55.89,smoke-test fabrication; not a census value,SYNTHETIC_SMOKE_VALUE,,,,,,equal,c,True
AgCensus2015-16 T2-4 Goa/ST/area/SmallvsSemi-medium,AgCensus2015-16,T2-4,Goa,ST,area,SmallvsSemi-medium,landholding,small operated area,semi-medium operated area,1,0,0,1,equal,c,,,,percent,SYNTHETIC,20.29,21.02,smoke-test fabrication; not a census value,SYNTHETIC_SMOKE_VALUE,,,,,,equal,c,True
AgCensus2015-16 T2-4 Goa/ST/number/MarginalvsLarge,AgCensus2015-16,T2-4,Goa,ST,number,MarginalvsLarge,landholding,marginal holdings,large holdings,1,1,0,0,diff,a,,,,percent,SYNTHETIC,71.3,49.18,smoke-test fabrication; not a census value,SYNTHETIC_SMOKE_VALUE,,,,,,diff,a,True
AgCensus2015-16 T2-4 Goa/ST/number/MarginalvsMedium,AgCensus2015-16,T2-4,Goa,ST,number,MarginalvsMedium,landholding,marginal holdings,medium holdings,1,1,0,0,diff,a,,,,percent,SYNTHETIC,58.36,45.08,smoke-test fabrication; not a census value,SYNTHETIC_SMOKE_VALUE,,,,,,diff,a,True
AgCensus2015-16 T2-4 Goa/ST/number/MarginalvsSemi-medium,AgCensus2015-16,T2-4,Goa,ST,number,MarginalvsSemi-medium,landholding,marginal holdings,semi-medium holdings,1,1,0,0,diff,a,,,,percent,SYNTHETIC,40.69,29.45,smoke-test fabrication; not a census value,SYNTHETIC_SMOKE_VALUE,,,,,,diff,a,True
AgCensus2015-16 T2-4 Goa/ST/number/MarginalvsSmall,AgCensus2015-16,T2-4,Goa,ST,number,MarginalvsSmall,landholding,marginal holdings,small holdings,1,1,0,0,diff,a,,,,percent,SYNTHETIC,82.45,54.42,smoke-test fabrication; not a census value,SYNTHETIC_SMOKE_VALUE,,,,,,diff,a,True
AgCensus2015-16 T2-4 Goa/ST/number/SmallvsMedium,AgCensus2015-16,T2-4,Goa,ST,number,SmallvsMedium,landholding,small holdings,medium holdings,2,2,0,0,equal,c,,,,percent,SYNTHETIC,24.09,26.94,smoke-test fabrication; not a census value,SYNTHETIC_SMOKE_VALUE,,,,,,equal,c,True
AgCensus2015-16 T2-4 Goa/ST/number/SmallvsSemi-medium,AgCensus2015-16,T2-4,Goa,ST,number,SmallvsSemi-medium,landholding,small holdings,semi-medium holdings,4,4,0,0,equal,c,,,,percent,SYNTHETIC,53.39,54.98,smoke-test fabrication; not a census value,SYNTHETIC_SMOKE_VALUE,,,,,,equal,c,True
AgCensus2015-16 T2-4 Gujarat/All Classes/area/SCvsOthers,AgCensus2015-16,T2-4,Gujarat,All Classes,area,SCvsOthers,social_group,Scheduled Castes,Other social groups,1,0,0,1,diff,b,,,,percent,SYNTHETIC,57.3,81.49,smoke-test fabrication; not a census value,SYNTHETIC_SMOKE_VALUE,,,,,,diff,b,True
AgCensus2015-16 T2-4 Gujarat/All Classes/area/STvsOthers,AgCensus2015-16,T2-4,Gujarat,All Classes,area,STvsOthers,social_group,Scheduled Tribes,Other social groups,1,0,0,1,diff,b,,,,percent,SYNTHETIC,21.25,45.74,smoke-test fabrication; not a census value,SYNTHETIC_SMOKE_VALUE,,,,,,diff,b,True
AgCensus2015-16 T2-4 Gujarat/All Classes/number/SCvsOthers,AgCensus2015-16,T2-4,Gujarat,All Classes,number,SCvsOthers,social_group,Scheduled Castes,Other social groups,1,1,0,0,diff,b,,,,percent,SYNTHETIC,22.78,51.56,smoke-test fabrication; not a census value,SYNTHETIC_SMOKE_VALUE,,,,,,diff,b,True
AgCensus2015-16 T2-4 Gujarat/All Classes/number/STvsOthers,AgCensus2015-16,T2-4,Gujarat,All Classes,number,STvsOthers,social_group,Scheduled Tribes,Other social groups,1,0,0,1,diff,b,,,,percent,SYNTHETIC,29.18,45.54,smoke-test fabrication; not a census value,SYNTHETIC_SMOKE_VALUE,,,,,,diff,b,True
AgCensus2015-16 T2-4 Gujarat/All/area/MarginalvsLarge,AgCensus2015-16,T2-4,Gujarat,All,area,MarginalvsLarge,landholding,marginal operated area,large operated area,3,3,0,0,equal,c,,,,percent,SYNTHETIC,41.4,41.58,smoke-test fabrication; not a census value,SYNTHETIC_SMOKE_VALUE,,,,,,equal,c,True
AgCensus2015-16 T2-4 Gujarat/All/area/Semi-mediumvsMedium,AgCensus2015-16,T2-4,Gujarat,All,area,Semi-mediumvsMedium,landholding,semi-medium operated area,medium operated area,4,4,0,0,equal,c,,,,percent,SYNTHETIC,26.0,26.22,smoke-test fabrication; not a census value,SYNTHETIC_SMOKE_VALUE,,,,,,equal,c,True
AgCensus2015-16 T2-4 Gujarat/All/area/SmallvsMedium,AgCensus2015-16,T2-4,Gujarat,All,area,SmallvsMedium,landholding,small operated area,medium operated area,3,0,0,3,equal,c,,,,percent,SYNTHETIC,37.65,39.95,smoke-test fabrication; not a census value,SYNTHETIC_SMOKE_VALUE,,,,,,equal,c,True
AgCensus2015-16 T2-4 Gujarat/All/number/MarginalvsMedium,AgCensus2015-16,T2-4,Gujarat,All,number,MarginalvsMedium,landholding,marginal holdings,medium holdings,1,1,0,0,diff,a,,,,percent,SYNTHETIC,66.44,47.83,smoke-test fabrication; not a census value,SYNTHETIC_SMOKE_VALUE,,,,,,diff,a,True
AgCensus2015-16 T2-4 Gujarat/All/number/Semi-mediumvsLarge,AgCensus2015-16,T2-4,Gujarat,All,number,Semi-mediumvsLarge,landholding,semi-medium holdings,large holdings,1,0,0,1,diff,a,,,,percent,SYNTHETIC,68.98,44.16,smoke-test fabrication; not a census value,SYNTHETIC_SMOKE_VALUE,,,,,,diff,a,True
AgCensus2015-16 T2-4 Gujarat/All/number/Semi-mediumvsMedium,AgCensus2015-16,T2-4,Gujarat,All,number,Semi-mediumvsMedium,landholding,semi-medium holdings,medium holdings,1,1,0,0,diff,a,,,,percent,SYNTHETIC,81.51,54.85,smoke-test fabrication; not a census value,SYNTHETIC_SMOKE_VALUE,,,,,,diff,a,True
AgCensus2015-16 T2-4 Gujarat/All/number/SmallvsLarge,AgCensus2015-16,T2-4,Gujarat,All,number,SmallvsLarge,landholding,small holdings,large holdings,1,1,0,0,diff,a,,,,percent,SYNTHETIC,60.6,42.77,smoke-test fabrication; not a census value,SYNTHETIC_SMOKE_VALUE,,,,,,diff,a,True
AgCensus2015-16 T2-4 Gujarat/All/number/SmallvsMedium,AgCensus2015-16,T2-4,Gujarat,All,number,SmallvsMedium,landholding,small holdings,medium holdings,1,1,0,0,diff,a,,,,percent,SYNTHETIC,62.26,36.54,smoke-test fabrication; not a census value,SYNTHETIC_SMOKE_VALUE,,,,,,diff,a,True
AgCensus2015-16 T2-4 Gujarat/Large/area/SCvsOthers,AgCensus2015-16,T2-4,Gujarat,Large,area,SCvsOthers,social_group,Scheduled Castes,Other social groups,1,1,0,0,diff,b,,,,percent,SYNTHETIC,57.96,78.7,smoke-test fabrication; not a census value,SYNTHETIC_SMOKE_VALUE,,,,,,diff,b,True
AgCensus2015-16 T2-4 Gujarat/Large/area/STvsOthers,AgCensus2015-16,T2-4,Gujarat,Large,area,STvsOthers,social_group,Scheduled Tribes,Other social groups,1,1,0,0,diff,b,,,,percent,SYNTHETIC,51.48,77.25,smoke-test fabrication; not a census value,SYNTHETIC_SMOKE_VALUE,,,,,,diff,b,True
AgCensus2015-16 T2-4 Gujarat/Large/number/SCvsOthers,AgCensus2015-16,T2-4,Gujarat,Large,number,SCvsOthers,social_group,Scheduled Castes,Other social groups,1,1,0,0,diff,b,,,,percent,SYNTHETIC,21.42,40.21,smoke-test fabrication; not a census value,SYNTHETIC_SMOKE_VALUE,,,,,,diff,b,True
AgCensus2015-16 T2-4 Gujarat/Large/number/STvsOthers,AgCensus2015-16,T2-4,Gujarat,Large,number,STvsOthers,social_group,Scheduled Tribes,Other social groups,1,1,0,0,diff,b,,,,percent,SYNTHETIC,20.07,47.59,smoke-test fabrication; not a census value,SYNTHETIC_SMOKE_VALUE,,,,,,diff,b,True
AgCensus2015-16 T2-4 Gujarat/Marginal/area/SCvsOthers,AgCensus2015-16,T2-4,Gujarat,Marginal,area,SCvsOthers,social_group,Scheduled Castes,Other social groups,1,1,0,0,diff,b,,,,percent,SYNTHETIC,20.09,48.65,smoke-test fabrication; not a census value,SYNTHETIC_SMOKE_VALUE,,,,,,diff,b,True
AgCensus2015-16 T2-4 Gujarat/Marginal/area/STvsOthers,AgCensus2015-16,T2-4,Gujarat,Marginal,area,STvsOthers,social_group,Scheduled Tribes,Other social groups,1,1,0,0,diff,b,,,,percent,SYNTHETIC,39.67,59.79,smoke-test fabrication; not a census value,SYNTHETIC_SMOKE_VALUE,,,,,,diff,b,True
AgCensus2015-16 T2-4 Gujarat/Marginal/number/SCvsOthers,AgCensus2015-16,T2-4,Gujarat,Marginal,number,SCvsOthers,social_group,Scheduled Castes,Other social groups,1,0,0,1,diff,b,,,,percent,SYNTHETIC,22.56,52.35,smoke-test fabrication; not a census value,SYNTHETIC_SMOKE_VALUE,,,,,,diff,b,True
AgCensus2015-16 T2-4 Gujarat/Marginal/number/STvsOthers,AgCensus2015-16,T2-4,Gujarat,Marginal,number,STvsOthers,social_group,Scheduled Tribes,Other social groups,1,1,0,0,diff,b,,,,percent,SYNTHETIC,46.85,68.04,smoke-test fabrication; not a census value,SYNTHETIC_SMOKE_VALUE,,,,,,diff,b,True
AgCensus2015-16 T2-4 Gujarat/Medium/area/SCvsOthers,AgCensus2015-16,T2-4,Gujarat,Medium,area,SCvsOthers,social_group,Scheduled Castes,Other social groups,1,1,0,0,diff,b,,,,percent,SYNTHETIC,31.5,45.03,smoke-test fabrication; not a census value,SYNTHETIC_SMOKE_VALUE,,,,,,diff,b,True
AgCensus2015-16 T2-4 Gujarat/Medium/area/STvsOthers,AgCensus2015-16,T2-4,Gujarat,Medium,area,STvsOthers,social_group,Scheduled Tribes,Other social groups,1,1,0,0,diff,b,,,,percent,SYNTHETIC,57.85,84.49,smoke-test fabrication; not a census value,SYNTHETIC_SMOKE_VALUE,,,,,,diff,b,True
AgCensus2015-16 T2-4 Gujarat/Medium/number/SCvsOthers,AgCensus2015-16,T2-4,Gujarat,Medium,number,SCvsOthers,social_group,Scheduled Castes,Other social groups,1,1,0,0,diff,b,,,,percent,SYNTHETIC,45.49,61.29,smoke-test fabrication; not a census value,SYNTHETIC_SMOKE_VALUE,,,,,,diff,b,True
AgCensus2015-16 T2-4 Gujarat/Medium/number/STvsOthers,AgCensus2015-16,T2-4,Gujarat,Medium,number,STvsOthers,social_group,Scheduled Tribes,Other social groups,1,0,0,1,diff,b,,,,percent,SYNTHETIC,48.38,65.79,smoke-test fabrication; not a census value,SYNTHETIC_SMOKE_VALUE,,,,,,diff,b,True
AgCensus2015-16 T2-4 Gujarat/SC/area/SmallvsMedium,AgCensus2015-16,T2-4,Gujarat,SC,area,SmallvsMedium,landholding,small operated area,medium operated area,4,4,0,0,equal,c,,,,percent,SYNTHETIC,21.45,23.63,smoke-test fabrication; not a census value,SYNTHETIC_SMOKE_VALUE,,,,,,equal,c,True
AgCensus2015-16 T2-4 Gujarat/SC/number/MarginalvsLarge,AgCensus2015-16,T2-4,Gujarat,SC,number,MarginalvsLarge,landholding,marginal holdings,large holdings,1,1,0,0,diff,a,,,,percent,SYNTHETIC,67.51,54.34,smoke-test fabrication; not a census value,SYNTHETIC_SMOKE_VALUE,,,,,,diff,a,True
AgCensus2015-16 T2-4 Gujarat/SC/number/MarginalvsMedium,AgCensus2015-16,T2-4,Gujarat,SC,number,MarginalvsMedium,landholding,marginal holdings,medium holdings,1,0,0,1,diff,a,,,,percent,SYNTHETIC,65.83,51.98,smoke-test fabrication; not a census value,SYNTHETIC_SMOKE_VALUE,,,,,,diff,a,True
AgCensus2015-16 T2-4 Gujarat/SC/number/MarginalvsSemi-medium,AgCensus2015-16,T2-4,Gujarat,SC,number,MarginalvsSemi-medium,landholding,marginal holdings,semi-medium holdings,1,0,0,1,diff,a,,,,percent,SYNTHETIC,48.42,23.58,smoke-test fabrication; not a census value,SYNTHETIC_SMOKE_VALUE,,,,,,diff,a,True
AgCensus2015-16 T2-4 Gujarat/SC/number/Semi-mediumvsLarge,AgCensus2015-16,T2-4,Gujarat,SC,number,Semi-mediumvsLarge,landholding,semi-medium holdings,large holdings,1,1,0,0,diff,a,,,,percent,SYNTHETIC,62.57,49.54,smoke-test fabrication; not a census value,SYNTHETIC_SMOKE_VALUE,,,,,,diff,a,True
AgCensus2015-16 T2-4 Gujarat/SC/number/Semi-mediumvsMedium,AgCensus2015-16,T2-4,Gujarat,SC,number,Semi-mediumvsMedium,landholding,semi-medium holdings,medium holdings,1,0,0,1,diff,a,,,,percent,SYNTHETIC,52.97,33.56,smoke-test fabrication; not a census value,SYNTHETIC_SMOKE_VALUE,,,,,,diff,a,True
AgCensus2015-16 T2-4 Gujarat/SC/number/SmallvsLarge,AgCensus2015-16,T2-4,Gujarat,SC,number,SmallvsLarge,landholding,small holdings,large holdings,1,1,0,0,diff,a,,,,percent,SYNTHETIC,60.3,40.0,smoke-test fabrication; not a census value,SYNTHETIC_SMOKE_VALUE,,,,,,diff,a,True
AgCensus2015-16 T2-4 Gujarat/SC/number/SmallvsMedium,AgCensus2015-16,T2-4,Gujarat,SC,number,SmallvsMedium,landholding,small holdings,medium holdings,1,1,0,0,diff,a,,,,percent,SYNTHETIC,84.95,59.42,smoke-test fabrication; not a census value,SYNTHETIC_SMOKE_VALUE,,,,,,diff,a,True
AgCensus2015-16 T2-4 Gujarat/SC/number/SmallvsSemi-medium,AgCensus2015-16,T2-4,Gujarat,SC,number,SmallvsSemi-medium,landholding,small holdings,semi-medium holdings,1,0,0,1,diff,a,,,,percent,SYNTHETIC,72.01,45.23,smoke-test fabrication; not a census value,SYNTHETIC_SMOKE_VALUE,,,,,,diff,a,True
AgCensus2015-16 T2-4 Gujarat/ST/area/MarginalvsLarge,AgCensus2015-16,T2-4,Gujarat,ST,area,MarginalvsLarge,landholding,marginal operated area,large operated area,1,0,0,1,equal,c,,,,percent,SYNTHETIC,32.72,34.52,smoke-test fabrication; not a census value,SYNTHETIC_SMOKE_VALUE,,,,,,equal,c,True
AgCensus2015-16 T2-4 Gujarat/ST/area/Semi-mediumvsMedium,AgCensus2015-16,T2-4,Gujarat,ST,area,Semi-mediumvsMedium,landholding,semi-medium operated area,medium operated area,1,1,0,0,equal,c,,,,percent,SYNTHETIC,45.5,45.73,smoke-test fabrication; not a census value,SYNTHETIC_SMOKE_VALUE,,,,,,equal,c,True
AgCensus2015-16 T2-4 Gujarat/ST/number/MarginalvsLarge,AgCensus2015-16,T2-4,Gujarat,ST,number,MarginalvsLarge,landholding,marginal holdings,large holdings,1,1,0,0,diff,a,,,,percent,SYNTHETIC,77.35,58.03,smoke-test fabrication; not a census value,SYNTHETIC_SMOKE_VALUE,,,,,,diff,a,True
AgCensus2015-16 T2-4 Gujarat/ST/number/MarginalvsMedium,AgCensus2015-16,T2-4,Gujarat,ST,number,MarginalvsMedium,landholding,marginal holdings,medium holdings,1,1,0,0,diff,a,,,,percent,SYNTHETIC,43.68,23.94,smoke-test fabrication; not a census value,SYNTHETIC_SMOKE_VALUE,,,,,,diff,a,True
AgCensus2015-16 T2-4 Gujarat/ST/number/MarginalvsSemi-medium,AgCensus2015-16,T2-4,Gujarat,ST,number,MarginalvsSemi-medium,landholding,marginal holdings,semi-medium holdings,1,1,0,0,diff,a,,,,percent,SYNTHETIC,54.71,29.08,smoke-test fabrication; not a census value,SYNTHETIC_SMOKE_VALUE,,,,,,diff,a,True
AgCensus2015-16 T2-4 Gujarat/ST/number/Semi-mediumvsMedium,AgCensus2015-16,T2-4,Gujarat,ST,number,Semi-mediumvsMedium,landholding,semi-medium holdings,medium holdings,1,1,0,0,diff,a,,,,percent,SYNTHETIC,43.39,20.2,smoke-test fabrication; not a census value,SYNTHETIC_SMOKE_VALUE,,,,,,diff,a,True
AgCensus2015-16 T2-4 Gujarat/ST/number/SmallvsLarge,AgCensus2015-16,T2-4,Gujarat,ST,number,SmallvsLarge,landholding,small holdings,large holdings,1,0,0,1,diff,a,,,,percent,SYNTHETIC,58.99,34.26,smoke-test fabrication; not a census value,SYNTHETIC_SMOKE_VALUE,,,,,,diff,a,True
AgCensus2015-16 T2-4 Gujarat/ST/number/SmallvsMedium,AgCensus2015-16,T2-4,Gujarat,ST,number,SmallvsMedium,landholding,small holdings,medium holdings,1,1,0,0,diff,a,,,,percent,SYNTHETIC,37.6,21.67,smoke-test fabrication; not a census value,SYNTHETIC_SMOKE_VALUE,,,,,,diff,a,True
AgCensus2015-16 T2-4 Gujarat/Semi-medium/area/SCvsOthers,AgCensus2015-16,T2-4,Gujarat,Semi-medium,area,SCvsOthers,social_group,Scheduled Castes,Other social groups,1,1,0,0,diff,b,,,,percent,SYNTHETIC,46.05,69.71,smoke-test fabrication; not a census value,SYNTHETIC_SMOKE_VALUE,,,,,,diff,b,True
AgCensus2015-16 T2-4 Gujarat/Semi-medium/area/STvsOthers,AgCensus2015-16,T2-4,Gujarat,Semi-medium,area,STvsOthers,social_group,Scheduled Tribes,Other social groups,1,1,0,0,diff,b,,,,percent,SYNTHETIC,23.61,39.73,smoke-test fabrication; not a census value,SYNTHETIC_SMOKE_VALUE,,,,,,diff,b,True
AgCensus2015-16 T2-4 Gujarat/Semi-medium/number/SCvsOthers,AgCensus2015-16,T2-4,Gujarat,Semi-medium,number,SCvsOthers,social_group,Scheduled Castes,Other social groups,1,1,0,0,diff,b,,,,percent,SYNTHETIC,30.58,50.13,smoke-test fabrication; not a census value,SYNTHETIC_SMOKE_VALUE,,,,,,diff,b,True
AgCensus2015-16 T2-4 Gujarat/Semi-medium/number/STvsOthers,AgCensus2015-16,T2-4,Gujarat,Semi-medium,number,STvsOthers,social_group,Scheduled Tribes,Other social groups,1,1,0,0,diff,b,,,,percent,SYNTHETIC,52.53,71.23,smoke-test fabrication; not a census value,SYNTHETIC_SMOKE_VALUE,,,,,,diff,b,True
AgCensus2015-16 T2-4 Gujarat/Small/area/SCvsOthers,AgCensus2015-16,T2-4,Gujarat,Small,area,SCvsOthers,social_group,Scheduled Castes,Other social groups,1,0,1,0,diff,b,,,,percent,SYNTHETIC,38.41,54.95,smoke-test fabrication; not a census value,SYNTHETIC_SMOKE_VALUE,,,,,,diff,b,True
AgCensus2015-16 T2-4 Gujarat/Small/area/STvsOthers,AgCensus2015-16,T2-4,Gujarat,Small,area,STvsOthers,social_group,Scheduled Tribes,Other social groups,1,1,0,0,diff,b,,,,percent,SYNTHETIC,48.73,77.17,smoke-test fabrication; not a census value,SYNTHETIC_SMOKE_VALUE,,,,,,diff,b,True
AgCensus2015-16 T2-4 Gujarat/Small/number/STvsOthers,AgCensus2015-16,T2-4,Gujarat,Small,number,STvsOthers,social_group,Scheduled Tribes,Other social groups,1,0,1,0,diff,b,,,,percent,SYNTHETIC,57.97,78.9,smoke-test fabrication; not a census value,SYNTHETIC_SMOKE_VALUE,,,,,,diff,b,True
AgCensus2015-16 T2-4 Haryana/All Classes/area/SCvsOthers,AgCensus2015-16,T2-4,Haryana,All Classes,area,SCvsOthers,social_group,Scheduled Castes,Other social groups,1,0,0,1,diff,b,,,,percent,SYNTHETIC,55.61,72.65,smoke-test fabrication; not a census value,SYNTHETIC_SMOKE_VALUE,,,,,,diff,b,True
AgCensus2015-16 T2-4 Haryana/All Classes/area/STvsOthers,AgCensus2015-16,T2-4,Haryana,All Classes,area,STvsOthers,social_group,Scheduled Tribes,Other social groups,1,0,0,1,diff,b,,,,percent,SYNTHETIC,33.06,56.65,smoke-test fabrication; not a census value,SYNTHETIC_SMOKE_VALUE,,,,,,diff,b,True
AgCensus2015-16 T2-4 Haryana/All Classes/number/SCvsOthers,AgCensus2015-16,T2-4,Haryana,All Classes,number,SCvsOthers,social_group,Scheduled Castes,Other social groups,1,1,0,0,diff,b,,,,percent,SYNTHETIC,35.91,61.44,smoke-test fabrication; not a census value,SYNTHETIC_SMOKE_VALUE,,,,,,diff,b,True
AgCensus2015-16 T2-4 Haryana/All Classes/number/STvsOthers,AgCensus2015-16,T2-4,Haryana,All Classes,number,STvsOthers,social_group,Scheduled Tribes,Other social groups,1,1,0,0,diff,b,,,,percent,SYNTHETIC,54.72,72.13,smoke-test fabrication; not a census value,SYNTHETIC_SMOKE_VALUE,,,,,,diff,b,True
AgCensus2015-16 T2-4 Haryana/All/area/MarginalvsSmall,AgCensus2015-16,T2-4,Haryana,All,area,MarginalvsSmall,landholding,marginal operated area,small operated area,2,0,0,2,equal,c,,,,percent,SYNTHETIC,53.85,56.19,smoke-test fabrication; not a census value,SYNTHETIC_SMOKE_VALUE,,,,,,equal,c,True
AgCensus2015-16 T2-4 Haryana/All/area/Semi-mediumvsLarge,AgCensus2015-16,T2-4,Haryana,All,area,Semi-mediumvsLarge,landholding,semi-medium operated area,large operated area,3,3,0,0,equal,c,,,,percent,SYNTHETIC,48.37,48.38,smoke-test fabrication; not a census value,SYNTHETIC_SMOKE_VALUE,,,,,,equal,c,True
AgCensus2015-16 T2-4 Haryana/All/number/MarginalvsLarge,AgCensus2015-16,T2-4,Haryana,All,number,MarginalvsLarge,landholding,marginal holdings,large holdings,1,1,0,0,diff,a,,,,percent,SYNTHETIC,32.12,20.29,smoke-test fabrication; not a census value,SYNTHETIC_SMOKE_VALUE,,,,,,diff,a,True
AgCensus2015-16 T2-4 Haryana/All/number/MarginalvsMedium,AgCensus2015-16,T2-4,Haryana,All,number,MarginalvsMedium,landholding,marginal holdings,medium holdings,1,1,0,0,diff,a,,,,percent,SYNTHETIC,65.95,36.58,smoke-test fabrication; not a census value,SYNTHETIC_SMOKE_VALUE,,,,,,diff,a,True
AgCensus2015-16 T2-4 Haryana/All/number/MarginalvsSemi-medium,AgCensus2015-16,T2-4,Haryana,All,number,MarginalvsSemi-medium,landholding,marginal holdings,semi-medium holdings,1,1,0,0,diff,a,,,,percent,SYNTHETIC,62.88,51.42,smoke-test fabrication; not a census value,SYNTHETIC_SMOKE_VALUE,,,,,,diff,a,True
AgCensus2015-16 T2-4 Haryana/All/number/MarginalvsSmall,AgCensus2015-16,T2-4,Haryana,All,number,MarginalvsSmall,landholding,marginal holdings,small holdings,1,1,0,0,diff,a,,,,percent,SYNTHETIC,75.48,48.18,smoke-test fabrication; not a census value,SYNTHETIC_SMOKE_VALUE,,,,,,diff,a,True
AgCensus2015-16 T2-4 Haryana/All/number/Semi-mediumvsLarge,AgCensus2015-16,T2-4,Haryana,All,number,Semi-mediumvsLarge,landholding,semi-medium holdings,large holdings,1,0,0,1,diff,a,,,,percent,SYNTHETIC,83.01,54.79,smoke-test fabrication; not a census value,SYNTHETIC_SMOKE_VALUE,,,,,,diff,a,True
AgCensus2015-16 T2-4 Haryana/All/number/SmallvsLarge,AgCensus2015-16,T2-4,Haryana,All,number,SmallvsLarge,landholding,small holdings,large holdings,1,1,0,0,diff,a,,,,percent,SYNTHETIC,67.02,37.45,smoke-test fabrication; not a census value,SYNTHETIC_SMOKE_VALUE,,,,,,diff,a,True
AgCensus2015-16 T2-4 Haryana/All/number/SmallvsSemi-medium,AgCensus2015-16,T2-4,Haryana,All,number,SmallvsSemi-medium,landholding,small holdings,semi-medium holdings,2,0,0,2,equal,c,,,,percent,SYNTHETIC,35.79,36.45,smoke-test fabrication; not a census value,SYNTHETIC_SMOKE_VALUE,,,,,,equal,c,True
AgCensus2015-16 T2-4 Haryana/Large/area/SCvsOthers,AgCensus2015-16,T2-4,Haryana,Large,area,SCvsOthers,social_group,Scheduled Castes,Other social groups,1,1,0,0,diff,b,,,,percent,SYNTHETIC,58.28,75.92,smoke-test fabrication; not a census value,SYNTHETIC_SMOKE_VALUE,,,,,,diff,b,True
AgCensus2015-16 T2-4 Haryana/Large/area/STvsOthers,AgCensus2015-16,T2-4,Haryana,Large,area,STvsOthers,social_group,Scheduled Tribes,Other social groups,1,1,0,0,diff,b,,,,percent,SYNTHETIC,58.18,81.69,smoke-test fabrication; not a census value,SYNTHETIC_SMOKE_VALUE,,,,,,diff,b,True
AgCensus2015-16 T2-4 Haryana/Large/number/SCvsOthers,AgCensus2015-16,T2-4,Haryana,Large,number,SCvsOthers,social_group,Scheduled Castes,Other social groups,1,1,0,0,diff,b,,,,percent,SYNTHETIC,24.05,46.52,smoke-test fabrication; not a census value,SYNTHETIC_SMOKE_VALUE,,,,,,diff,b,True
AgCensus2015-16 T2-4 Haryana/Large/number/STvsOthers,AgCensus2015-16,T2-4,Haryana,Large,number,STvsOthers,social_group,Scheduled Tribes,Other social groups,1,1,0,0,diff,b,,,,percent,SYNTHETIC,26.01,50.72,smoke-test fabrication; not a census value,SYNTHETIC_SMOKE_VALUE,,,,,,diff,b,True
AgCensus2015-16 T2-4 Haryana/Marginal/area/SCvsOthers,AgCensus2015-16,T2-4,Haryana,Marginal,area,SCvsOthers,social_group,Scheduled Castes,Other social groups,1,1,0,0,diff,b,,,,percent,SYNTHETIC,36.91,58.27,smoke-test fabrication; not a census value,SYNTHETIC_SMOKE_VALUE,,,,,,diff,b,True
AgCensus2015-16 T2-4 Haryana/Marginal/area/STvsOthers,AgCensus2015-16,T2-4,Haryana,Marginal,area,STvsOthers,social_group,Scheduled Tribes,Other social groups,1,1,0,0,diff,b,,,,percent,SYNTHETIC,50.31,70.43,smoke-test fabrication; not a census value,SYNTHETIC_SMOKE_VALUE,,,,,,diff,b,True
AgCensus2015-16 T2-4 Haryana/Marginal/number/SCvsOthers,AgCensus2015-16,T2-4,Haryana,Marginal,number,SCvsOthers,social_group,Scheduled Castes,Other social groups,1,0,0,1,diff,b,,,,percent,SYNTHETIC,38.35,68.27,smoke-test fabrication; not a census value,SYNTHETIC_SMOKE_VALUE,,,,,,diff,b,True
AgCensus2015-16 T2-4 Haryana/Marginal/number/STvsOthers,AgCensus2015-16,T2-4,Haryana,Marginal,number,STvsOthers,social_group,Scheduled Tribes,Other social groups,1,1,0,0,diff,b,,,,percent,SYNTHETIC,59.51,76.72,smoke-test fabrication; not a census value,SYNTHETIC_SMOKE_VALUE,,,,,,diff,b,True
AgCensus2015-16 T2-4 Haryana/Medium/area/SCvsOthers,AgCensus2015-16,T2-4,Haryana,Medium,area,SCvsOthers,social_group,Scheduled Castes,Other social groups,1,1,0,0,diff,b,,,,percent,SYNTHETIC,56.45,79.6,smoke-test fabrication; not a census value,SYNTHETIC_SMOKE_VALUE,,,,,,diff,b,True
AgCensus2015-16 T2-4 Haryana/Medium/area/STvsOthers,AgCensus2015-16,T2-4,Haryana,Medium,area,STvsOthers,social_group,Scheduled Tribes,Other social groups,1,0,0,1,diff,b,,,,percent,SYNTHETIC,57.17,79.64,smoke-test fabrication; not a census value,SYNTHETIC_SMOKE_VALUE,,,,,,diff,b,True
AgCensus2015-16 T2-4 Haryana/Medium/number/SCvsOthers,AgCensus2015-16,T2-4,Haryana,Medium,number,SCvsOthers,social_group,Scheduled Castes,Other social groups,1,1,0,0,diff,b,,,,percent,SYNTHETIC,26.72,47.09,smoke-test fabrication; not a census value,SYNTHETIC_SMOKE_VALUE,,,,,,diff,b,True
AgCensus2015-16 T2-4 Haryana/Medium/number/STvsOthers,AgCensus2015-16,T2-4,Haryana,Medium,number,STvsOthers,social_group,Scheduled Tribes,Other social groups,1,0,0,1,diff,b,,,,percent,SYNTHETIC,54.15,72.0,smoke-test fabrication; not a census value,SYNTHETIC_SMOKE_VALUE,,,,,,diff,b,True
AgCensus2015-16 T2-4 Haryana/SC/area/MarginalvsSmall,AgCensus2015-16,T2-4,Haryana,SC,area,MarginalvsSmall,landholding,marginal operated area,small operated area,4,0,0,4,equal,c,,,,percent,SYNTHETIC,27.55,30.02,smoke-test fabrication; not a census value,SYNTHETIC_SMOKE_VALUE,,,,,,equal,c,True
AgCensus2015-16 T2-4 Haryana/SC/number/MarginalvsLarge,AgCensus2015-16,T2-4,Haryana,SC,number,MarginalvsLarge,landholding,marginal holdings,large holdings,1,0,1,0,diff,a,,,,percent,SYNTHETIC,58.55,42.23,smoke-test fabrication; not a census value,SYNTHETIC_SMOKE_VALUE,,,,,,diff,a,True
AgCensus2015-16 T2-4 Haryana/SC/number/MarginalvsMedium,AgCensus2015-16,T2-4,Haryana,SC,number,MarginalvsMedium,landholding,marginal holdings,medium holdings,1,0,0,1,diff,a,,,,percent,SYNTHETIC,58.55,41.52,smoke-test fabrication; not a census value,SYNTHETIC_SMOKE_VALUE,,,,,,diff,a,True
AgCensus2015-16 T2-4 Haryana/SC/number/MarginalvsSemi-medium,AgCensus2015-16,T2-4,Haryana,SC,number,MarginalvsSemi-medium,landholding,marginal holdings,semi-medium holdings,1,0,0,1,diff,a,,,,percent,SYNTHETIC,61.35,42.43,smoke-test fabrication; not a census value,SYNTHETIC_SMOKE_VALUE,,,,,,diff,a,True
AgCensus2015-16 T2-4 Haryana/SC/number/MarginalvsSmall,AgCensus2015-16,T2-4,Haryana,SC,number,MarginalvsSmall,landholding,marginal holdings,small holdings,1,1,0,0,diff,a,,,,percent,SYNTHETIC,37.4,24.33,smoke-test fabrication; not a census value,SYNTHETIC_SMOKE_VALUE,,,,,,diff,a,True
AgCensus2015-16 T2-4 Haryana/SC/number/Semi-mediumvsLarge,AgCensus2015-16,T2-4,Haryana,SC,number,Semi-mediumvsLarge,landholding,semi-medium holdings,large holdings,1,1,0,0,diff,a,,,,percent,SYNTHETIC,77.17,50.32,smoke-test fabrication; not a census value,SYNTHETIC_SMOKE_VALUE,,,,,,diff,a,True
AgCensus2015-16 T2-4 Haryana/SC/number/SmallvsLarge,AgCensus2015-16,T2-4,Haryana,SC,number,SmallvsLarge,landholding,small holdings,large holdings,1,1,0,0,diff,a,,,,percent,SYNTHETIC,72.71,59.05,smoke-test fabrication; not a census value,SYNTHETIC_SMOKE_VALUE,,,,,,diff,a,True
AgCensus2015-16 T2-4 Haryana/SC/number/SmallvsMedium,AgCensus2015-16,T2-4,Haryana,SC,number,SmallvsMedium,landholding,small holdings,medium holdings,1,1,0,0,diff,a,,,,percent,SYNTHETIC,70.15,48.52,smoke-test fabrication; not a census value,SYNTHETIC_SMOKE_VALUE,,,,,,diff,a,True
AgCensus2015-16 T2-4 Haryana/SC/number/SmallvsSemi-medium,AgCensus2015-16,T2-4,Haryana,SC,number,SmallvsSemi-medium,landholding,small holdings,semi-medium holdings,3,3,0,0,equal,c,,,,percent,SYNTHETIC,30.1,34.26,smoke-test fabrication; not a census value,SYNTHETIC_SMOKE_VALUE,,,,,,equal,c,True
AgCensus2015-16 T2-4 Haryana/Semi-medium/area/SCvsOthers,AgCensus2015-16,T2-4,Haryana,Semi-medium,area,SCvsOthers,social_group,Scheduled Castes,Other social groups,1,1,0,0,diff,b,,,,percent,SYNTHETIC,50.21,79.12,smoke-test fabrication; not a census value,SYNTHETIC_SMOKE_VALUE,,,,,,diff,b,True
AgCensus2015-16 T2-4 Haryana/Semi-medium/area/STvsOthers,AgCensus2015-16,T2-4,Haryana,Semi-medium,area,STvsOthers,social_group,Scheduled Tribes,Other social groups,1,1,0,0,diff,b,,,,percent,SYNTHETIC,50.29,79.44,smoke-test fabrication; not a census value,SYNTHETIC_SMOKE_VALUE,,,,,,diff,b,True
AgCensus2015-16 T2-4 Haryana/Semi-medium/number/SCvsOthers,AgCensus2015-16,T2-4,Haryana,Semi-medium,number,SCvsOthers,social_group,Scheduled Castes,Other social groups,1,0,0,1,diff,b,,,,percent,SYNTHETIC,34.64,49.42,smoke-test fabrication; not a census value,SYNTHETIC_SMOKE_VALUE,,,,,,diff,b,True
AgCensus2015-16 T2-4 Haryana/Semi-medium/number/STvsOthers,AgCensus2015-16,T2-4,Haryana,Semi-medium,number,STvsOthers,social_group,Scheduled Tribes,Other social groups,1,0,0,1,diff,b,,,,percent,SYNTHETIC,55.63,74.99,smoke-test fabrication; not a census value,SYNTHETIC_SMOKE_VALUE,,,,,,diff,b,True
AgCensus2015-16 T2-4 Haryana/Small/area/SCvsOthers,AgCensus2015-16,T2-4,Haryana,Small,area,SCvsOthers,social_group,Scheduled Castes,Other social groups,1,0,0,1,diff,b,,,,percent,SYNTHETIC,35.66,58.69,smoke-test fabrication; not a census value,SYNTHETIC_SMOKE_VALUE,,,,,,diff,b,True
AgCensus2015-16 T2-4 Haryana/Small/area/STvsOthers,AgCensus2015-16,T2-4,Haryana,Small,area,STvsOthers,social_group,Scheduled Tribes,Other social groups,1,0,0,1,diff,b,,,,percent,SYNTHETIC,28.66,51.16,smoke-test fabrication; not a census value,SYNTHETIC_SMOKE_VALUE,,,,,,diff,b,True
AgCensus2015-16 T2-4 Haryana/Small/number/SCvsOthers,AgCensus2015-16,T2-4,Haryana,Small,number,SCvsOthers,social_group,Scheduled Castes,Other social groups,1,0,0,1,diff,b,,,,percent,SYNTHETIC,20.52,48.78,smoke-test fabrication; not a census value,SYNTHETIC_SMOKE_VALUE,,,,,,diff,b,True
AgCensus2015-16 T2-4 Haryana/Small/number/STvsOthers,AgCensus2015-16,T2-4,Haryana,Small,number,STvsOthers,social_group,Scheduled Tribes,Other social groups,1,1,0,0,diff,b,,,,percent,SYNTHETIC,51.9,64.27,smoke-test fabrication; not a census value,SYNTHETIC_SMOKE_VALUE,,,,,,diff,b,True
AgCensus2015-16 T2-4 Himachal Pradesh/All Classes/area/SCvsOthers,AgCensus2015-16,T2-4,Himachal Pradesh,All Classes,area,SCvsOthers,social_group,Scheduled Castes,Other social groups,1,0,0,1,diff,b,,,,percent,SYNTHETIC,49.33,62.37,smoke-test fabrication; not a census value,SYNTHETIC_SMOKE_VALUE,,,,,,diff,b,True
AgCensus2015-16 T2-4 Himachal Pradesh/All Classes/area/STvsOthers,AgCensus2015-16,T2-4,Himachal Pradesh,All Classes,area,STvsOthers,social_group,Scheduled Tribes,Other social groups,1,0,0,1,diff,b,,,,percent,SYNTHETIC,56.98,76.13,smoke-test fabrication; not a census value,SYNTHETIC_SMOKE_VALUE,,,,,,diff,b,True
AgCensus2015-16 T2-4 Himachal Pradesh/All Classes/number/SCvsOthers,AgCensus2015-16,T2-4,Himachal Pradesh,All Classes,number,SCvsOthers,social_group,Scheduled Castes,Other social groups,1,1,0,0,diff,b,,,,percent,SYNTHETIC,40.81,61.38,smoke-test fabrication; not a census value,SYNTHETIC_SMOKE_VALUE,,,,,,diff,b,True
AgCensus2015-16 T2-4 Himachal Pradesh/All Classes/number/SCvsST,AgCensus2015-16,T2-4,Himachal Pradesh,All Classes,number,SCvsST,social_group,Scheduled Castes,Scheduled Tribes,1,1,0,0,diff,a,,,,percent,SYNTHETIC,33.23,22.21,smoke-test fabrication; not a census value,SYNTHETIC_SMOKE_VALUE,,,,,,diff,a,True
AgCensus2015-16 T2-4 Himachal Pradesh/All Classes/number/STvsOthers,AgCensus2015-16,T2-4,Himachal Pradesh,All Classes,number,STvsOthers,social_group,Scheduled Tribes,Other social groups,1,1,0,0,diff,b,,,,percent,SYNTHETIC,34.2,62.74,smoke-test fabrication; not a census value,SYNTHETIC_SMOKE_VALUE,,,,,,diff,b,True
AgCensus2015-16 T2-4 Himachal Pradesh/All/area/MarginalvsSmall,AgCensus2015-16,T2-4,Himachal Pradesh,All,area,MarginalvsSmall,landholding,marginal operated area,small operated area,2,0,0,2,equal,c,,,,percent,SYNTHETIC,51.54,53.49,smoke-test fabrication; not a census value,SYNTHETIC_SMOKE_VALUE,,,,,,equal,c,True
AgCensus2015-16 T2-4 Himachal Pradesh/All/area/SmallvsSemi-medium,AgCensus2015-16,T2-4,Himachal Pradesh,All,area,SmallvsSemi-medium,landholding,small operated area,semi-medium operated area,2,2,0,0,equal,c,,,,percent,SYNTHETIC,23.63,28.53,smoke-test fabrication; not a census value,SYNTHETIC_SMOKE_VALUE,,,,,,equal,c,True
AgCensus2015-16 T2-4 Himachal Pradesh/All/number/MarginalvsLarge,AgCensus2015-16,T2-4,Himachal Pradesh,All,number,MarginalvsLarge,landholding,marginal holdings,large holdings,1,1,0,0,diff,a,,,,percent,SYNTHETIC,46.09,26.24,smoke-test fabrication; not a census value,SYNTHETIC_SMOKE_VALUE,,,,,,diff,a,True
AgCensus2015-16 T2-4 Himachal Pradesh/All/number/MarginalvsMedium,AgCensus2015-16,T2-4,Himachal Pradesh,All,number,MarginalvsMedium,landholding,marginal holdings,medium holdings,1,0,0,1,diff,a,,,,percent,SYNTHETIC,58.24,47.99,smoke-test fabrication; not a census value,SYNTHETIC_SMOKE_VALUE,,,,,,diff,a,True
AgCensus2015-16 T2-4 Himachal Pradesh/All/number/MarginalvsSemi-medium,AgCensus2015-16,T2-4,Himachal Pradesh,All,number,MarginalvsSemi-medium,landholding,marginal holdings,semi-medium holdings,1,1,0,0,diff,a,,,,percent,SYNTHETIC,76.89,52.26,smoke-test fabrication; not a census value,SYNTHETIC_SMOKE_VALUE,,,,,,diff,a,True
AgCensus2015-16 T2-4 Himachal Pradesh/All/number/MarginalvsSmall,AgCensus2015-16,T2-4,Himachal Pradesh,All,number,MarginalvsSmall,landholding,marginal holdings,small holdings,1,0,0,1,diff,a,,,,percent,SYNTHETIC,48.69,24.14,smoke-test fabrication; not a census value,SYNTHETIC_SMOKE_VALUE,,,,,,diff,a,True
AgCensus2015-16 T2-4 Himachal Pradesh/All/number/SmallvsLarge,AgCensus2015-16,T2-4,Himachal Pradesh,All,number,SmallvsLarge,landholding,small holdings,large holdings,1,1,0,0,diff,a,,,,percent,SYNTHETIC,67.54,41.34,smoke-test fabrication; not a census value,SYNTHETIC_SMOKE_VALUE,,,,,,diff,a,True
AgCensus2015-16 T2-4 Himachal Pradesh/All/number/SmallvsMedium,AgCensus2015-16,T2-4,Himachal Pradesh,All,number,SmallvsMedium,landholding,small holdings,medium holdings,1,0,0,1,diff,a,,,,percent,SYNTHETIC,82.71,59.79,smoke-test fabrication; not a census value,SYNTHETIC_SMOKE_VALUE,,,,,,diff,a,True
AgCensus2015-16 T2-4 Himachal Pradesh/Large/area/SCvsOthers,AgCensus2015-16,T2-4,Himachal Pradesh,Large,area,SCvsOthers,social_group,Scheduled Castes,Other social groups,1,1,0,0,diff,b,,,,percent,SYNTHETIC,44.71,72.22,smoke-test fabrication; not a census value,SYNTHETIC_SMOKE_VALUE,,,,,,diff,b,True
AgCensus2015-16 T2-4 Himachal Pradesh/Large/area/STvsOthers,AgCensus2015-16,T2-4,Himachal Pradesh,Large,area,STvsOthers,social_group,Scheduled Tribes,Other social groups,1,1,0,0,diff,b,,,,percent,SYNTHETIC,23.23,50.14,smoke-test fabrication; not a census value,SYNTHETIC_SMOKE_VALUE,,,,,,diff,b,True
AgCensus2015-16 T2-4 Himachal Pradesh/Marginal/area/SCvsOthers,AgCensus2015-16,T2-4,Himachal Pradesh,Marginal,area,SCvsOthers,social_group,Scheduled Castes,Other social groups,1,1,0,0,diff,b,,,,percent,SYNTHETIC,43.83,59.49,smoke-test fabrication; not a census value,SYNTHETIC_SMOKE_VALUE,,,,,,diff,b,True
AgCensus2015-16 T2-4 Himachal Pradesh/Marginal/area/SCvsST,AgCensus2015-16,T2-4,Himachal Pradesh,Marginal,area,SCvsST,social_group,Scheduled Castes,Scheduled Tribes,1,1,0,0,diff,a,,,,percent,SYNTHETIC,50.1,29.87,smoke-test fabrication; not a census value,SYNTHETIC_SMOKE_VALUE,,,,,,diff,a,True
AgCensus2015-16 T2-4 Himachal Pradesh/Marginal/area/STvsOthers,AgCensus2015-16,T2-4,Himachal Pradesh,Marginal,area,STvsOthers,social_group,Scheduled Tribes,Other social groups,1,0,0,1,diff,b,,,,percent,SYNTHETIC,47.0,62.82,smoke-test fabrication; not a census value,SYNTHETIC_SMOKE_VALUE,,,,,,diff,b,True
AgCensus2015-16 T2-4 Himachal Pradesh/Marginal/number/SCvsOthers,AgCensus2015-16,T2-4,Himachal Pradesh,Marginal,number,SCvsOthers,social_group,Scheduled Castes,Other social groups,1,0,0,1,diff,b,,,,percent,SYNTHETIC,23.6,49.12,smoke-test fabrication; not a census value,SYNTHETIC_SMOKE_VALUE,,,,,,diff,b,True
AgCensus2015-16 T2-4 Himachal Pradesh/Marginal/number/SCvsST,AgCensus2015-16,T2-4,Himachal Pradesh,Marginal,number,SCvsST,social_group,Scheduled Castes,Scheduled Tribes,1,0,0,1,diff,a,,,,percent,SYNTHETIC,54.13,43.93,smoke-test fabrication; not a census value,SYNTHETIC_SMOKE_VALUE,,,,,,diff,a,True
AgCensus2015-16 T2-4 Himachal Pradesh/Marginal/number/STvsOthers,AgCensus2015-16,T2-4,Himachal Pradesh,Marginal,number,STvsOthers,social_group,Scheduled Tribes,Other social groups,1,1,0,0,diff,b,,,,percent,SYNTHETIC,51.04,63.54,smoke-test fabrication; not a census value,SYNTHETIC_SMOKE_VALUE,,,,,,diff,b,True
AgCensus2015-16 T2-4 Himachal Pradesh/Medium/area/SCvsOthers,AgCensus2015-16,T2-4,Himachal Pradesh,Medium,area,SCvsOthers,social_group,Scheduled Castes,Other social groups,1,1,0,0,diff,b,,,,percent,SYNTHETIC,37.58,54.31,smoke-test fabrication; not a census value,SYNTHETIC_SMOKE_VALUE,,,,,,diff,b,True
AgCensus2015-16 T2-4 Himachal Pradesh/Medium/area/SCvsST,AgCensus2015-16,T2-4,Himachal Pradesh,Medium,area,SCvsST,social_group,Scheduled Castes,Scheduled Tribes,8,0,8,0,equal,c,,,,percent,SYNTHETIC,29.65,33.21,smoke-test fabrication; not a census value,SYNTHETIC_SMOKE_VALUE,,,,,,equal,c,True
AgCensus2015-16 T2-4 Himachal Pradesh/Medium/area/STvsOthers,AgCensus2015-16,T2-4,Himachal Pradesh,Medium,area,STvsOthers,social_group,Scheduled Tribes,Other social groups,1,1,0,0,diff,b,,,,percent,SYNTHETIC,42.96,55.04,smoke-test fabrication; not a census value,SYNTHETIC_SMOKE_VALUE,,,,,,diff,b,True
AgCensus2015-16 T2-4 Himachal Pradesh/Medium/number/SCvsOthers,AgCensus2015-16,T2-4,Himachal Pradesh,Medium,number,SCvsOthers,social_group,Scheduled Castes,Other social groups,1,1,0,0,diff,b,,,,percent,SYNTHETIC,41.25,59.41,smoke-test fabrication; not a census value,SYNTHETIC_SMOKE_VALUE,,,,,,diff,b,True
AgCensus2015-16 T2-4 Himachal Pradesh/Medium/number/STvsOthers,AgCensus2015-16,T2-4,Himachal Pradesh,Medium,number,STvsOthers,social_group,Scheduled Tribes,Other social groups,1,0,0,1,diff,b,,,,percent,SYNTHETIC,52.58,67.08,smoke-test fabrication; not a census value,SYNTHETIC_SMOKE_VALUE,,,,,,diff,b,True
AgCensus2015-16 T2-4 Himachal Pradesh/SC/number/MarginalvsMedium,AgCensus2015-16,T2-4,Himachal Pradesh,SC,number,MarginalvsMedium,landholding,marginal holdings,medium holdings,1,0,0,1,diff,a,,,,percent,SYNTHETIC,85.88,58.86,smoke-test fabrication; not a census value,SYNTHETIC_SMOKE_VALUE,,,,,,diff,a,True
AgCensus2015-16 T2-4 Himachal Pradesh/SC/number/MarginalvsSemi-medium,AgCensus2015-16,T2-4,Himachal Pradesh,SC,number,MarginalvsSemi-medium,landholding,marginal holdings,semi-medium holdings,1,0,0,1,diff,a,,,,percent,SYNTHETIC,54.45,27.77,smoke-test fabrication; not a census value,SYNTHETIC_SMOKE_VALUE,,,,,,diff,a,True
AgCensus2015-16 T2-4 Himachal Pradesh/SC/number/MarginalvsSmall,AgCensus2015-16,T2-4,Himachal Pradesh,SC,number,MarginalvsSmall,landholding,marginal holdings,small holdings,1,1,0,0,diff,a,,,,percent,SYNTHETIC,36.8,24.66,smoke-test fabrication; not a census value,SYNTHETIC_SMOKE_VALUE,,,,,,diff,a,True
AgCensus2015-16 T2-4 Himachal Pradesh/SC/number/SmallvsMedium,AgCensus2015-16,T2-4,Himachal Pradesh,SC,number,SmallvsMedium,landholding,small holdings,medium holdings,1,0,0,1,diff,a,,,,percent,SYNTHETIC,53.31,37.83,smoke-test fabrication; not a census value,SYNTHETIC_SMOKE_VALUE,,,,,,diff,a,True
AgCensus2015-16 T2-4 Himachal Pradesh/ST/number/MarginalvsLarge,AgCensus2015-16,T2-4,Himachal Pradesh,ST,number,MarginalvsLarge,landholding,marginal holdings,large holdings,1,1,0,0,diff,a,,,,percent,SYNTHETIC,39.46,25.25,smoke-test fabrication; not a census value,SYNTHETIC_SMOKE_VALUE,,,,,,diff,a,True
AgCensus2015-16 T2-4 Himachal Pradesh/ST/number/MarginalvsMedium,AgCensus2015-16,T2-4,Himachal Pradesh,ST,number,MarginalvsMedium,landholding,marginal holdings,medium holdings,1,0,0,1,diff,a,,,,percent,SYNTHETIC,50.25,31.38,smoke-test fabrication; not a census value,SYNTHETIC_SMOKE_VALUE,,,,,,diff,a,True
AgCensus2015-16 T2-4 Himachal Pradesh/ST/number/MarginalvsSemi-medium,AgCensus2015-16,T2-4,Himachal Pradesh,ST,number,MarginalvsSemi-medium,landholding,marginal holdings,semi-medium holdings,1,1,0,0,diff,a,,,,percent,SYNTHETIC,61.83,33.05,smoke-test fabrication; not a census value,SYNTHETIC_SMOKE_VALUE,,,,,,diff,a,True
AgCensus2015-16 T2-4 Himachal Pradesh/ST/number/MarginalvsSmall,AgCensus2015-16,T2-4,Himachal Pradesh,ST,number,MarginalvsSmall,landholding,marginal holdings,small holdings,1,1,0,0,diff,a,,,,percent,SYNTHETIC,59.71,41.58,smoke-test fabrication; not a census value,SYNTHETIC_SMOKE_VALUE,,,,,,diff,a,True
AgCensus2015-16 T2-4 Himachal Pradesh/ST/number/SmallvsLarge,AgCensus2015-16,T2-4,Himachal Pradesh,ST,number,SmallvsLarge,landholding,small holdings,large holdings,1,0,0,1,diff,a,,,,percent,SYNTHETIC,41.68,22.28,smoke-test fabrication; not a census value,SYNTHETIC_SMOKE_VALUE,,,,,,diff,a,True
AgCensus2015-16 T2-4 Himachal Pradesh/ST/number/SmallvsMedium,AgCensus2015-16,T2-4,Himachal Pradesh,ST,number,SmallvsMedium,landholding,small holdings,medium holdings,1,1,0,0,diff,a,,,,percent,SYNTHETIC,42.23,24.2,smoke-test fabrication; not a census value,SYNTHETIC_SMOKE_VALUE,,,,,,diff,a,True
AgCensus2015-16 T2-4 Himachal Pradesh/ST/number/SmallvsSemi-medium,AgCensus2015-16,T2-4,Himachal Pradesh,ST,number,SmallvsSemi-medium,landholding,small holdings,semi-medium holdings,1,1,0,0,diff,a,,,,percent,SYNTHETIC,57.01,34.65,smoke-test fabrication; not a census value,SYNTHETIC_SMOKE_VALUE,,,,,,diff,a,True
AgCensus2015-16 T2-4 Himachal Pradesh/Semi-medium/area/SCvsOthers,AgCensus2015-16,T2-4,Himachal Pradesh,Semi-medium,area,SCvsOthers,social_group,Scheduled Castes,Other social groups,1,1,0,0,diff,b,,,,percent,SYNTHETIC,38.53,66.31,smoke-test fabrication; not a census value,SYNTHETIC_SMOKE_VALUE,,,,,,diff,b,True
AgCensus2015-16 T2-4 Himachal Pradesh/Semi-medium/area/SCvsST,AgCensus2015-16,T2-4,Himachal Pradesh,Semi-medium,area,SCvsST,social_group,Scheduled Castes,Scheduled Tribes,8,8,0,0,equal,c,,,,percent,SYNTHETIC,49.62,52.41,smoke-test fabrication; not a census value,SYNTHETIC_SMOKE_VALUE,,,,,,equal,c,True
AgCensus2015-16 T2-4 Himachal Pradesh/Semi-medium/area/STvsOthers,AgCensus2015-16,T2-4,Himachal Pradesh,Semi-medium,area,STvsOthers,social_group,Scheduled Tribes,Other social groups,1,1,0,0,diff,b,,,,percent,SYNTHETIC,59.78,86.21,smoke-test fabrication; not a census value,SYNTHETIC_SMOKE_VALUE,,,,,,diff,b,True
AgCensus2015-16 T2-4 Himachal Pradesh/Semi-medium/number/SCvsOthers,AgCensus2015-16,T2-4,Himachal Pradesh,Semi-medium,number,SCvsOthers,social_group,Scheduled Castes,Other social groups,1,1,0,0,diff,b,,,,percent,SYNTHETIC,54.05,81.65,smoke-test fabrication; not a census value,SYNTHETIC_SMOKE_VALUE,,,,,,diff,b,True
AgCensus2015-16 T2-4 Himachal Pradesh/Semi-medium/number/SCvsST,AgCensus2015-16,T2-4,Himachal Pradesh,Semi-medium,number,SCvsST,social_group,Scheduled Castes,Scheduled Tribes,8,0,0,8,equal,c,,,,percent,SYNTHETIC,49.47,51.14,smoke-test fabrication; not a census value,SYNTHETIC_SMOKE_VALUE,,,,,,equal,c,True
AgCensus2015-16 T2-4 Himachal Pradesh/Semi-medium/number/STvsOthers,AgCensus2015-16,T2-4,Himachal Pradesh,Semi-medium,number,STvsOthers,social_group,Scheduled Tribes,Other social groups,1,1,0,0,diff,b,,,,percent,SYNTHETIC,55.6,79.08,smoke-test fabrication; not a census value,SYNTHETIC_SMOKE_VALUE,,,,,,diff,b,True
AgCensus2015-16 T2-4 Himachal Pradesh/Small/area/SCvsOthers,AgCensus2015-16,T2-4,Himachal Pradesh,Small,area,SCvsOthers,social_group,Scheduled Castes,Other social groups,1,0,0,1,diff,b,,,,percent,SYNTHETIC,25.74,55.22,smoke-test fabrication; not a census value,SYNTHETIC_SMOKE_VALUE,,,,,,diff,b,True
AgCensus2015-16 T2-4 Himachal Pradesh/Small/area/STvsOthers,AgCensus2015-16,T2-4,Himachal Pradesh,Small,area,STvsOthers,social_group,Scheduled Tribes,Other social groups,1,0,0,1,diff,b,,,,percent,SYNTHETIC,50.99,61.1,smoke-test fabrication; not a census value,SYNTHETIC_SMOKE_VALUE,,,,,,diff,b,True
AgCensus2015-16 T2-4 Himachal Pradesh/Small/number/SCvsOthers,AgCensus2015-16,T2-4,Himachal Pradesh,Small,number,SCvsOthers,social_group,Scheduled Castes,Other social groups,1,0,0,1,diff,b,,,,percent,SYNTHETIC,24.61,49.63,smoke-test fabrication; not a census value,SYNTHETIC_SMOKE_VALUE,,,,,,diff,b,True
AgCensus2015-16 T2-4 Himachal Pradesh/Small/number/STvsOthers,AgCensus2015-16,T2-4,Himachal Pradesh,Small,number,STvsOthers,social_group,Scheduled Tribes,Other social groups,1,1,0,0,diff,b,,,,percent,SYNTHETIC,41.6,56.66,smoke-test fabrication; not a census value,SYNTHETIC_SMOKE_VALUE,,,,,,diff,b,True
AgCensus2015-16 T2-4 Jammu & Kashmir/All Classes/area/SCvsOthers,AgCensus2015-16,T2-4,Jammu & Kashmir,All Classes,area,SCvsOthers,social_group,Scheduled Castes,Other social groups,1,0,0,1,diff,b,,,,percent,SYNTHETIC,30.55,60.17,smoke-test fabrication; not a census value,SYNTHETIC_SMOKE_VALUE,,,,,,diff,b,True
AgCensus2015-16 T2-4 Jammu & Kashmir/All Classes/area/STvsOthers,AgCensus2015-16,T2-4,Jammu & Kashmir,All Classes,area,STvsOthers,social_group,Scheduled Tribes,Other social groups,1,0,0,1,diff,b,,,,percent,SYNTHETIC,44.04,73.33,smoke-test fabrication; not a census value,SYNTHETIC_SMOKE_VALUE,,,,,,diff,b,True
AgCensus2015-16 T2-4 Jammu & Kashmir/All Classes/number/SCvsOthers,AgCensus2015-16,T2-4,Jammu & Kashmir,All Classes,number,SCvsOthers,social_group,Scheduled Castes,Other social groups,1,0,0,1,diff,b,,,,percent,SYNTHETIC,56.35,80.39,smoke-test fabrication; not a census value,SYNTHETIC_SMOKE_VALUE,,,,,,diff,b,True
AgCensus2015-16 T2-4 Jammu & Kashmir/All Classes/number/STvsOthers,AgCensus2015-16,T2-4,Jammu & Kashmir,All Classes,number,STvsOthers,social_group,Scheduled Tribes,Other social groups,1,1,0,0,diff,b,,,,percent,SYNTHETIC,48.27,62.71,smoke-test fabrication; not a census value,SYNTHETIC_SMOKE_VALUE,,,,,,diff,b,True
AgCensus2015-16 T2-4 Jammu & Kashmir/All/number/MarginalvsLarge,AgCensus2015-16,T2-4,Jammu & Kashmir,All,number,MarginalvsLarge,landholding,marginal holdings,large holdings,1,1,0,0,diff,a,,,,percent,SYNTHETIC,45.58,32.41,smoke-test fabrication; not a census value,SYNTHETIC_SMOKE_VALUE,,,,,,diff,a,True
AgCensus2015-16 T2-4 Jammu & Kashmir/All/number/MarginalvsMedium,AgCensus2015-16,T2-4,Jammu & Kashmir,All,number,MarginalvsMedium,landholding,marginal holdings,medium holdings,1,1,0,0,diff,a,,,,percent,SYNTHETIC,35.3,21.02,smoke-test fabrication; not a census value,SYNTHETIC_SMOKE_VALUE,,,,,,diff,a,True
AgCensus2015-16 T2-4 Jammu & Kashmir/All/number/MarginalvsSemi-medium,AgCensus2015-16,T2-4,Jammu & Kashmir,All,number,MarginalvsSemi-medium,landholding,marginal holdings,semi-medium holdings,1,1,0,0,diff,a,,,,percent,SYNTHETIC,66.84,42.34,smoke-test fabrication; not a census value,SYNTHETIC_SMOKE_VALUE,,,,,,diff,a,True
AgCensus2015-16 T2-4 Jammu & Kashmir/All/number/MarginalvsSmall,AgCensus2015-16,T2-4,Jammu & Kashmir,All,number,MarginalvsSmall,landholding,marginal holdings,small holdings,1,1,0,0,diff,a,,,,percent,SYNTHETIC,84.31,54.87,smoke-test fabrication; not a census value,SYNTHETIC_SMOKE_VALUE,,,,,,diff,a,True
AgCensus2015-16 T2-4 Jammu & Kashmir/All/number/SmallvsLarge,AgCensus2015-16,T2-4,Jammu & Kashmir,All,number,SmallvsLarge,landholding,small holdings,large holdings,1,1,0,0,diff,a,,,,percent,SYNTHETIC,55.25,34.38,smoke-test fabrication; not a census value,SYNTHETIC_SMOKE_VALUE,,,,,,diff,a,True
AgCensus2015-16 T2-4 Jammu & Kashmir/All/number/SmallvsMedium,AgCensus2015-16,T2-4,Jammu & Kashmir,All,number,SmallvsMedium,landholding,small holdings,medium holdings,1,1,0,0,diff,a,,,,percent,SYNTHETIC,54.35,28.52,smoke-test fabrication; not a census value,SYNTHETIC_SMOKE_VALUE,,,,,,diff,a,True
AgCensus2015-16 T2-4 Jammu & Kashmir/Marginal/area/SCvsOthers,AgCensus2015-16,T2-4,Jammu & Kashmir,Marginal,area,SCvsOthers,social_group,Scheduled Castes,Other social groups,1,1,0,0,diff,b,,,,percent,SYNTHETIC,47.01,61.79,smoke-test fabrication; not a census value,SYNTHETIC_SMOKE_VALUE,,,,,,diff,b,True
AgCensus2015-16 T2-4 Jammu & Kashmir/Marginal/area/STvsOthers,AgCensus2015-16,T2-4,Jammu & Kashmir,Marginal,area,STvsOthers,social_group,Scheduled Tribes,Other social groups,1,1,0,0,diff,b,,,,percent,SYNTHETIC,30.06,55.56,smoke-test fabrication; not a census value,SYNTHETIC_SMOKE_VALUE,,,,,,diff,b,True
AgCensus2015-16 T2-4 Jammu & Kashmir/Marginal/number/SCvsOthers,AgCensus2015-16,T2-4,Jammu & Kashmir,Marginal,number,SCvsOthers,social_group,Scheduled Castes,Other social groups,1,0,0,1,diff,b,,,,percent,SYNTHETIC,50.23,67.95,smoke-test fabrication; not a census value,SYNTHETIC_SMOKE_VALUE,,,,,,diff,b,True
AgCensus2015-16 T2-4 Jammu & Kashmir/Marginal/number/STvsOthers,AgCensus2015-16,T2-4,Jammu & Kashmir,Marginal,number,STvsOthers,social_group,Scheduled Tribes,Other social groups,1,0,0,1,diff,b,,,,percent,SYNTHETIC,59.94,85.3,smoke-test fabrication; not a census value,SYNTHETIC_SMOKE_VALUE,,,,,,diff,b,True
AgCensus2015-16 T2-4 Jammu & Kashmir/Medium/area/SCvsOthers,AgCensus2015-16,T2-4,Jammu & Kashmir,Medium,area,SCvsOthers,social_group,Scheduled Castes,Other social groups,1,0,0,1,diff,b,,,,percent,SYNTHETIC,56.79,84.09,smoke-test fabrication; not a census value,SYNTHETIC_SMOKE_VALUE,,,,,,diff,b,True
AgCensus2015-16 T2-4 Jammu & Kashmir/Medium/area/SCvsST,AgCensus2015-16,T2-4,Jammu & Kashmir,Medium,area,SCvsST,social_group,Scheduled Castes,Scheduled Tribes,1,1,0,0,diff,b,,,,percent,SYNTHETIC,23.64,40.67,smoke-test fabrication; not a census value,SYNTHETIC_SMOKE_VALUE,,,,,,diff,b,True
AgCensus2015-16 T2-4 Jammu & Kashmir/Medium/area/STvsOthers,AgCensus2015-16,T2-4,Jammu & Kashmir,Medium,area,STvsOthers,social_group,Scheduled Tribes,Other social groups,1,1,0,0,diff,b,,,,percent,SYNTHETIC,50.24,69.84,smoke-test fabrication; not a census value,SYNTHETIC_SMOKE_VALUE,,,,,,diff,b,True
AgCensus2015-16 T2-4 Jammu & Kashmir/SC/number/MarginalvsLarge,AgCensus2015-16,T2-4,Jammu & Kashmir,SC,number,MarginalvsLarge,landholding,marginal holdings,large holdings,1,1,0,0,diff,a,,,,percent,SYNTHETIC,53.44,38.41,smoke-test fabrication; not a census value,SYNTHETIC_SMOKE_VALUE,,,,,,diff,a,True
AgCensus2015-16 T2-4 Jammu & Kashmir/SC/number/MarginalvsMedium,AgCensus2015-16,T2-4,Jammu & Kashmir,SC,number,MarginalvsMedium,landholding,marginal holdings,medium holdings,1,0,0,1,diff,a,,,,percent,SYNTHETIC,77.06,51.89,smoke-test fabrication; not a census value,SYNTHETIC_SMOKE_VALUE,,,,,,diff,a,True
AgCensus2015-16 T2-4 Jammu & Kashmir/SC/number/MarginalvsSemi-medium,AgCensus2015-16,T2-4,Jammu & Kashmir,SC,number,MarginalvsSemi-medium,landholding,marginal holdings,semi-medium holdings,1,0,0,1,diff,a,,,,percent,SYNTHETIC,56.78,44.45,smoke-test fabrication; not a census value,SYNTHETIC_SMOKE_VALUE,,,,,,diff,a,True
AgCensus2015-16 T2-4 Jammu & Kashmir/SC/number/Semi-mediumvsMedium,AgCensus2015-16,T2-4,Jammu & Kashmir,SC,number,Semi-mediumvsMedium,landholding,semi-medium holdings,medium holdings,4,0,0,4,equal,c,,,,percent,SYNTHETIC,36.05,38.75,smoke-test fabrication; not a census value,SYNTHETIC_SMOKE_VALUE,,,,,,equal,c,True
AgCensus2015-16 T2-4 Jammu & Kashmir/SC/number/SmallvsLarge,AgCensus2015-16,T2-4,Jammu & Kashmir,SC,number,SmallvsLarge,landholding,small holdings,large holdings,1,0,0,1,diff,a,,,,percent,SYNTHETIC,48.26,25.31,smoke-test fabrication; not a census value,SYNTHETIC_SMOKE_VALUE,,,,,,diff,a,True
AgCensus2015-16 T2-4 Jammu & Kashmir/SC/number/SmallvsMedium,AgCensus2015-16,T2-4,Jammu & Kashmir,SC,number,SmallvsMedium,landholding,small holdings,medium holdings,1,0,1,0,diff,a,,,,percent,SYNTHETIC,51.29,31.82,smoke-test fabrication; not a census value,SYNTHETIC_SMOKE_VALUE,,,,,,diff,a,True
AgCensus2015-16 T2-4 Jammu & Kashmir/ST/number/MarginalvsLarge,AgCensus2015-16,T2-4,Jammu & Kashmir,ST,number,MarginalvsLarge,landholding,marginal holdings,large holdings,1,1,0,0,diff,a,,,,percent,SYNTHETIC,67.72,43.9,smoke-test fabrication; not a census value,SYNTHETIC_SMOKE_VALUE,,,,,,diff,a,True
AgCensus2015-16 T2-4 Jammu & Kashmir/ST/number/MarginalvsMedium,AgCensus2015-16,T2-4,Jammu & Kashmir,ST,number,MarginalvsMedium,landholding,marginal holdings,medium holdings,1,1,0,0,diff,a,,,,percent,SYNTHETIC,70.07,48.18,smoke-test fabrication; not a census value,SYNTHETIC_SMOKE_VALUE,,,,,,diff,a,True
AgCensus2015-16 T2-4 Jammu & Kashmir/ST/number/MarginalvsSemi-medium,AgCensus2015-16,T2-4,Jammu & Kashmir,ST,number,MarginalvsSemi-medium,landholding,marginal holdings,semi-medium holdings,1,0,1,0,diff,a,,,,percent,SYNTHETIC,45.52,28.71,smoke-test fabrication; not a census value,SYNTHETIC_SMOKE_VALUE,,,,,,diff,a,True
AgCensus2015-16 T2-4 Jammu & Kashmir/ST/number/MarginalvsSmall,AgCensus2015-16,T2-4,Jammu & Kashmir,ST,number,MarginalvsSmall,landholding,marginal holdings,small holdings,1,1,0,0,diff,a,,,,percent,SYNTHETIC,48.7,38.11,smoke-test fabrication; not a census value,SYNTHETIC_SMOKE_VALUE,,,,,,diff,a,True
AgCensus2015-16 T2-4 Jammu & Kashmir/ST/number/SmallvsMedium,AgCensus2015-16,T2-4,Jammu & Kashmir,ST,number,SmallvsMedium,landholding,small holdings,medium holdings,1,1,0,0,diff,a,,,,percent,SYNTHETIC,78.26,55.8,smoke-test fabrication; not a census value,SYNTHETIC_SMOKE_VALUE,,,,,,diff,a,True
AgCensus2015-16 T2-4 Jammu & Kashmir/Semi-medium/area/SCvsOthers,AgCensus2015-16,T2-4,Jammu & Kashmir,Semi-medium,area,SCvsOthers,social_group,Scheduled Castes,Other social groups,1,1,0,0,diff,b,,,,percent,SYNTHETIC,33.77,54.88,smoke-test fabrication; not a census value,SYNTHETIC_SMOKE_VALUE,,,,,,diff,b,True
AgCensus2015-16 T2-4 Jammu & Kashmir/Semi-medium/area/STvsOthers,AgCensus2015-16,T2-4,Jammu & Kashmir,Semi-medium,area,STvsOthers,social_group,Scheduled Tribes,Other social groups,1,1,0,0,diff,b,,,,percent,SYNTHETIC,41.49,51.85,smoke-test fabrication; not a census value,SYNTHETIC_SMOKE_VALUE,,,,,,diff,b,True
AgCensus2015-16 T2-4 Jammu & Kashmir/Semi-medium/number/SCvsOthers,AgCensus2015-16,T2-4,Jammu & Kashmir,Semi-medium,number,SCvsOthers,social_group,Scheduled Castes,Other social groups,1,0,1,0,diff,b,,,,percent,SYNTHETIC,35.91,59.22,smoke-test fabrication; not a census value,SYNTHETIC_SMOKE_VALUE,,,,,,diff,b,True
AgCensus2015-16 T2-4 Jammu & Kashmir/Semi-medium/number/STvsOthers,AgCensus2015-16,T2-4,Jammu & Kashmir,Semi-medium,number,STvsOthers,social_group,Scheduled Tribes,Other social groups,1,1,0,0,diff,b,,,,percent,SYNTHETIC,24.16,34.41,smoke-test fabrication; not a census value,SYNTHETIC_SMOKE_VALUE,,,,,,diff,b,True
AgCensus2015-16 T2-4 Jammu & Kashmir/Small/area/SCvsOthers,AgCensus2015-16,T2-4,Jammu & Kashmir,Small,area,SCvsOthers,social_group,Scheduled Castes,Other social groups,1,1,0,0,diff,b,,,,percent,SYNTHETIC,46.03,73.28,smoke-test fabrication; not a census value,SYNTHETIC_SMOKE_VALUE,,,,,,diff,b,True
AgCensus2015-16 T2-4 Jammu & Kashmir/Small/area/STvsOthers,AgCensus2015-16,T2-4,Jammu & Kashmir,Small,area,STvsOthers,social_group,Scheduled Tribes,Other social groups,1,0,1,0,diff,b,,,,percent,SYNTHETIC,41.51,57.82,smoke-test fabrication; not a census value,SYNTHETIC_SMOKE_VALUE,,,,,,diff,b,True
AgCensus2015-16 T2-4 Jammu & Kashmir/Small/number/SCvsOthers,AgCensus2015-16,T2-4,Jammu & Kashmir,Small,number,SCvsOthers,social_group,Scheduled Castes,Other social groups,1,0,0,1,diff,b,,,,percent,SYNTHETIC,28.26,38.9,smoke-test fabrication; not a census value,SYNTHETIC_SMOKE_VALUE,,,,,,diff,b,True
AgCensus2015-16 T2-4 Jammu & Kashmir/Small/number/STvsOthers,AgCensus2015-16,T2-4,Jammu & Kashmir,Small,number,STvsOthers,social_group,Scheduled Tribes,Other social groups,1,1,0,0,diff,b,,,,percent,SYNTHETIC,41.23,54.81,smoke-test fabrication; not a census value,SYNTHETIC_SMOKE_VALUE,,,,,,diff,b,True
AgCensus2015-16 T2-4 Jharkhand/All Classes/area/SCvsOthers,AgCensus2015-16,T2-4,Jharkhand,All Classes,area,SCvsOthers,social_group,Scheduled Castes,Other social groups,1,0,0,1,diff,b,,,,percent,SYNTHETIC,57.23,80.21,smoke-test fabrication; not a census value,SYNTHETIC_SMOKE_VALUE,,,,,,diff,b,True
AgCensus2015-16 T2-4 Jharkhand/All Classes/area/SCvsST,AgCensus2015-16,T2-4,Jharkhand,All Classes,area,SCvsST,social_group,Scheduled Castes,Scheduled Tribes,1,1,0,0,diff,b,,,,percent,SYNTHETIC,24.32,51.12,smoke-test fabrication; not a census value,SYNTHETIC_SMOKE_VALUE,,,,,,diff,b,True
AgCensus2015-16 T2-4 Jharkhand/All Classes/area/STvsOthers,AgCensus2015-16,T2-4,Jharkhand,All Classes,area,STvsOthers,social_group,Scheduled Tribes,Other social groups,8,0,0,8,equal,c,,,,percent,SYNTHETIC,31.02,31.13,smoke-test fabrication; not a census value,SYNTHETIC_SMOKE_VALUE,,,,,,equal,c,True
AgCensus2015-16 T2-4 Jharkhand/All Classes/number/SCvsOthers,AgCensus2015-16,T2-4,Jharkhand,All Classes,number,SCvsOthers,social_group,Scheduled Castes,Other social groups,1,0,0,1,diff,b,,,,percent,SYNTHETIC,59.32,85.33,smoke-test fabrication; not a census value,SYNTHETIC_SMOKE_VALUE,,,,,,diff,b,True
AgCensus2015-16 T2-4 Jharkhand/All Classes/number/SCvsST,AgCensus2015-16,T2-4,Jharkhand,All Classes,number,SCvsST,social_group,Scheduled Castes,Scheduled Tribes,1,1,0,0,diff,b,,,,percent,SYNTHETIC,27.5,56.98,smoke-test fabrication; not a census value,SYNTHETIC_SMOKE_VALUE,,,,,,diff,b,True
AgCensus2015-16 T2-4 Jharkhand/All Classes/number/STvsOthers,AgCensus2015-16,T2-4,Jharkhand,All Classes,number,STvsOthers,social_group,Scheduled Tribes,Other social groups,1,1,0,0,diff,b,,,,percent,SYNTHETIC,41.86,62.63,smoke-test fabrication; not a census value,SYNTHETIC_SMOKE_VALUE,,,,,,diff,b,True
AgCensus2015-16 T2-4 Jharkhand/All/area/MarginalvsMedium,AgCensus2015-16,T2-4,Jharkhand,All,area,MarginalvsMedium,landholding,marginal operated area,medium operated area,4,4,0,0,equal,c,,,,percent,SYNTHETIC,33.38,37.98,smoke-test fabrication; not a census value,SYNTHETIC_SMOKE_VALUE,,,,,,equal,c,True
AgCensus2015-16 T2-4 Jharkhand/All/area/MarginalvsSemi-medium,AgCensus2015-16,T2-4,Jharkhand,All,area,MarginalvsSemi-medium,landholding,marginal operated area,semi-medium operated area,4,4,0,0,equal,c,,,,percent,SYNTHETIC,44.36,45.57,smoke-test fabrication; not a census value,SYNTHETIC_SMOKE_VALUE,,,,,,equal,c,True
AgCensus2015-16 T2-4 Jharkhand/All/area/Semi-mediumvsMedium,AgCensus2015-16,T2-4,Jharkhand,All,area,Semi-mediumvsMedium,landholding,semi-medium operated area,medium operated area,3,0,3,0,equal,c,,,,percent,SYNTHETIC,45.62,48.14,smoke-test fabrication; not a census value,SYNTHETIC_SMOKE_VALUE,,,,,,equal,c,True
AgCensus2015-16 T2-4 Jharkhand/All/area/SmallvsMedium,AgCensus2015-16,T2-4,Jharkhand,All,area,SmallvsMedium,landholding,small operated area,medium operated area,4,0,0,4,equal,c,,,,percent,SYNTHETIC,29.65,31.36,smoke-test fabrication; not a census value,SYNTHETIC_SMOKE_VALUE,,,,,,equal,c,True
AgCensus2015-16 T2-4 Jharkhand/All/number/MarginalvsLarge,AgCensus2015-16,T2-4,Jharkhand,All,number,MarginalvsLarge,landholding,marginal holdings,large holdings,1,1,0,0,diff,a,,,,percent,SYNTHETIC,85.45,59.79,smoke-test fabrication; not a census value,SYNTHETIC_SMOKE_VALUE,,,,,,diff,a,True
AgCensus2015-16 T2-4 Jharkhand/All/number/MarginalvsMedium,AgCensus2015-16,T2-4,Jharkhand,All,number,MarginalvsMedium,landholding,marginal holdings,medium holdings,1,1,0,0,diff,a,,,,percent,SYNTHETIC,39.95,25.68,smoke-test fabrication; not a census value,SYNTHETIC_SMOKE_VALUE,,,,,,diff,a,True
AgCensus2015-16 T2-4 Jharkhand/All/number/MarginalvsSemi-medium,AgCensus2015-16,T2-4,Jharkhand,All,number,MarginalvsSemi-medium,landholding,marginal holdings,semi-medium holdings,1,1,0,0,diff,a,,,,percent,SYNTHETIC,81.26,56.87,smoke-test fabrication; not a census value,SYNTHETIC_SMOKE_VALUE,,,,,,diff,a,True
AgCensus2015-16 T2-4 Jharkhand/All/number/MarginalvsSmall,AgCensus2015-16,T2-4,Jharkhand,All,number,MarginalvsSmall,landholding,marginal holdings,small holdings,1,1,0,0,diff,a,,,,percent,SYNTHETIC,65.94,47.24,smoke-test fabrication; not a census value,SYNTHETIC_SMOKE_VALUE,,,,,,diff,a,True
AgCensus2015-16 T2-4 Jharkhand/All/number/SmallvsLarge,AgCensus2015-16,T2-4,Jharkhand,All,number,SmallvsLarge,landholding,small holdings,large holdings,1,1,0,0,diff,a,,,,percent,SYNTHETIC,80.5,50.75,smoke-test fabrication; not a census value,SYNTHETIC_SMOKE_VALUE,,,,,,diff,a,True
AgCensus2015-16 T2-4 Jharkhand/All/number/SmallvsMedium,AgCensus2015-16,T2-4,Jharkhand,All,number,SmallvsMedium,landholding,small holdings,medium holdings,1,1,0,0,diff,a,,,,percent,SYNTHETIC,57.84,42.85,smoke-test fabrication; not a census value,SYNTHETIC_SMOKE_VALUE,,,,,,diff,a,True
AgCensus2015-16 T2-4 Jharkhand/Large/area/SCvsOthers,AgCensus2015-16,T2-4,Jharkhand,Large,area,SCvsOthers,social_group,Scheduled Castes,Other social groups,1,1,0,0,diff,b,,,,percent,SYNTHETIC,33.21,63.06,smoke-test fabrication; not a census value,SYNTHETIC_SMOKE_VALUE,,,,,,diff,b,True
AgCensus2015-16 T2-4 Jharkhand/Large/area/SCvsST,AgCensus2015-16,T2-4,Jharkhand,Large,area,SCvsST,social_group,Scheduled Castes,Scheduled Tribes,1,1,0,0,diff,b,,,,percent,SYNTHETIC,51.43,71.87,smoke-test fabrication; not a census value,SYNTHETIC_SMOKE_VALUE,,,,,,diff,b,True
AgCensus2015-16 T2-4 Jharkhand/Large/area/STvsOthers,AgCensus2015-16,T2-4,Jharkhand,Large,area,STvsOthers,social_group,Scheduled Tribes,Other social groups,1,0,0,1,diff,a,,,,percent,SYNTHETIC,67.45,37.65,smoke-test fabrication; not a census value,SYNTHETIC_SMOKE_VALUE,,,,,,diff,a,True
AgCensus2015-16 T2-4 Jharkhand/Large/number/SCvsOthers,AgCensus2015-16,T2-4,Jharkhand,Large,number,SCvsOthers,social_group,Scheduled Castes,Other social groups,1,1,0,0,diff,b,,,,percent,SYNTHETIC,44.18,60.0,smoke-test fabrication; not a census value,SYNTHETIC_SMOKE_VALUE,,,,,,diff,b,True
AgCensus2015-16 T2-4 Jharkhand/Large/number/STvsOthers,AgCensus2015-16,T2-4,Jharkhand,Large,number,STvsOthers,social_group,Scheduled Tribes,Other social groups,1,0,1,0,diff,a,,,,percent,SYNTHETIC,43.19,24.6,smoke-test fabrication; not a census value,SYNTHETIC_SMOKE_VALUE,,,,,,diff,a,True
AgCensus2015-16 T2-4 Jharkhand/Marginal/area/SCvsOthers,AgCensus2015-16,T2-4,Jharkhand,Marginal,area,SCvsOthers,social_group,Scheduled Castes,Other social groups,1,1,0,0,diff,b,,,,percent,SYNTHETIC,35.25,55.75,smoke-test fabrication; not a census value,SYNTHETIC_SMOKE_VALUE,,,,,,diff,b,True
AgCensus2015-16 T2-4 Jharkhand/Marginal/area/SCvsST,AgCensus2015-16,T2-4,Jharkhand,Marginal,area,SCvsST,social_group,Scheduled Castes,Scheduled Tribes,1,1,0,0,diff,b,,,,percent,SYNTHETIC,21.9,50.02,smoke-test fabrication; not a census value,SYNTHETIC_SMOKE_VALUE,,,,,,diff,b,True
AgCensus2015-16 T2-4 Jharkhand/Marginal/area/STvsOthers,AgCensus2015-16,T2-4,Jharkhand,Marginal,area,STvsOthers,social_group,Scheduled Tribes,Other social groups,1,0,0,1,diff,b,,,,percent,SYNTHETIC,49.49,71.38,smoke-test fabrication; not a census value,SYNTHETIC_SMOKE_VALUE,,,,,,diff,b,True
AgCensus2015-16 T2-4 Jharkhand/Marginal/number/SCvsOthers,AgCensus2015-16,T2-4,Jharkhand,Marginal,number,SCvsOthers,social_group,Scheduled Castes,Other social groups,1,0,0,1,diff,b,,,,percent,SYNTHETIC,35.12,54.13,smoke-test fabrication; not a census value,SYNTHETIC_SMOKE_VALUE,,,,,,diff,b,True
AgCensus2015-16 T2-4 Jharkhand/Marginal/number/SCvsST,AgCensus2015-16,T2-4,Jharkhand,Marginal,number,SCvsST,social_group,Scheduled Castes,Scheduled Tribes,1,1,0,0,diff,b,,,,percent,SYNTHETIC,59.73,76.7,smoke-test fabrication; not a census value,SYNTHETIC_SMOKE_VALUE,,,,,,diff,b,True
AgCensus2015-16 T2-4 Jharkhand/Marginal/number/STvsOthers,AgCensus2015-16,T2-4,Jharkhand,Marginal,number,STvsOthers,social_group,Scheduled Tribes,Other social groups,1,0,0,1,diff,b,,,,percent,SYNTHETIC,24.8,39.22,smoke-test fabrication; not a census value,SYNTHETIC_SMOKE_VALUE,,,,,,diff,b,True
AgCensus2015-16 T2-4 Jharkhand/Medium/area/SCvsOthers,AgCensus2015-16,T2-4,Jharkhand,Medium,area,SCvsOthers,social_group,Scheduled Castes,Other social groups,1,1,0,0,diff,b,,,,percent,SYNTHETIC,56.14,77.97,smoke-test fabrication; not a census value,SYNTHETIC_SMOKE_VALUE,,,,,,diff,b,True
AgCensus2015-16 T2-4 Jharkhand/Medium/area/SCvsST,AgCensus2015-16,T2-4,Jharkhand,Medium,area,SCvsST,social_group,Scheduled Castes,Scheduled Tribes,1,1,0,0,diff,b,,,,percent,SYNTHETIC,42.43,59.94,smoke-test fabrication; not a census value,SYNTHETIC_SMOKE_VALUE,,,,,,diff,b,True
AgCensus2015-16 T2-4 Jharkhand/Medium/area/STvsOthers,AgCensus2015-16,T2-4,Jharkhand,Medium,area,STvsOthers,social_group,Scheduled Tribes,Other social groups,1,1,0,0,diff,a,,,,percent,SYNTHETIC,51.3,40.36,smoke-test fabrication; not a census value,SYNTHETIC_SMOKE_VALUE,,,,,,diff,a,True
AgCensus2015-16 T2-4 Jharkhand/Medium/number/SCvsOthers,AgCensus2015-16,T2-4,Jharkhand,Medium,number,SCvsOthers,social_group,Scheduled Castes,Other social groups,1,1,0,0,diff,b,,,,percent,SYNTHETIC,42.73,58.58,smoke-test fabrication; not a census value,SYNTHETIC_SMOKE_VALUE,,,,,,diff,b,True
AgCensus2015-16 T2-4 Jharkhand/Medium/number/SCvsST,AgCensus2015-16,T2-4,Jharkhand,Medium,number,SCvsST,social_group,Scheduled Castes,Scheduled Tribes,1,1,0,0,diff,b,,,,percent,SYNTHETIC,25.21,51.57,smoke-test fabrication; not a census value,SYNTHETIC_SMOKE_VALUE,,,,,,diff,b,True
AgCensus2015-16 T2-4 Jharkhand/Medium/number/STvsOthers,AgCensus2015-16,T2-4,Jharkhand,Medium,number,STvsOthers,social_group,Scheduled Tribes,Other social groups,1,0,0,1,diff,a,,,,percent,SYNTHETIC,70.81,47.98,smoke-test fabrication; not a census value,SYNTHETIC_SMOKE_VALUE,,,,,,diff,a,True
AgCensus2015-16 T2-4 Jharkhand/SC/area/Semi-mediumvsMedium,AgCensus2015-16,T2-4,Jharkhand,SC,area,Semi-mediumvsMedium,landholding,semi-medium operated area,medium operated area,3,3,0,0,equal,c,,,,percent,SYNTHETIC,22.45,26.18,smoke-test fabrication; not a census value,SYNTHETIC_SMOKE_VALUE,,,,,,equal,c,True
AgCensus2015-16 T2-4 Jharkhand/SC/area/SmallvsMedium,AgCensus2015-16,T2-4,Jharkhand,SC,area,SmallvsMedium,landholding,small operated area,medium operated area,4,4,0,0,equal,c,,,,percent,SYNTHETIC,57.09,59.91,smoke-test fabrication; not a census value,SYNTHETIC_SMOKE_VALUE,,,,,,equal,c,True
AgCensus2015-16 T2-4 Jharkhand/SC/area/SmallvsSemi-medium,AgCensus2015-16,T2-4,Jharkhand,SC,area,SmallvsSemi-medium,landholding,small operated area,semi-medium operated area,3,3,0,0,equal,c,,,,percent,SYNTHETIC,38.37,40.83,smoke-test fabrication; not a census value,SYNTHETIC_SMOKE_VALUE,,,,,,equal,c,True
AgCensus2015-16 T2-4 Jharkhand/SC/number/MarginalvsLarge,AgCensus2015-16,T2-4,Jharkhand,SC,number,MarginalvsLarge,landholding,marginal holdings,large holdings,1,0,0,1,diff,a,,,,percent,SYNTHETIC,46.23,23.44,smoke-test fabrication; not a census value,SYNTHETIC_SMOKE_VALUE,,,,,,diff,a,True
AgCensus2015-16 T2-4 Jharkhand/SC/number/MarginalvsMedium,AgCensus2015-16,T2-4,Jharkhand,SC,number,MarginalvsMedium,landholding,marginal holdings,medium holdings,1,0,0,1,diff,a,,,,percent,SYNTHETIC,74.3,46.18,smoke-test fabrication; not a census value,SYNTHETIC_SMOKE_VALUE,,,,,,diff,a,True
AgCensus2015-16 T2-4 Jharkhand/SC/number/MarginalvsSemi-medium,AgCensus2015-16,T2-4,Jharkhand,SC,number,MarginalvsSemi-medium,landholding,marginal holdings,semi-medium holdings,1,0,0,1,diff,a,,,,percent,SYNTHETIC,70.85,58.91,smoke-test fabrication; not a census value,SYNTHETIC_SMOKE_VALUE,,,,,,diff,a,True
AgCensus2015-16 T2-4 Jharkhand/SC/number/MarginalvsSmall,AgCensus2015-16,T2-4,Jharkhand,SC,number,MarginalvsSmall,landholding,marginal holdings,small holdings,1,1,0,0,diff,a,,,,percent,SYNTHETIC,33.65,20.82,smoke-test fabrication; not a census value,SYNTHETIC_SMOKE_VALUE,,,,,,diff,a,True
AgCensus2015-16 T2-4 Jharkhand/SC/number/Semi-mediumvsMedium,AgCensus2015-16,T2-4,Jharkhand,SC,number,Semi-mediumvsMedium,landholding,semi-medium holdings,medium holdings,3,0,0,3,equal,c,,,,percent,SYNTHETIC,32.33,35.75,smoke-test fabrication; not a census value,SYNTHETIC_SMOKE_VALUE,,,,,,equal,c,True
AgCensus2015-16 T2-4 Jharkhand/SC/number/SmallvsLarge,AgCensus2015-16,T2-4,Jharkhand,SC,number,SmallvsLarge,landholding,small holdings,large holdings,1,0,0,1,diff,a,,,,percent,SYNTHETIC,59.18,32.41,smoke-test fabrication; not a census value,SYNTHETIC_SMOKE_VALUE,,,,,,diff,a,True
AgCensus2015-16 T2-4 Jharkhand/ST/area/MarginalvsSmall,AgCensus2015-16,T2-4,Jharkhand,ST,area,MarginalvsSmall,landholding,marginal operated area,small operated area,1,0,0,1,equal,c,,,,percent,SYNTHETIC,25.95,30.57,smoke-test fabrication; not a census value,SYNTHETIC_SMOKE_VALUE,,,,,,equal,c,True
AgCensus2015-16 T2-4 Jharkhand/ST/area/Semi-mediumvsMedium,AgCensus2015-16,T2-4,Jharkhand,ST,area,Semi-mediumvsMedium,landholding,semi-medium operated area,medium operated area,1,1,0,0,equal,c,,,,percent,SYNTHETIC,42.97,44.52,smoke-test fabrication; not a census value,SYNTHETIC_SMOKE_VALUE,,,,,,equal,c,True
AgCensus2015-16 T2-4 Jharkhand/ST/area/SmallvsLarge,AgCensus2015-16,T2-4,Jharkhand,ST,area,SmallvsLarge,landholding,small operated area,large operated area,1,0,0,1,equal,c,,,,percent,SYNTHETIC,41.76,43.38,smoke-test fabrication; not a census value,SYNTHETIC_SMOKE_VALUE,,,,,,equal,c,True
AgCensus2015-16 T2-4 Jharkhand/ST/number/MarginalvsLarge,AgCensus2015-16,T2-4,Jharkhand,ST,number,MarginalvsLarge,landholding,marginal holdings,large holdings,1,1,0,0,diff,a,,,,percent,SYNTHETIC,72.71,47.36,smoke-test fabrication; not a census value,SYNTHETIC_SMOKE_VALUE,,,,,,diff,a,True
AgCensus2015-16 T2-4 Jharkhand/ST/number/MarginalvsMedium,AgCensus2015-16,T2-4,Jharkhand,ST,number,MarginalvsMedium,landholding,marginal holdings,medium holdings,1,1,0,0,diff,a,,,,percent,SYNTHETIC,81.82,54.59,smoke-test fabrication; not a census value,SYNTHETIC_SMOKE_VALUE,,,,,,diff,a,True
AgCensus2015-16 T2-4 Jharkhand/ST/number/MarginalvsSmall,AgCensus2015-16,T2-4,Jharkhand,ST,number,MarginalvsSmall,landholding,marginal holdings,small holdings,1,0,0,1,diff,a,,,,percent,SYNTHETIC,49.01,24.1,smoke-test fabrication; not a census value,SYNTHETIC_SMOKE_VALUE,,,,,,diff,a,True
AgCensus2015-16 T2-4 Jharkhand/ST/number/SmallvsLarge,AgCensus2015-16,T2-4,Jharkhand,ST,number,SmallvsLarge,landholding,small holdings,large holdings,1,0,0,1,diff,a,,,,percent,SYNTHETIC,53.54,39.69,smoke-test fabrication; not a census value,SYNTHETIC_SMOKE_VALUE,,,,,,diff,a,True
AgCensus2015-16 T2-4 Jharkhand/ST/number/SmallvsMedium,AgCensus2015-16,T2-4,Jharkhand,ST,number,SmallvsMedium,landholding,small holdings,medium holdings,1,1,0,0,diff,a,,,,percent,SYNTHETIC,46.58,20.78,smoke-test fabrication; not a census value,SYNTHETIC_SMOKE_VALUE,,,,,,diff,a,True
AgCensus2015-16 T2-4 Jharkhand/ST/number/SmallvsSemi-medium,AgCensus2015-16,T2-4,Jharkhand,ST,number,SmallvsSemi-medium,landholding,small holdings,semi-medium holdings,4,4,0,0,equal,c,,,,percent,SYNTHETIC,55.64,56.89,smoke-test fabrication; not a census value,SYNTHETIC_SMOKE_VALUE,,,,,,equal,c,True
AgCensus2015-16 T2-4 Jharkhand/Semi-medium/area/SCvsOthers,AgCensus2015-16,T2-4,Jharkhand,Semi-medium,area,SCvsOthers,social_group,Scheduled Castes,Other social groups,1,1,0,0,diff,b,,,,percent,SYNTHETIC,44.21,65.79,smoke-test fabrication; not a census value,SYNTHETIC_SMOKE_VALUE,,,,,,diff,b,True
AgCensus2015-16 T2-4 Jharkhand/Semi-medium/area/SCvsST,AgCensus2015-16,T2-4,Jharkhand,Semi-medium,area,SCvsST,social_group,Scheduled Castes,Scheduled Tribes,1,0,0,1,diff,b,,,,percent,SYNTHETIC,35.34,63.4,smoke-test fabrication; not a census value,SYNTHETIC_SMOKE_VALUE,,,,,,diff,b,True
AgCensus2015-16 T2-4 Jharkhand/Semi-medium/area/STvsOthers,AgCensus2015-16,T2-4,Jharkhand,Semi-medium,area,STvsOthers,social_group,Scheduled Tribes,Other social groups,8,8,0,0,equal,c,,,,percent,SYNTHETIC,43.93,44.72,smoke-test fabrication; not a census value,SYNTHETIC_SMOKE_VALUE,,,,,,equal,c,True
AgCensus2015-16 T2-4 Jharkhand/Semi-medium/number/SCvsOthers,AgCensus2015-16,T2-4,Jharkhand,Semi-medium,number,SCvsOthers,social_group,Scheduled Castes,Other social groups,1,1,0,0,diff,b,,,,percent,SYNTHETIC,53.25,72.4,smoke-test fabrication; not a census value,SYNTHETIC_SMOKE_VALUE,,,,,,diff,b,True
AgCensus2015-16 T2-4 Jharkhand/Semi-medium/number/SCvsST,AgCensus2015-16,T2-4,Jharkhand,Semi-medium,number,SCvsST,social_group,Scheduled Castes,Scheduled Tribes,1,0,0,1,diff,b,,,,percent,SYNTHETIC,21.42,44.45,smoke-test fabrication; not a census value,SYNTHETIC_SMOKE_VALUE,,,,,,diff,b,True
AgCensus2015-16 T2-4 Jharkhand/Semi-medium/number/STvsOthers,AgCensus2015-16,T2-4,Jharkhand,Semi-medium,number,STvsOthers,social_group,Scheduled Tribes,Other social groups,8,0,0,8,equal,c,,,,percent,SYNTHETIC,53.94,58.27,smoke-test fabrication; not a census value,SYNTHETIC_SMOKE_VALUE,,,,,,equal,c,True
AgCensus2015-16 T2-4 Jharkhand/Small/area/SCvsOthers,AgCensus2015-16,T2-4,Jharkhand,Small,area,SCvsOthers,social_group,Scheduled Castes,Other social groups,1,1,0,0,diff,b,,,,percent,SYNTHETIC,34.82,64.69,smoke-test fabrication; not a census value,SYNTHETIC_SMOKE_VALUE,,,,,,diff,b,True
AgCensus2015-16 T2-4 Jharkhand/Small/area/SCvsST,AgCensus2015-16,T2-4,Jharkhand,Small,area,SCvsST,social_group,Scheduled Castes,Scheduled Tribes,1,0,0,1,diff,b,,,,percent,SYNTHETIC,36.94,65.87,smoke-test fabrication; not a census value,SYNTHETIC_SMOKE_VALUE,,,,,,diff,b,True
AgCensus2015-16 T2-4 Jharkhand/Small/number/SCvsOthers,AgCensus2015-16,T2-4,Jharkhand,Small,number,SCvsOthers,social_group,Scheduled Castes,Other social groups,1,0,0,1,diff,b,,,,percent,SYNTHETIC,31.94,61.03,smoke-test fabrication; not a census value,SYNTHETIC_SMOKE_VALUE,,,,,,diff,b,True
AgCensus2015-16 T2-4 Jharkhand/Small/number/SCvsST,AgCensus2015-16,T2-4,Jharkhand,Small,number,SCvsST,social_group,Scheduled Castes,Scheduled Tribes,1,0,0,1,diff,b,,,,percent,SYNTHETIC,37.7,59.87,smoke-test fabrication; not a census value,SYNTHETIC_SMOKE_VALUE,,,,,,diff,b,True
AgCensus2015-16 T2-4 Karnataka/All Classes/area/SCvsOthers,AgCensus2015-16,T2-4,Karnataka,All Classes,area,SCvsOthers,social_group,Scheduled Castes,Other social groups,1,0,0,1,diff,b,,,,percent,SYNTHETIC,49.79,71.66,smoke-test fabrication; not a census value,SYNTHETIC_SMOKE_VALUE,,,,,,diff,b,True
AgCensus2015-16 T2-4 Karnataka/All Classes/area/SCvsST,AgCensus2015-16,T2-4,Karnataka,All Classes,area,SCvsST,social_group,Scheduled Castes,Scheduled Tribes,8,0,0,8,equal,c,,,,percent,SYNTHETIC,37.16,40.74,smoke-test fabrication; not a census value,SYNTHETIC_SMOKE_VALUE,,,,,,equal,c,True
AgCensus2015-16 T2-4 Karnataka/All Classes/area/STvsOthers,AgCensus2015-16,T2-4,Karnataka,All Classes,area,STvsOthers,social_group,Scheduled Tribes,Other social groups,1,0,0,1,diff,b,,,,percent,SYNTHETIC,43.12,54.0,smoke-test fabrication; not a census value,SYNTHETIC_SMOKE_VALUE,,,,,,diff,b,True
AgCensus2015-16 T2-4 Karnataka/All Classes/number/SCvsOthers,AgCensus2015-16,T2-4,Karnataka,All Classes,number,SCvsOthers,social_group,Scheduled Castes,Other social groups,1,1,0,0,diff,b,,,,percent,SYNTHETIC,22.82,36.1,smoke-test fabrication; not a census value,SYNTHETIC_SMOKE_VALUE,,,,,,diff,b,True
AgCensus2015-16 T2-4 Karnataka/All Classes/number/STvsOthers,AgCensus2015-16,T2-4,Karnataka,All Classes,number,STvsOthers,social_group,Scheduled Tribes,Other social groups,1,0,1,0,diff,b,,,,percent,SYNTHETIC,33.17,49.96,smoke-test fabrication; not a census value,SYNTHETIC_SMOKE_VALUE,,,,,,diff,b,True
AgCensus2015-16 T2-4 Karnataka/All/area/MarginalvsMedium,AgCensus2015-16,T2-4,Karnataka,All,area,MarginalvsMedium,landholding,marginal operated area,medium operated area,2,2,0,0,equal,c,,,,percent,SYNTHETIC,52.36,56.5,smoke-test fabrication; not a census value,SYNTHETIC_SMOKE_VALUE,,,,,,equal,c,True
AgCensus2015-16 T2-4 Karnataka/All/area/SmallvsMedium,AgCensus2015-16,T2-4,Karnataka,All,area,SmallvsMedium,landholding,small operated area,medium operated area,4,0,0,4,equal,c,,,,percent,SYNTHETIC,59.7,61.7,smoke-test fabrication; not a census value,SYNTHETIC_SMOKE_VALUE,,,,,,equal,c,True
AgCensus2015-16 T2-4 Karnataka/All/area/SmallvsSemi-medium,AgCensus2015-16,T2-4,Karnataka,All,area,SmallvsSemi-medium,landholding,small operated area,semi-medium operated area,3,3,0,0,equal,c,,,,percent,SYNTHETIC,45.25,45.38,smoke-test fabrication; not a census value,SYNTHETIC_SMOKE_VALUE,,,,,,equal,c,True
AgCensus2015-16 T2-4 Karnataka/All/number/MarginalvsLarge,AgCensus2015-16,T2-4,Karnataka,All,number,MarginalvsLarge,landholding,marginal holdings,large holdings,1,1,0,0,diff,a,,,,percent,SYNTHETIC,47.16,28.22,smoke-test fabrication; not a census value,SYNTHETIC_SMOKE_VALUE,,,,,,diff,a,True
AgCensus2015-16 T2-4 Karnataka/All/number/MarginalvsSemi-medium,AgCensus2015-16,T2-4,Karnataka,All,number,MarginalvsSemi-medium,landholding,marginal holdings,semi-medium holdings,1,1,0,0,diff,a,,,,percent,SYNTHETIC,66.44,47.48,smoke-test fabrication; not a census value,SYNTHETIC_SMOKE_VALUE,,,,,,diff,a,True
AgCensus2015-16 T2-4 Karnataka/All/number/MediumvsLarge,AgCensus2015-16,T2-4,Karnataka,All,number,MediumvsLarge,landholding,medium holdings,large holdings,4,0,0,4,equal,c,,,,percent,SYNTHETIC,29.55,31.66,smoke-test fabrication; not a census value,SYNTHETIC_SMOKE_VALUE,,,,,,equal,c,True
AgCensus2015-16 T2-4 Karnataka/All/number/SmallvsLarge,AgCensus2015-16,T2-4,Karnataka,All,number,SmallvsLarge,landholding,small holdings,large holdings,1,1,0,0,diff,a,,,,percent,SYNTHETIC,59.25,37.57,smoke-test fabrication; not a census value,SYNTHETIC_SMOKE_VALUE,,,,,,diff,a,True
AgCensus2015-16 T2-4 Karnataka/All/number/SmallvsMedium,AgCensus2015-16,T2-4,Karnataka,All,number,SmallvsMedium,landholding,small holdings,medium holdings,1,0,0,1,diff,a,,,,percent,SYNTHETIC,39.57,21.32,smoke-test fabrication; not a census value,SYNTHETIC_SMOKE_VALUE,,,,,,diff,a,True
AgCensus2015-16 T2-4 Karnataka/All/number/SmallvsSemi-medium,AgCensus2015-16,T2-4,Karnataka,All,number,SmallvsSemi-medium,landholding,small holdings,semi-medium holdings,1,0,0,1,diff,a,,,,percent,SYNTHETIC,60.41,46.99,smoke-test fabrication; not a census value,SYNTHETIC_SMOKE_VALUE,,,,,,diff,a,True
AgCensus2015-16 T2-4 Karnataka/Large/area/SCvsOthers,AgCensus2015-16,T2-4,Karnataka,Large,area,SCvsOthers,social_group,Scheduled Castes,Other social groups,1,1,0,0,diff,b,,,,percent,SYNTHETIC,45.57,56.16,smoke-test fabrication; not a census value,SYNTHETIC_SMOKE_VALUE,,,,,,diff,b,True
AgCensus2015-16 T2-4 Karnataka/Large/area/SCvsST,AgCensus2015-16,T2-4,Karnataka,Large,area,SCvsST,social_group,Scheduled Castes,Scheduled Tribes,8,8,0,0,equal,c,,,,percent,SYNTHETIC,50.61,52.72,smoke-test fabrication; not a census value,SYNTHETIC_SMOKE_VALUE,,,,,,equal,c,True
AgCensus2015-16 T2-4 Karnataka/Large/area/STvsOthers,AgCensus2015-16,T2-4,Karnataka,Large,area,STvsOthers,social_group,Scheduled Tribes,Other social groups,1,1,0,0,diff,b,,,,percent,SYNTHETIC,36.14,56.51,smoke-test fabrication; not a census value,SYNTHETIC_SMOKE_VALUE,,,,,,diff,b,True
AgCensus2015-16 T2-4 Karnataka/Large/number/SCvsOthers,AgCensus2015-16,T2-4,Karnataka,Large,number,SCvsOthers,social_group,Scheduled Castes,Other social groups,1,0,0,1,diff,b,,,,percent,SYNTHETIC,44.98,59.81,smoke-test fabrication; not a census value,SYNTHETIC_SMOKE_VALUE,,,,,,diff,b,True
AgCensus2015-16 T2-4 Karnataka/Large/number/SCvsST,AgCensus2015-16,T2-4,Karnataka,Large,number,SCvsST,social_group,Scheduled Castes,Scheduled Tribes,8,0,0,8,equal,c,,,,percent,SYNTHETIC,57.5,58.3,smoke-test fabrication; not a census value,SYNTHETIC_SMOKE_VALUE,,,,,,equal,c,True
AgCensus2015-16 T2-4 Karnataka/Large/number/STvsOthers,AgCensus2015-16,T2-4,Karnataka,Large,number,STvsOthers,social_group,Scheduled Tribes,Other social groups,1,1,0,0,diff,b,,,,percent,SYNTHETIC,28.02,48.38,smoke-test fabrication; not a census value,SYNTHETIC_SMOKE_VALUE,,,,,,diff,b,True
AgCensus2015-16 T2-4 Karnataka/Marginal/area/SCvsOthers,AgCensus2015-16,T2-4,Karnataka,Marginal,area,SCvsOthers,social_group,Scheduled Castes,Other social groups,1,0,1,0,diff,b,,,,percent,SYNTHETIC,55.67,74.42,smoke-test fabrication; not a census value,SYNTHETIC_SMOKE_VALUE,,,,,,diff,b,True
AgCensus2015-16 T2-4 Karnataka/Marginal/area/STvsOthers,AgCensus2015-16,T2-4,Karnataka,Marginal,area,STvsOthers,social_group,Scheduled Tribes,Other social groups,1,0,1,0,diff,b,,,,percent,SYNTHETIC,27.03,43.96,smoke-test fabrication; not a census value,SYNTHETIC_SMOKE_VALUE,,,,,,diff,b,True
AgCensus2015-16 T2-4 Karnataka/Marginal/number/SCvsOthers,AgCensus2015-16,T2-4,Karnataka,Marginal,number,SCvsOthers,social_group,Scheduled Castes,Other social groups,1,0,0,1,diff,b,,,,percent,SYNTHETIC,44.5,66.72,smoke-test fabrication; not a census value,SYNTHETIC_SMOKE_VALUE,,,,,,diff,b,True
AgCensus2015-16 T2-4 Karnataka/Marginal/number/STvsOthers,AgCensus2015-16,T2-4,Karnataka,Marginal,number,STvsOthers,social_group,Scheduled Tribes,Other social groups,1,1,0,0,diff,b,,,,percent,SYNTHETIC,45.6,63.7,smoke-test fabrication; not a census value,SYNTHETIC_SMOKE_VALUE,,,,,,diff,b,True
AgCensus2015-16 T2-4 Karnataka/Medium/area/SCvsOthers,AgCensus2015-16,T2-4,Karnataka,Medium,area,SCvsOthers,social_group,Scheduled Castes,Other social groups,1,0,0,1,diff,b,,,,percent,SYNTHETIC,49.72,66.48,smoke-test fabrication; not a census value,SYNTHETIC_SMOKE_VALUE,,,,,,diff,b,True
AgCensus2015-16 T2-4 Karnataka/Medium/area/SCvsST,AgCensus2015-16,T2-4,Karnataka,Medium,area,SCvsST,social_group,Scheduled Castes,Scheduled Tribes,8,8,0,0,equal,c,,,,percent,SYNTHETIC,31.8,33.42,smoke-test fabrication; not a census value,SYNTHETIC_SMOKE_VALUE,,,,,,equal,c,True
AgCensus2015-16 T2-4 Karnataka/Medium/area/STvsOthers,AgCensus2015-16,T2-4,Karnataka,Medium,area,STvsOthers,social_group,Scheduled Tribes,Other social groups,1,1,0,0,diff,b,,,,percent,SYNTHETIC,21.27,44.38,smoke-test fabrication; not a census value,SYNTHETIC_SMOKE_VALUE,,,,,,diff,b,True
AgCensus2015-16 T2-4 Karnataka/Medium/number/SCvsOthers,AgCensus2015-16,T2-4,Karnataka,Medium,number,SCvsOthers,social_group,Scheduled Castes,Other social groups,1,1,0,0,diff,b,,,,percent,SYNTHETIC,28.97,57.31,smoke-test fabrication; not a census value,SYNTHETIC_SMOKE_VALUE,,,,,,diff,b,True
AgCensus2015-16 T2-4 Karnataka/Medium/number/SCvsST,AgCensus2015-16,T2-4,Karnataka,Medium,number,SCvsST,social_group,Scheduled Castes,Scheduled Tribes,8,8,0,0,equal,c,,,,percent,SYNTHETIC,47.76,51.44,smoke-test fabrication; not a census value,SYNTHETIC_SMOKE_VALUE,,,,,,equal,c,True
AgCensus2015-16 T2-4 Karnataka/Medium/number/STvsOthers,AgCensus2015-16,T2-4,Karnataka,Medium,number,STvsOthers,social_group,Scheduled Tribes,Other social groups,1,0,0,1,diff,b,,,,percent,SYNTHETIC,31.86,55.42,smoke-test fabrication; not a census value,SYNTHETIC_SMOKE_VALUE,,,,,,diff,b,True
AgCensus2015-16 T2-4 Karnataka/SC/area/MarginalvsSemi-medium,AgCensus2015-16,T2-4,Karnataka,SC,area,MarginalvsSemi-medium,landholding,marginal operated area,semi-medium operated area,4,4,0,0,equal,c,,,,percent,SYNTHETIC,41.22,44.06,smoke-test fabrication; not a census value,SYNTHETIC_SMOKE_VALUE,,,,,,equal,c,True
AgCensus2015-16 T2-4 Karnataka/SC/number/MarginalvsLarge,AgCensus2015-16,T2-4,Karnataka,SC,number,MarginalvsLarge,landholding,marginal holdings,large holdings,1,0,1,0,diff,a,,,,percent,SYNTHETIC,53.98,32.38,smoke-test fabrication; not a census value,SYNTHETIC_SMOKE_VALUE,,,,,,diff,a,True
AgCensus2015-16 T2-4 Karnataka/SC/number/MarginalvsMedium,AgCensus2015-16,T2-4,Karnataka,SC,number,MarginalvsMedium,landholding,marginal holdings,medium holdings,1,0,0,1,diff,a,,,,percent,SYNTHETIC,52.15,30.24,smoke-test fabrication; not a census value,SYNTHETIC_SMOKE_VALUE,,,,,,diff,a,True
AgCensus2015-16 T2-4 Karnataka/SC/number/MarginalvsSemi-medium,AgCensus2015-16,T2-4,Karnataka,SC,number,MarginalvsSemi-medium,landholding,marginal holdings,semi-medium holdings,1,0,0,1,diff,a,,,,percent,SYNTHETIC,65.32,51.58,smoke-test fabrication; not a census value,SYNTHETIC_SMOKE_VALUE,,,,,,diff,a,True
AgCensus2015-16 T2-4 Karnataka/SC/number/MarginalvsSmall,AgCensus2015-16,T2-4,Karnataka,SC,number,MarginalvsSmall,landholding,marginal holdings,small holdings,1,1,0,0,diff,a,,,,percent,SYNTHETIC,51.34,24.17,smoke-test fabrication; not a census value,SYNTHETIC_SMOKE_VALUE,,,,,,diff,a,True
AgCensus2015-16 T2-4 Karnataka/SC/number/Semi-mediumvsLarge,AgCensus2015-16,T2-4,Karnataka,SC,number,Semi-mediumvsLarge,landholding,semi-medium holdings,large holdings,1,1,0,0,diff,a,,,,percent,SYNTHETIC,70.3,57.19,smoke-test fabrication; not a census value,SYNTHETIC_SMOKE_VALUE,,,,,,diff,a,True
AgCensus2015-16 T2-4 Karnataka/SC/number/SmallvsLarge,AgCensus2015-16,T2-4,Karnataka,SC,number,SmallvsLarge,landholding,small holdings,large holdings,1,0,1,0,diff,a,,,,percent,SYNTHETIC,67.57,54.28,smoke-test fabrication; not a census value,SYNTHETIC_SMOKE_VALUE,,,,,,diff,a,True
AgCensus2015-16 T2-4 Karnataka/SC/number/SmallvsMedium,AgCensus2015-16,T2-4,Karnataka,SC,number,SmallvsMedium,landholding,small holdings,medium holdings,1,0,0,1,diff,a,,,,percent,SYNTHETIC,63.74,36.52,smoke-test fabrication; not a census value,SYNTHETIC_SMOKE_VALUE,,,,,,diff,a,True
AgCensus2015-16 T2-4 Karnataka/SC/number/SmallvsSemi-medium,AgCensus2015-16,T2-4,Karnataka,SC,number,SmallvsSemi-medium,landholding,small holdings,semi-medium holdings,1,1,0,0,diff,a,,,,percent,SYNTHETIC,44.98,23.75,smoke-test fabrication; not a census value,SYNTHETIC_SMOKE_VALUE,,,,,,diff,a,True
AgCensus2015-16 T2-4 Karnataka/ST/area/MarginalvsMedium,AgCensus2015-16,T2-4,Karnataka,ST,area,MarginalvsMedium,landholding,marginal operated area,medium operated area,1,1,0,0,equal,c,,,,percent,SYNTHETIC,45.2,47.5,smoke-test fabrication; not a census value,SYNTHETIC_SMOKE_VALUE,,,,,,equal,c,True
AgCensus2015-16 T2-4 Karnataka/ST/area/SmallvsSemi-medium,AgCensus2015-16,T2-4,Karnataka,ST,area,SmallvsSemi-medium,landholding,small operated area,semi-medium operated area,1,1,0,0,equal,c,,,,percent,SYNTHETIC,36.53,36.86,smoke-test fabrication; not a census value,SYNTHETIC_SMOKE_VALUE,,,,,,equal,c,True
AgCensus2015-16 T2-4 Karnataka/ST/number/MarginalvsLarge,AgCensus2015-16,T2-4,Karnataka,ST,number,MarginalvsLarge,landholding,marginal holdings,large holdings,1,1,0,0,diff,a,,,,percent,SYNTHETIC,65.38,37.93,smoke-test fabrication; not a census value,SYNTHETIC_SMOKE_VALUE,,,,,,diff,a,True
AgCensus2015-16 T2-4 Karnataka/ST/number/MarginalvsMedium,AgCensus2015-16,T2-4,Karnataka,ST,number,MarginalvsMedium,landholding,marginal holdings,medium holdings,1,1,0,0,diff,a,,,,percent,SYNTHETIC,68.21,44.22,smoke-test fabrication; not a census value,SYNTHETIC_SMOKE_VALUE,,,,,,diff,a,True
AgCensus2015-16 T2-4 Karnataka/ST/number/MarginalvsSemi-medium,AgCensus2015-16,T2-4,Karnataka,ST,number,MarginalvsSemi-medium,landholding,marginal holdings,semi-medium holdings,1,0,0,1,diff,a,,,,percent,SYNTHETIC,63.97,36.01,smoke-test fabrication; not a census value,SYNTHETIC_SMOKE_VALUE,,,,,,diff,a,True
AgCensus2015-16 T2-4 Karnataka/ST/number/MarginalvsSmall,AgCensus2015-16,T2-4,Karnataka,ST,number,MarginalvsSmall,landholding,marginal holdings,small holdings,1,0,1,0,diff,a,,,,percent,SYNTHETIC,65.03,37.92,smoke-test fabrication; not a census value,SYNTHETIC_SMOKE_VALUE,,,,,,diff,a,True
AgCensus2015-16 T2-4 Karnataka/ST/number/Semi-mediumvsLarge,AgCensus2015-16,T2-4,Karnataka,ST,number,Semi-mediumvsLarge,landholding,semi-medium holdings,large holdings,1,1,0,0,diff,a,,,,percent,SYNTHETIC,58.26,40.65,smoke-test fabrication; not a census value,SYNTHETIC_SMOKE_VALUE,,,,,,diff,a,True
AgCensus2015-16 T2-4 Karnataka/ST/number/SmallvsLarge,AgCensus2015-16,T2-4,Karnataka,ST,number,SmallvsLarge,landholding,small holdings,large holdings,1,0,0,1,diff,a,,,,percent,SYNTHETIC,37.6,26.96,smoke-test fabrication; not a census value,SYNTHETIC_SMOKE_VALUE,,,,,,diff,a,True
AgCensus2015-16 T2-4 Karnataka/ST/number/SmallvsMedium,AgCensus2015-16,T2-4,Karnataka,ST,number,SmallvsMedium,landholding,small holdings,medium holdings,1,1,0,0,diff,a,,,,percent,SYNTHETIC,58.49,46.01,smoke-test fabrication; not a census value,SYNTHETIC_SMOKE_VALUE,,,,,,diff,a,True
AgCensus2015-16 T2-4 Karnataka/ST/number/SmallvsSemi-medium,AgCensus2015-16,T2-4,Karnataka,ST,number,SmallvsSemi-medium,landholding,small holdings,semi-medium holdings,1,1,0,0,diff,a,,,,percent,SYNTHETIC,59.08,38.62,smoke-test fabrication; not a census value,SYNTHETIC_SMOKE_VALUE,,,,,,diff,a,True
AgCensus2015-16 T2-4 Karnataka/Semi-medium/area/SCvsOthers,AgCensus2015-16,T2-4,Karnataka,Semi-medium,area,SCvsOthers,social_group,Scheduled Castes,Other social groups,1,1,0,0,diff,b,,,,percent,SYNTHETIC,29.25,43.42,smoke-test fabrication; not a census value,SYNTHETIC_SMOKE_VALUE,,,,,,diff,b,True
AgCensus2015-16 T2-4 Karnataka/Semi-medium/area/SCvsST,AgCensus2015-16,T2-4,Karnataka,Semi-medium,area,SCvsST,social_group,Scheduled Castes,Scheduled Tribes,8,8,0,0,equal,c,,,,percent,SYNTHETIC,21.74,21.91,smoke-test fabrication; not a census value,SYNTHETIC_SMOKE_VALUE,,,,,,equal,c,True
AgCensus2015-16 T2-4 Karnataka/Semi-medium/area/STvsOthers,AgCensus2015-16,T2-4,Karnataka,Semi-medium,area,STvsOthers,social_group,Scheduled Tribes,Other social groups,1,1,0,0,diff,b,,,,percent,SYNTHETIC,53.21,64.75,smoke-test fabrication; not a census value,SYNTHETIC_SMOKE_VALUE,,,,,,diff,b,True
AgCensus2015-16 T2-4 Karnataka/Semi-medium/number/SCvsST,AgCensus2015-16,T2-4,Karnataka,Semi-medium,number,SCvsST,social_group,Scheduled Castes,Scheduled Tribes,8,0,0,8,equal,c,,,,percent,SYNTHETIC,34.71,37.6,smoke-test fabrication; not a census value,SYNTHETIC_SMOKE_VALUE,,,,,,equal,c,True
AgCensus2015-16 T2-4 Karnataka/Semi-medium/number/STvsOthers,AgCensus2015-16,T2-4,Karnataka,Semi-medium,number,STvsOthers,social_group,Scheduled Tribes,Other social groups,1,1,0,0,diff,b,,,,percent,SYNTHETIC,36.04,55.79,smoke-test fabrication; not a census value,SYNTHETIC_SMOKE_VALUE,,,,,,diff,b,True
AgCensus2015-16 T2-4 Karnataka/Small/area/SCvsOthers,AgCensus2015-16,T2-4,Karnataka,Small,area,SCvsOthers,social_group,Scheduled Castes,Other social groups,1,1,0,0,diff,b,,,,percent,SYNTHETIC,39.01,53.16,smoke-test fabrication; not a census value,SYNTHETIC_SMOKE_VALUE,,,,,,diff,b,True
AgCensus2015-16 T2-4 Karnataka/Small/area/STvsOthers,AgCensus2015-16,T2-4,Karnataka,Small,area,STvsOthers,social_group,Scheduled Tribes,Other social groups,1,1,0,0,diff,b,,,,percent,SYNTHETIC,55.96,84.18,smoke-test fabrication; not a census value,SYNTHETIC_SMOKE_VALUE,,,,,,diff,b,True
AgCensus2015-16 T2-4 Karnataka/Small/number/SCvsOthers,AgCensus2015-16,T2-4,Karnataka,Small,number,SCvsOthers,social_group,Scheduled Castes,Other social groups,1,0,0,1,diff,b,,,,percent,SYNTHETIC,47.68,61.04,smoke-test fabrication; not a census value,SYNTHETIC_SMOKE_VALUE,,,,,,diff,b,True
AgCensus2015-16 T2-4 Karnataka/Small/number/STvsOthers,AgCensus2015-16,T2-4,Karnataka,Small,number,STvsOthers,social_group,Scheduled Tribes,Other social groups,1,1,0,0,diff,b,,,,percent,SYNTHETIC,35.54,45.57,smoke-test fabrication; not a census value,SYNTHETIC_SMOKE_VALUE,,,,,,diff,b,True
AgCensus2015-16 T2-4 Kerala/All Classes/area/SCvsOthers,AgCensus2015-16,T2-4,Kerala,All Classes,area,SCvsOthers,social_group,Scheduled Castes,Other social groups,1,0,0,1,diff,b,,,,percent,SYNTHETIC,39.94,61.05,smoke-test fabrication; not a census value,SYNTHETIC_SMOKE_VALUE,,,,,,diff,b,True
AgCensus2015-16 T2-4 Kerala/All Classes/area/STvsOthers,AgCensus2015-16,T2-4,Kerala,All Classes,area,STvsOthers,social_group,Scheduled Tribes,Other social groups,1,0,0,1,diff,b,,,,percent,SYNTHETIC,54.1,70.72,smoke-test fabrication; not a census value,SYNTHETIC_SMOKE_VALUE,,,,,,diff,b,True
AgCensus2015-16 T2-4 Kerala/All Classes/number/SCvsOthers,AgCensus2015-16,T2-4,Kerala,All Classes,number,SCvsOthers,social_group,Scheduled Castes,Other social groups,1,0,0,1,diff,b,,,,percent,SYNTHETIC,29.67,56.67,smoke-test fabrication; not a census value,SYNTHETIC_SMOKE_VALUE,,,,,,diff,b,True
AgCensus2015-16 T2-4 Kerala/All Classes/number/STvsOthers,AgCensus2015-16,T2-4,Kerala,All Classes,number,STvsOthers,social_group,Scheduled Tribes,Other social groups,1,1,0,0,diff,b,,,,percent,SYNTHETIC,27.55,44.07,smoke-test fabrication; not a census value,SYNTHETIC_SMOKE_VALUE,,,,,,diff,b,True
AgCensus2015-16 T2-4 Kerala/All/area/MediumvsLarge,AgCensus2015-16,T2-4,Kerala,All,area,MediumvsLarge,landholding,medium operated area,large operated area,3,3,0,0,equal,c,,,,percent,SYNTHETIC,58.8,62.7,smoke-test fabrication; not a census value,SYNTHETIC_SMOKE_VALUE,,,,,,equal,c,True
AgCensus2015-16 T2-4 Kerala/All/area/Semi-mediumvsLarge,AgCensus2015-16,T2-4,Kerala,All,area,Semi-mediumvsLarge,landholding,semi-medium operated area,large operated area,3,3,0,0,equal,c,,,,percent,SYNTHETIC,50.5,53.99,smoke-test fabrication; not a census value,SYNTHETIC_SMOKE_VALUE,,,,,,equal,c,True
AgCensus2015-16 T2-4 Kerala/All/number/MarginalvsLarge,AgCensus2015-16,T2-4,Kerala,All,number,MarginalvsLarge,landholding,marginal holdings,large holdings,1,1,0,0,diff,a,,,,percent,SYNTHETIC,69.35,46.0,smoke-test fabrication; not a census value,SYNTHETIC_SMOKE_VALUE,,,,,,diff,a,True
AgCensus2015-16 T2-4 Kerala/All/number/MarginalvsMedium,AgCensus2015-16,T2-4,Kerala,All,number,MarginalvsMedium,landholding,marginal holdings,medium holdings,1,1,0,0,diff,a,,,,percent,SYNTHETIC,57.27,37.7,smoke-test fabrication; not a census value,SYNTHETIC_SMOKE_VALUE,,,,,,diff,a,True
AgCensus2015-16 T2-4 Kerala/All/number/MarginalvsSemi-medium,AgCensus2015-16,T2-4,Kerala,All,number,MarginalvsSemi-medium,landholding,marginal holdings,semi-medium holdings,1,1,0,0,diff,a,,,,percent,SYNTHETIC,47.14,29.26,smoke-test fabrication; not a census value,SYNTHETIC_SMOKE_VALUE,,,,,,diff,a,True
AgCensus2015-16 T2-4 Kerala/All/number/MarginalvsSmall,AgCensus2015-16,T2-4,Kerala,All,number,MarginalvsSmall,landholding,marginal holdings,small holdings,1,1,0,0,diff,a,,,,percent,SYNTHETIC,73.43,48.47,smoke-test fabrication; not a census value,SYNTHETIC_SMOKE_VALUE,,,,,,diff,a,True
AgCensus2015-16 T2-4 Kerala/Marginal/number/STvsOthers,AgCensus2015-16,T2-4,Kerala,Marginal,number,STvsOthers,social_group,Scheduled Tribes,Other social groups,1,1,0,0,diff,b,,,,percent,SYNTHETIC,58.81,75.4,smoke-test fabrication; not a census value,SYNTHETIC_SMOKE_VALUE,,,,,,diff,b,True
AgCensus2015-16 T2-4 Kerala/SC/number/MarginalvsLarge,AgCensus2015-16,T2-4,Kerala,SC,number,MarginalvsLarge,landholding,marginal holdings,large holdings,1,1,0,0,diff,a,,,,percent,SYNTHETIC,55.36,25.81,smoke-test fabrication; not a census value,SYNTHETIC_SMOKE_VALUE,,,,,,diff,a,True
AgCensus2015-16 T2-4 Kerala/SC/number/MarginalvsMedium,AgCensus2015-16,T2-4,Kerala,SC,number,MarginalvsMedium,landholding,marginal holdings,medium holdings,1,0,0,1,diff,a,,,,percent,SYNTHETIC,45.64,28.26,smoke-test fabrication; not a census value,SYNTHETIC_SMOKE_VALUE,,,,,,diff,a,True
AgCensus2015-16 T2-4 Kerala/SC/number/MarginalvsSemi-medium,AgCensus2015-16,T2-4,Kerala,SC,number,MarginalvsSemi-medium,landholding,marginal holdings,semi-medium holdings,1,0,0,1,diff,a,,,,percent,SYNTHETIC,57.88,29.71,smoke-test fabrication; not a census value,SYNTHETIC_SMOKE_VALUE,,,,,,diff,a,True
AgCensus2015-16 T2-4 Kerala/ST/number/MarginalvsLarge,AgCensus2015-16,T2-4,Kerala,ST,number,MarginalvsLarge,landholding,marginal holdings,large holdings,1,1,0,0,diff,a,,,,percent,SYNTHETIC,42.44,26.51,smoke-test fabrication; not a census value,SYNTHETIC_SMOKE_VALUE,,,,,,diff,a,True
AgCensus2015-16 T2-4 Kerala/ST/number/MarginalvsMedium,AgCensus2015-16,T2-4,Kerala,ST,number,MarginalvsMedium,landholding,marginal holdings,medium holdings,1,1,0,0,diff,a,,,,percent,SYNTHETIC,86.89,59.14,smoke-test fabrication; not a census value,SYNTHETIC_SMOKE_VALUE,,,,,,diff,a,True
AgCensus2015-16 T2-4 Kerala/ST/number/MarginalvsSemi-medium,AgCensus2015-16,T2-4,Kerala,ST,number,MarginalvsSemi-medium,landholding,marginal holdings,semi-medium holdings,1,1,0,0,diff,a,,,,percent,SYNTHETIC,62.09,34.62,smoke-test fabrication; not a census value,SYNTHETIC_SMOKE_VALUE,,,,,,diff,a,True
AgCensus2015-16 T2-4 Kerala/ST/number/MarginalvsSmall,AgCensus2015-16,T2-4,Kerala,ST,number,MarginalvsSmall,landholding,marginal holdings,small holdings,1,0,1,0,diff,a,,,,percent,SYNTHETIC,56.16,37.7,smoke-test fabrication; not a census value,SYNTHETIC_SMOKE_VALUE,,,,,,diff,a,True
AgCensus2015-16 T2-4 Kerala/ST/number/SmallvsSemi-medium,AgCensus2015-16,T2-4,Kerala,ST,number,SmallvsSemi-medium,landholding,small holdings,semi-medium holdings,2,2,0,0,equal,c,,,,percent,SYNTHETIC,43.05,47.37,smoke-test fabrication; not a census value,SYNTHETIC_SMOKE_VALUE,,,,,,equal,c,True
AgCensus2015-16 T2-4 Kerala/Semi-medium/number/SCvsOthers,AgCensus2015-16,T2-4,Kerala,Semi-medium,number,SCvsOthers,social_group,Scheduled Castes,Other social groups,1,0,0,1,diff,b,,,,percent,SYNTHETIC,58.29,81.62,smoke-test fabrication; not a census value,SYNTHETIC_SMOKE_VALUE,,,,,,diff,b,True
AgCensus2015-16 T2-4 Kerala/Semi-medium/number/SCvsST,AgCensus2015-16,T2-4,Kerala,Semi-medium,number,SCvsST,social_group,Scheduled Castes,Scheduled Tribes,8,0,0,8,equal,c,,,,percent,SYNTHETIC,48.86,50.51,smoke-test fabrication; not a census value,SYNTHETIC_SMOKE_VALUE,,,,,,equal,c,True
AgCensus2015-16 T2-4 Kerala/Semi-medium/number/STvsOthers,AgCensus2015-16,T2-4,Kerala,Semi-medium,number,STvsOthers,social_group,Scheduled Tribes,Other social groups,1,1,0,0,diff,b,,,,percent,SYNTHETIC,43.65,59.12,smoke-test fabrication; not a census value,SYNTHETIC_SMOKE_VALUE,,,,,,diff,b,True
AgCensus2015-16 T2-4 Kerala/Small/number/SCvsOthers,AgCensus2015-16,T2-4,Kerala,Small,number,SCvsOthers,social_group,Scheduled Castes,Other social groups,1,0,0,1,diff,b,,,,percent,SYNTHETIC,56.01,70.26,smoke-test fabrication; not a census value,SYNTHETIC_SMOKE_VALUE,,,,,,diff,b,True
AgCensus2015-16 T2-4 Kerala/Small/number/STvsOthers,AgCensus2015-16,T2-4,Kerala,Small,number,STvsOthers,social_group,Scheduled Tribes,Other social groups,1,1,0,0,diff,b,,,,percent,SYNTHETIC,56.42,67.43,smoke-test fabrication; not a census value,SYNTHETIC_SMOKE_VALUE,,,,,,diff,b,True
AgCensus2015-16 T2-4 Madhya Pradesh/All Classes/number/SCvsOthers,AgCensus2015-16,T2-4,Madhya Pradesh,All Classes,number,SCvsOthers,social_group,Scheduled Castes,Other social groups,1,1,0,0,diff,b,,,,percent,SYNTHETIC,46.86,74.2,smoke-test fabrication; not a census value,SYNTHETIC_SMOKE_VALUE,,,,,,diff,b,True
AgCensus2015-16 T2-4 Madhya Pradesh/All Classes/number/STvsOthers,AgCensus2015-16,T2-4,Madhya Pradesh,All Classes,number,STvsOthers,social_group,Scheduled Tribes,Other social groups,1,1,0,0,diff,b,,,,percent,SYNTHETIC,55.18,74.8,smoke-test fabrication; not a census value,SYNTHETIC_SMOKE_VALUE,,,,,,diff,b,True
AgCensus2015-16 T2-4 Madhya Pradesh/All/area/Semi-mediumvsMedium,AgCensus2015-16,T2-4,Madhya Pradesh,All,area,Semi-mediumvsMedium,landholding,semi-medium operated area,medium operated area,3,3,0,0,equal,c,,,,percent,SYNTHETIC,52.58,53.61,smoke-test fabrication; not a census value,SYNTHETIC_SMOKE_VALUE,,,,,,equal,c,True
AgCensus2015-16 T2-4 Madhya Pradesh/All/area/SmallvsMedium,AgCensus2015-16,T2-4,Madhya Pradesh,All,area,SmallvsMedium,landholding,small operated area,medium operated area,4,0,0,4,equal,c,,,,percent,SYNTHETIC,38.6,43.03,smoke-test fabrication; not a census value,SYNTHETIC_SMOKE_VALUE,,,,,,equal,c,True
AgCensus2015-16 T2-4 Madhya Pradesh/All/area/SmallvsSemi-medium,AgCensus2015-16,T2-4,Madhya Pradesh,All,area,SmallvsSemi-medium,landholding,small operated area,semi-medium operated area,4,4,0,0,equal,c,,,,percent,SYNTHETIC,49.0,52.75,smoke-test fabrication; not a census value,SYNTHETIC_SMOKE_VALUE,,,,,,equal,c,True
AgCensus2015-16 T2-4 Madhya Pradesh/All/number/MarginalvsLarge,AgCensus2015-16,T2-4,Madhya Pradesh,All,number,MarginalvsLarge,landholding,marginal holdings,large holdings,1,1,0,0,diff,a,,,,percent,SYNTHETIC,48.17,36.47,smoke-test fabrication; not a census value,SYNTHETIC_SMOKE_VALUE,,,,,,diff,a,True
AgCensus2015-16 T2-4 Madhya Pradesh/All/number/MarginalvsMedium,AgCensus2015-16,T2-4,Madhya Pradesh,All,number,MarginalvsMedium,landholding,marginal holdings,medium holdings,1,0,0,1,diff,a,,,,percent,SYNTHETIC,61.25,42.89,smoke-test fabrication; not a census value,SYNTHETIC_SMOKE_VALUE,,,,,,diff,a,True
AgCensus2015-16 T2-4 Madhya Pradesh/All/number/MarginalvsSemi-medium,AgCensus2015-16,T2-4,Madhya Pradesh,All,number,MarginalvsSemi-medium,landholding,marginal holdings,semi-medium holdings,1,1,0,0,diff,a,,,,percent,SYNTHETIC,71.85,53.82,smoke-test fabrication; not a census value,SYNTHETIC_SMOKE_VALUE,,,,,,diff,a,True
AgCensus2015-16 T2-4 Madhya Pradesh/All/number/SmallvsLarge,AgCensus2015-16,T2-4,Madhya Pradesh,All,number,SmallvsLarge,landholding,small holdings,large holdings,1,0,1,0,diff,a,,,,percent,SYNTHETIC,47.74,23.65,smoke-test fabrication; not a census value,SYNTHETIC_SMOKE_VALUE,,,,,,diff,a,True
AgCensus2015-16 T2-4 Madhya Pradesh/All/number/SmallvsMedium,AgCensus2015-16,T2-4,Madhya Pradesh,All,number,SmallvsMedium,landholding,small holdings,medium holdings,1,1,0,0,diff,a,,,,percent,SYNTHETIC,56.45,32.95,smoke-test fabrication; not a census value,SYNTHETIC_SMOKE_VALUE,,,,,,diff,a,True
AgCensus2015-16 T2-4 Madhya Pradesh/All/number/SmallvsSemi-medium,AgCensus2015-16,T2-4,Madhya Pradesh,All,number,SmallvsSemi-medium,landholding,small holdings,semi-medium holdings,1,0,0,1,diff,a,,,,percent,SYNTHETIC,56.74,43.07,smoke-test fabrication; not a census value,SYNTHETIC_SMOKE_VALUE,,,,,,diff,a,True
AgCensus2015-16 T2-4 Madhya Pradesh/Large/number/SCvsOthers,AgCensus2015-16,T2-4,Madhya Pradesh,Large,number,SCvsOthers,social_group,Scheduled Castes,Other social groups,1,1,0,0,diff,b,,,,percent,SYNTHETIC,37.36,55.07,smoke-test fabrication; not a census value,SYNTHETIC_SMOKE_VALUE,,,,,,diff,b,True
AgCensus2015-16 T2-4 Madhya Pradesh/Large/number/SCvsST,AgCensus2015-16,T2-4,Madhya Pradesh,Large,number,SCvsST,social_group,Scheduled Castes,Scheduled Tribes,1,1,0,0,diff,b,,,,percent,SYNTHETIC,27.84,53.88,smoke-test fabrication; not a census value,SYNTHETIC_SMOKE_VALUE,,,,,,diff,b,True
AgCensus2015-16 T2-4 Madhya Pradesh/Large/number/STvsOthers,AgCensus2015-16,T2-4,Madhya Pradesh,Large,number,STvsOthers,social_group,Scheduled Tribes,Other social groups,1,0,0,1,diff,b,,,,percent,SYNTHETIC,20.15,42.13,smoke-test fabrication; not a census value,SYNTHETIC_SMOKE_VALUE,,,,,,diff,b,True
AgCensus2015-16 T2-4 Madhya Pradesh/Marginal/number/SCvsOthers,AgCensus2015-16,T2-4,Madhya Pradesh,Marginal,number,SCvsOthers,social_group,Scheduled Castes,Other social groups,1,0,0,1,diff,b,,,,percent,SYNTHETIC,21.74,46.13,smoke-test fabrication; not a census value,SYNTHETIC_SMOKE_VALUE,,,,,,diff,b,True
AgCensus2015-16 T2-4 Madhya Pradesh/Marginal/number/STvsOthers,AgCensus2015-16,T2-4,Madhya Pradesh,Marginal,number,STvsOthers,social_group,Scheduled Tribes,Other social groups,1,1,0,0,diff,b,,,,percent,SYNTHETIC,26.79,49.05,smoke-test fabrication; not a census value,SYNTHETIC_SMOKE_VALUE,,,,,,diff,b,True
AgCensus2015-16 T2-4 Madhya Pradesh/Medium/number/SCvsST,AgCensus2015-16,T2-4,Madhya Pradesh,Medium,number,SCvsST,social_group,Scheduled Castes,Scheduled Tribes,1,0,0,1,diff,b,,,,percent,SYNTHETIC,45.28,56.63,smoke-test fabrication; not a census value,SYNTHETIC_SMOKE_VALUE,,,,,,diff,b,True
AgCensus2015-16 T2-4 Madhya Pradesh/Medium/number/STvsOthers,AgCensus2015-16,T2-4,Madhya Pradesh,Medium,number,STvsOthers,social_group,Scheduled Tribes,Other social groups,1,0,0,1,diff,b,,,,percent,SYNTHETIC,43.97,62.38,smoke-test fabrication; not a census value,SYNTHETIC_SMOKE_VALUE,,,,,,diff,b,True
AgCensus2015-16 T2-4 Madhya Pradesh/SC/area/MarginalvsSemi-medium,AgCensus2015-16,T2-4,Madhya Pradesh,SC,area,MarginalvsSemi-medium,landholding,marginal operated area,semi-medium operated area,4,4,0,0,equal,c,,,,percent,SYNTHETIC,57.23,60.07,smoke-test fabrication; not a census value,SYNTHETIC_SMOKE_VALUE,,,,,,equal,c,True
AgCensus2015-16 T2-4 Madhya Pradesh/SC/number/MarginalvsLarge,AgCensus2015-16,T2-4,Madhya Pradesh,SC,number,MarginalvsLarge,landholding,marginal holdings,large holdings,1,1,0,0,diff,a,,,,percent,SYNTHETIC,77.6,48.79,smoke-test fabrication; not a census value,SYNTHETIC_SMOKE_VALUE,,,,,,diff,a,True
AgCensus2015-16 T2-4 Madhya Pradesh/SC/number/MarginalvsMedium,AgCensus2015-16,T2-4,Madhya Pradesh,SC,number,MarginalvsMedium,landholding,marginal holdings,medium holdings,1,0,0,1,diff,a,,,,percent,SYNTHETIC,80.02,51.6,smoke-test fabrication; not a census value,SYNTHETIC_SMOKE_VALUE,,,,,,diff,a,True
AgCensus2015-16 T2-4 Madhya Pradesh/SC/number/MarginalvsSemi-medium,AgCensus2015-16,T2-4,Madhya Pradesh,SC,number,MarginalvsSemi-medium,landholding,marginal holdings,semi-medium holdings,1,0,0,1,diff,a,,,,percent,SYNTHETIC,67.98,41.76,smoke-test fabrication; not a census value,SYNTHETIC_SMOKE_VALUE,,,,,,diff,a,True
AgCensus2015-16 T2-4 Madhya Pradesh/SC/number/Semi-mediumvsLarge,AgCensus2015-16,T2-4,Madhya Pradesh,SC,number,Semi-mediumvsLarge,landholding,semi-medium holdings,large holdings,1,1,0,0,diff,a,,,,percent,SYNTHETIC,69.68,49.23,smoke-test fabrication; not a census value,SYNTHETIC_SMOKE_VALUE,,,,,,diff,a,True
AgCensus2015-16 T2-4 Madhya Pradesh/SC/number/SmallvsLarge,AgCensus2015-16,T2-4,Madhya Pradesh,SC,number,SmallvsLarge,landholding,small holdings,large holdings,1,1,0,0,diff,a,,,,percent,SYNTHETIC,55.0,40.15,smoke-test fabrication; not a census value,SYNTHETIC_SMOKE_VALUE,,,,,,diff,a,True
AgCensus2015-16 T2-4 Madhya Pradesh/SC/number/SmallvsMedium,AgCensus2015-16,T2-4,Madhya Pradesh,SC,number,SmallvsMedium,landholding,small holdings,medium holdings,1,1,0,0,diff,a,,,,percent,SYNTHETIC,59.83,35.5,smoke-test fabrication; not a census value,SYNTHETIC_SMOKE_VALUE,,,,,,diff,a,True
AgCensus2015-16 T2-4 Madhya Pradesh/SC/number/SmallvsSemi-medium,AgCensus2015-16,T2-4,Madhya Pradesh,SC,number,SmallvsSemi-medium,landholding,small holdings,semi-medium holdings,1,1,0,0,diff,a,,,,percent,SYNTHETIC,78.72,50.86,smoke-test fabrication; not a census value,SYNTHETIC_SMOKE_VALUE,,,,,,diff,a,True
AgCensus2015-16 T2-4 Madhya Pradesh/ST/number/MarginalvsLarge,AgCensus2015-16,T2-4,Madhya Pradesh,ST,number,MarginalvsLarge,landholding,marginal holdings,large holdings,1,0,0,1,diff,a,,,,percent,SYNTHETIC,76.78,47.25,smoke-test fabrication; not a census value,SYNTHETIC_SMOKE_VALUE,,,,,,diff,a,True
AgCensus2015-16 T2-4 Madhya Pradesh/ST/number/MarginalvsMedium,AgCensus2015-16,T2-4,Madhya Pradesh,ST,number,MarginalvsMedium,landholding,marginal holdings,medium holdings,1,0,0,1,diff,a,,,,percent,SYNTHETIC,58.31,35.82,smoke-test fabrication; not a census value,SYNTHETIC_SMOKE_VALUE,,,,,,diff,a,True
AgCensus2015-16 T2-4 Madhya Pradesh/ST/number/MarginalvsSemi-medium,AgCensus2015-16,T2-4,Madhya Pradesh,ST,number,MarginalvsSemi-medium,landholding,marginal holdings,semi-medium holdings,1,1,0,0,diff,a,,,,percent,SYNTHETIC,57.63,34.31,smoke-test fabrication; not a census value,SYNTHETIC_SMOKE_VALUE,,,,,,diff,a,True
AgCensus2015-16 T2-4 Madhya Pradesh/ST/number/MarginalvsSmall,AgCensus2015-16,T2-4,Madhya Pradesh,ST,number,MarginalvsSmall,landholding,marginal holdings,small holdings,1,1,0,0,diff,a,,,,percent,SYNTHETIC,69.01,48.41,smoke-test fabrication; not a census value,SYNTHETIC_SMOKE_VALUE,,,,,,diff,a,True
AgCensus2015-16 T2-4 Madhya Pradesh/ST/number/Semi-mediumvsLarge,AgCensus2015-16,T2-4,Madhya Pradesh,ST,number,Semi-mediumvsLarge,landholding,semi-medium holdings,large holdings,1,0,1,0,diff,a,,,,percent,SYNTHETIC,73.74,49.37,smoke-test fabrication; not a census value,SYNTHETIC_SMOKE_VALUE,,,,,,diff,a,True
AgCensus2015-16 T2-4 Madhya Pradesh/ST/number/Semi-mediumvsMedium,AgCensus2015-16,T2-4,Madhya Pradesh,ST,number,Semi-mediumvsMedium,landholding,semi-medium holdings,medium holdings,1,1,0,0,diff,a,,,,percent,SYNTHETIC,48.58,20.85,smoke-test fabrication; not a census value,SYNTHETIC_SMOKE_VALUE,,,,,,diff,a,True
AgCensus2015-16 T2-4 Madhya Pradesh/ST/number/SmallvsMedium,AgCensus2015-16,T2-4,Madhya Pradesh,ST,number,SmallvsMedium,landholding,small holdings,medium holdings,1,1,0,0,diff,a,,,,percent,SYNTHETIC,54.74,41.14,smoke-test fabrication; not a census value,SYNTHETIC_SMOKE_VALUE,,,,,,diff,a,True
AgCensus2015-16 T2-4 Madhya Pradesh/ST/number/SmallvsSemi-medium,AgCensus2015-16,T2-4,Madhya Pradesh,ST,number,SmallvsSemi-medium,landholding,small holdings,semi-medium holdings,1,0,0,1,diff,a,,,,percent,SYNTHETIC,78.94,51.77,smoke-test fabrication; not a census value,SYNTHETIC_SMOKE_VALUE,,,,,,diff,a,True
AgCensus2015-16 T2-4 Madhya Pradesh/Semi-medium/number/SCvsOthers,AgCensus2015-16,T2-4,Madhya Pradesh,Semi-medium,number,SCvsOthers,social_group,Scheduled Castes,Other social groups,1,1,0,0,diff,b,,,,percent,SYNTHETIC,55.39,85.29,smoke-test fabrication; not a census value,SYNTHETIC_SMOKE_VALUE,,,,,,diff,b,True
AgCensus2015-16 T2-4 Madhya Pradesh/Semi-medium/number/SCvsST,AgCensus2015-16,T2-4,Madhya Pradesh,Semi-medium,number,SCvsST,social_group,Scheduled Castes,Scheduled Tribes,1,0,0,1,diff,b,,,,percent,SYNTHETIC,57.1,81.33,smoke-test fabrication; not a census value,SYNTHETIC_SMOKE_VALUE,,,,,,diff,b,True
AgCensus2015-16 T2-4 Madhya Pradesh/Semi-medium/number/STvsOthers,AgCensus2015-16,T2-4,Madhya Pradesh,Semi-medium,number,STvsOthers,social_group,Scheduled Tribes,Other social groups,1,1,0,0,diff,b,,,,percent,SYNTHETIC,53.29,64.23,smoke-test fabrication; not a census value,SYNTHETIC_SMOKE_VALUE,,,,,,diff,b,True
AgCensus2015-16 T2-4 Madhya Pradesh/Small/number/SCvsOthers,AgCensus2015-16,T2-4,Madhya Pradesh,Small,number,SCvsOthers,social_group,Scheduled Castes,Other social groups,1,0,0,1,diff,b,,,,percent,SYNTHETIC,25.73,51.8,smoke-test fabrication; not a census value,SYNTHETIC_SMOKE_VALUE,,,,,,diff,b,True
AgCensus2015-16 T2-4 Madhya Pradesh/Small/number/STvsOthers,AgCensus2015-16,T2-4,Madhya Pradesh,Small,number,STvsOthers,social_group,Scheduled Tribes,Other social groups,1,1,0,0,diff,b,,,,percent,SYNTHETIC,47.03,70.89,smoke-test fabrication; not a census value,SYNTHETIC_SMOKE_VALUE,,,,,,diff,b,True
AgCensus2015-16 T2-4 Maharashtra/All Classes/area/SCvsST,AgCensus2015-16,T2-4,Maharashtra,All Classes,area,SCvsST,social_group,Scheduled Castes,Scheduled Tribes,8,8,0,0,equal,c,,,,percent,SYNTHETIC,56.5,57.99,smoke-test fabrication; not a census value,SYNTHETIC_SMOKE_VALUE,,,,,,equal,c,True
AgCensus2015-16 T2-4 Maharashtra/All Classes/number/SCvsOthers,AgCensus2015-16,T2-4,Maharashtra,All Classes,number,SCvsOthers,social_group,Scheduled Castes,Other social groups,1,1,0,0,diff,b,,,,percent,SYNTHETIC,43.3,55.58,smoke-test fabrication; not a census value,SYNTHETIC_SMOKE_VALUE,,,,,,diff,b,True
AgCensus2015-16 T2-4 Maharashtra/All Classes/number/SCvsST,AgCensus2015-16,T2-4,Maharashtra,All Classes,number,SCvsST,social_group,Scheduled Castes,Scheduled Tribes,8,8,0,0,equal,c,,,,percent,SYNTHETIC,51.14,51.49,smoke-test fabrication; not a census value,SYNTHETIC_SMOKE_VALUE,,,,,,equal,c,True
AgCensus2015-16 T2-4 Maharashtra/All Classes/number/STvsOthers,AgCensus2015-16,T2-4,Maharashtra,All Classes,number,STvsOthers,social_group,Scheduled Tribes,Other social groups,1,1,0,0,diff,b,,,,percent,SYNTHETIC,59.51,87.67,smoke-test fabrication; not a census value,SYNTHETIC_SMOKE_VALUE,,,,,,diff,b,True
AgCensus2015-16 T2-4 Maharashtra/All/area/MarginalvsMedium,AgCensus2015-16,T2-4,Maharashtra,All,area,MarginalvsMedium,landholding,marginal operated area,medium operated area,4,4,0,0,equal,c,,,,percent,SYNTHETIC,41.16,44.35,smoke-test fabrication; not a census value,SYNTHETIC_SMOKE_VALUE,,,,,,equal,c,True
AgCensus2015-16 T2-4 Maharashtra/All/area/SmallvsSemi-medium,AgCensus2015-16,T2-4,Maharashtra,All,area,SmallvsSemi-medium,landholding,small operated area,semi-medium operated area,4,4,0,0,equal,c,,,,percent,SYNTHETIC,55.43,59.87,smoke-test fabrication; not a census value,SYNTHETIC_SMOKE_VALUE,,,,,,equal,c,True
AgCensus2015-16 T2-4 Maharashtra/All/number/MarginalvsLarge,AgCensus2015-16,T2-4,Maharashtra,All,number,MarginalvsLarge,landholding,marginal holdings,large holdings,1,0,0,1,diff,a,,,,percent,SYNTHETIC,39.21,24.25,smoke-test fabrication; not a census value,SYNTHETIC_SMOKE_VALUE,,,,,,diff,a,True
AgCensus2015-16 T2-4 Maharashtra/All/number/MarginalvsSemi-medium,AgCensus2015-16,T2-4,Maharashtra,All,number,MarginalvsSemi-medium,landholding,marginal holdings,semi-medium holdings,1,0,0,1,diff,a,,,,percent,SYNTHETIC,60.56,43.43,smoke-test fabrication; not a census value,SYNTHETIC_SMOKE_VALUE,,,,,,diff,a,True
AgCensus2015-16 T2-4 Maharashtra/All/number/Semi-mediumvsLarge,AgCensus2015-16,T2-4,Maharashtra,All,number,Semi-mediumvsLarge,landholding,semi-medium holdings,large holdings,1,0,0,1,diff,a,,,,percent,SYNTHETIC,50.75,28.74,smoke-test fabrication; not a census value,SYNTHETIC_SMOKE_VALUE,,,,,,diff,a,True
AgCensus2015-16 T2-4 Maharashtra/All/number/Semi-mediumvsMedium,AgCensus2015-16,T2-4,Maharashtra,All,number,Semi-mediumvsMedium,landholding,semi-medium holdings,medium holdings,1,0,0,1,diff,a,,,,percent,SYNTHETIC,53.07,34.61,smoke-test fabrication; not a census value,SYNTHETIC_SMOKE_VALUE,,,,,,diff,a,True
AgCensus2015-16 T2-4 Maharashtra/All/number/SmallvsLarge,AgCensus2015-16,T2-4,Maharashtra,All,number,SmallvsLarge,landholding,small holdings,large holdings,1,0,1,0,diff,a,,,,percent,SYNTHETIC,81.12,57.46,smoke-test fabrication; not a census value,SYNTHETIC_SMOKE_VALUE,,,,,,diff,a,True
AgCensus2015-16 T2-4 Maharashtra/All/number/SmallvsMedium,AgCensus2015-16,T2-4,Maharashtra,All,number,SmallvsMedium,landholding,small holdings,medium holdings,1,0,0,1,diff,a,,,,percent,SYNTHETIC,56.08,40.69,smoke-test fabrication; not a census value,SYNTHETIC_SMOKE_VALUE,,,,,,diff,a,True
AgCensus2015-16 T2-4 Maharashtra/All/number/SmallvsSemi-medium,AgCensus2015-16,T2-4,Maharashtra,All,number,SmallvsSemi-medium,landholding,small holdings,semi-medium holdings,1,0,0,1,diff,a,,,,percent,SYNTHETIC,77.73,50.33,smoke-test fabrication; not a census value,SYNTHETIC_SMOKE_VALUE,,,,,,diff,a,True
AgCensus2015-16 T2-4 Maharashtra/Large/area/SCvsST,AgCensus2015-16,T2-4,Maharashtra,Large,area,SCvsST,social_group,Scheduled Castes,Scheduled Tribes,8,8,0,0,equal,c,,,,percent,SYNTHETIC,47.21,49.11,smoke-test fabrication; not a census value,SYNTHETIC_SMOKE_VALUE,,,,,,equal,c,True
AgCensus2015-16 T2-4 Maharashtra/Large/number/SCvsOthers,AgCensus2015-16,T2-4,Maharashtra,Large,number,SCvsOthers,social_group,Scheduled Castes,Other social groups,1,1,0,0,diff,b,,,,percent,SYNTHETIC,58.5,75.46,smoke-test fabrication; not a census value,SYNTHETIC_SMOKE_VALUE,,,,,,diff,b,True
AgCensus2015-16 T2-4 Maharashtra/Large/number/STvsOthers,AgCensus2015-16,T2-4,Maharashtra,Large,number,STvsOthers,social_group,Scheduled Tribes,Other social groups,1,0,1,0,diff,b,,,,percent,SYNTHETIC,23.49,35.58,smoke-test fabrication; not a census value,SYNTHETIC_SMOKE_VALUE,,,,,,diff,b,True
AgCensus2015-16 T2-4 Maharashtra/Marginal/area/SCvsST,AgCensus2015-16,T2-4,Maharashtra,Marginal,area,SCvsST,social_group,Scheduled Castes,Scheduled Tribes,7,0,7,0,equal,c,,,,percent,SYNTHETIC,35.68,38.4,smoke-test fabrication; not a census value,SYNTHETIC_SMOKE_VALUE,,,,,,equal,c,True
AgCensus2015-16 T2-4 Maharashtra/Marginal/number/SCvsOthers,AgCensus2015-16,T2-4,Maharashtra,Marginal,number,SCvsOthers,social_group,Scheduled Castes,Other social groups,1,0,0,1,diff,b,,,,percent,SYNTHETIC,53.56,79.66,smoke-test fabrication; not a census value,SYNTHETIC_SMOKE_VALUE,,,,,,diff,b,True
AgCensus2015-16 T2-4 Maharashtra/Marginal/number/SCvsST,AgCensus2015-16,T2-4,Maharashtra,Marginal,number,SCvsST,social_group,Scheduled Castes,Scheduled Tribes,8,0,0,8,equal,c,,,,percent,SYNTHETIC,32.19,32.56,smoke-test fabrication; not a census value,SYNTHETIC_SMOKE_VALUE,,,,,,equal,c,True
AgCensus2015-16 T2-4 Maharashtra/Medium/area/SCvsST,AgCensus2015-16,T2-4,Maharashtra,Medium,area,SCvsST,social_group,Scheduled Castes,Scheduled Tribes,8,8,0,0,equal,c,,,,percent,SYNTHETIC,50.06,51.03,smoke-test fabrication; not a census value,SYNTHETIC_SMOKE_VALUE,,,,,,equal,c,True
AgCensus2015-16 T2-4 Maharashtra/Medium/number/SCvsOthers,AgCensus2015-16,T2-4,Maharashtra,Medium,number,SCvsOthers,social_group,Scheduled Castes,Other social groups,1,0,0,1,diff,b,,,,percent,SYNTHETIC,23.67,35.43,smoke-test fabrication; not a census value,SYNTHETIC_SMOKE_VALUE,,,,,,diff,b,True
AgCensus2015-16 T2-4 Maharashtra/Medium/number/SCvsST,AgCensus2015-16,T2-4,Maharashtra,Medium,number,SCvsST,social_group,Scheduled Castes,Scheduled Tribes,8,8,0,0,equal,c,,,,percent,SYNTHETIC,53.32,56.51,smoke-test fabrication; not a census value,SYNTHETIC_SMOKE_VALUE,,,,,,equal,c,True
AgCensus2015-16 T2-4 Maharashtra/Medium/number/STvsOthers,AgCensus2015-16,T2-4,Maharashtra,Medium,number,STvsOthers,social_group,Scheduled Tribes,Other social groups,1,0,0,1,diff,b,,,,percent,SYNTHETIC,26.58,37.96,smoke-test fabrication; not a census value,SYNTHETIC_SMOKE_VALUE,,,,,,diff,b,True
AgCensus2015-16 T2-4 Maharashtra/SC/number/MarginalvsLarge,AgCensus2015-16,T2-4,Maharashtra,SC,number,MarginalvsLarge,landholding,marginal holdings,large holdings,1,0,1,0,diff,a,,,,percent,SYNTHETIC,42.02,20.01,smoke-test fabrication; not a census value,SYNTHETIC_SMOKE_VALUE,,,,,,diff,a,True
AgCensus2015-16 T2-4 Maharashtra/SC/number/MarginalvsMedium,AgCensus2015-16,T2-4,Maharashtra,SC,number,MarginalvsMedium,landholding,marginal holdings,medium holdings,1,0,0,1,diff,a,,,,percent,SYNTHETIC,42.63,25.28,smoke-test fabrication; not a census value,SYNTHETIC_SMOKE_VALUE,,,,,,diff,a,True
AgCensus2015-16 T2-4 Maharashtra/SC/number/MarginalvsSemi-medium,AgCensus2015-16,T2-4,Maharashtra,SC,number,MarginalvsSemi-medium,landholding,marginal holdings,semi-medium holdings,1,0,0,1,diff,a,,,,percent,SYNTHETIC,59.67,38.48,smoke-test fabrication; not a census value,SYNTHETIC_SMOKE_VALUE,,,,,,diff,a,True
AgCensus2015-16 T2-4 Maharashtra/SC/number/Semi-mediumvsLarge,AgCensus2015-16,T2-4,Maharashtra,SC,number,Semi-mediumvsLarge,landholding,semi-medium holdings,large holdings,1,1,0,0,diff,a,,,,percent,SYNTHETIC,68.7,42.35,smoke-test fabrication; not a census value,SYNTHETIC_SMOKE_VALUE,,,,,,diff,a,True
AgCensus2015-16 T2-4 Maharashtra/SC/number/Semi-mediumvsMedium,AgCensus2015-16,T2-4,Maharashtra,SC,number,Semi-mediumvsMedium,landholding,semi-medium holdings,medium holdings,1,0,0,1,diff,a,,,,percent,SYNTHETIC,33.95,20.99,smoke-test fabrication; not a census value,SYNTHETIC_SMOKE_VALUE,,,,,,diff,a,True
AgCensus2015-16 T2-4 Maharashtra/SC/number/SmallvsLarge,AgCensus2015-16,T2-4,Maharashtra,SC,number,SmallvsLarge,landholding,small holdings,large holdings,1,1,0,0,diff,a,,,,percent,SYNTHETIC,68.74,50.51,smoke-test fabrication; not a census value,SYNTHETIC_SMOKE_VALUE,,,,,,diff,a,True
AgCensus2015-16 T2-4 Maharashtra/SC/number/SmallvsMedium,AgCensus2015-16,T2-4,Maharashtra,SC,number,SmallvsMedium,landholding,small holdings,medium holdings,1,0,0,1,diff,a,,,,percent,SYNTHETIC,53.02,34.42,smoke-test fabrication; not a census value,SYNTHETIC_SMOKE_VALUE,,,,,,diff,a,True
AgCensus2015-16 T2-4 Maharashtra/SC/number/SmallvsSemi-medium,AgCensus2015-16,T2-4,Maharashtra,SC,number,SmallvsSemi-medium,landholding,small holdings,semi-medium holdings,1,1,0,0,diff,a,,,,percent,SYNTHETIC,68.75,47.38,smoke-test fabrication; not a census value,SYNTHETIC_SMOKE_VALUE,,,,,,diff,a,True
AgCensus2015-16 T2-4 Maharashtra/ST/area/SmallvsMedium,AgCensus2015-16,T2-4,Maharashtra,ST,area,SmallvsMedium,landholding,small operated area,medium operated area,1,0,0,1,equal,c,,,,percent,SYNTHETIC,49.66,51.04,smoke-test fabrication; not a census value,SYNTHETIC_SMOKE_VALUE,,,,,,equal,c,True
AgCensus2015-16 T2-4 Maharashtra/ST/number/MarginalvsLarge,AgCensus2015-16,T2-4,Maharashtra,ST,number,MarginalvsLarge,landholding,marginal holdings,large holdings,1,1,0,0,diff,a,,,,percent,SYNTHETIC,49.6,24.88,smoke-test fabrication; not a census value,SYNTHETIC_SMOKE_VALUE,,,,,,diff,a,True
AgCensus2015-16 T2-4 Maharashtra/ST/number/MarginalvsMedium,AgCensus2015-16,T2-4,Maharashtra,ST,number,MarginalvsMedium,landholding,marginal holdings,medium holdings,1,1,0,0,diff,a,,,,percent,SYNTHETIC,80.17,56.98,smoke-test fabrication; not a census value,SYNTHETIC_SMOKE_VALUE,,,,,,diff,a,True
AgCensus2015-16 T2-4 Maharashtra/ST/number/MarginalvsSemi-medium,AgCensus2015-16,T2-4,Maharashtra,ST,number,MarginalvsSemi-medium,landholding,marginal holdings,semi-medium holdings,1,1,0,0,diff,a,,,,percent,SYNTHETIC,42.38,27.24,smoke-test fabrication; not a census value,SYNTHETIC_SMOKE_VALUE,,,,,,diff,a,True
AgCensus2015-16 T2-4 Maharashtra/ST/number/MarginalvsSmall,AgCensus2015-16,T2-4,Maharashtra,ST,number,MarginalvsSmall,landholding,marginal holdings,small holdings,4,4,0,0,equal,c,,,,percent,SYNTHETIC,30.75,31.4,smoke-test fabrication; not a census value,SYNTHETIC_SMOKE_VALUE,,,,,,equal,c,True
AgCensus2015-16 T2-4 Maharashtra/ST/number/Semi-mediumvsLarge,AgCensus2015-16,T2-4,Maharashtra,ST,number,Semi-mediumvsLarge,landholding,semi-medium holdings,large holdings,1,1,0,0,diff,a,,,,percent,SYNTHETIC,58.1,33.69,smoke-test fabrication; not a census value,SYNTHETIC_SMOKE_VALUE,,,,,,diff,a,True
AgCensus2015-16 T2-4 Maharashtra/ST/number/Semi-mediumvsMedium,AgCensus2015-16,T2-4,Maharashtra,ST,number,Semi-mediumvsMedium,landholding,semi-medium holdings,medium holdings,1,1,0,0,diff,a,,,,percent,SYNTHETIC,67.63,55.78,smoke-test fabrication; not a census value,SYNTHETIC_SMOKE_VALUE,,,,,,diff,a,True
AgCensus2015-16 T2-4 Maharashtra/ST/number/SmallvsLarge,AgCensus2015-16,T2-4,Maharashtra,ST,number,SmallvsLarge,landholding,small holdings,large holdings,1,0,0,1,diff,a,,,,percent,SYNTHETIC,57.54,45.9,smoke-test fabrication; not a census value,SYNTHETIC_SMOKE_VALUE,,,,,,diff,a,True
AgCensus2015-16 T2-4 Maharashtra/ST/number/SmallvsMedium,AgCensus2015-16,T2-4,Maharashtra,ST,number,SmallvsMedium,landholding,small holdings,medium holdings,1,1,0,0,diff,a,,,,percent,SYNTHETIC,57.75,37.04,smoke-test fabrication; not a census value,SYNTHETIC_SMOKE_VALUE,,,,,,diff,a,True
AgCensus2015-16 T2-4 Maharashtra/ST/number/SmallvsSemi-medium,AgCensus2015-16,T2-4,Maharashtra,ST,number,SmallvsSemi-medium,landholding,small holdings,semi-medium holdings,1,0,0,1,diff,a,,,,percent,SYNTHETIC,50.09,31.2,smoke-test fabrication; not a census value,SYNTHETIC_SMOKE_VALUE,,,,,,diff,a,True
AgCensus2015-16 T2-4 Maharashtra/Semi-medium/area/SCvsST,AgCensus2015-16,T2-4,Maharashtra,Semi-medium,area,SCvsST,social_group,Scheduled Castes,Scheduled Tribes,8,8,0,0,equal,c,,,,percent,SYNTHETIC,42.74,46.13,smoke-test fabrication; not a census value,SYNTHETIC_SMOKE_VALUE,,,,,,equal,c,True
AgCensus2015-16 T2-4 Maharashtra/Semi-medium/number/SCvsOthers,AgCensus2015-16,T2-4,Maharashtra,Semi-medium,number,SCvsOthers,social_group,Scheduled Castes,Other social groups,1,1,0,0,diff,b,,,,percent,SYNTHETIC,38.66,66.05,smoke-test fabrication; not a census value,SYNTHETIC_SMOKE_VALUE,,,,,,diff,b,True
AgCensus2015-16 T2-4 Maharashtra/Semi-medium/number/SCvsST,AgCensus2015-16,T2-4,Maharashtra,Semi-medium,number,SCvsST,social_group,Scheduled Castes,Scheduled Tribes,8,0,0,8,equal,c,,,,percent,SYNTHETIC,46.32,51.29,smoke-test fabrication; not a census value,SYNTHETIC_SMOKE_VALUE,,,,,,equal,c,True
AgCensus2015-16 T2-4 Maharashtra/Semi-medium/number/STvsOthers,AgCensus2015-16,T2-4,Maharashtra,Semi-medium,number,STvsOthers,social_group,Scheduled Tribes,Other social groups,1,1,0,0,diff,b,,,,percent,SYNTHETIC,22.43,49.65,smoke-test fabrication; not a census value,SYNTHETIC_SMOKE_VALUE,,,,,,diff,b,True
AgCensus2015-16 T2-4 Maharashtra/Small/area/SCvsST,AgCensus2015-16,T2-4,Maharashtra,Small,area,SCvsST,social_group,Scheduled Castes,Scheduled Tribes,8,0,0,8,equal,c,,,,percent,SYNTHETIC,20.87,21.07,smoke-test fabrication; not a census value,SYNTHETIC_SMOKE_VALUE,,,,,,equal,c,True
AgCensus2015-16 T2-4 Maharashtra/Small/number/SCvsOthers,AgCensus2015-16,T2-4,Maharashtra,Small,number,SCvsOthers,social_group,Scheduled Castes,Other social groups,1,0,0,1,diff,b,,,,percent,SYNTHETIC,38.74,62.62,smoke-test fabrication; not a census value,SYNTHETIC_SMOKE_VALUE,,,,,,diff,b,True
AgCensus2015-16 T2-4 Maharashtra/Small/number/SCvsST,AgCensus2015-16,T2-4,Maharashtra,Small,number,SCvsST,social_group,Scheduled Castes,Scheduled Tribes,6,6,0,0,equal,c,,,,percent,SYNTHETIC,59.96,60.38,smoke-test fabrication; not a census value,SYNTHETIC_SMOKE_VALUE,,,,,,equal,c,True
AgCensus2015-16 T2-4 Maharashtra/Small/number/STvsOthers,AgCensus2015-16,T2-4,Maharashtra,Small,number,STvsOthers,social_group,Scheduled Tribes,Other social groups,1,1,0,0,diff,b,,,,percent,SYNTHETIC,59.85,83.33,smoke-test fabrication; not a census value,SYNTHETIC_SMOKE_VALUE,,,,,,diff,b,True
AgCensus2015-16 T2-4 Manipur/All Classes/number/SCvsOthers,AgCensus2015-16,T2-4,Manipur,All Classes,number,SCvsOthers,social_group,Scheduled Castes,Other social groups,1,1,0,0,diff,b,,,,percent,SYNTHETIC,38.36,49.06,smoke-test fabrication; not a census value,SYNTHETIC_SMOKE_VALUE,,,,,,diff,b,True
AgCensus2015-16 T2-4 Manipur/All Classes/number/SCvsST,AgCensus2015-16,T2-4,Manipur,All Classes,number,SCvsST,social_group,Scheduled Castes,Scheduled Tribes,1,1,0,0,diff,b,,,,percent,SYNTHETIC,57.46,73.73,smoke-test fabrication; not a census value,SYNTHETIC_SMOKE_VALUE,,,,,,diff,b,True
AgCensus2015-16 T2-4 Manipur/All Classes/number/STvsOthers,AgCensus2015-16,T2-4,Manipur,All Classes,number,STvsOthers,social_group,Scheduled Tribes,Other social groups,1,1,0,0,diff,b,,,,percent,SYNTHETIC,25.88,41.95,smoke-test fabrication; not a census value,SYNTHETIC_SMOKE_VALUE,,,,,,diff,b,True
AgCensus2015-16 T2-4 Manipur/All/area/SmallvsSemi-medium,AgCensus2015-16,T2-4,Manipur,All,area,SmallvsSemi-medium,landholding,small operated area,semi-medium operated area,3,3,0,0,equal,c,,,,percent,SYNTHETIC,21.03,21.48,smoke-test fabrication; not a census value,SYNTHETIC_SMOKE_VALUE,,,,,,equal,c,True
AgCensus2015-16 T2-4 Manipur/All/number/MarginalvsLarge,AgCensus2015-16,T2-4,Manipur,All,number,MarginalvsLarge,landholding,marginal holdings,large holdings,1,1,0,0,diff,a,,,,percent,SYNTHETIC,84.53,59.48,smoke-test fabrication; not a census value,SYNTHETIC_SMOKE_VALUE,,,,,,diff,a,True
AgCensus2015-16 T2-4 Manipur/All/number/MarginalvsMedium,AgCensus2015-16,T2-4,Manipur,All,number,MarginalvsMedium,landholding,marginal holdings,medium holdings,1,1,0,0,diff,a,,,,percent,SYNTHETIC,59.56,35.21,smoke-test fabrication; not a census value,SYNTHETIC_SMOKE_VALUE,,,,,,diff,a,True
AgCensus2015-16 T2-4 Manipur/All/number/MarginalvsSemi-medium,AgCensus2015-16,T2-4,Manipur,All,number,MarginalvsSemi-medium,landholding,marginal holdings,semi-medium holdings,1,1,0,0,diff,a,,,,percent,SYNTHETIC,56.79,42.24,smoke-test fabrication; not a census value,SYNTHETIC_SMOKE_VALUE,,,,,,diff,a,True
AgCensus2015-16 T2-4 Manipur/All/number/Semi-mediumvsLarge,AgCensus2015-16,T2-4,Manipur,All,number,Semi-mediumvsLarge,landholding,semi-medium holdings,large holdings,1,0,0,1,diff,a,,,,percent,SYNTHETIC,51.1,25.82,smoke-test fabrication; not a census value,SYNTHETIC_SMOKE_VALUE,,,,,,diff,a,True
AgCensus2015-16 T2-4 Manipur/All/number/Semi-mediumvsMedium,AgCensus2015-16,T2-4,Manipur,All,number,Semi-mediumvsMedium,landholding,semi-medium holdings,medium holdings,1,1,0,0,diff,a,,,,percent,SYNTHETIC,61.85,37.35,smoke-test fabrication; not a census value,SYNTHETIC_SMOKE_VALUE,,,,,,diff,a,True
AgCensus2015-16 T2-4 Manipur/All/number/SmallvsLarge,AgCensus2015-16,T2-4,Manipur,All,number,SmallvsLarge,landholding,small holdings,large holdings,1,0,0,1,diff,a,,,,percent,SYNTHETIC,70.25,50.73,smoke-test fabrication; not a census value,SYNTHETIC_SMOKE_VALUE,,,,,,diff,a,True
AgCensus2015-16 T2-4 Manipur/All/number/SmallvsSemi-medium,AgCensus2015-16,T2-4,Manipur,All,number,SmallvsSemi-medium,landholding,small holdings,semi-medium holdings,1,0,0,1,diff,a,,,,percent,SYNTHETIC,65.07,46.97,smoke-test fabrication; not a census value,SYNTHETIC_SMOKE_VALUE,,,,,,diff,a,True
AgCensus2015-16 T2-4 Manipur/Marginal/number/SCvsOthers,AgCensus2015-16,T2-4,Manipur,Marginal,number,SCvsOthers,social_group,Scheduled Castes,Other social groups,1,0,0,1,diff,b,,,,percent,SYNTHETIC,39.26,52.46,smoke-test fabrication; not a census value,SYNTHETIC_SMOKE_VALUE,,,,,,diff,b,True
AgCensus2015-16 T2-4 Manipur/Marginal/number/SCvsST,AgCensus2015-16,T2-4,Manipur,Marginal,number,SCvsST,social_group,Scheduled Castes,Scheduled Tribes,1,1,0,0,diff,b,,,,percent,SYNTHETIC,37.06,47.2,smoke-test fabrication; not a census value,SYNTHETIC_SMOKE_VALUE,,,,,,diff,b,True
AgCensus2015-16 T2-4 Manipur/Marginal/number/STvsOthers,AgCensus2015-16,T2-4,Manipur,Marginal,number,STvsOthers,social_group,Scheduled Tribes,Other social groups,1,1,0,0,diff,b,,,,percent,SYNTHETIC,44.23,65.51,smoke-test fabrication; not a census value,SYNTHETIC_SMOKE_VALUE,,,,,,diff,b,True
AgCensus2015-16 T2-4 Manipur/ST/number/MarginalvsLarge,AgCensus2015-16,T2-4,Manipur,ST,number,MarginalvsLarge,landholding,marginal holdings,large holdings,1,1,0,0,diff,a,,,,percent,SYNTHETIC,64.3,46.63,smoke-test fabrication; not a census value,SYNTHETIC_SMOKE_VALUE,,,,,,diff,a,True
AgCensus2015-16 T2-4 Manipur/ST/number/MarginalvsMedium,AgCensus2015-16,T2-4,Manipur,ST,number,MarginalvsMedium,landholding,marginal holdings,medium holdings,1,1,0,0,diff,a,,,,percent,SYNTHETIC,62.58,37.51,smoke-test fabrication; not a census value,SYNTHETIC_SMOKE_VALUE,,,,,,diff,a,True
AgCensus2015-16 T2-4 Manipur/ST/number/MarginalvsSemi-medium,AgCensus2015-16,T2-4,Manipur,ST,number,MarginalvsSemi-medium,landholding,marginal holdings,semi-medium holdings,1,1,0,0,diff,a,,,,percent,SYNTHETIC,59.77,34.08,smoke-test fabrication; not a census value,SYNTHETIC_SMOKE_VALUE,,,,,,diff,a,True
AgCensus2015-16 T2-4 Manipur/ST/number/MarginalvsSmall,AgCensus2015-16,T2-4,Manipur,ST,number,MarginalvsSmall,landholding,marginal holdings,small holdings,1,1,0,0,diff,a,,,,percent,SYNTHETIC,58.11,34.82,smoke-test fabrication; not a census value,SYNTHETIC_SMOKE_VALUE,,,,,,diff,a,True
AgCensus2015-16 T2-4 Manipur/ST/number/Semi-mediumvsMedium,AgCensus2015-16,T2-4,Manipur,ST,number,Semi-mediumvsMedium,landholding,semi-medium holdings,medium holdings,1,0,0,1,diff,a,,,,percent,SYNTHETIC,79.32,50.95,smoke-test fabrication; not a census value,SYNTHETIC_SMOKE_VALUE,,,,,,diff,a,True
AgCensus2015-16 T2-4 Manipur/ST/number/SmallvsMedium,AgCensus2015-16,T2-4,Manipur,ST,number,SmallvsMedium,landholding,small holdings,medium holdings,1,1,0,0,diff,a,,,,percent,SYNTHETIC,36.9,25.25,smoke-test fabrication; not a census value,SYNTHETIC_SMOKE_VALUE,,,,,,diff,a,True
AgCensus2015-16 T2-4 Manipur/ST/number/SmallvsSemi-medium,AgCensus2015-16,T2-4,Manipur,ST,number,SmallvsSemi-medium,landholding,small holdings,semi-medium holdings,1,1,0,0,diff,a,,,,percent,SYNTHETIC,69.88,53.75,smoke-test fabrication; not a census value,SYNTHETIC_SMOKE_VALUE,,,,,,diff,a,True
AgCensus2015-16 T2-4 Manipur/Semi-medium/number/SCvsOthers,AgCensus2015-16,T2-4,Manipur,Semi-medium,number,SCvsOthers,social_group,Scheduled Castes,Other social groups,1,1,0,0,diff,b,,,,percent,SYNTHETIC,27.82,44.93,smoke-test fabrication; not a census value,SYNTHETIC_SMOKE_VALUE,,,,,,diff,b,True
AgCensus2015-16 T2-4 Manipur/Semi-medium/number/SCvsST,AgCensus2015-16,T2-4,Manipur,Semi-medium,number,SCvsST,social_group,Scheduled Castes,Scheduled Tribes,1,0,0,1,diff,b,,,,percent,SYNTHETIC,26.82,41.47,smoke-test fabrication; not a census value,SYNTHETIC_SMOKE_VALUE,,,,,,diff,b,True
AgCensus2015-16 T2-4 Manipur/Semi-medium/number/STvsOthers,AgCensus2015-16,T2-4,Manipur,Semi-medium,number,STvsOthers,social_group,Scheduled Tribes,Other social groups,1,1,0,0,diff,a,,,,percent,SYNTHETIC,57.12,43.84,smoke-test fabrication; not a census value,SYNTHETIC_SMOKE_VALUE,,,,,,diff,a,True
AgCensus2015-16 T2-4 Manipur/Small/number/SCvsOthers,AgCensus2015-16,T2-4,Manipur,Small,number,SCvsOthers,social_group,Scheduled Castes,Other social groups,1,0,0,1,diff,b,,,,percent,SYNTHETIC,35.07,48.45,smoke-test fabrication; not a census value,SYNTHETIC_SMOKE_VALUE,,,,,,diff,b,True
AgCensus2015-16 T2-4 Manipur/Small/number/SCvsST,AgCensus2015-16,T2-4,Manipur,Small,number,SCvsST,social_group,Scheduled Castes,Scheduled Tribes,1,1,0,0,diff,b,,,,percent,SYNTHETIC,36.41,53.07,smoke-test fabrication; not a census value,SYNTHETIC_SMOKE_VALUE,,,,,,diff,b,True
AgCensus2015-16 T2-4 Meghalaya/All Classes/number/SCvsST,AgCensus2015-16,T2-4,Meghalaya,All Classes,number,SCvsST,social_group,Scheduled Castes,Scheduled Tribes,1,1,0,0,diff,b,,,,percent,SYNTHETIC,52.6,79.69,smoke-test fabrication; not a census value,SYNTHETIC_SMOKE_VALUE,,,,,,diff,b,True
AgCensus2015-16 T2-4 Meghalaya/All Classes/number/STvsOthers,AgCensus2015-16,T2-4,Meghalaya,All Classes,number,STvsOthers,social_group,Scheduled Tribes,Other social groups,1,0,0,1,diff,a,,,,percent,SYNTHETIC,62.24,41.46,smoke-test fabrication; not a census value,SYNTHETIC_SMOKE_VALUE,,,,,,diff,a,True
AgCensus2015-16 T2-4 Meghalaya/All/area/MarginalvsMedium,AgCensus2015-16,T2-4,Meghalaya,All,area,MarginalvsMedium,landholding,marginal operated area,medium operated area,2,2,0,0,equal,c,,,,percent,SYNTHETIC,23.74,25.7,smoke-test fabrication; not a census value,SYNTHETIC_SMOKE_VALUE,,,,,,equal,c,True
AgCensus2015-16 T2-4 Meghalaya/All/number/MarginalvsLarge,AgCensus2015-16,T2-4,Meghalaya,All,number,MarginalvsLarge,landholding,marginal holdings,large holdings,1,0,1,0,diff,a,,,,percent,SYNTHETIC,57.4,39.8,smoke-test fabrication; not a census value,SYNTHETIC_SMOKE_VALUE,,,,,,diff,a,True
AgCensus2015-16 T2-4 Meghalaya/All/number/MarginalvsMedium,AgCensus2015-16,T2-4,Meghalaya,All,number,MarginalvsMedium,landholding,marginal holdings,medium holdings,1,1,0,0,diff,a,,,,percent,SYNTHETIC,71.4,58.0,smoke-test fabrication; not a census value,SYNTHETIC_SMOKE_VALUE,,,,,,diff,a,True
AgCensus2015-16 T2-4 Meghalaya/All/number/MarginalvsSemi-medium,AgCensus2015-16,T2-4,Meghalaya,All,number,MarginalvsSemi-medium,landholding,marginal holdings,semi-medium holdings,1,1,0,0,diff,a,,,,percent,SYNTHETIC,87.29,57.77,smoke-test fabrication; not a census value,SYNTHETIC_SMOKE_VALUE,,,,,,diff,a,True
AgCensus2015-16 T2-4 Meghalaya/All/number/MarginalvsSmall,AgCensus2015-16,T2-4,Meghalaya,All,number,MarginalvsSmall,landholding,marginal holdings,small holdings,1,0,0,1,diff,a,,,,percent,SYNTHETIC,66.83,38.5,smoke-test fabrication; not a census value,SYNTHETIC_SMOKE_VALUE,,,,,,diff,a,True
AgCensus2015-16 T2-4 Meghalaya/All/number/Semi-mediumvsLarge,AgCensus2015-16,T2-4,Meghalaya,All,number,Semi-mediumvsLarge,landholding,semi-medium holdings,large holdings,1,0,0,1,diff,a,,,,percent,SYNTHETIC,46.68,23.84,smoke-test fabrication; not a census value,SYNTHETIC_SMOKE_VALUE,,,,,,diff,a,True
AgCensus2015-16 T2-4 Meghalaya/All/number/Semi-mediumvsMedium,AgCensus2015-16,T2-4,Meghalaya,All,number,Semi-mediumvsMedium,landholding,semi-medium holdings,medium holdings,1,1,0,0,diff,a,,,,percent,SYNTHETIC,77.61,54.31,smoke-test fabrication; not a census value,SYNTHETIC_SMOKE_VALUE,,,,,,diff,a,True
AgCensus2015-16 T2-4 Meghalaya/All/number/SmallvsLarge,AgCensus2015-16,T2-4,Meghalaya,All,number,SmallvsLarge,landholding,small holdings,large holdings,1,1,0,0,diff,a,,,,percent,SYNTHETIC,44.67,28.73,smoke-test fabrication; not a census value,SYNTHETIC_SMOKE_VALUE,,,,,,diff,a,True
AgCensus2015-16 T2-4 Meghalaya/All/number/SmallvsMedium,AgCensus2015-16,T2-4,Meghalaya,All,number,SmallvsMedium,landholding,small holdings,medium holdings,1,1,0,0,diff,a,,,,percent,SYNTHETIC,40.4,27.1,smoke-test fabrication; not a census value,SYNTHETIC_SMOKE_VALUE,,,,,,diff,a,True
AgCensus2015-16 T2-4 Meghalaya/Marginal/number/SCvsST,AgCensus2015-16,T2-4,Meghalaya,Marginal,number,SCvsST,social_group,Scheduled Castes,Scheduled Tribes,1,0,1,0,diff,b,,,,percent,SYNTHETIC,26.58,41.76,smoke-test fabrication; not a census value,SYNTHETIC_SMOKE_VALUE,,,,,,diff,b,True
AgCensus2015-16 T2-4 Meghalaya/Marginal/number/STvsOthers,AgCensus2015-16,T2-4,Meghalaya,Marginal,number,STvsOthers,social_group,Scheduled Tribes,Other social groups,1,1,0,0,diff,a,,,,percent,SYNTHETIC,37.98,21.74,smoke-test fabrication; not a census value,SYNTHETIC_SMOKE_VALUE,,,,,,diff,a,True
AgCensus2015-16 T2-4 Meghalaya/ST/area/MarginalvsMedium,AgCensus2015-16,T2-4,Meghalaya,ST,area,MarginalvsMedium,landholding,marginal operated area,medium operated area,1,1,0,0,equal,c,,,,percent,SYNTHETIC,24.34,26.04,smoke-test fabrication; not a census value,SYNTHETIC_SMOKE_VALUE,,,,,,equal,c,True
AgCensus2015-16 T2-4 Meghalaya/ST/number/MarginalvsMedium,AgCensus2015-16,T2-4,Meghalaya,ST,number,MarginalvsMedium,landholding,marginal holdings,medium holdings,1,0,0,1,diff,a,,,,percent,SYNTHETIC,50.94,26.93,smoke-test fabrication; not a census value,SYNTHETIC_SMOKE_VALUE,,,,,,diff,a,True
AgCensus2015-16 T2-4 Meghalaya/ST/number/MarginalvsSemi-medium,AgCensus2015-16,T2-4,Meghalaya,ST,number,MarginalvsSemi-medium,landholding,marginal holdings,semi-medium holdings,1,1,0,0,diff,a,,,,percent,SYNTHETIC,52.69,26.09,smoke-test fabrication; not a census value,SYNTHETIC_SMOKE_VALUE,,,,,,diff,a,True
AgCensus2015-16 T2-4 Meghalaya/ST/number/MarginalvsSmall,AgCensus2015-16,T2-4,Meghalaya,ST,number,MarginalvsSmall,landholding,marginal holdings,small holdings,1,1,0,0,diff,a,,,,percent,SYNTHETIC,74.81,45.27,smoke-test fabrication; not a census value,SYNTHETIC_SMOKE_VALUE,,,,,,diff,a,True
AgCensus2015-16 T2-4 Meghalaya/ST/number/Semi-mediumvsLarge,AgCensus2015-16,T2-4,Meghalaya,ST,number,Semi-mediumvsLarge,landholding,semi-medium holdings,large holdings,1,1,0,0,diff,a,,,,percent,SYNTHETIC,52.04,35.71,smoke-test fabrication; not a census value,SYNTHETIC_SMOKE_VALUE,,,,,,diff,a,True
AgCensus2015-16 T2-4 Meghalaya/ST/number/Semi-mediumvsMedium,AgCensus2015-16,T2-4,Meghalaya,ST,number,Semi-mediumvsMedium,landholding,semi-medium holdings,medium holdings,1,1,0,0,diff,a,,,,percent,SYNTHETIC,41.44,25.27,smoke-test fabrication; not a census value,SYNTHETIC_SMOKE_VALUE,,,,,,diff,a,True
AgCensus2015-16 T2-4 Meghalaya/ST/number/SmallvsMedium,AgCensus2015-16,T2-4,Meghalaya,ST,number,SmallvsMedium,landholding,small holdings,medium holdings,1,0,1,0,diff,a,,,,percent,SYNTHETIC,82.36,58.36,smoke-test fabrication; not a census value,SYNTHETIC_SMOKE_VALUE,,,,,,diff,a,True
AgCensus2015-16 T2-4 Meghalaya/Semi-medium/number/STvsOthers,AgCensus2015-16,T2-4,Meghalaya,Semi-medium,number,STvsOthers,social_group,Scheduled Tribes,Other social groups,1,0,0,1,diff,a,,,,percent,SYNTHETIC,42.53,30.3,smoke-test fabrication; not a census value,SYNTHETIC_SMOKE_VALUE,,,,,,diff,a,True
AgCensus2015-16 T2-4 Meghalaya/Small/number/SCvsST,AgCensus2015-16,T2-4,Meghalaya,Small,number,SCvsST,social_group,Scheduled Castes,Scheduled Tribes,1,1,0,0,diff,b,,,,percent,SYNTHETIC,56.65,72.45,smoke-test fabrication; not a census value,SYNTHETIC_SMOKE_VALUE,,,,,,diff,b,True
AgCensus2015-16 T2-4 Meghalaya/Small/number/STvsOthers,AgCensus2015-16,T2-4,Meghalaya,Small,number,STvsOthers,social_group,Scheduled Tribes,Other social groups,1,0,1,0,diff,a,,,,percent,SYNTHETIC,56.85,36.21,smoke-test fabrication; not a census value,SYNTHETIC_SMOKE_VALUE,,,,,,diff,a,True
AgCensus2015-16 T2-4 Mizoram/All Classes/number/SCvsST,AgCensus2015-16,T2-4,Mizoram,All Classes,number,SCvsST,social_group,Scheduled Castes,Scheduled Tribes,1,1,0,0,diff,b,,,,percent,SYNTHETIC,30.69,50.46,smoke-test fabrication; not a census value,SYNTHETIC_SMOKE_VALUE,,,,,,diff,b,True
AgCensus2015-16 T2-4 Mizoram/All Classes/number/STvsOthers,AgCensus2015-16,T2-4,Mizoram,All Classes,number,STvsOthers,social_group,Scheduled Tribes,Other social groups,1,0,0,1,diff,a,,,,percent,SYNTHETIC,40.84,21.41,smoke-test fabrication; not a census value,SYNTHETIC_SMOKE_VALUE,,,,,,diff,a,True
AgCensus2015-16 T2-4 Mizoram/All/area/MarginalvsSemi-medium,AgCensus2015-16,T2-4,Mizoram,All,area,MarginalvsSemi-medium,landholding,marginal operated area,semi-medium operated area,3,0,3,0,equal,c,,,,percent,SYNTHETIC,20.48,22.43,smoke-test fabrication; not a census value,SYNTHETIC_SMOKE_VALUE,,,,,,equal,c,True
AgCensus2015-16 T2-4 Mizoram/All/area/SmallvsSemi-medium,AgCensus2015-16,T2-4,Mizoram,All,area,SmallvsSemi-medium,landholding,small operated area,semi-medium operated area,3,3,0,0,equal,c,,,,percent,SYNTHETIC,26.0,28.06,smoke-test fabrication; not a census value,SYNTHETIC_SMOKE_VALUE,,,,,,equal,c,True
AgCensus2015-16 T2-4 Mizoram/All/number/MarginalvsMedium,AgCensus2015-16,T2-4,Mizoram,All,number,MarginalvsMedium,landholding,marginal holdings,medium holdings,1,0,0,1,diff,a,,,,percent,SYNTHETIC,71.05,51.25,smoke-test fabrication; not a census value,SYNTHETIC_SMOKE_VALUE,,,,,,diff,a,True
AgCensus2015-16 T2-4 Mizoram/All/number/MarginalvsSemi-medium,AgCensus2015-16,T2-4,Mizoram,All,number,MarginalvsSemi-medium,landholding,marginal holdings,semi-medium holdings,1,1,0,0,diff,a,,,,percent,SYNTHETIC,77.55,59.28,smoke-test fabrication; not a census value,SYNTHETIC_SMOKE_VALUE,,,,,,diff,a,True
AgCensus2015-16 T2-4 Mizoram/All/number/MarginalvsSmall,AgCensus2015-16,T2-4,Mizoram,All,number,MarginalvsSmall,landholding,marginal holdings,small holdings,1,1,0,0,diff,a,,,,percent,SYNTHETIC,66.79,52.33,smoke-test fabrication; not a census value,SYNTHETIC_SMOKE_VALUE,,,,,,diff,a,True
AgCensus2015-16 T2-4 Mizoram/All/number/Semi-mediumvsLarge,AgCensus2015-16,T2-4,Mizoram,All,number,Semi-mediumvsLarge,landholding,semi-medium holdings,large holdings,1,0,0,1,diff,a,,,,percent,SYNTHETIC,56.87,37.23,smoke-test fabrication; not a census value,SYNTHETIC_SMOKE_VALUE,,,,,,diff,a,True
AgCensus2015-16 T2-4 Mizoram/All/number/Semi-mediumvsMedium,AgCensus2015-16,T2-4,Mizoram,All,number,Semi-mediumvsMedium,landholding,semi-medium holdings,medium holdings,1,1,0,0,diff,a,,,,percent,SYNTHETIC,50.77,23.11,smoke-test fabrication; not a census value,SYNTHETIC_SMOKE_VALUE,,,,,,diff,a,True
AgCensus2015-16 T2-4 Mizoram/All/number/SmallvsLarge,AgCensus2015-16,T2-4,Mizoram,All,number,SmallvsLarge,landholding,small holdings,large holdings,1,1,0,0,diff,a,,,,percent,SYNTHETIC,67.29,44.04,smoke-test fabrication; not a census value,SYNTHETIC_SMOKE_VALUE,,,,,,diff,a,True
AgCensus2015-16 T2-4 Mizoram/All/number/SmallvsMedium,AgCensus2015-16,T2-4,Mizoram,All,number,SmallvsMedium,landholding,small holdings,medium holdings,1,1,0,0,diff,a,,,,percent,SYNTHETIC,78.58,51.67,smoke-test fabrication; not a census value,SYNTHETIC_SMOKE_VALUE,,,,,,diff,a,True
AgCensus2015-16 T2-4 Mizoram/All/number/SmallvsSemi-medium,AgCensus2015-16,T2-4,Mizoram,All,number,SmallvsSemi-medium,landholding,small holdings,semi-medium holdings,1,0,0,1,diff,a,,,,percent,SYNTHETIC,52.09,37.92,smoke-test fabrication; not a census value,SYNTHETIC_SMOKE_VALUE,,,,,,diff,a,True
AgCensus2015-16 T2-4 Mizoram/Marginal/number/SCvsST,AgCensus2015-16,T2-4,Mizoram,Marginal,number,SCvsST,social_group,Scheduled Castes,Scheduled Tribes,1,1,0,0,diff,b,,,,percent,SYNTHETIC,25.64,41.0,smoke-test fabrication; not a census value,SYNTHETIC_SMOKE_VALUE,,,,,,diff,b,True
AgCensus2015-16 T2-4 Mizoram/ST/area/MarginalvsSemi-medium,AgCensus2015-16,T2-4,Mizoram,ST,area,MarginalvsSemi-medium,landholding,marginal operated area,semi-medium operated area,1,1,0,0,equal,c,,,,percent,SYNTHETIC,30.33,34.62,smoke-test fabrication; not a census value,SYNTHETIC_SMOKE_VALUE,,,,,,equal,c,True
AgCensus2015-16 T2-4 Mizoram/ST/area/SmallvsSemi-medium,AgCensus2015-16,T2-4,Mizoram,ST,area,SmallvsSemi-medium,landholding,small operated area,semi-medium operated area,1,1,0,0,equal,c,,,,percent,SYNTHETIC,33.31,33.88,smoke-test fabrication; not a census value,SYNTHETIC_SMOKE_VALUE,,,,,,equal,c,True
AgCensus2015-16 T2-4 Mizoram/ST/number/MarginalvsLarge,AgCensus2015-16,T2-4,Mizoram,ST,number,MarginalvsLarge,landholding,marginal holdings,large holdings,1,1,0,0,diff,a,,,,percent,SYNTHETIC,63.36,35.7,smoke-test fabrication; not a census value,SYNTHETIC_SMOKE_VALUE,,,,,,diff,a,True
AgCensus2015-16 T2-4 Mizoram/ST/number/MarginalvsSemi-medium,AgCensus2015-16,T2-4,Mizoram,ST,number,MarginalvsSemi-medium,landholding,marginal holdings,semi-medium holdings,1,1,0,0,diff,a,,,,percent,SYNTHETIC,62.09,33.87,smoke-test fabrication; not a census value,SYNTHETIC_SMOKE_VALUE,,,,,,diff,a,True
AgCensus2015-16 T2-4 Mizoram/ST/number/MarginalvsSmall,AgCensus2015-16,T2-4,Mizoram,ST,number,MarginalvsSmall,landholding,marginal holdings,small holdings,1,1,0,0,diff,a,,,,percent,SYNTHETIC,68.05,39.24,smoke-test fabrication; not a census value,SYNTHETIC_SMOKE_VALUE,,,,,,diff,a,True
AgCensus2015-16 T2-4 Mizoram/ST/number/Semi-mediumvsMedium,AgCensus2015-16,T2-4,Mizoram,ST,number,Semi-mediumvsMedium,landholding,semi-medium holdings,medium holdings,1,1,0,0,diff,a,,,,percent,SYNTHETIC,42.5,20.13,smoke-test fabrication; not a census value,SYNTHETIC_SMOKE_VALUE,,,,,,diff,a,True
AgCensus2015-16 T2-4 Mizoram/ST/number/SmallvsLarge,AgCensus2015-16,T2-4,Mizoram,ST,number,SmallvsLarge,landholding,small holdings,large holdings,1,0,0,1,diff,a,,,,percent,SYNTHETIC,52.14,26.74,smoke-test fabrication; not a census value,SYNTHETIC_SMOKE_VALUE,,,,,,diff,a,True
AgCensus2015-16 T2-4 Mizoram/ST/number/SmallvsMedium,AgCensus2015-16,T2-4,Mizoram,ST,number,SmallvsMedium,landholding,small holdings,medium holdings,1,0,0,1,diff,a,,,,percent,SYNTHETIC,55.29,32.1,smoke-test fabrication; not a census value,SYNTHETIC_SMOKE_VALUE,,,,,,diff,a,True
AgCensus2015-16 T2-4 Mizoram/ST/number/SmallvsSemi-medium,AgCensus2015-16,T2-4,Mizoram,ST,number,SmallvsSemi-medium,landholding,small holdings,semi-medium holdings,1,0,1,0,diff,a,,,,percent,SYNTHETIC,75.43,55.69,smoke-test fabrication; not a census value,SYNTHETIC_SMOKE_VALUE,,,,,,diff,a,True
AgCensus2015-16 T2-4 Mizoram/Small/number/SCvsST,AgCensus2015-16,T2-4,Mizoram,Small,number,SCvsST,social_group,Scheduled Castes,Scheduled Tribes,1,0,0,1,diff,b,,,,percent,SYNTHETIC,39.89,65.65,smoke-test fabrication; not a census value,SYNTHETIC_SMOKE_VALUE,,,,,,diff,b,True
AgCensus2015-16 T2-4 Mizoram/Small/number/STvsOthers,AgCensus2015-16,T2-4,Mizoram,Small,number,STvsOthers,social_group,Scheduled Tribes,Other social groups,1,1,0,0,diff,a,,,,percent,SYNTHETIC,37.39,23.44,smoke-test fabrication; not a census value,SYNTHETIC_SMOKE_VALUE,,,,,,diff,a,True
AgCensus2015-16 T2-4 Nagaland/All Classes/number/SCvsST,AgCensus2015-16,T2-4,Nagaland,All Classes,number,SCvsST,social_group,Scheduled Castes,Scheduled Tribes,1,0,0,1,diff,b,,,,percent,SYNTHETIC,34.06,59.22,smoke-test fabrication; not a census value,SYNTHETIC_SMOKE_VALUE,,,,,,diff,b,True
AgCensus2015-16 T2-4 Nagaland/All Classes/number/STvsOthers,AgCensus2015-16,T2-4,Nagaland,All Classes,number,STvsOthers,social_group,Scheduled Tribes,Other social groups,1,1,0,0,diff,a,,,,percent,SYNTHETIC,58.11,47.93,smoke-test fabrication; not a census value,SYNTHETIC_SMOKE_VALUE,,,,,,diff,a,True
AgCensus2015-16 T2-4 Nagaland/All/number/MarginalvsMedium,AgCensus2015-16,T2-4,Nagaland,All,number,MarginalvsMedium,landholding,marginal holdings,medium holdings,1,1,0,0,diff,b,,,,percent,SYNTHETIC,29.1,50.83,smoke-test fabrication; not a census value,SYNTHETIC_SMOKE_VALUE,,,,,,diff,b,True
AgCensus2015-16 T2-4 Nagaland/All/number/MarginalvsSemi-medium,AgCensus2015-16,T2-4,Nagaland,All,number,MarginalvsSemi-medium,landholding,marginal holdings,semi-medium holdings,1,1,0,0,diff,b,,,,percent,SYNTHETIC,46.52,60.6,smoke-test fabrication; not a census value,SYNTHETIC_SMOKE_VALUE,,,,,,diff,b,True
AgCensus2015-16 T2-4 Nagaland/All/number/MarginalvsSmall,AgCensus2015-16,T2-4,Nagaland,All,number,MarginalvsSmall,landholding,marginal holdings,small holdings,1,0,0,1,diff,b,,,,percent,SYNTHETIC,37.99,52.57,smoke-test fabrication; not a census value,SYNTHETIC_SMOKE_VALUE,,,,,,diff,b,True
AgCensus2015-16 T2-4 Nagaland/All/number/MediumvsLarge,AgCensus2015-16,T2-4,Nagaland,All,number,MediumvsLarge,landholding,medium holdings,large holdings,1,0,0,1,diff,a,,,,percent,SYNTHETIC,69.09,50.41,smoke-test fabrication; not a census value,SYNTHETIC_SMOKE_VALUE,,,,,,diff,a,True
AgCensus2015-16 T2-4 Nagaland/All/number/Semi-mediumvsLarge,AgCensus2015-16,T2-4,Nagaland,All,number,Semi-mediumvsLarge,landholding,semi-medium holdings,large holdings,1,0,0,1,diff,a,,,,percent,SYNTHETIC,56.29,38.21,smoke-test fabrication; not a census value,SYNTHETIC_SMOKE_VALUE,,,,,,diff,a,True
AgCensus2015-16 T2-4 Nagaland/All/number/SmallvsLarge,AgCensus2015-16,T2-4,Nagaland,All,number,SmallvsLarge,landholding,small holdings,large holdings,2,0,0,2,equal,c,,,,percent,SYNTHETIC,35.06,35.86,smoke-test fabrication; not a census value,SYNTHETIC_SMOKE_VALUE,,,,,,equal,c,True
AgCensus2015-16 T2-4 Nagaland/All/number/SmallvsMedium,AgCensus2015-16,T2-4,Nagaland,All,number,SmallvsMedium,landholding,small holdings,medium holdings,1,0,0,1,diff,b,,,,percent,SYNTHETIC,29.82,40.43,smoke-test fabrication; not a census value,SYNTHETIC_SMOKE_VALUE,,,,,,diff,b,True
AgCensus2015-16 T2-4 Nagaland/All/number/SmallvsSemi-medium,AgCensus2015-16,T2-4,Nagaland,All,number,SmallvsSemi-medium,landholding,small holdings,semi-medium holdings,1,0,0,1,diff,b,,,,percent,SYNTHETIC,53.38,66.29,smoke-test fabrication; not a census value,SYNTHETIC_SMOKE_VALUE,,,,,,diff,b,True
AgCensus2015-16 T2-4 Nagaland/Large/number/SCvsST,AgCensus2015-16,T2-4,Nagaland,Large,number,SCvsST,social_group,Scheduled Castes,Scheduled Tribes,1,0,1,0,diff,b,,,,percent,SYNTHETIC,22.39,50.11,smoke-test fabrication; not a census value,SYNTHETIC_SMOKE_VALUE,,,,,,diff,b,True
AgCensus2015-16 T2-4 Nagaland/Large/number/STvsOthers,AgCensus2015-16,T2-4,Nagaland,Large,number,STvsOthers,social_group,Scheduled Tribes,Other social groups,1,0,0,1,diff,a,,,,percent,SYNTHETIC,57.21,28.0,smoke-test fabrication; not a census value,SYNTHETIC_SMOKE_VALUE,,,,,,diff,a,True
AgCensus2015-16 T2-4 Nagaland/Medium/number/STvsOthers,AgCensus2015-16,T2-4,Nagaland,Medium,number,STvsOthers,social_group,Scheduled Tribes,Other social groups,1,0,0,1,diff,a,,,,percent,SYNTHETIC,49.38,37.96,smoke-test fabrication; not a census value,SYNTHETIC_SMOKE_VALUE,,,,,,diff,a,True
AgCensus2015-16 T2-4 Nagaland/ST/number/MarginalvsMedium,AgCensus2015-16,T2-4,Nagaland,ST,number,MarginalvsMedium,landholding,marginal holdings,medium holdings,1,1,0,0,diff,b,,,,percent,SYNTHETIC,27.82,54.25,smoke-test fabrication; not a census value,SYNTHETIC_SMOKE_VALUE,,,,,,diff,b,True
AgCensus2015-16 T2-4 Nagaland/ST/number/MarginalvsSemi-medium,AgCensus2015-16,T2-4,Nagaland,ST,number,MarginalvsSemi-medium,landholding,marginal holdings,semi-medium holdings,1,1,0,0,diff,b,,,,percent,SYNTHETIC,23.69,49.86,smoke-test fabrication; not a census value,SYNTHETIC_SMOKE_VALUE,,,,,,diff,b,True
AgCensus2015-16 T2-4 Nagaland/ST/number/MarginalvsSmall,AgCensus2015-16,T2-4,Nagaland,ST,number,MarginalvsSmall,landholding,marginal holdings,small holdings,1,0,0,1,diff,b,,,,percent,SYNTHETIC,41.14,60.07,smoke-test fabrication; not a census value,SYNTHETIC_SMOKE_VALUE,,,,,,diff,b,True
AgCensus2015-16 T2-4 Nagaland/ST/number/MediumvsLarge,AgCensus2015-16,T2-4,Nagaland,ST,number,MediumvsLarge,landholding,medium holdings,large holdings,1,1,0,0,diff,a,,,,percent,SYNTHETIC,48.94,20.27,smoke-test fabrication; not a census value,SYNTHETIC_SMOKE_VALUE,,,,,,diff,a,True
AgCensus2015-16 T2-4 Nagaland/ST/number/Semi-mediumvsLarge,AgCensus2015-16,T2-4,Nagaland,ST,number,Semi-mediumvsLarge,landholding,semi-medium holdings,large holdings,1,0,0,1,diff,a,,,,percent,SYNTHETIC,55.51,44.09,smoke-test fabrication; not a census value,SYNTHETIC_SMOKE_VALUE,,,,,,diff,a,True
AgCensus2015-16 T2-4 Nagaland/ST/number/SmallvsLarge,AgCensus2015-16,T2-4,Nagaland,ST,number,SmallvsLarge,landholding,small holdings,large holdings,4,0,0,4,equal,c,,,,percent,SYNTHETIC,54.92,58.25,smoke-test fabrication; not a census value,SYNTHETIC_SMOKE_VALUE,,,,,,equal,c,True
AgCensus2015-16 T2-4 Nagaland/ST/number/SmallvsMedium,AgCensus2015-16,T2-4,Nagaland,ST,number,SmallvsMedium,landholding,small holdings,medium holdings,1,1,0,0,diff,b,,,,percent,SYNTHETIC,29.86,54.33,smoke-test fabrication; not a census value,SYNTHETIC_SMOKE_VALUE,,,,,,diff,b,True
AgCensus2015-16 T2-4 Nagaland/ST/number/SmallvsSemi-medium,AgCensus2015-16,T2-4,Nagaland,ST,number,SmallvsSemi-medium,landholding,small holdings,semi-medium holdings,1,0,1,0,diff,b,,,,percent,SYNTHETIC,57.93,87.64,smoke-test fabrication; not a census value,SYNTHETIC_SMOKE_VALUE,,,,,,diff,b,True
AgCensus2015-16 T2-4 Nagaland/Semi-medium/number/SCvsST,AgCensus2015-16,T2-4,Nagaland,Semi-medium,number,SCvsST,social_group,Scheduled Castes,Scheduled Tribes,1,0,0,1,diff,b,,,,percent,SYNTHETIC,48.03,64.22,smoke-test fabrication; not a census value,SYNTHETIC_SMOKE_VALUE,,,,,,diff,b,True
AgCensus2015-16 T2-4 Nagaland/Semi-medium/number/STvsOthers,AgCensus2015-16,T2-4,Nagaland,Semi-medium,number,STvsOthers,social_group,Scheduled Tribes,Other social groups,1,1,0,0,diff,a,,,,percent,SYNTHETIC,69.29,48.96,smoke-test fabrication; not a census value,SYNTHETIC_SMOKE_VALUE,,,,,,diff,a,True
AgCensus2015-16 T2-4 Nagaland/Small/number/SCvsST,AgCensus2015-16,T2-4,Nagaland,Small,number,SCvsST,social_group,Scheduled Castes,Scheduled Tribes,1,0,0,1,diff,b,,,,percent,SYNTHETIC,58.41,80.98,smoke-test fabrication; not a census value,SYNTHETIC_SMOKE_VALUE,,,,,,diff,b,True
AgCensus2015-16 T2-4 Nagaland/Small/number/STvsOthers,AgCensus2015-16,T2-4,Nagaland,Small,number,STvsOthers,social_group,Scheduled Tribes,Other social groups,1,1,0,0,diff,a,,,,percent,SYNTHETIC,85.86,59.66,smoke-test fabrication; not a census value,SYNTHETIC_SMOKE_VALUE,,,,,,diff,a,True
AgCensus2015-16 T2-4 Odisha/All Classes/number/SCvsOthers,AgCensus2015-16,T2-4,Odisha,All Classes,number,SCvsOthers,social_group,Scheduled Castes,Other social groups,1,0,0,1,diff,b,,,,percent,SYNTHETIC,24.27,47.42,smoke-test fabrication; not a census value,SYNTHETIC_SMOKE_VALUE,,,,,,diff,b,True
AgCensus2015-16 T2-4 Odisha/All Classes/number/SCvsST,AgCensus2015-16,T2-4,Odisha,All Classes,number,SCvsST,social_group,Scheduled Castes,Scheduled Tribes,1,1,0,0,diff,b,,,,percent,SYNTHETIC,33.85,55.89,smoke-test fabrication; not a census value,SYNTHETIC_SMOKE_VALUE,,,,,,diff,b,True
AgCensus2015-16 T2-4 Odisha/All Classes/number/STvsOthers,AgCensus2015-16,T2-4,Odisha,All Classes,number,STvsOthers,social_group,Scheduled Tribes,Other social groups,1,0,0,1,diff,b,,,,percent,SYNTHETIC,51.79,79.72,smoke-test fabrication; not a census value,SYNTHETIC_SMOKE_VALUE,,,,,,diff,b,True
AgCensus2015-16 T2-4 Odisha/All/area/MediumvsLarge,AgCensus2015-16,T2-4,Odisha,All,area,MediumvsLarge,landholding,medium operated area,large operated area,3,3,0,0,equal,c,,,,percent,SYNTHETIC,38.24,40.84,smoke-test fabrication; not a census value,SYNTHETIC_SMOKE_VALUE,,,,,,equal,c,True
AgCensus2015-16 T2-4 Odisha/All/number/MarginalvsLarge,AgCensus2015-16,T2-4,Odisha,All,number,MarginalvsLarge,landholding,marginal holdings,large holdings,1,1,0,0,diff,a,,,,percent,SYNTHETIC,60.4,35.42,smoke-test fabrication; not a census value,SYNTHETIC_SMOKE_VALUE,,,,,,diff,a,True
AgCensus2015-16 T2-4 Odisha/All/number/MarginalvsMedium,AgCensus2015-16,T2-4,Odisha,All,number,MarginalvsMedium,landholding,marginal holdings,medium holdings,1,0,0,1,diff,a,,,,percent,SYNTHETIC,56.72,42.13,smoke-test fabrication; not a census value,SYNTHETIC_SMOKE_VALUE,,,,,,diff,a,True
AgCensus2015-16 T2-4 Odisha/All/number/MarginalvsSemi-medium,AgCensus2015-16,T2-4,Odisha,All,number,MarginalvsSemi-medium,landholding,marginal holdings,semi-medium holdings,1,1,0,0,diff,a,,,,percent,SYNTHETIC,55.51,25.82,smoke-test fabrication; not a census value,SYNTHETIC_SMOKE_VALUE,,,,,,diff,a,True
AgCensus2015-16 T2-4 Odisha/All/number/MarginalvsSmall,AgCensus2015-16,T2-4,Odisha,All,number,MarginalvsSmall,landholding,marginal holdings,small holdings,1,1,0,0,diff,a,,,,percent,SYNTHETIC,54.81,29.78,smoke-test fabrication; not a census value,SYNTHETIC_SMOKE_VALUE,,,,,,diff,a,True
AgCensus2015-16 T2-4 Odisha/All/number/Semi-mediumvsMedium,AgCensus2015-16,T2-4,Odisha,All,number,Semi-mediumvsMedium,landholding,semi-medium holdings,medium holdings,3,3,0,0,equal,c,,,,percent,SYNTHETIC,48.97,49.16,smoke-test fabrication; not a census value,SYNTHETIC_SMOKE_VALUE,,,,,,equal,c,True
AgCensus2015-16 T2-4 Odisha/All/number/SmallvsLarge,AgCensus2015-16,T2-4,Odisha,All,number,SmallvsLarge,landholding,small holdings,large holdings,1,0,0,1,diff,a,,,,percent,SYNTHETIC,57.49,31.62,smoke-test fabrication; not a census value,SYNTHETIC_SMOKE_VALUE,,,,,,diff,a,True
AgCensus2015-16 T2-4 Odisha/All/number/SmallvsMedium,AgCensus2015-16,T2-4,Odisha,All,number,SmallvsMedium,landholding,small holdings,medium holdings,1,1,0,0,diff,a,,,,percent,SYNTHETIC,73.74,54.32,smoke-test fabrication; not a census value,SYNTHETIC_SMOKE_VALUE,,,,,,diff,a,True
AgCensus2015-16 T2-4 Odisha/All/number/SmallvsSemi-medium,AgCensus2015-16,T2-4,Odisha,All,number,SmallvsSemi-medium,landholding,small holdings,semi-medium holdings,1,0,0,1,diff,a,,,,percent,SYNTHETIC,47.73,26.02,smoke-test fabrication; not a census value,SYNTHETIC_SMOKE_VALUE,,,,,,diff,a,True
AgCensus2015-16 T2-4 Odisha/Marginal/number/SCvsOthers,AgCensus2015-16,T2-4,Odisha,Marginal,number,SCvsOthers,social_group,Scheduled Castes,Other social groups,1,0,0,1,diff,b,,,,percent,SYNTHETIC,27.9,54.14,smoke-test fabrication; not a census value,SYNTHETIC_SMOKE_VALUE,,,,,,diff,b,True
AgCensus2015-16 T2-4 Odisha/Marginal/number/STvsOthers,AgCensus2015-16,T2-4,Odisha,Marginal,number,STvsOthers,social_group,Scheduled Tribes,Other social groups,1,1,0,0,diff,b,,,,percent,SYNTHETIC,31.34,55.31,smoke-test fabrication; not a census value,SYNTHETIC_SMOKE_VALUE,,,,,,diff,b,True
AgCensus2015-16 T2-4 Odisha/Medium/number/SCvsOthers,AgCensus2015-16,T2-4,Odisha,Medium,number,SCvsOthers,social_group,Scheduled Castes,Other social groups,1,1,0,0,diff,b,,,,percent,SYNTHETIC,47.68,64.45,smoke-test fabrication; not a census value,SYNTHETIC_SMOKE_VALUE,,,,,,diff,b,True
AgCensus2015-16 T2-4 Odisha/Medium/number/SCvsST,AgCensus2015-16,T2-4,Odisha,Medium,number,SCvsST,social_group,Scheduled Castes,Scheduled Tribes,1,1,0,0,diff,b,,,,percent,SYNTHETIC,21.79,46.24,smoke-test fabrication; not a census value,SYNTHETIC_SMOKE_VALUE,,,,,,diff,b,True
AgCensus2015-16 T2-4 Odisha/Medium/number/STvsOthers,AgCensus2015-16,T2-4,Odisha,Medium,number,STvsOthers,social_group,Scheduled Tribes,Other social groups,1,0,0,1,diff,b,,,,percent,SYNTHETIC,30.86,60.56,smoke-test fabrication; not a census value,SYNTHETIC_SMOKE_VALUE,,,,,,diff,b,True
AgCensus2015-16 T2-4 Odisha/SC/number/MarginalvsLarge,AgCensus2015-16,T2-4,Odisha,SC,number,MarginalvsLarge,landholding,marginal holdings,large holdings,1,1,0,0,diff,a,,,,percent,SYNTHETIC,62.63,33.94,smoke-test fabrication; not a census value,SYNTHETIC_SMOKE_VALUE,,,,,,diff,a,True
AgCensus2015-16 T2-4 Odisha/SC/number/MarginalvsMedium,AgCensus2015-16,T2-4,Odisha,SC,number,MarginalvsMedium,landholding,marginal holdings,medium holdings,1,0,0,1,diff,a,,,,percent,SYNTHETIC,51.77,33.5,smoke-test fabrication; not a census value,SYNTHETIC_SMOKE_VALUE,,,,,,diff,a,True
AgCensus2015-16 T2-4 Odisha/SC/number/MarginalvsSmall,AgCensus2015-16,T2-4,Odisha,SC,number,MarginalvsSmall,landholding,marginal holdings,small holdings,1,1,0,0,diff,a,,,,percent,SYNTHETIC,58.9,48.41,smoke-test fabrication; not a census value,SYNTHETIC_SMOKE_VALUE,,,,,,diff,a,True
AgCensus2015-16 T2-4 Odisha/SC/number/SmallvsLarge,AgCensus2015-16,T2-4,Odisha,SC,number,SmallvsLarge,landholding,small holdings,large holdings,1,0,1,0,diff,a,,,,percent,SYNTHETIC,72.78,46.0,smoke-test fabrication; not a census value,SYNTHETIC_SMOKE_VALUE,,,,,,diff,a,True
AgCensus2015-16 T2-4 Odisha/SC/number/SmallvsMedium,AgCensus2015-16,T2-4,Odisha,SC,number,SmallvsMedium,landholding,small holdings,medium holdings,1,1,0,0,diff,a,,,,percent,SYNTHETIC,64.89,37.77,smoke-test fabrication; not a census value,SYNTHETIC_SMOKE_VALUE,,,,,,diff,a,True
AgCensus2015-16 T2-4 Odisha/ST/number/MarginalvsLarge,AgCensus2015-16,T2-4,Odisha,ST,number,MarginalvsLarge,landholding,marginal holdings,large holdings,1,1,0,0,diff,a,,,,percent,SYNTHETIC,80.23,51.57,smoke-test fabrication; not a census value,SYNTHETIC_SMOKE_VALUE,,,,,,diff,a,True
AgCensus2015-16 T2-4 Odisha/ST/number/MarginalvsMedium,AgCensus2015-16,T2-4,Odisha,ST,number,MarginalvsMedium,landholding,marginal holdings,medium holdings,1,0,0,1,diff,a,,,,percent,SYNTHETIC,55.05,29.01,smoke-test fabrication; not a census value,SYNTHETIC_SMOKE_VALUE,,,,,,diff,a,True
AgCensus2015-16 T2-4 Odisha/ST/number/MarginalvsSemi-medium,AgCensus2015-16,T2-4,Odisha,ST,number,MarginalvsSemi-medium,landholding,marginal holdings,semi-medium holdings,1,0,1,0,diff,a,,,,percent,SYNTHETIC,52.16,33.48,smoke-test fabrication; not a census value,SYNTHETIC_SMOKE_VALUE,,,,,,diff,a,True
AgCensus2015-16 T2-4 Odisha/ST/number/MarginalvsSmall,AgCensus2015-16,T2-4,Odisha,ST,number,MarginalvsSmall,landholding,marginal holdings,small holdings,1,0,0,1,diff,a,,,,percent,SYNTHETIC,70.28,59.98,smoke-test fabrication; not a census value,SYNTHETIC_SMOKE_VALUE,,,,,,diff,a,True
AgCensus2015-16 T2-4 Odisha/ST/number/SmallvsMedium,AgCensus2015-16,T2-4,Odisha,ST,number,SmallvsMedium,landholding,small holdings,medium holdings,1,1,0,0,diff,a,,,,percent,SYNTHETIC,53.34,39.99,smoke-test fabrication; not a census value,SYNTHETIC_SMOKE_VALUE,,,,,,diff,a,True
AgCensus2015-16 T2-4 Odisha/ST/number/SmallvsSemi-medium,AgCensus2015-16,T2-4,Odisha,ST,number,SmallvsSemi-medium,landholding,small holdings,semi-medium holdings,1,1,0,0,diff,a,,,,percent,SYNTHETIC,72.57,43.07,smoke-test fabrication; not a census value,SYNTHETIC_SMOKE_VALUE,,,,,,diff,a,True
AgCensus2015-16 T2-4 Odisha/Semi-medium/number/SCvsOthers,AgCensus2015-16,T2-4,Odisha,Semi-medium,number,SCvsOthers,social_group,Scheduled Castes,Other social groups,1,1,0,0,diff,b,,,,percent,SYNTHETIC,48.18,64.45,smoke-test fabrication; not a census value,SYNTHETIC_SMOKE_VALUE,,,,,,diff,b,True
AgCensus2015-16 T2-4 Odisha/Semi-medium/number/STvsOthers,AgCensus2015-16,T2-4,Odisha,Semi-medium,number,STvsOthers,social_group,Scheduled Tribes,Other social groups,1,1,0,0,diff,b,,,,percent,SYNTHETIC,52.32,64.53,smoke-test fabrication; not a census value,SYNTHETIC_SMOKE_VALUE,,,,,,diff,b,True
AgCensus2015-16 T2-4 Odisha/Small/number/SCvsOthers,AgCensus2015-16,T2-4,Odisha,Small,number,SCvsOthers,social_group,Scheduled Castes,Other social groups,1,0,0,1,diff,b,,,,percent,SYNTHETIC,20.94,37.5,smoke-test fabrication; not a census value,SYNTHETIC_SMOKE_VALUE,,,,,,diff,b,True
AgCensus2015-16 T2-4 Odisha/Small/number/SCvsST,AgCensus2015-16,T2-4,Odisha,Small,number,SCvsST,social_group,Scheduled Castes,Scheduled Tribes,1,0,1,0,diff,b,,,,percent,SYNTHETIC,28.01,38.38,smoke-test fabrication; not a census value,SYNTHETIC_SMOKE_VALUE,,,,,,diff,b,True
AgCensus2015-16 T2-4 Odisha/Small/number/STvsOthers,AgCensus2015-16,T2-4,Odisha,Small,number,STvsOthers,social_group,Scheduled Tribes,Other social groups,1,1,0,0,diff,b,,,,percent,SYNTHETIC,30.36,50.54,smoke-test fabrication; not a census value,SYNTHETIC_SMOKE_VALUE,,,,,,diff,b,True
AgCensus2015-16 T2-4 Puducherry/All Classes/number/SCvsOthers,AgCensus2015-16,T2-4,Puducherry,All Classes,number,SCvsOthers,social_group,Scheduled Castes,Other social groups,1,1,0,0,diff,b,,,,percent,SYNTHETIC,22.5,34.85,smoke-test fabrication; not a census value,SYNTHETIC_SMOKE_VALUE,,,,,,diff,b,True
AgCensus2015-16 T2-4 Puducherry/All Classes/number/STvsOthers,AgCensus2015-16,T2-4,Puducherry,All Classes,number,STvsOthers,social_group,Scheduled Tribes,Other social groups,1,0,0,1,diff,b,,,,percent,SYNTHETIC,58.37,78.11,smoke-test fabrication; not a census value,SYNTHETIC_SMOKE_VALUE,,,,,,diff,b,True
AgCensus2015-16 T2-4 Puducherry/All/area/Semi-mediumvsMedium,AgCensus2015-16,T2-4,Puducherry,All,area,Semi-mediumvsMedium,landholding,semi-medium operated area,medium operated area,4,4,0,0,equal,c,,,,percent,SYNTHETIC,57.95,60.03,smoke-test fabrication; not a census value,SYNTHETIC_SMOKE_VALUE,,,,,,equal,c,True
AgCensus2015-16 T2-4 Puducherry/All/area/SmallvsSemi-medium,AgCensus2015-16,T2-4,Puducherry,All,area,SmallvsSemi-medium,landholding,small operated area,semi-medium operated area,3,3,0,0,equal,c,,,,percent,SYNTHETIC,44.33,46.61,smoke-test fabrication; not a census value,SYNTHETIC_SMOKE_VALUE,,,,,,equal,c,True
AgCensus2015-16 T2-4 Puducherry/All/number/MarginalvsLarge,AgCensus2015-16,T2-4,Puducherry,All,number,MarginalvsLarge,landholding,marginal holdings,large holdings,1,1,0,0,diff,a,,,,percent,SYNTHETIC,73.97,45.29,smoke-test fabrication; not a census value,SYNTHETIC_SMOKE_VALUE,,,,,,diff,a,True
AgCensus2015-16 T2-4 Puducherry/All/number/MarginalvsSemi-medium,AgCensus2015-16,T2-4,Puducherry,All,number,MarginalvsSemi-medium,landholding,marginal holdings,semi-medium holdings,1,1,0,0,diff,a,,,,percent,SYNTHETIC,62.67,48.24,smoke-test fabrication; not a census value,SYNTHETIC_SMOKE_VALUE,,,,,,diff,a,True
AgCensus2015-16 T2-4 Puducherry/All/number/MarginalvsSmall,AgCensus2015-16,T2-4,Puducherry,All,number,MarginalvsSmall,landholding,marginal holdings,small holdings,1,1,0,0,diff,a,,,,percent,SYNTHETIC,84.01,57.36,smoke-test fabrication; not a census value,SYNTHETIC_SMOKE_VALUE,,,,,,diff,a,True
AgCensus2015-16 T2-4 Puducherry/All/number/SmallvsSemi-medium,AgCensus2015-16,T2-4,Puducherry,All,number,SmallvsSemi-medium,landholding,small holdings,semi-medium holdings,4,0,0,4,equal,c,,,,percent,SYNTHETIC,59.14,61.11,smoke-test fabrication; not a census value,SYNTHETIC_SMOKE_VALUE,,,,,,equal,c,True
AgCensus2015-16 T2-4 Puducherry/Marginal/number/SCvsOthers,AgCensus2015-16,T2-4,Puducherry,Marginal,number,SCvsOthers,social_group,Scheduled Castes,Other social groups,1,0,0,1,diff,b,,,,percent,SYNTHETIC,45.95,68.14,smoke-test fabrication; not a census value,SYNTHETIC_SMOKE_VALUE,,,,,,diff,b,True
AgCensus2015-16 T2-4 Puducherry/Marginal/number/STvsOthers,AgCensus2015-16,T2-4,Puducherry,Marginal,number,STvsOthers,social_group,Scheduled Tribes,Other social groups,1,1,0,0,diff,b,,,,percent,SYNTHETIC,51.02,67.66,smoke-test fabrication; not a census value,SYNTHETIC_SMOKE_VALUE,,,,,,diff,b,True
AgCensus2015-16 T2-4 Punjab/All Classes/number/SCvsOthers,AgCensus2015-16,T2-4,Punjab,All Classes,number,SCvsOthers,social_group,Scheduled Castes,Other social groups,1,0,1,0,diff,b,,,,percent,SYNTHETIC,43.28,62.35,smoke-test fabrication; not a census value,SYNTHETIC_SMOKE_VALUE,,,,,,diff,b,True
AgCensus2015-16 T2-4 Punjab/All Classes/number/STvsOthers,AgCensus2015-16,T2-4,Punjab,All Classes,number,STvsOthers,social_group,Scheduled Tribes,Other social groups,1,1,0,0,diff,b,,,,percent,SYNTHETIC,52.88,80.67,smoke-test fabrication; not a census value,SYNTHETIC_SMOKE_VALUE,,,,,,diff,b,True
AgCensus2015-16 T2-4 Punjab/All/area/MarginalvsSmall,AgCensus2015-16,T2-4,Punjab,All,area,MarginalvsSmall,landholding,marginal operated area,small operated area,4,4,0,0,equal,c,,,,percent,SYNTHETIC,34.92,39.05,smoke-test fabrication; not a census value,SYNTHETIC_SMOKE_VALUE,,,,,,equal,c,True
AgCensus2015-16 T2-4 Punjab/All/area/Semi-mediumvsLarge,AgCensus2015-16,T2-4,Punjab,All,area,Semi-mediumvsLarge,landholding,semi-medium operated area,large operated area,4,4,0,0,equal,c,,,,percent,SYNTHETIC,38.93,39.4,smoke-test fabrication; not a census value,SYNTHETIC_SMOKE_VALUE,,,,,,equal,c,True
AgCensus2015-16 T2-4 Punjab/All/number/MarginalvsMedium,AgCensus2015-16,T2-4,Punjab,All,number,MarginalvsMedium,landholding,marginal holdings,medium holdings,1,1,0,0,diff,b,,,,percent,SYNTHETIC,20.04,46.29,smoke-test fabrication; not a census value,SYNTHETIC_SMOKE_VALUE,,,,,,diff,b,True
AgCensus2015-16 T2-4 Punjab/All/number/MarginalvsSemi-medium,AgCensus2015-16,T2-4,Punjab,All,number,MarginalvsSemi-medium,landholding,marginal holdings,semi-medium holdings,1,1,0,0,diff,b,,,,percent,SYNTHETIC,30.15,53.83,smoke-test fabrication; not a census value,SYNTHETIC_SMOKE_VALUE,,,,,,diff,b,True
AgCensus2015-16 T2-4 Punjab/All/number/MarginalvsSmall,AgCensus2015-16,T2-4,Punjab,All,number,MarginalvsSmall,landholding,marginal holdings,small holdings,4,4,0,0,equal,c,,,,percent,SYNTHETIC,58.51,59.16,smoke-test fabrication; not a census value,SYNTHETIC_SMOKE_VALUE,,,,,,equal,c,True
AgCensus2015-16 T2-4 Punjab/All/number/MediumvsLarge,AgCensus2015-16,T2-4,Punjab,All,number,MediumvsLarge,landholding,medium holdings,large holdings,1,0,0,1,diff,a,,,,percent,SYNTHETIC,58.71,32.99,smoke-test fabrication; not a census value,SYNTHETIC_SMOKE_VALUE,,,,,,diff,a,True
AgCensus2015-16 T2-4 Punjab/All/number/Semi-mediumvsLarge,AgCensus2015-16,T2-4,Punjab,All,number,Semi-mediumvsLarge,landholding,semi-medium holdings,large holdings,1,0,0,1,diff,a,,,,percent,SYNTHETIC,76.53,47.18,smoke-test fabrication; not a census value,SYNTHETIC_SMOKE_VALUE,,,,,,diff,a,True
AgCensus2015-16 T2-4 Punjab/All/number/SmallvsLarge,AgCensus2015-16,T2-4,Punjab,All,number,SmallvsLarge,landholding,small holdings,large holdings,1,0,0,1,diff,a,,,,percent,SYNTHETIC,61.06,41.5,smoke-test fabrication; not a census value,SYNTHETIC_SMOKE_VALUE,,,,,,diff,a,True
AgCensus2015-16 T2-4 Punjab/All/number/SmallvsSemi-medium,AgCensus2015-16,T2-4,Punjab,All,number,SmallvsSemi-medium,landholding,small holdings,semi-medium holdings,1,0,0,1,diff,b,,,,percent,SYNTHETIC,54.42,65.53,smoke-test fabrication; not a census value,SYNTHETIC_SMOKE_VALUE,,,,,,diff,b,True
AgCensus2015-16 T2-4 Punjab/Large/number/SCvsOthers,AgCensus2015-16,T2-4,Punjab,Large,number,SCvsOthers,social_group,Scheduled Castes,Other social groups,1,1,0,0,diff,b,,,,percent,SYNTHETIC,20.07,46.46,smoke-test fabrication; not a census value,SYNTHETIC_SMOKE_VALUE,,,,,,diff,b,True
AgCensus2015-16 T2-4 Punjab/Large/number/STvsOthers,AgCensus2015-16,T2-4,Punjab,Large,number,STvsOthers,social_group,Scheduled Tribes,Other social groups,1,1,0,0,diff,b,,,,percent,SYNTHETIC,25.1,46.38,smoke-test fabrication; not a census value,SYNTHETIC_SMOKE_VALUE,,,,,,diff,b,True
AgCensus2015-16 T2-4 Punjab/Marginal/number/SCvsOthers,AgCensus2015-16,T2-4,Punjab,Marginal,number,SCvsOthers,social_group,Scheduled Castes,Other social groups,1,0,0,1,diff,b,,,,percent,SYNTHETIC,28.71,42.66,smoke-test fabrication; not a census value,SYNTHETIC_SMOKE_VALUE,,,,,,diff,b,True
AgCensus2015-16 T2-4 Punjab/Marginal/number/SCvsST,AgCensus2015-16,T2-4,Punjab,Marginal,number,SCvsST,social_group,Scheduled Castes,Scheduled Tribes,1,1,0,0,diff,a,,,,percent,SYNTHETIC,57.51,39.81,smoke-test fabrication; not a census value,SYNTHETIC_SMOKE_VALUE,,,,,,diff,a,True
AgCensus2015-16 T2-4 Punjab/Marginal/number/STvsOthers,AgCensus2015-16,T2-4,Punjab,Marginal,number,STvsOthers,social_group,Scheduled Tribes,Other social groups,1,1,0,0,diff,b,,,,percent,SYNTHETIC,38.2,53.41,smoke-test fabrication; not a census value,SYNTHETIC_SMOKE_VALUE,,,,,,diff,b,True
AgCensus2015-16 T2-4 Punjab/Medium/number/SCvsOthers,AgCensus2015-16,T2-4,Punjab,Medium,number,SCvsOthers,social_group,Scheduled Castes,Other social groups,1,1,0,0,diff,b,,,,percent,SYNTHETIC,21.46,41.37,smoke-test fabrication; not a census value,SYNTHETIC_SMOKE_VALUE,,,,,,diff,b,True
AgCensus2015-16 T2-4 Punjab/Medium/number/STvsOthers,AgCensus2015-16,T2-4,Punjab,Medium,number,STvsOthers,social_group,Scheduled Tribes,Other social groups,1,0,0,1,diff,b,,,,percent,SYNTHETIC,33.22,53.24,smoke-test fabrication; not a census value,SYNTHETIC_SMOKE_VALUE,,,,,,diff,b,True
AgCensus2015-16 T2-4 Punjab/SC/area/MarginalvsSmall,AgCensus2015-16,T2-4,Punjab,SC,area,MarginalvsSmall,landholding,marginal operated area,small operated area,1,1,0,0,equal,c,,,,percent,SYNTHETIC,38.73,42.63,smoke-test fabrication; not a census value,SYNTHETIC_SMOKE_VALUE,,,,,,equal,c,True
AgCensus2015-16 T2-4 Punjab/SC/area/SmallvsLarge,AgCensus2015-16,T2-4,Punjab,SC,area,SmallvsLarge,landholding,small operated area,large operated area,2,0,0,2,equal,c,,,,percent,SYNTHETIC,32.76,34.78,smoke-test fabrication; not a census value,SYNTHETIC_SMOKE_VALUE,,,,,,equal,c,True
AgCensus2015-16 T2-4 Punjab/SC/number/MarginalvsLarge,AgCensus2015-16,T2-4,Punjab,SC,number,MarginalvsLarge,landholding,marginal holdings,large holdings,1,1,0,0,diff,a,,,,percent,SYNTHETIC,54.08,31.68,smoke-test fabrication; not a census value,SYNTHETIC_SMOKE_VALUE,,,,,,diff,a,True
AgCensus2015-16 T2-4 Punjab/SC/number/MarginalvsMedium,AgCensus2015-16,T2-4,Punjab,SC,number,MarginalvsMedium,landholding,marginal holdings,medium holdings,1,0,0,1,diff,a,,,,percent,SYNTHETIC,55.17,32.7,smoke-test fabrication; not a census value,SYNTHETIC_SMOKE_VALUE,,,,,,diff,a,True
AgCensus2015-16 T2-4 Punjab/SC/number/MarginalvsSemi-medium,AgCensus2015-16,T2-4,Punjab,SC,number,MarginalvsSemi-medium,landholding,marginal holdings,semi-medium holdings,1,0,0,1,diff,a,,,,percent,SYNTHETIC,72.54,51.19,smoke-test fabrication; not a census value,SYNTHETIC_SMOKE_VALUE,,,,,,diff,a,True
AgCensus2015-16 T2-4 Punjab/SC/number/MediumvsLarge,AgCensus2015-16,T2-4,Punjab,SC,number,MediumvsLarge,landholding,medium holdings,large holdings,1,1,0,0,diff,a,,,,percent,SYNTHETIC,83.14,57.43,smoke-test fabrication; not a census value,SYNTHETIC_SMOKE_VALUE,,,,,,diff,a,True
AgCensus2015-16 T2-4 Punjab/SC/number/Semi-mediumvsLarge,AgCensus2015-16,T2-4,Punjab,SC,number,Semi-mediumvsLarge,landholding,semi-medium holdings,large holdings,1,0,0,1,diff,a,,,,percent,SYNTHETIC,59.98,30.84,smoke-test fabrication; not a census value,SYNTHETIC_SMOKE_VALUE,,,,,,diff,a,True
AgCensus2015-16 T2-4 Punjab/SC/number/Semi-mediumvsMedium,AgCensus2015-16,T2-4,Punjab,SC,number,Semi-mediumvsMedium,landholding,semi-medium holdings,medium holdings,1,0,0,1,diff,a,,,,percent,SYNTHETIC,77.84,49.48,smoke-test fabrication; not a census value,SYNTHETIC_SMOKE_VALUE,,,,,,diff,a,True
AgCensus2015-16 T2-4 Punjab/SC/number/SmallvsLarge,AgCensus2015-16,T2-4,Punjab,SC,number,SmallvsLarge,landholding,small holdings,large holdings,1,1,0,0,diff,a,,,,percent,SYNTHETIC,62.54,41.94,smoke-test fabrication; not a census value,SYNTHETIC_SMOKE_VALUE,,,,,,diff,a,True
AgCensus2015-16 T2-4 Punjab/SC/number/SmallvsSemi-medium,AgCensus2015-16,T2-4,Punjab,SC,number,SmallvsSemi-medium,landholding,small holdings,semi-medium holdings,4,0,0,4,equal,c,,,,percent,SYNTHETIC,41.79,46.06,smoke-test fabrication; not a census value,SYNTHETIC_SMOKE_VALUE,,,,,,equal,c,True
AgCensus2015-16 T2-4 Punjab/Semi-medium/number/SCvsOthers,AgCensus2015-16,T2-4,Punjab,Semi-medium,number,SCvsOthers,social_group,Scheduled Castes,Other social groups,1,1,0,0,diff,b,,,,percent,SYNTHETIC,32.21,44.45,smoke-test fabrication; not a census value,SYNTHETIC_SMOKE_VALUE,,,,,,diff,b,True
AgCensus2015-16 T2-4 Punjab/Semi-medium/number/STvsOthers,AgCensus2015-16,T2-4,Punjab,Semi-medium,number,STvsOthers,social_group,Scheduled Tribes,Other social groups,1,1,0,0,diff,b,,,,percent,SYNTHETIC,53.63,64.91,smoke-test fabrication; not a census value,SYNTHETIC_SMOKE_VALUE,,,,,,diff,b,True
AgCensus2015-16 T2-4 Punjab/Small/number/SCvsOthers,AgCensus2015-16,T2-4,Punjab,Small,number,SCvsOthers,social_group,Scheduled Castes,Other social groups,1,0,0,1,diff,b,,,,percent,SYNTHETIC,20.4,38.15,smoke-test fabrication; not a census value,SYNTHETIC_SMOKE_VALUE,,,,,,diff,b,True
AgCensus2015-16 T2-4 Punjab/Small/number/STvsOthers,AgCensus2015-16,T2-4,Punjab,Small,number,STvsOthers,social_group,Scheduled Tribes,Other social groups,1,1,0,0,diff,b,,,,percent,SYNTHETIC,53.71,67.55,smoke-test fabrication; not a census value,SYNTHETIC_SMOKE_VALUE,,,,,,diff,b,True
AgCensus2015-16 T2-4 Rajasthan/All Classes/area/SCvsST,AgCensus2015-16,T2-4,Rajasthan,All Classes,area,SCvsST,social_group,Scheduled Castes,Scheduled Tribes,8,8,0,0,equal,c,,,,percent,SYNTHETIC,44.99,46.93,smoke-test fabrication; not a census value,SYNTHETIC_SMOKE_VALUE,,,,,,equal,c,True
AgCensus2015-16 T2-4 Rajasthan/All Classes/number/SCvsOthers,AgCensus2015-16,T2-4,Rajasthan,All Classes,number,SCvsOthers,social_group,Scheduled Castes,Other social groups,1,1,0,0,diff,b,,,,percent,SYNTHETIC,24.42,38.31,smoke-test fabrication; not a census value,SYNTHETIC_SMOKE_VALUE,,,,,,diff,b,True
AgCensus2015-16 T2-4 Rajasthan/All Classes/number/SCvsST,AgCensus2015-16,T2-4,Rajasthan,All Classes,number,SCvsST,social_group,Scheduled Castes,Scheduled Tribes,8,8,0,0,equal,c,,,,percent,SYNTHETIC,56.61,58.87,smoke-test fabrication; not a census value,SYNTHETIC_SMOKE_VALUE,,,,,,equal,c,True
AgCensus2015-16 T2-4 Rajasthan/All Classes/number/STvsOthers,AgCensus2015-16,T2-4,Rajasthan,All Classes,number,STvsOthers,social_group,Scheduled Tribes,Other social groups,1,1,0,0,diff,b,,,,percent,SYNTHETIC,33.71,51.11,smoke-test fabrication; not a census value,SYNTHETIC_SMOKE_VALUE,,,,,,diff,b,True
AgCensus2015-16 T2-4 Rajasthan/All/area/MarginalvsSmall,AgCensus2015-16,T2-4,Rajasthan,All,area,MarginalvsSmall,landholding,marginal operated area,small operated area,3,3,0,0,equal,c,,,,percent,SYNTHETIC,54.36,55.11,smoke-test fabrication; not a census value,SYNTHETIC_SMOKE_VALUE,,,,,,equal,c,True
AgCensus2015-16 T2-4 Rajasthan/All/area/MediumvsLarge,AgCensus2015-16,T2-4,Rajasthan,All,area,MediumvsLarge,landholding,medium operated area,large operated area,3,3,0,0,equal,c,,,,percent,SYNTHETIC,22.26,26.65,smoke-test fabrication; not a census value,SYNTHETIC_SMOKE_VALUE,,,,,,equal,c,True
AgCensus2015-16 T2-4 Rajasthan/All/number/MarginalvsLarge,AgCensus2015-16,T2-4,Rajasthan,All,number,MarginalvsLarge,landholding,marginal holdings,large holdings,1,0,1,0,diff,a,,,,percent,SYNTHETIC,49.41,31.6,smoke-test fabrication; not a census value,SYNTHETIC_SMOKE_VALUE,,,,,,diff,a,True
AgCensus2015-16 T2-4 Rajasthan/All/number/MarginalvsMedium,AgCensus2015-16,T2-4,Rajasthan,All,number,MarginalvsMedium,landholding,marginal holdings,medium holdings,1,1,0,0,diff,a,,,,percent,SYNTHETIC,65.85,42.76,smoke-test fabrication; not a census value,SYNTHETIC_SMOKE_VALUE,,,,,,diff,a,True
AgCensus2015-16 T2-4 Rajasthan/All/number/MarginalvsSemi-medium,AgCensus2015-16,T2-4,Rajasthan,All,number,MarginalvsSemi-medium,landholding,marginal holdings,semi-medium holdings,1,0,0,1,diff,a,,,,percent,SYNTHETIC,49.27,35.76,smoke-test fabrication; not a census value,SYNTHETIC_SMOKE_VALUE,,,,,,diff,a,True
AgCensus2015-16 T2-4 Rajasthan/All/number/MarginalvsSmall,AgCensus2015-16,T2-4,Rajasthan,All,number,MarginalvsSmall,landholding,marginal holdings,small holdings,1,1,0,0,diff,a,,,,percent,SYNTHETIC,80.33,58.14,smoke-test fabrication; not a census value,SYNTHETIC_SMOKE_VALUE,,,,,,diff,a,True
AgCensus2015-16 T2-4 Rajasthan/All/number/MediumvsLarge,AgCensus2015-16,T2-4,Rajasthan,All,number,MediumvsLarge,landholding,medium holdings,large holdings,1,0,0,1,diff,a,,,,percent,SYNTHETIC,49.03,31.31,smoke-test fabrication; not a census value,SYNTHETIC_SMOKE_VALUE,,,,,,diff,a,True
AgCensus2015-16 T2-4 Rajasthan/All/number/Semi-mediumvsLarge,AgCensus2015-16,T2-4,Rajasthan,All,number,Semi-mediumvsLarge,landholding,semi-medium holdings,large holdings,1,0,0,1,diff,a,,,,percent,SYNTHETIC,63.67,51.55,smoke-test fabrication; not a census value,SYNTHETIC_SMOKE_VALUE,,,,,,diff,a,True
AgCensus2015-16 T2-4 Rajasthan/All/number/Semi-mediumvsMedium,AgCensus2015-16,T2-4,Rajasthan,All,number,Semi-mediumvsMedium,landholding,semi-medium holdings,medium holdings,3,0,0,3,equal,c,,,,percent,SYNTHETIC,59.64,63.57,smoke-test fabrication; not a census value,SYNTHETIC_SMOKE_VALUE,,,,,,equal,c,True
AgCensus2015-16 T2-4 Rajasthan/All/number/SmallvsSemi-medium,AgCensus2015-16,T2-4,Rajasthan,All,number,SmallvsSemi-medium,landholding,small holdings,semi-medium holdings,3,0,0,3,equal,c,,,,percent,SYNTHETIC,31.44,32.09,smoke-test fabrication; not a census value,SYNTHETIC_SMOKE_VALUE,,,,,,equal,c,True
AgCensus2015-16 T2-4 Rajasthan/Large/number/SCvsOthers,AgCensus2015-16,T2-4,Rajasthan,Large,number,SCvsOthers,social_group,Scheduled Castes,Other social groups,1,1,0,0,diff,b,,,,percent,SYNTHETIC,56.08,84.51,smoke-test fabrication; not a census value,SYNTHETIC_SMOKE_VALUE,,,,,,diff,b,True
AgCensus2015-16 T2-4 Rajasthan/Large/number/STvsOthers,AgCensus2015-16,T2-4,Rajasthan,Large,number,STvsOthers,social_group,Scheduled Tribes,Other social groups,1,1,0,0,diff,b,,,,percent,SYNTHETIC,38.02,48.71,smoke-test fabrication; not a census value,SYNTHETIC_SMOKE_VALUE,,,,,,diff,b,True
AgCensus2015-16 T2-4 Rajasthan/Marginal/number/STvsOthers,AgCensus2015-16,T2-4,Rajasthan,Marginal,number,STvsOthers,social_group,Scheduled Tribes,Other social groups,1,1,0,0,diff,b,,,,percent,SYNTHETIC,40.93,66.76,smoke-test fabrication; not a census value,SYNTHETIC_SMOKE_VALUE,,,,,,diff,b,True
AgCensus2015-16 T2-4 Rajasthan/Medium/number/SCvsOthers,AgCensus2015-16,T2-4,Rajasthan,Medium,number,SCvsOthers,social_group,Scheduled Castes,Other social groups,1,1,0,0,diff,b,,,,percent,SYNTHETIC,39.65,67.14,smoke-test fabrication; not a census value,SYNTHETIC_SMOKE_VALUE,,,,,,diff,b,True
AgCensus2015-16 T2-4 Rajasthan/Medium/number/STvsOthers,AgCensus2015-16,T2-4,Rajasthan,Medium,number,STvsOthers,social_group,Scheduled Tribes,Other social groups,1,0,0,1,diff,b,,,,percent,SYNTHETIC,22.87,46.23,smoke-test fabrication; not a census value,SYNTHETIC_SMOKE_VALUE,,,,,,diff,b,True
AgCensus2015-16 T2-4 Rajasthan/SC/area/MarginalvsSmall,AgCensus2015-16,T2-4,Rajasthan,SC,area,MarginalvsSmall,landholding,marginal operated area,small operated area,4,4,0,0,equal,c,,,,percent,SYNTHETIC,40.52,41.22,smoke-test fabrication; not a census value,SYNTHETIC_SMOKE_VALUE,,,,,,equal,c,True
AgCensus2015-16 T2-4 Rajasthan/SC/area/Semi-mediumvsLarge,AgCensus2015-16,T2-4,Rajasthan,SC,area,Semi-mediumvsLarge,landholding,semi-medium operated area,large operated area,4,4,0,0,equal,c,,,,percent,SYNTHETIC,36.95,38.51,smoke-test fabrication; not a census value,SYNTHETIC_SMOKE_VALUE,,,,,,equal,c,True
AgCensus2015-16 T2-4 Rajasthan/SC/number/MarginalvsLarge,AgCensus2015-16,T2-4,Rajasthan,SC,number,MarginalvsLarge,landholding,marginal holdings,large holdings,1,0,0,1,diff,a,,,,percent,SYNTHETIC,52.02,35.24,smoke-test fabrication; not a census value,SYNTHETIC_SMOKE_VALUE,,,,,,diff,a,True
AgCensus2015-16 T2-4 Rajasthan/SC/number/MarginalvsMedium,AgCensus2015-16,T2-4,Rajasthan,SC,number,MarginalvsMedium,landholding,marginal holdings,medium holdings,1,0,0,1,diff,a,,,,percent,SYNTHETIC,55.63,27.73,smoke-test fabrication; not a census value,SYNTHETIC_SMOKE_VALUE,,,,,,diff,a,True
AgCensus2015-16 T2-4 Rajasthan/SC/number/MarginalvsSemi-medium,AgCensus2015-16,T2-4,Rajasthan,SC,number,MarginalvsSemi-medium,landholding,marginal holdings,semi-medium holdings,1,0,0,1,diff,a,,,,percent,SYNTHETIC,78.85,49.97,smoke-test fabrication; not a census value,SYNTHETIC_SMOKE_VALUE,,,,,,diff,a,True
AgCensus2015-16 T2-4 Rajasthan/SC/number/Semi-mediumvsMedium,AgCensus2015-16,T2-4,Rajasthan,SC,number,Semi-mediumvsMedium,landholding,semi-medium holdings,medium holdings,2,0,0,2,equal,c,,,,percent,SYNTHETIC,59.36,61.41,smoke-test fabrication; not a census value,SYNTHETIC_SMOKE_VALUE,,,,,,equal,c,True
AgCensus2015-16 T2-4 Rajasthan/SC/number/SmallvsLarge,AgCensus2015-16,T2-4,Rajasthan,SC,number,SmallvsLarge,landholding,small holdings,large holdings,1,1,0,0,diff,a,,,,percent,SYNTHETIC,66.58,47.71,smoke-test fabrication; not a census value,SYNTHETIC_SMOKE_VALUE,,,,,,diff,a,True
AgCensus2015-16 T2-4 Rajasthan/SC/number/SmallvsMedium,AgCensus2015-16,T2-4,Rajasthan,SC,number,SmallvsMedium,landholding,small holdings,medium holdings,1,1,0,0,diff,a,,,,percent,SYNTHETIC,68.44,53.83,smoke-test fabrication; not a census value,SYNTHETIC_SMOKE_VALUE,,,,,,diff,a,True
AgCensus2015-16 T2-4 Rajasthan/ST/area/MarginalvsSmall,AgCensus2015-16,T2-4,Rajasthan,ST,area,MarginalvsSmall,landholding,marginal operated area,small operated area,1,1,0,0,equal,c,,,,percent,SYNTHETIC,58.65,60.36,smoke-test fabrication; not a census value,SYNTHETIC_SMOKE_VALUE,,,,,,equal,c,True
AgCensus2015-16 T2-4 Rajasthan/ST/area/SmallvsMedium,AgCensus2015-16,T2-4,Rajasthan,ST,area,SmallvsMedium,landholding,small operated area,medium operated area,1,1,0,0,equal,c,,,,percent,SYNTHETIC,23.82,28.43,smoke-test fabrication; not a census value,SYNTHETIC_SMOKE_VALUE,,,,,,equal,c,True
AgCensus2015-16 T2-4 Rajasthan/ST/area/SmallvsSemi-medium,AgCensus2015-16,T2-4,Rajasthan,ST,area,SmallvsSemi-medium,landholding,small operated area,semi-medium operated area,1,1,0,0,equal,c,,,,percent,SYNTHETIC,39.32,41.94,smoke-test fabrication; not a census value,SYNTHETIC_SMOKE_VALUE,,,,,,equal,c,True
AgCensus2015-16 T2-4 Rajasthan/ST/number/MarginalvsMedium,AgCensus2015-16,T2-4,Rajasthan,ST,number,MarginalvsMedium,landholding,marginal holdings,medium holdings,1,1,0,0,diff,a,,,,percent,SYNTHETIC,63.64,40.05,smoke-test fabrication; not a census value,SYNTHETIC_SMOKE_VALUE,,,,,,diff,a,True
AgCensus2015-16 T2-4 Rajasthan/ST/number/MarginalvsSemi-medium,AgCensus2015-16,T2-4,Rajasthan,ST,number,MarginalvsSemi-medium,landholding,marginal holdings,semi-medium holdings,1,1,0,0,diff,a,,,,percent,SYNTHETIC,73.19,53.25,smoke-test fabrication; not a census value,SYNTHETIC_SMOKE_VALUE,,,,,,diff,a,True
AgCensus2015-16 T2-4 Rajasthan/ST/number/MarginalvsSmall,AgCensus2015-16,T2-4,Rajasthan,ST,number,MarginalvsSmall,landholding,marginal holdings,small holdings,1,1,0,0,diff,a,,,,percent,SYNTHETIC,73.43,45.88,smoke-test fabrication; not a census value,SYNTHETIC_SMOKE_VALUE,,,,,,diff,a,True
AgCensus2015-16 T2-4 Rajasthan/ST/number/Semi-mediumvsLarge,AgCensus2015-16,T2-4,Rajasthan,ST,number,Semi-mediumvsLarge,landholding,semi-medium holdings,large holdings,1,1,0,0,diff,a,,,,percent,SYNTHETIC,52.27,39.83,smoke-test fabrication; not a census value,SYNTHETIC_SMOKE_VALUE,,,,,,diff,a,True
AgCensus2015-16 T2-4 Rajasthan/ST/number/SmallvsLarge,AgCensus2015-16,T2-4,Rajasthan,ST,number,SmallvsLarge,landholding,small holdings,large holdings,1,0,0,1,diff,a,,,,percent,SYNTHETIC,62.65,40.58,smoke-test fabrication; not a census value,SYNTHETIC_SMOKE_VALUE,,,,,,diff,a,True
AgCensus2015-16 T2-4 Rajasthan/Semi-medium/area/SCvsST,AgCensus2015-16,T2-4,Rajasthan,Semi-medium,area,SCvsST,social_group,Scheduled Castes,Scheduled Tribes,8,0,0,8,equal,c,,,,percent,SYNTHETIC,46.53,49.64,smoke-test fabrication; not a census value,SYNTHETIC_SMOKE_VALUE,,,,,,equal,c,True
AgCensus2015-16 T2-4 Rajasthan/Semi-medium/number/SCvsOthers,AgCensus2015-16,T2-4,Rajasthan,Semi-medium,number,SCvsOthers,social_group,Scheduled Castes,Other social groups,1,1,0,0,diff,b,,,,percent,SYNTHETIC,27.51,57.51,smoke-test fabrication; not a census value,SYNTHETIC_SMOKE_VALUE,,,,,,diff,b,True
AgCensus2015-16 T2-4 Rajasthan/Semi-medium/number/SCvsST,AgCensus2015-16,T2-4,Rajasthan,Semi-medium,number,SCvsST,social_group,Scheduled Castes,Scheduled Tribes,8,0,0,8,equal,c,,,,percent,SYNTHETIC,57.93,58.48,smoke-test fabrication; not a census value,SYNTHETIC_SMOKE_VALUE,,,,,,equal,c,True
AgCensus2015-16 T2-4 Rajasthan/Semi-medium/number/STvsOthers,AgCensus2015-16,T2-4,Rajasthan,Semi-medium,number,STvsOthers,social_group,Scheduled Tribes,Other social groups,1,0,1,0,diff,b,,,,percent,SYNTHETIC,36.52,49.04,smoke-test fabrication; not a census value,SYNTHETIC_SMOKE_VALUE,,,,,,diff,b,True
AgCensus2015-16 T2-4 Rajasthan/Small/area/SCvsST,AgCensus2015-16,T2-4,Rajasthan,Small,area,SCvsST,social_group,Scheduled Castes,Scheduled Tribes,8,0,0,8,equal,c,,,,percent,SYNTHETIC,51.77,54.61,smoke-test fabrication; not a census value,SYNTHETIC_SMOKE_VALUE,,,,,,equal,c,True
AgCensus2015-16 T2-4 Rajasthan/Small/number/SCvsOthers,AgCensus2015-16,T2-4,Rajasthan,Small,number,SCvsOthers,social_group,Scheduled Castes,Other social groups,1,0,0,1,diff,b,,,,percent,SYNTHETIC,22.64,50.43,smoke-test fabrication; not a census value,SYNTHETIC_SMOKE_VALUE,,,,,,diff,b,True
AgCensus2015-16 T2-4 Rajasthan/Small/number/SCvsST,AgCensus2015-16,T2-4,Rajasthan,Small,number,SCvsST,social_group,Scheduled Castes,Scheduled Tribes,7,7,0,0,equal,c,,,,percent,SYNTHETIC,29.1,29.29,smoke-test fabrication; not a census value,SYNTHETIC_SMOKE_VALUE,,,,,,equal,c,True
AgCensus2015-16 T2-4 Rajasthan/Small/number/STvsOthers,AgCensus2015-16,T2-4,Rajasthan,Small,number,STvsOthers,social_group,Scheduled Tribes,Other social groups,1,0,0,1,diff,b,,,,percent,SYNTHETIC,33.1,52.22,smoke-test fabrication; not a census value,SYNTHETIC_SMOKE_VALUE,,,,,,diff,b,True
AgCensus2015-16 T2-4 Sikkim/All Classes/number/SCvsOthers,AgCensus2015-16,T2-4,Sikkim,All Classes,number,SCvsOthers,social_group,Scheduled Castes,Other social groups,1,1,0,0,diff,b,,,,percent,SYNTHETIC,53.13,70.19,smoke-test fabrication; not a census value,SYNTHETIC_SMOKE_VALUE,,,,,,diff,b,True
AgCensus2015-16 T2-4 Sikkim/All Classes/number/SCvsST,AgCensus2015-16,T2-4,Sikkim,All Classes,number,SCvsST,social_group,Scheduled Castes,Scheduled Tribes,1,1,0,0,diff,b,,,,percent,SYNTHETIC,21.35,44.44,smoke-test fabrication; not a census value,SYNTHETIC_SMOKE_VALUE,,,,,,diff,b,True
AgCensus2015-16 T2-4 Sikkim/All/area/MarginalvsMedium,AgCensus2015-16,T2-4,Sikkim,All,area,MarginalvsMedium,landholding,marginal operated area,medium operated area,4,0,0,4,equal,c,,,,percent,SYNTHETIC,35.25,35.72,smoke-test fabrication; not a census value,SYNTHETIC_SMOKE_VALUE,,,,,,equal,c,True
AgCensus2015-16 T2-4 Sikkim/All/area/MarginalvsSmall,AgCensus2015-16,T2-4,Sikkim,All,area,MarginalvsSmall,landholding,marginal operated area,small operated area,4,4,0,0,equal,c,,,,percent,SYNTHETIC,24.85,27.35,smoke-test fabrication; not a census value,SYNTHETIC_SMOKE_VALUE,,,,,,equal,c,True
AgCensus2015-16 T2-4 Sikkim/All/area/SmallvsMedium,AgCensus2015-16,T2-4,Sikkim,All,area,SmallvsMedium,landholding,small operated area,medium operated area,4,0,0,4,equal,c,,,,percent,SYNTHETIC,47.83,52.04,smoke-test fabrication; not a census value,SYNTHETIC_SMOKE_VALUE,,,,,,equal,c,True
AgCensus2015-16 T2-4 Sikkim/All/number/MarginalvsLarge,AgCensus2015-16,T2-4,Sikkim,All,number,MarginalvsLarge,landholding,marginal holdings,large holdings,1,1,0,0,diff,a,,,,percent,SYNTHETIC,56.44,43.15,smoke-test fabrication; not a census value,SYNTHETIC_SMOKE_VALUE,,,,,,diff,a,True
AgCensus2015-16 T2-4 Sikkim/All/number/MarginalvsMedium,AgCensus2015-16,T2-4,Sikkim,All,number,MarginalvsMedium,landholding,marginal holdings,medium holdings,1,1,0,0,diff,a,,,,percent,SYNTHETIC,69.69,45.25,smoke-test fabrication; not a census value,SYNTHETIC_SMOKE_VALUE,,,,,,diff,a,True
AgCensus2015-16 T2-4 Sikkim/All/number/MarginalvsSemi-medium,AgCensus2015-16,T2-4,Sikkim,All,number,MarginalvsSemi-medium,landholding,marginal holdings,semi-medium holdings,1,1,0,0,diff,a,,,,percent,SYNTHETIC,61.71,40.29,smoke-test fabrication; not a census value,SYNTHETIC_SMOKE_VALUE,,,,,,diff,a,True
AgCensus2015-16 T2-4 Sikkim/All/number/MarginalvsSmall,AgCensus2015-16,T2-4,Sikkim,All,number,MarginalvsSmall,landholding,marginal holdings,small holdings,1,1,0,0,diff,a,,,,percent,SYNTHETIC,44.89,28.21,smoke-test fabrication; not a census value,SYNTHETIC_SMOKE_VALUE,,,,,,diff,a,True
AgCensus2015-16 T2-4 Sikkim/All/number/Semi-mediumvsLarge,AgCensus2015-16,T2-4,Sikkim,All,number,Semi-mediumvsLarge,landholding,semi-medium holdings,large holdings,1,0,0,1,diff,a,,,,percent,SYNTHETIC,77.91,49.51,smoke-test fabrication; not a census value,SYNTHETIC_SMOKE_VALUE,,,,,,diff,a,True
AgCensus2015-16 T2-4 Sikkim/All/number/SmallvsLarge,AgCensus2015-16,T2-4,Sikkim,All,number,SmallvsLarge,landholding,small holdings,large holdings,1,1,0,0,diff,a,,,,percent,SYNTHETIC,67.69,43.0,smoke-test fabrication; not a census value,SYNTHETIC_SMOKE_VALUE,,,,,,diff,a,True
AgCensus2015-16 T2-4 Sikkim/All/number/SmallvsMedium,AgCensus2015-16,T2-4,Sikkim,All,number,SmallvsMedium,landholding,small holdings,medium holdings,1,1,0,0,diff,a,,,,percent,SYNTHETIC,48.55,29.03,smoke-test fabrication; not a census value,SYNTHETIC_SMOKE_VALUE,,,,,,diff,a,True
AgCensus2015-16 T2-4 Sikkim/All/number/SmallvsSemi-medium,AgCensus2015-16,T2-4,Sikkim,All,number,SmallvsSemi-medium,landholding,small holdings,semi-medium holdings,2,0,0,2,equal,c,,,,percent,SYNTHETIC,22.14,26.44,smoke-test fabrication; not a census value,SYNTHETIC_SMOKE_VALUE,,,,,,equal,c,True
AgCensus2015-16 T2-4 Sikkim/Marginal/number/SCvsOthers,AgCensus2015-16,T2-4,Sikkim,Marginal,number,SCvsOthers,social_group,Scheduled Castes,Other social groups,1,0,0,1,diff,b,,,,percent,SYNTHETIC,34.86,52.45,smoke-test fabrication; not a census value,SYNTHETIC_SMOKE_VALUE,,,,,,diff,b,True
AgCensus2015-16 T2-4 Sikkim/Marginal/number/SCvsST,AgCensus2015-16,T2-4,Sikkim,Marginal,number,SCvsST,social_group,Scheduled Castes,Scheduled Tribes,1,0,1,0,diff,b,,,,percent,SYNTHETIC,45.24,70.62,smoke-test fabrication; not a census value,SYNTHETIC_SMOKE_VALUE,,,,,,diff,b,True
AgCensus2015-16 T2-4 Sikkim/Marginal/number/STvsOthers,AgCensus2015-16,T2-4,Sikkim,Marginal,number,STvsOthers,social_group,Scheduled Tribes,Other social groups,1,1,0,0,diff,b,,,,percent,SYNTHETIC,28.38,45.47,smoke-test fabrication; not a census value,SYNTHETIC_SMOKE_VALUE,,,,,,diff,b,True
AgCensus2015-16 T2-4 Sikkim/ST/area/MarginalvsSmall,AgCensus2015-16,T2-4,Sikkim,ST,area,MarginalvsSmall,landholding,marginal operated area,small operated area,1,1,0,0,equal,c,,,,percent,SYNTHETIC,45.89,49.1,smoke-test fabrication; not a census value,SYNTHETIC_SMOKE_VALUE,,,,,,equal,c,True
AgCensus2015-16 T2-4 Sikkim/ST/number/MarginalvsLarge,AgCensus2015-16,T2-4,Sikkim,ST,number,MarginalvsLarge,landholding,marginal holdings,large holdings,1,0,0,1,diff,a,,,,percent,SYNTHETIC,67.58,51.1,smoke-test fabrication; not a census value,SYNTHETIC_SMOKE_VALUE,,,,,,diff,a,True
AgCensus2015-16 T2-4 Sikkim/ST/number/MarginalvsSemi-medium,AgCensus2015-16,T2-4,Sikkim,ST,number,MarginalvsSemi-medium,landholding,marginal holdings,semi-medium holdings,1,1,0,0,diff,a,,,,percent,SYNTHETIC,53.87,35.54,smoke-test fabrication; not a census value,SYNTHETIC_SMOKE_VALUE,,,,,,diff,a,True
AgCensus2015-16 T2-4 Sikkim/ST/number/Semi-mediumvsLarge,AgCensus2015-16,T2-4,Sikkim,ST,number,Semi-mediumvsLarge,landholding,semi-medium holdings,large holdings,1,1,0,0,diff,a,,,,percent,SYNTHETIC,47.09,36.5,smoke-test fabrication; not a census value,SYNTHETIC_SMOKE_VALUE,,,,,,diff,a,True
AgCensus2015-16 T2-4 Sikkim/ST/number/Semi-mediumvsMedium,AgCensus2015-16,T2-4,Sikkim,ST,number,Semi-mediumvsMedium,landholding,semi-medium holdings,medium holdings,1,1,0,0,diff,a,,,,percent,SYNTHETIC,68.04,54.36,smoke-test fabrication; not a census value,SYNTHETIC_SMOKE_VALUE,,,,,,diff,a,True
AgCensus2015-16 T2-4 Sikkim/ST/number/SmallvsLarge,AgCensus2015-16,T2-4,Sikkim,ST,number,SmallvsLarge,landholding,small holdings,large holdings,1,0,0,1,diff,a,,,,percent,SYNTHETIC,65.15,51.36,smoke-test fabrication; not a census value,SYNTHETIC_SMOKE_VALUE,,,,,,diff,a,True
AgCensus2015-16 T2-4 Sikkim/ST/number/SmallvsMedium,AgCensus2015-16,T2-4,Sikkim,ST,number,SmallvsMedium,landholding,small holdings,medium holdings,1,1,0,0,diff,a,,,,percent,SYNTHETIC,76.45,55.28,smoke-test fabrication; not a census value,SYNTHETIC_SMOKE_VALUE,,,,,,diff,a,True
AgCensus2015-16 T2-4 Sikkim/ST/number/SmallvsSemi-medium,AgCensus2015-16,T2-4,Sikkim,ST,number,SmallvsSemi-medium,landholding,small holdings,semi-medium holdings,3,3,0,0,equal,c,,,,percent,SYNTHETIC,52.31,53.82,smoke-test fabrication; not a census value,SYNTHETIC_SMOKE_VALUE,,,,,,equal,c,True
AgCensus2015-16 T2-4 Tamil Nadu/All Classes/number/SCvsOthers,AgCensus2015-16,T2-4,Tamil Nadu,All Classes,number,SCvsOthers,social_group,Scheduled Castes,Other social groups,1,1,0,0,diff,b,,,,percent,SYNTHETIC,49.55,73.73,smoke-test fabrication; not a census value,SYNTHETIC_SMOKE_VALUE,,,,,,diff,b,True
AgCensus2015-16 T2-4 Tamil Nadu/All Classes/number/STvsOthers,AgCensus2015-16,T2-4,Tamil Nadu,All Classes,number,STvsOthers,social_group,Scheduled Tribes,Other social groups,1,1,0,0,diff,b,,,,percent,SYNTHETIC,28.22,50.62,smoke-test fabrication; not a census value,SYNTHETIC_SMOKE_VALUE,,,,,,diff,b,True
AgCensus2015-16 T2-4 Tamil Nadu/All/number/MarginalvsLarge,AgCensus2015-16,T2-4,Tamil Nadu,All,number,MarginalvsLarge,landholding,marginal holdings,large holdings,1,1,0,0,diff,a,,,,percent,SYNTHETIC,73.64,52.58,smoke-test fabrication; not a census value,SYNTHETIC_SMOKE_VALUE,,,,,,diff,a,True
AgCensus2015-16 T2-4 Tamil Nadu/All/number/MarginalvsMedium,AgCensus2015-16,T2-4,Tamil Nadu,All,number,MarginalvsMedium,landholding,marginal holdings,medium holdings,1,0,0,1,diff,a,,,,percent,SYNTHETIC,47.22,27.41,smoke-test fabrication; not a census value,SYNTHETIC_SMOKE_VALUE,,,,,,diff,a,True
AgCensus2015-16 T2-4 Tamil Nadu/All/number/MarginalvsSemi-medium,AgCensus2015-16,T2-4,Tamil Nadu,All,number,MarginalvsSemi-medium,landholding,marginal holdings,semi-medium holdings,1,1,0,0,diff,a,,,,percent,SYNTHETIC,73.61,49.27,smoke-test fabrication; not a census value,SYNTHETIC_SMOKE_VALUE,,,,,,diff,a,True
AgCensus2015-16 T2-4 Tamil Nadu/All/number/MarginalvsSmall,AgCensus2015-16,T2-4,Tamil Nadu,All,number,MarginalvsSmall,landholding,marginal holdings,small holdings,1,1,0,0,diff,a,,,,percent,SYNTHETIC,54.7,34.17,smoke-test fabrication; not a census value,SYNTHETIC_SMOKE_VALUE,,,,,,diff,a,True
AgCensus2015-16 T2-4 Tamil Nadu/All/number/Semi-mediumvsMedium,AgCensus2015-16,T2-4,Tamil Nadu,All,number,Semi-mediumvsMedium,landholding,semi-medium holdings,medium holdings,4,0,0,4,equal,c,,,,percent,SYNTHETIC,26.52,30.78,smoke-test fabrication; not a census value,SYNTHETIC_SMOKE_VALUE,,,,,,equal,c,True
AgCensus2015-16 T2-4 Tamil Nadu/All/number/SmallvsLarge,AgCensus2015-16,T2-4,Tamil Nadu,All,number,SmallvsLarge,landholding,small holdings,large holdings,1,0,0,1,diff,a,,,,percent,SYNTHETIC,77.77,59.73,smoke-test fabrication; not a census value,SYNTHETIC_SMOKE_VALUE,,,,,,diff,a,True
AgCensus2015-16 T2-4 Tamil Nadu/All/number/SmallvsMedium,AgCensus2015-16,T2-4,Tamil Nadu,All,number,SmallvsMedium,landholding,small holdings,medium holdings,1,1,0,0,diff,a,,,,percent,SYNTHETIC,66.35,50.45,smoke-test fabrication; not a census value,SYNTHETIC_SMOKE_VALUE,,,,,,diff,a,True
AgCensus2015-16 T2-4 Tamil Nadu/Marginal/number/SCvsOthers,AgCensus2015-16,T2-4,Tamil Nadu,Marginal,number,SCvsOthers,social_group,Scheduled Castes,Other social groups,1,0,0,1,diff,b,,,,percent,SYNTHETIC,21.08,43.02,smoke-test fabrication; not a census value,SYNTHETIC_SMOKE_VALUE,,,,,,diff,b,True
AgCensus2015-16 T2-4 Tamil Nadu/Marginal/number/STvsOthers,AgCensus2015-16,T2-4,Tamil Nadu,Marginal,number,STvsOthers,social_group,Scheduled Tribes,Other social groups,1,1,0,0,diff,b,,,,percent,SYNTHETIC,29.18,48.3,smoke-test fabrication; not a census value,SYNTHETIC_SMOKE_VALUE,,,,,,diff,b,True
AgCensus2015-16 T2-4 Tamil Nadu/Medium/number/SCvsOthers,AgCensus2015-16,T2-4,Tamil Nadu,Medium,number,SCvsOthers,social_group,Scheduled Castes,Other social groups,1,1,0,0,diff,b,,,,percent,SYNTHETIC,49.27,63.46,smoke-test fabrication; not a census value,SYNTHETIC_SMOKE_VALUE,,,,,,diff,b,True
AgCensus2015-16 T2-4 Tamil Nadu/Medium/number/STvsOthers,AgCensus2015-16,T2-4,Tamil Nadu,Medium,number,STvsOthers,social_group,Scheduled Tribes,Other social groups,1,0,0,1,diff,b,,,,percent,SYNTHETIC,50.07,76.21,smoke-test fabrication; not a census value,SYNTHETIC_SMOKE_VALUE,,,,,,diff,b,True
AgCensus2015-16 T2-4 Tamil Nadu/SC/area/MediumvsLarge,AgCensus2015-16,T2-4,Tamil Nadu,SC,area,MediumvsLarge,landholding,medium operated area,large operated area,3,3,0,0,equal,c,,,,percent,SYNTHETIC,28.11,28.85,smoke-test fabrication; not a census value,SYNTHETIC_SMOKE_VALUE,,,,,,equal,c,True
AgCensus2015-16 T2-4 Tamil Nadu/SC/number/MarginalvsLarge,AgCensus2015-16,T2-4,Tamil Nadu,SC,number,MarginalvsLarge,landholding,marginal holdings,large holdings,1,0,1,0,diff,a,,,,percent,SYNTHETIC,65.26,37.98,smoke-test fabrication; not a census value,SYNTHETIC_SMOKE_VALUE,,,,,,diff,a,True
AgCensus2015-16 T2-4 Tamil Nadu/SC/number/MarginalvsMedium,AgCensus2015-16,T2-4,Tamil Nadu,SC,number,MarginalvsMedium,landholding,marginal holdings,medium holdings,1,0,0,1,diff,a,,,,percent,SYNTHETIC,30.68,20.33,smoke-test fabrication; not a census value,SYNTHETIC_SMOKE_VALUE,,,,,,diff,a,True
AgCensus2015-16 T2-4 Tamil Nadu/SC/number/MarginalvsSemi-medium,AgCensus2015-16,T2-4,Tamil Nadu,SC,number,MarginalvsSemi-medium,landholding,marginal holdings,semi-medium holdings,1,0,0,1,diff,a,,,,percent,SYNTHETIC,52.93,41.24,smoke-test fabrication; not a census value,SYNTHETIC_SMOKE_VALUE,,,,,,diff,a,True
AgCensus2015-16 T2-4 Tamil Nadu/SC/number/MarginalvsSmall,AgCensus2015-16,T2-4,Tamil Nadu,SC,number,MarginalvsSmall,landholding,marginal holdings,small holdings,1,1,0,0,diff,a,,,,percent,SYNTHETIC,36.8,26.59,smoke-test fabrication; not a census value,SYNTHETIC_SMOKE_VALUE,,,,,,diff,a,True
AgCensus2015-16 T2-4 Tamil Nadu/SC/number/SmallvsLarge,AgCensus2015-16,T2-4,Tamil Nadu,SC,number,SmallvsLarge,landholding,small holdings,large holdings,1,1,0,0,diff,a,,,,percent,SYNTHETIC,68.79,52.14,smoke-test fabrication; not a census value,SYNTHETIC_SMOKE_VALUE,,,,,,diff,a,True
AgCensus2015-16 T2-4 Tamil Nadu/SC/number/SmallvsMedium,AgCensus2015-16,T2-4,Tamil Nadu,SC,number,SmallvsMedium,landholding,small holdings,medium holdings,1,1,0,0,diff,a,,,,percent,SYNTHETIC,66.33,45.94,smoke-test fabrication; not a census value,SYNTHETIC_SMOKE_VALUE,,,,,,diff,a,True
AgCensus2015-16 T2-4 Tamil Nadu/ST/area/MarginalvsSmall,AgCensus2015-16,T2-4,Tamil Nadu,ST,area,MarginalvsSmall,landholding,marginal operated area,small operated area,1,0,1,0,equal,c,,,,percent,SYNTHETIC,40.73,41.9,smoke-test fabrication; not a census value,SYNTHETIC_SMOKE_VALUE,,,,,,equal,c,True
AgCensus2015-16 T2-4 Tamil Nadu/ST/number/MarginalvsLarge,AgCensus2015-16,T2-4,Tamil Nadu,ST,number,MarginalvsLarge,landholding,marginal holdings,large holdings,1,1,0,0,diff,a,,,,percent,SYNTHETIC,67.41,56.77,smoke-test fabrication; not a census value,SYNTHETIC_SMOKE_VALUE,,,,,,diff,a,True
AgCensus2015-16 T2-4 Tamil Nadu/ST/number/MarginalvsMedium,AgCensus2015-16,T2-4,Tamil Nadu,ST,number,MarginalvsMedium,landholding,marginal holdings,medium holdings,1,1,0,0,diff,a,,,,percent,SYNTHETIC,43.1,21.5,smoke-test fabrication; not a census value,SYNTHETIC_SMOKE_VALUE,,,,,,diff,a,True
AgCensus2015-16 T2-4 Tamil Nadu/ST/number/MarginalvsSemi-medium,AgCensus2015-16,T2-4,Tamil Nadu,ST,number,MarginalvsSemi-medium,landholding,marginal holdings,semi-medium holdings,1,1,0,0,diff,a,,,,percent,SYNTHETIC,64.37,38.13,smoke-test fabrication; not a census value,SYNTHETIC_SMOKE_VALUE,,,,,,diff,a,True
AgCensus2015-16 T2-4 Tamil Nadu/ST/number/MarginalvsSmall,AgCensus2015-16,T2-4,Tamil Nadu,ST,number,MarginalvsSmall,landholding,marginal holdings,small holdings,1,0,0,1,diff,a,,,,percent,SYNTHETIC,54.67,24.81,smoke-test fabrication; not a census value,SYNTHETIC_SMOKE_VALUE,,,,,,diff,a,True
AgCensus2015-16 T2-4 Tamil Nadu/ST/number/Semi-mediumvsMedium,AgCensus2015-16,T2-4,Tamil Nadu,ST,number,Semi-mediumvsMedium,landholding,semi-medium holdings,medium holdings,3,0,3,0,equal,c,,,,percent,SYNTHETIC,58.6,59.58,smoke-test fabrication; not a census value,SYNTHETIC_SMOKE_VALUE,,,,,,equal,c,True
AgCensus2015-16 T2-4 Tamil Nadu/ST/number/SmallvsLarge,AgCensus2015-16,T2-4,Tamil Nadu,ST,number,SmallvsLarge,landholding,small holdings,large holdings,1,0,0,1,diff,a,,,,percent,SYNTHETIC,60.12,38.55,smoke-test fabrication; not a census value,SYNTHETIC_SMOKE_VALUE,,,,,,diff,a,True
AgCensus2015-16 T2-4 Tamil Nadu/ST/number/SmallvsMedium,AgCensus2015-16,T2-4,Tamil Nadu,ST,number,SmallvsMedium,landholding,small holdings,medium holdings,1,0,1,0,diff,a,,,,percent,SYNTHETIC,53.36,40.95,smoke-test fabrication; not a census value,SYNTHETIC_SMOKE_VALUE,,,,,,diff,a,True
AgCensus2015-16 T2-4 Tamil Nadu/ST/number/SmallvsSemi-medium,AgCensus2015-16,T2-4,Tamil Nadu,ST,number,SmallvsSemi-medium,landholding,small holdings,semi-medium holdings,1,1,0,0,diff,a,,,,percent,SYNTHETIC,73.65,43.75,smoke-test fabrication; not a census value,SYNTHETIC_SMOKE_VALUE,,,,,,diff,a,True
AgCensus2015-16 T2-4 Tamil Nadu/Semi-medium/area/SCvsST,AgCensus2015-16,T2-4,Tamil Nadu,Semi-medium,area,SCvsST,social_group,Scheduled Castes,Scheduled Tribes,8,0,0,8,equal,c,,,,percent,SYNTHETIC,32.92,34.83,smoke-test fabrication; not a census value,SYNTHETIC_SMOKE_VALUE,,,,,,equal,c,True
AgCensus2015-16 T2-4 Tamil Nadu/Semi-medium/number/SCvsOthers,AgCensus2015-16,T2-4,Tamil Nadu,Semi-medium,number,SCvsOthers,social_group,Scheduled Castes,Other social groups,1,1,0,0,diff,b,,,,percent,SYNTHETIC,58.8,70.07,smoke-test fabrication; not a census value,SYNTHETIC_SMOKE_VALUE,,,,,,diff,b,True
AgCensus2015-16 T2-4 Tamil Nadu/Semi-medium/number/SCvsST,AgCensus2015-16,T2-4,Tamil Nadu,Semi-medium,number,SCvsST,social_group,Scheduled Castes,Scheduled Tribes,8,0,0,8,equal,c,,,,percent,SYNTHETIC,44.8,49.65,smoke-test fabrication; not a census value,SYNTHETIC_SMOKE_VALUE,,,,,,equal,c,True
AgCensus2015-16 T2-4 Tamil Nadu/Semi-medium/number/STvsOthers,AgCensus2015-16,T2-4,Tamil Nadu,Semi-medium,number,STvsOthers,social_group,Scheduled Tribes,Other social groups,1,0,0,1,diff,b,,,,percent,SYNTHETIC,28.12,43.05,smoke-test fabrication; not a census value,SYNTHETIC_SMOKE_VALUE,,,,,,diff,b,True
AgCensus2015-16 T2-4 Tamil Nadu/Small/number/SCvsOthers,AgCensus2015-16,T2-4,Tamil Nadu,Small,number,SCvsOthers,social_group,Scheduled Castes,Other social groups,1,0,0,1,diff,b,,,,percent,SYNTHETIC,32.56,58.71,smoke-test fabrication; not a census value,SYNTHETIC_SMOKE_VALUE,,,,,,diff,b,True
AgCensus2015-16 T2-4 Tamil Nadu/Small/number/STvsOthers,AgCensus2015-16,T2-4,Tamil Nadu,Small,number,STvsOthers,social_group,Scheduled Tribes,Other social groups,1,0,1,0,diff,b,,,,percent,SYNTHETIC,54.14,82.93,smoke-test fabrication; not a census value,SYNTHETIC_SMOKE_VALUE,,,,,,diff,b,True
AgCensus2015-16 T2-4 Telangana/All Classes/area/SCvsST,AgCensus2015-16,T2-4,Telangana,All Classes,area,SCvsST,social_group,Scheduled Castes,Scheduled Tribes,8,8,0,0,equal,c,,,,percent,SYNTHETIC,44.61,45.7,smoke-test fabrication; not a census value,SYNTHETIC_SMOKE_VALUE,,,,,,equal,c,True
AgCensus2015-16 T2-4 Telangana/All Classes/number/SCvsOthers,AgCensus2015-16,T2-4,Telangana,All Classes,number,SCvsOthers,social_group,Scheduled Castes,Other social groups,1,1,0,0,diff,b,,,,percent,SYNTHETIC,23.08,37.2,smoke-test fabrication; not a census value,SYNTHETIC_SMOKE_VALUE,,,,,,diff,b,True
AgCensus2015-16 T2-4 Telangana/All Classes/number/SCvsST,AgCensus2015-16,T2-4,Telangana,All Classes,number,SCvsST,social_group,Scheduled Castes,Scheduled Tribes,8,8,0,0,equal,c,,,,percent,SYNTHETIC,50.64,54.69,smoke-test fabrication; not a census value,SYNTHETIC_SMOKE_VALUE,,,,,,equal,c,True
AgCensus2015-16 T2-4 Telangana/All Classes/number/STvsOthers,AgCensus2015-16,T2-4,Telangana,All Classes,number,STvsOthers,social_group,Scheduled Tribes,Other social groups,1,1,0,0,diff,b,,,,percent,SYNTHETIC,36.77,65.09,smoke-test fabrication; not a census value,SYNTHETIC_SMOKE_VALUE,,,,,,diff,b,True
AgCensus2015-16 T2-4 Telangana/All/area/MarginalvsSemi-medium,AgCensus2015-16,T2-4,Telangana,All,area,MarginalvsSemi-medium,landholding,marginal operated area,semi-medium operated area,2,2,0,0,equal,c,,,,percent,SYNTHETIC,46.03,50.17,smoke-test fabrication; not a census value,SYNTHETIC_SMOKE_VALUE,,,,,,equal,c,True
AgCensus2015-16 T2-4 Telangana/All/area/MarginalvsSmall,AgCensus2015-16,T2-4,Telangana,All,area,MarginalvsSmall,landholding,marginal operated area,small operated area,4,0,0,4,equal,c,,,,percent,SYNTHETIC,47.71,52.42,smoke-test fabrication; not a census value,SYNTHETIC_SMOKE_VALUE,,,,,,equal,c,True
AgCensus2015-16 T2-4 Telangana/All/number/MarginalvsLarge,AgCensus2015-16,T2-4,Telangana,All,number,MarginalvsLarge,landholding,marginal holdings,large holdings,1,0,1,0,diff,a,,,,percent,SYNTHETIC,61.56,41.86,smoke-test fabrication; not a census value,SYNTHETIC_SMOKE_VALUE,,,,,,diff,a,True
AgCensus2015-16 T2-4 Telangana/All/number/MarginalvsMedium,AgCensus2015-16,T2-4,Telangana,All,number,MarginalvsMedium,landholding,marginal holdings,medium holdings,1,1,0,0,diff,a,,,,percent,SYNTHETIC,55.05,33.24,smoke-test fabrication; not a census value,SYNTHETIC_SMOKE_VALUE,,,,,,diff,a,True
AgCensus2015-16 T2-4 Telangana/All/number/MarginalvsSemi-medium,AgCensus2015-16,T2-4,Telangana,All,number,MarginalvsSemi-medium,landholding,marginal holdings,semi-medium holdings,1,1,0,0,diff,a,,,,percent,SYNTHETIC,59.52,38.13,smoke-test fabrication; not a census value,SYNTHETIC_SMOKE_VALUE,,,,,,diff,a,True
AgCensus2015-16 T2-4 Telangana/All/number/MarginalvsSmall,AgCensus2015-16,T2-4,Telangana,All,number,MarginalvsSmall,landholding,marginal holdings,small holdings,1,1,0,0,diff,a,,,,percent,SYNTHETIC,74.09,51.99,smoke-test fabrication; not a census value,SYNTHETIC_SMOKE_VALUE,,,,,,diff,a,True
AgCensus2015-16 T2-4 Telangana/All/number/SmallvsLarge,AgCensus2015-16,T2-4,Telangana,All,number,SmallvsLarge,landholding,small holdings,large holdings,1,0,0,1,diff,a,,,,percent,SYNTHETIC,43.64,24.26,smoke-test fabrication; not a census value,SYNTHETIC_SMOKE_VALUE,,,,,,diff,a,True
AgCensus2015-16 T2-4 Telangana/All/number/SmallvsMedium,AgCensus2015-16,T2-4,Telangana,All,number,SmallvsMedium,landholding,small holdings,medium holdings,1,1,0,0,diff,a,,,,percent,SYNTHETIC,68.69,53.53,smoke-test fabrication; not a census value,SYNTHETIC_SMOKE_VALUE,,,,,,diff,a,True
AgCensus2015-16 T2-4 Telangana/All/number/SmallvsSemi-medium,AgCensus2015-16,T2-4,Telangana,All,number,SmallvsSemi-medium,landholding,small holdings,semi-medium holdings,1,0,0,1,diff,a,,,,percent,SYNTHETIC,48.76,26.94,smoke-test fabrication; not a census value,SYNTHETIC_SMOKE_VALUE,,,,,,diff,a,True
AgCensus2015-16 T2-4 Telangana/Large/area/SCvsST,AgCensus2015-16,T2-4,Telangana,Large,area,SCvsST,social_group,Scheduled Castes,Scheduled Tribes,8,8,0,0,equal,c,,,,percent,SYNTHETIC,45.05,49.48,smoke-test fabrication; not a census value,SYNTHETIC_SMOKE_VALUE,,,,,,equal,c,True
AgCensus2015-16 T2-4 Telangana/Marginal/area/SCvsST,AgCensus2015-16,T2-4,Telangana,Marginal,area,SCvsST,social_group,Scheduled Castes,Scheduled Tribes,7,7,0,0,equal,c,,,,percent,SYNTHETIC,30.76,33.82,smoke-test fabrication; not a census value,SYNTHETIC_SMOKE_VALUE,,,,,,equal,c,True
AgCensus2015-16 T2-4 Telangana/Marginal/number/SCvsOthers,AgCensus2015-16,T2-4,Telangana,Marginal,number,SCvsOthers,social_group,Scheduled Castes,Other social groups,1,0,0,1,diff,b,,,,percent,SYNTHETIC,22.88,52.37,smoke-test fabrication; not a census value,SYNTHETIC_SMOKE_VALUE,,,,,,diff,b,True
AgCensus2015-16 T2-4 Telangana/Marginal/number/SCvsST,AgCensus2015-16,T2-4,Telangana,Marginal,number,SCvsST,social_group,Scheduled Castes,Scheduled Tribes,8,0,0,8,equal,c,,,,percent,SYNTHETIC,54.13,55.03,smoke-test fabrication; not a census value,SYNTHETIC_SMOKE_VALUE,,,,,,equal,c,True
AgCensus2015-16 T2-4 Telangana/Marginal/number/STvsOthers,AgCensus2015-16,T2-4,Telangana,Marginal,number,STvsOthers,social_group,Scheduled Tribes,Other social groups,1,0,0,1,diff,b,,,,percent,SYNTHETIC,42.93,63.58,smoke-test fabrication; not a census value,SYNTHETIC_SMOKE_VALUE,,,,,,diff,b,True
AgCensus2015-16 T2-4 Telangana/Medium/number/SCvsOthers,AgCensus2015-16,T2-4,Telangana,Medium,number,SCvsOthers,social_group,Scheduled Castes,Other social groups,1,1,0,0,diff,b,,,,percent,SYNTHETIC,52.51,78.65,smoke-test fabrication; not a census value,SYNTHETIC_SMOKE_VALUE,,,,,,diff,b,True
AgCensus2015-16 T2-4 Telangana/Medium/number/STvsOthers,AgCensus2015-16,T2-4,Telangana,Medium,number,STvsOthers,social_group,Scheduled Tribes,Other social groups,1,0,0,1,diff,b,,,,percent,SYNTHETIC,58.84,81.54,smoke-test fabrication; not a census value,SYNTHETIC_SMOKE_VALUE,,,,,,diff,b,True
AgCensus2015-16 T2-4 Telangana/SC/number/MarginalvsLarge,AgCensus2015-16,T2-4,Telangana,SC,number,MarginalvsLarge,landholding,marginal holdings,large holdings,1,1,0,0,diff,a,,,,percent,SYNTHETIC,39.29,21.12,smoke-test fabrication; not a census value,SYNTHETIC_SMOKE_VALUE,,,,,,diff,a,True
AgCensus2015-16 T2-4 Telangana/SC/number/MarginalvsMedium,AgCensus2015-16,T2-4,Telangana,SC,number,MarginalvsMedium,landholding,marginal holdings,medium holdings,1,0,0,1,diff,a,,,,percent,SYNTHETIC,64.44,43.86,smoke-test fabrication; not a census value,SYNTHETIC_SMOKE_VALUE,,,,,,diff,a,True
AgCensus2015-16 T2-4 Telangana/SC/number/MarginalvsSemi-medium,AgCensus2015-16,T2-4,Telangana,SC,number,MarginalvsSemi-medium,landholding,marginal holdings,semi-medium holdings,1,0,0,1,diff,a,,,,percent,SYNTHETIC,76.61,48.25,smoke-test fabrication; not a census value,SYNTHETIC_SMOKE_VALUE,,,,,,diff,a,True
AgCensus2015-16 T2-4 Telangana/SC/number/MarginalvsSmall,AgCensus2015-16,T2-4,Telangana,SC,number,MarginalvsSmall,landholding,marginal holdings,small holdings,1,1,0,0,diff,a,,,,percent,SYNTHETIC,73.5,59.32,smoke-test fabrication; not a census value,SYNTHETIC_SMOKE_VALUE,,,,,,diff,a,True
AgCensus2015-16 T2-4 Telangana/SC/number/Semi-mediumvsMedium,AgCensus2015-16,T2-4,Telangana,SC,number,Semi-mediumvsMedium,landholding,semi-medium holdings,medium holdings,2,0,0,2,equal,c,,,,percent,SYNTHETIC,26.5,28.71,smoke-test fabrication; not a census value,SYNTHETIC_SMOKE_VALUE,,,,,,equal,c,True
AgCensus2015-16 T2-4 Telangana/SC/number/SmallvsMedium,AgCensus2015-16,T2-4,Telangana,SC,number,SmallvsMedium,landholding,small holdings,medium holdings,1,1,0,0,diff,a,,,,percent,SYNTHETIC,60.07,49.69,smoke-test fabrication; not a census value,SYNTHETIC_SMOKE_VALUE,,,,,,diff,a,True
AgCensus2015-16 T2-4 Telangana/SC/number/SmallvsSemi-medium,AgCensus2015-16,T2-4,Telangana,SC,number,SmallvsSemi-medium,landholding,small holdings,semi-medium holdings,1,1,0,0,diff,a,,,,percent,SYNTHETIC,83.04,53.45,smoke-test fabrication; not a census value,SYNTHETIC_SMOKE_VALUE,,,,,,diff,a,True
AgCensus2015-16 T2-4 Telangana/ST/area/MarginalvsSemi-medium,AgCensus2015-16,T2-4,Telangana,ST,area,MarginalvsSemi-medium,landholding,marginal operated area,semi-medium operated area,1,0,0,1,equal,c,,,,percent,SYNTHETIC,49.21,52.98,smoke-test fabrication; not a census value,SYNTHETIC_SMOKE_VALUE,,,,,,equal,c,True
AgCensus2015-16 T2-4 Telangana/ST/number/MarginalvsLarge,AgCensus2015-16,T2-4,Telangana,ST,number,MarginalvsLarge,landholding,marginal holdings,large holdings,1,0,0,1,diff,a,,,,percent,SYNTHETIC,62.3,32.86,smoke-test fabrication; not a census value,SYNTHETIC_SMOKE_VALUE,,,,,,diff,a,True
AgCensus2015-16 T2-4 Telangana/ST/number/MarginalvsMedium,AgCensus2015-16,T2-4,Telangana,ST,number,MarginalvsMedium,landholding,marginal holdings,medium holdings,1,0,0,1,diff,a,,,,percent,SYNTHETIC,52.66,34.1,smoke-test fabrication; not a census value,SYNTHETIC_SMOKE_VALUE,,,,,,diff,a,True
AgCensus2015-16 T2-4 Telangana/ST/number/MarginalvsSemi-medium,AgCensus2015-16,T2-4,Telangana,ST,number,MarginalvsSemi-medium,landholding,marginal holdings,semi-medium holdings,1,0,0,1,diff,a,,,,percent,SYNTHETIC,42.2,26.94,smoke-test fabrication; not a census value,SYNTHETIC_SMOKE_VALUE,,,,,,diff,a,True
AgCensus2015-16 T2-4 Telangana/ST/number/MarginalvsSmall,AgCensus2015-16,T2-4,Telangana,ST,number,MarginalvsSmall,landholding,marginal holdings,small holdings,1,1,0,0,diff,a,,,,percent,SYNTHETIC,42.19,22.56,smoke-test fabrication; not a census value,SYNTHETIC_SMOKE_VALUE,,,,,,diff,a,True
AgCensus2015-16 T2-4 Telangana/ST/number/SmallvsLarge,AgCensus2015-16,T2-4,Telangana,ST,number,SmallvsLarge,landholding,small holdings,large holdings,1,0,0,1,diff,a,,,,percent,SYNTHETIC,69.39,50.62,smoke-test fabrication; not a census value,SYNTHETIC_SMOKE_VALUE,,,,,,diff,a,True
AgCensus2015-16 T2-4 Telangana/ST/number/SmallvsMedium,AgCensus2015-16,T2-4,Telangana,ST,number,SmallvsMedium,landholding,small holdings,medium holdings,1,0,1,0,diff,a,,,,percent,SYNTHETIC,77.96,49.16,smoke-test fabrication; not a census value,SYNTHETIC_SMOKE_VALUE,,,,,,diff,a,True
AgCensus2015-16 T2-4 Telangana/ST/number/SmallvsSemi-medium,AgCensus2015-16,T2-4,Telangana,ST,number,SmallvsSemi-medium,landholding,small holdings,semi-medium holdings,1,1,0,0,diff,a,,,,percent,SYNTHETIC,76.69,55.01,smoke-test fabrication; not a census value,SYNTHETIC_SMOKE_VALUE,,,,,,diff,a,True
AgCensus2015-16 T2-4 Telangana/Semi-medium/number/SCvsOthers,AgCensus2015-16,T2-4,Telangana,Semi-medium,number,SCvsOthers,social_group,Scheduled Castes,Other social groups,1,1,0,0,diff,b,,,,percent,SYNTHETIC,59.82,78.84,smoke-test fabrication; not a census value,SYNTHETIC_SMOKE_VALUE,,,,,,diff,b,True
AgCensus2015-16 T2-4 Telangana/Semi-medium/number/STvsOthers,AgCensus2015-16,T2-4,Telangana,Semi-medium,number,STvsOthers,social_group,Scheduled Tribes,Other social groups,1,1,0,0,diff,b,,,,percent,SYNTHETIC,45.58,59.98,smoke-test fabrication; not a census value,SYNTHETIC_SMOKE_VALUE,,,,,,diff,b,True
AgCensus2015-16 T2-4 Telangana/Small/area/SCvsST,AgCensus2015-16,T2-4,Telangana,Small,area,SCvsST,social_group,Scheduled Castes,Scheduled Tribes,7,0,0,7,equal,c,,,,percent,SYNTHETIC,41.0,41.89,smoke-test fabrication; not a census value,SYNTHETIC_SMOKE_VALUE,,,,,,equal,c,True
AgCensus2015-16 T2-4 Telangana/Small/number/SCvsOthers,AgCensus2015-16,T2-4,Telangana,Small,number,SCvsOthers,social_group,Scheduled Castes,Other social groups,1,0,0,1,diff,b,,,,percent,SYNTHETIC,51.55,72.48,smoke-test fabrication; not a census value,SYNTHETIC_SMOKE_VALUE,,,,,,diff,b,True
AgCensus2015-16 T2-4 Telangana/Small/number/SCvsST,AgCensus2015-16,T2-4,Telangana,Small,number,SCvsST,social_group,Scheduled Castes,Scheduled Tribes,8,8,0,0,equal,c,,,,percent,SYNTHETIC,37.08,38.43,smoke-test fabrication; not a census value,SYNTHETIC_SMOKE_VALUE,,,,,,equal,c,True
AgCensus2015-16 T2-4 Telangana/Small/number/STvsOthers,AgCensus2015-16,T2-4,Telangana,Small,number,STvsOthers,social_group,Scheduled Tribes,Other social groups,1,0,1,0,diff,b,,,,percent,SYNTHETIC,31.88,52.96,smoke-test fabrication; not a census value,SYNTHETIC_SMOKE_VALUE,,,,,,diff,b,True
AgCensus2015-16 T2-4 Tripura/All Classes/area/STvsOthers,AgCensus2015-16,T2-4,Tripura,All Classes,area,STvsOthers,social_group,Scheduled Tribes,Other social groups,8,0,0,8,equal,c,,,,percent,SYNTHETIC,38.01,41.13,smoke-test fabrication; not a census value,SYNTHETIC_SMOKE_VALUE,,,,,,equal,c,True
AgCensus2015-16 T2-4 Tripura/All Classes/number/SCvsOthers,AgCensus2015-16,T2-4,Tripura,All Classes,number,SCvsOthers,social_group,Scheduled Castes,Other social groups,1,1,0,0,diff,b,,,,percent,SYNTHETIC,57.7,80.6,smoke-test fabrication; not a census value,SYNTHETIC_SMOKE_VALUE,,,,,,diff,b,True
AgCensus2015-16 T2-4 Tripura/All Classes/number/STvsOthers,AgCensus2015-16,T2-4,Tripura,All Classes,number,STvsOthers,social_group,Scheduled Tribes,Other social groups,1,1,0,0,diff,b,,,,percent,SYNTHETIC,21.86,45.27,smoke-test fabrication; not a census value,SYNTHETIC_SMOKE_VALUE,,,,,,diff,b,True
AgCensus2015-16 T2-4 Tripura/All/number/MarginalvsLarge,AgCensus2015-16,T2-4,Tripura,All,number,MarginalvsLarge,landholding,marginal holdings,large holdings,1,1,0,0,diff,a,,,,percent,SYNTHETIC,75.63,46.0,smoke-test fabrication; not a census value,SYNTHETIC_SMOKE_VALUE,,,,,,diff,a,True
AgCensus2015-16 T2-4 Tripura/All/number/MarginalvsMedium,AgCensus2015-16,T2-4,Tripura,All,number,MarginalvsMedium,landholding,marginal holdings,medium holdings,1,1,0,0,diff,a,,,,percent,SYNTHETIC,63.18,47.58,smoke-test fabrication; not a census value,SYNTHETIC_SMOKE_VALUE,,,,,,diff,a,True
AgCensus2015-16 T2-4 Tripura/All/number/MarginalvsSemi-medium,AgCensus2015-16,T2-4,Tripura,All,number,MarginalvsSemi-medium,landholding,marginal holdings,semi-medium holdings,1,0,1,0,diff,a,,,,percent,SYNTHETIC,41.06,27.89,smoke-test fabrication; not a census value,SYNTHETIC_SMOKE_VALUE,,,,,,diff,a,True
AgCensus2015-16 T2-4 Tripura/All/number/MarginalvsSmall,AgCensus2015-16,T2-4,Tripura,All,number,MarginalvsSmall,landholding,marginal holdings,small holdings,1,1,0,0,diff,a,,,,percent,SYNTHETIC,70.3,53.9,smoke-test fabrication; not a census value,SYNTHETIC_SMOKE_VALUE,,,,,,diff,a,True
AgCensus2015-16 T2-4 Tripura/Marginal/number/SCvsOthers,AgCensus2015-16,T2-4,Tripura,Marginal,number,SCvsOthers,social_group,Scheduled Castes,Other social groups,1,0,0,1,diff,b,,,,percent,SYNTHETIC,33.28,58.08,smoke-test fabrication; not a census value,SYNTHETIC_SMOKE_VALUE,,,,,,diff,b,True
AgCensus2015-16 T2-4 Tripura/Marginal/number/SCvsST,AgCensus2015-16,T2-4,Tripura,Marginal,number,SCvsST,social_group,Scheduled Castes,Scheduled Tribes,8,8,0,0,equal,c,,,,percent,SYNTHETIC,26.57,28.35,smoke-test fabrication; not a census value,SYNTHETIC_SMOKE_VALUE,,,,,,equal,c,True
AgCensus2015-16 T2-4 Tripura/Marginal/number/STvsOthers,AgCensus2015-16,T2-4,Tripura,Marginal,number,STvsOthers,social_group,Scheduled Tribes,Other social groups,1,0,1,0,diff,b,,,,percent,SYNTHETIC,31.92,59.11,smoke-test fabrication; not a census value,SYNTHETIC_SMOKE_VALUE,,,,,,diff,b,True
AgCensus2015-16 T2-4 Tripura/SC/number/MarginalvsMedium,AgCensus2015-16,T2-4,Tripura,SC,number,MarginalvsMedium,landholding,marginal holdings,medium holdings,1,0,0,1,diff,a,,,,percent,SYNTHETIC,68.33,45.32,smoke-test fabrication; not a census value,SYNTHETIC_SMOKE_VALUE,,,,,,diff,a,True
AgCensus2015-16 T2-4 Tripura/SC/number/MarginalvsSemi-medium,AgCensus2015-16,T2-4,Tripura,SC,number,MarginalvsSemi-medium,landholding,marginal holdings,semi-medium holdings,1,0,0,1,diff,a,,,,percent,SYNTHETIC,77.79,49.83,smoke-test fabrication; not a census value,SYNTHETIC_SMOKE_VALUE,,,,,,diff,a,True
AgCensus2015-16 T2-4 Tripura/SC/number/SmallvsSemi-medium,AgCensus2015-16,T2-4,Tripura,SC,number,SmallvsSemi-medium,landholding,small holdings,semi-medium holdings,3,3,0,0,equal,c,,,,percent,SYNTHETIC,25.95,30.55,smoke-test fabrication; not a census value,SYNTHETIC_SMOKE_VALUE,,,,,,equal,c,True
AgCensus2015-16 T2-4 Tripura/ST/area/SmallvsSemi-medium,AgCensus2015-16,T2-4,Tripura,ST,area,SmallvsSemi-medium,landholding,small operated area,semi-medium operated area,1,0,1,0,equal,c,,,,percent,SYNTHETIC,30.6,32.11,smoke-test fabrication; not a census value,SYNTHETIC_SMOKE_VALUE,,,,,,equal,c,True
AgCensus2015-16 T2-4 Tripura/ST/number/MarginalvsLarge,AgCensus2015-16,T2-4,Tripura,ST,number,MarginalvsLarge,landholding,marginal holdings,large holdings,1,0,1,0,diff,a,,,,percent,SYNTHETIC,42.54,24.25,smoke-test fabrication; not a census value,SYNTHETIC_SMOKE_VALUE,,,,,,diff,a,True
AgCensus2015-16 T2-4 Tripura/ST/number/MarginalvsMedium,AgCensus2015-16,T2-4,Tripura,ST,number,MarginalvsMedium,landholding,marginal holdings,medium holdings,1,0,0,1,diff,a,,,,percent,SYNTHETIC,70.93,45.71,smoke-test fabrication; not a census value,SYNTHETIC_SMOKE_VALUE,,,,,,diff,a,True
AgCensus2015-16 T2-4 Tripura/ST/number/MarginalvsSemi-medium,AgCensus2015-16,T2-4,Tripura,ST,number,MarginalvsSemi-medium,landholding,marginal holdings,semi-medium holdings,1,1,0,0,diff,a,,,,percent,SYNTHETIC,64.06,39.66,smoke-test fabrication; not a census value,SYNTHETIC_SMOKE_VALUE,,,,,,diff,a,True
AgCensus2015-16 T2-4 Tripura/ST/number/MarginalvsSmall,AgCensus2015-16,T2-4,Tripura,ST,number,MarginalvsSmall,landholding,marginal holdings,small holdings,1,1,0,0,diff,a,,,,percent,SYNTHETIC,52.57,41.52,smoke-test fabrication; not a census value,SYNTHETIC_SMOKE_VALUE,,,,,,diff,a,True
AgCensus2015-16 T2-4 Tripura/ST/number/SmallvsLarge,AgCensus2015-16,T2-4,Tripura,ST,number,SmallvsLarge,landholding,small holdings,large holdings,1,0,0,1,diff,a,,,,percent,SYNTHETIC,84.18,59.88,smoke-test fabrication; not a census value,SYNTHETIC_SMOKE_VALUE,,,,,,diff,a,True
AgCensus2015-16 T2-4 Tripura/ST/number/SmallvsMedium,AgCensus2015-16,T2-4,Tripura,ST,number,SmallvsMedium,landholding,small holdings,medium holdings,1,1,0,0,diff,a,,,,percent,SYNTHETIC,57.94,45.29,smoke-test fabrication; not a census value,SYNTHETIC_SMOKE_VALUE,,,,,,diff,a,True
AgCensus2015-16 T2-4 Tripura/Small/number/SCvsOthers,AgCensus2015-16,T2-4,Tripura,Small,number,SCvsOthers,social_group,Scheduled Castes,Other social groups,1,0,0,1,diff,b,,,,percent,SYNTHETIC,48.03,71.51,smoke-test fabrication; not a census value,SYNTHETIC_SMOKE_VALUE,,,,,,diff,b,True
AgCensus2015-16 T2-4 Tripura/Small/number/SCvsST,AgCensus2015-16,T2-4,Tripura,Small,number,SCvsST,social_group,Scheduled Castes,Scheduled Tribes,1,1,0,0,diff,b,,,,percent,SYNTHETIC,26.63,54.47,smoke-test fabrication; not a census value,SYNTHETIC_SMOKE_VALUE,,,,,,diff,b,True
AgCensus2015-16 T2-4 Tripura/Small/number/STvsOthers,AgCensus2015-16,T2-4,Tripura,Small,number,STvsOthers,social_group,Scheduled Tribes,Other social groups,1,1,0,0,diff,a,,,,percent,SYNTHETIC,47.88,32.4,smoke-test fabrication; not a census value,SYNTHETIC_SMOKE_VALUE,,,,,,diff,a,True
AgCensus2015-16 T2-4 Uttar Pradesh/All Classes/number/SCvsOthers,AgCensus2015-16,T2-4,Uttar Pradesh,All Classes,number,SCvsOthers,social_group,Scheduled Castes,Other social groups,1,0,0,1,diff,b,,,,percent,SYNTHETIC,42.0,54.29,smoke-test fabrication; not a census value,SYNTHETIC_SMOKE_VALUE,,,,,,diff,b,True
AgCensus2015-16 T2-4 Uttar Pradesh/All Classes/number/SCvsST,AgCensus2015-16,T2-4,Uttar Pradesh,All Classes,number,SCvsST,social_group,Scheduled Castes,Scheduled Tribes,1,1,0,0,diff,a,,,,percent,SYNTHETIC,42.44,30.91,smoke-test fabrication; not a census value,SYNTHETIC_SMOKE_VALUE,,,,,,diff,a,True
AgCensus2015-16 T2-4 Uttar Pradesh/All Classes/number/STvsOthers,AgCensus2015-16,T2-4,Uttar Pradesh,All Classes,number,STvsOthers,social_group,Scheduled Tribes,Other social groups,1,1,0,0,diff,b,,,,percent,SYNTHETIC,40.4,51.7,smoke-test fabrication; not a census value,SYNTHETIC_SMOKE_VALUE,,,,,,diff,b,True
AgCensus2015-16 T2-4 Uttar Pradesh/All/area/SmallvsSemi-medium,AgCensus2015-16,T2-4,Uttar Pradesh,All,area,SmallvsSemi-medium,landholding,small operated area,semi-medium operated area,4,0,0,4,equal,c,,,,percent,SYNTHETIC,53.15,57.75,smoke-test fabrication; not a census value,SYNTHETIC_SMOKE_VALUE,,,,,,equal,c,True
AgCensus2015-16 T2-4 Uttar Pradesh/All/number/MarginalvsLarge,AgCensus2015-16,T2-4,Uttar Pradesh,All,number,MarginalvsLarge,landholding,marginal holdings,large holdings,1,1,0,0,diff,a,,,,percent,SYNTHETIC,51.02,32.62,smoke-test fabrication; not a census value,SYNTHETIC_SMOKE_VALUE,,,,,,diff,a,True
AgCensus2015-16 T2-4 Uttar Pradesh/All/number/MarginalvsMedium,AgCensus2015-16,T2-4,Uttar Pradesh,All,number,MarginalvsMedium,landholding,marginal holdings,medium holdings,1,1,0,0,diff,a,,,,percent,SYNTHETIC,66.08,51.6,smoke-test fabrication; not a census value,SYNTHETIC_SMOKE_VALUE,,,,,,diff,a,True
AgCensus2015-16 T2-4 Uttar Pradesh/All/number/MarginalvsSemi-medium,AgCensus2015-16,T2-4,Uttar Pradesh,All,number,MarginalvsSemi-medium,landholding,marginal holdings,semi-medium holdings,1,1,0,0,diff,a,,,,percent,SYNTHETIC,38.61,20.41,smoke-test fabrication; not a census value,SYNTHETIC_SMOKE_VALUE,,,,,,diff,a,True
AgCensus2015-16 T2-4 Uttar Pradesh/All/number/MarginalvsSmall,AgCensus2015-16,T2-4,Uttar Pradesh,All,number,MarginalvsSmall,landholding,marginal holdings,small holdings,1,1,0,0,diff,a,,,,percent,SYNTHETIC,48.67,24.71,smoke-test fabrication; not a census value,SYNTHETIC_SMOKE_VALUE,,,,,,diff,a,True
AgCensus2015-16 T2-4 Uttar Pradesh/All/number/Semi-mediumvsMedium,AgCensus2015-16,T2-4,Uttar Pradesh,All,number,Semi-mediumvsMedium,landholding,semi-medium holdings,medium holdings,4,4,0,0,equal,c,,,,percent,SYNTHETIC,34.16,38.6,smoke-test fabrication; not a census value,SYNTHETIC_SMOKE_VALUE,,,,,,equal,c,True
AgCensus2015-16 T2-4 Uttar Pradesh/All/number/SmallvsLarge,AgCensus2015-16,T2-4,Uttar Pradesh,All,number,SmallvsLarge,landholding,small holdings,large holdings,1,1,0,0,diff,a,,,,percent,SYNTHETIC,45.26,34.28,smoke-test fabrication; not a census value,SYNTHETIC_SMOKE_VALUE,,,,,,diff,a,True
AgCensus2015-16 T2-4 Uttar Pradesh/All/number/SmallvsMedium,AgCensus2015-16,T2-4,Uttar Pradesh,All,number,SmallvsMedium,landholding,small holdings,medium holdings,1,1,0,0,diff,a,,,,percent,SYNTHETIC,82.06,55.02,smoke-test fabrication; not a census value,SYNTHETIC_SMOKE_VALUE,,,,,,diff,a,True
AgCensus2015-16 T2-4 Uttar Pradesh/Large/number/SCvsOthers,AgCensus2015-16,T2-4,Uttar Pradesh,Large,number,SCvsOthers,social_group,Scheduled Castes,Other social groups,1,1,0,0,diff,b,,,,percent,SYNTHETIC,33.63,62.71,smoke-test fabrication; not a census value,SYNTHETIC_SMOKE_VALUE,,,,,,diff,b,True
AgCensus2015-16 T2-4 Uttar Pradesh/Large/number/STvsOthers,AgCensus2015-16,T2-4,Uttar Pradesh,Large,number,STvsOthers,social_group,Scheduled Tribes,Other social groups,1,1,0,0,diff,b,,,,percent,SYNTHETIC,58.1,74.15,smoke-test fabrication; not a census value,SYNTHETIC_SMOKE_VALUE,,,,,,diff,b,True
AgCensus2015-16 T2-4 Uttar Pradesh/Marginal/number/SCvsOthers,AgCensus2015-16,T2-4,Uttar Pradesh,Marginal,number,SCvsOthers,social_group,Scheduled Castes,Other social groups,1,0,0,1,diff,b,,,,percent,SYNTHETIC,20.39,37.45,smoke-test fabrication; not a census value,SYNTHETIC_SMOKE_VALUE,,,,,,diff,b,True
AgCensus2015-16 T2-4 Uttar Pradesh/Marginal/number/SCvsST,AgCensus2015-16,T2-4,Uttar Pradesh,Marginal,number,SCvsST,social_group,Scheduled Castes,Scheduled Tribes,1,0,0,1,diff,a,,,,percent,SYNTHETIC,43.32,29.04,smoke-test fabrication; not a census value,SYNTHETIC_SMOKE_VALUE,,,,,,diff,a,True
AgCensus2015-16 T2-4 Uttar Pradesh/Marginal/number/STvsOthers,AgCensus2015-16,T2-4,Uttar Pradesh,Marginal,number,STvsOthers,social_group,Scheduled Tribes,Other social groups,1,1,0,0,diff,b,,,,percent,SYNTHETIC,30.35,55.83,smoke-test fabrication; not a census value,SYNTHETIC_SMOKE_VALUE,,,,,,diff,b,True
AgCensus2015-16 T2-4 Uttar Pradesh/Medium/number/STvsOthers,AgCensus2015-16,T2-4,Uttar Pradesh,Medium,number,STvsOthers,social_group,Scheduled Tribes,Other social groups,1,0,0,1,diff,b,,,,percent,SYNTHETIC,49.42,73.43,smoke-test fabrication; not a census value,SYNTHETIC_SMOKE_VALUE,,,,,,diff,b,True
AgCensus2015-16 T2-4 Uttar Pradesh/SC/number/MarginalvsLarge,AgCensus2015-16,T2-4,Uttar Pradesh,SC,number,MarginalvsLarge,landholding,marginal holdings,large holdings,1,1,0,0,diff,a,,,,percent,SYNTHETIC,68.07,57.52,smoke-test fabrication; not a census value,SYNTHETIC_SMOKE_VALUE,,,,,,diff,a,True
AgCensus2015-16 T2-4 Uttar Pradesh/SC/number/MarginalvsMedium,AgCensus2015-16,T2-4,Uttar Pradesh,SC,number,MarginalvsMedium,landholding,marginal holdings,medium holdings,1,0,0,1,diff,a,,,,percent,SYNTHETIC,46.94,27.19,smoke-test fabrication; not a census value,SYNTHETIC_SMOKE_VALUE,,,,,,diff,a,True
AgCensus2015-16 T2-4 Uttar Pradesh/SC/number/MarginalvsSemi-medium,AgCensus2015-16,T2-4,Uttar Pradesh,SC,number,MarginalvsSemi-medium,landholding,marginal holdings,semi-medium holdings,1,0,0,1,diff,a,,,,percent,SYNTHETIC,56.66,36.67,smoke-test fabrication; not a census value,SYNTHETIC_SMOKE_VALUE,,,,,,diff,a,True
AgCensus2015-16 T2-4 Uttar Pradesh/SC/number/MarginalvsSmall,AgCensus2015-16,T2-4,Uttar Pradesh,SC,number,MarginalvsSmall,landholding,marginal holdings,small holdings,1,0,1,0,diff,a,,,,percent,SYNTHETIC,65.24,39.62,smoke-test fabrication; not a census value,SYNTHETIC_SMOKE_VALUE,,,,,,diff,a,True
AgCensus2015-16 T2-4 Uttar Pradesh/ST/area/MarginalvsMedium,AgCensus2015-16,T2-4,Uttar Pradesh,ST,area,MarginalvsMedium,landholding,marginal operated area,medium operated area,1,1,0,0,equal,c,,,,percent,SYNTHETIC,48.11,49.83,smoke-test fabrication; not a census value,SYNTHETIC_SMOKE_VALUE,,,,,,equal,c,True
AgCensus2015-16 T2-4 Uttar Pradesh/ST/area/MarginalvsSemi-medium,AgCensus2015-16,T2-4,Uttar Pradesh,ST,area,MarginalvsSemi-medium,landholding,marginal operated area,semi-medium operated area,1,0,0,1,equal,c,,,,percent,SYNTHETIC,22.93,25.53,smoke-test fabrication; not a census value,SYNTHETIC_SMOKE_VALUE,,,,,,equal,c,True
AgCensus2015-16 T2-4 Uttar Pradesh/ST/area/Semi-mediumvsMedium,AgCensus2015-16,T2-4,Uttar Pradesh,ST,area,Semi-mediumvsMedium,landholding,semi-medium operated area,medium operated area,1,1,0,0,equal,c,,,,percent,SYNTHETIC,26.91,29.88,smoke-test fabrication; not a census value,SYNTHETIC_SMOKE_VALUE,,,,,,equal,c,True
AgCensus2015-16 T2-4 Uttar Pradesh/ST/area/SmallvsMedium,AgCensus2015-16,T2-4,Uttar Pradesh,ST,area,SmallvsMedium,landholding,small operated area,medium operated area,1,1,0,0,equal,c,,,,percent,SYNTHETIC,57.23,62.09,smoke-test fabrication; not a census value,SYNTHETIC_SMOKE_VALUE,,,,,,equal,c,True
AgCensus2015-16 T2-4 Uttar Pradesh/ST/area/SmallvsSemi-medium,AgCensus2015-16,T2-4,Uttar Pradesh,ST,area,SmallvsSemi-medium,landholding,small operated area,semi-medium operated area,1,0,1,0,equal,c,,,,percent,SYNTHETIC,26.21,28.06,smoke-test fabrication; not a census value,SYNTHETIC_SMOKE_VALUE,,,,,,equal,c,True
AgCensus2015-16 T2-4 Uttar Pradesh/ST/number/MarginalvsLarge,AgCensus2015-16,T2-4,Uttar Pradesh,ST,number,MarginalvsLarge,landholding,marginal holdings,large holdings,1,1,0,0,diff,a,,,,percent,SYNTHETIC,45.49,21.69,smoke-test fabrication; not a census value,SYNTHETIC_SMOKE_VALUE,,,,,,diff,a,True
AgCensus2015-16 T2-4 Uttar Pradesh/ST/number/MarginalvsSemi-medium,AgCensus2015-16,T2-4,Uttar Pradesh,ST,number,MarginalvsSemi-medium,landholding,marginal holdings,semi-medium holdings,1,1,0,0,diff,a,,,,percent,SYNTHETIC,62.36,46.44,smoke-test fabrication; not a census value,SYNTHETIC_SMOKE_VALUE,,,,,,diff,a,True
AgCensus2015-16 T2-4 Uttar Pradesh/ST/number/MarginalvsSmall,AgCensus2015-16,T2-4,Uttar Pradesh,ST,number,MarginalvsSmall,landholding,marginal holdings,small holdings,1,1,0,0,diff,a,,,,percent,SYNTHETIC,78.39,56.97,smoke-test fabrication; not a census value,SYNTHETIC_SMOKE_VALUE,,,,,,diff,a,True
AgCensus2015-16 T2-4 Uttar Pradesh/ST/number/SmallvsLarge,AgCensus2015-16,T2-4,Uttar Pradesh,ST,number,SmallvsLarge,landholding,small holdings,large holdings,1,0,0,1,diff,a,,,,percent,SYNTHETIC,61.68,36.52,smoke-test fabrication; not a census value,SYNTHETIC_SMOKE_VALUE,,,,,,diff,a,True
AgCensus2015-16 T2-4 Uttar Pradesh/ST/number/SmallvsMedium,AgCensus2015-16,T2-4,Uttar Pradesh,ST,number,SmallvsMedium,landholding,small holdings,medium holdings,1,1,0,0,diff,a,,,,percent,SYNTHETIC,33.57,21.22,smoke-test fabrication; not a census value,SYNTHETIC_SMOKE_VALUE,,,,,,diff,a,True
AgCensus2015-16 T2-4 Uttar Pradesh/ST/number/SmallvsSemi-medium,AgCensus2015-16,T2-4,Uttar Pradesh,ST,number,SmallvsSemi-medium,landholding,small holdings,semi-medium holdings,1,1,0,0,diff,a,,,,percent,SYNTHETIC,54.37,39.93,smoke-test fabrication; not a census value,SYNTHETIC_SMOKE_VALUE,,,,,,diff,a,True
AgCensus2015-16 T2-4 Uttar Pradesh/Semi-medium/number/SCvsOthers,AgCensus2015-16,T2-4,Uttar Pradesh,Semi-medium,number,SCvsOthers,social_group,Scheduled Castes,Other social groups,1,1,0,0,diff,b,,,,percent,SYNTHETIC,32.92,56.96,smoke-test fabrication; not a census value,SYNTHETIC_SMOKE_VALUE,,,,,,diff,b,True
AgCensus2015-16 T2-4 Uttar Pradesh/Semi-medium/number/STvsOthers,AgCensus2015-16,T2-4,Uttar Pradesh,Semi-medium,number,STvsOthers,social_group,Scheduled Tribes,Other social groups,1,1,0,0,diff,b,,,,percent,SYNTHETIC,45.08,55.97,smoke-test fabrication; not a census value,SYNTHETIC_SMOKE_VALUE,,,,,,diff,b,True
AgCensus2015-16 T2-4 Uttar Pradesh/Small/number/SCvsOthers,AgCensus2015-16,T2-4,Uttar Pradesh,Small,number,SCvsOthers,social_group,Scheduled Castes,Other social groups,1,0,0,1,diff,b,,,,percent,SYNTHETIC,55.18,69.34,smoke-test fabrication; not a census value,SYNTHETIC_SMOKE_VALUE,,,,,,diff,b,True
AgCensus2015-16 T2-4 Uttar Pradesh/Small/number/SCvsST,AgCensus2015-16,T2-4,Uttar Pradesh,Small,number,SCvsST,social_group,Scheduled Castes,Scheduled Tribes,1,1,0,0,diff,a,,,,percent,SYNTHETIC,51.52,39.23,smoke-test fabrication; not a census value,SYNTHETIC_SMOKE_VALUE,,,,,,diff,a,True
AgCensus2015-16 T2-4 Uttar Pradesh/Small/number/STvsOthers,AgCensus2015-16,T2-4,Uttar Pradesh,Small,number,STvsOthers,social_group,Scheduled Tribes,Other social groups,1,1,0,0,diff,b,,,,percent,SYNTHETIC,38.86,59.33,smoke-test fabrication; not a census value,SYNTHETIC_SMOKE_VALUE,,,,,,diff,b,True
AgCensus2015-16 T2-4 Uttarakhand/All Classes/area/SCvsST,AgCensus2015-16,T2-4,Uttarakhand,All Classes,area,SCvsST,social_group,Scheduled Castes,Scheduled Tribes,8,8,0,0,equal,c,,,,percent,SYNTHETIC,27.43,31.95,smoke-test fabrication; not a census value,SYNTHETIC_SMOKE_VALUE,,,,,,equal,c,True
AgCensus2015-16 T2-4 Uttarakhand/All Classes/number/SCvsOthers,AgCensus2015-16,T2-4,Uttarakhand,All Classes,number,SCvsOthers,social_group,Scheduled Castes,Other social groups,1,1,0,0,diff,b,,,,percent,SYNTHETIC,38.45,51.63,smoke-test fabrication; not a census value,SYNTHETIC_SMOKE_VALUE,,,,,,diff,b,True
AgCensus2015-16 T2-4 Uttarakhand/All Classes/number/SCvsST,AgCensus2015-16,T2-4,Uttarakhand,All Classes,number,SCvsST,social_group,Scheduled Castes,Scheduled Tribes,1,1,0,0,diff,a,,,,percent,SYNTHETIC,49.89,39.41,smoke-test fabrication; not a census value,SYNTHETIC_SMOKE_VALUE,,,,,,diff,a,True
AgCensus2015-16 T2-4 Uttarakhand/All Classes/number/STvsOthers,AgCensus2015-16,T2-4,Uttarakhand,All Classes,number,STvsOthers,social_group,Scheduled Tribes,Other social groups,1,1,0,0,diff,b,,,,percent,SYNTHETIC,43.41,61.15,smoke-test fabrication; not a census value,SYNTHETIC_SMOKE_VALUE,,,,,,diff,b,True
AgCensus2015-16 T2-4 Uttarakhand/All/number/MarginalvsLarge,AgCensus2015-16,T2-4,Uttarakhand,All,number,MarginalvsLarge,landholding,marginal holdings,large holdings,1,1,0,0,diff,a,,,,percent,SYNTHETIC,44.87,20.74,smoke-test fabrication; not a census value,SYNTHETIC_SMOKE_VALUE,,,,,,diff,a,True
AgCensus2015-16 T2-4 Uttarakhand/All/number/MarginalvsMedium,AgCensus2015-16,T2-4,Uttarakhand,All,number,MarginalvsMedium,landholding,marginal holdings,medium holdings,1,1,0,0,diff,a,,,,percent,SYNTHETIC,40.97,27.96,smoke-test fabrication; not a census value,SYNTHETIC_SMOKE_VALUE,,,,,,diff,a,True
AgCensus2015-16 T2-4 Uttarakhand/All/number/MarginalvsSemi-medium,AgCensus2015-16,T2-4,Uttarakhand,All,number,MarginalvsSemi-medium,landholding,marginal holdings,semi-medium holdings,1,1,0,0,diff,a,,,,percent,SYNTHETIC,40.6,21.54,smoke-test fabrication; not a census value,SYNTHETIC_SMOKE_VALUE,,,,,,diff,a,True
AgCensus2015-16 T2-4 Uttarakhand/All/number/MarginalvsSmall,AgCensus2015-16,T2-4,Uttarakhand,All,number,MarginalvsSmall,landholding,marginal holdings,small holdings,1,0,0,1,diff,a,,,,percent,SYNTHETIC,60.65,44.16,smoke-test fabrication; not a census value,SYNTHETIC_SMOKE_VALUE,,,,,,diff,a,True
AgCensus2015-16 T2-4 Uttarakhand/All/number/Semi-mediumvsMedium,AgCensus2015-16,T2-4,Uttarakhand,All,number,Semi-mediumvsMedium,landholding,semi-medium holdings,medium holdings,4,0,4,0,equal,c,,,,percent,SYNTHETIC,59.96,64.15,smoke-test fabrication; not a census value,SYNTHETIC_SMOKE_VALUE,,,,,,equal,c,True
AgCensus2015-16 T2-4 Uttarakhand/All/number/SmallvsLarge,AgCensus2015-16,T2-4,Uttarakhand,All,number,SmallvsLarge,landholding,small holdings,large holdings,1,0,0,1,diff,a,,,,percent,SYNTHETIC,60.5,50.06,smoke-test fabrication; not a census value,SYNTHETIC_SMOKE_VALUE,,,,,,diff,a,True
AgCensus2015-16 T2-4 Uttarakhand/All/number/SmallvsMedium,AgCensus2015-16,T2-4,Uttarakhand,All,number,SmallvsMedium,landholding,small holdings,medium holdings,1,1,0,0,diff,a,,,,percent,SYNTHETIC,76.59,54.39,smoke-test fabrication; not a census value,SYNTHETIC_SMOKE_VALUE,,,,,,diff,a,True
AgCensus2015-16 T2-4 Uttarakhand/All/number/SmallvsSemi-medium,AgCensus2015-16,T2-4,Uttarakhand,All,number,SmallvsSemi-medium,landholding,small holdings,semi-medium holdings,1,0,0,1,diff,a,,,,percent,SYNTHETIC,64.82,40.88,smoke-test fabrication; not a census value,SYNTHETIC_SMOKE_VALUE,,,,,,diff,a,True
AgCensus2015-16 T2-4 Uttarakhand/Marginal/number/SCvsST,AgCensus2015-16,T2-4,Uttarakhand,Marginal,number,SCvsST,social_group,Scheduled Castes,Scheduled Tribes,1,1,0,0,diff,a,,,,percent,SYNTHETIC,71.19,52.36,smoke-test fabrication; not a census value,SYNTHETIC_SMOKE_VALUE,,,,,,diff,a,True
AgCensus2015-16 T2-4 Uttarakhand/Marginal/number/STvsOthers,AgCensus2015-16,T2-4,Uttarakhand,Marginal,number,STvsOthers,social_group,Scheduled Tribes,Other social groups,1,1,0,0,diff,b,,,,percent,SYNTHETIC,45.29,67.09,smoke-test fabrication; not a census value,SYNTHETIC_SMOKE_VALUE,,,,,,diff,b,True
AgCensus2015-16 T2-4 Uttarakhand/SC/number/MarginalvsLarge,AgCensus2015-16,T2-4,Uttarakhand,SC,number,MarginalvsLarge,landholding,marginal holdings,large holdings,1,0,0,1,diff,a,,,,percent,SYNTHETIC,49.37,38.45,smoke-test fabrication; not a census value,SYNTHETIC_SMOKE_VALUE,,,,,,diff,a,True
AgCensus2015-16 T2-4 Uttarakhand/SC/number/MarginalvsMedium,AgCensus2015-16,T2-4,Uttarakhand,SC,number,MarginalvsMedium,landholding,marginal holdings,medium holdings,1,0,0,1,diff,a,,,,percent,SYNTHETIC,46.66,33.36,smoke-test fabrication; not a census value,SYNTHETIC_SMOKE_VALUE,,,,,,diff,a,True
AgCensus2015-16 T2-4 Uttarakhand/SC/number/MarginalvsSemi-medium,AgCensus2015-16,T2-4,Uttarakhand,SC,number,MarginalvsSemi-medium,landholding,marginal holdings,semi-medium holdings,1,0,0,1,diff,a,,,,percent,SYNTHETIC,53.14,39.12,smoke-test fabrication; not a census value,SYNTHETIC_SMOKE_VALUE,,,,,,diff,a,True
AgCensus2015-16 T2-4 Uttarakhand/SC/number/MarginalvsSmall,AgCensus2015-16,T2-4,Uttarakhand,SC,number,MarginalvsSmall,landholding,marginal holdings,small holdings,1,0,0,1,diff,a,,,,percent,SYNTHETIC,68.89,51.12,smoke-test fabrication; not a census value,SYNTHETIC_SMOKE_VALUE,,,,,,diff,a,True
AgCensus2015-16 T2-4 Uttarakhand/ST/area/MarginalvsSmall,AgCensus2015-16,T2-4,Uttarakhand,ST,area,MarginalvsSmall,landholding,marginal operated area,small operated area,1,1,0,0,equal,c,,,,percent,SYNTHETIC,28.42,28.46,smoke-test fabrication; not a census value,SYNTHETIC_SMOKE_VALUE,,,,,,equal,c,True
AgCensus2015-16 T2-4 Uttarakhand/ST/number/MarginalvsMedium,AgCensus2015-16,T2-4,Uttarakhand,ST,number,MarginalvsMedium,landholding,marginal holdings,medium holdings,1,0,0,1,diff,a,,,,percent,SYNTHETIC,74.87,54.32,smoke-test fabrication; not a census value,SYNTHETIC_SMOKE_VALUE,,,,,,diff,a,True
AgCensus2015-16 T2-4 Uttarakhand/ST/number/MarginalvsSemi-medium,AgCensus2015-16,T2-4,Uttarakhand,ST,number,MarginalvsSemi-medium,landholding,marginal holdings,semi-medium holdings,1,1,0,0,diff,a,,,,percent,SYNTHETIC,64.87,45.49,smoke-test fabrication; not a census value,SYNTHETIC_SMOKE_VALUE,,,,,,diff,a,True
AgCensus2015-16 T2-4 Uttarakhand/ST/number/MarginalvsSmall,AgCensus2015-16,T2-4,Uttarakhand,ST,number,MarginalvsSmall,landholding,marginal holdings,small holdings,1,1,0,0,diff,a,,,,percent,SYNTHETIC,68.19,54.9,smoke-test fabrication; not a census value,SYNTHETIC_SMOKE_VALUE,,,,,,diff,a,True
AgCensus2015-16 T2-4 Uttarakhand/ST/number/SmallvsMedium,AgCensus2015-16,T2-4,Uttarakhand,ST,number,SmallvsMedium,landholding,small holdings,medium holdings,4,4,0,0,equal,c,,,,percent,SYNTHETIC,56.14,60.46,smoke-test fabrication; not a census value,SYNTHETIC_SMOKE_VALUE,,,,,,equal,c,True
AgCensus2015-16 T2-4 Uttarakhand/ST/number/SmallvsSemi-medium,AgCensus2015-16,T2-4,Uttarakhand,ST,number,SmallvsSemi-medium,landholding,small holdings,semi-medium holdings,3,3,0,0,equal,c,,,,percent,SYNTHETIC,58.08,61.82,smoke-test fabrication; not a census value,SYNTHETIC_SMOKE_VALUE,,,,,,equal,c,True
AgCensus2015-16 T2-4 Uttarakhand/Semi-medium/area/SCvsST,AgCensus2015-16,T2-4,Uttarakhand,Semi-medium,area,SCvsST,social_group,Scheduled Castes,Scheduled Tribes,1,1,0,0,equal,c,,,,percent,SYNTHETIC,40.62,44.0,smoke-test fabrication; not a census value,SYNTHETIC_SMOKE_VALUE,,,,,,equal,c,True
AgCensus2015-16 T2-4 Uttarakhand/Semi-medium/number/SCvsOthers,AgCensus2015-16,T2-4,Uttarakhand,Semi-medium,number,SCvsOthers,social_group,Scheduled Castes,Other social groups,1,1,0,0,diff,b,,,,percent,SYNTHETIC,49.56,73.2,smoke-test fabrication; not a census value,SYNTHETIC_SMOKE_VALUE,,,,,,diff,b,True
AgCensus2015-16 T2-4 Uttarakhand/Semi-medium/number/SCvsST,AgCensus2015-16,T2-4,Uttarakhand,Semi-medium,number,SCvsST,social_group,Scheduled Castes,Scheduled Tribes,8,0,0,8,equal,c,,,,percent,SYNTHETIC,59.53,63.53,smoke-test fabrication; not a census value,SYNTHETIC_SMOKE_VALUE,,,,,,equal,c,True
AgCensus2015-16 T2-4 Uttarakhand/Semi-medium/number/STvsOthers,AgCensus2015-16,T2-4,Uttarakhand,Semi-medium,number,STvsOthers,social_group,Scheduled Tribes,Other social groups,1,1,0,0,diff,b,,,,percent,SYNTHETIC,59.22,73.78,smoke-test fabrication; not a census value,SYNTHETIC_SMOKE_VALUE,,,,,,diff,b,True
AgCensus2015-16 T2-4 Uttarakhand/Small/area/SCvsST,AgCensus2015-16,T2-4,Uttarakhand,Small,area,SCvsST,social_group,Scheduled Castes,Scheduled Tribes,1,0,0,1,equal,c,,,,percent,SYNTHETIC,58.56,60.95,smoke-test fabrication; not a census value,SYNTHETIC_SMOKE_VALUE,,,,,,equal,c,True
AgCensus2015-16 T2-4 Uttarakhand/Small/number/SCvsOthers,AgCensus2015-16,T2-4,Uttarakhand,Small,number,SCvsOthers,social_group,Scheduled Castes,Other social groups,1,0,0,1,diff,b,,,,percent,SYNTHETIC,28.61,40.37,smoke-test fabrication; not a census value,SYNTHETIC_SMOKE_VALUE,,,,,,diff,b,True
AgCensus2015-16 T2-4 Uttarakhand/Small/number/SCvsST,AgCensus2015-16,T2-4,Uttarakhand,Small,number,SCvsST,social_group,Scheduled Castes,Scheduled Tribes,8,0,0,8,equal,c,,,,percent,SYNTHETIC,56.54,61.3,smoke-test fabrication; not a census value,SYNTHETIC_SMOKE_VALUE,,,,,,equal,c,True
AgCensus2015-16 T2-4 Uttarakhand/Small/number/STvsOthers,AgCensus2015-16,T2-4,Uttarakhand,Small,number,STvsOthers,social_group,Scheduled Tribes,Other social groups,1,1,0,0,diff,b,,,,percent,SYNTHETIC,33.63,60.58,smoke-test fabrication; not a census value,SYNTHETIC_SMOKE_VALUE,,,,,,diff,b,True
AgCensus2015-16 T2-4 West Bengal/All Classes/number/SCvsOthers,AgCensus2015-16,T2-4,West Bengal,All Classes,number,SCvsOthers,social_group,Scheduled Castes,Other social groups,1,1,0,0,diff,b,,,,percent,SYNTHETIC,49.39,65.57,smoke-test fabrication; not a census value,SYNTHETIC_SMOKE_VALUE,,,,,,diff,b,True
AgCensus2015-16 T2-4 West Bengal/All Classes/number/SCvsST,AgCensus2015-16,T2-4,West Bengal,All Classes,number,SCvsST,social_group,Scheduled Castes,Scheduled Tribes,1,1,0,0,diff,a,,,,percent,SYNTHETIC,59.49,35.95,smoke-test fabrication; not a census value,SYNTHETIC_SMOKE_VALUE,,,,,,diff,a,True
AgCensus2015-16 T2-4 West Bengal/All Classes/number/STvsOthers,AgCensus2015-16,T2-4,West Bengal,All Classes,number,STvsOthers,social_group,Scheduled Tribes,Other social groups,1,0,0,1,diff,b,,,,percent,SYNTHETIC,47.94,73.54,smoke-test fabrication; not a census value,SYNTHETIC_SMOKE_VALUE,,,,,,diff,b,True
AgCensus2015-16 T2-4 West Bengal/All/number/MarginalvsLarge,AgCensus2015-16,T2-4,West Bengal,All,number,MarginalvsLarge,landholding,marginal holdings,large holdings,1,1,0,0,diff,a,,,,percent,SYNTHETIC,36.21,24.34,smoke-test fabrication; not a census value,SYNTHETIC_SMOKE_VALUE,,,,,,diff,a,True
AgCensus2015-16 T2-4 West Bengal/All/number/MarginalvsMedium,AgCensus2015-16,T2-4,West Bengal,All,number,MarginalvsMedium,landholding,marginal holdings,medium holdings,1,1,0,0,diff,a,,,,percent,SYNTHETIC,57.01,28.79,smoke-test fabrication; not a census value,SYNTHETIC_SMOKE_VALUE,,,,,,diff,a,True
AgCensus2015-16 T2-4 West Bengal/All/number/MarginalvsSemi-medium,AgCensus2015-16,T2-4,West Bengal,All,number,MarginalvsSemi-medium,landholding,marginal holdings,semi-medium holdings,1,1,0,0,diff,a,,,,percent,SYNTHETIC,65.81,45.95,smoke-test fabrication; not a census value,SYNTHETIC_SMOKE_VALUE,,,,,,diff,a,True
AgCensus2015-16 T2-4 West Bengal/All/number/MarginalvsSmall,AgCensus2015-16,T2-4,West Bengal,All,number,MarginalvsSmall,landholding,marginal holdings,small holdings,1,1,0,0,diff,a,,,,percent,SYNTHETIC,66.12,54.61,smoke-test fabrication; not a census value,SYNTHETIC_SMOKE_VALUE,,,,,,diff,a,True
AgCensus2015-16 T2-4 West Bengal/All/number/SmallvsLarge,AgCensus2015-16,T2-4,West Bengal,All,number,SmallvsLarge,landholding,small holdings,large holdings,1,1,0,0,diff,a,,,,percent,SYNTHETIC,49.44,27.64,smoke-test fabrication; not a census value,SYNTHETIC_SMOKE_VALUE,,,,,,diff,a,True
AgCensus2015-16 T2-4 West Bengal/All/number/SmallvsMedium,AgCensus2015-16,T2-4,West Bengal,All,number,SmallvsMedium,landholding,small holdings,medium holdings,1,1,0,0,diff,a,,,,percent,SYNTHETIC,40.11,25.24,smoke-test fabrication; not a census value,SYNTHETIC_SMOKE_VALUE,,,,,,diff,a,True
AgCensus2015-16 T2-4 West Bengal/Marginal/number/SCvsOthers,AgCensus2015-16,T2-4,West Bengal,Marginal,number,SCvsOthers,social_group,Scheduled Castes,Other social groups,1,0,0,1,diff,b,,,,percent,SYNTHETIC,25.17,39.08,smoke-test fabrication; not a census value,SYNTHETIC_SMOKE_VALUE,,,,,,diff,b,True
AgCensus2015-16 T2-4 West Bengal/Marginal/number/SCvsST,AgCensus2015-16,T2-4,West Bengal,Marginal,number,SCvsST,social_group,Scheduled Castes,Scheduled Tribes,1,1,0,0,diff,a,,,,percent,SYNTHETIC,53.47,36.0,smoke-test fabrication; not a census value,SYNTHETIC_SMOKE_VALUE,,,,,,diff,a,True
AgCensus2015-16 T2-4 West Bengal/Marginal/number/STvsOthers,AgCensus2015-16,T2-4,West Bengal,Marginal,number,STvsOthers,social_group,Scheduled Tribes,Other social groups,1,1,0,0,diff,b,,,,percent,SYNTHETIC,56.4,71.17,smoke-test fabrication; not a census value,SYNTHETIC_SMOKE_VALUE,,,,,,diff,b,True
AgCensus2015-16 T2-4 West Bengal/SC/number/MarginalvsLarge,AgCensus2015-16,T2-4,West Bengal,SC,number,MarginalvsLarge,landholding,marginal holdings,large holdings,1,0,0,1,diff,a,,,,percent,SYNTHETIC,59.42,33.9,smoke-test fabrication; not a census value,SYNTHETIC_SMOKE_VALUE,,,,,,diff,a,True
AgCensus2015-16 T2-4 West Bengal/SC/number/MarginalvsMedium,AgCensus2015-16,T2-4,West Bengal,SC,number,MarginalvsMedium,landholding,marginal holdings,medium holdings,1,0,0,1,diff,a,,,,percent,SYNTHETIC,80.43,58.96,smoke-test fabrication; not a census value,SYNTHETIC_SMOKE_VALUE,,,,,,diff,a,True
AgCensus2015-16 T2-4 West Bengal/SC/number/MarginalvsSemi-medium,AgCensus2015-16,T2-4,West Bengal,SC,number,MarginalvsSemi-medium,landholding,marginal holdings,semi-medium holdings,1,0,0,1,diff,a,,,,percent,SYNTHETIC,44.92,22.68,smoke-test fabrication; not a census value,SYNTHETIC_SMOKE_VALUE,,,,,,diff,a,True
AgCensus2015-16 T2-4 West Bengal/SC/number/MarginalvsSmall,AgCensus2015-16,T2-4,West Bengal,SC,number,MarginalvsSmall,landholding,marginal holdings,small holdings,1,1,0,0,diff,a,,,,percent,SYNTHETIC,39.81,23.8,smoke-test fabrication; not a census value,SYNTHETIC_SMOKE_VALUE,,,,,,diff,a,True
AgCensus2015-16 T2-4 West Bengal/SC/number/SmallvsLarge,AgCensus2015-16,T2-4,West Bengal,SC,number,SmallvsLarge,landholding,small holdings,large holdings,1,1,0,0,diff,a,,,,percent,SYNTHETIC,45.7,27.78,smoke-test fabrication; not a census value,SYNTHETIC_SMOKE_VALUE,,,,,,diff,a,True
AgCensus2015-16 T2-4 West Bengal/SC/number/SmallvsMedium,AgCensus2015-16,T2-4,West Bengal,SC,number,SmallvsMedium,landholding,small holdings,medium holdings,1,0,0,1,diff,a,,,,percent,SYNTHETIC,78.26,58.93,smoke-test fabrication; not a census value,SYNTHETIC_SMOKE_VALUE,,,,,,diff,a,True
AgCensus2015-16 T2-4 West Bengal/Semi-medium/number/SCvsOthers,AgCensus2015-16,T2-4,West Bengal,Semi-medium,number,SCvsOthers,social_group,Scheduled Castes,Other social groups,1,1,0,0,diff,b,,,,percent,SYNTHETIC,53.37,65.67,smoke-test fabrication; not a census value,SYNTHETIC_SMOKE_VALUE,,,,,,diff,b,True
AgCensus2015-16 T2-4 West Bengal/Semi-medium/number/STvsOthers,AgCensus2015-16,T2-4,West Bengal,Semi-medium,number,STvsOthers,social_group,Scheduled Tribes,Other social groups,1,1,0,0,diff,b,,,,percent,SYNTHETIC,30.46,50.38,smoke-test fabrication; not a census value,SYNTHETIC_SMOKE_VALUE,,,,,,diff,b,True
AgCensus2015-16 T2-4 West Bengal/Small/number/SCvsOthers,AgCensus2015-16,T2-4,West Bengal,Small,number,SCvsOthers,social_group,Scheduled Castes,Other social groups,1,0,0,1,diff,b,,,,percent,SYNTHETIC,40.64,69.51,smoke-test fabrication; not a census value,SYNTHETIC_SMOKE_VALUE,,,,,,diff,b,True
AgCensus2015-16 T2-4 West Bengal/Small/number/SCvsST,AgCensus2015-16,T2-4,West Bengal,Small,number,SCvsST,social_group,Scheduled Castes,Scheduled Tribes,1,1,0,0,diff,a,,,,percent,SYNTHETIC,81.26,53.7,smoke-test fabrication; not a census value,SYNTHETIC_SMOKE_VALUE,,,,,,diff,a,True
AgCensus2015-16 T2-4 West Bengal/Small/number/STvsOthers,AgCensus2015-16,T2-4,West Bengal,Small,number,STvsOthers,social_group,Scheduled Tribes,Other social groups,1,0,0,1,diff,b,,,,percent,SYNTHETIC,28.72,51.93,smoke-test fabrication; not a census value,SYNTHETIC_SMOKE_VALUE,,,,,,diff,b,True
