source_cell,edition,table,state,size_class,metric,comparison,axis,group1,group2,n_items_total,n_items_train,n_items_validation,n_items_test,frozen_condition,frozen_gold_letter,page_or_sheet,source_url_or_doc_hash,extraction_method,units,denominator_or_stratum,group1_value,group2_value,notes,verification_status,checker,checked_date,second_checker,adjudicated_date,discrepancy_type
AgCensus2015-16 T14-16 All/Large/area/MvF,AgCensus2015-16,T14-16,All,Large,area,MvF,gender,men,women,6,6,0,0,diff,a,,,,,,,,,unverified,,,,,
AgCensus2015-16 T14-16 All/Large/number/MvF,AgCensus2015-16,T14-16,All,Large,number,MvF,gender,men,women,4,0,0,4,diff,a,,,,,,,,,unverified,,,,,
AgCensus2015-16 T14-16 All/Marginal/area/MvF,AgCensus2015-16,T14-16,All,Marginal,area,MvF,gender,men,women,2,0,0,2,diff,a,,,,,,,,,unverified,,,,,
AgCensus2015-16 T14-16 All/Marginal/number/MvF,AgCensus2015-16,T14-16,All,Marginal,number,MvF,gender,men,women,4,0,4,0,diff,a,,,,,,,,,unverified,,,,,
AgCensus2015-16 T14-16 All/Medium/area/MvF,AgCensus2015-16,T14-16,All,Medium,area,MvF,gender,men,women,3,0,0,3,diff,a,,,,,,,,,unverified,,,,,
AgCensus2015-16 T14-16 All/Medium/number/MvF,AgCensus2015-16,T14-16,All,Medium,number,MvF,gender,men,women,2,2,0,0,diff,a,,,,,,,,,unverified,,,,,
AgCensus2015-16 T14-16 All/Small/area/MvF,AgCensus2015-16,T14-16,All,Small,area,MvF,gender,men,women,6,0,0,6,diff,a,,,,,,,,,unverified,,,,,
AgCensus2015-16 T14-16 All/Small/number/MvF,AgCensus2015-16,T14-16,All,Small,number,MvF,gender,men,women,2,0,0,2,diff,a,,,,,,,,,unverified,,,,,
AgCensus2015-16 T14-16 All/femaleShare/area/LargevsMedium,AgCensus2015-16,T14-16,All,femaleShare,area,LargevsMedium,gender,large operated area,medium operated area,3,0,0,3,equal,c,,,,,,,,,unverified,,,,,
AgCensus2015-16 T14-16 All/femaleShare/area/MarginalvsMedium,AgCensus2015-16,T14-16,All,femaleShare,area,MarginalvsMedium,gender,marginal operated area,medium operated area,3,3,0,0,equal,c,,,,,,,,,unverified,,,,,
AgCensus2015-16 T14-16 All/femaleShare/area/MarginalvsSmall,AgCensus2015-16,T14-16,All,femaleShare,area,MarginalvsSmall,gender,marginal operated area,small operated area,4,4,0,0,equal,c,,,,,,,,,unverified,,,,,
AgCensus2015-16 T14-16 All/femaleShare/area/MediumvsSmall,AgCensus2015-16,T14-16,All,femaleShare,area,MediumvsSmall,gender,medium operated area,small operated area,3,3,0,0,equal,c,,,,,,,,,unverified,,,,,
AgCensus2015-16 T14-16 All/femaleShare/number/LargevsMedium,AgCensus2015-16,T14-16,All,femaleShare,number,LargevsMedium,gender,large holdings,medium holdings,4,0,0,4,equal,c,,,,,,,,,unverified,,,,,
AgCensus2015-16 T14-16 All/femaleShare/number/MarginalvsMedium,AgCensus2015-16,T14-16,All,femaleShare,number,MarginalvsMedium,gender,marginal holdings,medium holdings,4,0,0,4,equal,c,,,,,,,,,unverified,,,,,
AgCensus2015-16 T14-16 All/femaleShare/number/MarginalvsSmall,AgCensus2015-16,T14-16,All,femaleShare,number,MarginalvsSmall,gender,marginal holdings,small holdings,2,2,0,0,equal,c,,,,,,,,,unverified,,,,,
AgCensus2015-16 T14-16 All/femaleShare/number/MediumvsSmall,AgCensus2015-16,T14-16,All,femaleShare,number,MediumvsSmall,gender,medium holdings,small holdings,5,5,0,0,equal,c,,,,,,,,,unverified,,,,,
AgCensus2015-16 T14-16 SC/Large/area/MvF,AgCensus2015-16,T14-16,SC,Large,area,MvF,gender,men,women,3,3,0,0,diff,a,,,,,,,,,unverified,,,,,
AgCensus2015-16 T14-16 SC/Large/number/MvF,AgCensus2015-16,T14-16,SC,Large,number,MvF,gender,men,women,5,0,0,5,diff,a,,,,,,,,,unverified,,,,,
AgCensus2015-16 T14-16 SC/Marginal/area/MvF,AgCensus2015-16,T14-16,SC,Marginal,area,MvF,gender,men,women,1,1,0,0,diff,a,,,,,,,,,unverified,,,,,
AgCensus2015-16 T14-16 SC/Marginal/number/MvF,AgCensus2015-16,T14-16,SC,Marginal,number,MvF,gender,men,women,5,5,0,0,diff,a,,,,,,,,,unverified,,,,,
AgCensus2015-16 T14-16 SC/Medium/area/MvF,AgCensus2015-16,T14-16,SC,Medium,area,MvF,gender,men,women,6,0,0,6,diff,a,,,,,,,,,unverified,,,,,
AgCensus2015-16 T14-16 SC/Medium/number/MvF,AgCensus2015-16,T14-16,SC,Medium,number,MvF,gender,men,women,5,5,0,0,diff,a,,,,,,,,,unverified,,,,,
AgCensus2015-16 T14-16 SC/Small/area/MvF,AgCensus2015-16,T14-16,SC,Small,area,MvF,gender,men,women,5,0,5,0,diff,a,,,,,,,,,unverified,,,,,
AgCensus2015-16 T14-16 SC/Small/number/MvF,AgCensus2015-16,T14-16,SC,Small,number,MvF,gender,men,women,4,0,0,4,diff,a,,,,,,,,,unverified,,,,,
AgCensus2015-16 T14-16 SC/femaleShare/area/LargevsMedium,AgCensus2015-16,T14-16,SC,femaleShare,area,LargevsMedium,gender,large operated area,medium operated area,2,0,0,2,equal,c,,,,,,,,,unverified,,,,,
AgCensus2015-16 T14-16 SC/femaleShare/area/LargevsSmall,AgCensus2015-16,T14-16,SC,femaleShare,area,LargevsSmall,gender,large operated area,small operated area,6,6,0,0,equal,c,,,,,,,,,unverified,,,,,
AgCensus2015-16 T14-16 SC/femaleShare/area/MarginalvsMedium,AgCensus2015-16,T14-16,SC,femaleShare,area,MarginalvsMedium,gender,marginal operated area,medium operated area,2,0,2,0,equal,c,,,,,,,,,unverified,,,,,
AgCensus2015-16 T14-16 SC/femaleShare/area/MarginalvsSmall,AgCensus2015-16,T14-16,SC,femaleShare,area,MarginalvsSmall,gender,marginal operated area,small operated area,5,5,0,0,equal,c,,,,,,,,,unverified,,,,,
AgCensus2015-16 T14-16 SC/femaleShare/area/MediumvsSmall,AgCensus2015-16,T14-16,SC,femaleShare,area,MediumvsSmall,gender,medium operated area,small operated area,2,2,0,0,equal,c,,,,,,,,,unverified,,,,,
AgCensus2015-16 T14-16 SC/femaleShare/number/LargevsMedium,AgCensus2015-16,T14-16,SC,femaleShare,number,LargevsMedium,gender,large holdings,medium holdings,6,0,0,6,equal,c,,,,,,,,,unverified,,,,,
AgCensus2015-16 T14-16 SC/femaleShare/number/LargevsSmall,AgCensus2015-16,T14-16,SC,femaleShare,number,LargevsSmall,gender,large holdings,small holdings,5,5,0,0,equal,c,,,,,,,,,unverified,,,,,
AgCensus2015-16 T14-16 SC/femaleShare/number/MarginalvsMedium,AgCensus2015-16,T14-16,SC,femaleShare,number,MarginalvsMedium,gender,marginal holdings,medium holdings,3,0,0,3,equal,c,,,,,,,,,unverified,,,,,
AgCensus2015-16 T14-16 SC/femaleShare/number/MarginalvsSmall,AgCensus2015-16,T14-16,SC,femaleShare,number,MarginalvsSmall,gender,marginal holdings,small holdings,4,4,0,0,equal,c,,,,,,,,,unverified,,,,,
AgCensus2015-16 T14-16 SC/femaleShare/number/MediumvsSmall,AgCensus2015-16,T14-16,SC,femaleShare,number,MediumvsSmall,gender,medium holdings,small holdings,4,4,0,0,equal,c,,,,,,,,,unverified,,,,,
AgCensus2015-16 T14-16 ST/Large/area/MvF,AgCensus2015-16,T14-16,ST,Large,area,MvF,gender,men,women,5,5,0,0,diff,a,,,,,,,,,unverified,,,,,
AgCensus2015-16 T14-16 ST/Large/number/MvF,AgCensus2015-16,T14-16,ST,Large,number,MvF,gender,men,women,3,0,0,3,diff,a,,,,,,,,,unverified,,,,,
AgCensus2015-16 T14-16 ST/Marginal/area/MvF,AgCensus2015-16,T14-16,ST,Marginal,area,MvF,gender,men,women,4,4,0,0,diff,a,,,,,,,,,unverified,,,,,
AgCensus2015-16 T14-16 ST/Marginal/number/MvF,AgCensus2015-16,T14-16,ST,Marginal,number,MvF,gender,men,women,5,5,0,0,diff,a,,,,,,,,,unverified,,,,,
AgCensus2015-16 T14-16 ST/Medium/number/MvF,AgCensus2015-16,T14-16,ST,Medium,number,MvF,gender,men,women,5,5,0,0,diff,a,,,,,,,,,unverified,,,,,
AgCensus2015-16 T14-16 ST/Small/number/MvF,AgCensus2015-16,T14-16,ST,Small,number,MvF,gender,men,women,5,0,0,5,diff,a,,,,,,,,,unverified,,,,,
AgCensus2015-16 T14-16 ST/femaleShare/area/LargevsMedium,AgCensus2015-16,T14-16,ST,femaleShare,area,LargevsMedium,gender,large operated area,medium operated area,2,0,0,2,equal,c,,,,,,,,,unverified,,,,,
AgCensus2015-16 T14-16 ST/femaleShare/area/MarginalvsMedium,AgCensus2015-16,T14-16,ST,femaleShare,area,MarginalvsMedium,gender,marginal operated area,medium operated area,4,4,0,0,equal,c,,,,,,,,,unverified,,,,,
AgCensus2015-16 T14-16 ST/femaleShare/area/MarginalvsSmall,AgCensus2015-16,T14-16,ST,femaleShare,area,MarginalvsSmall,gender,marginal operated area,small operated area,2,2,0,0,equal,c,,,,,,,,,unverified,,,,,
AgCensus2015-16 T14-16 ST/femaleShare/number/LargevsMedium,AgCensus2015-16,T14-16,ST,femaleShare,number,LargevsMedium,gender,large holdings,medium holdings,2,0,0,2,equal,c,,,,,,,,,unverified,,,,,
AgCensus2015-16 T14-16 ST/femaleShare/number/MarginalvsMedium,AgCensus2015-16,T14-16,ST,femaleShare,number,MarginalvsMedium,gender,marginal holdings,medium holdings,3,3,0,0,equal,c,,,,,,,,,unverified,,,,,
AgCensus2015-16 T14-16 ST/femaleShare/number/MarginalvsSmall,AgCensus2015-16,T14-16,ST,femaleShare,number,MarginalvsSmall,gender,marginal holdings,small holdings,4,0,0,4,equal,c,,,,,,,,,unverified,,,,,
AgCensus2015-16 T14-16 ST/femaleShare/number/MediumvsSmall,AgCensus2015-16,T14-16,ST,femaleShare,number,MediumvsSmall,gender,medium holdings,small holdings,6,6,0,0,equal,c,,,,,,,,,unverified,,,,,
AgCensus2015-16 T2-4 A&N Islands/All Classes/area/SCvsOthers,AgCensus2015-16,T2-4,A&N Islands,All Classes,area,SCvsOthers,social_group,Scheduled Castes,Other social groups,1,0,0,1,diff,b,,,,,,,,,unverified,,,,,
AgCensus2015-16 T2-4 A&N Islands/All Classes/area/STvsOthers,AgCensus2015-16,T2-4,A&N Islands,All Classes,area,STvsOthers,social_group,Scheduled Tribes,Other social groups,1,0,0,1,diff,b,,,,,,,,,unverified,,,,,
AgCensus2015-16 T2-4 A&N Islands/All/area/MarginalvsLarge,AgCensus2015-16,T2-4,A&N Islands,All,area,MarginalvsLarge,landholding,marginal operated area,large operated area,3,3,0,0,equal,c,,,,,,,,,unverified,,,,,
AgCensus2015-16 T2-4 Andhra Pradesh/All Classes/area/SCvsOthers,AgCensus2015-16,T2-4,Andhra Pradesh,All Classes,area,SCvsOthers,social_group,Scheduled Castes,Other social groups,1,0,0,1,diff,b,,,,,,,,,unverified,,,,,
AgCensus2015-16 T2-4 Andhra Pradesh/All Classes/area/SCvsST,AgCensus2015-16,T2-4,Andhra Pradesh,All Classes,area,SCvsST,social_group,Scheduled Castes,Scheduled Tribes,8,0,0,8,equal,c,,,,,,,,,unverified,,,,,
AgCensus2015-16 T2-4 Andhra Pradesh/All Classes/area/STvsOthers,AgCensus2015-16,T2-4,Andhra Pradesh,All Classes,area,STvsOthers,social_group,Scheduled Tribes,Other social groups,1,0,0,1,diff,b,,,,,,,,,unverified,,,,,
AgCensus2015-16 T2-4 Andhra Pradesh/All Classes/number/SCvsOthers,AgCensus2015-16,T2-4,Andhra Pradesh,All Classes,number,SCvsOthers,social_group,Scheduled Castes,Other social groups,1,0,0,1,diff,b,,,,,,,,,unverified,,,,,
AgCensus2015-16 T2-4 Andhra Pradesh/All Classes/number/SCvsST,AgCensus2015-16,T2-4,Andhra Pradesh,All Classes,number,SCvsST,social_group,Scheduled Castes,Scheduled Tribes,8,8,0,0,equal,c,,,,,,,,,unverified,,,,,
AgCensus2015-16 T2-4 Andhra Pradesh/All Classes/number/STvsOthers,AgCensus2015-16,T2-4,Andhra Pradesh,All Classes,number,STvsOthers,social_group,Scheduled Tribes,Other social groups,1,1,0,0,diff,b,,,,,,,,,unverified,,,,,
AgCensus2015-16 T2-4 Andhra Pradesh/All/area/MarginalvsSemi-medium,AgCensus2015-16,T2-4,Andhra Pradesh,All,area,MarginalvsSemi-medium,landholding,marginal operated area,semi-medium operated area,4,0,0,4,equal,c,,,,,,,,,unverified,,,,,
AgCensus2015-16 T2-4 Andhra Pradesh/All/area/MarginalvsSmall,AgCensus2015-16,T2-4,Andhra Pradesh,All,area,MarginalvsSmall,landholding,marginal operated area,small operated area,4,0,4,0,equal,c,,,,,,,,,unverified,,,,,
AgCensus2015-16 T2-4 Andhra Pradesh/All/area/SmallvsSemi-medium,AgCensus2015-16,T2-4,Andhra Pradesh,All,area,SmallvsSemi-medium,landholding,small operated area,semi-medium operated area,2,0,2,0,equal,c,,,,,,,,,unverified,,,,,
AgCensus2015-16 T2-4 Andhra Pradesh/All/number/MarginalvsMedium,AgCensus2015-16,T2-4,Andhra Pradesh,All,number,MarginalvsMedium,landholding,marginal holdings,medium holdings,1,1,0,0,diff,a,,,,,,,,,unverified,,,,,
AgCensus2015-16 T2-4 Andhra Pradesh/All/number/MarginalvsSemi-medium,AgCensus2015-16,T2-4,Andhra Pradesh,All,number,MarginalvsSemi-medium,landholding,marginal holdings,semi-medium holdings,1,1,0,0,diff,a,,,,,,,,,unverified,,,,,
AgCensus2015-16 T2-4 Andhra Pradesh/All/number/MarginalvsSmall,AgCensus2015-16,T2-4,Andhra Pradesh,All,number,MarginalvsSmall,landholding,marginal holdings,small holdings,1,1,0,0,diff,a,,,,,,,,,unverified,,,,,
AgCensus2015-16 T2-4 Andhra Pradesh/All/number/SmallvsLarge,AgCensus2015-16,T2-4,Andhra Pradesh,All,number,SmallvsLarge,landholding,small holdings,large holdings,1,1,0,0,diff,a,,,,,,,,,unverified,,,,,
AgCensus2015-16 T2-4 Andhra Pradesh/All/number/SmallvsSemi-medium,AgCensus2015-16,T2-4,Andhra Pradesh,All,number,SmallvsSemi-medium,landholding,small holdings,semi-medium holdings,1,0,0,1,diff,a,,,,,,,,,unverified,,,,,
AgCensus2015-16 T2-4 Andhra Pradesh/Large/area/SCvsOthers,AgCensus2015-16,T2-4,Andhra Pradesh,Large,area,SCvsOthers,social_group,Scheduled Castes,Other social groups,1,0,0,1,diff,b,,,,,,,,,unverified,,,,,
AgCensus2015-16 T2-4 Andhra Pradesh/Large/area/SCvsST,AgCensus2015-16,T2-4,Andhra Pradesh,Large,area,SCvsST,social_group,Scheduled Castes,Scheduled Tribes,8,8,0,0,equal,c,,,,,,,,,unverified,,,,,
AgCensus2015-16 T2-4 Andhra Pradesh/Large/area/STvsOthers,AgCensus2015-16,T2-4,Andhra Pradesh,Large,area,STvsOthers,social_group,Scheduled Tribes,Other social groups,1,0,0,1,diff,b,,,,,,,,,unverified,,,,,
AgCensus2015-16 T2-4 Andhra Pradesh/Marginal/area/SCvsOthers,AgCensus2015-16,T2-4,Andhra Pradesh,Marginal,area,SCvsOthers,social_group,Scheduled Castes,Other social groups,1,1,0,0,diff,b,,,,,,,,,unverified,,,,,
AgCensus2015-16 T2-4 Andhra Pradesh/Marginal/area/SCvsST,AgCensus2015-16,T2-4,Andhra Pradesh,Marginal,area,SCvsST,social_group,Scheduled Castes,Scheduled Tribes,8,0,8,0,equal,c,,,,,,,,,unverified,,,,,
AgCensus2015-16 T2-4 Andhra Pradesh/Marginal/area/STvsOthers,AgCensus2015-16,T2-4,Andhra Pradesh,Marginal,area,STvsOthers,social_group,Scheduled Tribes,Other social groups,1,1,0,0,diff,b,,,,,,,,,unverified,,,,,
AgCensus2015-16 T2-4 Andhra Pradesh/Marginal/number/SCvsOthers,AgCensus2015-16,T2-4,Andhra Pradesh,Marginal,number,SCvsOthers,social_group,Scheduled Castes,Other social groups,1,0,0,1,diff,b,,,,,,,,,unverified,,,,,
AgCensus2015-16 T2-4 Andhra Pradesh/Medium/area/SCvsOthers,AgCensus2015-16,T2-4,Andhra Pradesh,Medium,area,SCvsOthers,social_group,Scheduled Castes,Other social groups,1,1,0,0,diff,b,,,,,,,,,unverified,,,,,
AgCensus2015-16 T2-4 Andhra Pradesh/Medium/area/SCvsST,AgCensus2015-16,T2-4,Andhra Pradesh,Medium,area,SCvsST,social_group,Scheduled Castes,Scheduled Tribes,8,8,0,0,equal,c,,,,,,,,,unverified,,,,,
AgCensus2015-16 T2-4 Andhra Pradesh/Medium/area/STvsOthers,AgCensus2015-16,T2-4,Andhra Pradesh,Medium,area,STvsOthers,social_group,Scheduled Tribes,Other social groups,1,0,0,1,diff,b,,,,,,,,,unverified,,,,,
AgCensus2015-16 T2-4 Andhra Pradesh/Medium/number/SCvsOthers,AgCensus2015-16,T2-4,Andhra Pradesh,Medium,number,SCvsOthers,social_group,Scheduled Castes,Other social groups,1,1,0,0,diff,b,,,,,,,,,unverified,,,,,
AgCensus2015-16 T2-4 Andhra Pradesh/Medium/number/SCvsST,AgCensus2015-16,T2-4,Andhra Pradesh,Medium,number,SCvsST,social_group,Scheduled Castes,Scheduled Tribes,8,8,0,0,equal,c,,,,,,,,,unverified,,,,,
AgCensus2015-16 T2-4 Andhra Pradesh/Medium/number/STvsOthers,AgCensus2015-16,T2-4,Andhra Pradesh,Medium,number,STvsOthers,social_group,Scheduled Tribes,Other social groups,1,0,0,1,diff,b,,,,,,,,,unverified,,,,,
AgCensus2015-16 T2-4 Andhra Pradesh/SC/number/MarginalvsLarge,AgCensus2015-16,T2-4,Andhra Pradesh,SC,number,MarginalvsLarge,landholding,marginal holdings,large holdings,1,1,0,0,diff,a,,,,,,,,,unverified,,,,,
AgCensus2015-16 T2-4 Andhra Pradesh/SC/number/MarginalvsMedium,AgCensus2015-16,T2-4,Andhra Pradesh,SC,number,MarginalvsMedium,landholding,marginal holdings,medium holdings,1,0,0,1,diff,a,,,,,,,,,unverified,,,,,
AgCensus2015-16 T2-4 Andhra Pradesh/SC/number/MarginalvsSemi-medium,AgCensus2015-16,T2-4,Andhra Pradesh,SC,number,MarginalvsSemi-medium,landholding,marginal holdings,semi-medium holdings,1,0,0,1,diff,a,,,,,,,,,unverified,,,,,
AgCensus2015-16 T2-4 Andhra Pradesh/SC/number/MarginalvsSmall,AgCensus2015-16,T2-4,Andhra Pradesh,SC,number,MarginalvsSmall,landholding,marginal holdings,small holdings,1,1,0,0,diff,a,,,,,,,,,unverified,,,,,
AgCensus2015-16 T2-4 Andhra Pradesh/SC/number/Semi-mediumvsMedium,AgCensus2015-16,T2-4,Andhra Pradesh,SC,number,Semi-mediumvsMedium,landholding,semi-medium holdings,medium holdings,2,0,0,2,equal,c,,,,,,,,,unverified,,,,,
AgCensus2015-16 T2-4 Andhra Pradesh/SC/number/SmallvsLarge,AgCensus2015-16,T2-4,Andhra Pradesh,SC,number,SmallvsLarge,landholding,small holdings,large holdings,1,0,0,1,diff,a,,,,,,,,,unverified,,,,,
AgCensus2015-16 T2-4 Andhra Pradesh/SC/number/SmallvsMedium,AgCensus2015-16,T2-4,Andhra Pradesh,SC,number,SmallvsMedium,landholding,small holdings,medium holdings,1,0,0,1,diff,a,,,,,,,,,unverified,,,,,
AgCensus2015-16 T2-4 Andhra Pradesh/SC/number/SmallvsSemi-medium,AgCensus2015-16,T2-4,Andhra Pradesh,SC,number,SmallvsSemi-medium,landholding,small holdings,semi-medium holdings,1,1,0,0,diff,a,,,,,,,,,unverified,,,,,
AgCensus2015-16 T2-4 Andhra Pradesh/ST/area/MarginalvsSemi-medium,AgCensus2015-16,T2-4,Andhra Pradesh,ST,area,MarginalvsSemi-medium,landholding,marginal operated area,semi-medium operated area,4,4,0,0,equal,c,,,,,,,,,unverified,,,,,
AgCensus2015-16 T2-4 Andhra Pradesh/ST/area/MarginalvsSmall,AgCensus2015-16,T2-4,Andhra Pradesh,ST,area,MarginalvsSmall,landholding,marginal operated area,small operated area,2,2,0,0,equal,c,,,,,,,,,unverified,,,,,
AgCensus2015-16 T2-4 Andhra Pradesh/ST/area/SmallvsSemi-medium,AgCensus2015-16,T2-4,Andhra Pradesh,ST,area,SmallvsSemi-medium,landholding,small operated area,semi-medium operated area,4,4,0,0,equal,c,,,,,,,,,unverified,,,,,
AgCensus2015-16 T2-4 Andhra Pradesh/ST/number/MarginalvsLarge,AgCensus2015-16,T2-4,Andhra Pradesh,ST,number,MarginalvsLarge,landholding,marginal holdings,large holdings,1,0,1,0,diff,a,,,,,,,,,unverified,,,,,
AgCensus2015-16 T2-4 Andhra Pradesh/ST/number/MarginalvsMedium,AgCensus2015-16,T2-4,Andhra Pradesh,ST,number,MarginalvsMedium,landholding,marginal holdings,medium holdings,1,1,0,0,diff,a,,,,,,,,,unverified,,,,,
AgCensus2015-16 T2-4 Andhra Pradesh/ST/number/MarginalvsSmall,AgCensus2015-16,T2-4,Andhra Pradesh,ST,number,MarginalvsSmall,landholding,marginal holdings,small holdings,1,1,0,0,diff,a,,,,,,,,,unverified,,,,,
AgCensus2015-16 T2-4 Andhra Pradesh/ST/number/Semi-mediumvsLarge,AgCensus2015-16,T2-4,Andhra Pradesh,ST,number,Semi-mediumvsLarge,landholding,semi-medium holdings,large holdings,1,0,0,1,diff,a,,,,,,,,,unverified,,,,,
AgCensus2015-16 T2-4 Andhra Pradesh/ST/number/SmallvsLarge,AgCensus2015-16,T2-4,Andhra Pradesh,ST,number,SmallvsLarge,landholding,small holdings,large holdings,1,0,0,1,diff,a,,,,,,,,,unverified,,,,,
AgCensus2015-16 T2-4 Andhra Pradesh/ST/number/SmallvsMedium,AgCensus2015-16,T2-4,Andhra Pradesh,ST,number,SmallvsMedium,landholding,small holdings,medium holdings,1,1,0,0,diff,a,,,,,,,,,unverified,,,,,
AgCensus2015-16 T2-4 Andhra Pradesh/Semi-medium/area/SCvsOthers,AgCensus2015-16,T2-4,Andhra Pradesh,Semi-medium,area,SCvsOthers,social_group,Scheduled Castes,Other social groups,1,0,0,1,diff,b,,,,,,,,,unverified,,,,,
AgCensus2015-16 T2-4 Andhra Pradesh/Semi-medium/area/SCvsST,AgCensus2015-16,T2-4,Andhra Pradesh,Semi-medium,area,SCvsST,social_group,Scheduled Castes,Scheduled Tribes,8,8,0,0,equal,c,,,,,,,,,unverified,,,,,
AgCensus2015-16 T2-4 Andhra Pradesh/Semi-medium/area/STvsOthers,AgCensus2015-16,T2-4,Andhra Pradesh,Semi-medium,area,STvsOthers,social_group,Scheduled Tribes,Other social groups,1,1,0,0,diff,b,,,,,,,,,unverified,,,,,
AgCensus2015-16 T2-4 Andhra Pradesh/Semi-medium/number/SCvsST,AgCensus2015-16,T2-4,Andhra Pradesh,Semi-medium,number,SCvsST,social_group,Scheduled Castes,Scheduled Tribes,8,0,0,8,equal,c,,,,,,,,,unverified,,,,,
AgCensus2015-16 T2-4 Andhra Pradesh/Small/area/SCvsST,AgCensus2015-16,T2-4,Andhra Pradesh,Small,area,SCvsST,social_group,Scheduled Castes,Scheduled Tribes,8,0,0,8,equal,c,,,,,,,,,unverified,,,,,
AgCensus2015-16 T2-4 Andhra Pradesh/Small/area/STvsOthers,AgCensus2015-16,T2-4,Andhra Pradesh,Small,area,STvsOthers,social_group,Scheduled Tribes,Other social groups,1,1,0,0,diff,b,,,,,,,,,unverified,,,,,
AgCensus2015-16 T2-4 Andhra Pradesh/Small/number/SCvsOthers,AgCensus2015-16,T2-4,Andhra Pradesh,Small,number,SCvsOthers,social_group,Scheduled Castes,Other social groups,1,0,0,1,diff,b,,,,,,,,,unverified,,,,,
AgCensus2015-16 T2-4 Andhra Pradesh/Small/number/SCvsST,AgCensus2015-16,T2-4,Andhra Pradesh,Small,number,SCvsST,social_group,Scheduled Castes,Scheduled Tribes,8,0,0,8,equal,c,,,,,,,,,unverified,,,,,
AgCensus2015-16 T2-4 Andhra Pradesh/Small/number/STvsOthers,AgCensus2015-16,T2-4,Andhra Pradesh,Small,number,STvsOthers,social_group,Scheduled Tribes,Other social groups,1,1,0,0,diff,b,,,,,,,,,unverified,,,,,
AgCensus2015-16 T2-4 Arunachal Pradesh/All Classes/area/SCvsST,AgCensus2015-16,T2-4,Arunachal Pradesh,All Classes,area,SCvsST,social_group,Scheduled Castes,Scheduled Tribes,1,1,0,0,diff,b,,,,,,,,,unverified,,,,,
AgCensus2015-16 T2-4 Arunachal Pradesh/All Classes/area/STvsOthers,AgCensus2015-16,T2-4,Arunachal Pradesh,All Classes,area,STvsOthers,social_group,Scheduled Tribes,Other social groups,1,0,0,1,diff,a,,,,,,,,,unverified,,,,,
AgCensus2015-16 T2-4 Arunachal Pradesh/All Classes/number/SCvsST,AgCensus2015-16,T2-4,Arunachal Pradesh,All Classes,number,SCvsST,social_group,Scheduled Castes,Scheduled Tribes,1,0,1,0,diff,b,,,,,,,,,unverified,,,,,
AgCensus2015-16 T2-4 Arunachal Pradesh/All Classes/number/STvsOthers,AgCensus2015-16,T2-4,Arunachal Pradesh,All Classes,number,STvsOthers,social_group,Scheduled Tribes,Other social groups,1,0,0,1,diff,a,,,,,,,,,unverified,,,,,
AgCensus2015-16 T2-4 Arunachal Pradesh/All/area/MarginalvsSmall,AgCensus2015-16,T2-4,Arunachal Pradesh,All,area,MarginalvsSmall,landholding,marginal operated area,small operated area,4,4,0,0,equal,c,,,,,,,,,unverified,,,,,
AgCensus2015-16 T2-4 Arunachal Pradesh/All/number/MarginalvsLarge,AgCensus2015-16,T2-4,Arunachal Pradesh,All,number,MarginalvsLarge,landholding,marginal holdings,large holdings,1,1,0,0,diff,a,,,,,,,,,unverified,,,,,
AgCensus2015-16 T2-4 Arunachal Pradesh/All/number/MarginalvsMedium,AgCensus2015-16,T2-4,Arunachal Pradesh,All,number,MarginalvsMedium,landholding,marginal holdings,medium holdings,3,3,0,0,equal,c,,,,,,,,,unverified,,,,,
AgCensus2015-16 T2-4 Arunachal Pradesh/All/number/MarginalvsSemi-medium,AgCensus2015-16,T2-4,Arunachal Pradesh,All,number,MarginalvsSemi-medium,landholding,marginal holdings,semi-medium holdings,4,0,0,4,equal,c,,,,,,,,,unverified,,,,,
AgCensus2015-16 T2-4 Arunachal Pradesh/All/number/MarginalvsSmall,AgCensus2015-16,T2-4,Arunachal Pradesh,All,number,MarginalvsSmall,landholding,marginal holdings,small holdings,3,3,0,0,equal,c,,,,,,,,,unverified,,,,,
AgCensus2015-16 T2-4 Arunachal Pradesh/All/number/MediumvsLarge,AgCensus2015-16,T2-4,Arunachal Pradesh,All,number,MediumvsLarge,landholding,medium holdings,large holdings,1,0,0,1,diff,a,,,,,,,,,unverified,,,,,
AgCensus2015-16 T2-4 Arunachal Pradesh/All/number/Semi-mediumvsMedium,AgCensus2015-16,T2-4,Arunachal Pradesh,All,number,Semi-mediumvsMedium,landholding,semi-medium holdings,medium holdings,2,2,0,0,equal,c,,,,,,,,,unverified,,,,,
AgCensus2015-16 T2-4 Arunachal Pradesh/All/number/SmallvsLarge,AgCensus2015-16,T2-4,Arunachal Pradesh,All,number,SmallvsLarge,landholding,small holdings,large holdings,1,1,0,0,diff,a,,,,,,,,,unverified,,,,,
AgCensus2015-16 T2-4 Arunachal Pradesh/All/number/SmallvsMedium,AgCensus2015-16,T2-4,Arunachal Pradesh,All,number,SmallvsMedium,landholding,small holdings,medium holdings,3,0,0,3,equal,c,,,,,,,,,unverified,,,,,
AgCensus2015-16 T2-4 Arunachal Pradesh/All/number/SmallvsSemi-medium,AgCensus2015-16,T2-4,Arunachal Pradesh,All,number,SmallvsSemi-medium,landholding,small holdings,semi-medium holdings,2,0,0,2,equal,c,,,,,,,,,unverified,,,,,
AgCensus2015-16 T2-4 Arunachal Pradesh/Large/area/SCvsST,AgCensus2015-16,T2-4,Arunachal Pradesh,Large,area,SCvsST,social_group,Scheduled Castes,Scheduled Tribes,1,1,0,0,diff,b,,,,,,,,,unverified,,,,,
AgCensus2015-16 T2-4 Arunachal Pradesh/Marginal/number/SCvsST,AgCensus2015-16,T2-4,Arunachal Pradesh,Marginal,number,SCvsST,social_group,Scheduled Castes,Scheduled Tribes,1,1,0,0,diff,b,,,,,,,,,unverified,,,,,
AgCensus2015-16 T2-4 Arunachal Pradesh/Marginal/number/STvsOthers,AgCensus2015-16,T2-4,Arunachal Pradesh,Marginal,number,STvsOthers,social_group,Scheduled Tribes,Other social groups,1,1,0,0,diff,a,,,,,,,,,unverified,,,,,
AgCensus2015-16 T2-4 Arunachal Pradesh/Medium/area/SCvsST,AgCensus2015-16,T2-4,Arunachal Pradesh,Medium,area,SCvsST,social_group,Scheduled Castes,Scheduled Tribes,1,0,0,1,diff,b,,,,,,,,,unverified,,,,,
AgCensus2015-16 T2-4 Arunachal Pradesh/Medium/area/STvsOthers,AgCensus2015-16,T2-4,Arunachal Pradesh,Medium,area,STvsOthers,social_group,Scheduled Tribes,Other social groups,1,0,0,1,diff,a,,,,,,,,,unverified,,,,,
AgCensus2015-16 T2-4 Arunachal Pradesh/Medium/number/SCvsST,AgCensus2015-16,T2-4,Arunachal Pradesh,Medium,number,SCvsST,social_group,Scheduled Castes,Scheduled Tribes,1,1,0,0,diff,b,,,,,,,,,unverified,,,,,
AgCensus2015-16 T2-4 Arunachal Pradesh/Medium/number/STvsOthers,AgCensus2015-16,T2-4,Arunachal Pradesh,Medium,number,STvsOthers,social_group,Scheduled Tribes,Other social groups,1,0,0,1,diff,a,,,,,,,,,unverified,,,,,
AgCensus2015-16 T2-4 Arunachal Pradesh/ST/area/MarginalvsSmall,AgCensus2015-16,T2-4,Arunachal Pradesh,ST,area,MarginalvsSmall,landholding,marginal operated area,small operated area,4,0,0,4,equal,c,,,,,,,,,unverified,,,,,
AgCensus2015-16 T2-4 Arunachal Pradesh/ST/number/MarginalvsLarge,AgCensus2015-16,T2-4,Arunachal Pradesh,ST,number,MarginalvsLarge,landholding,marginal holdings,large holdings,1,0,0,1,diff,a,,,,,,,,,unverified,,,,,
AgCensus2015-16 T2-4 Arunachal Pradesh/ST/number/MarginalvsMedium,AgCensus2015-16,T2-4,Arunachal Pradesh,ST,number,MarginalvsMedium,landholding,marginal holdings,medium holdings,4,4,0,0,equal,c,,,,,,,,,unverified,,,,,
AgCensus2015-16 T2-4 Arunachal Pradesh/ST/number/MarginalvsSemi-medium,AgCensus2015-16,T2-4,Arunachal Pradesh,ST,number,MarginalvsSemi-medium,landholding,marginal holdings,semi-medium holdings,4,4,0,0,equal,c,,,,,,,,,unverified,,,,,
AgCensus2015-16 T2-4 Arunachal Pradesh/ST/number/MarginalvsSmall,AgCensus2015-16,T2-4,Arunachal Pradesh,ST,number,MarginalvsSmall,landholding,marginal holdings,small holdings,3,3,0,0,equal,c,,,,,,,,,unverified,,,,,
AgCensus2015-16 T2-4 Arunachal Pradesh/ST/number/MediumvsLarge,AgCensus2015-16,T2-4,Arunachal Pradesh,ST,number,MediumvsLarge,landholding,medium holdings,large holdings,1,0,1,0,diff,a,,,,,,,,,unverified,,,,,
AgCensus2015-16 T2-4 Arunachal Pradesh/ST/number/Semi-mediumvsMedium,AgCensus2015-16,T2-4,Arunachal Pradesh,ST,number,Semi-mediumvsMedium,landholding,semi-medium holdings,medium holdings,3,0,0,3,equal,c,,,,,,,,,unverified,,,,,
AgCensus2015-16 T2-4 Arunachal Pradesh/ST/number/SmallvsLarge,AgCensus2015-16,T2-4,Arunachal Pradesh,ST,number,SmallvsLarge,landholding,small holdings,large holdings,1,0,0,1,diff,a,,,,,,,,,unverified,,,,,
AgCensus2015-16 T2-4 Arunachal Pradesh/ST/number/SmallvsMedium,AgCensus2015-16,T2-4,Arunachal Pradesh,ST,number,SmallvsMedium,landholding,small holdings,medium holdings,3,0,0,3,equal,c,,,,,,,,,unverified,,,,,
AgCensus2015-16 T2-4 Arunachal Pradesh/ST/number/SmallvsSemi-medium,AgCensus2015-16,T2-4,Arunachal Pradesh,ST,number,SmallvsSemi-medium,landholding,small holdings,semi-medium holdings,4,0,4,0,equal,c,,,,,,,,,unverified,,,,,
AgCensus2015-16 T2-4 Arunachal Pradesh/Semi-medium/area/SCvsST,AgCensus2015-16,T2-4,Arunachal Pradesh,Semi-medium,area,SCvsST,social_group,Scheduled Castes,Scheduled Tribes,1,1,0,0,diff,b,,,,,,,,,unverified,,,,,
AgCensus2015-16 T2-4 Arunachal Pradesh/Semi-medium/area/STvsOthers,AgCensus2015-16,T2-4,Arunachal Pradesh,Semi-medium,area,STvsOthers,social_group,Scheduled Tribes,Other social groups,1,1,0,0,diff,a,,,,,,,,,unverified,,,,,
AgCensus2015-16 T2-4 Arunachal Pradesh/Semi-medium/number/SCvsST,AgCensus2015-16,T2-4,Arunachal Pradesh,Semi-medium,number,SCvsST,social_group,Scheduled Castes,Scheduled Tribes,1,0,0,1,diff,b,,,,,,,,,unverified,,,,,
AgCensus2015-16 T2-4 Arunachal Pradesh/Semi-medium/number/STvsOthers,AgCensus2015-16,T2-4,Arunachal Pradesh,Semi-medium,number,STvsOthers,social_group,Scheduled Tribes,Other social groups,1,0,0,1,diff,a,,,,,,,,,unverified,,,,,
AgCensus2015-16 T2-4 Arunachal Pradesh/Small/area/SCvsST,AgCensus2015-16,T2-4,Arunachal Pradesh,Small,area,SCvsST,social_group,Scheduled Castes,Scheduled Tribes,1,0,0,1,diff,b,,,,,,,,,unverified,,,,,
AgCensus2015-16 T2-4 Arunachal Pradesh/Small/area/STvsOthers,AgCensus2015-16,T2-4,Arunachal Pradesh,Small,area,STvsOthers,social_group,Scheduled Tribes,Other social groups,1,1,0,0,diff,a,,,,,,,,,unverified,,,,,
AgCensus2015-16 T2-4 Arunachal Pradesh/Small/number/SCvsST,AgCensus2015-16,T2-4,Arunachal Pradesh,Small,number,SCvsST,social_group,Scheduled Castes,Scheduled Tribes,1,1,0,0,diff,b,,,,,,,,,unverified,,,,,
AgCensus2015-16 T2-4 Arunachal Pradesh/Small/number/STvsOthers,AgCensus2015-16,T2-4,Arunachal Pradesh,Small,number,STvsOthers,social_group,Scheduled Tribes,Other social groups,1,1,0,0,diff,a,,,,,,,,,unverified,,,,,
AgCensus2015-16 T2-4 Assam/All Classes/area/SCvsOthers,AgCensus2015-16,T2-4,Assam,All Classes,area,SCvsOthers,social_group,Scheduled Castes,Other social groups,1,0,0,1,diff,b,,,,,,,,,unverified,,,,,
AgCensus2015-16 T2-4 Assam/All Classes/area/SCvsST,AgCensus2015-16,T2-4,Assam,All Classes,area,SCvsST,social_group,Scheduled Castes,Scheduled Tribes,1,1,0,0,diff,b,,,,,,,,,unverified,,,,,
AgCensus2015-16 T2-4 Assam/All Classes/area/STvsOthers,AgCensus2015-16,T2-4,Assam,All Classes,area,STvsOthers,social_group,Scheduled Tribes,Other social groups,1,0,0,1,diff,b,,,,,,,,,unverified,,,,,
AgCensus2015-16 T2-4 Assam/All Classes/number/SCvsOthers,AgCensus2015-16,T2-4,Assam,All Classes,number,SCvsOthers,social_group,Scheduled Castes,Other social groups,1,1,0,0,diff,b,,,,,,,,,unverified,,,,,
AgCensus2015-16 T2-4 Assam/All Classes/number/SCvsST,AgCensus2015-16,T2-4,Assam,All Classes,number,SCvsST,social_group,Scheduled Castes,Scheduled Tribes,1,1,0,0,diff,b,,,,,,,,,unverified,,,,,
AgCensus2015-16 T2-4 Assam/All Classes/number/STvsOthers,AgCensus2015-16,T2-4,Assam,All Classes,number,STvsOthers,social_group,Scheduled Tribes,Other social groups,1,0,0,1,diff,b,,,,,,,,,unverified,,,,,
AgCensus2015-16 T2-4 Assam/All/area/MarginalvsSemi-medium,AgCensus2015-16,T2-4,Assam,All,area,MarginalvsSemi-medium,landholding,marginal operated area,semi-medium operated area,4,4,0,0,equal,c,,,,,,,,,unverified,,,,,
AgCensus2015-16 T2-4 Assam/All/area/MarginalvsSmall,AgCensus2015-16,T2-4,Assam,All,area,MarginalvsSmall,landholding,marginal operated area,small operated area,3,3,0,0,equal,c,,,,,,,,,unverified,,,,,
AgCensus2015-16 T2-4 Assam/All/area/MediumvsLarge,AgCensus2015-16,T2-4,Assam,All,area,MediumvsLarge,landholding,medium operated area,large operated area,3,3,0,0,equal,c,,,,,,,,,unverified,,,,,
AgCensus2015-16 T2-4 Assam/All/area/SmallvsSemi-medium,AgCensus2015-16,T2-4,Assam,All,area,SmallvsSemi-medium,landholding,small operated area,semi-medium operated area,3,3,0,0,equal,c,,,,,,,,,unverified,,,,,
AgCensus2015-16 T2-4 Assam/All/number/MarginalvsLarge,AgCensus2015-16,T2-4,Assam,All,number,MarginalvsLarge,landholding,marginal holdings,large holdings,1,0,0,1,diff,a,,,,,,,,,unverified,,,,,
AgCensus2015-16 T2-4 Assam/All/number/MarginalvsSmall,AgCensus2015-16,T2-4,Assam,All,number,MarginalvsSmall,landholding,marginal holdings,small holdings,1,1,0,0,diff,a,,,,,,,,,unverified,,,,,
AgCensus2015-16 T2-4 Assam/All/number/Semi-mediumvsLarge,AgCensus2015-16,T2-4,Assam,All,number,Semi-mediumvsLarge,landholding,semi-medium holdings,large holdings,1,0,0,1,diff,a,,,,,,,,,unverified,,,,,
AgCensus2015-16 T2-4 Assam/All/number/SmallvsLarge,AgCensus2015-16,T2-4,Assam,All,number,SmallvsLarge,landholding,small holdings,large holdings,1,0,0,1,diff,a,,,,,,,,,unverified,,,,,
AgCensus2015-16 T2-4 Assam/All/number/SmallvsMedium,AgCensus2015-16,T2-4,Assam,All,number,SmallvsMedium,landholding,small holdings,medium holdings,1,1,0,0,diff,a,,,,,,,,,unverified,,,,,
AgCensus2015-16 T2-4 Assam/Large/area/SCvsOthers,AgCensus2015-16,T2-4,Assam,Large,area,SCvsOthers,social_group,Scheduled Castes,Other social groups,1,1,0,0,diff,b,,,,,,,,,unverified,,,,,
AgCensus2015-16 T2-4 Assam/Large/area/STvsOthers,AgCensus2015-16,T2-4,Assam,Large,area,STvsOthers,social_group,Scheduled Tribes,Other social groups,1,1,0,0,diff,b,,,,,,,,,unverified,,,,,
AgCensus2015-16 T2-4 Assam/Marginal/area/SCvsOthers,AgCensus2015-16,T2-4,Assam,Marginal,area,SCvsOthers,social_group,Scheduled Castes,Other social groups,1,1,0,0,diff,b,,,,,,,,,unverified,,,,,
AgCensus2015-16 T2-4 Assam/Marginal/area/SCvsST,AgCensus2015-16,T2-4,Assam,Marginal,area,SCvsST,social_group,Scheduled Castes,Scheduled Tribes,1,1,0,0,diff,b,,,,,,,,,unverified,,,,,
AgCensus2015-16 T2-4 Assam/Marginal/area/STvsOthers,AgCensus2015-16,T2-4,Assam,Marginal,area,STvsOthers,social_group,Scheduled Tribes,Other social groups,1,1,0,0,diff,b,,,,,,,,,unverified,,,,,
AgCensus2015-16 T2-4 Assam/Marginal/number/SCvsOthers,AgCensus2015-16,T2-4,Assam,Marginal,number,SCvsOthers,social_group,Scheduled Castes,Other social groups,1,0,0,1,diff,b,,,,,,,,,unverified,,,,,
AgCensus2015-16 T2-4 Assam/Marginal/number/STvsOthers,AgCensus2015-16,T2-4,Assam,Marginal,number,STvsOthers,social_group,Scheduled Tribes,Other social groups,1,1,0,0,diff,b,,,,,,,,,unverified,,,,,
AgCensus2015-16 T2-4 Assam/Medium/area/SCvsOthers,AgCensus2015-16,T2-4,Assam,Medium,area,SCvsOthers,social_group,Scheduled Castes,Other social groups,1,0,0,1,diff,b,,,,,,,,,unverified,,,,,
AgCensus2015-16 T2-4 Assam/Medium/area/SCvsST,AgCensus2015-16,T2-4,Assam,Medium,area,SCvsST,social_group,Scheduled Castes,Scheduled Tribes,1,1,0,0,diff,b,,,,,,,,,unverified,,,,,
AgCensus2015-16 T2-4 Assam/Medium/number/SCvsST,AgCensus2015-16,T2-4,Assam,Medium,number,SCvsST,social_group,Scheduled Castes,Scheduled Tribes,1,0,1,0,diff,b,,,,,,,,,unverified,,,,,
AgCensus2015-16 T2-4 Assam/Medium/number/STvsOthers,AgCensus2015-16,T2-4,Assam,Medium,number,STvsOthers,social_group,Scheduled Tribes,Other social groups,1,0,0,1,diff,b,,,,,,,,,unverified,,,,,
AgCensus2015-16 T2-4 Assam/SC/area/MarginalvsSemi-medium,AgCensus2015-16,T2-4,Assam,SC,area,MarginalvsSemi-medium,landholding,marginal operated area,semi-medium operated area,2,0,0,2,equal,c,,,,,,,,,unverified,,,,,
AgCensus2015-16 T2-4 Assam/SC/area/MarginalvsSmall,AgCensus2015-16,T2-4,Assam,SC,area,MarginalvsSmall,landholding,marginal operated area,small operated area,2,2,0,0,equal,c,,,,,,,,,unverified,,,,,
AgCensus2015-16 T2-4 Assam/SC/area/SmallvsSemi-medium,AgCensus2015-16,T2-4,Assam,SC,area,SmallvsSemi-medium,landholding,small operated area,semi-medium operated area,2,2,0,0,equal,c,,,,,,,,,unverified,,,,,
AgCensus2015-16 T2-4 Assam/SC/number/MarginalvsLarge,AgCensus2015-16,T2-4,Assam,SC,number,MarginalvsLarge,landholding,marginal holdings,large holdings,1,1,0,0,diff,a,,,,,,,,,unverified,,,,,
AgCensus2015-16 T2-4 Assam/SC/number/MarginalvsMedium,AgCensus2015-16,T2-4,Assam,SC,number,MarginalvsMedium,landholding,marginal holdings,medium holdings,1,0,0,1,diff,a,,,,,,,,,unverified,,,,,
AgCensus2015-16 T2-4 Assam/SC/number/MarginalvsSemi-medium,AgCensus2015-16,T2-4,Assam,SC,number,MarginalvsSemi-medium,landholding,marginal holdings,semi-medium holdings,1,0,0,1,diff,a,,,,,,,,,unverified,,,,,
AgCensus2015-16 T2-4 Assam/SC/number/MarginalvsSmall,AgCensus2015-16,T2-4,Assam,SC,number,MarginalvsSmall,landholding,marginal holdings,small holdings,1,0,0,1,diff,a,,,,,,,,,unverified,,,,,
AgCensus2015-16 T2-4 Assam/SC/number/Semi-mediumvsLarge,AgCensus2015-16,T2-4,Assam,SC,number,Semi-mediumvsLarge,landholding,semi-medium holdings,large holdings,1,0,0,1,diff,a,,,,,,,,,unverified,,,,,
AgCensus2015-16 T2-4 Assam/SC/number/SmallvsLarge,AgCensus2015-16,T2-4,Assam,SC,number,SmallvsLarge,landholding,small holdings,large holdings,1,1,0,0,diff,a,,,,,,,,,unverified,,,,,
AgCensus2015-16 T2-4 Assam/SC/number/SmallvsMedium,AgCensus2015-16,T2-4,Assam,SC,number,SmallvsMedium,landholding,small holdings,medium holdings,1,1,0,0,diff,a,,,,,,,,,unverified,,,,,
AgCensus2015-16 T2-4 Assam/ST/area/MarginalvsSmall,AgCensus2015-16,T2-4,Assam,ST,area,MarginalvsSmall,landholding,marginal operated area,small operated area,3,3,0,0,equal,c,,,,,,,,,unverified,,,,,
AgCensus2015-16 T2-4 Assam/ST/number/MarginalvsLarge,AgCensus2015-16,T2-4,Assam,ST,number,MarginalvsLarge,landholding,marginal holdings,large holdings,1,1,0,0,diff,a,,,,,,,,,unverified,,,,,
AgCensus2015-16 T2-4 Assam/ST/number/MarginalvsMedium,AgCensus2015-16,T2-4,Assam,ST,number,MarginalvsMedium,landholding,marginal holdings,medium holdings,1,0,0,1,diff,a,,,,,,,,,unverified,,,,,
AgCensus2015-16 T2-4 Assam/ST/number/MarginalvsSemi-medium,AgCensus2015-16,T2-4,Assam,ST,number,MarginalvsSemi-medium,landholding,marginal holdings,semi-medium holdings,1,1,0,0,diff,a,,,,,,,,,unverified,,,,,
AgCensus2015-16 T2-4 Assam/ST/number/MarginalvsSmall,AgCensus2015-16,T2-4,Assam,ST,number,MarginalvsSmall,landholding,marginal holdings,small holdings,1,1,0,0,diff,a,,,,,,,,,unverified,,,,,
AgCensus2015-16 T2-4 Assam/ST/number/Semi-mediumvsLarge,AgCensus2015-16,T2-4,Assam,ST,number,Semi-mediumvsLarge,landholding,semi-medium holdings,large holdings,1,1,0,0,diff,a,,,,,,,,,unverified,,,,,
AgCensus2015-16 T2-4 Assam/ST/number/Semi-mediumvsMedium,AgCensus2015-16,T2-4,Assam,ST,number,Semi-mediumvsMedium,landholding,semi-medium holdings,medium holdings,1,0,0,1,diff,a,,,,,,,,,unverified,,,,,
AgCensus2015-16 T2-4 Assam/ST/number/SmallvsLarge,AgCensus2015-16,T2-4,Assam,ST,number,SmallvsLarge,landholding,small holdings,large holdings,1,0,0,1,diff,a,,,,,,,,,unverified,,,,,
AgCensus2015-16 T2-4 Assam/ST/number/SmallvsMedium,AgCensus2015-16,T2-4,Assam,ST,number,SmallvsMedium,landholding,small holdings,medium holdings,1,1,0,0,diff,a,,,,,,,,,unverified,,,,,
AgCensus2015-16 T2-4 Assam/Semi-medium/area/SCvsOthers,AgCensus2015-16,T2-4,Assam,Semi-medium,area,SCvsOthers,social_group,Scheduled Castes,Other social groups,1,0,0,1,diff,b,,,,,,,,,unverified,,,,,
AgCensus2015-16 T2-4 Assam/Semi-medium/area/SCvsST,AgCensus2015-16,T2-4,Assam,Semi-medium,area,SCvsST,social_group,Scheduled Castes,Scheduled Tribes,1,0,0,1,diff,b,,,,,,,,,unverified,,,,,
AgCensus2015-16 T2-4 Assam/Semi-medium/area/STvsOthers,AgCensus2015-16,T2-4,Assam,Semi-medium,area,STvsOthers,social_group,Scheduled Tribes,Other social groups,1,0,0,1,diff,b,,,,,,,,,unverified,,,,,
AgCensus2015-16 T2-4 Assam/Semi-medium/number/SCvsOthers,AgCensus2015-16,T2-4,Assam,Semi-medium,number,SCvsOthers,social_group,Scheduled Castes,Other social groups,1,1,0,0,diff,b,,,,,,,,,unverified,,,,,
AgCensus2015-16 T2-4 Assam/Semi-medium/number/SCvsST,AgCensus2015-16,T2-4,Assam,Semi-medium,number,SCvsST,social_group,Scheduled Castes,Scheduled Tribes,1,0,0,1,diff,b,,,,,,,,,unverified,,,,,
AgCensus2015-16 T2-4 Assam/Semi-medium/number/STvsOthers,AgCensus2015-16,T2-4,Assam,Semi-medium,number,STvsOthers,social_group,Scheduled Tribes,Other social groups,1,1,0,0,diff,b,,,,,,,,,unverified,,,,,
AgCensus2015-16 T2-4 Assam/Small/area/SCvsOthers,AgCensus2015-16,T2-4,Assam,Small,area,SCvsOthers,social_group,Scheduled Castes,Other social groups,1,0,0,1,diff,b,,,,,,,,,unverified,,,,,
AgCensus2015-16 T2-4 Assam/Small/area/SCvsST,AgCensus2015-16,T2-4,Assam,Small,area,SCvsST,social_group,Scheduled Castes,Scheduled Tribes,1,0,0,1,diff,b,,,,,,,,,unverified,,,,,
AgCensus2015-16 T2-4 Assam/Small/area/STvsOthers,AgCensus2015-16,T2-4,Assam,Small,area,STvsOthers,social_group,Scheduled Tribes,Other social groups,1,0,0,1,diff,b,,,,,,,,,unverified,,,,,
AgCensus2015-16 T2-4 Assam/Small/number/SCvsOthers,AgCensus2015-16,T2-4,Assam,Small,number,SCvsOthers,social_group,Scheduled Castes,Other social groups,1,0,0,1,diff,b,,,,,,,,,unverified,,,,,
AgCensus2015-16 T2-4 Assam/Small/number/SCvsST,AgCensus2015-16,T2-4,Assam,Small,number,SCvsST,social_group,Scheduled Castes,Scheduled Tribes,1,1,0,0,diff,b,,,,,,,,,unverified,,,,,
AgCensus2015-16 T2-4 Assam/Small/number/STvsOthers,AgCensus2015-16,T2-4,Assam,Small,number,STvsOthers,social_group,Scheduled Tribes,Other social groups,1,1,0,0,diff,b,,,,,,,,,unverified,,,,,
AgCensus2015-16 T2-4 Bihar/All Classes/area/SCvsOthers,AgCensus2015-16,T2-4,Bihar,All Classes,area,SCvsOthers,social_group,Scheduled Castes,Other social groups,1,0,0,1,diff,b,,,,,,,,,unverified,,,,,
AgCensus2015-16 T2-4 Bihar/All Classes/area/STvsOthers,AgCensus2015-16,T2-4,Bihar,All Classes,area,STvsOthers,social_group,Scheduled Tribes,Other social groups,1,0,0,1,diff,b,,,,,,,,,unverified,,,,,
AgCensus2015-16 T2-4 Bihar/All Classes/number/SCvsOthers,AgCensus2015-16,T2-4,Bihar,All Classes,number,SCvsOthers,social_group,Scheduled Castes,Other social groups,1,1,0,0,diff,b,,,,,,,,,unverified,,,,,
AgCensus2015-16 T2-4 Bihar/All Classes/number/SCvsST,AgCensus2015-16,T2-4,Bihar,All Classes,number,SCvsST,social_group,Scheduled Castes,Scheduled Tribes,1,0,0,1,diff,a,,,,,,,,,unverified,,,,,
AgCensus2015-16 T2-4 Bihar/All Classes/number/STvsOthers,AgCensus2015-16,T2-4,Bihar,All Classes,number,STvsOthers,social_group,Scheduled Tribes,Other social groups,1,1,0,0,diff,b,,,,,,,,,unverified,,,,,
AgCensus2015-16 T2-4 Bihar/All/area/SmallvsSemi-medium,AgCensus2015-16,T2-4,Bihar,All,area,SmallvsSemi-medium,landholding,small operated area,semi-medium operated area,2,2,0,0,equal,c,,,,,,,,,unverified,,,,,
AgCensus2015-16 T2-4 Bihar/All/number/MarginalvsLarge,AgCensus2015-16,T2-4,Bihar,All,number,MarginalvsLarge,landholding,marginal holdings,large holdings,1,1,0,0,diff,a,,,,,,,,,unverified,,,,,
AgCensus2015-16 T2-4 Bihar/All/number/MarginalvsMedium,AgCensus2015-16,T2-4,Bihar,All,number,MarginalvsMedium,landholding,marginal holdings,medium holdings,1,1,0,0,diff,a,,,,,,,,,unverified,,,,,
AgCensus2015-16 T2-4 Bihar/All/number/MarginalvsSmall,AgCensus2015-16,T2-4,Bihar,All,number,MarginalvsSmall,landholding,marginal holdings,small holdings,1,0,0,1,diff,a,,,,,,,,,unverified,,,,,
AgCensus2015-16 T2-4 Bihar/All/number/SmallvsSemi-medium,AgCensus2015-16,T2-4,Bihar,All,number,SmallvsSemi-medium,landholding,small holdings,semi-medium holdings,3,0,0,3,equal,c,,,,,,,,,unverified,,,,,
AgCensus2015-16 T2-4 Bihar/Large/area/SCvsOthers,AgCensus2015-16,T2-4,Bihar,Large,area,SCvsOthers,social_group,Scheduled Castes,Other social groups,1,0,0,1,diff,b,,,,,,,,,unverified,,,,,
AgCensus2015-16 T2-4 Bihar/Marginal/area/SCvsOthers,AgCensus2015-16,T2-4,Bihar,Marginal,area,SCvsOthers,social_group,Scheduled Castes,Other social groups,1,1,0,0,diff,b,,,,,,,,,unverified,,,,,
AgCensus2015-16 T2-4 Bihar/Marginal/area/STvsOthers,AgCensus2015-16,T2-4,Bihar,Marginal,area,STvsOthers,social_group,Scheduled Tribes,Other social groups,1,1,0,0,diff,b,,,,,,,,,unverified,,,,,
AgCensus2015-16 T2-4 Bihar/Marginal/number/SCvsOthers,AgCensus2015-16,T2-4,Bihar,Marginal,number,SCvsOthers,social_group,Scheduled Castes,Other social groups,1,0,0,1,diff,b,,,,,,,,,unverified,,,,,
AgCensus2015-16 T2-4 Bihar/Marginal/number/SCvsST,AgCensus2015-16,T2-4,Bihar,Marginal,number,SCvsST,social_group,Scheduled Castes,Scheduled Tribes,1,1,0,0,diff,a,,,,,,,,,unverified,,,,,
AgCensus2015-16 T2-4 Bihar/Marginal/number/STvsOthers,AgCensus2015-16,T2-4,Bihar,Marginal,number,STvsOthers,social_group,Scheduled Tribes,Other social groups,1,0,1,0,diff,b,,,,,,,,,unverified,,,,,
AgCensus2015-16 T2-4 Bihar/Medium/area/SCvsOthers,AgCensus2015-16,T2-4,Bihar,Medium,area,SCvsOthers,social_group,Scheduled Castes,Other social groups,1,1,0,0,diff,b,,,,,,,,,unverified,,,,,
AgCensus2015-16 T2-4 Bihar/Medium/area/STvsOthers,AgCensus2015-16,T2-4,Bihar,Medium,area,STvsOthers,social_group,Scheduled Tribes,Other social groups,1,1,0,0,diff,b,,,,,,,,,unverified,,,,,
AgCensus2015-16 T2-4 Bihar/Medium/number/SCvsOthers,AgCensus2015-16,T2-4,Bihar,Medium,number,SCvsOthers,social_group,Scheduled Castes,Other social groups,1,1,0,0,diff,b,,,,,,,,,unverified,,,,,
AgCensus2015-16 T2-4 Bihar/Medium/number/STvsOthers,AgCensus2015-16,T2-4,Bihar,Medium,number,STvsOthers,social_group,Scheduled Tribes,Other social groups,1,0,0,1,diff,b,,,,,,,,,unverified,,,,,
AgCensus2015-16 T2-4 Bihar/ST/area/MediumvsLarge,AgCensus2015-16,T2-4,Bihar,ST,area,MediumvsLarge,landholding,medium operated area,large operated area,2,0,0,2,equal,c,,,,,,,,,unverified,,,,,
AgCensus2015-16 T2-4 Bihar/ST/area/SmallvsSemi-medium,AgCensus2015-16,T2-4,Bihar,ST,area,SmallvsSemi-medium,landholding,small operated area,semi-medium operated area,3,3,0,0,equal,c,,,,,,,,,unverified,,,,,
AgCensus2015-16 T2-4 Bihar/ST/number/MarginalvsLarge,AgCensus2015-16,T2-4,Bihar,ST,number,MarginalvsLarge,landholding,marginal holdings,large holdings,1,1,0,0,diff,a,,,,,,,,,unverified,,,,,
AgCensus2015-16 T2-4 Bihar/ST/number/MarginalvsMedium,AgCensus2015-16,T2-4,Bihar,ST,number,MarginalvsMedium,landholding,marginal holdings,medium holdings,1,0,0,1,diff,a,,,,,,,,,unverified,,,,,
AgCensus2015-16 T2-4 Bihar/ST/number/MarginalvsSemi-medium,AgCensus2015-16,T2-4,Bihar,ST,number,MarginalvsSemi-medium,landholding,marginal holdings,semi-medium holdings,1,1,0,0,diff,a,,,,,,,,,unverified,,,,,
AgCensus2015-16 T2-4 Bihar/ST/number/MarginalvsSmall,AgCensus2015-16,T2-4,Bihar,ST,number,MarginalvsSmall,landholding,marginal holdings,small holdings,1,1,0,0,diff,a,,,,,,,,,unverified,,,,,
AgCensus2015-16 T2-4 Bihar/ST/number/SmallvsSemi-medium,AgCensus2015-16,T2-4,Bihar,ST,number,SmallvsSemi-medium,landholding,small holdings,semi-medium holdings,4,4,0,0,equal,c,,,,,,,,,unverified,,,,,
AgCensus2015-16 T2-4 Bihar/Semi-medium/area/SCvsOthers,AgCensus2015-16,T2-4,Bihar,Semi-medium,area,SCvsOthers,social_group,Scheduled Castes,Other social groups,1,1,0,0,diff,b,,,,,,,,,unverified,,,,,
AgCensus2015-16 T2-4 Bihar/Semi-medium/area/STvsOthers,AgCensus2015-16,T2-4,Bihar,Semi-medium,area,STvsOthers,social_group,Scheduled Tribes,Other social groups,1,0,1,0,diff,b,,,,,,,,,unverified,,,,,
AgCensus2015-16 T2-4 Bihar/Semi-medium/number/SCvsOthers,AgCensus2015-16,T2-4,Bihar,Semi-medium,number,SCvsOthers,social_group,Scheduled Castes,Other social groups,1,1,0,0,diff,b,,,,,,,,,unverified,,,,,
AgCensus2015-16 T2-4 Bihar/Semi-medium/number/STvsOthers,AgCensus2015-16,T2-4,Bihar,Semi-medium,number,STvsOthers,social_group,Scheduled Tribes,Other social groups,1,1,0,0,diff,b,,,,,,,,,unverified,,,,,
AgCensus2015-16 T2-4 Bihar/Small/area/SCvsOthers,AgCensus2015-16,T2-4,Bihar,Small,area,SCvsOthers,social_group,Scheduled Castes,Other social groups,1,1,0,0,diff,b,,,,,,,,,unverified,,,,,
AgCensus2015-16 T2-4 Bihar/Small/area/STvsOthers,AgCensus2015-16,T2-4,Bihar,Small,area,STvsOthers,social_group,Scheduled Tribes,Other social groups,1,1,0,0,diff,b,,,,,,,,,unverified,,,,,
AgCensus2015-16 T2-4 Bihar/Small/number/SCvsOthers,AgCensus2015-16,T2-4,Bihar,Small,number,SCvsOthers,social_group,Scheduled Castes,Other social groups,1,0,0,1,diff,b,,,,,,,,,unverified,,,,,
AgCensus2015-16 T2-4 Bihar/Small/number/STvsOthers,AgCensus2015-16,T2-4,Bihar,Small,number,STvsOthers,social_group,Scheduled Tribes,Other social groups,1,1,0,0,diff,b,,,,,,,,,unverified,,,,,
AgCensus2015-16 T2-4 Chhattisgarh/All Classes/area/SCvsOthers,AgCensus2015-16,T2-4,Chhattisgarh,All Classes,area,SCvsOthers,social_group,Scheduled Castes,Other social groups,1,0,0,1,diff,b,,,,,,,,,unverified,,,,,
AgCensus2015-16 T2-4 Chhattisgarh/All Classes/area/SCvsST,AgCensus2015-16,T2-4,Chhattisgarh,All Classes,area,SCvsST,social_group,Scheduled Castes,Scheduled Tribes,1,1,0,0,diff,b,,,,,,,,,unverified,,,,,
AgCensus2015-16 T2-4 Chhattisgarh/All Classes/number/SCvsOthers,AgCensus2015-16,T2-4,Chhattisgarh,All Classes,number,SCvsOthers,social_group,Scheduled Castes,Other social groups,1,0,1,0,diff,b,,,,,,,,,unverified,,,,,
AgCensus2015-16 T2-4 Chhattisgarh/All Classes/number/SCvsST,AgCensus2015-16,T2-4,Chhattisgarh,All Classes,number,SCvsST,social_group,Scheduled Castes,Scheduled Tribes,1,1,0,0,diff,b,,,,,,,,,unverified,,,,,
AgCensus2015-16 T2-4 Chhattisgarh/All/area/MarginalvsMedium,AgCensus2015-16,T2-4,Chhattisgarh,All,area,MarginalvsMedium,landholding,marginal operated area,medium operated area,2,0,0,2,equal,c,,,,,,,,,unverified,,,,,
AgCensus2015-16 T2-4 Chhattisgarh/All/area/MarginalvsSmall,AgCensus2015-16,T2-4,Chhattisgarh,All,area,MarginalvsSmall,landholding,marginal operated area,small operated area,3,0,0,3,equal,c,,,,,,,,,unverified,,,,,
AgCensus2015-16 T2-4 Chhattisgarh/All/area/SmallvsMedium,AgCensus2015-16,T2-4,Chhattisgarh,All,area,SmallvsMedium,landholding,small operated area,medium operated area,1,0,0,1,equal,c,,,,,,,,,unverified,,,,,
AgCensus2015-16 T2-4 Chhattisgarh/All/area/SmallvsSemi-medium,AgCensus2015-16,T2-4,Chhattisgarh,All,area,SmallvsSemi-medium,landholding,small operated area,semi-medium operated area,3,0,0,3,equal,c,,,,,,,,,unverified,,,,,
AgCensus2015-16 T2-4 Chhattisgarh/All/number/MarginalvsLarge,AgCensus2015-16,T2-4,Chhattisgarh,All,number,MarginalvsLarge,landholding,marginal holdings,large holdings,1,0,0,1,diff,a,,,,,,,,,unverified,,,,,
AgCensus2015-16 T2-4 Chhattisgarh/All/number/MarginalvsMedium,AgCensus2015-16,T2-4,Chhattisgarh,All,number,MarginalvsMedium,landholding,marginal holdings,medium holdings,1,1,0,0,diff,a,,,,,,,,,unverified,,,,,
AgCensus2015-16 T2-4 Chhattisgarh/All/number/MarginalvsSemi-medium,AgCensus2015-16,T2-4,Chhattisgarh,All,number,MarginalvsSemi-medium,landholding,marginal holdings,semi-medium holdings,1,1,0,0,diff,a,,,,,,,,,unverified,,,,,
AgCensus2015-16 T2-4 Chhattisgarh/All/number/MarginalvsSmall,AgCensus2015-16,T2-4,Chhattisgarh,All,number,MarginalvsSmall,landholding,marginal holdings,small holdings,1,0,0,1,diff,a,,,,,,,,,unverified,,,,,
AgCensus2015-16 T2-4 Chhattisgarh/All/number/Semi-mediumvsLarge,AgCensus2015-16,T2-4,Chhattisgarh,All,number,Semi-mediumvsLarge,landholding,semi-medium holdings,large holdings,1,0,0,1,diff,a,,,,,,,,,unverified,,,,,
AgCensus2015-16 T2-4 Chhattisgarh/All/number/SmallvsLarge,AgCensus2015-16,T2-4,Chhattisgarh,All,number,SmallvsLarge,landholding,small holdings,large holdings,1,1,0,0,diff,a,,,,,,,,,unverified,,,,,
AgCensus2015-16 T2-4 Chhattisgarh/All/number/SmallvsMedium,AgCensus2015-16,T2-4,Chhattisgarh,All,number,SmallvsMedium,landholding,small holdings,medium holdings,1,0,1,0,diff,a,,,,,,,,,unverified,,,,,
AgCensus2015-16 T2-4 Chhattisgarh/Large/area/SCvsOthers,AgCensus2015-16,T2-4,Chhattisgarh,Large,area,SCvsOthers,social_group,Scheduled Castes,Other social groups,1,1,0,0,diff,b,,,,,,,,,unverified,,,,,
AgCensus2015-16 T2-4 Chhattisgarh/Large/area/STvsOthers,AgCensus2015-16,T2-4,Chhattisgarh,Large,area,STvsOthers,social_group,Scheduled Tribes,Other social groups,1,0,1,0,diff,a,,,,,,,,,unverified,,,,,
AgCensus2015-16 T2-4 Chhattisgarh/Large/number/SCvsOthers,AgCensus2015-16,T2-4,Chhattisgarh,Large,number,SCvsOthers,social_group,Scheduled Castes,Other social groups,1,0,1,0,diff,b,,,,,,,,,unverified,,,,,
AgCensus2015-16 T2-4 Chhattisgarh/Large/number/SCvsST,AgCensus2015-16,T2-4,Chhattisgarh,Large,number,SCvsST,social_group,Scheduled Castes,Scheduled Tribes,1,1,0,0,diff,b,,,,,,,,,unverified,,,,,
AgCensus2015-16 T2-4 Chhattisgarh/Large/number/STvsOthers,AgCensus2015-16,T2-4,Chhattisgarh,Large,number,STvsOthers,social_group,Scheduled Tribes,Other social groups,1,0,1,0,diff,a,,,,,,,,,unverified,,,,,
AgCensus2015-16 T2-4 Chhattisgarh/Marginal/area/SCvsOthers,AgCensus2015-16,T2-4,Chhattisgarh,Marginal,area,SCvsOthers,social_group,Scheduled Castes,Other social groups,1,1,0,0,diff,b,,,,,,,,,unverified,,,,,
AgCensus2015-16 T2-4 Chhattisgarh/Marginal/area/SCvsST,AgCensus2015-16,T2-4,Chhattisgarh,Marginal,area,SCvsST,social_group,Scheduled Castes,Scheduled Tribes,1,1,0,0,diff,b,,,,,,,,,unverified,,,,,
AgCensus2015-16 T2-4 Chhattisgarh/Marginal/area/STvsOthers,AgCensus2015-16,T2-4,Chhattisgarh,Marginal,area,STvsOthers,social_group,Scheduled Tribes,Other social groups,1,0,0,1,diff,b,,,,,,,,,unverified,,,,,
AgCensus2015-16 T2-4 Chhattisgarh/Marginal/number/SCvsOthers,AgCensus2015-16,T2-4,Chhattisgarh,Marginal,number,SCvsOthers,social_group,Scheduled Castes,Other social groups,1,0,0,1,diff,b,,,,,,,,,unverified,,,,,
AgCensus2015-16 T2-4 Chhattisgarh/Marginal/number/STvsOthers,AgCensus2015-16,T2-4,Chhattisgarh,Marginal,number,STvsOthers,social_group,Scheduled Tribes,Other social groups,1,1,0,0,diff,b,,,,,,,,,unverified,,,,,
AgCensus2015-16 T2-4 Chhattisgarh/Medium/area/SCvsOthers,AgCensus2015-16,T2-4,Chhattisgarh,Medium,area,SCvsOthers,social_group,Scheduled Castes,Other social groups,1,0,0,1,diff,b,,,,,,,,,unverified,,,,,
AgCensus2015-16 T2-4 Chhattisgarh/Medium/area/SCvsST,AgCensus2015-16,T2-4,Chhattisgarh,Medium,area,SCvsST,social_group,Scheduled Castes,Scheduled Tribes,1,1,0,0,diff,b,,,,,,,,,unverified,,,,,
AgCensus2015-16 T2-4 Chhattisgarh/Medium/area/STvsOthers,AgCensus2015-16,T2-4,Chhattisgarh,Medium,area,STvsOthers,social_group,Scheduled Tribes,Other social groups,1,1,0,0,diff,a,,,,,,,,,unverified,,,,,
AgCensus2015-16 T2-4 Chhattisgarh/Medium/number/SCvsOthers,AgCensus2015-16,T2-4,Chhattisgarh,Medium,number,SCvsOthers,social_group,Scheduled Castes,Other social groups,1,0,0,1,diff,b,,,,,,,,,unverified,,,,,
AgCensus2015-16 T2-4 Chhattisgarh/Medium/number/SCvsST,AgCensus2015-16,T2-4,Chhattisgarh,Medium,number,SCvsST,social_group,Scheduled Castes,Scheduled Tribes,1,0,1,0,diff,b,,,,,,,,,unverified,,,,,
AgCensus2015-16 T2-4 Chhattisgarh/SC/number/MarginalvsLarge,AgCensus2015-16,T2-4,Chhattisgarh,SC,number,MarginalvsLarge,landholding,marginal holdings,large holdings,1,1,0,0,diff,a,,,,,,,,,unverified,,,,,
AgCensus2015-16 T2-4 Chhattisgarh/SC/number/MarginalvsMedium,AgCensus2015-16,T2-4,Chhattisgarh,SC,number,MarginalvsMedium,landholding,marginal holdings,medium holdings,1,0,0,1,diff,a,,,,,,,,,unverified,,,,,
AgCensus2015-16 T2-4 Chhattisgarh/SC/number/MarginalvsSemi-medium,AgCensus2015-16,T2-4,Chhattisgarh,SC,number,MarginalvsSemi-medium,landholding,marginal holdings,semi-medium holdings,1,0,0,1,diff,a,,,,,,,,,unverified,,,,,
AgCensus2015-16 T2-4 Chhattisgarh/SC/number/MarginalvsSmall,AgCensus2015-16,T2-4,Chhattisgarh,SC,number,MarginalvsSmall,landholding,marginal holdings,small holdings,1,1,0,0,diff,a,,,,,,,,,unverified,,,,,
AgCensus2015-16 T2-4 Chhattisgarh/SC/number/SmallvsLarge,AgCensus2015-16,T2-4,Chhattisgarh,SC,number,SmallvsLarge,landholding,small holdings,large holdings,1,0,0,1,diff,a,,,,,,,,,unverified,,,,,
AgCensus2015-16 T2-4 Chhattisgarh/SC/number/SmallvsMedium,AgCensus2015-16,T2-4,Chhattisgarh,SC,number,SmallvsMedium,landholding,small holdings,medium holdings,1,1,0,0,diff,a,,,,,,,,,unverified,,,,,
AgCensus2015-16 T2-4 Chhattisgarh/SC/number/SmallvsSemi-medium,AgCensus2015-16,T2-4,Chhattisgarh,SC,number,SmallvsSemi-medium,landholding,small holdings,semi-medium holdings,1,1,0,0,diff,a,,,,,,,,,unverified,,,,,
AgCensus2015-16 T2-4 Chhattisgarh/ST/area/MarginalvsLarge,AgCensus2015-16,T2-4,Chhattisgarh,ST,area,MarginalvsLarge,landholding,marginal operated area,large operated area,1,0,0,1,equal,c,,,,,,,,,unverified,,,,,
AgCensus2015-16 T2-4 Chhattisgarh/ST/number/MarginalvsLarge,AgCensus2015-16,T2-4,Chhattisgarh,ST,number,MarginalvsLarge,landholding,marginal holdings,large holdings,1,1,0,0,diff,a,,,,,,,,,unverified,,,,,
AgCensus2015-16 T2-4 Chhattisgarh/ST/number/MarginalvsMedium,AgCensus2015-16,T2-4,Chhattisgarh,ST,number,MarginalvsMedium,landholding,marginal holdings,medium holdings,1,1,0,0,diff,a,,,,,,,,,unverified,,,,,
AgCensus2015-16 T2-4 Chhattisgarh/ST/number/MarginalvsSemi-medium,AgCensus2015-16,T2-4,Chhattisgarh,ST,number,MarginalvsSemi-medium,landholding,marginal holdings,semi-medium holdings,1,0,1,0,diff,a,,,,,,,,,unverified,,,,,
AgCensus2015-16 T2-4 Chhattisgarh/ST/number/MarginalvsSmall,AgCensus2015-16,T2-4,Chhattisgarh,ST,number,MarginalvsSmall,landholding,marginal holdings,small holdings,1,1,0,0,diff,a,,,,,,,,,unverified,,,,,
AgCensus2015-16 T2-4 Chhattisgarh/ST/number/Semi-mediumvsLarge,AgCensus2015-16,T2-4,Chhattisgarh,ST,number,Semi-mediumvsLarge,landholding,semi-medium holdings,large holdings,1,1,0,0,diff,a,,,,,,,,,unverified,,,,,
AgCensus2015-16 T2-4 Chhattisgarh/ST/number/Semi-mediumvsMedium,AgCensus2015-16,T2-4,Chhattisgarh,ST,number,Semi-mediumvsMedium,landholding,semi-medium holdings,medium holdings,1,1,0,0,diff,a,,,,,,,,,unverified,,,,,
AgCensus2015-16 T2-4 Chhattisgarh/ST/number/SmallvsMedium,AgCensus2015-16,T2-4,Chhattisgarh,ST,number,SmallvsMedium,landholding,small holdings,medium holdings,1,1,0,0,diff,a,,,,,,,,,unverified,,,,,
AgCensus2015-16 T2-4 Chhattisgarh/Semi-medium/area/SCvsOthers,AgCensus2015-16,T2-4,Chhattisgarh,Semi-medium,area,SCvsOthers,social_group,Scheduled Castes,Other social groups,1,1,0,0,diff,b,,,,,,,,,unverified,,,,,
AgCensus2015-16 T2-4 Chhattisgarh/Semi-medium/area/SCvsST,AgCensus2015-16,T2-4,Chhattisgarh,Semi-medium,area,SCvsST,social_group,Scheduled Castes,Scheduled Tribes,1,1,0,0,diff,b,,,,,,,,,unverified,,,,,
AgCensus2015-16 T2-4 Chhattisgarh/Semi-medium/area/STvsOthers,AgCensus2015-16,T2-4,Chhattisgarh,Semi-medium,area,STvsOthers,social_group,Scheduled Tribes,Other social groups,8,8,0,0,equal,c,,,,,,,,,unverified,,,,,
AgCensus2015-16 T2-4 Chhattisgarh/Semi-medium/number/SCvsOthers,AgCensus2015-16,T2-4,Chhattisgarh,Semi-medium,number,SCvsOthers,social_group,Scheduled Castes,Other social groups,1,1,0,0,diff,b,,,,,,,,,unverified,,,,,
AgCensus2015-16 T2-4 Chhattisgarh/Semi-medium/number/SCvsST,AgCensus2015-16,T2-4,Chhattisgarh,Semi-medium,number,SCvsST,social_group,Scheduled Castes,Scheduled Tribes,1,0,0,1,diff,b,,,,,,,,,unverified,,,,,
AgCensus2015-16 T2-4 Chhattisgarh/Semi-medium/number/STvsOthers,AgCensus2015-16,T2-4,Chhattisgarh,Semi-medium,number,STvsOthers,social_group,Scheduled Tribes,Other social groups,8,8,0,0,equal,c,,,,,,,,,unverified,,,,,
AgCensus2015-16 T2-4 Chhattisgarh/Small/area/SCvsOthers,AgCensus2015-16,T2-4,Chhattisgarh,Small,area,SCvsOthers,social_group,Scheduled Castes,Other social groups,1,0,0,1,diff,b,,,,,,,,,unverified,,,,,
AgCensus2015-16 T2-4 Chhattisgarh/Small/area/SCvsST,AgCensus2015-16,T2-4,Chhattisgarh,Small,area,SCvsST,social_group,Scheduled Castes,Scheduled Tribes,1,0,0,1,diff,b,,,,,,,,,unverified,,,,,
AgCensus2015-16 T2-4 Chhattisgarh/Small/number/SCvsOthers,AgCensus2015-16,T2-4,Chhattisgarh,Small,number,SCvsOthers,social_group,Scheduled Castes,Other social groups,1,0,0,1,diff,b,,,,,,,,,unverified,,,,,
AgCensus2015-16 T2-4 Chhattisgarh/Small/number/SCvsST,AgCensus2015-16,T2-4,Chhattisgarh,Small,number,SCvsST,social_group,Scheduled Castes,Scheduled Tribes,1,0,0,1,diff,b,,,,,,,,,unverified,,,,,
AgCensus2015-16 T2-4 Chhattisgarh/Small/number/STvsOthers,AgCensus2015-16,T2-4,Chhattisgarh,Small,number,STvsOthers,social_group,Scheduled Tribes,Other social groups,1,1,0,0,diff,b,,,,,,,,,unverified,,,,,
AgCensus2015-16 T2-4 D & N Haveli/All Classes/area/SCvsOthers,AgCensus2015-16,T2-4,D & N Haveli,All Classes,area,SCvsOthers,social_group,Scheduled Castes,Other social groups,1,0,0,1,diff,b,,,,,,,,,unverified,,,,,
AgCensus2015-16 T2-4 D & N Haveli/All Classes/area/SCvsST,AgCensus2015-16,T2-4,D & N Haveli,All Classes,area,SCvsST,social_group,Scheduled Castes,Scheduled Tribes,1,1,0,0,diff,b,,,,,,,,,unverified,,,,,
AgCensus2015-16 T2-4 D & N Haveli/All Classes/area/STvsOthers,AgCensus2015-16,T2-4,D & N Haveli,All Classes,area,STvsOthers,social_group,Scheduled Tribes,Other social groups,1,0,0,1,diff,a,,,,,,,,,unverified,,,,,
AgCensus2015-16 T2-4 D & N Haveli/All/area/MarginalvsMedium,AgCensus2015-16,T2-4,D & N Haveli,All,area,MarginalvsMedium,landholding,marginal operated area,medium operated area,4,4,0,0,equal,c,,,,,,,,,unverified,,,,,
AgCensus2015-16 T2-4 D & N Haveli/All/area/MarginalvsSemi-medium,AgCensus2015-16,T2-4,D & N Haveli,All,area,MarginalvsSemi-medium,landholding,marginal operated area,semi-medium operated area,3,3,0,0,equal,c,,,,,,,,,unverified,,,,,
AgCensus2015-16 T2-4 D & N Haveli/All/area/MarginalvsSmall,AgCensus2015-16,T2-4,D & N Haveli,All,area,MarginalvsSmall,landholding,marginal operated area,small operated area,4,4,0,0,equal,c,,,,,,,,,unverified,,,,,
AgCensus2015-16 T2-4 D & N Haveli/All/area/Semi-mediumvsMedium,AgCensus2015-16,T2-4,D & N Haveli,All,area,Semi-mediumvsMedium,landholding,semi-medium operated area,medium operated area,4,4,0,0,equal,c,,,,,,,,,unverified,,,,,
AgCensus2015-16 T2-4 D & N Haveli/All/area/SmallvsMedium,AgCensus2015-16,T2-4,D & N Haveli,All,area,SmallvsMedium,landholding,small operated area,medium operated area,4,0,0,4,equal,c,,,,,,,,,unverified,,,,,
AgCensus2015-16 T2-4 D & N Haveli/All/area/SmallvsSemi-medium,AgCensus2015-16,T2-4,D & N Haveli,All,area,SmallvsSemi-medium,landholding,small operated area,semi-medium operated area,3,3,0,0,equal,c,,,,,,,,,unverified,,,,,
AgCensus2015-16 T2-4 Delhi/All Classes/area/SCvsOthers,AgCensus2015-16,T2-4,Delhi,All Classes,area,SCvsOthers,social_group,Scheduled Castes,Other social groups,1,0,0,1,diff,b,,,,,,,,,unverified,,,,,
AgCensus2015-16 T2-4 Delhi/All Classes/area/STvsOthers,AgCensus2015-16,T2-4,Delhi,All Classes,area,STvsOthers,social_group,Scheduled Tribes,Other social groups,1,0,0,1,diff,b,,,,,,,,,unverified,,,,,
AgCensus2015-16 T2-4 Delhi/All Classes/number/SCvsOthers,AgCensus2015-16,T2-4,Delhi,All Classes,number,SCvsOthers,social_group,Scheduled Castes,Other social groups,1,1,0,0,diff,b,,,,,,,,,unverified,,,,,
AgCensus2015-16 T2-4 Delhi/All Classes/number/STvsOthers,AgCensus2015-16,T2-4,Delhi,All Classes,number,STvsOthers,social_group,Scheduled Tribes,Other social groups,1,1,0,0,diff,b,,,,,,,,,unverified,,,,,
AgCensus2015-16 T2-4 Delhi/All/area/Semi-mediumvsMedium,AgCensus2015-16,T2-4,Delhi,All,area,Semi-mediumvsMedium,landholding,semi-medium operated area,medium operated area,3,0,0,3,equal,c,,,,,,,,,unverified,,,,,
AgCensus2015-16 T2-4 Delhi/All/area/SmallvsMedium,AgCensus2015-16,T2-4,Delhi,All,area,SmallvsMedium,landholding,small operated area,medium operated area,3,0,0,3,equal,c,,,,,,,,,unverified,,,,,
AgCensus2015-16 T2-4 Delhi/All/area/SmallvsSemi-medium,AgCensus2015-16,T2-4,Delhi,All,area,SmallvsSemi-medium,landholding,small operated area,semi-medium operated area,4,4,0,0,equal,c,,,,,,,,,unverified,,,,,
AgCensus2015-16 T2-4 Delhi/All/number/MarginalvsLarge,AgCensus2015-16,T2-4,Delhi,All,number,MarginalvsLarge,landholding,marginal holdings,large holdings,1,1,0,0,diff,a,,,,,,,,,unverified,,,,,
AgCensus2015-16 T2-4 Delhi/All/number/MarginalvsMedium,AgCensus2015-16,T2-4,Delhi,All,number,MarginalvsMedium,landholding,marginal holdings,medium holdings,1,1,0,0,diff,a,,,,,,,,,unverified,,,,,
AgCensus2015-16 T2-4 Delhi/All/number/MarginalvsSemi-medium,AgCensus2015-16,T2-4,Delhi,All,number,MarginalvsSemi-medium,landholding,marginal holdings,semi-medium holdings,1,1,0,0,diff,a,,,,,,,,,unverified,,,,,
AgCensus2015-16 T2-4 Delhi/All/number/MarginalvsSmall,AgCensus2015-16,T2-4,Delhi,All,number,MarginalvsSmall,landholding,marginal holdings,small holdings,1,0,1,0,diff,a,,,,,,,,,unverified,,,,,
AgCensus2015-16 T2-4 Delhi/All/number/Semi-mediumvsLarge,AgCensus2015-16,T2-4,Delhi,All,number,Semi-mediumvsLarge,landholding,semi-medium holdings,large holdings,1,0,0,1,diff,a,,,,,,,,,unverified,,,,,
AgCensus2015-16 T2-4 Delhi/All/number/SmallvsLarge,AgCensus2015-16,T2-4,Delhi,All,number,SmallvsLarge,landholding,small holdings,large holdings,1,1,0,0,diff,a,,,,,,,,,unverified,,,,,
AgCensus2015-16 T2-4 Delhi/All/number/SmallvsMedium,AgCensus2015-16,T2-4,Delhi,All,number,SmallvsMedium,landholding,small holdings,medium holdings,1,1,0,0,diff,a,,,,,,,,,unverified,,,,,
AgCensus2015-16 T2-4 Goa/All Classes/area/SCvsOthers,AgCensus2015-16,T2-4,Goa,All Classes,area,SCvsOthers,social_group,Scheduled Castes,Other social groups,1,0,0,1,diff,b,,,,,,,,,unverified,,,,,
AgCensus2015-16 T2-4 Goa/All Classes/area/SCvsST,AgCensus2015-16,T2-4,Goa,All Classes,area,SCvsST,social_group,Scheduled Castes,Scheduled Tribes,1,0,1,0,diff,b,,,,,,,,,unverified,,,,,
AgCensus2015-16 T2-4 Goa/All Classes/area/STvsOthers,AgCensus2015-16,T2-4,Goa,All Classes,area,STvsOthers,social_group,Scheduled Tribes,Other social groups,1,0,0,1,diff,b,,,,,,,,,unverified,,,,,
AgCensus2015-16 T2-4 Goa/All Classes/number/SCvsOthers,AgCensus2015-16,T2-4,Goa,All Classes,number,SCvsOthers,social_group,Scheduled Castes,Other social groups,1,1,0,0,diff,b,,,,,,,,,unverified,,,,,
AgCensus2015-16 T2-4 Goa/All Classes/number/SCvsST,AgCensus2015-16,T2-4,Goa,All Classes,number,SCvsST,social_group,Scheduled Castes,Scheduled Tribes,1,1,0,0,diff,b,,,,,,,,,unverified,,,,,
AgCensus2015-16 T2-4 Goa/All Classes/number/STvsOthers,AgCensus2015-16,T2-4,Goa,All Classes,number,STvsOthers,social_group,Scheduled Tribes,Other social groups,1,1,0,0,diff,b,,,,,,,,,unverified,,,,,
AgCensus2015-16 T2-4 Goa/All/area/MediumvsLarge,AgCensus2015-16,T2-4,Goa,All,area,MediumvsLarge,landholding,medium operated area,large operated area,4,0,0,4,equal,c,,,,,,,,,unverified,,,,,
AgCensus2015-16 T2-4 Goa/All/area/Semi-mediumvsLarge,AgCensus2015-16,T2-4,Goa,All,area,Semi-mediumvsLarge,landholding,semi-medium operated area,large operated area,3,3,0,0,equal,c,,,,,,,,,unverified,,,,,
AgCensus2015-16 T2-4 Goa/All/area/Semi-mediumvsMedium,AgCensus2015-16,T2-4,Goa,All,area,Semi-mediumvsMedium,landholding,semi-medium operated area,medium operated area,3,3,0,0,equal,c,,,,,,,,,unverified,,,,,
AgCensus2015-16 T2-4 Goa/All/area/SmallvsLarge,AgCensus2015-16,T2-4,Goa,All,area,SmallvsLarge,landholding,small operated area,large operated area,3,0,0,3,equal,c,,,,,,,,,unverified,,,,,
AgCensus2015-16 T2-4 Goa/All/area/SmallvsMedium,AgCensus2015-16,T2-4,Goa,All,area,SmallvsMedium,landholding,small operated area,medium operated area,3,0,0,3,equal,c,,,,,,,,,unverified,,,,,
AgCensus2015-16 T2-4 Goa/All/area/SmallvsSemi-medium,AgCensus2015-16,T2-4,Goa,All,area,SmallvsSemi-medium,landholding,small operated area,semi-medium operated area,3,3,0,0,equal,c,,,,,,,,,unverified,,,,,
AgCensus2015-16 T2-4 Goa/All/number/MarginalvsLarge,AgCensus2015-16,T2-4,Goa,All,number,MarginalvsLarge,landholding,marginal holdings,large holdings,1,1,0,0,diff,a,,,,,,,,,unverified,,,,,
AgCensus2015-16 T2-4 Goa/All/number/MarginalvsSemi-medium,AgCensus2015-16,T2-4,Goa,All,number,MarginalvsSemi-medium,landholding,marginal holdings,semi-medium holdings,1,1,0,0,diff,a,,,,,,,,,unverified,,,,,
AgCensus2015-16 T2-4 Goa/All/number/Semi-mediumvsLarge,AgCensus2015-16,T2-4,Goa,All,number,Semi-mediumvsLarge,landholding,semi-medium holdings,large holdings,3,0,0,3,equal,c,,,,,,,,,unverified,,,,,
AgCensus2015-16 T2-4 Goa/All/number/Semi-mediumvsMedium,AgCensus2015-16,T2-4,Goa,All,number,Semi-mediumvsMedium,landholding,semi-medium holdings,medium holdings,3,3,0,0,equal,c,,,,,,,,,unverified,,,,,
AgCensus2015-16 T2-4 Goa/Marginal/area/SCvsOthers,AgCensus2015-16,T2-4,Goa,Marginal,area,SCvsOthers,social_group,Scheduled Castes,Other social groups,1,0,0,1,diff,b,,,,,,,,,unverified,,,,,
AgCensus2015-16 T2-4 Goa/Marginal/area/SCvsST,AgCensus2015-16,T2-4,Goa,Marginal,area,SCvsST,social_group,Scheduled Castes,Scheduled Tribes,1,1,0,0,diff,b,,,,,,,,,unverified,,,,,
AgCensus2015-16 T2-4 Goa/Marginal/area/STvsOthers,AgCensus2015-16,T2-4,Goa,Marginal,area,STvsOthers,social_group,Scheduled Tribes,Other social groups,1,1,0,0,diff,b,,,,,,,,,unverified,,,,,
AgCensus2015-16 T2-4 Goa/Marginal/number/SCvsOthers,AgCensus2015-16,T2-4,Goa,Marginal,number,SCvsOthers,social_group,Scheduled Castes,Other social groups,1,0,0,1,diff,b,,,,,,,,,unverified,,,,,
AgCensus2015-16 T2-4 Goa/Marginal/number/SCvsST,AgCensus2015-16,T2-4,Goa,Marginal,number,SCvsST,social_group,Scheduled Castes,Scheduled Tribes,1,0,0,1,diff,b,,,,,,,,,unverified,,,,,
AgCensus2015-16 T2-4 Goa/Marginal/number/STvsOthers,AgCensus2015-16,T2-4,Goa,Marginal,number,STvsOthers,social_group,Scheduled Tribes,Other social groups,1,0,0,1,diff,b,,,,,,,,,unverified,,,,,
AgCensus2015-16 T2-4 Goa/ST/area/SmallvsMedium,AgCensus2015-16,T2-4,Goa,ST,area,SmallvsMedium,landholding,small operated area,medium operated area,1,1,0,0,equal,c,,,,,,,,,unverified,,,,,
AgCensus2015-16 T2-4 Goa/ST/area/SmallvsSemi-medium,AgCensus2015-16,T2-4,Goa,ST,area,SmallvsSemi-medium,landholding,small operated area,semi-medium operated area,1,0,0,1,equal,c,,,,,,,,,unverified,,,,,
AgCensus2015-16 T2-4 Goa/ST/number/MarginalvsLarge,AgCensus2015-16,T2-4,Goa,ST,number,MarginalvsLarge,landholding,marginal holdings,large holdings,1,1,0,0,diff,a,,,,,,,,,unverified,,,,,
AgCensus2015-16 T2-4 Goa/ST/number/MarginalvsMedium,AgCensus2015-16,T2-4,Goa,ST,number,MarginalvsMedium,landholding,marginal holdings,medium holdings,1,1,0,0,diff,a,,,,,,,,,unverified,,,,,
AgCensus2015-16 T2-4 Goa/ST/number/MarginalvsSemi-medium,AgCensus2015-16,T2-4,Goa,ST,number,MarginalvsSemi-medium,landholding,marginal holdings,semi-medium holdings,1,1,0,0,diff,a,,,,,,,,,unverified,,,,,
AgCensus2015-16 T2-4 Goa/ST/number/MarginalvsSmall,AgCensus2015-16,T2-4,Goa,ST,number,MarginalvsSmall,landholding,marginal holdings,small holdings,1,1,0,0,diff,a,,,,,,,,,unverified,,,,,
AgCensus2015-16 T2-4 Goa/ST/number/SmallvsMedium,AgCensus2015-16,T2-4,Goa,ST,number,SmallvsMedium,landholding,small holdings,medium holdings,2,2,0,0,equal,c,,,,,,,,,unverified,,,,,
AgCensus2015-16 T2-4 Goa/ST/number/SmallvsSemi-medium,AgCensus2015-16,T2-4,Goa,ST,number,SmallvsSemi-medium,landholding,small holdings,semi-medium holdings,4,4,0,0,equal,c,,,,,,,,,unverified,,,,,
AgCensus2015-16 T2-4 Gujarat/All Classes/area/SCvsOthers,AgCensus2015-16,T2-4,Gujarat,All Classes,area,SCvsOthers,social_group,Scheduled Castes,Other social groups,1,0,0,1,diff,b,,,,,,,,,unverified,,,,,
AgCensus2015-16 T2-4 Gujarat/All Classes/area/STvsOthers,AgCensus2015-16,T2-4,Gujarat,All Classes,area,STvsOthers,social_group,Scheduled Tribes,Other social groups,1,0,0,1,diff,b,,,,,,,,,unverified,,,,,
AgCensus2015-16 T2-4 Gujarat/All Classes/number/SCvsOthers,AgCensus2015-16,T2-4,Gujarat,All Classes,number,SCvsOthers,social_group,Scheduled Castes,Other social groups,1,1,0,0,diff,b,,,,,,,,,unverified,,,,,
AgCensus2015-16 T2-4 Gujarat/All Classes/number/STvsOthers,AgCensus2015-16,T2-4,Gujarat,All Classes,number,STvsOthers,social_group,Scheduled Tribes,Other social groups,1,0,0,1,diff,b,,,,,,,,,unverified,,,,,
AgCensus2015-16 T2-4 Gujarat/All/area/MarginalvsLarge,AgCensus2015-16,T2-4,Gujarat,All,area,MarginalvsLarge,landholding,marginal operated area,large operated area,3,3,0,0,equal,c,,,,,,,,,unverified,,,,,
AgCensus2015-16 T2-4 Gujarat/All/area/Semi-mediumvsMedium,AgCensus2015-16,T2-4,Gujarat,All,area,Semi-mediumvsMedium,landholding,semi-medium operated area,medium operated area,4,4,0,0,equal,c,,,,,,,,,unverified,,,,,
AgCensus2015-16 T2-4 Gujarat/All/area/SmallvsMedium,AgCensus2015-16,T2-4,Gujarat,All,area,SmallvsMedium,landholding,small operated area,medium operated area,3,0,0,3,equal,c,,,,,,,,,unverified,,,,,
AgCensus2015-16 T2-4 Gujarat/All/number/MarginalvsMedium,AgCensus2015-16,T2-4,Gujarat,All,number,MarginalvsMedium,landholding,marginal holdings,medium holdings,1,1,0,0,diff,a,,,,,,,,,unverified,,,,,
AgCensus2015-16 T2-4 Gujarat/All/number/Semi-mediumvsLarge,AgCensus2015-16,T2-4,Gujarat,All,number,Semi-mediumvsLarge,landholding,semi-medium holdings,large holdings,1,0,0,1,diff,a,,,,,,,,,unverified,,,,,
AgCensus2015-16 T2-4 Gujarat/All/number/Semi-mediumvsMedium,AgCensus2015-16,T2-4,Gujarat,All,number,Semi-mediumvsMedium,landholding,semi-medium holdings,medium holdings,1,1,0,0,diff,a,,,,,,,,,unverified,,,,,
AgCensus2015-16 T2-4 Gujarat/All/number/SmallvsLarge,AgCensus2015-16,T2-4,Gujarat,All,number,SmallvsLarge,landholding,small holdings,large holdings,1,1,0,0,diff,a,,,,,,,,,unverified,,,,,
AgCensus2015-16 T2-4 Gujarat/All/number/SmallvsMedium,AgCensus2015-16,T2-4,Gujarat,All,number,SmallvsMedium,landholding,small holdings,medium holdings,1,1,0,0,diff,a,,,,,,,,,unverified,,,,,
AgCensus2015-16 T2-4 Gujarat/Large/area/SCvsOthers,AgCensus2015-16,T2-4,Gujarat,Large,area,SCvsOthers,social_group,Scheduled Castes,Other social groups,1,1,0,0,diff,b,,,,,,,,,unverified,,,,,
AgCensus2015-16 T2-4 Gujarat/Large/area/STvsOthers,AgCensus2015-16,T2-4,Gujarat,Large,area,STvsOthers,social_group,Scheduled Tribes,Other social groups,1,1,0,0,diff,b,,,,,,,,,unverified,,,,,
AgCensus2015-16 T2-4 Gujarat/Large/number/SCvsOthers,AgCensus2015-16,T2-4,Gujarat,Large,number,SCvsOthers,social_group,Scheduled Castes,Other social groups,1,1,0,0,diff,b,,,,,,,,,unverified,,,,,
AgCensus2015-16 T2-4 Gujarat/Large/number/STvsOthers,AgCensus2015-16,T2-4,Gujarat,Large,number,STvsOthers,social_group,Scheduled Tribes,Other social groups,1,1,0,0,diff,b,,,,,,,,,unverified,,,,,
AgCensus2015-16 T2-4 Gujarat/Marginal/area/SCvsOthers,AgCensus2015-16,T2-4,Gujarat,Marginal,area,SCvsOthers,social_group,Scheduled Castes,Other social groups,1,1,0,0,diff,b,,,,,,,,,unverified,,,,,
AgCensus2015-16 T2-4 Gujarat/Marginal/area/STvsOthers,AgCensus2015-16,T2-4,Gujarat,Marginal,area,STvsOthers,social_group,Scheduled Tribes,Other social groups,1,1,0,0,diff,b,,,,,,,,,unverified,,,,,
AgCensus2015-16 T2-4 Gujarat/Marginal/number/SCvsOthers,AgCensus2015-16,T2-4,Gujarat,Marginal,number,SCvsOthers,social_group,Scheduled Castes,Other social groups,1,0,0,1,diff,b,,,,,,,,,unverified,,,,,
AgCensus2015-16 T2-4 Gujarat/Marginal/number/STvsOthers,AgCensus2015-16,T2-4,Gujarat,Marginal,number,STvsOthers,social_group,Scheduled Tribes,Other social groups,1,1,0,0,diff,b,,,,,,,,,unverified,,,,,
AgCensus2015-16 T2-4 Gujarat/Medium/area/SCvsOthers,AgCensus2015-16,T2-4,Gujarat,Medium,area,SCvsOthers,social_group,Scheduled Castes,Other social groups,1,1,0,0,diff,b,,,,,,,,,unverified,,,,,
AgCensus2015-16 T2-4 Gujarat/Medium/area/STvsOthers,AgCensus2015-16,T2-4,Gujarat,Medium,area,STvsOthers,social_group,Scheduled Tribes,Other social groups,1,1,0,0,diff,b,,,,,,,,,unverified,,,,,
AgCensus2015-16 T2-4 Gujarat/Medium/number/SCvsOthers,AgCensus2015-16,T2-4,Gujarat,Medium,number,SCvsOthers,social_group,Scheduled Castes,Other social groups,1,1,0,0,diff,b,,,,,,,,,unverified,,,,,
AgCensus2015-16 T2-4 Gujarat/Medium/number/STvsOthers,AgCensus2015-16,T2-4,Gujarat,Medium,number,STvsOthers,social_group,Scheduled Tribes,Other social groups,1,0,0,1,diff,b,,,,,,,,,unverified,,,,,
AgCensus2015-16 T2-4 Gujarat/SC/area/SmallvsMedium,AgCensus2015-16,T2-4,Gujarat,SC,area,SmallvsMedium,landholding,small operated area,medium operated area,4,4,0,0,equal,c,,,,,,,,,unverified,,,,,
AgCensus2015-16 T2-4 Gujarat/SC/number/MarginalvsLarge,AgCensus2015-16,T2-4,Gujarat,SC,number,MarginalvsLarge,landholding,marginal holdings,large holdings,1,1,0,0,diff,a,,,,,,,,,unverified,,,,,
AgCensus2015-16 T2-4 Gujarat/SC/number/MarginalvsMedium,AgCensus2015-16,T2-4,Gujarat,SC,number,MarginalvsMedium,landholding,marginal holdings,medium holdings,1,0,0,1,diff,a,,,,,,,,,unverified,,,,,
AgCensus2015-16 T2-4 Gujarat/SC/number/MarginalvsSemi-medium,AgCensus2015-16,T2-4,Gujarat,SC,number,MarginalvsSemi-medium,landholding,marginal holdings,semi-medium holdings,1,0,0,1,diff,a,,,,,,,,,unverified,,,,,
AgCensus2015-16 T2-4 Gujarat/SC/number/Semi-mediumvsLarge,AgCensus2015-16,T2-4,Gujarat,SC,number,Semi-mediumvsLarge,landholding,semi-medium holdings,large holdings,1,1,0,0,diff,a,,,,,,,,,unverified,,,,,
AgCensus2015-16 T2-4 Gujarat/SC/number/Semi-mediumvsMedium,AgCensus2015-16,T2-4,Gujarat,SC,number,Semi-mediumvsMedium,landholding,semi-medium holdings,medium holdings,1,0,0,1,diff,a,,,,,,,,,unverified,,,,,
AgCensus2015-16 T2-4 Gujarat/SC/number/SmallvsLarge,AgCensus2015-16,T2-4,Gujarat,SC,number,SmallvsLarge,landholding,small holdings,large holdings,1,1,0,0,diff,a,,,,,,,,,unverified,,,,,
AgCensus2015-16 T2-4 Gujarat/SC/number/SmallvsMedium,AgCensus2015-16,T2-4,Gujarat,SC,number,SmallvsMedium,landholding,small holdings,medium holdings,1,1,0,0,diff,a,,,,,,,,,unverified,,,,,
AgCensus2015-16 T2-4 Gujarat/SC/number/SmallvsSemi-medium,AgCensus2015-16,T2-4,Gujarat,SC,number,SmallvsSemi-medium,landholding,small holdings,semi-medium holdings,1,0,0,1,diff,a,,,,,,,,,unverified,,,,,
AgCensus2015-16 T2-4 Gujarat/ST/area/MarginalvsLarge,AgCensus2015-16,T2-4,Gujarat,ST,area,MarginalvsLarge,landholding,marginal operated area,large operated area,1,0,0,1,equal,c,,,,,,,,,unverified,,,,,
AgCensus2015-16 T2-4 Gujarat/ST/area/Semi-mediumvsMedium,AgCensus2015-16,T2-4,Gujarat,ST,area,Semi-mediumvsMedium,landholding,semi-medium operated area,medium operated area,1,1,0,0,equal,c,,,,,,,,,unverified,,,,,
AgCensus2015-16 T2-4 Gujarat/ST/number/MarginalvsLarge,AgCensus2015-16,T2-4,Gujarat,ST,number,MarginalvsLarge,landholding,marginal holdings,large holdings,1,1,0,0,diff,a,,,,,,,,,unverified,,,,,
AgCensus2015-16 T2-4 Gujarat/ST/number/MarginalvsMedium,AgCensus2015-16,T2-4,Gujarat,ST,number,MarginalvsMedium,landholding,marginal holdings,medium holdings,1,1,0,0,diff,a,,,,,,,,,unverified,,,,,
AgCensus2015-16 T2-4 Gujarat/ST/number/MarginalvsSemi-medium,AgCensus2015-16,T2-4,Gujarat,ST,number,MarginalvsSemi-medium,landholding,marginal holdings,semi-medium holdings,1,1,0,0,diff,a,,,,,,,,,unverified,,,,,
AgCensus2015-16 T2-4 Gujarat/ST/number/Semi-mediumvsMedium,AgCensus2015-16,T2-4,Gujarat,ST,number,Semi-mediumvsMedium,landholding,semi-medium holdings,medium holdings,1,1,0,0,diff,a,,,,,,,,,unverified,,,,,
AgCensus2015-16 T2-4 Gujarat/ST/number/SmallvsLarge,AgCensus2015-16,T2-4,Gujarat,ST,number,SmallvsLarge,landholding,small holdings,large holdings,1,0,0,1,diff,a,,,,,,,,,unverified,,,,,
AgCensus2015-16 T2-4 Gujarat/ST/number/SmallvsMedium,AgCensus2015-16,T2-4,Gujarat,ST,number,SmallvsMedium,landholding,small holdings,medium holdings,1,1,0,0,diff,a,,,,,,,,,unverified,,,,,
AgCensus2015-16 T2-4 Gujarat/Semi-medium/area/SCvsOthers,AgCensus2015-16,T2-4,Gujarat,Semi-medium,area,SCvsOthers,social_group,Scheduled Castes,Other social groups,1,1,0,0,diff,b,,,,,,,,,unverified,,,,,
AgCensus2015-16 T2-4 Gujarat/Semi-medium/area/STvsOthers,AgCensus2015-16,T2-4,Gujarat,Semi-medium,area,STvsOthers,social_group,Scheduled Tribes,Other social groups,1,1,0,0,diff,b,,,,,,,,,unverified,,,,,
AgCensus2015-16 T2-4 Gujarat/Semi-medium/number/SCvsOthers,AgCensus2015-16,T2-4,Gujarat,Semi-medium,number,SCvsOthers,social_group,Scheduled Castes,Other social groups,1,1,0,0,diff,b,,,,,,,,,unverified,,,,,
AgCensus2015-16 T2-4 Gujarat/Semi-medium/number/STvsOthers,AgCensus2015-16,T2-4,Gujarat,Semi-medium,number,STvsOthers,social_group,Scheduled Tribes,Other social groups,1,1,0,0,diff,b,,,,,,,,,unverified,,,,,
AgCensus2015-16 T2-4 Gujarat/Small/area/SCvsOthers,AgCensus2015-16,T2-4,Gujarat,Small,area,SCvsOthers,social_group,Scheduled Castes,Other social groups,1,0,1,0,diff,b,,,,,,,,,unverified,,,,,
AgCensus2015-16 T2-4 Gujarat/Small/area/STvsOthers,AgCensus2015-16,T2-4,Gujarat,Small,area,STvsOthers,social_group,Scheduled Tribes,Other social groups,1,1,0,0,diff,b,,,,,,,,,unverified,,,,,
AgCensus2015-16 T2-4 Gujarat/Small/number/STvsOthers,AgCensus2015-16,T2-4,Gujarat,Small,number,STvsOthers,social_group,Scheduled Tribes,Other social groups,1,0,1,0,diff,b,,,,,,,,,unverified,,,,,
AgCensus2015-16 T2-4 Haryana/All Classes/area/SCvsOthers,AgCensus2015-16,T2-4,Haryana,All Classes,area,SCvsOthers,social_group,Scheduled Castes,Other social groups,1,0,0,1,diff,b,,,,,,,,,unverified,,,,,
AgCensus2015-16 T2-4 Haryana/All Classes/area/STvsOthers,AgCensus2015-16,T2-4,Haryana,All Classes,area,STvsOthers,social_group,Scheduled Tribes,Other social groups,1,0,0,1,diff,b,,,,,,,,,unverified,,,,,
AgCensus2015-16 T2-4 Haryana/All Classes/number/SCvsOthers,AgCensus2015-16,T2-4,Haryana,All Classes,number,SCvsOthers,social_group,Scheduled Castes,Other social groups,1,1,0,0,diff,b,,,,,,,,,unverified,,,,,
AgCensus2015-16 T2-4 Haryana/All Classes/number/STvsOthers,AgCensus2015-16,T2-4,Haryana,All Classes,number,STvsOthers,social_group,Scheduled Tribes,Other social groups,1,1,0,0,diff,b,,,,,,,,,unverified,,,,,
AgCensus2015-16 T2-4 Haryana/All/area/MarginalvsSmall,AgCensus2015-16,T2-4,Haryana,All,area,MarginalvsSmall,landholding,marginal operated area,small operated area,2,0,0,2,equal,c,,,,,,,,,unverified,,,,,
AgCensus2015-16 T2-4 Haryana/All/area/Semi-mediumvsLarge,AgCensus2015-16,T2-4,Haryana,All,area,Semi-mediumvsLarge,landholding,semi-medium operated area,large operated area,3,3,0,0,equal,c,,,,,,,,,unverified,,,,,
AgCensus2015-16 T2-4 Haryana/All/number/MarginalvsLarge,AgCensus2015-16,T2-4,Haryana,All,number,MarginalvsLarge,landholding,marginal holdings,large holdings,1,1,0,0,diff,a,,,,,,,,,unverified,,,,,
AgCensus2015-16 T2-4 Haryana/All/number/MarginalvsMedium,AgCensus2015-16,T2-4,Haryana,All,number,MarginalvsMedium,landholding,marginal holdings,medium holdings,1,1,0,0,diff,a,,,,,,,,,unverified,,,,,
AgCensus2015-16 T2-4 Haryana/All/number/MarginalvsSemi-medium,AgCensus2015-16,T2-4,Haryana,All,number,MarginalvsSemi-medium,landholding,marginal holdings,semi-medium holdings,1,1,0,0,diff,a,,,,,,,,,unverified,,,,,
AgCensus2015-16 T2-4 Haryana/All/number/MarginalvsSmall,AgCensus2015-16,T2-4,Haryana,All,number,MarginalvsSmall,landholding,marginal holdings,small holdings,1,1,0,0,diff,a,,,,,,,,,unverified,,,,,
AgCensus2015-16 T2-4 Haryana/All/number/Semi-mediumvsLarge,AgCensus2015-16,T2-4,Haryana,All,number,Semi-mediumvsLarge,landholding,semi-medium holdings,large holdings,1,0,0,1,diff,a,,,,,,,,,unverified,,,,,
AgCensus2015-16 T2-4 Haryana/All/number/SmallvsLarge,AgCensus2015-16,T2-4,Haryana,All,number,SmallvsLarge,landholding,small holdings,large holdings,1,1,0,0,diff,a,,,,,,,,,unverified,,,,,
AgCensus2015-16 T2-4 Haryana/All/number/SmallvsSemi-medium,AgCensus2015-16,T2-4,Haryana,All,number,SmallvsSemi-medium,landholding,small holdings,semi-medium holdings,2,0,0,2,equal,c,,,,,,,,,unverified,,,,,
AgCensus2015-16 T2-4 Haryana/Large/area/SCvsOthers,AgCensus2015-16,T2-4,Haryana,Large,area,SCvsOthers,social_group,Scheduled Castes,Other social groups,1,1,0,0,diff,b,,,,,,,,,unverified,,,,,
AgCensus2015-16 T2-4 Haryana/Large/area/STvsOthers,AgCensus2015-16,T2-4,Haryana,Large,area,STvsOthers,social_group,Scheduled Tribes,Other social groups,1,1,0,0,diff,b,,,,,,,,,unverified,,,,,
AgCensus2015-16 T2-4 Haryana/Large/number/SCvsOthers,AgCensus2015-16,T2-4,Haryana,Large,number,SCvsOthers,social_group,Scheduled Castes,Other social groups,1,1,0,0,diff,b,,,,,,,,,unverified,,,,,
AgCensus2015-16 T2-4 Haryana/Large/number/STvsOthers,AgCensus2015-16,T2-4,Haryana,Large,number,STvsOthers,social_group,Scheduled Tribes,Other social groups,1,1,0,0,diff,b,,,,,,,,,unverified,,,,,
AgCensus2015-16 T2-4 Haryana/Marginal/area/SCvsOthers,AgCensus2015-16,T2-4,Haryana,Marginal,area,SCvsOthers,social_group,Scheduled Castes,Other social groups,1,1,0,0,diff,b,,,,,,,,,unverified,,,,,
AgCensus2015-16 T2-4 Haryana/Marginal/area/STvsOthers,AgCensus2015-16,T2-4,Haryana,Marginal,area,STvsOthers,social_group,Scheduled Tribes,Other social groups,1,1,0,0,diff,b,,,,,,,,,unverified,,,,,
AgCensus2015-16 T2-4 Haryana/Marginal/number/SCvsOthers,AgCensus2015-16,T2-4,Haryana,Marginal,number,SCvsOthers,social_group,Scheduled Castes,Other social groups,1,0,0,1,diff,b,,,,,,,,,unverified,,,,,
AgCensus2015-16 T2-4 Haryana/Marginal/number/STvsOthers,AgCensus2015-16,T2-4,Haryana,Marginal,number,STvsOthers,social_group,Scheduled Tribes,Other social groups,1,1,0,0,diff,b,,,,,,,,,unverified,,,,,
AgCensus2015-16 T2-4 Haryana/Medium/area/SCvsOthers,AgCensus2015-16,T2-4,Haryana,Medium,area,SCvsOthers,social_group,Scheduled Castes,Other social groups,1,1,0,0,diff,b,,,,,,,,,unverified,,,,,
AgCensus2015-16 T2-4 Haryana/Medium/area/STvsOthers,AgCensus2015-16,T2-4,Haryana,Medium,area,STvsOthers,social_group,Scheduled Tribes,Other social groups,1,0,0,1,diff,b,,,,,,,,,unverified,,,,,
AgCensus2015-16 T2-4 Haryana/Medium/number/SCvsOthers,AgCensus2015-16,T2-4,Haryana,Medium,number,SCvsOthers,social_group,Scheduled Castes,Other social groups,1,1,0,0,diff,b,,,,,,,,,unverified,,,,,
AgCensus2015-16 T2-4 Haryana/Medium/number/STvsOthers,AgCensus2015-16,T2-4,Haryana,Medium,number,STvsOthers,social_group,Scheduled Tribes,Other social groups,1,0,0,1,diff,b,,,,,,,,,unverified,,,,,
AgCensus2015-16 T2-4 Haryana/SC/area/MarginalvsSmall,AgCensus2015-16,T2-4,Haryana,SC,area,MarginalvsSmall,landholding,marginal operated area,small operated area,4,0,0,4,equal,c,,,,,,,,,unverified,,,,,
AgCensus2015-16 T2-4 Haryana/SC/number/MarginalvsLarge,AgCensus2015-16,T2-4,Haryana,SC,number,MarginalvsLarge,landholding,marginal holdings,large holdings,1,0,1,0,diff,a,,,,,,,,,unverified,,,,,
AgCensus2015-16 T2-4 Haryana/SC/number/MarginalvsMedium,AgCensus2015-16,T2-4,Haryana,SC,number,MarginalvsMedium,landholding,marginal holdings,medium holdings,1,0,0,1,diff,a,,,,,,,,,unverified,,,,,
AgCensus2015-16 T2-4 Haryana/SC/number/MarginalvsSemi-medium,AgCensus2015-16,T2-4,Haryana,SC,number,MarginalvsSemi-medium,landholding,marginal holdings,semi-medium holdings,1,0,0,1,diff,a,,,,,,,,,unverified,,,,,
AgCensus2015-16 T2-4 Haryana/SC/number/MarginalvsSmall,AgCensus2015-16,T2-4,Haryana,SC,number,MarginalvsSmall,landholding,marginal holdings,small holdings,1,1,0,0,diff,a,,,,,,,,,unverified,,,,,
AgCensus2015-16 T2-4 Haryana/SC/number/Semi-mediumvsLarge,AgCensus2015-16,T2-4,Haryana,SC,number,Semi-mediumvsLarge,landholding,semi-medium holdings,large holdings,1,1,0,0,diff,a,,,,,,,,,unverified,,,,,
AgCensus2015-16 T2-4 Haryana/SC/number/SmallvsLarge,AgCensus2015-16,T2-4,Haryana,SC,number,SmallvsLarge,landholding,small holdings,large holdings,1,1,0,0,diff,a,,,,,,,,,unverified,,,,,
AgCensus2015-16 T2-4 Haryana/SC/number/SmallvsMedium,AgCensus2015-16,T2-4,Haryana,SC,number,SmallvsMedium,landholding,small holdings,medium holdings,1,1,0,0,diff,a,,,,,,,,,unverified,,,,,
AgCensus2015-16 T2-4 Haryana/SC/number/SmallvsSemi-medium,AgCensus2015-16,T2-4,Haryana,SC,number,SmallvsSemi-medium,landholding,small holdings,semi-medium holdings,3,3,0,0,equal,c,,,,,,,,,unverified,,,,,
AgCensus2015-16 T2-4 Haryana/Semi-medium/area/SCvsOthers,AgCensus2015-16,T2-4,Haryana,Semi-medium,area,SCvsOthers,social_group,Scheduled Castes,Other social groups,1,1,0,0,diff,b,,,,,,,,,unverified,,,,,
AgCensus2015-16 T2-4 Haryana/Semi-medium/area/STvsOthers,AgCensus2015-16,T2-4,Haryana,Semi-medium,area,STvsOthers,social_group,Scheduled Tribes,Other social groups,1,1,0,0,diff,b,,,,,,,,,unverified,,,,,
AgCensus2015-16 T2-4 Haryana/Semi-medium/number/SCvsOthers,AgCensus2015-16,T2-4,Haryana,Semi-medium,number,SCvsOthers,social_group,Scheduled Castes,Other social groups,1,0,0,1,diff,b,,,,,,,,,unverified,,,,,
AgCensus2015-16 T2-4 Haryana/Semi-medium/number/STvsOthers,AgCensus2015-16,T2-4,Haryana,Semi-medium,number,STvsOthers,social_group,Scheduled Tribes,Other social groups,1,0,0,1,diff,b,,,,,,,,,unverified,,,,,
AgCensus2015-16 T2-4 Haryana/Small/area/SCvsOthers,AgCensus2015-16,T2-4,Haryana,Small,area,SCvsOthers,social_group,Scheduled Castes,Other social groups,1,0,0,1,diff,b,,,,,,,,,unverified,,,,,
AgCensus2015-16 T2-4 Haryana/Small/area/STvsOthers,AgCensus2015-16,T2-4,Haryana,Small,area,STvsOthers,social_group,Scheduled Tribes,Other social groups,1,0,0,1,diff,b,,,,,,,,,unverified,,,,,
AgCensus2015-16 T2-4 Haryana/Small/number/SCvsOthers,AgCensus2015-16,T2-4,Haryana,Small,number,SCvsOthers,social_group,Scheduled Castes,Other social groups,1,0,0,1,diff,b,,,,,,,,,unverified,,,,,
AgCensus2015-16 T2-4 Haryana/Small/number/STvsOthers,AgCensus2015-16,T2-4,Haryana,Small,number,STvsOthers,social_group,Scheduled Tribes,Other social groups,1,1,0,0,diff,b,,,,,,,,,unverified,,,,,
AgCensus2015-16 T2-4 Himachal Pradesh/All Classes/area/SCvsOthers,AgCensus2015-16,T2-4,Himachal Pradesh,All Classes,area,SCvsOthers,social_group,Scheduled Castes,Other social groups,1,0,0,1,diff,b,,,,,,,,,unverified,,,,,
AgCensus2015-16 T2-4 Himachal Pradesh/All Classes/area/STvsOthers,AgCensus2015-16,T2-4,Himachal Pradesh,All Classes,area,STvsOthers,social_group,Scheduled Tribes,Other social groups,1,0,0,1,diff,b,,,,,,,,,unverified,,,,,
AgCensus2015-16 T2-4 Himachal Pradesh/All Classes/number/SCvsOthers,AgCensus2015-16,T2-4,Himachal Pradesh,All Classes,number,SCvsOthers,social_group,Scheduled Castes,Other social groups,1,1,0,0,diff,b,,,,,,,,,unverified,,,,,
AgCensus2015-16 T2-4 Himachal Pradesh/All Classes/number/SCvsST,AgCensus2015-16,T2-4,Himachal Pradesh,All Classes,number,SCvsST,social_group,Scheduled Castes,Scheduled Tribes,1,1,0,0,diff,a,,,,,,,,,unverified,,,,,
AgCensus2015-16 T2-4 Himachal Pradesh/All Classes/number/STvsOthers,AgCensus2015-16,T2-4,Himachal Pradesh,All Classes,number,STvsOthers,social_group,Scheduled Tribes,Other social groups,1,1,0,0,diff,b,,,,,,,,,unverified,,,,,
AgCensus2015-16 T2-4 Himachal Pradesh/All/area/MarginalvsSmall,AgCensus2015-16,T2-4,Himachal Pradesh,All,area,MarginalvsSmall,landholding,marginal operated area,small operated area,2,0,0,2,equal,c,,,,,,,,,unverified,,,,,
AgCensus2015-16 T2-4 Himachal Pradesh/All/area/SmallvsSemi-medium,AgCensus2015-16,T2-4,Himachal Pradesh,All,area,SmallvsSemi-medium,landholding,small operated area,semi-medium operated area,2,2,0,0,equal,c,,,,,,,,,unverified,,,,,
AgCensus2015-16 T2-4 Himachal Pradesh/All/number/MarginalvsLarge,AgCensus2015-16,T2-4,Himachal Pradesh,All,number,MarginalvsLarge,landholding,marginal holdings,large holdings,1,1,0,0,diff,a,,,,,,,,,unverified,,,,,
AgCensus2015-16 T2-4 Himachal Pradesh/All/number/MarginalvsMedium,AgCensus2015-16,T2-4,Himachal Pradesh,All,number,MarginalvsMedium,landholding,marginal holdings,medium holdings,1,0,0,1,diff,a,,,,,,,,,unverified,,,,,
AgCensus2015-16 T2-4 Himachal Pradesh/All/number/MarginalvsSemi-medium,AgCensus2015-16,T2-4,Himachal Pradesh,All,number,MarginalvsSemi-medium,landholding,marginal holdings,semi-medium holdings,1,1,0,0,diff,a,,,,,,,,,unverified,,,,,
AgCensus2015-16 T2-4 Himachal Pradesh/All/number/MarginalvsSmall,AgCensus2015-16,T2-4,Himachal Pradesh,All,number,MarginalvsSmall,landholding,marginal holdings,small holdings,1,0,0,1,diff,a,,,,,,,,,unverified,,,,,
AgCensus2015-16 T2-4 Himachal Pradesh/All/number/SmallvsLarge,AgCensus2015-16,T2-4,Himachal Pradesh,All,number,SmallvsLarge,landholding,small holdings,large holdings,1,1,0,0,diff,a,,,,,,,,,unverified,,,,,
AgCensus2015-16 T2-4 Himachal Pradesh/All/number/SmallvsMedium,AgCensus2015-16,T2-4,Himachal Pradesh,All,number,SmallvsMedium,landholding,small holdings,medium holdings,1,0,0,1,diff,a,,,,,,,,,unverified,,,,,
AgCensus2015-16 T2-4 Himachal Pradesh/Large/area/SCvsOthers,AgCensus2015-16,T2-4,Himachal Pradesh,Large,area,SCvsOthers,social_group,Scheduled Castes,Other social groups,1,1,0,0,diff,b,,,,,,,,,unverified,,,,,
AgCensus2015-16 T2-4 Himachal Pradesh/Large/area/STvsOthers,AgCensus2015-16,T2-4,Himachal Pradesh,Large,area,STvsOthers,social_group,Scheduled Tribes,Other social groups,1,1,0,0,diff,b,,,,,,,,,unverified,,,,,
AgCensus2015-16 T2-4 Himachal Pradesh/Marginal/area/SCvsOthers,AgCensus2015-16,T2-4,Himachal Pradesh,Marginal,area,SCvsOthers,social_group,Scheduled Castes,Other social groups,1,1,0,0,diff,b,,,,,,,,,unverified,,,,,
AgCensus2015-16 T2-4 Himachal Pradesh/Marginal/area/SCvsST,AgCensus2015-16,T2-4,Himachal Pradesh,Marginal,area,SCvsST,social_group,Scheduled Castes,Scheduled Tribes,1,1,0,0,diff,a,,,,,,,,,unverified,,,,,
AgCensus2015-16 T2-4 Himachal Pradesh/Marginal/area/STvsOthers,AgCensus2015-16,T2-4,Himachal Pradesh,Marginal,area,STvsOthers,social_group,Scheduled Tribes,Other social groups,1,0,0,1,diff,b,,,,,,,,,unverified,,,,,
AgCensus2015-16 T2-4 Himachal Pradesh/Marginal/number/SCvsOthers,AgCensus2015-16,T2-4,Himachal Pradesh,Marginal,number,SCvsOthers,social_group,Scheduled Castes,Other social groups,1,0,0,1,diff,b,,,,,,,,,unverified,,,,,
AgCensus2015-16 T2-4 Himachal Pradesh/Marginal/number/SCvsST,AgCensus2015-16,T2-4,Himachal Pradesh,Marginal,number,SCvsST,social_group,Scheduled Castes,Scheduled Tribes,1,0,0,1,diff,a,,,,,,,,,unverified,,,,,
AgCensus2015-16 T2-4 Himachal Pradesh/Marginal/number/STvsOthers,AgCensus2015-16,T2-4,Himachal Pradesh,Marginal,number,STvsOthers,social_group,Scheduled Tribes,Other social groups,1,1,0,0,diff,b,,,,,,,,,unverified,,,,,
AgCensus2015-16 T2-4 Himachal Pradesh/Medium/area/SCvsOthers,AgCensus2015-16,T2-4,Himachal Pradesh,Medium,area,SCvsOthers,social_group,Scheduled Castes,Other social groups,1,1,0,0,diff,b,,,,,,,,,unverified,,,,,
AgCensus2015-16 T2-4 Himachal Pradesh/Medium/area/SCvsST,AgCensus2015-16,T2-4,Himachal Pradesh,Medium,area,SCvsST,social_group,Scheduled Castes,Scheduled Tribes,8,0,8,0,equal,c,,,,,,,,,unverified,,,,,
AgCensus2015-16 T2-4 Himachal Pradesh/Medium/area/STvsOthers,AgCensus2015-16,T2-4,Himachal Pradesh,Medium,area,STvsOthers,social_group,Scheduled Tribes,Other social groups,1,1,0,0,diff,b,,,,,,,,,unverified,,,,,
AgCensus2015-16 T2-4 Himachal Pradesh/Medium/number/SCvsOthers,AgCensus2015-16,T2-4,Himachal Pradesh,Medium,number,SCvsOthers,social_group,Scheduled Castes,Other social groups,1,1,0,0,diff,b,,,,,,,,,unverified,,,,,
AgCensus2015-16 T2-4 Himachal Pradesh/Medium/number/STvsOthers,AgCensus2015-16,T2-4,Himachal Pradesh,Medium,number,STvsOthers,social_group,Scheduled Tribes,Other social groups,1,0,0,1,diff,b,,,,,,,,,unverified,,,,,
AgCensus2015-16 T2-4 Himachal Pradesh/SC/number/MarginalvsMedium,AgCensus2015-16,T2-4,Himachal Pradesh,SC,number,MarginalvsMedium,landholding,marginal holdings,medium holdings,1,0,0,1,diff,a,,,,,,,,,unverified,,,,,
AgCensus2015-16 T2-4 Himachal Pradesh/SC/number/MarginalvsSemi-medium,AgCensus2015-16,T2-4,Himachal Pradesh,SC,number,MarginalvsSemi-medium,landholding,marginal holdings,semi-medium holdings,1,0,0,1,diff,a,,,,,,,,,unverified,,,,,
AgCensus2015-16 T2-4 Himachal Pradesh/SC/number/MarginalvsSmall,AgCensus2015-16,T2-4,Himachal Pradesh,SC,number,MarginalvsSmall,landholding,marginal holdings,small holdings,1,1,0,0,diff,a,,,,,,,,,unverified,,,,,
AgCensus2015-16 T2-4 Himachal Pradesh/SC/number/SmallvsMedium,AgCensus2015-16,T2-4,Himachal Pradesh,SC,number,SmallvsMedium,landholding,small holdings,medium holdings,1,0,0,1,diff,a,,,,,,,,,unverified,,,,,
AgCensus2015-16 T2-4 Himachal Pradesh/ST/number/MarginalvsLarge,AgCensus2015-16,T2-4,Himachal Pradesh,ST,number,MarginalvsLarge,landholding,marginal holdings,large holdings,1,1,0,0,diff,a,,,,,,,,,unverified,,,,,
AgCensus2015-16 T2-4 Himachal Pradesh/ST/number/MarginalvsMedium,AgCensus2015-16,T2-4,Himachal Pradesh,ST,number,MarginalvsMedium,landholding,marginal holdings,medium holdings,1,0,0,1,diff,a,,,,,,,,,unverified,,,,,
AgCensus2015-16 T2-4 Himachal Pradesh/ST/number/MarginalvsSemi-medium,AgCensus2015-16,T2-4,Himachal Pradesh,ST,number,MarginalvsSemi-medium,landholding,marginal holdings,semi-medium holdings,1,1,0,0,diff,a,,,,,,,,,unverified,,,,,
AgCensus2015-16 T2-4 Himachal Pradesh/ST/number/MarginalvsSmall,AgCensus2015-16,T2-4,Himachal Pradesh,ST,number,MarginalvsSmall,landholding,marginal holdings,small holdings,1,1,0,0,diff,a,,,,,,,,,unverified,,,,,
AgCensus2015-16 T2-4 Himachal Pradesh/ST/number/SmallvsLarge,AgCensus2015-16,T2-4,Himachal Pradesh,ST,number,SmallvsLarge,landholding,small holdings,large holdings,1,0,0,1,diff,a,,,,,,,,,unverified,,,,,
AgCensus2015-16 T2-4 Himachal Pradesh/ST/number/SmallvsMedium,AgCensus2015-16,T2-4,Himachal Pradesh,ST,number,SmallvsMedium,landholding,small holdings,medium holdings,1,1,0,0,diff,a,,,,,,,,,unverified,,,,,
AgCensus2015-16 T2-4 Himachal Pradesh/ST/number/SmallvsSemi-medium,AgCensus2015-16,T2-4,Himachal Pradesh,ST,number,SmallvsSemi-medium,landholding,small holdings,semi-medium holdings,1,1,0,0,diff,a,,,,,,,,,unverified,,,,,
AgCensus2015-16 T2-4 Himachal Pradesh/Semi-medium/area/SCvsOthers,AgCensus2015-16,T2-4,Himachal Pradesh,Semi-medium,area,SCvsOthers,social_group,Scheduled Castes,Other social groups,1,1,0,0,diff,b,,,,,,,,,unverified,,,,,
AgCensus2015-16 T2-4 Himachal Pradesh/Semi-medium/area/SCvsST,AgCensus2015-16,T2-4,Himachal Pradesh,Semi-medium,area,SCvsST,social_group,Scheduled Castes,Scheduled Tribes,8,8,0,0,equal,c,,,,,,,,,unverified,,,,,
AgCensus2015-16 T2-4 Himachal Pradesh/Semi-medium/area/STvsOthers,AgCensus2015-16,T2-4,Himachal Pradesh,Semi-medium,area,STvsOthers,social_group,Scheduled Tribes,Other social groups,1,1,0,0,diff,b,,,,,,,,,unverified,,,,,
AgCensus2015-16 T2-4 Himachal Pradesh/Semi-medium/number/SCvsOthers,AgCensus2015-16,T2-4,Himachal Pradesh,Semi-medium,number,SCvsOthers,social_group,Scheduled Castes,Other social groups,1,1,0,0,diff,b,,,,,,,,,unverified,,,,,
AgCensus2015-16 T2-4 Himachal Pradesh/Semi-medium/number/SCvsST,AgCensus2015-16,T2-4,Himachal Pradesh,Semi-medium,number,SCvsST,social_group,Scheduled Castes,Scheduled Tribes,8,0,0,8,equal,c,,,,,,,,,unverified,,,,,
AgCensus2015-16 T2-4 Himachal Pradesh/Semi-medium/number/STvsOthers,AgCensus2015-16,T2-4,Himachal Pradesh,Semi-medium,number,STvsOthers,social_group,Scheduled Tribes,Other social groups,1,1,0,0,diff,b,,,,,,,,,unverified,,,,,
AgCensus2015-16 T2-4 Himachal Pradesh/Small/area/SCvsOthers,AgCensus2015-16,T2-4,Himachal Pradesh,Small,area,SCvsOthers,social_group,Scheduled Castes,Other social groups,1,0,0,1,diff,b,,,,,,,,,unverified,,,,,
AgCensus2015-16 T2-4 Himachal Pradesh/Small/area/STvsOthers,AgCensus2015-16,T2-4,Himachal Pradesh,Small,area,STvsOthers,social_group,Scheduled Tribes,Other social groups,1,0,0,1,diff,b,,,,,,,,,unverified,,,,,
AgCensus2015-16 T2-4 Himachal Pradesh/Small/number/SCvsOthers,AgCensus2015-16,T2-4,Himachal Pradesh,Small,number,SCvsOthers,social_group,Scheduled Castes,Other social groups,1,0,0,1,diff,b,,,,,,,,,unverified,,,,,
AgCensus2015-16 T2-4 Himachal Pradesh/Small/number/STvsOthers,AgCensus2015-16,T2-4,Himachal Pradesh,Small,number,STvsOthers,social_group,Scheduled Tribes,Other social groups,1,1,0,0,diff,b,,,,,,,,,unverified,,,,,
AgCensus2015-16 T2-4 Jammu & Kashmir/All Classes/area/SCvsOthers,AgCensus2015-16,T2-4,Jammu & Kashmir,All Classes,area,SCvsOthers,social_group,Scheduled Castes,Other social groups,1,0,0,1,diff,b,,,,,,,,,unverified,,,,,
AgCensus2015-16 T2-4 Jammu & Kashmir/All Classes/area/STvsOthers,AgCensus2015-16,T2-4,Jammu & Kashmir,All Classes,area,STvsOthers,social_group,Scheduled Tribes,Other social groups,1,0,0,1,diff,b,,,,,,,,,unverified,,,,,
AgCensus2015-16 T2-4 Jammu & Kashmir/All Classes/number/SCvsOthers,AgCensus2015-16,T2-4,Jammu & Kashmir,All Classes,number,SCvsOthers,social_group,Scheduled Castes,Other social groups,1,0,0,1,diff,b,,,,,,,,,unverified,,,,,
AgCensus2015-16 T2-4 Jammu & Kashmir/All Classes/number/STvsOthers,AgCensus2015-16,T2-4,Jammu & Kashmir,All Classes,number,STvsOthers,social_group,Scheduled Tribes,Other social groups,1,1,0,0,diff,b,,,,,,,,,unverified,,,,,
AgCensus2015-16 T2-4 Jammu & Kashmir/All/number/MarginalvsLarge,AgCensus2015-16,T2-4,Jammu & Kashmir,All,number,MarginalvsLarge,landholding,marginal holdings,large holdings,1,1,0,0,diff,a,,,,,,,,,unverified,,,,,
AgCensus2015-16 T2-4 Jammu & Kashmir/All/number/MarginalvsMedium,AgCensus2015-16,T2-4,Jammu & Kashmir,All,number,MarginalvsMedium,landholding,marginal holdings,medium holdings,1,1,0,0,diff,a,,,,,,,,,unverified,,,,,
AgCensus2015-16 T2-4 Jammu & Kashmir/All/number/MarginalvsSemi-medium,AgCensus2015-16,T2-4,Jammu & Kashmir,All,number,MarginalvsSemi-medium,landholding,marginal holdings,semi-medium holdings,1,1,0,0,diff,a,,,,,,,,,unverified,,,,,
AgCensus2015-16 T2-4 Jammu & Kashmir/All/number/MarginalvsSmall,AgCensus2015-16,T2-4,Jammu & Kashmir,All,number,MarginalvsSmall,landholding,marginal holdings,small holdings,1,1,0,0,diff,a,,,,,,,,,unverified,,,,,
AgCensus2015-16 T2-4 Jammu & Kashmir/All/number/SmallvsLarge,AgCensus2015-16,T2-4,Jammu & Kashmir,All,number,SmallvsLarge,landholding,small holdings,large holdings,1,1,0,0,diff,a,,,,,,,,,unverified,,,,,
AgCensus2015-16 T2-4 Jammu & Kashmir/All/number/SmallvsMedium,AgCensus2015-16,T2-4,Jammu & Kashmir,All,number,SmallvsMedium,landholding,small holdings,medium holdings,1,1,0,0,diff,a,,,,,,,,,unverified,,,,,
AgCensus2015-16 T2-4 Jammu & Kashmir/Marginal/area/SCvsOthers,AgCensus2015-16,T2-4,Jammu & Kashmir,Marginal,area,SCvsOthers,social_group,Scheduled Castes,Other social groups,1,1,0,0,diff,b,,,,,,,,,unverified,,,,,
AgCensus2015-16 T2-4 Jammu & Kashmir/Marginal/area/STvsOthers,AgCensus2015-16,T2-4,Jammu & Kashmir,Marginal,area,STvsOthers,social_group,Scheduled Tribes,Other social groups,1,1,0,0,diff,b,,,,,,,,,unverified,,,,,
AgCensus2015-16 T2-4 Jammu & Kashmir/Marginal/number/SCvsOthers,AgCensus2015-16,T2-4,Jammu & Kashmir,Marginal,number,SCvsOthers,social_group,Scheduled Castes,Other social groups,1,0,0,1,diff,b,,,,,,,,,unverified,,,,,
AgCensus2015-16 T2-4 Jammu & Kashmir/Marginal/number/STvsOthers,AgCensus2015-16,T2-4,Jammu & Kashmir,Marginal,number,STvsOthers,social_group,Scheduled Tribes,Other social groups,1,0,0,1,diff,b,,,,,,,,,unverified,,,,,
AgCensus2015-16 T2-4 Jammu & Kashmir/Medium/area/SCvsOthers,AgCensus2015-16,T2-4,Jammu & Kashmir,Medium,area,SCvsOthers,social_group,Scheduled Castes,Other social groups,1,0,0,1,diff,b,,,,,,,,,unverified,,,,,
AgCensus2015-16 T2-4 Jammu & Kashmir/Medium/area/SCvsST,AgCensus2015-16,T2-4,Jammu & Kashmir,Medium,area,SCvsST,social_group,Scheduled Castes,Scheduled Tribes,1,1,0,0,diff,b,,,,,,,,,unverified,,,,,
AgCensus2015-16 T2-4 Jammu & Kashmir/Medium/area/STvsOthers,AgCensus2015-16,T2-4,Jammu & Kashmir,Medium,area,STvsOthers,social_group,Scheduled Tribes,Other social groups,1,1,0,0,diff,b,,,,,,,,,unverified,,,,,
AgCensus2015-16 T2-4 Jammu & Kashmir/SC/number/MarginalvsLarge,AgCensus2015-16,T2-4,Jammu & Kashmir,SC,number,MarginalvsLarge,landholding,marginal holdings,large holdings,1,1,0,0,diff,a,,,,,,,,,unverified,,,,,
AgCensus2015-16 T2-4 Jammu & Kashmir/SC/number/MarginalvsMedium,AgCensus2015-16,T2-4,Jammu & Kashmir,SC,number,MarginalvsMedium,landholding,marginal holdings,medium holdings,1,0,0,1,diff,a,,,,,,,,,unverified,,,,,
AgCensus2015-16 T2-4 Jammu & Kashmir/SC/number/MarginalvsSemi-medium,AgCensus2015-16,T2-4,Jammu & Kashmir,SC,number,MarginalvsSemi-medium,landholding,marginal holdings,semi-medium holdings,1,0,0,1,diff,a,,,,,,,,,unverified,,,,,
AgCensus2015-16 T2-4 Jammu & Kashmir/SC/number/Semi-mediumvsMedium,AgCensus2015-16,T2-4,Jammu & Kashmir,SC,number,Semi-mediumvsMedium,landholding,semi-medium holdings,medium holdings,4,0,0,4,equal,c,,,,,,,,,unverified,,,,,
AgCensus2015-16 T2-4 Jammu & Kashmir/SC/number/SmallvsLarge,AgCensus2015-16,T2-4,Jammu & Kashmir,SC,number,SmallvsLarge,landholding,small holdings,large holdings,1,0,0,1,diff,a,,,,,,,,,unverified,,,,,
AgCensus2015-16 T2-4 Jammu & Kashmir/SC/number/SmallvsMedium,AgCensus2015-16,T2-4,Jammu & Kashmir,SC,number,SmallvsMedium,landholding,small holdings,medium holdings,1,0,1,0,diff,a,,,,,,,,,unverified,,,,,
AgCensus2015-16 T2-4 Jammu & Kashmir/ST/number/MarginalvsLarge,AgCensus2015-16,T2-4,Jammu & Kashmir,ST,number,MarginalvsLarge,landholding,marginal holdings,large holdings,1,1,0,0,diff,a,,,,,,,,,unverified,,,,,
AgCensus2015-16 T2-4 Jammu & Kashmir/ST/number/MarginalvsMedium,AgCensus2015-16,T2-4,Jammu & Kashmir,ST,number,MarginalvsMedium,landholding,marginal holdings,medium holdings,1,1,0,0,diff,a,,,,,,,,,unverified,,,,,
AgCensus2015-16 T2-4 Jammu & Kashmir/ST/number/MarginalvsSemi-medium,AgCensus2015-16,T2-4,Jammu & Kashmir,ST,number,MarginalvsSemi-medium,landholding,marginal holdings,semi-medium holdings,1,0,1,0,diff,a,,,,,,,,,unverified,,,,,
AgCensus2015-16 T2-4 Jammu & Kashmir/ST/number/MarginalvsSmall,AgCensus2015-16,T2-4,Jammu & Kashmir,ST,number,MarginalvsSmall,landholding,marginal holdings,small holdings,1,1,0,0,diff,a,,,,,,,,,unverified,,,,,
AgCensus2015-16 T2-4 Jammu & Kashmir/ST/number/SmallvsMedium,AgCensus2015-16,T2-4,Jammu & Kashmir,ST,number,SmallvsMedium,landholding,small holdings,medium holdings,1,1,0,0,diff,a,,,,,,,,,unverified,,,,,
AgCensus2015-16 T2-4 Jammu & Kashmir/Semi-medium/area/SCvsOthers,AgCensus2015-16,T2-4,Jammu & Kashmir,Semi-medium,area,SCvsOthers,social_group,Scheduled Castes,Other social groups,1,1,0,0,diff,b,,,,,,,,,unverified,,,,,
AgCensus2015-16 T2-4 Jammu & Kashmir/Semi-medium/area/STvsOthers,AgCensus2015-16,T2-4,Jammu & Kashmir,Semi-medium,area,STvsOthers,social_group,Scheduled Tribes,Other social groups,1,1,0,0,diff,b,,,,,,,,,unverified,,,,,
AgCensus2015-16 T2-4 Jammu & Kashmir/Semi-medium/number/SCvsOthers,AgCensus2015-16,T2-4,Jammu & Kashmir,Semi-medium,number,SCvsOthers,social_group,Scheduled Castes,Other social groups,1,0,1,0,diff,b,,,,,,,,,unverified,,,,,
AgCensus2015-16 T2-4 Jammu & Kashmir/Semi-medium/number/STvsOthers,AgCensus2015-16,T2-4,Jammu & Kashmir,Semi-medium,number,STvsOthers,social_group,Scheduled Tribes,Other social groups,1,1,0,0,diff,b,,,,,,,,,unverified,,,,,
AgCensus2015-16 T2-4 Jammu & Kashmir/Small/area/SCvsOthers,AgCensus2015-16,T2-4,Jammu & Kashmir,Small,area,SCvsOthers,social_group,Scheduled Castes,Other social groups,1,1,0,0,diff,b,,,,,,,,,unverified,,,,,
AgCensus2015-16 T2-4 Jammu & Kashmir/Small/area/STvsOthers,AgCensus2015-16,T2-4,Jammu & Kashmir,Small,area,STvsOthers,social_group,Scheduled Tribes,Other social groups,1,0,1,0,diff,b,,,,,,,,,unverified,,,,,
AgCensus2015-16 T2-4 Jammu & Kashmir/Small/number/SCvsOthers,AgCensus2015-16,T2-4,Jammu & Kashmir,Small,number,SCvsOthers,social_group,Scheduled Castes,Other social groups,1,0,0,1,diff,b,,,,,,,,,unverified,,,,,
AgCensus2015-16 T2-4 Jammu & Kashmir/Small/number/STvsOthers,AgCensus2015-16,T2-4,Jammu & Kashmir,Small,number,STvsOthers,social_group,Scheduled Tribes,Other social groups,1,1,0,0,diff,b,,,,,,,,,unverified,,,,,
AgCensus2015-16 T2-4 Jharkhand/All Classes/area/SCvsOthers,AgCensus2015-16,T2-4,Jharkhand,All Classes,area,SCvsOthers,social_group,Scheduled Castes,Other social groups,1,0,0,1,diff,b,,,,,,,,,unverified,,,,,
AgCensus2015-16 T2-4 Jharkhand/All Classes/area/SCvsST,AgCensus2015-16,T2-4,Jharkhand,All Classes,area,SCvsST,social_group,Scheduled Castes,Scheduled Tribes,1,1,0,0,diff,b,,,,,,,,,unverified,,,,,
AgCensus2015-16 T2-4 Jharkhand/All Classes/area/STvsOthers,AgCensus2015-16,T2-4,Jharkhand,All Classes,area,STvsOthers,social_group,Scheduled Tribes,Other social groups,8,0,0,8,equal,c,,,,,,,,,unverified,,,,,
AgCensus2015-16 T2-4 Jharkhand/All Classes/number/SCvsOthers,AgCensus2015-16,T2-4,Jharkhand,All Classes,number,SCvsOthers,social_group,Scheduled Castes,Other social groups,1,0,0,1,diff,b,,,,,,,,,unverified,,,,,
AgCensus2015-16 T2-4 Jharkhand/All Classes/number/SCvsST,AgCensus2015-16,T2-4,Jharkhand,All Classes,number,SCvsST,social_group,Scheduled Castes,Scheduled Tribes,1,1,0,0,diff,b,,,,,,,,,unverified,,,,,
AgCensus2015-16 T2-4 Jharkhand/All Classes/number/STvsOthers,AgCensus2015-16,T2-4,Jharkhand,All Classes,number,STvsOthers,social_group,Scheduled Tribes,Other social groups,1,1,0,0,diff,b,,,,,,,,,unverified,,,,,
AgCensus2015-16 T2-4 Jharkhand/All/area/MarginalvsMedium,AgCensus2015-16,T2-4,Jharkhand,All,area,MarginalvsMedium,landholding,marginal operated area,medium operated area,4,4,0,0,equal,c,,,,,,,,,unverified,,,,,
AgCensus2015-16 T2-4 Jharkhand/All/area/MarginalvsSemi-medium,AgCensus2015-16,T2-4,Jharkhand,All,area,MarginalvsSemi-medium,landholding,marginal operated area,semi-medium operated area,4,4,0,0,equal,c,,,,,,,,,unverified,,,,,
AgCensus2015-16 T2-4 Jharkhand/All/area/Semi-mediumvsMedium,AgCensus2015-16,T2-4,Jharkhand,All,area,Semi-mediumvsMedium,landholding,semi-medium operated area,medium operated area,3,0,3,0,equal,c,,,,,,,,,unverified,,,,,
AgCensus2015-16 T2-4 Jharkhand/All/area/SmallvsMedium,AgCensus2015-16,T2-4,Jharkhand,All,area,SmallvsMedium,landholding,small operated area,medium operated area,4,0,0,4,equal,c,,,,,,,,,unverified,,,,,
AgCensus2015-16 T2-4 Jharkhand/All/number/MarginalvsLarge,AgCensus2015-16,T2-4,Jharkhand,All,number,MarginalvsLarge,landholding,marginal holdings,large holdings,1,1,0,0,diff,a,,,,,,,,,unverified,,,,,
AgCensus2015-16 T2-4 Jharkhand/All/number/MarginalvsMedium,AgCensus2015-16,T2-4,Jharkhand,All,number,MarginalvsMedium,landholding,marginal holdings,medium holdings,1,1,0,0,diff,a,,,,,,,,,unverified,,,,,
AgCensus2015-16 T2-4 Jharkhand/All/number/MarginalvsSemi-medium,AgCensus2015-16,T2-4,Jharkhand,All,number,MarginalvsSemi-medium,landholding,marginal holdings,semi-medium holdings,1,1,0,0,diff,a,,,,,,,,,unverified,,,,,
AgCensus2015-16 T2-4 Jharkhand/All/number/MarginalvsSmall,AgCensus2015-16,T2-4,Jharkhand,All,number,MarginalvsSmall,landholding,marginal holdings,small holdings,1,1,0,0,diff,a,,,,,,,,,unverified,,,,,
AgCensus2015-16 T2-4 Jharkhand/All/number/SmallvsLarge,AgCensus2015-16,T2-4,Jharkhand,All,number,SmallvsLarge,landholding,small holdings,large holdings,1,1,0,0,diff,a,,,,,,,,,unverified,,,,,
AgCensus2015-16 T2-4 Jharkhand/All/number/SmallvsMedium,AgCensus2015-16,T2-4,Jharkhand,All,number,SmallvsMedium,landholding,small holdings,medium holdings,1,1,0,0,diff,a,,,,,,,,,unverified,,,,,
AgCensus2015-16 T2-4 Jharkhand/Large/area/SCvsOthers,AgCensus2015-16,T2-4,Jharkhand,Large,area,SCvsOthers,social_group,Scheduled Castes,Other social groups,1,1,0,0,diff,b,,,,,,,,,unverified,,,,,
AgCensus2015-16 T2-4 Jharkhand/Large/area/SCvsST,AgCensus2015-16,T2-4,Jharkhand,Large,area,SCvsST,social_group,Scheduled Castes,Scheduled Tribes,1,1,0,0,diff,b,,,,,,,,,unverified,,,,,
AgCensus2015-16 T2-4 Jharkhand/Large/area/STvsOthers,AgCensus2015-16,T2-4,Jharkhand,Large,area,STvsOthers,social_group,Scheduled Tribes,Other social groups,1,0,0,1,diff,a,,,,,,,,,unverified,,,,,
AgCensus2015-16 T2-4 Jharkhand/Large/number/SCvsOthers,AgCensus2015-16,T2-4,Jharkhand,Large,number,SCvsOthers,social_group,Scheduled Castes,Other social groups,1,1,0,0,diff,b,,,,,,,,,unverified,,,,,
AgCensus2015-16 T2-4 Jharkhand/Large/number/STvsOthers,AgCensus2015-16,T2-4,Jharkhand,Large,number,STvsOthers,social_group,Scheduled Tribes,Other social groups,1,0,1,0,diff,a,,,,,,,,,unverified,,,,,
AgCensus2015-16 T2-4 Jharkhand/Marginal/area/SCvsOthers,AgCensus2015-16,T2-4,Jharkhand,Marginal,area,SCvsOthers,social_group,Scheduled Castes,Other social groups,1,1,0,0,diff,b,,,,,,,,,unverified,,,,,
AgCensus2015-16 T2-4 Jharkhand/Marginal/area/SCvsST,AgCensus2015-16,T2-4,Jharkhand,Marginal,area,SCvsST,social_group,Scheduled Castes,Scheduled Tribes,1,1,0,0,diff,b,,,,,,,,,unverified,,,,,
AgCensus2015-16 T2-4 Jharkhand/Marginal/area/STvsOthers,AgCensus2015-16,T2-4,Jharkhand,Marginal,area,STvsOthers,social_group,Scheduled Tribes,Other social groups,1,0,0,1,diff,b,,,,,,,,,unverified,,,,,
AgCensus2015-16 T2-4 Jharkhand/Marginal/number/SCvsOthers,AgCensus2015-16,T2-4,Jharkhand,Marginal,number,SCvsOthers,social_group,Scheduled Castes,Other social groups,1,0,0,1,diff,b,,,,,,,,,unverified,,,,,
AgCensus2015-16 T2-4 Jharkhand/Marginal/number/SCvsST,AgCensus2015-16,T2-4,Jharkhand,Marginal,number,SCvsST,social_group,Scheduled Castes,Scheduled Tribes,1,1,0,0,diff,b,,,,,,,,,unverified,,,,,
AgCensus2015-16 T2-4 Jharkhand/Marginal/number/STvsOthers,AgCensus2015-16,T2-4,Jharkhand,Marginal,number,STvsOthers,social_group,Scheduled Tribes,Other social groups,1,0,0,1,diff,b,,,,,,,,,unverified,,,,,
AgCensus2015-16 T2-4 Jharkhand/Medium/area/SCvsOthers,AgCensus2015-16,T2-4,Jharkhand,Medium,area,SCvsOthers,social_group,Scheduled Castes,Other social groups,1,1,0,0,diff,b,,,,,,,,,unverified,,,,,
AgCensus2015-16 T2-4 Jharkhand/Medium/area/SCvsST,AgCensus2015-16,T2-4,Jharkhand,Medium,area,SCvsST,social_group,Scheduled Castes,Scheduled Tribes,1,1,0,0,diff,b,,,,,,,,,unverified,,,,,
AgCensus2015-16 T2-4 Jharkhand/Medium/area/STvsOthers,AgCensus2015-16,T2-4,Jharkhand,Medium,area,STvsOthers,social_group,Scheduled Tribes,Other social groups,1,1,0,0,diff,a,,,,,,,,,unverified,,,,,
AgCensus2015-16 T2-4 Jharkhand/Medium/number/SCvsOthers,AgCensus2015-16,T2-4,Jharkhand,Medium,number,SCvsOthers,social_group,Scheduled Castes,Other social groups,1,1,0,0,diff,b,,,,,,,,,unverified,,,,,
AgCensus2015-16 T2-4 Jharkhand/Medium/number/SCvsST,AgCensus2015-16,T2-4,Jharkhand,Medium,number,SCvsST,social_group,Scheduled Castes,Scheduled Tribes,1,1,0,0,diff,b,,,,,,,,,unverified,,,,,
AgCensus2015-16 T2-4 Jharkhand/Medium/number/STvsOthers,AgCensus2015-16,T2-4,Jharkhand,Medium,number,STvsOthers,social_group,Scheduled Tribes,Other social groups,1,0,0,1,diff,a,,,,,,,,,unverified,,,,,
AgCensus2015-16 T2-4 Jharkhand/SC/area/Semi-mediumvsMedium,AgCensus2015-16,T2-4,Jharkhand,SC,area,Semi-mediumvsMedium,landholding,semi-medium operated area,medium operated area,3,3,0,0,equal,c,,,,,,,,,unverified,,,,,
AgCensus2015-16 T2-4 Jharkhand/SC/area/SmallvsMedium,AgCensus2015-16,T2-4,Jharkhand,SC,area,SmallvsMedium,landholding,small operated area,medium operated area,4,4,0,0,equal,c,,,,,,,,,unverified,,,,,
AgCensus2015-16 T2-4 Jharkhand/SC/area/SmallvsSemi-medium,AgCensus2015-16,T2-4,Jharkhand,SC,area,SmallvsSemi-medium,landholding,small operated area,semi-medium operated area,3,3,0,0,equal,c,,,,,,,,,unverified,,,,,
AgCensus2015-16 T2-4 Jharkhand/SC/number/MarginalvsLarge,AgCensus2015-16,T2-4,Jharkhand,SC,number,MarginalvsLarge,landholding,marginal holdings,large holdings,1,0,0,1,diff,a,,,,,,,,,unverified,,,,,
AgCensus2015-16 T2-4 Jharkhand/SC/number/MarginalvsMedium,AgCensus2015-16,T2-4,Jharkhand,SC,number,MarginalvsMedium,landholding,marginal holdings,medium holdings,1,0,0,1,diff,a,,,,,,,,,unverified,,,,,
AgCensus2015-16 T2-4 Jharkhand/SC/number/MarginalvsSemi-medium,AgCensus2015-16,T2-4,Jharkhand,SC,number,MarginalvsSemi-medium,landholding,marginal holdings,semi-medium holdings,1,0,0,1,diff,a,,,,,,,,,unverified,,,,,
AgCensus2015-16 T2-4 Jharkhand/SC/number/MarginalvsSmall,AgCensus2015-16,T2-4,Jharkhand,SC,number,MarginalvsSmall,landholding,marginal holdings,small holdings,1,1,0,0,diff,a,,,,,,,,,unverified,,,,,
AgCensus2015-16 T2-4 Jharkhand/SC/number/Semi-mediumvsMedium,AgCensus2015-16,T2-4,Jharkhand,SC,number,Semi-mediumvsMedium,landholding,semi-medium holdings,medium holdings,3,0,0,3,equal,c,,,,,,,,,unverified,,,,,
AgCensus2015-16 T2-4 Jharkhand/SC/number/SmallvsLarge,AgCensus2015-16,T2-4,Jharkhand,SC,number,SmallvsLarge,landholding,small holdings,large holdings,1,0,0,1,diff,a,,,,,,,,,unverified,,,,,
AgCensus2015-16 T2-4 Jharkhand/ST/area/MarginalvsSmall,AgCensus2015-16,T2-4,Jharkhand,ST,area,MarginalvsSmall,landholding,marginal operated area,small operated area,1,0,0,1,equal,c,,,,,,,,,unverified,,,,,
AgCensus2015-16 T2-4 Jharkhand/ST/area/Semi-mediumvsMedium,AgCensus2015-16,T2-4,Jharkhand,ST,area,Semi-mediumvsMedium,landholding,semi-medium operated area,medium operated area,1,1,0,0,equal,c,,,,,,,,,unverified,,,,,
AgCensus2015-16 T2-4 Jharkhand/ST/area/SmallvsLarge,AgCensus2015-16,T2-4,Jharkhand,ST,area,SmallvsLarge,landholding,small operated area,large operated area,1,0,0,1,equal,c,,,,,,,,,unverified,,,,,
AgCensus2015-16 T2-4 Jharkhand/ST/number/MarginalvsLarge,AgCensus2015-16,T2-4,Jharkhand,ST,number,MarginalvsLarge,landholding,marginal holdings,large holdings,1,1,0,0,diff,a,,,,,,,,,unverified,,,,,
AgCensus2015-16 T2-4 Jharkhand/ST/number/MarginalvsMedium,AgCensus2015-16,T2-4,Jharkhand,ST,number,MarginalvsMedium,landholding,marginal holdings,medium holdings,1,1,0,0,diff,a,,,,,,,,,unverified,,,,,
AgCensus2015-16 T2-4 Jharkhand/ST/number/MarginalvsSmall,AgCensus2015-16,T2-4,Jharkhand,ST,number,MarginalvsSmall,landholding,marginal holdings,small holdings,1,0,0,1,diff,a,,,,,,,,,unverified,,,,,
AgCensus2015-16 T2-4 Jharkhand/ST/number/SmallvsLarge,AgCensus2015-16,T2-4,Jharkhand,ST,number,SmallvsLarge,landholding,small holdings,large holdings,1,0,0,1,diff,a,,,,,,,,,unverified,,,,,
AgCensus2015-16 T2-4 Jharkhand/ST/number/SmallvsMedium,AgCensus2015-16,T2-4,Jharkhand,ST,number,SmallvsMedium,landholding,small holdings,medium holdings,1,1,0,0,diff,a,,,,,,,,,unverified,,,,,
AgCensus2015-16 T2-4 Jharkhand/ST/number/SmallvsSemi-medium,AgCensus2015-16,T2-4,Jharkhand,ST,number,SmallvsSemi-medium,landholding,small holdings,semi-medium holdings,4,4,0,0,equal,c,,,,,,,,,unverified,,,,,
AgCensus2015-16 T2-4 Jharkhand/Semi-medium/area/SCvsOthers,AgCensus2015-16,T2-4,Jharkhand,Semi-medium,area,SCvsOthers,social_group,Scheduled Castes,Other social groups,1,1,0,0,diff,b,,,,,,,,,unverified,,,,,
AgCensus2015-16 T2-4 Jharkhand/Semi-medium/area/SCvsST,AgCensus2015-16,T2-4,Jharkhand,Semi-medium,area,SCvsST,social_group,Scheduled Castes,Scheduled Tribes,1,0,0,1,diff,b,,,,,,,,,unverified,,,,,
AgCensus2015-16 T2-4 Jharkhand/Semi-medium/area/STvsOthers,AgCensus2015-16,T2-4,Jharkhand,Semi-medium,area,STvsOthers,social_group,Scheduled Tribes,Other social groups,8,8,0,0,equal,c,,,,,,,,,unverified,,,,,
AgCensus2015-16 T2-4 Jharkhand/Semi-medium/number/SCvsOthers,AgCensus2015-16,T2-4,Jharkhand,Semi-medium,number,SCvsOthers,social_group,Scheduled Castes,Other social groups,1,1,0,0,diff,b,,,,,,,,,unverified,,,,,
AgCensus2015-16 T2-4 Jharkhand/Semi-medium/number/SCvsST,AgCensus2015-16,T2-4,Jharkhand,Semi-medium,number,SCvsST,social_group,Scheduled Castes,Scheduled Tribes,1,0,0,1,diff,b,,,,,,,,,unverified,,,,,
AgCensus2015-16 T2-4 Jharkhand/Semi-medium/number/STvsOthers,AgCensus2015-16,T2-4,Jharkhand,Semi-medium,number,STvsOthers,social_group,Scheduled Tribes,Other social groups,8,0,0,8,equal,c,,,,,,,,,unverified,,,,,
AgCensus2015-16 T2-4 Jharkhand/Small/area/SCvsOthers,AgCensus2015-16,T2-4,Jharkhand,Small,area,SCvsOthers,social_group,Scheduled Castes,Other social groups,1,1,0,0,diff,b,,,,,,,,,unverified,,,,,
AgCensus2015-16 T2-4 Jharkhand/Small/area/SCvsST,AgCensus2015-16,T2-4,Jharkhand,Small,area,SCvsST,social_group,Scheduled Castes,Scheduled Tribes,1,0,0,1,diff,b,,,,,,,,,unverified,,,,,
AgCensus2015-16 T2-4 Jharkhand/Small/number/SCvsOthers,AgCensus2015-16,T2-4,Jharkhand,Small,number,SCvsOthers,social_group,Scheduled Castes,Other social groups,1,0,0,1,diff,b,,,,,,,,,unverified,,,,,
AgCensus2015-16 T2-4 Jharkhand/Small/number/SCvsST,AgCensus2015-16,T2-4,Jharkhand,Small,number,SCvsST,social_group,Scheduled Castes,Scheduled Tribes,1,0,0,1,diff,b,,,,,,,,,unverified,,,,,
AgCensus2015-16 T2-4 Karnataka/All Classes/area/SCvsOthers,AgCensus2015-16,T2-4,Karnataka,All Classes,area,SCvsOthers,social_group,Scheduled Castes,Other social groups,1,0,0,1,diff,b,,,,,,,,,unverified,,,,,
AgCensus2015-16 T2-4 Karnataka/All Classes/area/SCvsST,AgCensus2015-16,T2-4,Karnataka,All Classes,area,SCvsST,social_group,Scheduled Castes,Scheduled Tribes,8,0,0,8,equal,c,,,,,,,,,unverified,,,,,
AgCensus2015-16 T2-4 Karnataka/All Classes/area/STvsOthers,AgCensus2015-16,T2-4,Karnataka,All Classes,area,STvsOthers,social_group,Scheduled Tribes,Other social groups,1,0,0,1,diff,b,,,,,,,,,unverified,,,,,
AgCensus2015-16 T2-4 Karnataka/All Classes/number/SCvsOthers,AgCensus2015-16,T2-4,Karnataka,All Classes,number,SCvsOthers,social_group,Scheduled Castes,Other social groups,1,1,0,0,diff,b,,,,,,,,,unverified,,,,,
AgCensus2015-16 T2-4 Karnataka/All Classes/number/STvsOthers,AgCensus2015-16,T2-4,Karnataka,All Classes,number,STvsOthers,social_group,Scheduled Tribes,Other social groups,1,0,1,0,diff,b,,,,,,,,,unverified,,,,,
AgCensus2015-16 T2-4 Karnataka/All/area/MarginalvsMedium,AgCensus2015-16,T2-4,Karnataka,All,area,MarginalvsMedium,landholding,marginal operated area,medium operated area,2,2,0,0,equal,c,,,,,,,,,unverified,,,,,
AgCensus2015-16 T2-4 Karnataka/All/area/SmallvsMedium,AgCensus2015-16,T2-4,Karnataka,All,area,SmallvsMedium,landholding,small operated area,medium operated area,4,0,0,4,equal,c,,,,,,,,,unverified,,,,,
AgCensus2015-16 T2-4 Karnataka/All/area/SmallvsSemi-medium,AgCensus2015-16,T2-4,Karnataka,All,area,SmallvsSemi-medium,landholding,small operated area,semi-medium operated area,3,3,0,0,equal,c,,,,,,,,,unverified,,,,,
AgCensus2015-16 T2-4 Karnataka/All/number/MarginalvsLarge,AgCensus2015-16,T2-4,Karnataka,All,number,MarginalvsLarge,landholding,marginal holdings,large holdings,1,1,0,0,diff,a,,,,,,,,,unverified,,,,,
AgCensus2015-16 T2-4 Karnataka/All/number/MarginalvsSemi-medium,AgCensus2015-16,T2-4,Karnataka,All,number,MarginalvsSemi-medium,landholding,marginal holdings,semi-medium holdings,1,1,0,0,diff,a,,,,,,,,,unverified,,,,,
AgCensus2015-16 T2-4 Karnataka/All/number/MediumvsLarge,AgCensus2015-16,T2-4,Karnataka,All,number,MediumvsLarge,landholding,medium holdings,large holdings,4,0,0,4,equal,c,,,,,,,,,unverified,,,,,
AgCensus2015-16 T2-4 Karnataka/All/number/SmallvsLarge,AgCensus2015-16,T2-4,Karnataka,All,number,SmallvsLarge,landholding,small holdings,large holdings,1,1,0,0,diff,a,,,,,,,,,unverified,,,,,
AgCensus2015-16 T2-4 Karnataka/All/number/SmallvsMedium,AgCensus2015-16,T2-4,Karnataka,All,number,SmallvsMedium,landholding,small holdings,medium holdings,1,0,0,1,diff,a,,,,,,,,,unverified,,,,,
AgCensus2015-16 T2-4 Karnataka/All/number/SmallvsSemi-medium,AgCensus2015-16,T2-4,Karnataka,All,number,SmallvsSemi-medium,landholding,small holdings,semi-medium holdings,1,0,0,1,diff,a,,,,,,,,,unverified,,,,,
AgCensus2015-16 T2-4 Karnataka/Large/area/SCvsOthers,AgCensus2015-16,T2-4,Karnataka,Large,area,SCvsOthers,social_group,Scheduled Castes,Other social groups,1,1,0,0,diff,b,,,,,,,,,unverified,,,,,
AgCensus2015-16 T2-4 Karnataka/Large/area/SCvsST,AgCensus2015-16,T2-4,Karnataka,Large,area,SCvsST,social_group,Scheduled Castes,Scheduled Tribes,8,8,0,0,equal,c,,,,,,,,,unverified,,,,,
AgCensus2015-16 T2-4 Karnataka/Large/area/STvsOthers,AgCensus2015-16,T2-4,Karnataka,Large,area,STvsOthers,social_group,Scheduled Tribes,Other social groups,1,1,0,0,diff,b,,,,,,,,,unverified,,,,,
AgCensus2015-16 T2-4 Karnataka/Large/number/SCvsOthers,AgCensus2015-16,T2-4,Karnataka,Large,number,SCvsOthers,social_group,Scheduled Castes,Other social groups,1,0,0,1,diff,b,,,,,,,,,unverified,,,,,
AgCensus2015-16 T2-4 Karnataka/Large/number/SCvsST,AgCensus2015-16,T2-4,Karnataka,Large,number,SCvsST,social_group,Scheduled Castes,Scheduled Tribes,8,0,0,8,equal,c,,,,,,,,,unverified,,,,,
AgCensus2015-16 T2-4 Karnataka/Large/number/STvsOthers,AgCensus2015-16,T2-4,Karnataka,Large,number,STvsOthers,social_group,Scheduled Tribes,Other social groups,1,1,0,0,diff,b,,,,,,,,,unverified,,,,,
AgCensus2015-16 T2-4 Karnataka/Marginal/area/SCvsOthers,AgCensus2015-16,T2-4,Karnataka,Marginal,area,SCvsOthers,social_group,Scheduled Castes,Other social groups,1,0,1,0,diff,b,,,,,,,,,unverified,,,,,
AgCensus2015-16 T2-4 Karnataka/Marginal/area/STvsOthers,AgCensus2015-16,T2-4,Karnataka,Marginal,area,STvsOthers,social_group,Scheduled Tribes,Other social groups,1,0,1,0,diff,b,,,,,,,,,unverified,,,,,
AgCensus2015-16 T2-4 Karnataka/Marginal/number/SCvsOthers,AgCensus2015-16,T2-4,Karnataka,Marginal,number,SCvsOthers,social_group,Scheduled Castes,Other social groups,1,0,0,1,diff,b,,,,,,,,,unverified,,,,,
AgCensus2015-16 T2-4 Karnataka/Marginal/number/STvsOthers,AgCensus2015-16,T2-4,Karnataka,Marginal,number,STvsOthers,social_group,Scheduled Tribes,Other social groups,1,1,0,0,diff,b,,,,,,,,,unverified,,,,,
AgCensus2015-16 T2-4 Karnataka/Medium/area/SCvsOthers,AgCensus2015-16,T2-4,Karnataka,Medium,area,SCvsOthers,social_group,Scheduled Castes,Other social groups,1,0,0,1,diff,b,,,,,,,,,unverified,,,,,
AgCensus2015-16 T2-4 Karnataka/Medium/area/SCvsST,AgCensus2015-16,T2-4,Karnataka,Medium,area,SCvsST,social_group,Scheduled Castes,Scheduled Tribes,8,8,0,0,equal,c,,,,,,,,,unverified,,,,,
AgCensus2015-16 T2-4 Karnataka/Medium/area/STvsOthers,AgCensus2015-16,T2-4,Karnataka,Medium,area,STvsOthers,social_group,Scheduled Tribes,Other social groups,1,1,0,0,diff,b,,,,,,,,,unverified,,,,,
AgCensus2015-16 T2-4 Karnataka/Medium/number/SCvsOthers,AgCensus2015-16,T2-4,Karnataka,Medium,number,SCvsOthers,social_group,Scheduled Castes,Other social groups,1,1,0,0,diff,b,,,,,,,,,unverified,,,,,
AgCensus2015-16 T2-4 Karnataka/Medium/number/SCvsST,AgCensus2015-16,T2-4,Karnataka,Medium,number,SCvsST,social_group,Scheduled Castes,Scheduled Tribes,8,8,0,0,equal,c,,,,,,,,,unverified,,,,,
AgCensus2015-16 T2-4 Karnataka/Medium/number/STvsOthers,AgCensus2015-16,T2-4,Karnataka,Medium,number,STvsOthers,social_group,Scheduled Tribes,Other social groups,1,0,0,1,diff,b,,,,,,,,,unverified,,,,,
AgCensus2015-16 T2-4 Karnataka/SC/area/MarginalvsSemi-medium,AgCensus2015-16,T2-4,Karnataka,SC,area,MarginalvsSemi-medium,landholding,marginal operated area,semi-medium operated area,4,4,0,0,equal,c,,,,,,,,,unverified,,,,,
AgCensus2015-16 T2-4 Karnataka/SC/number/MarginalvsLarge,AgCensus2015-16,T2-4,Karnataka,SC,number,MarginalvsLarge,landholding,marginal holdings,large holdings,1,0,1,0,diff,a,,,,,,,,,unverified,,,,,
AgCensus2015-16 T2-4 Karnataka/SC/number/MarginalvsMedium,AgCensus2015-16,T2-4,Karnataka,SC,number,MarginalvsMedium,landholding,marginal holdings,medium holdings,1,0,0,1,diff,a,,,,,,,,,unverified,,,,,
AgCensus2015-16 T2-4 Karnataka/SC/number/MarginalvsSemi-medium,AgCensus2015-16,T2-4,Karnataka,SC,number,MarginalvsSemi-medium,landholding,marginal holdings,semi-medium holdings,1,0,0,1,diff,a,,,,,,,,,unverified,,,,,
AgCensus2015-16 T2-4 Karnataka/SC/number/MarginalvsSmall,AgCensus2015-16,T2-4,Karnataka,SC,number,MarginalvsSmall,landholding,marginal holdings,small holdings,1,1,0,0,diff,a,,,,,,,,,unverified,,,,,
AgCensus2015-16 T2-4 Karnataka/SC/number/Semi-mediumvsLarge,AgCensus2015-16,T2-4,Karnataka,SC,number,Semi-mediumvsLarge,landholding,semi-medium holdings,large holdings,1,1,0,0,diff,a,,,,,,,,,unverified,,,,,
AgCensus2015-16 T2-4 Karnataka/SC/number/SmallvsLarge,AgCensus2015-16,T2-4,Karnataka,SC,number,SmallvsLarge,landholding,small holdings,large holdings,1,0,1,0,diff,a,,,,,,,,,unverified,,,,,
AgCensus2015-16 T2-4 Karnataka/SC/number/SmallvsMedium,AgCensus2015-16,T2-4,Karnataka,SC,number,SmallvsMedium,landholding,small holdings,medium holdings,1,0,0,1,diff,a,,,,,,,,,unverified,,,,,
AgCensus2015-16 T2-4 Karnataka/SC/number/SmallvsSemi-medium,AgCensus2015-16,T2-4,Karnataka,SC,number,SmallvsSemi-medium,landholding,small holdings,semi-medium holdings,1,1,0,0,diff,a,,,,,,,,,unverified,,,,,
AgCensus2015-16 T2-4 Karnataka/ST/area/MarginalvsMedium,AgCensus2015-16,T2-4,Karnataka,ST,area,MarginalvsMedium,landholding,marginal operated area,medium operated area,1,1,0,0,equal,c,,,,,,,,,unverified,,,,,
AgCensus2015-16 T2-4 Karnataka/ST/area/SmallvsSemi-medium,AgCensus2015-16,T2-4,Karnataka,ST,area,SmallvsSemi-medium,landholding,small operated area,semi-medium operated area,1,1,0,0,equal,c,,,,,,,,,unverified,,,,,
AgCensus2015-16 T2-4 Karnataka/ST/number/MarginalvsLarge,AgCensus2015-16,T2-4,Karnataka,ST,number,MarginalvsLarge,landholding,marginal holdings,large holdings,1,1,0,0,diff,a,,,,,,,,,unverified,,,,,
AgCensus2015-16 T2-4 Karnataka/ST/number/MarginalvsMedium,AgCensus2015-16,T2-4,Karnataka,ST,number,MarginalvsMedium,landholding,marginal holdings,medium holdings,1,1,0,0,diff,a,,,,,,,,,unverified,,,,,
AgCensus2015-16 T2-4 Karnataka/ST/number/MarginalvsSemi-medium,AgCensus2015-16,T2-4,Karnataka,ST,number,MarginalvsSemi-medium,landholding,marginal holdings,semi-medium holdings,1,0,0,1,diff,a,,,,,,,,,unverified,,,,,
AgCensus2015-16 T2-4 Karnataka/ST/number/MarginalvsSmall,AgCensus2015-16,T2-4,Karnataka,ST,number,MarginalvsSmall,landholding,marginal holdings,small holdings,1,0,1,0,diff,a,,,,,,,,,unverified,,,,,
AgCensus2015-16 T2-4 Karnataka/ST/number/Semi-mediumvsLarge,AgCensus2015-16,T2-4,Karnataka,ST,number,Semi-mediumvsLarge,landholding,semi-medium holdings,large holdings,1,1,0,0,diff,a,,,,,,,,,unverified,,,,,
AgCensus2015-16 T2-4 Karnataka/ST/number/SmallvsLarge,AgCensus2015-16,T2-4,Karnataka,ST,number,SmallvsLarge,landholding,small holdings,large holdings,1,0,0,1,diff,a,,,,,,,,,unverified,,,,,
AgCensus2015-16 T2-4 Karnataka/ST/number/SmallvsMedium,AgCensus2015-16,T2-4,Karnataka,ST,number,SmallvsMedium,landholding,small holdings,medium holdings,1,1,0,0,diff,a,,,,,,,,,unverified,,,,,
AgCensus2015-16 T2-4 Karnataka/ST/number/SmallvsSemi-medium,AgCensus2015-16,T2-4,Karnataka,ST,number,SmallvsSemi-medium,landholding,small holdings,semi-medium holdings,1,1,0,0,diff,a,,,,,,,,,unverified,,,,,
AgCensus2015-16 T2-4 Karnataka/Semi-medium/area/SCvsOthers,AgCensus2015-16,T2-4,Karnataka,Semi-medium,area,SCvsOthers,social_group,Scheduled Castes,Other social groups,1,1,0,0,diff,b,,,,,,,,,unverified,,,,,
AgCensus2015-16 T2-4 Karnataka/Semi-medium/area/SCvsST,AgCensus2015-16,T2-4,Karnataka,Semi-medium,area,SCvsST,social_group,Scheduled Castes,Scheduled Tribes,8,8,0,0,equal,c,,,,,,,,,unverified,,,,,
AgCensus2015-16 T2-4 Karnataka/Semi-medium/area/STvsOthers,AgCensus2015-16,T2-4,Karnataka,Semi-medium,area,STvsOthers,social_group,Scheduled Tribes,Other social groups,1,1,0,0,diff,b,,,,,,,,,unverified,,,,,
AgCensus2015-16 T2-4 Karnataka/Semi-medium/number/SCvsST,AgCensus2015-16,T2-4,Karnataka,Semi-medium,number,SCvsST,social_group,Scheduled Castes,Scheduled Tribes,8,0,0,8,equal,c,,,,,,,,,unverified,,,,,
AgCensus2015-16 T2-4 Karnataka/Semi-medium/number/STvsOthers,AgCensus2015-16,T2-4,Karnataka,Semi-medium,number,STvsOthers,social_group,Scheduled Tribes,Other social groups,1,1,0,0,diff,b,,,,,,,,,unverified,,,,,
AgCensus2015-16 T2-4 Karnataka/Small/area/SCvsOthers,AgCensus2015-16,T2-4,Karnataka,Small,area,SCvsOthers,social_group,Scheduled Castes,Other social groups,1,1,0,0,diff,b,,,,,,,,,unverified,,,,,
AgCensus2015-16 T2-4 Karnataka/Small/area/STvsOthers,AgCensus2015-16,T2-4,Karnataka,Small,area,STvsOthers,social_group,Scheduled Tribes,Other social groups,1,1,0,0,diff,b,,,,,,,,,unverified,,,,,
AgCensus2015-16 T2-4 Karnataka/Small/number/SCvsOthers,AgCensus2015-16,T2-4,Karnataka,Small,number,SCvsOthers,social_group,Scheduled Castes,Other social groups,1,0,0,1,diff,b,,,,,,,,,unverified,,,,,
AgCensus2015-16 T2-4 Karnataka/Small/number/STvsOthers,AgCensus2015-16,T2-4,Karnataka,Small,number,STvsOthers,social_group,Scheduled Tribes,Other social groups,1,1,0,0,diff,b,,,,,,,,,unverified,,,,,
AgCensus2015-16 T2-4 Kerala/All Classes/area/SCvsOthers,AgCensus2015-16,T2-4,Kerala,All Classes,area,SCvsOthers,social_group,Scheduled Castes,Other social groups,1,0,0,1,diff,b,,,,,,,,,unverified,,,,,
AgCensus2015-16 T2-4 Kerala/All Classes/area/STvsOthers,AgCensus2015-16,T2-4,Kerala,All Classes,area,STvsOthers,social_group,Scheduled Tribes,Other social groups,1,0,0,1,diff,b,,,,,,,,,unverified,,,,,
AgCensus2015-16 T2-4 Kerala/All Classes/number/SCvsOthers,AgCensus2015-16,T2-4,Kerala,All Classes,number,SCvsOthers,social_group,Scheduled Castes,Other social groups,1,0,0,1,diff,b,,,,,,,,,unverified,,,,,
AgCensus2015-16 T2-4 Kerala/All Classes/number/STvsOthers,AgCensus2015-16,T2-4,Kerala,All Classes,number,STvsOthers,social_group,Scheduled Tribes,Other social groups,1,1,0,0,diff,b,,,,,,,,,unverified,,,,,
AgCensus2015-16 T2-4 Kerala/All/area/MediumvsLarge,AgCensus2015-16,T2-4,Kerala,All,area,MediumvsLarge,landholding,medium operated area,large operated area,3,3,0,0,equal,c,,,,,,,,,unverified,,,,,
AgCensus2015-16 T2-4 Kerala/All/area/Semi-mediumvsLarge,AgCensus2015-16,T2-4,Kerala,All,area,Semi-mediumvsLarge,landholding,semi-medium operated area,large operated area,3,3,0,0,equal,c,,,,,,,,,unverified,,,,,
AgCensus2015-16 T2-4 Kerala/All/number/MarginalvsLarge,AgCensus2015-16,T2-4,Kerala,All,number,MarginalvsLarge,landholding,marginal holdings,large holdings,1,1,0,0,diff,a,,,,,,,,,unverified,,,,,
AgCensus2015-16 T2-4 Kerala/All/number/MarginalvsMedium,AgCensus2015-16,T2-4,Kerala,All,number,MarginalvsMedium,landholding,marginal holdings,medium holdings,1,1,0,0,diff,a,,,,,,,,,unverified,,,,,
AgCensus2015-16 T2-4 Kerala/All/number/MarginalvsSemi-medium,AgCensus2015-16,T2-4,Kerala,All,number,MarginalvsSemi-medium,landholding,marginal holdings,semi-medium holdings,1,1,0,0,diff,a,,,,,,,,,unverified,,,,,
AgCensus2015-16 T2-4 Kerala/All/number/MarginalvsSmall,AgCensus2015-16,T2-4,Kerala,All,number,MarginalvsSmall,landholding,marginal holdings,small holdings,1,1,0,0,diff,a,,,,,,,,,unverified,,,,,
AgCensus2015-16 T2-4 Kerala/Marginal/number/STvsOthers,AgCensus2015-16,T2-4,Kerala,Marginal,number,STvsOthers,social_group,Scheduled Tribes,Other social groups,1,1,0,0,diff,b,,,,,,,,,unverified,,,,,
AgCensus2015-16 T2-4 Kerala/SC/number/MarginalvsLarge,AgCensus2015-16,T2-4,Kerala,SC,number,MarginalvsLarge,landholding,marginal holdings,large holdings,1,1,0,0,diff,a,,,,,,,,,unverified,,,,,
AgCensus2015-16 T2-4 Kerala/SC/number/MarginalvsMedium,AgCensus2015-16,T2-4,Kerala,SC,number,MarginalvsMedium,landholding,marginal holdings,medium holdings,1,0,0,1,diff,a,,,,,,,,,unverified,,,,,
AgCensus2015-16 T2-4 Kerala/SC/number/MarginalvsSemi-medium,AgCensus2015-16,T2-4,Kerala,SC,number,MarginalvsSemi-medium,landholding,marginal holdings,semi-medium holdings,1,0,0,1,diff,a,,,,,,,,,unverified,,,,,
AgCensus2015-16 T2-4 Kerala/ST/number/MarginalvsLarge,AgCensus2015-16,T2-4,Kerala,ST,number,MarginalvsLarge,landholding,marginal holdings,large holdings,1,1,0,0,diff,a,,,,,,,,,unverified,,,,,
AgCensus2015-16 T2-4 Kerala/ST/number/MarginalvsMedium,AgCensus2015-16,T2-4,Kerala,ST,number,MarginalvsMedium,landholding,marginal holdings,medium holdings,1,1,0,0,diff,a,,,,,,,,,unverified,,,,,
AgCensus2015-16 T2-4 Kerala/ST/number/MarginalvsSemi-medium,AgCensus2015-16,T2-4,Kerala,ST,number,MarginalvsSemi-medium,landholding,marginal holdings,semi-medium holdings,1,1,0,0,diff,a,,,,,,,,,unverified,,,,,
AgCensus2015-16 T2-4 Kerala/ST/number/MarginalvsSmall,AgCensus2015-16,T2-4,Kerala,ST,number,MarginalvsSmall,landholding,marginal holdings,small holdings,1,0,1,0,diff,a,,,,,,,,,unverified,,,,,
AgCensus2015-16 T2-4 Kerala/ST/number/SmallvsSemi-medium,AgCensus2015-16,T2-4,Kerala,ST,number,SmallvsSemi-medium,landholding,small holdings,semi-medium holdings,2,2,0,0,equal,c,,,,,,,,,unverified,,,,,
AgCensus2015-16 T2-4 Kerala/Semi-medium/number/SCvsOthers,AgCensus2015-16,T2-4,Kerala,Semi-medium,number,SCvsOthers,social_group,Scheduled Castes,Other social groups,1,0,0,1,diff,b,,,,,,,,,unverified,,,,,
AgCensus2015-16 T2-4 Kerala/Semi-medium/number/SCvsST,AgCensus2015-16,T2-4,Kerala,Semi-medium,number,SCvsST,social_group,Scheduled Castes,Scheduled Tribes,8,0,0,8,equal,c,,,,,,,,,unverified,,,,,
AgCensus2015-16 T2-4 Kerala/Semi-medium/number/STvsOthers,AgCensus2015-16,T2-4,Kerala,Semi-medium,number,STvsOthers,social_group,Scheduled Tribes,Other social groups,1,1,0,0,diff,b,,,,,,,,,unverified,,,,,
AgCensus2015-16 T2-4 Kerala/Small/number/SCvsOthers,AgCensus2015-16,T2-4,Kerala,Small,number,SCvsOthers,social_group,Scheduled Castes,Other social groups,1,0,0,1,diff,b,,,,,,,,,unverified,,,,,
AgCensus2015-16 T2-4 Kerala/Small/number/STvsOthers,AgCensus2015-16,T2-4,Kerala,Small,number,STvsOthers,social_group,Scheduled Tribes,Other social groups,1,1,0,0,diff,b,,,,,,,,,unverified,,,,,
AgCensus2015-16 T2-4 Madhya Pradesh/All Classes/number/SCvsOthers,AgCensus2015-16,T2-4,Madhya Pradesh,All Classes,number,SCvsOthers,social_group,Scheduled Castes,Other social groups,1,1,0,0,diff,b,,,,,,,,,unverified,,,,,
AgCensus2015-16 T2-4 Madhya Pradesh/All Classes/number/STvsOthers,AgCensus2015-16,T2-4,Madhya Pradesh,All Classes,number,STvsOthers,social_group,Scheduled Tribes,Other social groups,1,1,0,0,diff,b,,,,,,,,,unverified,,,,,
AgCensus2015-16 T2-4 Madhya Pradesh/All/area/Semi-mediumvsMedium,AgCensus2015-16,T2-4,Madhya Pradesh,All,area,Semi-mediumvsMedium,landholding,semi-medium operated area,medium operated area,3,3,0,0,equal,c,,,,,,,,,unverified,,,,,
AgCensus2015-16 T2-4 Madhya Pradesh/All/area/SmallvsMedium,AgCensus2015-16,T2-4,Madhya Pradesh,All,area,SmallvsMedium,landholding,small operated area,medium operated area,4,0,0,4,equal,c,,,,,,,,,unverified,,,,,
AgCensus2015-16 T2-4 Madhya Pradesh/All/area/SmallvsSemi-medium,AgCensus2015-16,T2-4,Madhya Pradesh,All,area,SmallvsSemi-medium,landholding,small operated area,semi-medium operated area,4,4,0,0,equal,c,,,,,,,,,unverified,,,,,
AgCensus2015-16 T2-4 Madhya Pradesh/All/number/MarginalvsLarge,AgCensus2015-16,T2-4,Madhya Pradesh,All,number,MarginalvsLarge,landholding,marginal holdings,large holdings,1,1,0,0,diff,a,,,,,,,,,unverified,,,,,
AgCensus2015-16 T2-4 Madhya Pradesh/All/number/MarginalvsMedium,AgCensus2015-16,T2-4,Madhya Pradesh,All,number,MarginalvsMedium,landholding,marginal holdings,medium holdings,1,0,0,1,diff,a,,,,,,,,,unverified,,,,,
AgCensus2015-16 T2-4 Madhya Pradesh/All/number/MarginalvsSemi-medium,AgCensus2015-16,T2-4,Madhya Pradesh,All,number,MarginalvsSemi-medium,landholding,marginal holdings,semi-medium holdings,1,1,0,0,diff,a,,,,,,,,,unverified,,,,,
AgCensus2015-16 T2-4 Madhya Pradesh/All/number/SmallvsLarge,AgCensus2015-16,T2-4,Madhya Pradesh,All,number,SmallvsLarge,landholding,small holdings,large holdings,1,0,1,0,diff,a,,,,,,,,,unverified,,,,,
AgCensus2015-16 T2-4 Madhya Pradesh/All/number/SmallvsMedium,AgCensus2015-16,T2-4,Madhya Pradesh,All,number,SmallvsMedium,landholding,small holdings,medium holdings,1,1,0,0,diff,a,,,,,,,,,unverified,,,,,
AgCensus2015-16 T2-4 Madhya Pradesh/All/number/SmallvsSemi-medium,AgCensus2015-16,T2-4,Madhya Pradesh,All,number,SmallvsSemi-medium,landholding,small holdings,semi-medium holdings,1,0,0,1,diff,a,,,,,,,,,unverified,,,,,
AgCensus2015-16 T2-4 Madhya Pradesh/Large/number/SCvsOthers,AgCensus2015-16,T2-4,Madhya Pradesh,Large,number,SCvsOthers,social_group,Scheduled Castes,Other social groups,1,1,0,0,diff,b,,,,,,,,,unverified,,,,,
AgCensus2015-16 T2-4 Madhya Pradesh/Large/number/SCvsST,AgCensus2015-16,T2-4,Madhya Pradesh,Large,number,SCvsST,social_group,Scheduled Castes,Scheduled Tribes,1,1,0,0,diff,b,,,,,,,,,unverified,,,,,
AgCensus2015-16 T2-4 Madhya Pradesh/Large/number/STvsOthers,AgCensus2015-16,T2-4,Madhya Pradesh,Large,number,STvsOthers,social_group,Scheduled Tribes,Other social groups,1,0,0,1,diff,b,,,,,,,,,unverified,,,,,
AgCensus2015-16 T2-4 Madhya Pradesh/Marginal/number/SCvsOthers,AgCensus2015-16,T2-4,Madhya Pradesh,Marginal,number,SCvsOthers,social_group,Scheduled Castes,Other social groups,1,0,0,1,diff,b,,,,,,,,,unverified,,,,,
AgCensus2015-16 T2-4 Madhya Pradesh/Marginal/number/STvsOthers,AgCensus2015-16,T2-4,Madhya Pradesh,Marginal,number,STvsOthers,social_group,Scheduled Tribes,Other social groups,1,1,0,0,diff,b,,,,,,,,,unverified,,,,,
AgCensus2015-16 T2-4 Madhya Pradesh/Medium/number/SCvsST,AgCensus2015-16,T2-4,Madhya Pradesh,Medium,number,SCvsST,social_group,Scheduled Castes,Scheduled Tribes,1,0,0,1,diff,b,,,,,,,,,unverified,,,,,
AgCensus2015-16 T2-4 Madhya Pradesh/Medium/number/STvsOthers,AgCensus2015-16,T2-4,Madhya Pradesh,Medium,number,STvsOthers,social_group,Scheduled Tribes,Other social groups,1,0,0,1,diff,b,,,,,,,,,unverified,,,,,
AgCensus2015-16 T2-4 Madhya Pradesh/SC/area/MarginalvsSemi-medium,AgCensus2015-16,T2-4,Madhya Pradesh,SC,area,MarginalvsSemi-medium,landholding,marginal operated area,semi-medium operated area,4,4,0,0,equal,c,,,,,,,,,unverified,,,,,
AgCensus2015-16 T2-4 Madhya Pradesh/SC/number/MarginalvsLarge,AgCensus2015-16,T2-4,Madhya Pradesh,SC,number,MarginalvsLarge,landholding,marginal holdings,large holdings,1,1,0,0,diff,a,,,,,,,,,unverified,,,,,
AgCensus2015-16 T2-4 Madhya Pradesh/SC/number/MarginalvsMedium,AgCensus2015-16,T2-4,Madhya Pradesh,SC,number,MarginalvsMedium,landholding,marginal holdings,medium holdings,1,0,0,1,diff,a,,,,,,,,,unverified,,,,,
AgCensus2015-16 T2-4 Madhya Pradesh/SC/number/MarginalvsSemi-medium,AgCensus2015-16,T2-4,Madhya Pradesh,SC,number,MarginalvsSemi-medium,landholding,marginal holdings,semi-medium holdings,1,0,0,1,diff,a,,,,,,,,,unverified,,,,,
AgCensus2015-16 T2-4 Madhya Pradesh/SC/number/Semi-mediumvsLarge,AgCensus2015-16,T2-4,Madhya Pradesh,SC,number,Semi-mediumvsLarge,landholding,semi-medium holdings,large holdings,1,1,0,0,diff,a,,,,,,,,,unverified,,,,,
AgCensus2015-16 T2-4 Madhya Pradesh/SC/number/SmallvsLarge,AgCensus2015-16,T2-4,Madhya Pradesh,SC,number,SmallvsLarge,landholding,small holdings,large holdings,1,1,0,0,diff,a,,,,,,,,,unverified,,,,,
AgCensus2015-16 T2-4 Madhya Pradesh/SC/number/SmallvsMedium,AgCensus2015-16,T2-4,Madhya Pradesh,SC,number,SmallvsMedium,landholding,small holdings,medium holdings,1,1,0,0,diff,a,,,,,,,,,unverified,,,,,
AgCensus2015-16 T2-4 Madhya Pradesh/SC/number/SmallvsSemi-medium,AgCensus2015-16,T2-4,Madhya Pradesh,SC,number,SmallvsSemi-medium,landholding,small holdings,semi-medium holdings,1,1,0,0,diff,a,,,,,,,,,unverified,,,,,
AgCensus2015-16 T2-4 Madhya Pradesh/ST/number/MarginalvsLarge,AgCensus2015-16,T2-4,Madhya Pradesh,ST,number,MarginalvsLarge,landholding,marginal holdings,large holdings,1,0,0,1,diff,a,,,,,,,,,unverified,,,,,
AgCensus2015-16 T2-4 Madhya Pradesh/ST/number/MarginalvsMedium,AgCensus2015-16,T2-4,Madhya Pradesh,ST,number,MarginalvsMedium,landholding,marginal holdings,medium holdings,1,0,0,1,diff,a,,,,,,,,,unverified,,,,,
AgCensus2015-16 T2-4 Madhya Pradesh/ST/number/MarginalvsSemi-medium,AgCensus2015-16,T2-4,Madhya Pradesh,ST,number,MarginalvsSemi-medium,landholding,marginal holdings,semi-medium holdings,1,1,0,0,diff,a,,,,,,,,,unverified,,,,,
AgCensus2015-16 T2-4 Madhya Pradesh/ST/number/MarginalvsSmall,AgCensus2015-16,T2-4,Madhya Pradesh,ST,number,MarginalvsSmall,landholding,marginal holdings,small holdings,1,1,0,0,diff,a,,,,,,,,,unverified,,,,,
AgCensus2015-16 T2-4 Madhya Pradesh/ST/number/Semi-mediumvsLarge,AgCensus2015-16,T2-4,Madhya Pradesh,ST,number,Semi-mediumvsLarge,landholding,semi-medium holdings,large holdings,1,0,1,0,diff,a,,,,,,,,,unverified,,,,,
AgCensus2015-16 T2-4 Madhya Pradesh/ST/number/Semi-mediumvsMedium,AgCensus2015-16,T2-4,Madhya Pradesh,ST,number,Semi-mediumvsMedium,landholding,semi-medium holdings,medium holdings,1,1,0,0,diff,a,,,,,,,,,unverified,,,,,
AgCensus2015-16 T2-4 Madhya Pradesh/ST/number/SmallvsMedium,AgCensus2015-16,T2-4,Madhya Pradesh,ST,number,SmallvsMedium,landholding,small holdings,medium holdings,1,1,0,0,diff,a,,,,,,,,,unverified,,,,,
AgCensus2015-16 T2-4 Madhya Pradesh/ST/number/SmallvsSemi-medium,AgCensus2015-16,T2-4,Madhya Pradesh,ST,number,SmallvsSemi-medium,landholding,small holdings,semi-medium holdings,1,0,0,1,diff,a,,,,,,,,,unverified,,,,,
AgCensus2015-16 T2-4 Madhya Pradesh/Semi-medium/number/SCvsOthers,AgCensus2015-16,T2-4,Madhya Pradesh,Semi-medium,number,SCvsOthers,social_group,Scheduled Castes,Other social groups,1,1,0,0,diff,b,,,,,,,,,unverified,,,,,
AgCensus2015-16 T2-4 Madhya Pradesh/Semi-medium/number/SCvsST,AgCensus2015-16,T2-4,Madhya Pradesh,Semi-medium,number,SCvsST,social_group,Scheduled Castes,Scheduled Tribes,1,0,0,1,diff,b,,,,,,,,,unverified,,,,,
AgCensus2015-16 T2-4 Madhya Pradesh/Semi-medium/number/STvsOthers,AgCensus2015-16,T2-4,Madhya Pradesh,Semi-medium,number,STvsOthers,social_group,Scheduled Tribes,Other social groups,1,1,0,0,diff,b,,,,,,,,,unverified,,,,,
AgCensus2015-16 T2-4 Madhya Pradesh/Small/number/SCvsOthers,AgCensus2015-16,T2-4,Madhya Pradesh,Small,number,SCvsOthers,social_group,Scheduled Castes,Other social groups,1,0,0,1,diff,b,,,,,,,,,unverified,,,,,
AgCensus2015-16 T2-4 Madhya Pradesh/Small/number/STvsOthers,AgCensus2015-16,T2-4,Madhya Pradesh,Small,number,STvsOthers,social_group,Scheduled Tribes,Other social groups,1,1,0,0,diff,b,,,,,,,,,unverified,,,,,
AgCensus2015-16 T2-4 Maharashtra/All Classes/area/SCvsST,AgCensus2015-16,T2-4,Maharashtra,All Classes,area,SCvsST,social_group,Scheduled Castes,Scheduled Tribes,8,8,0,0,equal,c,,,,,,,,,unverified,,,,,
AgCensus2015-16 T2-4 Maharashtra/All Classes/number/SCvsOthers,AgCensus2015-16,T2-4,Maharashtra,All Classes,number,SCvsOthers,social_group,Scheduled Castes,Other social groups,1,1,0,0,diff,b,,,,,,,,,unverified,,,,,
AgCensus2015-16 T2-4 Maharashtra/All Classes/number/SCvsST,AgCensus2015-16,T2-4,Maharashtra,All Classes,number,SCvsST,social_group,Scheduled Castes,Scheduled Tribes,8,8,0,0,equal,c,,,,,,,,,unverified,,,,,
AgCensus2015-16 T2-4 Maharashtra/All Classes/number/STvsOthers,AgCensus2015-16,T2-4,Maharashtra,All Classes,number,STvsOthers,social_group,Scheduled Tribes,Other social groups,1,1,0,0,diff,b,,,,,,,,,unverified,,,,,
AgCensus2015-16 T2-4 Maharashtra/All/area/MarginalvsMedium,AgCensus2015-16,T2-4,Maharashtra,All,area,MarginalvsMedium,landholding,marginal operated area,medium operated area,4,4,0,0,equal,c,,,,,,,,,unverified,,,,,
AgCensus2015-16 T2-4 Maharashtra/All/area/SmallvsSemi-medium,AgCensus2015-16,T2-4,Maharashtra,All,area,SmallvsSemi-medium,landholding,small operated area,semi-medium operated area,4,4,0,0,equal,c,,,,,,,,,unverified,,,,,
AgCensus2015-16 T2-4 Maharashtra/All/number/MarginalvsLarge,AgCensus2015-16,T2-4,Maharashtra,All,number,MarginalvsLarge,landholding,marginal holdings,large holdings,1,0,0,1,diff,a,,,,,,,,,unverified,,,,,
AgCensus2015-16 T2-4 Maharashtra/All/number/MarginalvsSemi-medium,AgCensus2015-16,T2-4,Maharashtra,All,number,MarginalvsSemi-medium,landholding,marginal holdings,semi-medium holdings,1,0,0,1,diff,a,,,,,,,,,unverified,,,,,
AgCensus2015-16 T2-4 Maharashtra/All/number/Semi-mediumvsLarge,AgCensus2015-16,T2-4,Maharashtra,All,number,Semi-mediumvsLarge,landholding,semi-medium holdings,large holdings,1,0,0,1,diff,a,,,,,,,,,unverified,,,,,
AgCensus2015-16 T2-4 Maharashtra/All/number/Semi-mediumvsMedium,AgCensus2015-16,T2-4,Maharashtra,All,number,Semi-mediumvsMedium,landholding,semi-medium holdings,medium holdings,1,0,0,1,diff,a,,,,,,,,,unverified,,,,,
AgCensus2015-16 T2-4 Maharashtra/All/number/SmallvsLarge,AgCensus2015-16,T2-4,Maharashtra,All,number,SmallvsLarge,landholding,small holdings,large holdings,1,0,1,0,diff,a,,,,,,,,,unverified,,,,,
AgCensus2015-16 T2-4 Maharashtra/All/number/SmallvsMedium,AgCensus2015-16,T2-4,Maharashtra,All,number,SmallvsMedium,landholding,small holdings,medium holdings,1,0,0,1,diff,a,,,,,,,,,unverified,,,,,
AgCensus2015-16 T2-4 Maharashtra/All/number/SmallvsSemi-medium,AgCensus2015-16,T2-4,Maharashtra,All,number,SmallvsSemi-medium,landholding,small holdings,semi-medium holdings,1,0,0,1,diff,a,,,,,,,,,unverified,,,,,
AgCensus2015-16 T2-4 Maharashtra/Large/area/SCvsST,AgCensus2015-16,T2-4,Maharashtra,Large,area,SCvsST,social_group,Scheduled Castes,Scheduled Tribes,8,8,0,0,equal,c,,,,,,,,,unverified,,,,,
AgCensus2015-16 T2-4 Maharashtra/Large/number/SCvsOthers,AgCensus2015-16,T2-4,Maharashtra,Large,number,SCvsOthers,social_group,Scheduled Castes,Other social groups,1,1,0,0,diff,b,,,,,,,,,unverified,,,,,
AgCensus2015-16 T2-4 Maharashtra/Large/number/STvsOthers,AgCensus2015-16,T2-4,Maharashtra,Large,number,STvsOthers,social_group,Scheduled Tribes,Other social groups,1,0,1,0,diff,b,,,,,,,,,unverified,,,,,
AgCensus2015-16 T2-4 Maharashtra/Marginal/area/SCvsST,AgCensus2015-16,T2-4,Maharashtra,Marginal,area,SCvsST,social_group,Scheduled Castes,Scheduled Tribes,7,0,7,0,equal,c,,,,,,,,,unverified,,,,,
AgCensus2015-16 T2-4 Maharashtra/Marginal/number/SCvsOthers,AgCensus2015-16,T2-4,Maharashtra,Marginal,number,SCvsOthers,social_group,Scheduled Castes,Other social groups,1,0,0,1,diff,b,,,,,,,,,unverified,,,,,
AgCensus2015-16 T2-4 Maharashtra/Marginal/number/SCvsST,AgCensus2015-16,T2-4,Maharashtra,Marginal,number,SCvsST,social_group,Scheduled Castes,Scheduled Tribes,8,0,0,8,equal,c,,,,,,,,,unverified,,,,,
AgCensus2015-16 T2-4 Maharashtra/Medium/area/SCvsST,AgCensus2015-16,T2-4,Maharashtra,Medium,area,SCvsST,social_group,Scheduled Castes,Scheduled Tribes,8,8,0,0,equal,c,,,,,,,,,unverified,,,,,
AgCensus2015-16 T2-4 Maharashtra/Medium/number/SCvsOthers,AgCensus2015-16,T2-4,Maharashtra,Medium,number,SCvsOthers,social_group,Scheduled Castes,Other social groups,1,0,0,1,diff,b,,,,,,,,,unverified,,,,,
AgCensus2015-16 T2-4 Maharashtra/Medium/number/SCvsST,AgCensus2015-16,T2-4,Maharashtra,Medium,number,SCvsST,social_group,Scheduled Castes,Scheduled Tribes,8,8,0,0,equal,c,,,,,,,,,unverified,,,,,
AgCensus2015-16 T2-4 Maharashtra/Medium/number/STvsOthers,AgCensus2015-16,T2-4,Maharashtra,Medium,number,STvsOthers,social_group,Scheduled Tribes,Other social groups,1,0,0,1,diff,b,,,,,,,,,unverified,,,,,
AgCensus2015-16 T2-4 Maharashtra/SC/number/MarginalvsLarge,AgCensus2015-16,T2-4,Maharashtra,SC,number,MarginalvsLarge,landholding,marginal holdings,large holdings,1,0,1,0,diff,a,,,,,,,,,unverified,,,,,
AgCensus2015-16 T2-4 Maharashtra/SC/number/MarginalvsMedium,AgCensus2015-16,T2-4,Maharashtra,SC,number,MarginalvsMedium,landholding,marginal holdings,medium holdings,1,0,0,1,diff,a,,,,,,,,,unverified,,,,,
AgCensus2015-16 T2-4 Maharashtra/SC/number/MarginalvsSemi-medium,AgCensus2015-16,T2-4,Maharashtra,SC,number,MarginalvsSemi-medium,landholding,marginal holdings,semi-medium holdings,1,0,0,1,diff,a,,,,,,,,,unverified,,,,,
AgCensus2015-16 T2-4 Maharashtra/SC/number/Semi-mediumvsLarge,AgCensus2015-16,T2-4,Maharashtra,SC,number,Semi-mediumvsLarge,landholding,semi-medium holdings,large holdings,1,1,0,0,diff,a,,,,,,,,,unverified,,,,,
AgCensus2015-16 T2-4 Maharashtra/SC/number/Semi-mediumvsMedium,AgCensus2015-16,T2-4,Maharashtra,SC,number,Semi-mediumvsMedium,landholding,semi-medium holdings,medium holdings,1,0,0,1,diff,a,,,,,,,,,unverified,,,,,
AgCensus2015-16 T2-4 Maharashtra/SC/number/SmallvsLarge,AgCensus2015-16,T2-4,Maharashtra,SC,number,SmallvsLarge,landholding,small holdings,large holdings,1,1,0,0,diff,a,,,,,,,,,unverified,,,,,
AgCensus2015-16 T2-4 Maharashtra/SC/number/SmallvsMedium,AgCensus2015-16,T2-4,Maharashtra,SC,number,SmallvsMedium,landholding,small holdings,medium holdings,1,0,0,1,diff,a,,,,,,,,,unverified,,,,,
AgCensus2015-16 T2-4 Maharashtra/SC/number/SmallvsSemi-medium,AgCensus2015-16,T2-4,Maharashtra,SC,number,SmallvsSemi-medium,landholding,small holdings,semi-medium holdings,1,1,0,0,diff,a,,,,,,,,,unverified,,,,,
AgCensus2015-16 T2-4 Maharashtra/ST/area/SmallvsMedium,AgCensus2015-16,T2-4,Maharashtra,ST,area,SmallvsMedium,landholding,small operated area,medium operated area,1,0,0,1,equal,c,,,,,,,,,unverified,,,,,
AgCensus2015-16 T2-4 Maharashtra/ST/number/MarginalvsLarge,AgCensus2015-16,T2-4,Maharashtra,ST,number,MarginalvsLarge,landholding,marginal holdings,large holdings,1,1,0,0,diff,a,,,,,,,,,unverified,,,,,
AgCensus2015-16 T2-4 Maharashtra/ST/number/MarginalvsMedium,AgCensus2015-16,T2-4,Maharashtra,ST,number,MarginalvsMedium,landholding,marginal holdings,medium holdings,1,1,0,0,diff,a,,,,,,,,,unverified,,,,,
AgCensus2015-16 T2-4 Maharashtra/ST/number/MarginalvsSemi-medium,AgCensus2015-16,T2-4,Maharashtra,ST,number,MarginalvsSemi-medium,landholding,marginal holdings,semi-medium holdings,1,1,0,0,diff,a,,,,,,,,,unverified,,,,,
AgCensus2015-16 T2-4 Maharashtra/ST/number/MarginalvsSmall,AgCensus2015-16,T2-4,Maharashtra,ST,number,MarginalvsSmall,landholding,marginal holdings,small holdings,4,4,0,0,equal,c,,,,,,,,,unverified,,,,,
AgCensus2015-16 T2-4 Maharashtra/ST/number/Semi-mediumvsLarge,AgCensus2015-16,T2-4,Maharashtra,ST,number,Semi-mediumvsLarge,landholding,semi-medium holdings,large holdings,1,1,0,0,diff,a,,,,,,,,,unverified,,,,,
AgCensus2015-16 T2-4 Maharashtra/ST/number/Semi-mediumvsMedium,AgCensus2015-16,T2-4,Maharashtra,ST,number,Semi-mediumvsMedium,landholding,semi-medium holdings,medium holdings,1,1,0,0,diff,a,,,,,,,,,unverified,,,,,
AgCensus2015-16 T2-4 Maharashtra/ST/number/SmallvsLarge,AgCensus2015-16,T2-4,Maharashtra,ST,number,SmallvsLarge,landholding,small holdings,large holdings,1,0,0,1,diff,a,,,,,,,,,unverified,,,,,
AgCensus2015-16 T2-4 Maharashtra/ST/number/SmallvsMedium,AgCensus2015-16,T2-4,Maharashtra,ST,number,SmallvsMedium,landholding,small holdings,medium holdings,1,1,0,0,diff,a,,,,,,,,,unverified,,,,,
AgCensus2015-16 T2-4 Maharashtra/ST/number/SmallvsSemi-medium,AgCensus2015-16,T2-4,Maharashtra,ST,number,SmallvsSemi-medium,landholding,small holdings,semi-medium holdings,1,0,0,1,diff,a,,,,,,,,,unverified,,,,,
AgCensus2015-16 T2-4 Maharashtra/Semi-medium/area/SCvsST,AgCensus2015-16,T2-4,Maharashtra,Semi-medium,area,SCvsST,social_group,Scheduled Castes,Scheduled Tribes,8,8,0,0,equal,c,,,,,,,,,unverified,,,,,
AgCensus2015-16 T2-4 Maharashtra/Semi-medium/number/SCvsOthers,AgCensus2015-16,T2-4,Maharashtra,Semi-medium,number,SCvsOthers,social_group,Scheduled Castes,Other social groups,1,1,0,0,diff,b,,,,,,,,,unverified,,,,,
AgCensus2015-16 T2-4 Maharashtra/Semi-medium/number/SCvsST,AgCensus2015-16,T2-4,Maharashtra,Semi-medium,number,SCvsST,social_group,Scheduled Castes,Scheduled Tribes,8,0,0,8,equal,c,,,,,,,,,unverified,,,,,
AgCensus2015-16 T2-4 Maharashtra/Semi-medium/number/STvsOthers,AgCensus2015-16,T2-4,Maharashtra,Semi-medium,number,STvsOthers,social_group,Scheduled Tribes,Other social groups,1,1,0,0,diff,b,,,,,,,,,unverified,,,,,
AgCensus2015-16 T2-4 Maharashtra/Small/area/SCvsST,AgCensus2015-16,T2-4,Maharashtra,Small,area,SCvsST,social_group,Scheduled Castes,Scheduled Tribes,8,0,0,8,equal,c,,,,,,,,,unverified,,,,,
AgCensus2015-16 T2-4 Maharashtra/Small/number/SCvsOthers,AgCensus2015-16,T2-4,Maharashtra,Small,number,SCvsOthers,social_group,Scheduled Castes,Other social groups,1,0,0,1,diff,b,,,,,,,,,unverified,,,,,
AgCensus2015-16 T2-4 Maharashtra/Small/number/SCvsST,AgCensus2015-16,T2-4,Maharashtra,Small,number,SCvsST,social_group,Scheduled Castes,Scheduled Tribes,6,6,0,0,equal,c,,,,,,,,,unverified,,,,,
AgCensus2015-16 T2-4 Maharashtra/Small/number/STvsOthers,AgCensus2015-16,T2-4,Maharashtra,Small,number,STvsOthers,social_group,Scheduled Tribes,Other social groups,1,1,0,0,diff,b,,,,,,,,,unverified,,,,,
AgCensus2015-16 T2-4 Manipur/All Classes/number/SCvsOthers,AgCensus2015-16,T2-4,Manipur,All Classes,number,SCvsOthers,social_group,Scheduled Castes,Other social groups,1,1,0,0,diff,b,,,,,,,,,unverified,,,,,
AgCensus2015-16 T2-4 Manipur/All Classes/number/SCvsST,AgCensus2015-16,T2-4,Manipur,All Classes,number,SCvsST,social_group,Scheduled Castes,Scheduled Tribes,1,1,0,0,diff,b,,,,,,,,,unverified,,,,,
AgCensus2015-16 T2-4 Manipur/All Classes/number/STvsOthers,AgCensus2015-16,T2-4,Manipur,All Classes,number,STvsOthers,social_group,Scheduled Tribes,Other social groups,1,1,0,0,diff,b,,,,,,,,,unverified,,,,,
AgCensus2015-16 T2-4 Manipur/All/area/SmallvsSemi-medium,AgCensus2015-16,T2-4,Manipur,All,area,SmallvsSemi-medium,landholding,small operated area,semi-medium operated area,3,3,0,0,equal,c,,,,,,,,,unverified,,,,,
AgCensus2015-16 T2-4 Manipur/All/number/MarginalvsLarge,AgCensus2015-16,T2-4,Manipur,All,number,MarginalvsLarge,landholding,marginal holdings,large holdings,1,1,0,0,diff,a,,,,,,,,,unverified,,,,,
AgCensus2015-16 T2-4 Manipur/All/number/MarginalvsMedium,AgCensus2015-16,T2-4,Manipur,All,number,MarginalvsMedium,landholding,marginal holdings,medium holdings,1,1,0,0,diff,a,,,,,,,,,unverified,,,,,
AgCensus2015-16 T2-4 Manipur/All/number/MarginalvsSemi-medium,AgCensus2015-16,T2-4,Manipur,All,number,MarginalvsSemi-medium,landholding,marginal holdings,semi-medium holdings,1,1,0,0,diff,a,,,,,,,,,unverified,,,,,
AgCensus2015-16 T2-4 Manipur/All/number/Semi-mediumvsLarge,AgCensus2015-16,T2-4,Manipur,All,number,Semi-mediumvsLarge,landholding,semi-medium holdings,large holdings,1,0,0,1,diff,a,,,,,,,,,unverified,,,,,
AgCensus2015-16 T2-4 Manipur/All/number/Semi-mediumvsMedium,AgCensus2015-16,T2-4,Manipur,All,number,Semi-mediumvsMedium,landholding,semi-medium holdings,medium holdings,1,1,0,0,diff,a,,,,,,,,,unverified,,,,,
AgCensus2015-16 T2-4 Manipur/All/number/SmallvsLarge,AgCensus2015-16,T2-4,Manipur,All,number,SmallvsLarge,landholding,small holdings,large holdings,1,0,0,1,diff,a,,,,,,,,,unverified,,,,,
AgCensus2015-16 T2-4 Manipur/All/number/SmallvsSemi-medium,AgCensus2015-16,T2-4,Manipur,All,number,SmallvsSemi-medium,landholding,small holdings,semi-medium holdings,1,0,0,1,diff,a,,,,,,,,,unverified,,,,,
AgCensus2015-16 T2-4 Manipur/Marginal/number/SCvsOthers,AgCensus2015-16,T2-4,Manipur,Marginal,number,SCvsOthers,social_group,Scheduled Castes,Other social groups,1,0,0,1,diff,b,,,,,,,,,unverified,,,,,
AgCensus2015-16 T2-4 Manipur/Marginal/number/SCvsST,AgCensus2015-16,T2-4,Manipur,Marginal,number,SCvsST,social_group,Scheduled Castes,Scheduled Tribes,1,1,0,0,diff,b,,,,,,,,,unverified,,,,,
AgCensus2015-16 T2-4 Manipur/Marginal/number/STvsOthers,AgCensus2015-16,T2-4,Manipur,Marginal,number,STvsOthers,social_group,Scheduled Tribes,Other social groups,1,1,0,0,diff,b,,,,,,,,,unverified,,,,,
AgCensus2015-16 T2-4 Manipur/ST/number/MarginalvsLarge,AgCensus2015-16,T2-4,Manipur,ST,number,MarginalvsLarge,landholding,marginal holdings,large holdings,1,1,0,0,diff,a,,,,,,,,,unverified,,,,,
AgCensus2015-16 T2-4 Manipur/ST/number/MarginalvsMedium,AgCensus2015-16,T2-4,Manipur,ST,number,MarginalvsMedium,landholding,marginal holdings,medium holdings,1,1,0,0,diff,a,,,,,,,,,unverified,,,,,
AgCensus2015-16 T2-4 Manipur/ST/number/MarginalvsSemi-medium,AgCensus2015-16,T2-4,Manipur,ST,number,MarginalvsSemi-medium,landholding,marginal holdings,semi-medium holdings,1,1,0,0,diff,a,,,,,,,,,unverified,,,,,
AgCensus2015-16 T2-4 Manipur/ST/number/MarginalvsSmall,AgCensus2015-16,T2-4,Manipur,ST,number,MarginalvsSmall,landholding,marginal holdings,small holdings,1,1,0,0,diff,a,,,,,,,,,unverified,,,,,
AgCensus2015-16 T2-4 Manipur/ST/number/Semi-mediumvsMedium,AgCensus2015-16,T2-4,Manipur,ST,number,Semi-mediumvsMedium,landholding,semi-medium holdings,medium holdings,1,0,0,1,diff,a,,,,,,,,,unverified,,,,,
AgCensus2015-16 T2-4 Manipur/ST/number/SmallvsMedium,AgCensus2015-16,T2-4,Manipur,ST,number,SmallvsMedium,landholding,small holdings,medium holdings,1,1,0,0,diff,a,,,,,,,,,unverified,,,,,
AgCensus2015-16 T2-4 Manipur/ST/number/SmallvsSemi-medium,AgCensus2015-16,T2-4,Manipur,ST,number,SmallvsSemi-medium,landholding,small holdings,semi-medium holdings,1,1,0,0,diff,a,,,,,,,,,unverified,,,,,
AgCensus2015-16 T2-4 Manipur/Semi-medium/number/SCvsOthers,AgCensus2015-16,T2-4,Manipur,Semi-medium,number,SCvsOthers,social_group,Scheduled Castes,Other social groups,1,1,0,0,diff,b,,,,,,,,,unverified,,,,,
AgCensus2015-16 T2-4 Manipur/Semi-medium/number/SCvsST,AgCensus2015-16,T2-4,Manipur,Semi-medium,number,SCvsST,social_group,Scheduled Castes,Scheduled Tribes,1,0,0,1,diff,b,,,,,,,,,unverified,,,,,
AgCensus2015-16 T2-4 Manipur/Semi-medium/number/STvsOthers,AgCensus2015-16,T2-4,Manipur,Semi-medium,number,STvsOthers,social_group,Scheduled Tribes,Other social groups,1,1,0,0,diff,a,,,,,,,,,unverified,,,,,
AgCensus2015-16 T2-4 Manipur/Small/number/SCvsOthers,AgCensus2015-16,T2-4,Manipur,Small,number,SCvsOthers,social_group,Scheduled Castes,Other social groups,1,0,0,1,diff,b,,,,,,,,,unverified,,,,,
AgCensus2015-16 T2-4 Manipur/Small/number/SCvsST,AgCensus2015-16,T2-4,Manipur,Small,number,SCvsST,social_group,Scheduled Castes,Scheduled Tribes,1,1,0,0,diff,b,,,,,,,,,unverified,,,,,
AgCensus2015-16 T2-4 Meghalaya/All Classes/number/SCvsST,AgCensus2015-16,T2-4,Meghalaya,All Classes,number,SCvsST,social_group,Scheduled Castes,Scheduled Tribes,1,1,0,0,diff,b,,,,,,,,,unverified,,,,,
AgCensus2015-16 T2-4 Meghalaya/All Classes/number/STvsOthers,AgCensus2015-16,T2-4,Meghalaya,All Classes,number,STvsOthers,social_group,Scheduled Tribes,Other social groups,1,0,0,1,diff,a,,,,,,,,,unverified,,,,,
AgCensus2015-16 T2-4 Meghalaya/All/area/MarginalvsMedium,AgCensus2015-16,T2-4,Meghalaya,All,area,MarginalvsMedium,landholding,marginal operated area,medium operated area,2,2,0,0,equal,c,,,,,,,,,unverified,,,,,
AgCensus2015-16 T2-4 Meghalaya/All/number/MarginalvsLarge,AgCensus2015-16,T2-4,Meghalaya,All,number,MarginalvsLarge,landholding,marginal holdings,large holdings,1,0,1,0,diff,a,,,,,,,,,unverified,,,,,
AgCensus2015-16 T2-4 Meghalaya/All/number/MarginalvsMedium,AgCensus2015-16,T2-4,Meghalaya,All,number,MarginalvsMedium,landholding,marginal holdings,medium holdings,1,1,0,0,diff,a,,,,,,,,,unverified,,,,,
AgCensus2015-16 T2-4 Meghalaya/All/number/MarginalvsSemi-medium,AgCensus2015-16,T2-4,Meghalaya,All,number,MarginalvsSemi-medium,landholding,marginal holdings,semi-medium holdings,1,1,0,0,diff,a,,,,,,,,,unverified,,,,,
AgCensus2015-16 T2-4 Meghalaya/All/number/MarginalvsSmall,AgCensus2015-16,T2-4,Meghalaya,All,number,MarginalvsSmall,landholding,marginal holdings,small holdings,1,0,0,1,diff,a,,,,,,,,,unverified,,,,,
AgCensus2015-16 T2-4 Meghalaya/All/number/Semi-mediumvsLarge,AgCensus2015-16,T2-4,Meghalaya,All,number,Semi-mediumvsLarge,landholding,semi-medium holdings,large holdings,1,0,0,1,diff,a,,,,,,,,,unverified,,,,,
AgCensus2015-16 T2-4 Meghalaya/All/number/Semi-mediumvsMedium,AgCensus2015-16,T2-4,Meghalaya,All,number,Semi-mediumvsMedium,landholding,semi-medium holdings,medium holdings,1,1,0,0,diff,a,,,,,,,,,unverified,,,,,
AgCensus2015-16 T2-4 Meghalaya/All/number/SmallvsLarge,AgCensus2015-16,T2-4,Meghalaya,All,number,SmallvsLarge,landholding,small holdings,large holdings,1,1,0,0,diff,a,,,,,,,,,unverified,,,,,
AgCensus2015-16 T2-4 Meghalaya/All/number/SmallvsMedium,AgCensus2015-16,T2-4,Meghalaya,All,number,SmallvsMedium,landholding,small holdings,medium holdings,1,1,0,0,diff,a,,,,,,,,,unverified,,,,,
AgCensus2015-16 T2-4 Meghalaya/Marginal/number/SCvsST,AgCensus2015-16,T2-4,Meghalaya,Marginal,number,SCvsST,social_group,Scheduled Castes,Scheduled Tribes,1,0,1,0,diff,b,,,,,,,,,unverified,,,,,
AgCensus2015-16 T2-4 Meghalaya/Marginal/number/STvsOthers,AgCensus2015-16,T2-4,Meghalaya,Marginal,number,STvsOthers,social_group,Scheduled Tribes,Other social groups,1,1,0,0,diff,a,,,,,,,,,unverified,,,,,
AgCensus2015-16 T2-4 Meghalaya/ST/area/MarginalvsMedium,AgCensus2015-16,T2-4,Meghalaya,ST,area,MarginalvsMedium,landholding,marginal operated area,medium operated area,1,1,0,0,equal,c,,,,,,,,,unverified,,,,,
AgCensus2015-16 T2-4 Meghalaya/ST/number/MarginalvsMedium,AgCensus2015-16,T2-4,Meghalaya,ST,number,MarginalvsMedium,landholding,marginal holdings,medium holdings,1,0,0,1,diff,a,,,,,,,,,unverified,,,,,
AgCensus2015-16 T2-4 Meghalaya/ST/number/MarginalvsSemi-medium,AgCensus2015-16,T2-4,Meghalaya,ST,number,MarginalvsSemi-medium,landholding,marginal holdings,semi-medium holdings,1,1,0,0,diff,a,,,,,,,,,unverified,,,,,
AgCensus2015-16 T2-4 Meghalaya/ST/number/MarginalvsSmall,AgCensus2015-16,T2-4,Meghalaya,ST,number,MarginalvsSmall,landholding,marginal holdings,small holdings,1,1,0,0,diff,a,,,,,,,,,unverified,,,,,
AgCensus2015-16 T2-4 Meghalaya/ST/number/Semi-mediumvsLarge,AgCensus2015-16,T2-4,Meghalaya,ST,number,Semi-mediumvsLarge,landholding,semi-medium holdings,large holdings,1,1,0,0,diff,a,,,,,,,,,unverified,,,,,
AgCensus2015-16 T2-4 Meghalaya/ST/number/Semi-mediumvsMedium,AgCensus2015-16,T2-4,Meghalaya,ST,number,Semi-mediumvsMedium,landholding,semi-medium holdings,medium holdings,1,1,0,0,diff,a,,,,,,,,,unverified,,,,,
AgCensus2015-16 T2-4 Meghalaya/ST/number/SmallvsMedium,AgCensus2015-16,T2-4,Meghalaya,ST,number,SmallvsMedium,landholding,small holdings,medium holdings,1,0,1,0,diff,a,,,,,,,,,unverified,,,,,
AgCensus2015-16 T2-4 Meghalaya/Semi-medium/number/STvsOthers,AgCensus2015-16,T2-4,Meghalaya,Semi-medium,number,STvsOthers,social_group,Scheduled Tribes,Other social groups,1,0,0,1,diff,a,,,,,,,,,unverified,,,,,
AgCensus2015-16 T2-4 Meghalaya/Small/number/SCvsST,AgCensus2015-16,T2-4,Meghalaya,Small,number,SCvsST,social_group,Scheduled Castes,Scheduled Tribes,1,1,0,0,diff,b,,,,,,,,,unverified,,,,,
AgCensus2015-16 T2-4 Meghalaya/Small/number/STvsOthers,AgCensus2015-16,T2-4,Meghalaya,Small,number,STvsOthers,social_group,Scheduled Tribes,Other social groups,1,0,1,0,diff,a,,,,,,,,,unverified,,,,,
AgCensus2015-16 T2-4 Mizoram/All Classes/number/SCvsST,AgCensus2015-16,T2-4,Mizoram,All Classes,number,SCvsST,social_group,Scheduled Castes,Scheduled Tribes,1,1,0,0,diff,b,,,,,,,,,unverified,,,,,
AgCensus2015-16 T2-4 Mizoram/All Classes/number/STvsOthers,AgCensus2015-16,T2-4,Mizoram,All Classes,number,STvsOthers,social_group,Scheduled Tribes,Other social groups,1,0,0,1,diff,a,,,,,,,,,unverified,,,,,
AgCensus2015-16 T2-4 Mizoram/All/area/MarginalvsSemi-medium,AgCensus2015-16,T2-4,Mizoram,All,area,MarginalvsSemi-medium,landholding,marginal operated area,semi-medium operated area,3,0,3,0,equal,c,,,,,,,,,unverified,,,,,
AgCensus2015-16 T2-4 Mizoram/All/area/SmallvsSemi-medium,AgCensus2015-16,T2-4,Mizoram,All,area,SmallvsSemi-medium,landholding,small operated area,semi-medium operated area,3,3,0,0,equal,c,,,,,,,,,unverified,,,,,
AgCensus2015-16 T2-4 Mizoram/All/number/MarginalvsMedium,AgCensus2015-16,T2-4,Mizoram,All,number,MarginalvsMedium,landholding,marginal holdings,medium holdings,1,0,0,1,diff,a,,,,,,,,,unverified,,,,,
AgCensus2015-16 T2-4 Mizoram/All/number/MarginalvsSemi-medium,AgCensus2015-16,T2-4,Mizoram,All,number,MarginalvsSemi-medium,landholding,marginal holdings,semi-medium holdings,1,1,0,0,diff,a,,,,,,,,,unverified,,,,,
AgCensus2015-16 T2-4 Mizoram/All/number/MarginalvsSmall,AgCensus2015-16,T2-4,Mizoram,All,number,MarginalvsSmall,landholding,marginal holdings,small holdings,1,1,0,0,diff,a,,,,,,,,,unverified,,,,,
AgCensus2015-16 T2-4 Mizoram/All/number/Semi-mediumvsLarge,AgCensus2015-16,T2-4,Mizoram,All,number,Semi-mediumvsLarge,landholding,semi-medium holdings,large holdings,1,0,0,1,diff,a,,,,,,,,,unverified,,,,,
AgCensus2015-16 T2-4 Mizoram/All/number/Semi-mediumvsMedium,AgCensus2015-16,T2-4,Mizoram,All,number,Semi-mediumvsMedium,landholding,semi-medium holdings,medium holdings,1,1,0,0,diff,a,,,,,,,,,unverified,,,,,
AgCensus2015-16 T2-4 Mizoram/All/number/SmallvsLarge,AgCensus2015-16,T2-4,Mizoram,All,number,SmallvsLarge,landholding,small holdings,large holdings,1,1,0,0,diff,a,,,,,,,,,unverified,,,,,
AgCensus2015-16 T2-4 Mizoram/All/number/SmallvsMedium,AgCensus2015-16,T2-4,Mizoram,All,number,SmallvsMedium,landholding,small holdings,medium holdings,1,1,0,0,diff,a,,,,,,,,,unverified,,,,,
AgCensus2015-16 T2-4 Mizoram/All/number/SmallvsSemi-medium,AgCensus2015-16,T2-4,Mizoram,All,number,SmallvsSemi-medium,landholding,small holdings,semi-medium holdings,1,0,0,1,diff,a,,,,,,,,,unverified,,,,,
AgCensus2015-16 T2-4 Mizoram/Marginal/number/SCvsST,AgCensus2015-16,T2-4,Mizoram,Marginal,number,SCvsST,social_group,Scheduled Castes,Scheduled Tribes,1,1,0,0,diff,b,,,,,,,,,unverified,,,,,
AgCensus2015-16 T2-4 Mizoram/ST/area/MarginalvsSemi-medium,AgCensus2015-16,T2-4,Mizoram,ST,area,MarginalvsSemi-medium,landholding,marginal operated area,semi-medium operated area,1,1,0,0,equal,c,,,,,,,,,unverified,,,,,
AgCensus2015-16 T2-4 Mizoram/ST/area/SmallvsSemi-medium,AgCensus2015-16,T2-4,Mizoram,ST,area,SmallvsSemi-medium,landholding,small operated area,semi-medium operated area,1,1,0,0,equal,c,,,,,,,,,unverified,,,,,
AgCensus2015-16 T2-4 Mizoram/ST/number/MarginalvsLarge,AgCensus2015-16,T2-4,Mizoram,ST,number,MarginalvsLarge,landholding,marginal holdings,large holdings,1,1,0,0,diff,a,,,,,,,,,unverified,,,,,
AgCensus2015-16 T2-4 Mizoram/ST/number/MarginalvsSemi-medium,AgCensus2015-16,T2-4,Mizoram,ST,number,MarginalvsSemi-medium,landholding,marginal holdings,semi-medium holdings,1,1,0,0,diff,a,,,,,,,,,unverified,,,,,
AgCensus2015-16 T2-4 Mizoram/ST/number/MarginalvsSmall,AgCensus2015-16,T2-4,Mizoram,ST,number,MarginalvsSmall,landholding,marginal holdings,small holdings,1,1,0,0,diff,a,,,,,,,,,unverified,,,,,
AgCensus2015-16 T2-4 Mizoram/ST/number/Semi-mediumvsMedium,AgCensus2015-16,T2-4,Mizoram,ST,number,Semi-mediumvsMedium,landholding,semi-medium holdings,medium holdings,1,1,0,0,diff,a,,,,,,,,,unverified,,,,,
AgCensus2015-16 T2-4 Mizoram/ST/number/SmallvsLarge,AgCensus2015-16,T2-4,Mizoram,ST,number,SmallvsLarge,landholding,small holdings,large holdings,1,0,0,1,diff,a,,,,,,,,,unverified,,,,,
AgCensus2015-16 T2-4 Mizoram/ST/number/SmallvsMedium,AgCensus2015-16,T2-4,Mizoram,ST,number,SmallvsMedium,landholding,small holdings,medium holdings,1,0,0,1,diff,a,,,,,,,,,unverified,,,,,
AgCensus2015-16 T2-4 Mizoram/ST/number/SmallvsSemi-medium,AgCensus2015-16,T2-4,Mizoram,ST,number,SmallvsSemi-medium,landholding,small holdings,semi-medium holdings,1,0,1,0,diff,a,,,,,,,,,unverified,,,,,
AgCensus2015-16 T2-4 Mizoram/Small/number/SCvsST,AgCensus2015-16,T2-4,Mizoram,Small,number,SCvsST,social_group,Scheduled Castes,Scheduled Tribes,1,0,0,1,diff,b,,,,,,,,,unverified,,,,,
AgCensus2015-16 T2-4 Mizoram/Small/number/STvsOthers,AgCensus2015-16,T2-4,Mizoram,Small,number,STvsOthers,social_group,Scheduled Tribes,Other social groups,1,1,0,0,diff,a,,,,,,,,,unverified,,,,,
AgCensus2015-16 T2-4 Nagaland/All Classes/number/SCvsST,AgCensus2015-16,T2-4,Nagaland,All Classes,number,SCvsST,social_group,Scheduled Castes,Scheduled Tribes,1,0,0,1,diff,b,,,,,,,,,unverified,,,,,
AgCensus2015-16 T2-4 Nagaland/All Classes/number/STvsOthers,AgCensus2015-16,T2-4,Nagaland,All Classes,number,STvsOthers,social_group,Scheduled Tribes,Other social groups,1,1,0,0,diff,a,,,,,,,,,unverified,,,,,
AgCensus2015-16 T2-4 Nagaland/All/number/MarginalvsMedium,AgCensus2015-16,T2-4,Nagaland,All,number,MarginalvsMedium,landholding,marginal holdings,medium holdings,1,1,0,0,diff,b,,,,,,,,,unverified,,,,,
AgCensus2015-16 T2-4 Nagaland/All/number/MarginalvsSemi-medium,AgCensus2015-16,T2-4,Nagaland,All,number,MarginalvsSemi-medium,landholding,marginal holdings,semi-medium holdings,1,1,0,0,diff,b,,,,,,,,,unverified,,,,,
AgCensus2015-16 T2-4 Nagaland/All/number/MarginalvsSmall,AgCensus2015-16,T2-4,Nagaland,All,number,MarginalvsSmall,landholding,marginal holdings,small holdings,1,0,0,1,diff,b,,,,,,,,,unverified,,,,,
AgCensus2015-16 T2-4 Nagaland/All/number/MediumvsLarge,AgCensus2015-16,T2-4,Nagaland,All,number,MediumvsLarge,landholding,medium holdings,large holdings,1,0,0,1,diff,a,,,,,,,,,unverified,,,,,
AgCensus2015-16 T2-4 Nagaland/All/number/Semi-mediumvsLarge,AgCensus2015-16,T2-4,Nagaland,All,number,Semi-mediumvsLarge,landholding,semi-medium holdings,large holdings,1,0,0,1,diff,a,,,,,,,,,unverified,,,,,
AgCensus2015-16 T2-4 Nagaland/All/number/SmallvsLarge,AgCensus2015-16,T2-4,Nagaland,All,number,SmallvsLarge,landholding,small holdings,large holdings,2,0,0,2,equal,c,,,,,,,,,unverified,,,,,
AgCensus2015-16 T2-4 Nagaland/All/number/SmallvsMedium,AgCensus2015-16,T2-4,Nagaland,All,number,SmallvsMedium,landholding,small holdings,medium holdings,1,0,0,1,diff,b,,,,,,,,,unverified,,,,,
AgCensus2015-16 T2-4 Nagaland/All/number/SmallvsSemi-medium,AgCensus2015-16,T2-4,Nagaland,All,number,SmallvsSemi-medium,landholding,small holdings,semi-medium holdings,1,0,0,1,diff,b,,,,,,,,,unverified,,,,,
AgCensus2015-16 T2-4 Nagaland/Large/number/SCvsST,AgCensus2015-16,T2-4,Nagaland,Large,number,SCvsST,social_group,Scheduled Castes,Scheduled Tribes,1,0,1,0,diff,b,,,,,,,,,unverified,,,,,
AgCensus2015-16 T2-4 Nagaland/Large/number/STvsOthers,AgCensus2015-16,T2-4,Nagaland,Large,number,STvsOthers,social_group,Scheduled Tribes,Other social groups,1,0,0,1,diff,a,,,,,,,,,unverified,,,,,
AgCensus2015-16 T2-4 Nagaland/Medium/number/STvsOthers,AgCensus2015-16,T2-4,Nagaland,Medium,number,STvsOthers,social_group,Scheduled Tribes,Other social groups,1,0,0,1,diff,a,,,,,,,,,unverified,,,,,
AgCensus2015-16 T2-4 Nagaland/ST/number/MarginalvsMedium,AgCensus2015-16,T2-4,Nagaland,ST,number,MarginalvsMedium,landholding,marginal holdings,medium holdings,1,1,0,0,diff,b,,,,,,,,,unverified,,,,,
AgCensus2015-16 T2-4 Nagaland/ST/number/MarginalvsSemi-medium,AgCensus2015-16,T2-4,Nagaland,ST,number,MarginalvsSemi-medium,landholding,marginal holdings,semi-medium holdings,1,1,0,0,diff,b,,,,,,,,,unverified,,,,,
AgCensus2015-16 T2-4 Nagaland/ST/number/MarginalvsSmall,AgCensus2015-16,T2-4,Nagaland,ST,number,MarginalvsSmall,landholding,marginal holdings,small holdings,1,0,0,1,diff,b,,,,,,,,,unverified,,,,,
AgCensus2015-16 T2-4 Nagaland/ST/number/MediumvsLarge,AgCensus2015-16,T2-4,Nagaland,ST,number,MediumvsLarge,landholding,medium holdings,large holdings,1,1,0,0,diff,a,,,,,,,,,unverified,,,,,
AgCensus2015-16 T2-4 Nagaland/ST/number/Semi-mediumvsLarge,AgCensus2015-16,T2-4,Nagaland,ST,number,Semi-mediumvsLarge,landholding,semi-medium holdings,large holdings,1,0,0,1,diff,a,,,,,,,,,unverified,,,,,
AgCensus2015-16 T2-4 Nagaland/ST/number/SmallvsLarge,AgCensus2015-16,T2-4,Nagaland,ST,number,SmallvsLarge,landholding,small holdings,large holdings,4,0,0,4,equal,c,,,,,,,,,unverified,,,,,
AgCensus2015-16 T2-4 Nagaland/ST/number/SmallvsMedium,AgCensus2015-16,T2-4,Nagaland,ST,number,SmallvsMedium,landholding,small holdings,medium holdings,1,1,0,0,diff,b,,,,,,,,,unverified,,,,,
AgCensus2015-16 T2-4 Nagaland/ST/number/SmallvsSemi-medium,AgCensus2015-16,T2-4,Nagaland,ST,number,SmallvsSemi-medium,landholding,small holdings,semi-medium holdings,1,0,1,0,diff,b,,,,,,,,,unverified,,,,,
AgCensus2015-16 T2-4 Nagaland/Semi-medium/number/SCvsST,AgCensus2015-16,T2-4,Nagaland,Semi-medium,number,SCvsST,social_group,Scheduled Castes,Scheduled Tribes,1,0,0,1,diff,b,,,,,,,,,unverified,,,,,
AgCensus2015-16 T2-4 Nagaland/Semi-medium/number/STvsOthers,AgCensus2015-16,T2-4,Nagaland,Semi-medium,number,STvsOthers,social_group,Scheduled Tribes,Other social groups,1,1,0,0,diff,a,,,,,,,,,unverified,,,,,
AgCensus2015-16 T2-4 Nagaland/Small/number/SCvsST,AgCensus2015-16,T2-4,Nagaland,Small,number,SCvsST,social_group,Scheduled Castes,Scheduled Tribes,1,0,0,1,diff,b,,,,,,,,,unverified,,,,,
AgCensus2015-16 T2-4 Nagaland/Small/number/STvsOthers,AgCensus2015-16,T2-4,Nagaland,Small,number,STvsOthers,social_group,Scheduled Tribes,Other social groups,1,1,0,0,diff,a,,,,,,,,,unverified,,,,,
AgCensus2015-16 T2-4 Odisha/All Classes/number/SCvsOthers,AgCensus2015-16,T2-4,Odisha,All Classes,number,SCvsOthers,social_group,Scheduled Castes,Other social groups,1,0,0,1,diff,b,,,,,,,,,unverified,,,,,
AgCensus2015-16 T2-4 Odisha/All Classes/number/SCvsST,AgCensus2015-16,T2-4,Odisha,All Classes,number,SCvsST,social_group,Scheduled Castes,Scheduled Tribes,1,1,0,0,diff,b,,,,,,,,,unverified,,,,,
AgCensus2015-16 T2-4 Odisha/All Classes/number/STvsOthers,AgCensus2015-16,T2-4,Odisha,All Classes,number,STvsOthers,social_group,Scheduled Tribes,Other social groups,1,0,0,1,diff,b,,,,,,,,,unverified,,,,,
AgCensus2015-16 T2-4 Odisha/All/area/MediumvsLarge,AgCensus2015-16,T2-4,Odisha,All,area,MediumvsLarge,landholding,medium operated area,large operated area,3,3,0,0,equal,c,,,,,,,,,unverified,,,,,
AgCensus2015-16 T2-4 Odisha/All/number/MarginalvsLarge,AgCensus2015-16,T2-4,Odisha,All,number,MarginalvsLarge,landholding,marginal holdings,large holdings,1,1,0,0,diff,a,,,,,,,,,unverified,,,,,
AgCensus2015-16 T2-4 Odisha/All/number/MarginalvsMedium,AgCensus2015-16,T2-4,Odisha,All,number,MarginalvsMedium,landholding,marginal holdings,medium holdings,1,0,0,1,diff,a,,,,,,,,,unverified,,,,,
AgCensus2015-16 T2-4 Odisha/All/number/MarginalvsSemi-medium,AgCensus2015-16,T2-4,Odisha,All,number,MarginalvsSemi-medium,landholding,marginal holdings,semi-medium holdings,1,1,0,0,diff,a,,,,,,,,,unverified,,,,,
AgCensus2015-16 T2-4 Odisha/All/number/MarginalvsSmall,AgCensus2015-16,T2-4,Odisha,All,number,MarginalvsSmall,landholding,marginal holdings,small holdings,1,1,0,0,diff,a,,,,,,,,,unverified,,,,,
AgCensus2015-16 T2-4 Odisha/All/number/Semi-mediumvsMedium,AgCensus2015-16,T2-4,Odisha,All,number,Semi-mediumvsMedium,landholding,semi-medium holdings,medium holdings,3,3,0,0,equal,c,,,,,,,,,unverified,,,,,
AgCensus2015-16 T2-4 Odisha/All/number/SmallvsLarge,AgCensus2015-16,T2-4,Odisha,All,number,SmallvsLarge,landholding,small holdings,large holdings,1,0,0,1,diff,a,,,,,,,,,unverified,,,,,
AgCensus2015-16 T2-4 Odisha/All/number/SmallvsMedium,AgCensus2015-16,T2-4,Odisha,All,number,SmallvsMedium,landholding,small holdings,medium holdings,1,1,0,0,diff,a,,,,,,,,,unverified,,,,,
AgCensus2015-16 T2-4 Odisha/All/number/SmallvsSemi-medium,AgCensus2015-16,T2-4,Odisha,All,number,SmallvsSemi-medium,landholding,small holdings,semi-medium holdings,1,0,0,1,diff,a,,,,,,,,,unverified,,,,,
AgCensus2015-16 T2-4 Odisha/Marginal/number/SCvsOthers,AgCensus2015-16,T2-4,Odisha,Marginal,number,SCvsOthers,social_group,Scheduled Castes,Other social groups,1,0,0,1,diff,b,,,,,,,,,unverified,,,,,
AgCensus2015-16 T2-4 Odisha/Marginal/number/STvsOthers,AgCensus2015-16,T2-4,Odisha,Marginal,number,STvsOthers,social_group,Scheduled Tribes,Other social groups,1,1,0,0,diff,b,,,,,,,,,unverified,,,,,
AgCensus2015-16 T2-4 Odisha/Medium/number/SCvsOthers,AgCensus2015-16,T2-4,Odisha,Medium,number,SCvsOthers,social_group,Scheduled Castes,Other social groups,1,1,0,0,diff,b,,,,,,,,,unverified,,,,,
AgCensus2015-16 T2-4 Odisha/Medium/number/SCvsST,AgCensus2015-16,T2-4,Odisha,Medium,number,SCvsST,social_group,Scheduled Castes,Scheduled Tribes,1,1,0,0,diff,b,,,,,,,,,unverified,,,,,
AgCensus2015-16 T2-4 Odisha/Medium/number/STvsOthers,AgCensus2015-16,T2-4,Odisha,Medium,number,STvsOthers,social_group,Scheduled Tribes,Other social groups,1,0,0,1,diff,b,,,,,,,,,unverified,,,,,
AgCensus2015-16 T2-4 Odisha/SC/number/MarginalvsLarge,AgCensus2015-16,T2-4,Odisha,SC,number,MarginalvsLarge,landholding,marginal holdings,large holdings,1,1,0,0,diff,a,,,,,,,,,unverified,,,,,
AgCensus2015-16 T2-4 Odisha/SC/number/MarginalvsMedium,AgCensus2015-16,T2-4,Odisha,SC,number,MarginalvsMedium,landholding,marginal holdings,medium holdings,1,0,0,1,diff,a,,,,,,,,,unverified,,,,,
AgCensus2015-16 T2-4 Odisha/SC/number/MarginalvsSmall,AgCensus2015-16,T2-4,Odisha,SC,number,MarginalvsSmall,landholding,marginal holdings,small holdings,1,1,0,0,diff,a,,,,,,,,,unverified,,,,,
AgCensus2015-16 T2-4 Odisha/SC/number/SmallvsLarge,AgCensus2015-16,T2-4,Odisha,SC,number,SmallvsLarge,landholding,small holdings,large holdings,1,0,1,0,diff,a,,,,,,,,,unverified,,,,,
AgCensus2015-16 T2-4 Odisha/SC/number/SmallvsMedium,AgCensus2015-16,T2-4,Odisha,SC,number,SmallvsMedium,landholding,small holdings,medium holdings,1,1,0,0,diff,a,,,,,,,,,unverified,,,,,
AgCensus2015-16 T2-4 Odisha/ST/number/MarginalvsLarge,AgCensus2015-16,T2-4,Odisha,ST,number,MarginalvsLarge,landholding,marginal holdings,large holdings,1,1,0,0,diff,a,,,,,,,,,unverified,,,,,
AgCensus2015-16 T2-4 Odisha/ST/number/MarginalvsMedium,AgCensus2015-16,T2-4,Odisha,ST,number,MarginalvsMedium,landholding,marginal holdings,medium holdings,1,0,0,1,diff,a,,,,,,,,,unverified,,,,,
AgCensus2015-16 T2-4 Odisha/ST/number/MarginalvsSemi-medium,AgCensus2015-16,T2-4,Odisha,ST,number,MarginalvsSemi-medium,landholding,marginal holdings,semi-medium holdings,1,0,1,0,diff,a,,,,,,,,,unverified,,,,,
AgCensus2015-16 T2-4 Odisha/ST/number/MarginalvsSmall,AgCensus2015-16,T2-4,Odisha,ST,number,MarginalvsSmall,landholding,marginal holdings,small holdings,1,0,0,1,diff,a,,,,,,,,,unverified,,,,,
AgCensus2015-16 T2-4 Odisha/ST/number/SmallvsMedium,AgCensus2015-16,T2-4,Odisha,ST,number,SmallvsMedium,landholding,small holdings,medium holdings,1,1,0,0,diff,a,,,,,,,,,unverified,,,,,
AgCensus2015-16 T2-4 Odisha/ST/number/SmallvsSemi-medium,AgCensus2015-16,T2-4,Odisha,ST,number,SmallvsSemi-medium,landholding,small holdings,semi-medium holdings,1,1,0,0,diff,a,,,,,,,,,unverified,,,,,
AgCensus2015-16 T2-4 Odisha/Semi-medium/number/SCvsOthers,AgCensus2015-16,T2-4,Odisha,Semi-medium,number,SCvsOthers,social_group,Scheduled Castes,Other social groups,1,1,0,0,diff,b,,,,,,,,,unverified,,,,,
AgCensus2015-16 T2-4 Odisha/Semi-medium/number/STvsOthers,AgCensus2015-16,T2-4,Odisha,Semi-medium,number,STvsOthers,social_group,Scheduled Tribes,Other social groups,1,1,0,0,diff,b,,,,,,,,,unverified,,,,,
AgCensus2015-16 T2-4 Odisha/Small/number/SCvsOthers,AgCensus2015-16,T2-4,Odisha,Small,number,SCvsOthers,social_group,Scheduled Castes,Other social groups,1,0,0,1,diff,b,,,,,,,,,unverified,,,,,
AgCensus2015-16 T2-4 Odisha/Small/number/SCvsST,AgCensus2015-16,T2-4,Odisha,Small,number,SCvsST,social_group,Scheduled Castes,Scheduled Tribes,1,0,1,0,diff,b,,,,,,,,,unverified,,,,,
AgCensus2015-16 T2-4 Odisha/Small/number/STvsOthers,AgCensus2015-16,T2-4,Odisha,Small,number,STvsOthers,social_group,Scheduled Tribes,Other social groups,1,1,0,0,diff,b,,,,,,,,,unverified,,,,,
AgCensus2015-16 T2-4 Puducherry/All Classes/number/SCvsOthers,AgCensus2015-16,T2-4,Puducherry,All Classes,number,SCvsOthers,social_group,Scheduled Castes,Other social groups,1,1,0,0,diff,b,,,,,,,,,unverified,,,,,
AgCensus2015-16 T2-4 Puducherry/All Classes/number/STvsOthers,AgCensus2015-16,T2-4,Puducherry,All Classes,number,STvsOthers,social_group,Scheduled Tribes,Other social groups,1,0,0,1,diff,b,,,,,,,,,unverified,,,,,
AgCensus2015-16 T2-4 Puducherry/All/area/Semi-mediumvsMedium,AgCensus2015-16,T2-4,Puducherry,All,area,Semi-mediumvsMedium,landholding,semi-medium operated area,medium operated area,4,4,0,0,equal,c,,,,,,,,,unverified,,,,,
AgCensus2015-16 T2-4 Puducherry/All/area/SmallvsSemi-medium,AgCensus2015-16,T2-4,Puducherry,All,area,SmallvsSemi-medium,landholding,small operated area,semi-medium operated area,3,3,0,0,equal,c,,,,,,,,,unverified,,,,,
AgCensus2015-16 T2-4 Puducherry/All/number/MarginalvsLarge,AgCensus2015-16,T2-4,Puducherry,All,number,MarginalvsLarge,landholding,marginal holdings,large holdings,1,1,0,0,diff,a,,,,,,,,,unverified,,,,,
AgCensus2015-16 T2-4 Puducherry/All/number/MarginalvsSemi-medium,AgCensus2015-16,T2-4,Puducherry,All,number,MarginalvsSemi-medium,landholding,marginal holdings,semi-medium holdings,1,1,0,0,diff,a,,,,,,,,,unverified,,,,,
AgCensus2015-16 T2-4 Puducherry/All/number/MarginalvsSmall,AgCensus2015-16,T2-4,Puducherry,All,number,MarginalvsSmall,landholding,marginal holdings,small holdings,1,1,0,0,diff,a,,,,,,,,,unverified,,,,,
AgCensus2015-16 T2-4 Puducherry/All/number/SmallvsSemi-medium,AgCensus2015-16,T2-4,Puducherry,All,number,SmallvsSemi-medium,landholding,small holdings,semi-medium holdings,4,0,0,4,equal,c,,,,,,,,,unverified,,,,,
AgCensus2015-16 T2-4 Puducherry/Marginal/number/SCvsOthers,AgCensus2015-16,T2-4,Puducherry,Marginal,number,SCvsOthers,social_group,Scheduled Castes,Other social groups,1,0,0,1,diff,b,,,,,,,,,unverified,,,,,
AgCensus2015-16 T2-4 Puducherry/Marginal/number/STvsOthers,AgCensus2015-16,T2-4,Puducherry,Marginal,number,STvsOthers,social_group,Scheduled Tribes,Other social groups,1,1,0,0,diff,b,,,,,,,,,unverified,,,,,
AgCensus2015-16 T2-4 Punjab/All Classes/number/SCvsOthers,AgCensus2015-16,T2-4,Punjab,All Classes,number,SCvsOthers,social_group,Scheduled Castes,Other social groups,1,0,1,0,diff,b,,,,,,,,,unverified,,,,,
AgCensus2015-16 T2-4 Punjab/All Classes/number/STvsOthers,AgCensus2015-16,T2-4,Punjab,All Classes,number,STvsOthers,social_group,Scheduled Tribes,Other social groups,1,1,0,0,diff,b,,,,,,,,,unverified,,,,,
AgCensus2015-16 T2-4 Punjab/All/area/MarginalvsSmall,AgCensus2015-16,T2-4,Punjab,All,area,MarginalvsSmall,landholding,marginal operated area,small operated area,4,4,0,0,equal,c,,,,,,,,,unverified,,,,,
AgCensus2015-16 T2-4 Punjab/All/area/Semi-mediumvsLarge,AgCensus2015-16,T2-4,Punjab,All,area,Semi-mediumvsLarge,landholding,semi-medium operated area,large operated area,4,4,0,0,equal,c,,,,,,,,,unverified,,,,,
AgCensus2015-16 T2-4 Punjab/All/number/MarginalvsMedium,AgCensus2015-16,T2-4,Punjab,All,number,MarginalvsMedium,landholding,marginal holdings,medium holdings,1,1,0,0,diff,b,,,,,,,,,unverified,,,,,
AgCensus2015-16 T2-4 Punjab/All/number/MarginalvsSemi-medium,AgCensus2015-16,T2-4,Punjab,All,number,MarginalvsSemi-medium,landholding,marginal holdings,semi-medium holdings,1,1,0,0,diff,b,,,,,,,,,unverified,,,,,
AgCensus2015-16 T2-4 Punjab/All/number/MarginalvsSmall,AgCensus2015-16,T2-4,Punjab,All,number,MarginalvsSmall,landholding,marginal holdings,small holdings,4,4,0,0,equal,c,,,,,,,,,unverified,,,,,
AgCensus2015-16 T2-4 Punjab/All/number/MediumvsLarge,AgCensus2015-16,T2-4,Punjab,All,number,MediumvsLarge,landholding,medium holdings,large holdings,1,0,0,1,diff,a,,,,,,,,,unverified,,,,,
AgCensus2015-16 T2-4 Punjab/All/number/Semi-mediumvsLarge,AgCensus2015-16,T2-4,Punjab,All,number,Semi-mediumvsLarge,landholding,semi-medium holdings,large holdings,1,0,0,1,diff,a,,,,,,,,,unverified,,,,,
AgCensus2015-16 T2-4 Punjab/All/number/SmallvsLarge,AgCensus2015-16,T2-4,Punjab,All,number,SmallvsLarge,landholding,small holdings,large holdings,1,0,0,1,diff,a,,,,,,,,,unverified,,,,,
AgCensus2015-16 T2-4 Punjab/All/number/SmallvsSemi-medium,AgCensus2015-16,T2-4,Punjab,All,number,SmallvsSemi-medium,landholding,small holdings,semi-medium holdings,1,0,0,1,diff,b,,,,,,,,,unverified,,,,,
AgCensus2015-16 T2-4 Punjab/Large/number/SCvsOthers,AgCensus2015-16,T2-4,Punjab,Large,number,SCvsOthers,social_group,Scheduled Castes,Other social groups,1,1,0,0,diff,b,,,,,,,,,unverified,,,,,
AgCensus2015-16 T2-4 Punjab/Large/number/STvsOthers,AgCensus2015-16,T2-4,Punjab,Large,number,STvsOthers,social_group,Scheduled Tribes,Other social groups,1,1,0,0,diff,b,,,,,,,,,unverified,,,,,
AgCensus2015-16 T2-4 Punjab/Marginal/number/SCvsOthers,AgCensus2015-16,T2-4,Punjab,Marginal,number,SCvsOthers,social_group,Scheduled Castes,Other social groups,1,0,0,1,diff,b,,,,,,,,,unverified,,,,,
AgCensus2015-16 T2-4 Punjab/Marginal/number/SCvsST,AgCensus2015-16,T2-4,Punjab,Marginal,number,SCvsST,social_group,Scheduled Castes,Scheduled Tribes,1,1,0,0,diff,a,,,,,,,,,unverified,,,,,
AgCensus2015-16 T2-4 Punjab/Marginal/number/STvsOthers,AgCensus2015-16,T2-4,Punjab,Marginal,number,STvsOthers,social_group,Scheduled Tribes,Other social groups,1,1,0,0,diff,b,,,,,,,,,unverified,,,,,
AgCensus2015-16 T2-4 Punjab/Medium/number/SCvsOthers,AgCensus2015-16,T2-4,Punjab,Medium,number,SCvsOthers,social_group,Scheduled Castes,Other social groups,1,1,0,0,diff,b,,,,,,,,,unverified,,,,,
AgCensus2015-16 T2-4 Punjab/Medium/number/STvsOthers,AgCensus2015-16,T2-4,Punjab,Medium,number,STvsOthers,social_group,Scheduled Tribes,Other social groups,1,0,0,1,diff,b,,,,,,,,,unverified,,,,,
AgCensus2015-16 T2-4 Punjab/SC/area/MarginalvsSmall,AgCensus2015-16,T2-4,Punjab,SC,area,MarginalvsSmall,landholding,marginal operated area,small operated area,1,1,0,0,equal,c,,,,,,,,,unverified,,,,,
AgCensus2015-16 T2-4 Punjab/SC/area/SmallvsLarge,AgCensus2015-16,T2-4,Punjab,SC,area,SmallvsLarge,landholding,small operated area,large operated area,2,0,0,2,equal,c,,,,,,,,,unverified,,,,,
AgCensus2015-16 T2-4 Punjab/SC/number/MarginalvsLarge,AgCensus2015-16,T2-4,Punjab,SC,number,MarginalvsLarge,landholding,marginal holdings,large holdings,1,1,0,0,diff,a,,,,,,,,,unverified,,,,,
AgCensus2015-16 T2-4 Punjab/SC/number/MarginalvsMedium,AgCensus2015-16,T2-4,Punjab,SC,number,MarginalvsMedium,landholding,marginal holdings,medium holdings,1,0,0,1,diff,a,,,,,,,,,unverified,,,,,
AgCensus2015-16 T2-4 Punjab/SC/number/MarginalvsSemi-medium,AgCensus2015-16,T2-4,Punjab,SC,number,MarginalvsSemi-medium,landholding,marginal holdings,semi-medium holdings,1,0,0,1,diff,a,,,,,,,,,unverified,,,,,
AgCensus2015-16 T2-4 Punjab/SC/number/MediumvsLarge,AgCensus2015-16,T2-4,Punjab,SC,number,MediumvsLarge,landholding,medium holdings,large holdings,1,1,0,0,diff,a,,,,,,,,,unverified,,,,,
AgCensus2015-16 T2-4 Punjab/SC/number/Semi-mediumvsLarge,AgCensus2015-16,T2-4,Punjab,SC,number,Semi-mediumvsLarge,landholding,semi-medium holdings,large holdings,1,0,0,1,diff,a,,,,,,,,,unverified,,,,,
AgCensus2015-16 T2-4 Punjab/SC/number/Semi-mediumvsMedium,AgCensus2015-16,T2-4,Punjab,SC,number,Semi-mediumvsMedium,landholding,semi-medium holdings,medium holdings,1,0,0,1,diff,a,,,,,,,,,unverified,,,,,
AgCensus2015-16 T2-4 Punjab/SC/number/SmallvsLarge,AgCensus2015-16,T2-4,Punjab,SC,number,SmallvsLarge,landholding,small holdings,large holdings,1,1,0,0,diff,a,,,,,,,,,unverified,,,,,
AgCensus2015-16 T2-4 Punjab/SC/number/SmallvsSemi-medium,AgCensus2015-16,T2-4,Punjab,SC,number,SmallvsSemi-medium,landholding,small holdings,semi-medium holdings,4,0,0,4,equal,c,,,,,,,,,unverified,,,,,
AgCensus2015-16 T2-4 Punjab/Semi-medium/number/SCvsOthers,AgCensus2015-16,T2-4,Punjab,Semi-medium,number,SCvsOthers,social_group,Scheduled Castes,Other social groups,1,1,0,0,diff,b,,,,,,,,,unverified,,,,,
AgCensus2015-16 T2-4 Punjab/Semi-medium/number/STvsOthers,AgCensus2015-16,T2-4,Punjab,Semi-medium,number,STvsOthers,social_group,Scheduled Tribes,Other social groups,1,1,0,0,diff,b,,,,,,,,,unverified,,,,,
AgCensus2015-16 T2-4 Punjab/Small/number/SCvsOthers,AgCensus2015-16,T2-4,Punjab,Small,number,SCvsOthers,social_group,Scheduled Castes,Other social groups,1,0,0,1,diff,b,,,,,,,,,unverified,,,,,
AgCensus2015-16 T2-4 Punjab/Small/number/STvsOthers,AgCensus2015-16,T2-4,Punjab,Small,number,STvsOthers,social_group,Scheduled Tribes,Other social groups,1,1,0,0,diff,b,,,,,,,,,unverified,,,,,
AgCensus2015-16 T2-4 Rajasthan/All Classes/area/SCvsST,AgCensus2015-16,T2-4,Rajasthan,All Classes,area,SCvsST,social_group,Scheduled Castes,Scheduled Tribes,8,8,0,0,equal,c,,,,,,,,,unverified,,,,,
AgCensus2015-16 T2-4 Rajasthan/All Classes/number/SCvsOthers,AgCensus2015-16,T2-4,Rajasthan,All Classes,number,SCvsOthers,social_group,Scheduled Castes,Other social groups,1,1,0,0,diff,b,,,,,,,,,unverified,,,,,
AgCensus2015-16 T2-4 Rajasthan/All Classes/number/SCvsST,AgCensus2015-16,T2-4,Rajasthan,All Classes,number,SCvsST,social_group,Scheduled Castes,Scheduled Tribes,8,8,0,0,equal,c,,,,,,,,,unverified,,,,,
AgCensus2015-16 T2-4 Rajasthan/All Classes/number/STvsOthers,AgCensus2015-16,T2-4,Rajasthan,All Classes,number,STvsOthers,social_group,Scheduled Tribes,Other social groups,1,1,0,0,diff,b,,,,,,,,,unverified,,,,,
AgCensus2015-16 T2-4 Rajasthan/All/area/MarginalvsSmall,AgCensus2015-16,T2-4,Rajasthan,All,area,MarginalvsSmall,landholding,marginal operated area,small operated area,3,3,0,0,equal,c,,,,,,,,,unverified,,,,,
AgCensus2015-16 T2-4 Rajasthan/All/area/MediumvsLarge,AgCensus2015-16,T2-4,Rajasthan,All,area,MediumvsLarge,landholding,medium operated area,large operated area,3,3,0,0,equal,c,,,,,,,,,unverified,,,,,
AgCensus2015-16 T2-4 Rajasthan/All/number/MarginalvsLarge,AgCensus2015-16,T2-4,Rajasthan,All,number,MarginalvsLarge,landholding,marginal holdings,large holdings,1,0,1,0,diff,a,,,,,,,,,unverified,,,,,
AgCensus2015-16 T2-4 Rajasthan/All/number/MarginalvsMedium,AgCensus2015-16,T2-4,Rajasthan,All,number,MarginalvsMedium,landholding,marginal holdings,medium holdings,1,1,0,0,diff,a,,,,,,,,,unverified,,,,,
AgCensus2015-16 T2-4 Rajasthan/All/number/MarginalvsSemi-medium,AgCensus2015-16,T2-4,Rajasthan,All,number,MarginalvsSemi-medium,landholding,marginal holdings,semi-medium holdings,1,0,0,1,diff,a,,,,,,,,,unverified,,,,,
AgCensus2015-16 T2-4 Rajasthan/All/number/MarginalvsSmall,AgCensus2015-16,T2-4,Rajasthan,All,number,MarginalvsSmall,landholding,marginal holdings,small holdings,1,1,0,0,diff,a,,,,,,,,,unverified,,,,,
AgCensus2015-16 T2-4 Rajasthan/All/number/MediumvsLarge,AgCensus2015-16,T2-4,Rajasthan,All,number,MediumvsLarge,landholding,medium holdings,large holdings,1,0,0,1,diff,a,,,,,,,,,unverified,,,,,
AgCensus2015-16 T2-4 Rajasthan/All/number/Semi-mediumvsLarge,AgCensus2015-16,T2-4,Rajasthan,All,number,Semi-mediumvsLarge,landholding,semi-medium holdings,large holdings,1,0,0,1,diff,a,,,,,,,,,unverified,,,,,
AgCensus2015-16 T2-4 Rajasthan/All/number/Semi-mediumvsMedium,AgCensus2015-16,T2-4,Rajasthan,All,number,Semi-mediumvsMedium,landholding,semi-medium holdings,medium holdings,3,0,0,3,equal,c,,,,,,,,,unverified,,,,,
AgCensus2015-16 T2-4 Rajasthan/All/number/SmallvsSemi-medium,AgCensus2015-16,T2-4,Rajasthan,All,number,SmallvsSemi-medium,landholding,small holdings,semi-medium holdings,3,0,0,3,equal,c,,,,,,,,,unverified,,,,,
AgCensus2015-16 T2-4 Rajasthan/Large/number/SCvsOthers,AgCensus2015-16,T2-4,Rajasthan,Large,number,SCvsOthers,social_group,Scheduled Castes,Other social groups,1,1,0,0,diff,b,,,,,,,,,unverified,,,,,
AgCensus2015-16 T2-4 Rajasthan/Large/number/STvsOthers,AgCensus2015-16,T2-4,Rajasthan,Large,number,STvsOthers,social_group,Scheduled Tribes,Other social groups,1,1,0,0,diff,b,,,,,,,,,unverified,,,,,
AgCensus2015-16 T2-4 Rajasthan/Marginal/number/STvsOthers,AgCensus2015-16,T2-4,Rajasthan,Marginal,number,STvsOthers,social_group,Scheduled Tribes,Other social groups,1,1,0,0,diff,b,,,,,,,,,unverified,,,,,
AgCensus2015-16 T2-4 Rajasthan/Medium/number/SCvsOthers,AgCensus2015-16,T2-4,Rajasthan,Medium,number,SCvsOthers,social_group,Scheduled Castes,Other social groups,1,1,0,0,diff,b,,,,,,,,,unverified,,,,,
AgCensus2015-16 T2-4 Rajasthan/Medium/number/STvsOthers,AgCensus2015-16,T2-4,Rajasthan,Medium,number,STvsOthers,social_group,Scheduled Tribes,Other social groups,1,0,0,1,diff,b,,,,,,,,,unverified,,,,,
AgCensus2015-16 T2-4 Rajasthan/SC/area/MarginalvsSmall,AgCensus2015-16,T2-4,Rajasthan,SC,area,MarginalvsSmall,landholding,marginal operated area,small operated area,4,4,0,0,equal,c,,,,,,,,,unverified,,,,,
AgCensus2015-16 T2-4 Rajasthan/SC/area/Semi-mediumvsLarge,AgCensus2015-16,T2-4,Rajasthan,SC,area,Semi-mediumvsLarge,landholding,semi-medium operated area,large operated area,4,4,0,0,equal,c,,,,,,,,,unverified,,,,,
AgCensus2015-16 T2-4 Rajasthan/SC/number/MarginalvsLarge,AgCensus2015-16,T2-4,Rajasthan,SC,number,MarginalvsLarge,landholding,marginal holdings,large holdings,1,0,0,1,diff,a,,,,,,,,,unverified,,,,,
AgCensus2015-16 T2-4 Rajasthan/SC/number/MarginalvsMedium,AgCensus2015-16,T2-4,Rajasthan,SC,number,MarginalvsMedium,landholding,marginal holdings,medium holdings,1,0,0,1,diff,a,,,,,,,,,unverified,,,,,
AgCensus2015-16 T2-4 Rajasthan/SC/number/MarginalvsSemi-medium,AgCensus2015-16,T2-4,Rajasthan,SC,number,MarginalvsSemi-medium,landholding,marginal holdings,semi-medium holdings,1,0,0,1,diff,a,,,,,,,,,unverified,,,,,
AgCensus2015-16 T2-4 Rajasthan/SC/number/Semi-mediumvsMedium,AgCensus2015-16,T2-4,Rajasthan,SC,number,Semi-mediumvsMedium,landholding,semi-medium holdings,medium holdings,2,0,0,2,equal,c,,,,,,,,,unverified,,,,,
AgCensus2015-16 T2-4 Rajasthan/SC/number/SmallvsLarge,AgCensus2015-16,T2-4,Rajasthan,SC,number,SmallvsLarge,landholding,small holdings,large holdings,1,1,0,0,diff,a,,,,,,,,,unverified,,,,,
AgCensus2015-16 T2-4 Rajasthan/SC/number/SmallvsMedium,AgCensus2015-16,T2-4,Rajasthan,SC,number,SmallvsMedium,landholding,small holdings,medium holdings,1,1,0,0,diff,a,,,,,,,,,unverified,,,,,
AgCensus2015-16 T2-4 Rajasthan/ST/area/MarginalvsSmall,AgCensus2015-16,T2-4,Rajasthan,ST,area,MarginalvsSmall,landholding,marginal operated area,small operated area,1,1,0,0,equal,c,,,,,,,,,unverified,,,,,
AgCensus2015-16 T2-4 Rajasthan/ST/area/SmallvsMedium,AgCensus2015-16,T2-4,Rajasthan,ST,area,SmallvsMedium,landholding,small operated area,medium operated area,1,1,0,0,equal,c,,,,,,,,,unverified,,,,,
AgCensus2015-16 T2-4 Rajasthan/ST/area/SmallvsSemi-medium,AgCensus2015-16,T2-4,Rajasthan,ST,area,SmallvsSemi-medium,landholding,small operated area,semi-medium operated area,1,1,0,0,equal,c,,,,,,,,,unverified,,,,,
AgCensus2015-16 T2-4 Rajasthan/ST/number/MarginalvsMedium,AgCensus2015-16,T2-4,Rajasthan,ST,number,MarginalvsMedium,landholding,marginal holdings,medium holdings,1,1,0,0,diff,a,,,,,,,,,unverified,,,,,
AgCensus2015-16 T2-4 Rajasthan/ST/number/MarginalvsSemi-medium,AgCensus2015-16,T2-4,Rajasthan,ST,number,MarginalvsSemi-medium,landholding,marginal holdings,semi-medium holdings,1,1,0,0,diff,a,,,,,,,,,unverified,,,,,
AgCensus2015-16 T2-4 Rajasthan/ST/number/MarginalvsSmall,AgCensus2015-16,T2-4,Rajasthan,ST,number,MarginalvsSmall,landholding,marginal holdings,small holdings,1,1,0,0,diff,a,,,,,,,,,unverified,,,,,
AgCensus2015-16 T2-4 Rajasthan/ST/number/Semi-mediumvsLarge,AgCensus2015-16,T2-4,Rajasthan,ST,number,Semi-mediumvsLarge,landholding,semi-medium holdings,large holdings,1,1,0,0,diff,a,,,,,,,,,unverified,,,,,
AgCensus2015-16 T2-4 Rajasthan/ST/number/SmallvsLarge,AgCensus2015-16,T2-4,Rajasthan,ST,number,SmallvsLarge,landholding,small holdings,large holdings,1,0,0,1,diff,a,,,,,,,,,unverified,,,,,
AgCensus2015-16 T2-4 Rajasthan/Semi-medium/area/SCvsST,AgCensus2015-16,T2-4,Rajasthan,Semi-medium,area,SCvsST,social_group,Scheduled Castes,Scheduled Tribes,8,0,0,8,equal,c,,,,,,,,,unverified,,,,,
AgCensus2015-16 T2-4 Rajasthan/Semi-medium/number/SCvsOthers,AgCensus2015-16,T2-4,Rajasthan,Semi-medium,number,SCvsOthers,social_group,Scheduled Castes,Other social groups,1,1,0,0,diff,b,,,,,,,,,unverified,,,,,
AgCensus2015-16 T2-4 Rajasthan/Semi-medium/number/SCvsST,AgCensus2015-16,T2-4,Rajasthan,Semi-medium,number,SCvsST,social_group,Scheduled Castes,Scheduled Tribes,8,0,0,8,equal,c,,,,,,,,,unverified,,,,,
AgCensus2015-16 T2-4 Rajasthan/Semi-medium/number/STvsOthers,AgCensus2015-16,T2-4,Rajasthan,Semi-medium,number,STvsOthers,social_group,Scheduled Tribes,Other social groups,1,0,1,0,diff,b,,,,,,,,,unverified,,,,,
AgCensus2015-16 T2-4 Rajasthan/Small/area/SCvsST,AgCensus2015-16,T2-4,Rajasthan,Small,area,SCvsST,social_group,Scheduled Castes,Scheduled Tribes,8,0,0,8,equal,c,,,,,,,,,unverified,,,,,
AgCensus2015-16 T2-4 Rajasthan/Small/number/SCvsOthers,AgCensus2015-16,T2-4,Rajasthan,Small,number,SCvsOthers,social_group,Scheduled Castes,Other social groups,1,0,0,1,diff,b,,,,,,,,,unverified,,,,,
AgCensus2015-16 T2-4 Rajasthan/Small/number/SCvsST,AgCensus2015-16,T2-4,Rajasthan,Small,number,SCvsST,social_group,Scheduled Castes,Scheduled Tribes,7,7,0,0,equal,c,,,,,,,,,unverified,,,,,
AgCensus2015-16 T2-4 Rajasthan/Small/number/STvsOthers,AgCensus2015-16,T2-4,Rajasthan,Small,number,STvsOthers,social_group,Scheduled Tribes,Other social groups,1,0,0,1,diff,b,,,,,,,,,unverified,,,,,
AgCensus2015-16 T2-4 Sikkim/All Classes/number/SCvsOthers,AgCensus2015-16,T2-4,Sikkim,All Classes,number,SCvsOthers,social_group,Scheduled Castes,Other social groups,1,1,0,0,diff,b,,,,,,,,,unverified,,,,,
AgCensus2015-16 T2-4 Sikkim/All Classes/number/SCvsST,AgCensus2015-16,T2-4,Sikkim,All Classes,number,SCvsST,social_group,Scheduled Castes,Scheduled Tribes,1,1,0,0,diff,b,,,,,,,,,unverified,,,,,
AgCensus2015-16 T2-4 Sikkim/All/area/MarginalvsMedium,AgCensus2015-16,T2-4,Sikkim,All,area,MarginalvsMedium,landholding,marginal operated area,medium operated area,4,0,0,4,equal,c,,,,,,,,,unverified,,,,,
AgCensus2015-16 T2-4 Sikkim/All/area/MarginalvsSmall,AgCensus2015-16,T2-4,Sikkim,All,area,MarginalvsSmall,landholding,marginal operated area,small operated area,4,4,0,0,equal,c,,,,,,,,,unverified,,,,,
AgCensus2015-16 T2-4 Sikkim/All/area/SmallvsMedium,AgCensus2015-16,T2-4,Sikkim,All,area,SmallvsMedium,landholding,small operated area,medium operated area,4,0,0,4,equal,c,,,,,,,,,unverified,,,,,
AgCensus2015-16 T2-4 Sikkim/All/number/MarginalvsLarge,AgCensus2015-16,T2-4,Sikkim,All,number,MarginalvsLarge,landholding,marginal holdings,large holdings,1,1,0,0,diff,a,,,,,,,,,unverified,,,,,
AgCensus2015-16 T2-4 Sikkim/All/number/MarginalvsMedium,AgCensus2015-16,T2-4,Sikkim,All,number,MarginalvsMedium,landholding,marginal holdings,medium holdings,1,1,0,0,diff,a,,,,,,,,,unverified,,,,,
AgCensus2015-16 T2-4 Sikkim/All/number/MarginalvsSemi-medium,AgCensus2015-16,T2-4,Sikkim,All,number,MarginalvsSemi-medium,landholding,marginal holdings,semi-medium holdings,1,1,0,0,diff,a,,,,,,,,,unverified,,,,,
AgCensus2015-16 T2-4 Sikkim/All/number/MarginalvsSmall,AgCensus2015-16,T2-4,Sikkim,All,number,MarginalvsSmall,landholding,marginal holdings,small holdings,1,1,0,0,diff,a,,,,,,,,,unverified,,,,,
AgCensus2015-16 T2-4 Sikkim/All/number/Semi-mediumvsLarge,AgCensus2015-16,T2-4,Sikkim,All,number,Semi-mediumvsLarge,landholding,semi-medium holdings,large holdings,1,0,0,1,diff,a,,,,,,,,,unverified,,,,,
AgCensus2015-16 T2-4 Sikkim/All/number/SmallvsLarge,AgCensus2015-16,T2-4,Sikkim,All,number,SmallvsLarge,landholding,small holdings,large holdings,1,1,0,0,diff,a,,,,,,,,,unverified,,,,,
AgCensus2015-16 T2-4 Sikkim/All/number/SmallvsMedium,AgCensus2015-16,T2-4,Sikkim,All,number,SmallvsMedium,landholding,small holdings,medium holdings,1,1,0,0,diff,a,,,,,,,,,unverified,,,,,
AgCensus2015-16 T2-4 Sikkim/All/number/SmallvsSemi-medium,AgCensus2015-16,T2-4,Sikkim,All,number,SmallvsSemi-medium,landholding,small holdings,semi-medium holdings,2,0,0,2,equal,c,,,,,,,,,unverified,,,,,
AgCensus2015-16 T2-4 Sikkim/Marginal/number/SCvsOthers,AgCensus2015-16,T2-4,Sikkim,Marginal,number,SCvsOthers,social_group,Scheduled Castes,Other social groups,1,0,0,1,diff,b,,,,,,,,,unverified,,,,,
AgCensus2015-16 T2-4 Sikkim/Marginal/number/SCvsST,AgCensus2015-16,T2-4,Sikkim,Marginal,number,SCvsST,social_group,Scheduled Castes,Scheduled Tribes,1,0,1,0,diff,b,,,,,,,,,unverified,,,,,
AgCensus2015-16 T2-4 Sikkim/Marginal/number/STvsOthers,AgCensus2015-16,T2-4,Sikkim,Marginal,number,STvsOthers,social_group,Scheduled Tribes,Other social groups,1,1,0,0,diff,b,,,,,,,,,unverified,,,,,
AgCensus2015-16 T2-4 Sikkim/ST/area/MarginalvsSmall,AgCensus2015-16,T2-4,Sikkim,ST,area,MarginalvsSmall,landholding,marginal operated area,small operated area,1,1,0,0,equal,c,,,,,,,,,unverified,,,,,
AgCensus2015-16 T2-4 Sikkim/ST/number/MarginalvsLarge,AgCensus2015-16,T2-4,Sikkim,ST,number,MarginalvsLarge,landholding,marginal holdings,large holdings,1,0,0,1,diff,a,,,,,,,,,unverified,,,,,
AgCensus2015-16 T2-4 Sikkim/ST/number/MarginalvsSemi-medium,AgCensus2015-16,T2-4,Sikkim,ST,number,MarginalvsSemi-medium,landholding,marginal holdings,semi-medium holdings,1,1,0,0,diff,a,,,,,,,,,unverified,,,,,
AgCensus2015-16 T2-4 Sikkim/ST/number/Semi-mediumvsLarge,AgCensus2015-16,T2-4,Sikkim,ST,number,Semi-mediumvsLarge,landholding,semi-medium holdings,large holdings,1,1,0,0,diff,a,,,,,,,,,unverified,,,,,
AgCensus2015-16 T2-4 Sikkim/ST/number/Semi-mediumvsMedium,AgCensus2015-16,T2-4,Sikkim,ST,number,Semi-mediumvsMedium,landholding,semi-medium holdings,medium holdings,1,1,0,0,diff,a,,,,,,,,,unverified,,,,,
AgCensus2015-16 T2-4 Sikkim/ST/number/SmallvsLarge,AgCensus2015-16,T2-4,Sikkim,ST,number,SmallvsLarge,landholding,small holdings,large holdings,1,0,0,1,diff,a,,,,,,,,,unverified,,,,,
AgCensus2015-16 T2-4 Sikkim/ST/number/SmallvsMedium,AgCensus2015-16,T2-4,Sikkim,ST,number,SmallvsMedium,landholding,small holdings,medium holdings,1,1,0,0,diff,a,,,,,,,,,unverified,,,,,
AgCensus2015-16 T2-4 Sikkim/ST/number/SmallvsSemi-medium,AgCensus2015-16,T2-4,Sikkim,ST,number,SmallvsSemi-medium,landholding,small holdings,semi-medium holdings,3,3,0,0,equal,c,,,,,,,,,unverified,,,,,
AgCensus2015-16 T2-4 Tamil Nadu/All Classes/number/SCvsOthers,AgCensus2015-16,T2-4,Tamil Nadu,All Classes,number,SCvsOthers,social_group,Scheduled Castes,Other social groups,1,1,0,0,diff,b,,,,,,,,,unverified,,,,,
AgCensus2015-16 T2-4 Tamil Nadu/All Classes/number/STvsOthers,AgCensus2015-16,T2-4,Tamil Nadu,All Classes,number,STvsOthers,social_group,Scheduled Tribes,Other social groups,1,1,0,0,diff,b,,,,,,,,,unverified,,,,,
AgCensus2015-16 T2-4 Tamil Nadu/All/number/MarginalvsLarge,AgCensus2015-16,T2-4,Tamil Nadu,All,number,MarginalvsLarge,landholding,marginal holdings,large holdings,1,1,0,0,diff,a,,,,,,,,,unverified,,,,,
AgCensus2015-16 T2-4 Tamil Nadu/All/number/MarginalvsMedium,AgCensus2015-16,T2-4,Tamil Nadu,All,number,MarginalvsMedium,landholding,marginal holdings,medium holdings,1,0,0,1,diff,a,,,,,,,,,unverified,,,,,
AgCensus2015-16 T2-4 Tamil Nadu/All/number/MarginalvsSemi-medium,AgCensus2015-16,T2-4,Tamil Nadu,All,number,MarginalvsSemi-medium,landholding,marginal holdings,semi-medium holdings,1,1,0,0,diff,a,,,,,,,,,unverified,,,,,
AgCensus2015-16 T2-4 Tamil Nadu/All/number/MarginalvsSmall,AgCensus2015-16,T2-4,Tamil Nadu,All,number,MarginalvsSmall,landholding,marginal holdings,small holdings,1,1,0,0,diff,a,,,,,,,,,unverified,,,,,
AgCensus2015-16 T2-4 Tamil Nadu/All/number/Semi-mediumvsMedium,AgCensus2015-16,T2-4,Tamil Nadu,All,number,Semi-mediumvsMedium,landholding,semi-medium holdings,medium holdings,4,0,0,4,equal,c,,,,,,,,,unverified,,,,,
AgCensus2015-16 T2-4 Tamil Nadu/All/number/SmallvsLarge,AgCensus2015-16,T2-4,Tamil Nadu,All,number,SmallvsLarge,landholding,small holdings,large holdings,1,0,0,1,diff,a,,,,,,,,,unverified,,,,,
AgCensus2015-16 T2-4 Tamil Nadu/All/number/SmallvsMedium,AgCensus2015-16,T2-4,Tamil Nadu,All,number,SmallvsMedium,landholding,small holdings,medium holdings,1,1,0,0,diff,a,,,,,,,,,unverified,,,,,
AgCensus2015-16 T2-4 Tamil Nadu/Marginal/number/SCvsOthers,AgCensus2015-16,T2-4,Tamil Nadu,Marginal,number,SCvsOthers,social_group,Scheduled Castes,Other social groups,1,0,0,1,diff,b,,,,,,,,,unverified,,,,,
AgCensus2015-16 T2-4 Tamil Nadu/Marginal/number/STvsOthers,AgCensus2015-16,T2-4,Tamil Nadu,Marginal,number,STvsOthers,social_group,Scheduled Tribes,Other social groups,1,1,0,0,diff,b,,,,,,,,,unverified,,,,,
AgCensus2015-16 T2-4 Tamil Nadu/Medium/number/SCvsOthers,AgCensus2015-16,T2-4,Tamil Nadu,Medium,number,SCvsOthers,social_group,Scheduled Castes,Other social groups,1,1,0,0,diff,b,,,,,,,,,unverified,,,,,
AgCensus2015-16 T2-4 Tamil Nadu/Medium/number/STvsOthers,AgCensus2015-16,T2-4,Tamil Nadu,Medium,number,STvsOthers,social_group,Scheduled Tribes,Other social groups,1,0,0,1,diff,b,,,,,,,,,unverified,,,,,
AgCensus2015-16 T2-4 Tamil Nadu/SC/area/MediumvsLarge,AgCensus2015-16,T2-4,Tamil Nadu,SC,area,MediumvsLarge,landholding,medium operated area,large operated area,3,3,0,0,equal,c,,,,,,,,,unverified,,,,,
AgCensus2015-16 T2-4 Tamil Nadu/SC/number/MarginalvsLarge,AgCensus2015-16,T2-4,Tamil Nadu,SC,number,MarginalvsLarge,landholding,marginal holdings,large holdings,1,0,1,0,diff,a,,,,,,,,,unverified,,,,,
AgCensus2015-16 T2-4 Tamil Nadu/SC/number/MarginalvsMedium,AgCensus2015-16,T2-4,Tamil Nadu,SC,number,MarginalvsMedium,landholding,marginal holdings,medium holdings,1,0,0,1,diff,a,,,,,,,,,unverified,,,,,
AgCensus2015-16 T2-4 Tamil Nadu/SC/number/MarginalvsSemi-medium,AgCensus2015-16,T2-4,Tamil Nadu,SC,number,MarginalvsSemi-medium,landholding,marginal holdings,semi-medium holdings,1,0,0,1,diff,a,,,,,,,,,unverified,,,,,
AgCensus2015-16 T2-4 Tamil Nadu/SC/number/MarginalvsSmall,AgCensus2015-16,T2-4,Tamil Nadu,SC,number,MarginalvsSmall,landholding,marginal holdings,small holdings,1,1,0,0,diff,a,,,,,,,,,unverified,,,,,
AgCensus2015-16 T2-4 Tamil Nadu/SC/number/SmallvsLarge,AgCensus2015-16,T2-4,Tamil Nadu,SC,number,SmallvsLarge,landholding,small holdings,large holdings,1,1,0,0,diff,a,,,,,,,,,unverified,,,,,
AgCensus2015-16 T2-4 Tamil Nadu/SC/number/SmallvsMedium,AgCensus2015-16,T2-4,Tamil Nadu,SC,number,SmallvsMedium,landholding,small holdings,medium holdings,1,1,0,0,diff,a,,,,,,,,,unverified,,,,,
AgCensus2015-16 T2-4 Tamil Nadu/ST/area/MarginalvsSmall,AgCensus2015-16,T2-4,Tamil Nadu,ST,area,MarginalvsSmall,landholding,marginal operated area,small operated area,1,0,1,0,equal,c,,,,,,,,,unverified,,,,,
AgCensus2015-16 T2-4 Tamil Nadu/ST/number/MarginalvsLarge,AgCensus2015-16,T2-4,Tamil Nadu,ST,number,MarginalvsLarge,landholding,marginal holdings,large holdings,1,1,0,0,diff,a,,,,,,,,,unverified,,,,,
AgCensus2015-16 T2-4 Tamil Nadu/ST/number/MarginalvsMedium,AgCensus2015-16,T2-4,Tamil Nadu,ST,number,MarginalvsMedium,landholding,marginal holdings,medium holdings,1,1,0,0,diff,a,,,,,,,,,unverified,,,,,
AgCensus2015-16 T2-4 Tamil Nadu/ST/number/MarginalvsSemi-medium,AgCensus2015-16,T2-4,Tamil Nadu,ST,number,MarginalvsSemi-medium,landholding,marginal holdings,semi-medium holdings,1,1,0,0,diff,a,,,,,,,,,unverified,,,,,
AgCensus2015-16 T2-4 Tamil Nadu/ST/number/MarginalvsSmall,AgCensus2015-16,T2-4,Tamil Nadu,ST,number,MarginalvsSmall,landholding,marginal holdings,small holdings,1,0,0,1,diff,a,,,,,,,,,unverified,,,,,
AgCensus2015-16 T2-4 Tamil Nadu/ST/number/Semi-mediumvsMedium,AgCensus2015-16,T2-4,Tamil Nadu,ST,number,Semi-mediumvsMedium,landholding,semi-medium holdings,medium holdings,3,0,3,0,equal,c,,,,,,,,,unverified,,,,,
AgCensus2015-16 T2-4 Tamil Nadu/ST/number/SmallvsLarge,AgCensus2015-16,T2-4,Tamil Nadu,ST,number,SmallvsLarge,landholding,small holdings,large holdings,1,0,0,1,diff,a,,,,,,,,,unverified,,,,,
AgCensus2015-16 T2-4 Tamil Nadu/ST/number/SmallvsMedium,AgCensus2015-16,T2-4,Tamil Nadu,ST,number,SmallvsMedium,landholding,small holdings,medium holdings,1,0,1,0,diff,a,,,,,,,,,unverified,,,,,
AgCensus2015-16 T2-4 Tamil Nadu/ST/number/SmallvsSemi-medium,AgCensus2015-16,T2-4,Tamil Nadu,ST,number,SmallvsSemi-medium,landholding,small holdings,semi-medium holdings,1,1,0,0,diff,a,,,,,,,,,unverified,,,,,
AgCensus2015-16 T2-4 Tamil Nadu/Semi-medium/area/SCvsST,AgCensus2015-16,T2-4,Tamil Nadu,Semi-medium,area,SCvsST,social_group,Scheduled Castes,Scheduled Tribes,8,0,0,8,equal,c,,,,,,,,,unverified,,,,,
AgCensus2015-16 T2-4 Tamil Nadu/Semi-medium/number/SCvsOthers,AgCensus2015-16,T2-4,Tamil Nadu,Semi-medium,number,SCvsOthers,social_group,Scheduled Castes,Other social groups,1,1,0,0,diff,b,,,,,,,,,unverified,,,,,
AgCensus2015-16 T2-4 Tamil Nadu/Semi-medium/number/SCvsST,AgCensus2015-16,T2-4,Tamil Nadu,Semi-medium,number,SCvsST,social_group,Scheduled Castes,Scheduled Tribes,8,0,0,8,equal,c,,,,,,,,,unverified,,,,,
AgCensus2015-16 T2-4 Tamil Nadu/Semi-medium/number/STvsOthers,AgCensus2015-16,T2-4,Tamil Nadu,Semi-medium,number,STvsOthers,social_group,Scheduled Tribes,Other social groups,1,0,0,1,diff,b,,,,,,,,,unverified,,,,,
AgCensus2015-16 T2-4 Tamil Nadu/Small/number/SCvsOthers,AgCensus2015-16,T2-4,Tamil Nadu,Small,number,SCvsOthers,social_group,Scheduled Castes,Other social groups,1,0,0,1,diff,b,,,,,,,,,unverified,,,,,
AgCensus2015-16 T2-4 Tamil Nadu/Small/number/STvsOthers,AgCensus2015-16,T2-4,Tamil Nadu,Small,number,STvsOthers,social_group,Scheduled Tribes,Other social groups,1,0,1,0,diff,b,,,,,,,,,unverified,,,,,
AgCensus2015-16 T2-4 Telangana/All Classes/area/SCvsST,AgCensus2015-16,T2-4,Telangana,All Classes,area,SCvsST,social_group,Scheduled Castes,Scheduled Tribes,8,8,0,0,equal,c,,,,,,,,,unverified,,,,,
AgCensus2015-16 T2-4 Telangana/All Classes/number/SCvsOthers,AgCensus2015-16,T2-4,Telangana,All Classes,number,SCvsOthers,social_group,Scheduled Castes,Other social groups,1,1,0,0,diff,b,,,,,,,,,unverified,,,,,
AgCensus2015-16 T2-4 Telangana/All Classes/number/SCvsST,AgCensus2015-16,T2-4,Telangana,All Classes,number,SCvsST,social_group,Scheduled Castes,Scheduled Tribes,8,8,0,0,equal,c,,,,,,,,,unverified,,,,,
AgCensus2015-16 T2-4 Telangana/All Classes/number/STvsOthers,AgCensus2015-16,T2-4,Telangana,All Classes,number,STvsOthers,social_group,Scheduled Tribes,Other social groups,1,1,0,0,diff,b,,,,,,,,,unverified,,,,,
AgCensus2015-16 T2-4 Telangana/All/area/MarginalvsSemi-medium,AgCensus2015-16,T2-4,Telangana,All,area,MarginalvsSemi-medium,landholding,marginal operated area,semi-medium operated area,2,2,0,0,equal,c,,,,,,,,,unverified,,,,,
AgCensus2015-16 T2-4 Telangana/All/area/MarginalvsSmall,AgCensus2015-16,T2-4,Telangana,All,area,MarginalvsSmall,landholding,marginal operated area,small operated area,4,0,0,4,equal,c,,,,,,,,,unverified,,,,,
AgCensus2015-16 T2-4 Telangana/All/number/MarginalvsLarge,AgCensus2015-16,T2-4,Telangana,All,number,MarginalvsLarge,landholding,marginal holdings,large holdings,1,0,1,0,diff,a,,,,,,,,,unverified,,,,,
AgCensus2015-16 T2-4 Telangana/All/number/MarginalvsMedium,AgCensus2015-16,T2-4,Telangana,All,number,MarginalvsMedium,landholding,marginal holdings,medium holdings,1,1,0,0,diff,a,,,,,,,,,unverified,,,,,
AgCensus2015-16 T2-4 Telangana/All/number/MarginalvsSemi-medium,AgCensus2015-16,T2-4,Telangana,All,number,MarginalvsSemi-medium,landholding,marginal holdings,semi-medium holdings,1,1,0,0,diff,a,,,,,,,,,unverified,,,,,
AgCensus2015-16 T2-4 Telangana/All/number/MarginalvsSmall,AgCensus2015-16,T2-4,Telangana,All,number,MarginalvsSmall,landholding,marginal holdings,small holdings,1,1,0,0,diff,a,,,,,,,,,unverified,,,,,
AgCensus2015-16 T2-4 Telangana/All/number/SmallvsLarge,AgCensus2015-16,T2-4,Telangana,All,number,SmallvsLarge,landholding,small holdings,large holdings,1,0,0,1,diff,a,,,,,,,,,unverified,,,,,
AgCensus2015-16 T2-4 Telangana/All/number/SmallvsMedium,AgCensus2015-16,T2-4,Telangana,All,number,SmallvsMedium,landholding,small holdings,medium holdings,1,1,0,0,diff,a,,,,,,,,,unverified,,,,,
AgCensus2015-16 T2-4 Telangana/All/number/SmallvsSemi-medium,AgCensus2015-16,T2-4,Telangana,All,number,SmallvsSemi-medium,landholding,small holdings,semi-medium holdings,1,0,0,1,diff,a,,,,,,,,,unverified,,,,,
AgCensus2015-16 T2-4 Telangana/Large/area/SCvsST,AgCensus2015-16,T2-4,Telangana,Large,area,SCvsST,social_group,Scheduled Castes,Scheduled Tribes,8,8,0,0,equal,c,,,,,,,,,unverified,,,,,
AgCensus2015-16 T2-4 Telangana/Marginal/area/SCvsST,AgCensus2015-16,T2-4,Telangana,Marginal,area,SCvsST,social_group,Scheduled Castes,Scheduled Tribes,7,7,0,0,equal,c,,,,,,,,,unverified,,,,,
AgCensus2015-16 T2-4 Telangana/Marginal/number/SCvsOthers,AgCensus2015-16,T2-4,Telangana,Marginal,number,SCvsOthers,social_group,Scheduled Castes,Other social groups,1,0,0,1,diff,b,,,,,,,,,unverified,,,,,
AgCensus2015-16 T2-4 Telangana/Marginal/number/SCvsST,AgCensus2015-16,T2-4,Telangana,Marginal,number,SCvsST,social_group,Scheduled Castes,Scheduled Tribes,8,0,0,8,equal,c,,,,,,,,,unverified,,,,,
AgCensus2015-16 T2-4 Telangana/Marginal/number/STvsOthers,AgCensus2015-16,T2-4,Telangana,Marginal,number,STvsOthers,social_group,Scheduled Tribes,Other social groups,1,0,0,1,diff,b,,,,,,,,,unverified,,,,,
AgCensus2015-16 T2-4 Telangana/Medium/number/SCvsOthers,AgCensus2015-16,T2-4,Telangana,Medium,number,SCvsOthers,social_group,Scheduled Castes,Other social groups,1,1,0,0,diff,b,,,,,,,,,unverified,,,,,
AgCensus2015-16 T2-4 Telangana/Medium/number/STvsOthers,AgCensus2015-16,T2-4,Telangana,Medium,number,STvsOthers,social_group,Scheduled Tribes,Other social groups,1,0,0,1,diff,b,,,,,,,,,unverified,,,,,
AgCensus2015-16 T2-4 Telangana/SC/number/MarginalvsLarge,AgCensus2015-16,T2-4,Telangana,SC,number,MarginalvsLarge,landholding,marginal holdings,large holdings,1,1,0,0,diff,a,,,,,,,,,unverified,,,,,
AgCensus2015-16 T2-4 Telangana/SC/number/MarginalvsMedium,AgCensus2015-16,T2-4,Telangana,SC,number,MarginalvsMedium,landholding,marginal holdings,medium holdings,1,0,0,1,diff,a,,,,,,,,,unverified,,,,,
AgCensus2015-16 T2-4 Telangana/SC/number/MarginalvsSemi-medium,AgCensus2015-16,T2-4,Telangana,SC,number,MarginalvsSemi-medium,landholding,marginal holdings,semi-medium holdings,1,0,0,1,diff,a,,,,,,,,,unverified,,,,,
AgCensus2015-16 T2-4 Telangana/SC/number/MarginalvsSmall,AgCensus2015-16,T2-4,Telangana,SC,number,MarginalvsSmall,landholding,marginal holdings,small holdings,1,1,0,0,diff,a,,,,,,,,,unverified,,,,,
AgCensus2015-16 T2-4 Telangana/SC/number/Semi-mediumvsMedium,AgCensus2015-16,T2-4,Telangana,SC,number,Semi-mediumvsMedium,landholding,semi-medium holdings,medium holdings,2,0,0,2,equal,c,,,,,,,,,unverified,,,,,
AgCensus2015-16 T2-4 Telangana/SC/number/SmallvsMedium,AgCensus2015-16,T2-4,Telangana,SC,number,SmallvsMedium,landholding,small holdings,medium holdings,1,1,0,0,diff,a,,,,,,,,,unverified,,,,,
AgCensus2015-16 T2-4 Telangana/SC/number/SmallvsSemi-medium,AgCensus2015-16,T2-4,Telangana,SC,number,SmallvsSemi-medium,landholding,small holdings,semi-medium holdings,1,1,0,0,diff,a,,,,,,,,,unverified,,,,,
AgCensus2015-16 T2-4 Telangana/ST/area/MarginalvsSemi-medium,AgCensus2015-16,T2-4,Telangana,ST,area,MarginalvsSemi-medium,landholding,marginal operated area,semi-medium operated area,1,0,0,1,equal,c,,,,,,,,,unverified,,,,,
AgCensus2015-16 T2-4 Telangana/ST/number/MarginalvsLarge,AgCensus2015-16,T2-4,Telangana,ST,number,MarginalvsLarge,landholding,marginal holdings,large holdings,1,0,0,1,diff,a,,,,,,,,,unverified,,,,,
AgCensus2015-16 T2-4 Telangana/ST/number/MarginalvsMedium,AgCensus2015-16,T2-4,Telangana,ST,number,MarginalvsMedium,landholding,marginal holdings,medium holdings,1,0,0,1,diff,a,,,,,,,,,unverified,,,,,
AgCensus2015-16 T2-4 Telangana/ST/number/MarginalvsSemi-medium,AgCensus2015-16,T2-4,Telangana,ST,number,MarginalvsSemi-medium,landholding,marginal holdings,semi-medium holdings,1,0,0,1,diff,a,,,,,,,,,unverified,,,,,
AgCensus2015-16 T2-4 Telangana/ST/number/MarginalvsSmall,AgCensus2015-16,T2-4,Telangana,ST,number,MarginalvsSmall,landholding,marginal holdings,small holdings,1,1,0,0,diff,a,,,,,,,,,unverified,,,,,
AgCensus2015-16 T2-4 Telangana/ST/number/SmallvsLarge,AgCensus2015-16,T2-4,Telangana,ST,number,SmallvsLarge,landholding,small holdings,large holdings,1,0,0,1,diff,a,,,,,,,,,unverified,,,,,
AgCensus2015-16 T2-4 Telangana/ST/number/SmallvsMedium,AgCensus2015-16,T2-4,Telangana,ST,number,SmallvsMedium,landholding,small holdings,medium holdings,1,0,1,0,diff,a,,,,,,,,,unverified,,,,,
AgCensus2015-16 T2-4 Telangana/ST/number/SmallvsSemi-medium,AgCensus2015-16,T2-4,Telangana,ST,number,SmallvsSemi-medium,landholding,small holdings,semi-medium holdings,1,1,0,0,diff,a,,,,,,,,,unverified,,,,,
AgCensus2015-16 T2-4 Telangana/Semi-medium/number/SCvsOthers,AgCensus2015-16,T2-4,Telangana,Semi-medium,number,SCvsOthers,social_group,Scheduled Castes,Other social groups,1,1,0,0,diff,b,,,,,,,,,unverified,,,,,
AgCensus2015-16 T2-4 Telangana/Semi-medium/number/STvsOthers,AgCensus2015-16,T2-4,Telangana,Semi-medium,number,STvsOthers,social_group,Scheduled Tribes,Other social groups,1,1,0,0,diff,b,,,,,,,,,unverified,,,,,
AgCensus2015-16 T2-4 Telangana/Small/area/SCvsST,AgCensus2015-16,T2-4,Telangana,Small,area,SCvsST,social_group,Scheduled Castes,Scheduled Tribes,7,0,0,7,equal,c,,,,,,,,,unverified,,,,,
AgCensus2015-16 T2-4 Telangana/Small/number/SCvsOthers,AgCensus2015-16,T2-4,Telangana,Small,number,SCvsOthers,social_group,Scheduled Castes,Other social groups,1,0,0,1,diff,b,,,,,,,,,unverified,,,,,
AgCensus2015-16 T2-4 Telangana/Small/number/SCvsST,AgCensus2015-16,T2-4,Telangana,Small,number,SCvsST,social_group,Scheduled Castes,Scheduled Tribes,8,8,0,0,equal,c,,,,,,,,,unverified,,,,,
AgCensus2015-16 T2-4 Telangana/Small/number/STvsOthers,AgCensus2015-16,T2-4,Telangana,Small,number,STvsOthers,social_group,Scheduled Tribes,Other social groups,1,0,1,0,diff,b,,,,,,,,,unverified,,,,,
AgCensus2015-16 T2-4 Tripura/All Classes/area/STvsOthers,AgCensus2015-16,T2-4,Tripura,All Classes,area,STvsOthers,social_group,Scheduled Tribes,Other social groups,8,0,0,8,equal,c,,,,,,,,,unverified,,,,,
AgCensus2015-16 T2-4 Tripura/All Classes/number/SCvsOthers,AgCensus2015-16,T2-4,Tripura,All Classes,number,SCvsOthers,social_group,Scheduled Castes,Other social groups,1,1,0,0,diff,b,,,,,,,,,unverified,,,,,
AgCensus2015-16 T2-4 Tripura/All Classes/number/STvsOthers,AgCensus2015-16,T2-4,Tripura,All Classes,number,STvsOthers,social_group,Scheduled Tribes,Other social groups,1,1,0,0,diff,b,,,,,,,,,unverified,,,,,
AgCensus2015-16 T2-4 Tripura/All/number/MarginalvsLarge,AgCensus2015-16,T2-4,Tripura,All,number,MarginalvsLarge,landholding,marginal holdings,large holdings,1,1,0,0,diff,a,,,,,,,,,unverified,,,,,
AgCensus2015-16 T2-4 Tripura/All/number/MarginalvsMedium,AgCensus2015-16,T2-4,Tripura,All,number,MarginalvsMedium,landholding,marginal holdings,medium holdings,1,1,0,0,diff,a,,,,,,,,,unverified,,,,,
AgCensus2015-16 T2-4 Tripura/All/number/MarginalvsSemi-medium,AgCensus2015-16,T2-4,Tripura,All,number,MarginalvsSemi-medium,landholding,marginal holdings,semi-medium holdings,1,0,1,0,diff,a,,,,,,,,,unverified,,,,,
AgCensus2015-16 T2-4 Tripura/All/number/MarginalvsSmall,AgCensus2015-16,T2-4,Tripura,All,number,MarginalvsSmall,landholding,marginal holdings,small holdings,1,1,0,0,diff,a,,,,,,,,,unverified,,,,,
AgCensus2015-16 T2-4 Tripura/Marginal/number/SCvsOthers,AgCensus2015-16,T2-4,Tripura,Marginal,number,SCvsOthers,social_group,Scheduled Castes,Other social groups,1,0,0,1,diff,b,,,,,,,,,unverified,,,,,
AgCensus2015-16 T2-4 Tripura/Marginal/number/SCvsST,AgCensus2015-16,T2-4,Tripura,Marginal,number,SCvsST,social_group,Scheduled Castes,Scheduled Tribes,8,8,0,0,equal,c,,,,,,,,,unverified,,,,,
AgCensus2015-16 T2-4 Tripura/Marginal/number/STvsOthers,AgCensus2015-16,T2-4,Tripura,Marginal,number,STvsOthers,social_group,Scheduled Tribes,Other social groups,1,0,1,0,diff,b,,,,,,,,,unverified,,,,,
AgCensus2015-16 T2-4 Tripura/SC/number/MarginalvsMedium,AgCensus2015-16,T2-4,Tripura,SC,number,MarginalvsMedium,landholding,marginal holdings,medium holdings,1,0,0,1,diff,a,,,,,,,,,unverified,,,,,
AgCensus2015-16 T2-4 Tripura/SC/number/MarginalvsSemi-medium,AgCensus2015-16,T2-4,Tripura,SC,number,MarginalvsSemi-medium,landholding,marginal holdings,semi-medium holdings,1,0,0,1,diff,a,,,,,,,,,unverified,,,,,
AgCensus2015-16 T2-4 Tripura/SC/number/SmallvsSemi-medium,AgCensus2015-16,T2-4,Tripura,SC,number,SmallvsSemi-medium,landholding,small holdings,semi-medium holdings,3,3,0,0,equal,c,,,,,,,,,unverified,,,,,
AgCensus2015-16 T2-4 Tripura/ST/area/SmallvsSemi-medium,AgCensus2015-16,T2-4,Tripura,ST,area,SmallvsSemi-medium,landholding,small operated area,semi-medium operated area,1,0,1,0,equal,c,,,,,,,,,unverified,,,,,
AgCensus2015-16 T2-4 Tripura/ST/number/MarginalvsLarge,AgCensus2015-16,T2-4,Tripura,ST,number,MarginalvsLarge,landholding,marginal holdings,large holdings,1,0,1,0,diff,a,,,,,,,,,unverified,,,,,
AgCensus2015-16 T2-4 Tripura/ST/number/MarginalvsMedium,AgCensus2015-16,T2-4,Tripura,ST,number,MarginalvsMedium,landholding,marginal holdings,medium holdings,1,0,0,1,diff,a,,,,,,,,,unverified,,,,,
AgCensus2015-16 T2-4 Tripura/ST/number/MarginalvsSemi-medium,AgCensus2015-16,T2-4,Tripura,ST,number,MarginalvsSemi-medium,landholding,marginal holdings,semi-medium holdings,1,1,0,0,diff,a,,,,,,,,,unverified,,,,,
AgCensus2015-16 T2-4 Tripura/ST/number/MarginalvsSmall,AgCensus2015-16,T2-4,Tripura,ST,number,MarginalvsSmall,landholding,marginal holdings,small holdings,1,1,0,0,diff,a,,,,,,,,,unverified,,,,,
AgCensus2015-16 T2-4 Tripura/ST/number/SmallvsLarge,AgCensus2015-16,T2-4,Tripura,ST,number,SmallvsLarge,landholding,small holdings,large holdings,1,0,0,1,diff,a,,,,,,,,,unverified,,,,,
AgCensus2015-16 T2-4 Tripura/ST/number/SmallvsMedium,AgCensus2015-16,T2-4,Tripura,ST,number,SmallvsMedium,landholding,small holdings,medium holdings,1,1,0,0,diff,a,,,,,,,,,unverified,,,,,
AgCensus2015-16 T2-4 Tripura/Small/number/SCvsOthers,AgCensus2015-16,T2-4,Tripura,Small,number,SCvsOthers,social_group,Scheduled Castes,Other social groups,1,0,0,1,diff,b,,,,,,,,,unverified,,,,,
AgCensus2015-16 T2-4 Tripura/Small/number/SCvsST,AgCensus2015-16,T2-4,Tripura,Small,number,SCvsST,social_group,Scheduled Castes,Scheduled Tribes,1,1,0,0,diff,b,,,,,,,,,unverified,,,,,
AgCensus2015-16 T2-4 Tripura/Small/number/STvsOthers,AgCensus2015-16,T2-4,Tripura,Small,number,STvsOthers,social_group,Scheduled Tribes,Other social groups,1,1,0,0,diff,a,,,,,,,,,unverified,,,,,
AgCensus2015-16 T2-4 Uttar Pradesh/All Classes/number/SCvsOthers,AgCensus2015-16,T2-4,Uttar Pradesh,All Classes,number,SCvsOthers,social_group,Scheduled Castes,Other social groups,1,0,0,1,diff,b,,,,,,,,,unverified,,,,,
AgCensus2015-16 T2-4 Uttar Pradesh/All Classes/number/SCvsST,AgCensus2015-16,T2-4,Uttar Pradesh,All Classes,number,SCvsST,social_group,Scheduled Castes,Scheduled Tribes,1,1,0,0,diff,a,,,,,,,,,unverified,,,,,
AgCensus2015-16 T2-4 Uttar Pradesh/All Classes/number/STvsOthers,AgCensus2015-16,T2-4,Uttar Pradesh,All Classes,number,STvsOthers,social_group,Scheduled Tribes,Other social groups,1,1,0,0,diff,b,,,,,,,,,unverified,,,,,
AgCensus2015-16 T2-4 Uttar Pradesh/All/area/SmallvsSemi-medium,AgCensus2015-16,T2-4,Uttar Pradesh,All,area,SmallvsSemi-medium,landholding,small operated area,semi-medium operated area,4,0,0,4,equal,c,,,,,,,,,unverified,,,,,
AgCensus2015-16 T2-4 Uttar Pradesh/All/number/MarginalvsLarge,AgCensus2015-16,T2-4,Uttar Pradesh,All,number,MarginalvsLarge,landholding,marginal holdings,large holdings,1,1,0,0,diff,a,,,,,,,,,unverified,,,,,
AgCensus2015-16 T2-4 Uttar Pradesh/All/number/MarginalvsMedium,AgCensus2015-16,T2-4,Uttar Pradesh,All,number,MarginalvsMedium,landholding,marginal holdings,medium holdings,1,1,0,0,diff,a,,,,,,,,,unverified,,,,,
AgCensus2015-16 T2-4 Uttar Pradesh/All/number/MarginalvsSemi-medium,AgCensus2015-16,T2-4,Uttar Pradesh,All,number,MarginalvsSemi-medium,landholding,marginal holdings,semi-medium holdings,1,1,0,0,diff,a,,,,,,,,,unverified,,,,,
AgCensus2015-16 T2-4 Uttar Pradesh/All/number/MarginalvsSmall,AgCensus2015-16,T2-4,Uttar Pradesh,All,number,MarginalvsSmall,landholding,marginal holdings,small holdings,1,1,0,0,diff,a,,,,,,,,,unverified,,,,,
AgCensus2015-16 T2-4 Uttar Pradesh/All/number/Semi-mediumvsMedium,AgCensus2015-16,T2-4,Uttar Pradesh,All,number,Semi-mediumvsMedium,landholding,semi-medium holdings,medium holdings,4,4,0,0,equal,c,,,,,,,,,unverified,,,,,
AgCensus2015-16 T2-4 Uttar Pradesh/All/number/SmallvsLarge,AgCensus2015-16,T2-4,Uttar Pradesh,All,number,SmallvsLarge,landholding,small holdings,large holdings,1,1,0,0,diff,a,,,,,,,,,unverified,,,,,
AgCensus2015-16 T2-4 Uttar Pradesh/All/number/SmallvsMedium,AgCensus2015-16,T2-4,Uttar Pradesh,All,number,SmallvsMedium,landholding,small holdings,medium holdings,1,1,0,0,diff,a,,,,,,,,,unverified,,,,,
AgCensus2015-16 T2-4 Uttar Pradesh/Large/number/SCvsOthers,AgCensus2015-16,T2-4,Uttar Pradesh,Large,number,SCvsOthers,social_group,Scheduled Castes,Other social groups,1,1,0,0,diff,b,,,,,,,,,unverified,,,,,
AgCensus2015-16 T2-4 Uttar Pradesh/Large/number/STvsOthers,AgCensus2015-16,T2-4,Uttar Pradesh,Large,number,STvsOthers,social_group,Scheduled Tribes,Other social groups,1,1,0,0,diff,b,,,,,,,,,unverified,,,,,
AgCensus2015-16 T2-4 Uttar Pradesh/Marginal/number/SCvsOthers,AgCensus2015-16,T2-4,Uttar Pradesh,Marginal,number,SCvsOthers,social_group,Scheduled Castes,Other social groups,1,0,0,1,diff,b,,,,,,,,,unverified,,,,,
AgCensus2015-16 T2-4 Uttar Pradesh/Marginal/number/SCvsST,AgCensus2015-16,T2-4,Uttar Pradesh,Marginal,number,SCvsST,social_group,Scheduled Castes,Scheduled Tribes,1,0,0,1,diff,a,,,,,,,,,unverified,,,,,
AgCensus2015-16 T2-4 Uttar Pradesh/Marginal/number/STvsOthers,AgCensus2015-16,T2-4,Uttar Pradesh,Marginal,number,STvsOthers,social_group,Scheduled Tribes,Other social groups,1,1,0,0,diff,b,,,,,,,,,unverified,,,,,
AgCensus2015-16 T2-4 Uttar Pradesh/Medium/number/STvsOthers,AgCensus2015-16,T2-4,Uttar Pradesh,Medium,number,STvsOthers,social_group,Scheduled Tribes,Other social groups,1,0,0,1,diff,b,,,,,,,,,unverified,,,,,
AgCensus2015-16 T2-4 Uttar Pradesh/SC/number/MarginalvsLarge,AgCensus2015-16,T2-4,Uttar Pradesh,SC,number,MarginalvsLarge,landholding,marginal holdings,large holdings,1,1,0,0,diff,a,,,,,,,,,unverified,,,,,
AgCensus2015-16 T2-4 Uttar Pradesh/SC/number/MarginalvsMedium,AgCensus2015-16,T2-4,Uttar Pradesh,SC,number,MarginalvsMedium,landholding,marginal holdings,medium holdings,1,0,0,1,diff,a,,,,,,,,,unverified,,,,,
AgCensus2015-16 T2-4 Uttar Pradesh/SC/number/MarginalvsSemi-medium,AgCensus2015-16,T2-4,Uttar Pradesh,SC,number,MarginalvsSemi-medium,landholding,marginal holdings,semi-medium holdings,1,0,0,1,diff,a,,,,,,,,,unverified,,,,,
AgCensus2015-16 T2-4 Uttar Pradesh/SC/number/MarginalvsSmall,AgCensus2015-16,T2-4,Uttar Pradesh,SC,number,MarginalvsSmall,landholding,marginal holdings,small holdings,1,0,1,0,diff,a,,,,,,,,,unverified,,,,,
AgCensus2015-16 T2-4 Uttar Pradesh/ST/area/MarginalvsMedium,AgCensus2015-16,T2-4,Uttar Pradesh,ST,area,MarginalvsMedium,landholding,marginal operated area,medium operated area,1,1,0,0,equal,c,,,,,,,,,unverified,,,,,
AgCensus2015-16 T2-4 Uttar Pradesh/ST/area/MarginalvsSemi-medium,AgCensus2015-16,T2-4,Uttar Pradesh,ST,area,MarginalvsSemi-medium,landholding,marginal operated area,semi-medium operated area,1,0,0,1,equal,c,,,,,,,,,unverified,,,,,
AgCensus2015-16 T2-4 Uttar Pradesh/ST/area/Semi-mediumvsMedium,AgCensus2015-16,T2-4,Uttar Pradesh,ST,area,Semi-mediumvsMedium,landholding,semi-medium operated area,medium operated area,1,1,0,0,equal,c,,,,,,,,,unverified,,,,,
AgCensus2015-16 T2-4 Uttar Pradesh/ST/area/SmallvsMedium,AgCensus2015-16,T2-4,Uttar Pradesh,ST,area,SmallvsMedium,landholding,small operated area,medium operated area,1,1,0,0,equal,c,,,,,,,,,unverified,,,,,
AgCensus2015-16 T2-4 Uttar Pradesh/ST/area/SmallvsSemi-medium,AgCensus2015-16,T2-4,Uttar Pradesh,ST,area,SmallvsSemi-medium,landholding,small operated area,semi-medium operated area,1,0,1,0,equal,c,,,,,,,,,unverified,,,,,
AgCensus2015-16 T2-4 Uttar Pradesh/ST/number/MarginalvsLarge,AgCensus2015-16,T2-4,Uttar Pradesh,ST,number,MarginalvsLarge,landholding,marginal holdings,large holdings,1,1,0,0,diff,a,,,,,,,,,unverified,,,,,
AgCensus2015-16 T2-4 Uttar Pradesh/ST/number/MarginalvsSemi-medium,AgCensus2015-16,T2-4,Uttar Pradesh,ST,number,MarginalvsSemi-medium,landholding,marginal holdings,semi-medium holdings,1,1,0,0,diff,a,,,,,,,,,unverified,,,,,
AgCensus2015-16 T2-4 Uttar Pradesh/ST/number/MarginalvsSmall,AgCensus2015-16,T2-4,Uttar Pradesh,ST,number,MarginalvsSmall,landholding,marginal holdings,small holdings,1,1,0,0,diff,a,,,,,,,,,unverified,,,,,
AgCensus2015-16 T2-4 Uttar Pradesh/ST/number/SmallvsLarge,AgCensus2015-16,T2-4,Uttar Pradesh,ST,number,SmallvsLarge,landholding,small holdings,large holdings,1,0,0,1,diff,a,,,,,,,,,unverified,,,,,
AgCensus2015-16 T2-4 Uttar Pradesh/ST/number/SmallvsMedium,AgCensus2015-16,T2-4,Uttar Pradesh,ST,number,SmallvsMedium,landholding,small holdings,medium holdings,1,1,0,0,diff,a,,,,,,,,,unverified,,,,,
AgCensus2015-16 T2-4 Uttar Pradesh/ST/number/SmallvsSemi-medium,AgCensus2015-16,T2-4,Uttar Pradesh,ST,number,SmallvsSemi-medium,landholding,small holdings,semi-medium holdings,1,1,0,0,diff,a,,,,,,,,,unverified,,,,,
AgCensus2015-16 T2-4 Uttar Pradesh/Semi-medium/number/SCvsOthers,AgCensus2015-16,T2-4,Uttar Pradesh,Semi-medium,number,SCvsOthers,social_group,Scheduled Castes,Other social groups,1,1,0,0,diff,b,,,,,,,,,unverified,,,,,
AgCensus2015-16 T2-4 Uttar Pradesh/Semi-medium/number/STvsOthers,AgCensus2015-16,T2-4,Uttar Pradesh,Semi-medium,number,STvsOthers,social_group,Scheduled Tribes,Other social groups,1,1,0,0,diff,b,,,,,,,,,unverified,,,,,
AgCensus2015-16 T2-4 Uttar Pradesh/Small/number/SCvsOthers,AgCensus2015-16,T2-4,Uttar Pradesh,Small,number,SCvsOthers,social_group,Scheduled Castes,Other social groups,1,0,0,1,diff,b,,,,,,,,,unverified,,,,,
AgCensus2015-16 T2-4 Uttar Pradesh/Small/number/SCvsST,AgCensus2015-16,T2-4,Uttar Pradesh,Small,number,SCvsST,social_group,Scheduled Castes,Scheduled Tribes,1,1,0,0,diff,a,,,,,,,,,unverified,,,,,
AgCensus2015-16 T2-4 Uttar Pradesh/Small/number/STvsOthers,AgCensus2015-16,T2-4,Uttar Pradesh,Small,number,STvsOthers,social_group,Scheduled Tribes,Other social groups,1,1,0,0,diff,b,,,,,,,,,unverified,,,,,
AgCensus2015-16 T2-4 Uttarakhand/All Classes/area/SCvsST,AgCensus2015-16,T2-4,Uttarakhand,All Classes,area,SCvsST,social_group,Scheduled Castes,Scheduled Tribes,8,8,0,0,equal,c,,,,,,,,,unverified,,,,,
AgCensus2015-16 T2-4 Uttarakhand/All Classes/number/SCvsOthers,AgCensus2015-16,T2-4,Uttarakhand,All Classes,number,SCvsOthers,social_group,Scheduled Castes,Other social groups,1,1,0,0,diff,b,,,,,,,,,unverified,,,,,
AgCensus2015-16 T2-4 Uttarakhand/All Classes/number/SCvsST,AgCensus2015-16,T2-4,Uttarakhand,All Classes,number,SCvsST,social_group,Scheduled Castes,Scheduled Tribes,1,1,0,0,diff,a,,,,,,,,,unverified,,,,,
AgCensus2015-16 T2-4 Uttarakhand/All Classes/number/STvsOthers,AgCensus2015-16,T2-4,Uttarakhand,All Classes,number,STvsOthers,social_group,Scheduled Tribes,Other social groups,1,1,0,0,diff,b,,,,,,,,,unverified,,,,,
AgCensus2015-16 T2-4 Uttarakhand/All/number/MarginalvsLarge,AgCensus2015-16,T2-4,Uttarakhand,All,number,MarginalvsLarge,landholding,marginal holdings,large holdings,1,1,0,0,diff,a,,,,,,,,,unverified,,,,,
AgCensus2015-16 T2-4 Uttarakhand/All/number/MarginalvsMedium,AgCensus2015-16,T2-4,Uttarakhand,All,number,MarginalvsMedium,landholding,marginal holdings,medium holdings,1,1,0,0,diff,a,,,,,,,,,unverified,,,,,
AgCensus2015-16 T2-4 Uttarakhand/All/number/MarginalvsSemi-medium,AgCensus2015-16,T2-4,Uttarakhand,All,number,MarginalvsSemi-medium,landholding,marginal holdings,semi-medium holdings,1,1,0,0,diff,a,,,,,,,,,unverified,,,,,
AgCensus2015-16 T2-4 Uttarakhand/All/number/MarginalvsSmall,AgCensus2015-16,T2-4,Uttarakhand,All,number,MarginalvsSmall,landholding,marginal holdings,small holdings,1,0,0,1,diff,a,,,,,,,,,unverified,,,,,
AgCensus2015-16 T2-4 Uttarakhand/All/number/Semi-mediumvsMedium,AgCensus2015-16,T2-4,Uttarakhand,All,number,Semi-mediumvsMedium,landholding,semi-medium holdings,medium holdings,4,0,4,0,equal,c,,,,,,,,,unverified,,,,,
AgCensus2015-16 T2-4 Uttarakhand/All/number/SmallvsLarge,AgCensus2015-16,T2-4,Uttarakhand,All,number,SmallvsLarge,landholding,small holdings,large holdings,1,0,0,1,diff,a,,,,,,,,,unverified,,,,,
AgCensus2015-16 T2-4 Uttarakhand/All/number/SmallvsMedium,AgCensus2015-16,T2-4,Uttarakhand,All,number,SmallvsMedium,landholding,small holdings,medium holdings,1,1,0,0,diff,a,,,,,,,,,unverified,,,,,
AgCensus2015-16 T2-4 Uttarakhand/All/number/SmallvsSemi-medium,AgCensus2015-16,T2-4,Uttarakhand,All,number,SmallvsSemi-medium,landholding,small holdings,semi-medium holdings,1,0,0,1,diff,a,,,,,,,,,unverified,,,,,
AgCensus2015-16 T2-4 Uttarakhand/Marginal/number/SCvsST,AgCensus2015-16,T2-4,Uttarakhand,Marginal,number,SCvsST,social_group,Scheduled Castes,Scheduled Tribes,1,1,0,0,diff,a,,,,,,,,,unverified,,,,,
AgCensus2015-16 T2-4 Uttarakhand/Marginal/number/STvsOthers,AgCensus2015-16,T2-4,Uttarakhand,Marginal,number,STvsOthers,social_group,Scheduled Tribes,Other social groups,1,1,0,0,diff,b,,,,,,,,,unverified,,,,,
AgCensus2015-16 T2-4 Uttarakhand/SC/number/MarginalvsLarge,AgCensus2015-16,T2-4,Uttarakhand,SC,number,MarginalvsLarge,landholding,marginal holdings,large holdings,1,0,0,1,diff,a,,,,,,,,,unverified,,,,,
AgCensus2015-16 T2-4 Uttarakhand/SC/number/MarginalvsMedium,AgCensus2015-16,T2-4,Uttarakhand,SC,number,MarginalvsMedium,landholding,marginal holdings,medium holdings,1,0,0,1,diff,a,,,,,,,,,unverified,,,,,
AgCensus2015-16 T2-4 Uttarakhand/SC/number/MarginalvsSemi-medium,AgCensus2015-16,T2-4,Uttarakhand,SC,number,MarginalvsSemi-medium,landholding,marginal holdings,semi-medium holdings,1,0,0,1,diff,a,,,,,,,,,unverified,,,,,
AgCensus2015-16 T2-4 Uttarakhand/SC/number/MarginalvsSmall,AgCensus2015-16,T2-4,Uttarakhand,SC,number,MarginalvsSmall,landholding,marginal holdings,small holdings,1,0,0,1,diff,a,,,,,,,,,unverified,,,,,
AgCensus2015-16 T2-4 Uttarakhand/ST/area/MarginalvsSmall,AgCensus2015-16,T2-4,Uttarakhand,ST,area,MarginalvsSmall,landholding,marginal operated area,small operated area,1,1,0,0,equal,c,,,,,,,,,unverified,,,,,
AgCensus2015-16 T2-4 Uttarakhand/ST/number/MarginalvsMedium,AgCensus2015-16,T2-4,Uttarakhand,ST,number,MarginalvsMedium,landholding,marginal holdings,medium holdings,1,0,0,1,diff,a,,,,,,,,,unverified,,,,,
AgCensus2015-16 T2-4 Uttarakhand/ST/number/MarginalvsSemi-medium,AgCensus2015-16,T2-4,Uttarakhand,ST,number,MarginalvsSemi-medium,landholding,marginal holdings,semi-medium holdings,1,1,0,0,diff,a,,,,,,,,,unverified,,,,,
AgCensus2015-16 T2-4 Uttarakhand/ST/number/MarginalvsSmall,AgCensus2015-16,T2-4,Uttarakhand,ST,number,MarginalvsSmall,landholding,marginal holdings,small holdings,1,1,0,0,diff,a,,,,,,,,,unverified,,,,,
AgCensus2015-16 T2-4 Uttarakhand/ST/number/SmallvsMedium,AgCensus2015-16,T2-4,Uttarakhand,ST,number,SmallvsMedium,landholding,small holdings,medium holdings,4,4,0,0,equal,c,,,,,,,,,unverified,,,,,
AgCensus2015-16 T2-4 Uttarakhand/ST/number/SmallvsSemi-medium,AgCensus2015-16,T2-4,Uttarakhand,ST,number,SmallvsSemi-medium,landholding,small holdings,semi-medium holdings,3,3,0,0,equal,c,,,,,,,,,unverified,,,,,
AgCensus2015-16 T2-4 Uttarakhand/Semi-medium/area/SCvsST,AgCensus2015-16,T2-4,Uttarakhand,Semi-medium,area,SCvsST,social_group,Scheduled Castes,Scheduled Tribes,1,1,0,0,equal,c,,,,,,,,,unverified,,,,,
AgCensus2015-16 T2-4 Uttarakhand/Semi-medium/number/SCvsOthers,AgCensus2015-16,T2-4,Uttarakhand,Semi-medium,number,SCvsOthers,social_group,Scheduled Castes,Other social groups,1,1,0,0,diff,b,,,,,,,,,unverified,,,,,
AgCensus2015-16 T2-4 Uttarakhand/Semi-medium/number/SCvsST,AgCensus2015-16,T2-4,Uttarakhand,Semi-medium,number,SCvsST,social_group,Scheduled Castes,Scheduled Tribes,8,0,0,8,equal,c,,,,,,,,,unverified,,,,,
AgCensus2015-16 T2-4 Uttarakhand/Semi-medium/number/STvsOthers,AgCensus2015-16,T2-4,Uttarakhand,Semi-medium,number,STvsOthers,social_group,Scheduled Tribes,Other social groups,1,1,0,0,diff,b,,,,,,,,,unverified,,,,,
AgCensus2015-16 T2-4 Uttarakhand/Small/area/SCvsST,AgCensus2015-16,T2-4,Uttarakhand,Small,area,SCvsST,social_group,Scheduled Castes,Scheduled Tribes,1,0,0,1,equal,c,,,,,,,,,unverified,,,,,
AgCensus2015-16 T2-4 Uttarakhand/Small/number/SCvsOthers,AgCensus2015-16,T2-4,Uttarakhand,Small,number,SCvsOthers,social_group,Scheduled Castes,Other social groups,1,0,0,1,diff,b,,,,,,,,,unverified,,,,,
AgCensus2015-16 T2-4 Uttarakhand/Small/number/SCvsST,AgCensus2015-16,T2-4,Uttarakhand,Small,number,SCvsST,social_group,Scheduled Castes,Scheduled Tribes,8,0,0,8,equal,c,,,,,,,,,unverified,,,,,
AgCensus2015-16 T2-4 Uttarakhand/Small/number/STvsOthers,AgCensus2015-16,T2-4,Uttarakhand,Small,number,STvsOthers,social_group,Scheduled Tribes,Other social groups,1,1,0,0,diff,b,,,,,,,,,unverified,,,,,
AgCensus2015-16 T2-4 West Bengal/All Classes/number/SCvsOthers,AgCensus2015-16,T2-4,West Bengal,All Classes,number,SCvsOthers,social_group,Scheduled Castes,Other social groups,1,1,0,0,diff,b,,,,,,,,,unverified,,,,,
AgCensus2015-16 T2-4 West Bengal/All Classes/number/SCvsST,AgCensus2015-16,T2-4,West Bengal,All Classes,number,SCvsST,social_group,Scheduled Castes,Scheduled Tribes,1,1,0,0,diff,a,,,,,,,,,unverified,,,,,
AgCensus2015-16 T2-4 West Bengal/All Classes/number/STvsOthers,AgCensus2015-16,T2-4,West Bengal,All Classes,number,STvsOthers,social_group,Scheduled Tribes,Other social groups,1,0,0,1,diff,b,,,,,,,,,unverified,,,,,
AgCensus2015-16 T2-4 West Bengal/All/number/MarginalvsLarge,AgCensus2015-16,T2-4,West Bengal,All,number,MarginalvsLarge,landholding,marginal holdings,large holdings,1,1,0,0,diff,a,,,,,,,,,unverified,,,,,
AgCensus2015-16 T2-4 West Bengal/All/number/MarginalvsMedium,AgCensus2015-16,T2-4,West Bengal,All,number,MarginalvsMedium,landholding,marginal holdings,medium holdings,1,1,0,0,diff,a,,,,,,,,,unverified,,,,,
AgCensus2015-16 T2-4 West Bengal/All/number/MarginalvsSemi-medium,AgCensus2015-16,T2-4,West Bengal,All,number,MarginalvsSemi-medium,landholding,marginal holdings,semi-medium holdings,1,1,0,0,diff,a,,,,,,,,,unverified,,,,,
AgCensus2015-16 T2-4 West Bengal/All/number/MarginalvsSmall,AgCensus2015-16,T2-4,West Bengal,All,number,MarginalvsSmall,landholding,marginal holdings,small holdings,1,1,0,0,diff,a,,,,,,,,,unverified,,,,,
AgCensus2015-16 T2-4 West Bengal/All/number/SmallvsLarge,AgCensus2015-16,T2-4,West Bengal,All,number,SmallvsLarge,landholding,small holdings,large holdings,1,1,0,0,diff,a,,,,,,,,,unverified,,,,,
AgCensus2015-16 T2-4 West Bengal/All/number/SmallvsMedium,AgCensus2015-16,T2-4,West Bengal,All,number,SmallvsMedium,landholding,small holdings,medium holdings,1,1,0,0,diff,a,,,,,,,,,unverified,,,,,
AgCensus2015-16 T2-4 West Bengal/Marginal/number/SCvsOthers,AgCensus2015-16,T2-4,West Bengal,Marginal,number,SCvsOthers,social_group,Scheduled Castes,Other social groups,1,0,0,1,diff,b,,,,,,,,,unverified,,,,,
AgCensus2015-16 T2-4 West Bengal/Marginal/number/SCvsST,AgCensus2015-16,T2-4,West Bengal,Marginal,number,SCvsST,social_group,Scheduled Castes,Scheduled Tribes,1,1,0,0,diff,a,,,,,,,,,unverified,,,,,
AgCensus2015-16 T2-4 West Bengal/Marginal/number/STvsOthers,AgCensus2015-16,T2-4,West Bengal,Marginal,number,STvsOthers,social_group,Scheduled Tribes,Other social groups,1,1,0,0,diff,b,,,,,,,,,unverified,,,,,
AgCensus2015-16 T2-4 West Bengal/SC/number/MarginalvsLarge,AgCensus2015-16,T2-4,West Bengal,SC,number,MarginalvsLarge,landholding,marginal holdings,large holdings,1,0,0,1,diff,a,,,,,,,,,unverified,,,,,
AgCensus2015-16 T2-4 West Bengal/SC/number/MarginalvsMedium,AgCensus2015-16,T2-4,West Bengal,SC,number,MarginalvsMedium,landholding,marginal holdings,medium holdings,1,0,0,1,diff,a,,,,,,,,,unverified,,,,,
AgCensus2015-16 T2-4 West Bengal/SC/number/MarginalvsSemi-medium,AgCensus2015-16,T2-4,West Bengal,SC,number,MarginalvsSemi-medium,landholding,marginal holdings,semi-medium holdings,1,0,0,1,diff,a,,,,,,,,,unverified,,,,,
AgCensus2015-16 T2-4 West Bengal/SC/number/MarginalvsSmall,AgCensus2015-16,T2-4,West Bengal,SC,number,MarginalvsSmall,landholding,marginal holdings,small holdings,1,1,0,0,diff,a,,,,,,,,,unverified,,,,,
AgCensus2015-16 T2-4 West Bengal/SC/number/SmallvsLarge,AgCensus2015-16,T2-4,West Bengal,SC,number,SmallvsLarge,landholding,small holdings,large holdings,1,1,0,0,diff,a,,,,,,,,,unverified,,,,,
AgCensus2015-16 T2-4 West Bengal/SC/number/SmallvsMedium,AgCensus2015-16,T2-4,West Bengal,SC,number,SmallvsMedium,landholding,small holdings,medium holdings,1,0,0,1,diff,a,,,,,,,,,unverified,,,,,
AgCensus2015-16 T2-4 West Bengal/Semi-medium/number/SCvsOthers,AgCensus2015-16,T2-4,West Bengal,Semi-medium,number,SCvsOthers,social_group,Scheduled Castes,Other social groups,1,1,0,0,diff,b,,,,,,,,,unverified,,,,,
AgCensus2015-16 T2-4 West Bengal/Semi-medium/number/STvsOthers,AgCensus2015-16,T2-4,West Bengal,Semi-medium,number,STvsOthers,social_group,Scheduled Tribes,Other social groups,1,1,0,0,diff,b,,,,,,,,,unverified,,,,,
AgCensus2015-16 T2-4 West Bengal/Small/number/SCvsOthers,AgCensus2015-16,T2-4,West Bengal,Small,number,SCvsOthers,social_group,Scheduled Castes,Other social groups,1,0,0,1,diff,b,,,,,,,,,unverified,,,,,
AgCensus2015-16 T2-4 West Bengal/Small/number/SCvsST,AgCensus2015-16,T2-4,West Bengal,Small,number,SCvsST,social_group,Scheduled Castes,Scheduled Tribes,1,1,0,0,diff,a,,,,,,,,,unverified,,,,,
AgCensus2015-16 T2-4 West Bengal/Small/number/STvsOthers,AgCensus2015-16,T2-4,West Bengal,Small,number,STvsOthers,social_group,Scheduled Tribes,Other social groups,1,0,0,1,diff,b,,,,,,,,,unverified,,,,,
