source_cell,edition,table,state,size_class,metric,comparison,axis,group1,group2,n_items_total,n_items_train,n_items_validation,n_items_test,frozen_condition,frozen_gold_letter,page_or_sheet,source_url_or_doc_hash,extraction_method,units,denominator_or_stratum,group1_value,group2_value,notes,verification_status,checker,checked_date,second_checker,adjudicated_date,discrepancy_type
AgCensus2015-16 T14-16 All/Large/area/MvF,AgCensus2015-16,T14-16,All,Large,area,MvF,gender,men,women,6,6,0,0,diff,a,,,,percent,SYNTHETIC,23.33,6.86,smoke-test fabrication; not a census value,SYNTHETIC_SMOKE_VALUE,,,,,
AgCensus2015-16 T14-16 All/Large/number/MvF,AgCensus2015-16,T14-16,All,Large,number,MvF,gender,men,women,4,0,0,4,diff,a,,,,percent,SYNTHETIC,27.91,8.58,smoke-test fabrication; not a census value,SYNTHETIC_SMOKE_VALUE,,,,,
AgCensus2015-16 T14-16 All/Marginal/area/MvF,AgCensus2015-16,T14-16,All,Marginal,area,MvF,gender,men,women,2,0,0,2,diff,a,,,,percent,SYNTHETIC,50.93,26.02,smoke-test fabrication; not a census value,SYNTHETIC_SMOKE_VALUE,,,,,
AgCensus2015-16 T14-16 All/Marginal/number/MvF,AgCensus2015-16,T14-16,All,Marginal,number,MvF,gender,men,women,4,0,4,0,diff,a,,,,percent,SYNTHETIC,45.45,22.97,smoke-test fabrication; not a census value,SYNTHETIC_SMOKE_VALUE,,,,,
AgCensus2015-16 T14-16 All/Medium/area/MvF,AgCensus2015-16,T14-16,All,Medium,area,MvF,gender,men,women,3,0,0,3,diff,a,,,,percent,SYNTHETIC,42.56,31.34,smoke-test fabrication; not a census value,SYNTHETIC_SMOKE_VALUE,,,,,
AgCensus2015-16 T14-16 All/Medium/number/MvF,AgCensus2015-16,T14-16,All,Medium,number,MvF,gender,men,women,2,2,0,0,diff,a,,,,percent,SYNTHETIC,43.16,25.85,smoke-test fabrication; not a census value,SYNTHETIC_SMOKE_VALUE,,,,,
AgCensus2015-16 T14-16 All/Small/area/MvF,AgCensus2015-16,T14-16,All,Small,area,MvF,gender,men,women,6,0,0,6,diff,a,,,,percent,SYNTHETIC,40.25,21.79,smoke-test fabrication; not a census value,SYNTHETIC_SMOKE_VALUE,,,,,
AgCensus2015-16 T14-16 All/Small/number/MvF,AgCensus2015-16,T14-16,All,Small,number,MvF,gender,men,women,2,0,0,2,diff,a,,,,percent,SYNTHETIC,35.7,24.74,smoke-test fabrication; not a census value,SYNTHETIC_SMOKE_VALUE,,,,,
AgCensus2015-16 T14-16 All/femaleShare/area/LargevsMedium,AgCensus2015-16,T14-16,All,femaleShare,area,LargevsMedium,gender,large operated area,medium operated area,3,0,0,3,equal,c,,,,percent,SYNTHETIC,29.29,34.23,smoke-test fabrication; not a census value,SYNTHETIC_SMOKE_VALUE,,,,,
AgCensus2015-16 T14-16 All/femaleShare/area/MarginalvsMedium,AgCensus2015-16,T14-16,All,femaleShare,area,MarginalvsMedium,gender,marginal operated area,medium operated area,3,3,0,0,equal,c,,,,percent,SYNTHETIC,19.93,20.15,smoke-test fabrication; not a census value,SYNTHETIC_SMOKE_VALUE,,,,,
AgCensus2015-16 T14-16 All/femaleShare/area/MarginalvsSmall,AgCensus2015-16,T14-16,All,femaleShare,area,MarginalvsSmall,gender,marginal operated area,small operated area,4,4,0,0,equal,c,,,,percent,SYNTHETIC,34.7,39.26,smoke-test fabrication; not a census value,SYNTHETIC_SMOKE_VALUE,,,,,
AgCensus2015-16 T14-16 All/femaleShare/area/MediumvsSmall,AgCensus2015-16,T14-16,All,femaleShare,area,MediumvsSmall,gender,medium operated area,small operated area,3,3,0,0,equal,c,,,,percent,SYNTHETIC,20.29,22.66,smoke-test fabrication; not a census value,SYNTHETIC_SMOKE_VALUE,,,,,
AgCensus2015-16 T14-16 All/femaleShare/number/LargevsMedium,AgCensus2015-16,T14-16,All,femaleShare,number,LargevsMedium,gender,large holdings,medium holdings,4,0,0,4,equal,c,,,,percent,SYNTHETIC,18.22,18.96,smoke-test fabrication; not a census value,SYNTHETIC_SMOKE_VALUE,,,,,
AgCensus2015-16 T14-16 All/femaleShare/number/MarginalvsMedium,AgCensus2015-16,T14-16,All,femaleShare,number,MarginalvsMedium,gender,marginal holdings,medium holdings,4,0,0,4,equal,c,,,,percent,SYNTHETIC,8.82,9.35,smoke-test fabrication; not a census value,SYNTHETIC_SMOKE_VALUE,,,,,
AgCensus2015-16 T14-16 All/femaleShare/number/MarginalvsSmall,AgCensus2015-16,T14-16,All,femaleShare,number,MarginalvsSmall,gender,marginal holdings,small holdings,2,2,0,0,equal,c,,,,percent,SYNTHETIC,12.43,13.24,smoke-test fabrication; not a census value,SYNTHETIC_SMOKE_VALUE,,,,,
AgCensus2015-16 T14-16 All/femaleShare/number/MediumvsSmall,AgCensus2015-16,T14-16,All,femaleShare,number,MediumvsSmall,gender,medium holdings,small holdings,5,5,0,0,equal,c,,,,percent,SYNTHETIC,14.56,15.23,smoke-test fabrication; not a census value,SYNTHETIC_SMOKE_VALUE,,,,,
AgCensus2015-16 T14-16 SC/Large/area/MvF,AgCensus2015-16,T14-16,SC,Large,area,MvF,gender,men,women,3,3,0,0,diff,a,,,,percent,SYNTHETIC,20.68,8.19,smoke-test fabrication; not a census value,SYNTHETIC_SMOKE_VALUE,,,,,
AgCensus2015-16 T14-16 SC/Large/number/MvF,AgCensus2015-16,T14-16,SC,Large,number,MvF,gender,men,women,5,0,0,5,diff,a,,,,percent,SYNTHETIC,35.57,11.72,smoke-test fabrication; not a census value,SYNTHETIC_SMOKE_VALUE,,,,,
AgCensus2015-16 T14-16 SC/Marginal/area/MvF,AgCensus2015-16,T14-16,SC,Marginal,area,MvF,gender,men,women,1,1,0,0,diff,a,,,,percent,SYNTHETIC,32.66,18.55,smoke-test fabrication; not a census value,SYNTHETIC_SMOKE_VALUE,,,,,
AgCensus2015-16 T14-16 SC/Marginal/number/MvF,AgCensus2015-16,T14-16,SC,Marginal,number,MvF,gender,men,women,5,5,0,0,diff,a,,,,percent,SYNTHETIC,21.5,6.61,smoke-test fabrication; not a census value,SYNTHETIC_SMOKE_VALUE,,,,,
AgCensus2015-16 T14-16 SC/Medium/area/MvF,AgCensus2015-16,T14-16,SC,Medium,area,MvF,gender,men,women,6,0,0,6,diff,a,,,,percent,SYNTHETIC,39.2,25.71,smoke-test fabrication; not a census value,SYNTHETIC_SMOKE_VALUE,,,,,
AgCensus2015-16 T14-16 SC/Medium/number/MvF,AgCensus2015-16,T14-16,SC,Medium,number,MvF,gender,men,women,5,5,0,0,diff,a,,,,percent,SYNTHETIC,31.12,18.86,smoke-test fabrication; not a census value,SYNTHETIC_SMOKE_VALUE,,,,,
AgCensus2015-16 T14-16 SC/Small/area/MvF,AgCensus2015-16,T14-16,SC,Small,area,MvF,gender,men,women,5,0,5,0,diff,a,,,,percent,SYNTHETIC,54.57,32.99,smoke-test fabrication; not a census value,SYNTHETIC_SMOKE_VALUE,,,,,
AgCensus2015-16 T14-16 SC/Small/number/MvF,AgCensus2015-16,T14-16,SC,Small,number,MvF,gender,men,women,4,0,0,4,diff,a,,,,percent,SYNTHETIC,27.39,7.27,smoke-test fabrication; not a census value,SYNTHETIC_SMOKE_VALUE,,,,,
AgCensus2015-16 T14-16 SC/femaleShare/area/LargevsMedium,AgCensus2015-16,T14-16,SC,femaleShare,area,LargevsMedium,gender,large operated area,medium operated area,2,0,0,2,equal,c,,,,percent,SYNTHETIC,17.54,17.97,smoke-test fabrication; not a census value,SYNTHETIC_SMOKE_VALUE,,,,,
AgCensus2015-16 T14-16 SC/femaleShare/area/LargevsSmall,AgCensus2015-16,T14-16,SC,femaleShare,area,LargevsSmall,gender,large operated area,small operated area,6,6,0,0,equal,c,,,,percent,SYNTHETIC,10.74,12.55,smoke-test fabrication; not a census value,SYNTHETIC_SMOKE_VALUE,,,,,
AgCensus2015-16 T14-16 SC/femaleShare/area/MarginalvsMedium,AgCensus2015-16,T14-16,SC,femaleShare,area,MarginalvsMedium,gender,marginal operated area,medium operated area,2,0,2,0,equal,c,,,,percent,SYNTHETIC,7.72,8.76,smoke-test fabrication; not a census value,SYNTHETIC_SMOKE_VALUE,,,,,
AgCensus2015-16 T14-16 SC/femaleShare/area/MarginalvsSmall,AgCensus2015-16,T14-16,SC,femaleShare,area,MarginalvsSmall,gender,marginal operated area,small operated area,5,5,0,0,equal,c,,,,percent,SYNTHETIC,17.6,17.82,smoke-test fabrication; not a census value,SYNTHETIC_SMOKE_VALUE,,,,,
AgCensus2015-16 T14-16 SC/femaleShare/area/MediumvsSmall,AgCensus2015-16,T14-16,SC,femaleShare,area,MediumvsSmall,gender,medium operated area,small operated area,2,2,0,0,equal,c,,,,percent,SYNTHETIC,27.42,32.32,smoke-test fabrication; not a census value,SYNTHETIC_SMOKE_VALUE,,,,,
AgCensus2015-16 T14-16 SC/femaleShare/number/LargevsMedium,AgCensus2015-16,T14-16,SC,femaleShare,number,LargevsMedium,gender,large holdings,medium holdings,6,0,0,6,equal,c,,,,percent,SYNTHETIC,21.91,25.82,smoke-test fabrication; not a census value,SYNTHETIC_SMOKE_VALUE,,,,,
AgCensus2015-16 T14-16 SC/femaleShare/number/LargevsSmall,AgCensus2015-16,T14-16,SC,femaleShare,number,LargevsSmall,gender,large holdings,small holdings,5,5,0,0,equal,c,,,,percent,SYNTHETIC,23.66,24.73,smoke-test fabrication; not a census value,SYNTHETIC_SMOKE_VALUE,,,,,
AgCensus2015-16 T14-16 SC/femaleShare/number/MarginalvsMedium,AgCensus2015-16,T14-16,SC,femaleShare,number,MarginalvsMedium,gender,marginal holdings,medium holdings,3,0,0,3,equal,c,,,,percent,SYNTHETIC,20.07,21.33,smoke-test fabrication; not a census value,SYNTHETIC_SMOKE_VALUE,,,,,
AgCensus2015-16 T14-16 SC/femaleShare/number/MarginalvsSmall,AgCensus2015-16,T14-16,SC,femaleShare,number,MarginalvsSmall,gender,marginal holdings,small holdings,4,4,0,0,equal,c,,,,percent,SYNTHETIC,28.31,31.71,smoke-test fabrication; not a census value,SYNTHETIC_SMOKE_VALUE,,,,,
AgCensus2015-16 T14-16 SC/femaleShare/number/MediumvsSmall,AgCensus2015-16,T14-16,SC,femaleShare,number,MediumvsSmall,gender,medium holdings,small holdings,4,4,0,0,equal,c,,,,percent,SYNTHETIC,16.02,19.27,smoke-test fabrication; not a census value,SYNTHETIC_SMOKE_VALUE,,,,,
AgCensus2015-16 T14-16 ST/Large/area/MvF,AgCensus2015-16,T14-16,ST,Large,area,MvF,gender,men,women,5,5,0,0,diff,a,,,,percent,SYNTHETIC,43.53,20.91,smoke-test fabrication; not a census value,SYNTHETIC_SMOKE_VALUE,,,,,
AgCensus2015-16 T14-16 ST/Large/number/MvF,AgCensus2015-16,T14-16,ST,Large,number,MvF,gender,men,women,3,0,0,3,diff,a,,,,percent,SYNTHETIC,39.11,16.23,smoke-test fabrication; not a census value,SYNTHETIC_SMOKE_VALUE,,,,,
AgCensus2015-16 T14-16 ST/Marginal/area/MvF,AgCensus2015-16,T14-16,ST,Marginal,area,MvF,gender,men,women,4,4,0,0,diff,a,,,,percent,SYNTHETIC,43.15,18.18,smoke-test fabrication; not a census value,SYNTHETIC_SMOKE_VALUE,,,,,
AgCensus2015-16 T14-16 ST/Marginal/number/MvF,AgCensus2015-16,T14-16,ST,Marginal,number,MvF,gender,men,women,5,5,0,0,diff,a,,,,percent,SYNTHETIC,43.58,24.83,smoke-test fabrication; not a census value,SYNTHETIC_SMOKE_VALUE,,,,,
AgCensus2015-16 T14-16 ST/Medium/number/MvF,AgCensus2015-16,T14-16,ST,Medium,number,MvF,gender,men,women,5,5,0,0,diff,a,,,,percent,SYNTHETIC,20.2,9.21,smoke-test fabrication; not a census value,SYNTHETIC_SMOKE_VALUE,,,,,
AgCensus2015-16 T14-16 ST/Small/number/MvF,AgCensus2015-16,T14-16,ST,Small,number,MvF,gender,men,women,5,0,0,5,diff,a,,,,percent,SYNTHETIC,36.34,12.31,smoke-test fabrication; not a census value,SYNTHETIC_SMOKE_VALUE,,,,,
AgCensus2015-16 T14-16 ST/femaleShare/area/LargevsMedium,AgCensus2015-16,T14-16,ST,femaleShare,area,LargevsMedium,gender,large operated area,medium operated area,2,0,0,2,equal,c,,,,percent,SYNTHETIC,19.58,21.82,smoke-test fabrication; not a census value,SYNTHETIC_SMOKE_VALUE,,,,,
AgCensus2015-16 T14-16 ST/femaleShare/area/MarginalvsMedium,AgCensus2015-16,T14-16,ST,femaleShare,area,MarginalvsMedium,gender,marginal operated area,medium operated area,4,4,0,0,equal,c,,,,percent,SYNTHETIC,22.95,24.87,smoke-test fabrication; not a census value,SYNTHETIC_SMOKE_VALUE,,,,,
AgCensus2015-16 T14-16 ST/femaleShare/area/MarginalvsSmall,AgCensus2015-16,T14-16,ST,femaleShare,area,MarginalvsSmall,gender,marginal operated area,small operated area,2,2,0,0,equal,c,,,,percent,SYNTHETIC,30.06,30.75,smoke-test fabrication; not a census value,SYNTHETIC_SMOKE_VALUE,,,,,
AgCensus2015-16 T14-16 ST/femaleShare/number/LargevsMedium,AgCensus2015-16,T14-16,ST,femaleShare,number,LargevsMedium,gender,large holdings,medium holdings,2,0,0,2,equal,c,,,,percent,SYNTHETIC,30.74,32.33,smoke-test fabrication; not a census value,SYNTHETIC_SMOKE_VALUE,,,,,
AgCensus2015-16 T14-16 ST/femaleShare/number/MarginalvsMedium,AgCensus2015-16,T14-16,ST,femaleShare,number,MarginalvsMedium,gender,marginal holdings,medium holdings,3,3,0,0,equal,c,,,,percent,SYNTHETIC,19.36,23.92,smoke-test fabrication; not a census value,SYNTHETIC_SMOKE_VALUE,,,,,
AgCensus2015-16 T14-16 ST/femaleShare/number/MarginalvsSmall,AgCensus2015-16,T14-16,ST,femaleShare,number,MarginalvsSmall,gender,marginal holdings,small holdings,4,0,0,4,equal,c,,,,percent,SYNTHETIC,31.81,32.27,smoke-test fabrication; not a census value,SYNTHETIC_SMOKE_VALUE,,,,,
AgCensus2015-16 T14-16 ST/femaleShare/number/MediumvsSmall,AgCensus2015-16,T14-16,ST,femaleShare,number,MediumvsSmall,gender,medium holdings,small holdings,6,6,0,0,equal,c,,,,percent,SYNTHETIC,10.38,14.32,smoke-test fabrication; not a census value,SYNTHETIC_SMOKE_VALUE,,,,,
AgCensus2015-16 T2-4 A&N Islands/All Classes/area/SCvsOthers,AgCensus2015-16,T2-4,A&N Islands,All Classes,area,SCvsOthers,social_group,Scheduled Castes,Other social groups,1,0,0,1,diff,b,,,,percent,SYNTHETIC,24.46,37.38,smoke-test fabrication; not a census value,SYNTHETIC_SMOKE_VALUE,,,,,
AgCensus2015-16 T2-4 A&N Islands/All Classes/area/STvsOthers,AgCensus2015-16,T2-4,A&N Islands,All Classes,area,STvsOthers,social_group,Scheduled Tribes,Other social groups,1,0,0,1,diff,b,,,,percent,SYNTHETIC,23.8,40.7,smoke-test fabrication; not a census value,SYNTHETIC_SMOKE_VALUE,,,,,
AgCensus2015-16 T2-4 A&N Islands/All/area/MarginalvsLarge,AgCensus2015-16,T2-4,A&N Islands,All,area,MarginalvsLarge,landholding,marginal operated area,large operated area,3,3,0,0,equal,c,,,,percent,SYNTHETIC,11.43,12.22,smoke-test fabrication; not a census value,SYNTHETIC_SMOKE_VALUE,,,,,
AgCensus2015-16 T2-4 Andhra Pradesh/All Classes/area/SCvsOthers,AgCensus2015-16,T2-4,Andhra Pradesh,All Classes,area,SCvsOthers,social_group,Scheduled Castes,Other social groups,1,0,0,1,diff,b,,,,percent,SYNTHETIC,7.42,29.98,smoke-test fabrication; not a census value,SYNTHETIC_SMOKE_VALUE,,,,,
AgCensus2015-16 T2-4 Andhra Pradesh/All Classes/area/SCvsST,AgCensus2015-16,T2-4,Andhra Pradesh,All Classes,area,SCvsST,social_group,Scheduled Castes,Scheduled Tribes,8,0,0,8,equal,c,,,,percent,SYNTHETIC,26.15,26.4,smoke-test fabrication; not a census value,SYNTHETIC_SMOKE_VALUE,,,,,
AgCensus2015-16 T2-4 Andhra Pradesh/All Classes/area/STvsOthers,AgCensus2015-16,T2-4,Andhra Pradesh,All Classes,area,STvsOthers,social_group,Scheduled Tribes,Other social groups,1,0,0,1,diff,b,,,,percent,SYNTHETIC,20.03,33.52,smoke-test fabrication; not a census value,SYNTHETIC_SMOKE_VALUE,,,,,
AgCensus2015-16 T2-4 Andhra Pradesh/All Classes/number/SCvsOthers,AgCensus2015-16,T2-4,Andhra Pradesh,All Classes,number,SCvsOthers,social_group,Scheduled Castes,Other social groups,1,0,0,1,diff,b,,,,percent,SYNTHETIC,26.51,50.92,smoke-test fabrication; not a census value,SYNTHETIC_SMOKE_VALUE,,,,,
AgCensus2015-16 T2-4 Andhra Pradesh/All Classes/number/SCvsST,AgCensus2015-16,T2-4,Andhra Pradesh,All Classes,number,SCvsST,social_group,Scheduled Castes,Scheduled Tribes,8,8,0,0,equal,c,,,,percent,SYNTHETIC,30.06,35.03,smoke-test fabrication; not a census value,SYNTHETIC_SMOKE_VALUE,,,,,
AgCensus2015-16 T2-4 Andhra Pradesh/All Classes/number/STvsOthers,AgCensus2015-16,T2-4,Andhra Pradesh,All Classes,number,STvsOthers,social_group,Scheduled Tribes,Other social groups,1,1,0,0,diff,b,,,,percent,SYNTHETIC,16.16,36.17,smoke-test fabrication; not a census value,SYNTHETIC_SMOKE_VALUE,,,,,
AgCensus2015-16 T2-4 Andhra Pradesh/All/area/MarginalvsSemi-medium,AgCensus2015-16,T2-4,Andhra Pradesh,All,area,MarginalvsSemi-medium,landholding,marginal operated area,semi-medium operated area,4,0,0,4,equal,c,,,,percent,SYNTHETIC,11.85,13.62,smoke-test fabrication; not a census value,SYNTHETIC_SMOKE_VALUE,,,,,
AgCensus2015-16 T2-4 Andhra Pradesh/All/area/MarginalvsSmall,AgCensus2015-16,T2-4,Andhra Pradesh,All,area,MarginalvsSmall,landholding,marginal operated area,small operated area,4,0,4,0,equal,c,,,,percent,SYNTHETIC,19.08,22.34,smoke-test fabrication; not a census value,SYNTHETIC_SMOKE_VALUE,,,,,
AgCensus2015-16 T2-4 Andhra Pradesh/All/area/SmallvsSemi-medium,AgCensus2015-16,T2-4,Andhra Pradesh,All,area,SmallvsSemi-medium,landholding,small operated area,semi-medium operated area,2,0,2,0,equal,c,,,,percent,SYNTHETIC,25.17,29.48,smoke-test fabrication; not a census value,SYNTHETIC_SMOKE_VALUE,,,,,
AgCensus2015-16 T2-4 Andhra Pradesh/All/number/MarginalvsMedium,AgCensus2015-16,T2-4,Andhra Pradesh,All,number,MarginalvsMedium,landholding,marginal holdings,medium holdings,1,1,0,0,diff,a,,,,percent,SYNTHETIC,38.29,23.84,smoke-test fabrication; not a census value,SYNTHETIC_SMOKE_VALUE,,,,,
AgCensus2015-16 T2-4 Andhra Pradesh/All/number/MarginalvsSemi-medium,AgCensus2015-16,T2-4,Andhra Pradesh,All,number,MarginalvsSemi-medium,landholding,marginal holdings,semi-medium holdings,1,1,0,0,diff,a,,,,percent,SYNTHETIC,29.46,10.22,smoke-test fabrication; not a census value,SYNTHETIC_SMOKE_VALUE,,,,,
AgCensus2015-16 T2-4 Andhra Pradesh/All/number/MarginalvsSmall,AgCensus2015-16,T2-4,Andhra Pradesh,All,number,MarginalvsSmall,landholding,marginal holdings,small holdings,1,1,0,0,diff,a,,,,percent,SYNTHETIC,25.74,13.46,smoke-test fabrication; not a census value,SYNTHETIC_SMOKE_VALUE,,,,,
AgCensus2015-16 T2-4 Andhra Pradesh/All/number/SmallvsLarge,AgCensus2015-16,T2-4,Andhra Pradesh,All,number,SmallvsLarge,landholding,small holdings,large holdings,1,1,0,0,diff,a,,,,percent,SYNTHETIC,36.13,17.35,smoke-test fabrication; not a census value,SYNTHETIC_SMOKE_VALUE,,,,,
AgCensus2015-16 T2-4 Andhra Pradesh/All/number/SmallvsSemi-medium,AgCensus2015-16,T2-4,Andhra Pradesh,All,number,SmallvsSemi-medium,landholding,small holdings,semi-medium holdings,1,0,0,1,diff,a,,,,percent,SYNTHETIC,40.65,27.25,smoke-test fabrication; not a census value,SYNTHETIC_SMOKE_VALUE,,,,,
AgCensus2015-16 T2-4 Andhra Pradesh/Large/area/SCvsOthers,AgCensus2015-16,T2-4,Andhra Pradesh,Large,area,SCvsOthers,social_group,Scheduled Castes,Other social groups,1,0,0,1,diff,b,,,,percent,SYNTHETIC,31.52,50.36,smoke-test fabrication; not a census value,SYNTHETIC_SMOKE_VALUE,,,,,
AgCensus2015-16 T2-4 Andhra Pradesh/Large/area/SCvsST,AgCensus2015-16,T2-4,Andhra Pradesh,Large,area,SCvsST,social_group,Scheduled Castes,Scheduled Tribes,8,8,0,0,equal,c,,,,percent,SYNTHETIC,7.48,11.16,smoke-test fabrication; not a census value,SYNTHETIC_SMOKE_VALUE,,,,,
AgCensus2015-16 T2-4 Andhra Pradesh/Large/area/STvsOthers,AgCensus2015-16,T2-4,Andhra Pradesh,Large,area,STvsOthers,social_group,Scheduled Tribes,Other social groups,1,0,0,1,diff,b,,,,percent,SYNTHETIC,24.35,38.82,smoke-test fabrication; not a census value,SYNTHETIC_SMOKE_VALUE,,,,,
AgCensus2015-16 T2-4 Andhra Pradesh/Marginal/area/SCvsOthers,AgCensus2015-16,T2-4,Andhra Pradesh,Marginal,area,SCvsOthers,social_group,Scheduled Castes,Other social groups,1,1,0,0,diff,b,,,,percent,SYNTHETIC,26.14,47.57,smoke-test fabrication; not a census value,SYNTHETIC_SMOKE_VALUE,,,,,
AgCensus2015-16 T2-4 Andhra Pradesh/Marginal/area/SCvsST,AgCensus2015-16,T2-4,Andhra Pradesh,Marginal,area,SCvsST,social_group,Scheduled Castes,Scheduled Tribes,8,0,8,0,equal,c,,,,percent,SYNTHETIC,27.73,27.88,smoke-test fabrication; not a census value,SYNTHETIC_SMOKE_VALUE,,,,,
AgCensus2015-16 T2-4 Andhra Pradesh/Marginal/area/STvsOthers,AgCensus2015-16,T2-4,Andhra Pradesh,Marginal,area,STvsOthers,social_group,Scheduled Tribes,Other social groups,1,1,0,0,diff,b,,,,percent,SYNTHETIC,13.24,35.51,smoke-test fabrication; not a census value,SYNTHETIC_SMOKE_VALUE,,,,,
AgCensus2015-16 T2-4 Andhra Pradesh/Marginal/number/SCvsOthers,AgCensus2015-16,T2-4,Andhra Pradesh,Marginal,number,SCvsOthers,social_group,Scheduled Castes,Other social groups,1,0,0,1,diff,b,,,,percent,SYNTHETIC,16.13,35.87,smoke-test fabrication; not a census value,SYNTHETIC_SMOKE_VALUE,,,,,
AgCensus2015-16 T2-4 Andhra Pradesh/Medium/area/SCvsOthers,AgCensus2015-16,T2-4,Andhra Pradesh,Medium,area,SCvsOthers,social_group,Scheduled Castes,Other social groups,1,1,0,0,diff,b,,,,percent,SYNTHETIC,14.27,25.31,smoke-test fabrication; not a census value,SYNTHETIC_SMOKE_VALUE,,,,,
AgCensus2015-16 T2-4 Andhra Pradesh/Medium/area/SCvsST,AgCensus2015-16,T2-4,Andhra Pradesh,Medium,area,SCvsST,social_group,Scheduled Castes,Scheduled Tribes,8,8,0,0,equal,c,,,,percent,SYNTHETIC,16.71,20.35,smoke-test fabrication; not a census value,SYNTHETIC_SMOKE_VALUE,,,,,
AgCensus2015-16 T2-4 Andhra Pradesh/Medium/area/STvsOthers,AgCensus2015-16,T2-4,Andhra Pradesh,Medium,area,STvsOthers,social_group,Scheduled Tribes,Other social groups,1,0,0,1,diff,b,,,,percent,SYNTHETIC,18.28,31.52,smoke-test fabrication; not a census value,SYNTHETIC_SMOKE_VALUE,,,,,
AgCensus2015-16 T2-4 Andhra Pradesh/Medium/number/SCvsOthers,AgCensus2015-16,T2-4,Andhra Pradesh,Medium,number,SCvsOthers,social_group,Scheduled Castes,Other social groups,1,1,0,0,diff,b,,,,percent,SYNTHETIC,21.02,35.71,smoke-test fabrication; not a census value,SYNTHETIC_SMOKE_VALUE,,,,,
AgCensus2015-16 T2-4 Andhra Pradesh/Medium/number/SCvsST,AgCensus2015-16,T2-4,Andhra Pradesh,Medium,number,SCvsST,social_group,Scheduled Castes,Scheduled Tribes,8,8,0,0,equal,c,,,,percent,SYNTHETIC,17.74,19.19,smoke-test fabrication; not a census value,SYNTHETIC_SMOKE_VALUE,,,,,
AgCensus2015-16 T2-4 Andhra Pradesh/Medium/number/STvsOthers,AgCensus2015-16,T2-4,Andhra Pradesh,Medium,number,STvsOthers,social_group,Scheduled Tribes,Other social groups,1,0,0,1,diff,b,,,,percent,SYNTHETIC,5.83,21.56,smoke-test fabrication; not a census value,SYNTHETIC_SMOKE_VALUE,,,,,
AgCensus2015-16 T2-4 Andhra Pradesh/SC/number/MarginalvsLarge,AgCensus2015-16,T2-4,Andhra Pradesh,SC,number,MarginalvsLarge,landholding,marginal holdings,large holdings,1,1,0,0,diff,a,,,,percent,SYNTHETIC,41.84,17.12,smoke-test fabrication; not a census value,SYNTHETIC_SMOKE_VALUE,,,,,
AgCensus2015-16 T2-4 Andhra Pradesh/SC/number/MarginalvsMedium,AgCensus2015-16,T2-4,Andhra Pradesh,SC,number,MarginalvsMedium,landholding,marginal holdings,medium holdings,1,0,0,1,diff,a,,,,percent,SYNTHETIC,40.4,24.7,smoke-test fabrication; not a census value,SYNTHETIC_SMOKE_VALUE,,,,,
AgCensus2015-16 T2-4 Andhra Pradesh/SC/number/MarginalvsSemi-medium,AgCensus2015-16,T2-4,Andhra Pradesh,SC,number,MarginalvsSemi-medium,landholding,marginal holdings,semi-medium holdings,1,0,0,1,diff,a,,,,percent,SYNTHETIC,48.29,34.25,smoke-test fabrication; not a census value,SYNTHETIC_SMOKE_VALUE,,,,,
AgCensus2015-16 T2-4 Andhra Pradesh/SC/number/MarginalvsSmall,AgCensus2015-16,T2-4,Andhra Pradesh,SC,number,MarginalvsSmall,landholding,marginal holdings,small holdings,1,1,0,0,diff,a,,,,percent,SYNTHETIC,34.56,14.14,smoke-test fabrication; not a census value,SYNTHETIC_SMOKE_VALUE,,,,,
AgCensus2015-16 T2-4 Andhra Pradesh/SC/number/Semi-mediumvsMedium,AgCensus2015-16,T2-4,Andhra Pradesh,SC,number,Semi-mediumvsMedium,landholding,semi-medium holdings,medium holdings,2,0,0,2,equal,c,,,,percent,SYNTHETIC,30.64,35.07,smoke-test fabrication; not a census value,SYNTHETIC_SMOKE_VALUE,,,,,
AgCensus2015-16 T2-4 Andhra Pradesh/SC/number/SmallvsLarge,AgCensus2015-16,T2-4,Andhra Pradesh,SC,number,SmallvsLarge,landholding,small holdings,large holdings,1,0,0,1,diff,a,,,,percent,SYNTHETIC,44.2,33.75,smoke-test fabrication; not a census value,SYNTHETIC_SMOKE_VALUE,,,,,
AgCensus2015-16 T2-4 Andhra Pradesh/SC/number/SmallvsMedium,AgCensus2015-16,T2-4,Andhra Pradesh,SC,number,SmallvsMedium,landholding,small holdings,medium holdings,1,0,0,1,diff,a,,,,percent,SYNTHETIC,49.15,31.2,smoke-test fabrication; not a census value,SYNTHETIC_SMOKE_VALUE,,,,,
AgCensus2015-16 T2-4 Andhra Pradesh/SC/number/SmallvsSemi-medium,AgCensus2015-16,T2-4,Andhra Pradesh,SC,number,SmallvsSemi-medium,landholding,small holdings,semi-medium holdings,1,1,0,0,diff,a,,,,percent,SYNTHETIC,31.59,12.21,smoke-test fabrication; not a census value,SYNTHETIC_SMOKE_VALUE,,,,,
AgCensus2015-16 T2-4 Andhra Pradesh/ST/area/MarginalvsSemi-medium,AgCensus2015-16,T2-4,Andhra Pradesh,ST,area,MarginalvsSemi-medium,landholding,marginal operated area,semi-medium operated area,4,4,0,0,equal,c,,,,percent,SYNTHETIC,16.99,21.18,smoke-test fabrication; not a census value,SYNTHETIC_SMOKE_VALUE,,,,,
AgCensus2015-16 T2-4 Andhra Pradesh/ST/area/MarginalvsSmall,AgCensus2015-16,T2-4,Andhra Pradesh,ST,area,MarginalvsSmall,landholding,marginal operated area,small operated area,2,2,0,0,equal,c,,,,percent,SYNTHETIC,27.37,29.33,smoke-test fabrication; not a census value,SYNTHETIC_SMOKE_VALUE,,,,,
AgCensus2015-16 T2-4 Andhra Pradesh/ST/area/SmallvsSemi-medium,AgCensus2015-16,T2-4,Andhra Pradesh,ST,area,SmallvsSemi-medium,landholding,small operated area,semi-medium operated area,4,4,0,0,equal,c,,,,percent,SYNTHETIC,31.15,33.15,smoke-test fabrication; not a census value,SYNTHETIC_SMOKE_VALUE,,,,,
AgCensus2015-16 T2-4 Andhra Pradesh/ST/number/MarginalvsLarge,AgCensus2015-16,T2-4,Andhra Pradesh,ST,number,MarginalvsLarge,landholding,marginal holdings,large holdings,1,0,1,0,diff,a,,,,percent,SYNTHETIC,34.82,16.83,smoke-test fabrication; not a census value,SYNTHETIC_SMOKE_VALUE,,,,,
AgCensus2015-16 T2-4 Andhra Pradesh/ST/number/MarginalvsMedium,AgCensus2015-16,T2-4,Andhra Pradesh,ST,number,MarginalvsMedium,landholding,marginal holdings,medium holdings,1,1,0,0,diff,a,,,,percent,SYNTHETIC,47.2,23.87,smoke-test fabrication; not a census value,SYNTHETIC_SMOKE_VALUE,,,,,
AgCensus2015-16 T2-4 Andhra Pradesh/ST/number/MarginalvsSmall,AgCensus2015-16,T2-4,Andhra Pradesh,ST,number,MarginalvsSmall,landholding,marginal holdings,small holdings,1,1,0,0,diff,a,,,,percent,SYNTHETIC,35.27,24.32,smoke-test fabrication; not a census value,SYNTHETIC_SMOKE_VALUE,,,,,
AgCensus2015-16 T2-4 Andhra Pradesh/ST/number/Semi-mediumvsLarge,AgCensus2015-16,T2-4,Andhra Pradesh,ST,number,Semi-mediumvsLarge,landholding,semi-medium holdings,large holdings,1,0,0,1,diff,a,,,,percent,SYNTHETIC,51.75,27.27,smoke-test fabrication; not a census value,SYNTHETIC_SMOKE_VALUE,,,,,
AgCensus2015-16 T2-4 Andhra Pradesh/ST/number/SmallvsLarge,AgCensus2015-16,T2-4,Andhra Pradesh,ST,number,SmallvsLarge,landholding,small holdings,large holdings,1,0,0,1,diff,a,,,,percent,SYNTHETIC,28.89,13.14,smoke-test fabrication; not a census value,SYNTHETIC_SMOKE_VALUE,,,,,
AgCensus2015-16 T2-4 Andhra Pradesh/ST/number/SmallvsMedium,AgCensus2015-16,T2-4,Andhra Pradesh,ST,number,SmallvsMedium,landholding,small holdings,medium holdings,1,1,0,0,diff,a,,,,percent,SYNTHETIC,36.64,11.67,smoke-test fabrication; not a census value,SYNTHETIC_SMOKE_VALUE,,,,,
AgCensus2015-16 T2-4 Andhra Pradesh/Semi-medium/area/SCvsOthers,AgCensus2015-16,T2-4,Andhra Pradesh,Semi-medium,area,SCvsOthers,social_group,Scheduled Castes,Other social groups,1,0,0,1,diff,b,,,,percent,SYNTHETIC,10.56,30.26,smoke-test fabrication; not a census value,SYNTHETIC_SMOKE_VALUE,,,,,
AgCensus2015-16 T2-4 Andhra Pradesh/Semi-medium/area/SCvsST,AgCensus2015-16,T2-4,Andhra Pradesh,Semi-medium,area,SCvsST,social_group,Scheduled Castes,Scheduled Tribes,8,8,0,0,equal,c,,,,percent,SYNTHETIC,6.3,10.04,smoke-test fabrication; not a census value,SYNTHETIC_SMOKE_VALUE,,,,,
AgCensus2015-16 T2-4 Andhra Pradesh/Semi-medium/area/STvsOthers,AgCensus2015-16,T2-4,Andhra Pradesh,Semi-medium,area,STvsOthers,social_group,Scheduled Tribes,Other social groups,1,1,0,0,diff,b,,,,percent,SYNTHETIC,21.77,40.44,smoke-test fabrication; not a census value,SYNTHETIC_SMOKE_VALUE,,,,,
AgCensus2015-16 T2-4 Andhra Pradesh/Semi-medium/number/SCvsST,AgCensus2015-16,T2-4,Andhra Pradesh,Semi-medium,number,SCvsST,social_group,Scheduled Castes,Scheduled Tribes,8,0,0,8,equal,c,,,,percent,SYNTHETIC,32.44,37.26,smoke-test fabrication; not a census value,SYNTHETIC_SMOKE_VALUE,,,,,
AgCensus2015-16 T2-4 Andhra Pradesh/Small/area/SCvsST,AgCensus2015-16,T2-4,Andhra Pradesh,Small,area,SCvsST,social_group,Scheduled Castes,Scheduled Tribes,8,0,0,8,equal,c,,,,percent,SYNTHETIC,6.21,10.75,smoke-test fabrication; not a census value,SYNTHETIC_SMOKE_VALUE,,,,,
AgCensus2015-16 T2-4 Andhra Pradesh/Small/area/STvsOthers,AgCensus2015-16,T2-4,Andhra Pradesh,Small,area,STvsOthers,social_group,Scheduled Tribes,Other social groups,1,1,0,0,diff,b,,,,percent,SYNTHETIC,7.73,29.98,smoke-test fabrication; not a census value,SYNTHETIC_SMOKE_VALUE,,,,,
AgCensus2015-16 T2-4 Andhra Pradesh/Small/number/SCvsOthers,AgCensus2015-16,T2-4,Andhra Pradesh,Small,number,SCvsOthers,social_group,Scheduled Castes,Other social groups,1,0,0,1,diff,b,,,,percent,SYNTHETIC,19.87,35.4,smoke-test fabrication; not a census value,SYNTHETIC_SMOKE_VALUE,,,,,
AgCensus2015-16 T2-4 Andhra Pradesh/Small/number/SCvsST,AgCensus2015-16,T2-4,Andhra Pradesh,Small,number,SCvsST,social_group,Scheduled Castes,Scheduled Tribes,8,0,0,8,equal,c,,,,percent,SYNTHETIC,24.79,25.4,smoke-test fabrication; not a census value,SYNTHETIC_SMOKE_VALUE,,,,,
AgCensus2015-16 T2-4 Andhra Pradesh/Small/number/STvsOthers,AgCensus2015-16,T2-4,Andhra Pradesh,Small,number,STvsOthers,social_group,Scheduled Tribes,Other social groups,1,1,0,0,diff,b,,,,percent,SYNTHETIC,21.76,41.38,smoke-test fabrication; not a census value,SYNTHETIC_SMOKE_VALUE,,,,,
AgCensus2015-16 T2-4 Arunachal Pradesh/All Classes/area/SCvsST,AgCensus2015-16,T2-4,Arunachal Pradesh,All Classes,area,SCvsST,social_group,Scheduled Castes,Scheduled Tribes,1,1,0,0,diff,b,,,,percent,SYNTHETIC,20.72,37.09,smoke-test fabrication; not a census value,SYNTHETIC_SMOKE_VALUE,,,,,
AgCensus2015-16 T2-4 Arunachal Pradesh/All Classes/area/STvsOthers,AgCensus2015-16,T2-4,Arunachal Pradesh,All Classes,area,STvsOthers,social_group,Scheduled Tribes,Other social groups,1,0,0,1,diff,a,,,,percent,SYNTHETIC,17.26,6.98,smoke-test fabrication; not a census value,SYNTHETIC_SMOKE_VALUE,,,,,
AgCensus2015-16 T2-4 Arunachal Pradesh/All Classes/number/SCvsST,AgCensus2015-16,T2-4,Arunachal Pradesh,All Classes,number,SCvsST,social_group,Scheduled Castes,Scheduled Tribes,1,0,1,0,diff,b,,,,percent,SYNTHETIC,13.67,38.62,smoke-test fabrication; not a census value,SYNTHETIC_SMOKE_VALUE,,,,,
AgCensus2015-16 T2-4 Arunachal Pradesh/All Classes/number/STvsOthers,AgCensus2015-16,T2-4,Arunachal Pradesh,All Classes,number,STvsOthers,social_group,Scheduled Tribes,Other social groups,1,0,0,1,diff,a,,,,percent,SYNTHETIC,51.16,29.76,smoke-test fabrication; not a census value,SYNTHETIC_SMOKE_VALUE,,,,,
AgCensus2015-16 T2-4 Arunachal Pradesh/All/area/MarginalvsSmall,AgCensus2015-16,T2-4,Arunachal Pradesh,All,area,MarginalvsSmall,landholding,marginal operated area,small operated area,4,4,0,0,equal,c,,,,percent,SYNTHETIC,32.85,33.67,smoke-test fabrication; not a census value,SYNTHETIC_SMOKE_VALUE,,,,,
AgCensus2015-16 T2-4 Arunachal Pradesh/All/number/MarginalvsLarge,AgCensus2015-16,T2-4,Arunachal Pradesh,All,number,MarginalvsLarge,landholding,marginal holdings,large holdings,1,1,0,0,diff,a,,,,percent,SYNTHETIC,37.91,18.25,smoke-test fabrication; not a census value,SYNTHETIC_SMOKE_VALUE,,,,,
AgCensus2015-16 T2-4 Arunachal Pradesh/All/number/MarginalvsMedium,AgCensus2015-16,T2-4,Arunachal Pradesh,All,number,MarginalvsMedium,landholding,marginal holdings,medium holdings,3,3,0,0,equal,c,,,,percent,SYNTHETIC,14.3,15.56,smoke-test fabrication; not a census value,SYNTHETIC_SMOKE_VALUE,,,,,
AgCensus2015-16 T2-4 Arunachal Pradesh/All/number/MarginalvsSemi-medium,AgCensus2015-16,T2-4,Arunachal Pradesh,All,number,MarginalvsSemi-medium,landholding,marginal holdings,semi-medium holdings,4,0,0,4,equal,c,,,,percent,SYNTHETIC,30.27,34.54,smoke-test fabrication; not a census value,SYNTHETIC_SMOKE_VALUE,,,,,
AgCensus2015-16 T2-4 Arunachal Pradesh/All/number/MarginalvsSmall,AgCensus2015-16,T2-4,Arunachal Pradesh,All,number,MarginalvsSmall,landholding,marginal holdings,small holdings,3,3,0,0,equal,c,,,,percent,SYNTHETIC,33.26,37.04,smoke-test fabrication; not a census value,SYNTHETIC_SMOKE_VALUE,,,,,
AgCensus2015-16 T2-4 Arunachal Pradesh/All/number/MediumvsLarge,AgCensus2015-16,T2-4,Arunachal Pradesh,All,number,MediumvsLarge,landholding,medium holdings,large holdings,1,0,0,1,diff,a,,,,percent,SYNTHETIC,29.53,11.47,smoke-test fabrication; not a census value,SYNTHETIC_SMOKE_VALUE,,,,,
AgCensus2015-16 T2-4 Arunachal Pradesh/All/number/Semi-mediumvsMedium,AgCensus2015-16,T2-4,Arunachal Pradesh,All,number,Semi-mediumvsMedium,landholding,semi-medium holdings,medium holdings,2,2,0,0,equal,c,,,,percent,SYNTHETIC,24.89,25.92,smoke-test fabrication; not a census value,SYNTHETIC_SMOKE_VALUE,,,,,
AgCensus2015-16 T2-4 Arunachal Pradesh/All/number/SmallvsLarge,AgCensus2015-16,T2-4,Arunachal Pradesh,All,number,SmallvsLarge,landholding,small holdings,large holdings,1,1,0,0,diff,a,,,,percent,SYNTHETIC,31.17,20.95,smoke-test fabrication; not a census value,SYNTHETIC_SMOKE_VALUE,,,,,
AgCensus2015-16 T2-4 Arunachal Pradesh/All/number/SmallvsMedium,AgCensus2015-16,T2-4,Arunachal Pradesh,All,number,SmallvsMedium,landholding,small holdings,medium holdings,3,0,0,3,equal,c,,,,percent,SYNTHETIC,11.17,12.38,smoke-test fabrication; not a census value,SYNTHETIC_SMOKE_VALUE,,,,,
AgCensus2015-16 T2-4 Arunachal Pradesh/All/number/SmallvsSemi-medium,AgCensus2015-16,T2-4,Arunachal Pradesh,All,number,SmallvsSemi-medium,landholding,small holdings,semi-medium holdings,2,0,0,2,equal,c,,,,percent,SYNTHETIC,23.46,25.38,smoke-test fabrication; not a census value,SYNTHETIC_SMOKE_VALUE,,,,,
AgCensus2015-16 T2-4 Arunachal Pradesh/Large/area/SCvsST,AgCensus2015-16,T2-4,Arunachal Pradesh,Large,area,SCvsST,social_group,Scheduled Castes,Scheduled Tribes,1,1,0,0,diff,b,,,,percent,SYNTHETIC,29.5,54.27,smoke-test fabrication; not a census value,SYNTHETIC_SMOKE_VALUE,,,,,
AgCensus2015-16 T2-4 Arunachal Pradesh/Marginal/number/SCvsST,AgCensus2015-16,T2-4,Arunachal Pradesh,Marginal,number,SCvsST,social_group,Scheduled Castes,Scheduled Tribes,1,1,0,0,diff,b,,,,percent,SYNTHETIC,8.05,22.31,smoke-test fabrication; not a census value,SYNTHETIC_SMOKE_VALUE,,,,,
AgCensus2015-16 T2-4 Arunachal Pradesh/Marginal/number/STvsOthers,AgCensus2015-16,T2-4,Arunachal Pradesh,Marginal,number,STvsOthers,social_group,Scheduled Tribes,Other social groups,1,1,0,0,diff,a,,,,percent,SYNTHETIC,30.06,9.09,smoke-test fabrication; not a census value,SYNTHETIC_SMOKE_VALUE,,,,,
AgCensus2015-16 T2-4 Arunachal Pradesh/Medium/area/SCvsST,AgCensus2015-16,T2-4,Arunachal Pradesh,Medium,area,SCvsST,social_group,Scheduled Castes,Scheduled Tribes,1,0,0,1,diff,b,,,,percent,SYNTHETIC,18.98,30.91,smoke-test fabrication; not a census value,SYNTHETIC_SMOKE_VALUE,,,,,
AgCensus2015-16 T2-4 Arunachal Pradesh/Medium/area/STvsOthers,AgCensus2015-16,T2-4,Arunachal Pradesh,Medium,area,STvsOthers,social_group,Scheduled Tribes,Other social groups,1,0,0,1,diff,a,,,,percent,SYNTHETIC,23.06,6.5,smoke-test fabrication; not a census value,SYNTHETIC_SMOKE_VALUE,,,,,
AgCensus2015-16 T2-4 Arunachal Pradesh/Medium/number/SCvsST,AgCensus2015-16,T2-4,Arunachal Pradesh,Medium,number,SCvsST,social_group,Scheduled Castes,Scheduled Tribes,1,1,0,0,diff,b,,,,percent,SYNTHETIC,15.91,33.15,smoke-test fabrication; not a census value,SYNTHETIC_SMOKE_VALUE,,,,,
AgCensus2015-16 T2-4 Arunachal Pradesh/Medium/number/STvsOthers,AgCensus2015-16,T2-4,Arunachal Pradesh,Medium,number,STvsOthers,social_group,Scheduled Tribes,Other social groups,1,0,0,1,diff,a,,,,percent,SYNTHETIC,26.83,15.68,smoke-test fabrication; not a census value,SYNTHETIC_SMOKE_VALUE,,,,,
AgCensus2015-16 T2-4 Arunachal Pradesh/ST/area/MarginalvsSmall,AgCensus2015-16,T2-4,Arunachal Pradesh,ST,area,MarginalvsSmall,landholding,marginal operated area,small operated area,4,0,0,4,equal,c,,,,percent,SYNTHETIC,29.01,32.23,smoke-test fabrication; not a census value,SYNTHETIC_SMOKE_VALUE,,,,,
AgCensus2015-16 T2-4 Arunachal Pradesh/ST/number/MarginalvsLarge,AgCensus2015-16,T2-4,Arunachal Pradesh,ST,number,MarginalvsLarge,landholding,marginal holdings,large holdings,1,0,0,1,diff,a,,,,percent,SYNTHETIC,46.69,22.26,smoke-test fabrication; not a census value,SYNTHETIC_SMOKE_VALUE,,,,,
AgCensus2015-16 T2-4 Arunachal Pradesh/ST/number/MarginalvsMedium,AgCensus2015-16,T2-4,Arunachal Pradesh,ST,number,MarginalvsMedium,landholding,marginal holdings,medium holdings,4,4,0,0,equal,c,,,,percent,SYNTHETIC,11.03,15.66,smoke-test fabrication; not a census value,SYNTHETIC_SMOKE_VALUE,,,,,
AgCensus2015-16 T2-4 Arunachal Pradesh/ST/number/MarginalvsSemi-medium,AgCensus2015-16,T2-4,Arunachal Pradesh,ST,number,MarginalvsSemi-medium,landholding,marginal holdings,semi-medium holdings,4,4,0,0,equal,c,,,,percent,SYNTHETIC,22.56,25.11,smoke-test fabrication; not a census value,SYNTHETIC_SMOKE_VALUE,,,,,
AgCensus2015-16 T2-4 Arunachal Pradesh/ST/number/MarginalvsSmall,AgCensus2015-16,T2-4,Arunachal Pradesh,ST,number,MarginalvsSmall,landholding,marginal holdings,small holdings,3,3,0,0,equal,c,,,,percent,SYNTHETIC,13.15,16.3,smoke-test fabrication; not a census value,SYNTHETIC_SMOKE_VALUE,,,,,
AgCensus2015-16 T2-4 Arunachal Pradesh/ST/number/MediumvsLarge,AgCensus2015-16,T2-4,Arunachal Pradesh,ST,number,MediumvsLarge,landholding,medium holdings,large holdings,1,0,1,0,diff,a,,,,percent,SYNTHETIC,53.74,30.65,smoke-test fabrication; not a census value,SYNTHETIC_SMOKE_VALUE,,,,,
AgCensus2015-16 T2-4 Arunachal Pradesh/ST/number/Semi-mediumvsMedium,AgCensus2015-16,T2-4,Arunachal Pradesh,ST,number,Semi-mediumvsMedium,landholding,semi-medium holdings,medium holdings,3,0,0,3,equal,c,,,,percent,SYNTHETIC,9.99,12.15,smoke-test fabrication; not a census value,SYNTHETIC_SMOKE_VALUE,,,,,
AgCensus2015-16 T2-4 Arunachal Pradesh/ST/number/SmallvsLarge,AgCensus2015-16,T2-4,Arunachal Pradesh,ST,number,SmallvsLarge,landholding,small holdings,large holdings,1,0,0,1,diff,a,,,,percent,SYNTHETIC,45.26,20.95,smoke-test fabrication; not a census value,SYNTHETIC_SMOKE_VALUE,,,,,
AgCensus2015-16 T2-4 Arunachal Pradesh/ST/number/SmallvsMedium,AgCensus2015-16,T2-4,Arunachal Pradesh,ST,number,SmallvsMedium,landholding,small holdings,medium holdings,3,0,0,3,equal,c,,,,percent,SYNTHETIC,8.01,12.79,smoke-test fabrication; not a census value,SYNTHETIC_SMOKE_VALUE,,,,,
AgCensus2015-16 T2-4 Arunachal Pradesh/ST/number/SmallvsSemi-medium,AgCensus2015-16,T2-4,Arunachal Pradesh,ST,number,SmallvsSemi-medium,landholding,small holdings,semi-medium holdings,4,0,4,0,equal,c,,,,percent,SYNTHETIC,7.61,7.64,smoke-test fabrication; not a census value,SYNTHETIC_SMOKE_VALUE,,,,,
AgCensus2015-16 T2-4 Arunachal Pradesh/Semi-medium/area/SCvsST,AgCensus2015-16,T2-4,Arunachal Pradesh,Semi-medium,area,SCvsST,social_group,Scheduled Castes,Scheduled Tribes,1,1,0,0,diff,b,,,,percent,SYNTHETIC,21.76,34.05,smoke-test fabrication; not a census value,SYNTHETIC_SMOKE_VALUE,,,,,
AgCensus2015-16 T2-4 Arunachal Pradesh/Semi-medium/area/STvsOthers,AgCensus2015-16,T2-4,Arunachal Pradesh,Semi-medium,area,STvsOthers,social_group,Scheduled Tribes,Other social groups,1,1,0,0,diff,a,,,,percent,SYNTHETIC,20.57,8.45,smoke-test fabrication; not a census value,SYNTHETIC_SMOKE_VALUE,,,,,
AgCensus2015-16 T2-4 Arunachal Pradesh/Semi-medium/number/SCvsST,AgCensus2015-16,T2-4,Arunachal Pradesh,Semi-medium,number,SCvsST,social_group,Scheduled Castes,Scheduled Tribes,1,0,0,1,diff,b,,,,percent,SYNTHETIC,22.26,38.88,smoke-test fabrication; not a census value,SYNTHETIC_SMOKE_VALUE,,,,,
AgCensus2015-16 T2-4 Arunachal Pradesh/Semi-medium/number/STvsOthers,AgCensus2015-16,T2-4,Arunachal Pradesh,Semi-medium,number,STvsOthers,social_group,Scheduled Tribes,Other social groups,1,0,0,1,diff,a,,,,percent,SYNTHETIC,52.19,31.83,smoke-test fabrication; not a census value,SYNTHETIC_SMOKE_VALUE,,,,,
AgCensus2015-16 T2-4 Arunachal Pradesh/Small/area/SCvsST,AgCensus2015-16,T2-4,Arunachal Pradesh,Small,area,SCvsST,social_group,Scheduled Castes,Scheduled Tribes,1,0,0,1,diff,b,,,,percent,SYNTHETIC,19.17,33.83,smoke-test fabrication; not a census value,SYNTHETIC_SMOKE_VALUE,,,,,
AgCensus2015-16 T2-4 Arunachal Pradesh/Small/area/STvsOthers,AgCensus2015-16,T2-4,Arunachal Pradesh,Small,area,STvsOthers,social_group,Scheduled Tribes,Other social groups,1,1,0,0,diff,a,,,,percent,SYNTHETIC,24.11,11.08,smoke-test fabrication; not a census value,SYNTHETIC_SMOKE_VALUE,,,,,
AgCensus2015-16 T2-4 Arunachal Pradesh/Small/number/SCvsST,AgCensus2015-16,T2-4,Arunachal Pradesh,Small,number,SCvsST,social_group,Scheduled Castes,Scheduled Tribes,1,1,0,0,diff,b,,,,percent,SYNTHETIC,26.08,40.56,smoke-test fabrication; not a census value,SYNTHETIC_SMOKE_VALUE,,,,,
AgCensus2015-16 T2-4 Arunachal Pradesh/Small/number/STvsOthers,AgCensus2015-16,T2-4,Arunachal Pradesh,Small,number,STvsOthers,social_group,Scheduled Tribes,Other social groups,1,1,0,0,diff,a,,,,percent,SYNTHETIC,49.98,29.76,smoke-test fabrication; not a census value,SYNTHETIC_SMOKE_VALUE,,,,,
AgCensus2015-16 T2-4 Assam/All Classes/area/SCvsOthers,AgCensus2015-16,T2-4,Assam,All Classes,area,SCvsOthers,social_group,Scheduled Castes,Other social groups,1,0,0,1,diff,b,,,,percent,SYNTHETIC,19.49,33.01,smoke-test fabrication; not a census value,SYNTHETIC_SMOKE_VALUE,,,,,
AgCensus2015-16 T2-4 Assam/All Classes/area/SCvsST,AgCensus2015-16,T2-4,Assam,All Classes,area,SCvsST,social_group,Scheduled Castes,Scheduled Tribes,1,1,0,0,diff,b,,,,percent,SYNTHETIC,6.29,28.18,smoke-test fabrication; not a census value,SYNTHETIC_SMOKE_VALUE,,,,,
AgCensus2015-16 T2-4 Assam/All Classes/area/STvsOthers,AgCensus2015-16,T2-4,Assam,All Classes,area,STvsOthers,social_group,Scheduled Tribes,Other social groups,1,0,0,1,diff,b,,,,percent,SYNTHETIC,27.25,40.71,smoke-test fabrication; not a census value,SYNTHETIC_SMOKE_VALUE,,,,,
AgCensus2015-16 T2-4 Assam/All Classes/number/SCvsOthers,AgCensus2015-16,T2-4,Assam,All Classes,number,SCvsOthers,social_group,Scheduled Castes,Other social groups,1,1,0,0,diff,b,,,,percent,SYNTHETIC,32.54,43.7,smoke-test fabrication; not a census value,SYNTHETIC_SMOKE_VALUE,,,,,
AgCensus2015-16 T2-4 Assam/All Classes/number/SCvsST,AgCensus2015-16,T2-4,Assam,All Classes,number,SCvsST,social_group,Scheduled Castes,Scheduled Tribes,1,1,0,0,diff,b,,,,percent,SYNTHETIC,25.38,48.86,smoke-test fabrication; not a census value,SYNTHETIC_SMOKE_VALUE,,,,,
AgCensus2015-16 T2-4 Assam/All Classes/number/STvsOthers,AgCensus2015-16,T2-4,Assam,All Classes,number,STvsOthers,social_group,Scheduled Tribes,Other social groups,1,0,0,1,diff,b,,,,percent,SYNTHETIC,26.81,47.65,smoke-test fabrication; not a census value,SYNTHETIC_SMOKE_VALUE,,,,,
AgCensus2015-16 T2-4 Assam/All/area/MarginalvsSemi-medium,AgCensus2015-16,T2-4,Assam,All,area,MarginalvsSemi-medium,landholding,marginal operated area,semi-medium operated area,4,4,0,0,equal,c,,,,percent,SYNTHETIC,10.28,11.37,smoke-test fabrication; not a census value,SYNTHETIC_SMOKE_VALUE,,,,,
AgCensus2015-16 T2-4 Assam/All/area/MarginalvsSmall,AgCensus2015-16,T2-4,Assam,All,area,MarginalvsSmall,landholding,marginal operated area,small operated area,3,3,0,0,equal,c,,,,percent,SYNTHETIC,31.43,35.38,smoke-test fabrication; not a census value,SYNTHETIC_SMOKE_VALUE,,,,,
AgCensus2015-16 T2-4 Assam/All/area/MediumvsLarge,AgCensus2015-16,T2-4,Assam,All,area,MediumvsLarge,landholding,medium operated area,large operated area,3,3,0,0,equal,c,,,,percent,SYNTHETIC,20.11,21.56,smoke-test fabrication; not a census value,SYNTHETIC_SMOKE_VALUE,,,,,
AgCensus2015-16 T2-4 Assam/All/area/SmallvsSemi-medium,AgCensus2015-16,T2-4,Assam,All,area,SmallvsSemi-medium,landholding,small operated area,semi-medium operated area,3,3,0,0,equal,c,,,,percent,SYNTHETIC,5.76,8.18,smoke-test fabrication; not a census value,SYNTHETIC_SMOKE_VALUE,,,,,
AgCensus2015-16 T2-4 Assam/All/number/MarginalvsLarge,AgCensus2015-16,T2-4,Assam,All,number,MarginalvsLarge,landholding,marginal holdings,large holdings,1,0,0,1,diff,a,,,,percent,SYNTHETIC,31.54,7.49,smoke-test fabrication; not a census value,SYNTHETIC_SMOKE_VALUE,,,,,
AgCensus2015-16 T2-4 Assam/All/number/MarginalvsSmall,AgCensus2015-16,T2-4,Assam,All,number,MarginalvsSmall,landholding,marginal holdings,small holdings,1,1,0,0,diff,a,,,,percent,SYNTHETIC,37.88,21.49,smoke-test fabrication; not a census value,SYNTHETIC_SMOKE_VALUE,,,,,
AgCensus2015-16 T2-4 Assam/All/number/Semi-mediumvsLarge,AgCensus2015-16,T2-4,Assam,All,number,Semi-mediumvsLarge,landholding,semi-medium holdings,large holdings,1,0,0,1,diff,a,,,,percent,SYNTHETIC,48.83,31.25,smoke-test fabrication; not a census value,SYNTHETIC_SMOKE_VALUE,,,,,
AgCensus2015-16 T2-4 Assam/All/number/SmallvsLarge,AgCensus2015-16,T2-4,Assam,All,number,SmallvsLarge,landholding,small holdings,large holdings,1,0,0,1,diff,a,,,,percent,SYNTHETIC,37.73,15.92,smoke-test fabrication; not a census value,SYNTHETIC_SMOKE_VALUE,,,,,
AgCensus2015-16 T2-4 Assam/All/number/SmallvsMedium,AgCensus2015-16,T2-4,Assam,All,number,SmallvsMedium,landholding,small holdings,medium holdings,1,1,0,0,diff,a,,,,percent,SYNTHETIC,50.28,29.07,smoke-test fabrication; not a census value,SYNTHETIC_SMOKE_VALUE,,,,,
AgCensus2015-16 T2-4 Assam/Large/area/SCvsOthers,AgCensus2015-16,T2-4,Assam,Large,area,SCvsOthers,social_group,Scheduled Castes,Other social groups,1,1,0,0,diff,b,,,,percent,SYNTHETIC,11.04,23.46,smoke-test fabrication; not a census value,SYNTHETIC_SMOKE_VALUE,,,,,
AgCensus2015-16 T2-4 Assam/Large/area/STvsOthers,AgCensus2015-16,T2-4,Assam,Large,area,STvsOthers,social_group,Scheduled Tribes,Other social groups,1,1,0,0,diff,b,,,,percent,SYNTHETIC,14.92,25.14,smoke-test fabrication; not a census value,SYNTHETIC_SMOKE_VALUE,,,,,
AgCensus2015-16 T2-4 Assam/Marginal/area/SCvsOthers,AgCensus2015-16,T2-4,Assam,Marginal,area,SCvsOthers,social_group,Scheduled Castes,Other social groups,1,1,0,0,diff,b,,,,percent,SYNTHETIC,33.75,55.97,smoke-test fabrication; not a census value,SYNTHETIC_SMOKE_VALUE,,,,,
AgCensus2015-16 T2-4 Assam/Marginal/area/SCvsST,AgCensus2015-16,T2-4,Assam,Marginal,area,SCvsST,social_group,Scheduled Castes,Scheduled Tribes,1,1,0,0,diff,b,,,,percent,SYNTHETIC,34.02,50.0,smoke-test fabrication; not a census value,SYNTHETIC_SMOKE_VALUE,,,,,
AgCensus2015-16 T2-4 Assam/Marginal/area/STvsOthers,AgCensus2015-16,T2-4,Assam,Marginal,area,STvsOthers,social_group,Scheduled Tribes,Other social groups,1,1,0,0,diff,b,,,,percent,SYNTHETIC,34.07,46.25,smoke-test fabrication; not a census value,SYNTHETIC_SMOKE_VALUE,,,,,
AgCensus2015-16 T2-4 Assam/Marginal/number/SCvsOthers,AgCensus2015-16,T2-4,Assam,Marginal,number,SCvsOthers,social_group,Scheduled Castes,Other social groups,1,0,0,1,diff,b,,,,percent,SYNTHETIC,14.11,34.07,smoke-test fabrication; not a census value,SYNTHETIC_SMOKE_VALUE,,,,,
AgCensus2015-16 T2-4 Assam/Marginal/number/STvsOthers,AgCensus2015-16,T2-4,Assam,Marginal,number,STvsOthers,social_group,Scheduled Tribes,Other social groups,1,1,0,0,diff,b,,,,percent,SYNTHETIC,32.87,52.59,smoke-test fabrication; not a census value,SYNTHETIC_SMOKE_VALUE,,,,,
AgCensus2015-16 T2-4 Assam/Medium/area/SCvsOthers,AgCensus2015-16,T2-4,Assam,Medium,area,SCvsOthers,social_group,Scheduled Castes,Other social groups,1,0,0,1,diff,b,,,,percent,SYNTHETIC,12.87,28.43,smoke-test fabrication; not a census value,SYNTHETIC_SMOKE_VALUE,,,,,
AgCensus2015-16 T2-4 Assam/Medium/area/SCvsST,AgCensus2015-16,T2-4,Assam,Medium,area,SCvsST,social_group,Scheduled Castes,Scheduled Tribes,1,1,0,0,diff,b,,,,percent,SYNTHETIC,31.8,56.46,smoke-test fabrication; not a census value,SYNTHETIC_SMOKE_VALUE,,,,,
AgCensus2015-16 T2-4 Assam/Medium/number/SCvsST,AgCensus2015-16,T2-4,Assam,Medium,number,SCvsST,social_group,Scheduled Castes,Scheduled Tribes,1,0,1,0,diff,b,,,,percent,SYNTHETIC,29.27,47.3,smoke-test fabrication; not a census value,SYNTHETIC_SMOKE_VALUE,,,,,
AgCensus2015-16 T2-4 Assam/Medium/number/STvsOthers,AgCensus2015-16,T2-4,Assam,Medium,number,STvsOthers,social_group,Scheduled Tribes,Other social groups,1,0,0,1,diff,b,,,,percent,SYNTHETIC,11.8,26.62,smoke-test fabrication; not a census value,SYNTHETIC_SMOKE_VALUE,,,,,
AgCensus2015-16 T2-4 Assam/SC/area/MarginalvsSemi-medium,AgCensus2015-16,T2-4,Assam,SC,area,MarginalvsSemi-medium,landholding,marginal operated area,semi-medium operated area,2,0,0,2,equal,c,,,,percent,SYNTHETIC,20.55,21.17,smoke-test fabrication; not a census value,SYNTHETIC_SMOKE_VALUE,,,,,
AgCensus2015-16 T2-4 Assam/SC/area/MarginalvsSmall,AgCensus2015-16,T2-4,Assam,SC,area,MarginalvsSmall,landholding,marginal operated area,small operated area,2,2,0,0,equal,c,,,,percent,SYNTHETIC,5.52,8.8,smoke-test fabrication; not a census value,SYNTHETIC_SMOKE_VALUE,,,,,
AgCensus2015-16 T2-4 Assam/SC/area/SmallvsSemi-medium,AgCensus2015-16,T2-4,Assam,SC,area,SmallvsSemi-medium,landholding,small operated area,semi-medium operated area,2,2,0,0,equal,c,,,,percent,SYNTHETIC,16.28,20.05,smoke-test fabrication; not a census value,SYNTHETIC_SMOKE_VALUE,,,,,
AgCensus2015-16 T2-4 Assam/SC/number/MarginalvsLarge,AgCensus2015-16,T2-4,Assam,SC,number,MarginalvsLarge,landholding,marginal holdings,large holdings,1,1,0,0,diff,a,,,,percent,SYNTHETIC,44.89,33.27,smoke-test fabrication; not a census value,SYNTHETIC_SMOKE_VALUE,,,,,
AgCensus2015-16 T2-4 Assam/SC/number/MarginalvsMedium,AgCensus2015-16,T2-4,Assam,SC,number,MarginalvsMedium,landholding,marginal holdings,medium holdings,1,0,0,1,diff,a,,,,percent,SYNTHETIC,39.48,15.76,smoke-test fabrication; not a census value,SYNTHETIC_SMOKE_VALUE,,,,,
AgCensus2015-16 T2-4 Assam/SC/number/MarginalvsSemi-medium,AgCensus2015-16,T2-4,Assam,SC,number,MarginalvsSemi-medium,landholding,marginal holdings,semi-medium holdings,1,0,0,1,diff,a,,,,percent,SYNTHETIC,48.83,25.69,smoke-test fabrication; not a census value,SYNTHETIC_SMOKE_VALUE,,,,,
AgCensus2015-16 T2-4 Assam/SC/number/MarginalvsSmall,AgCensus2015-16,T2-4,Assam,SC,number,MarginalvsSmall,landholding,marginal holdings,small holdings,1,0,0,1,diff,a,,,,percent,SYNTHETIC,42.02,17.19,smoke-test fabrication; not a census value,SYNTHETIC_SMOKE_VALUE,,,,,
AgCensus2015-16 T2-4 Assam/SC/number/Semi-mediumvsLarge,AgCensus2015-16,T2-4,Assam,SC,number,Semi-mediumvsLarge,landholding,semi-medium holdings,large holdings,1,0,0,1,diff,a,,,,percent,SYNTHETIC,44.62,30.12,smoke-test fabrication; not a census value,SYNTHETIC_SMOKE_VALUE,,,,,
AgCensus2015-16 T2-4 Assam/SC/number/SmallvsLarge,AgCensus2015-16,T2-4,Assam,SC,number,SmallvsLarge,landholding,small holdings,large holdings,1,1,0,0,diff,a,,,,percent,SYNTHETIC,32.35,19.11,smoke-test fabrication; not a census value,SYNTHETIC_SMOKE_VALUE,,,,,
AgCensus2015-16 T2-4 Assam/SC/number/SmallvsMedium,AgCensus2015-16,T2-4,Assam,SC,number,SmallvsMedium,landholding,small holdings,medium holdings,1,1,0,0,diff,a,,,,percent,SYNTHETIC,45.28,29.37,smoke-test fabrication; not a census value,SYNTHETIC_SMOKE_VALUE,,,,,
AgCensus2015-16 T2-4 Assam/ST/area/MarginalvsSmall,AgCensus2015-16,T2-4,Assam,ST,area,MarginalvsSmall,landholding,marginal operated area,small operated area,3,3,0,0,equal,c,,,,percent,SYNTHETIC,31.75,33.14,smoke-test fabrication; not a census value,SYNTHETIC_SMOKE_VALUE,,,,,
AgCensus2015-16 T2-4 Assam/ST/number/MarginalvsLarge,AgCensus2015-16,T2-4,Assam,ST,number,MarginalvsLarge,landholding,marginal holdings,large holdings,1,1,0,0,diff,a,,,,percent,SYNTHETIC,25.59,7.92,smoke-test fabrication; not a census value,SYNTHETIC_SMOKE_VALUE,,,,,
AgCensus2015-16 T2-4 Assam/ST/number/MarginalvsMedium,AgCensus2015-16,T2-4,Assam,ST,number,MarginalvsMedium,landholding,marginal holdings,medium holdings,1,0,0,1,diff,a,,,,percent,SYNTHETIC,25.03,6.47,smoke-test fabrication; not a census value,SYNTHETIC_SMOKE_VALUE,,,,,
AgCensus2015-16 T2-4 Assam/ST/number/MarginalvsSemi-medium,AgCensus2015-16,T2-4,Assam,ST,number,MarginalvsSemi-medium,landholding,marginal holdings,semi-medium holdings,1,1,0,0,diff,a,,,,percent,SYNTHETIC,33.89,11.52,smoke-test fabrication; not a census value,SYNTHETIC_SMOKE_VALUE,,,,,
AgCensus2015-16 T2-4 Assam/ST/number/MarginalvsSmall,AgCensus2015-16,T2-4,Assam,ST,number,MarginalvsSmall,landholding,marginal holdings,small holdings,1,1,0,0,diff,a,,,,percent,SYNTHETIC,38.46,25.96,smoke-test fabrication; not a census value,SYNTHETIC_SMOKE_VALUE,,,,,
AgCensus2015-16 T2-4 Assam/ST/number/Semi-mediumvsLarge,AgCensus2015-16,T2-4,Assam,ST,number,Semi-mediumvsLarge,landholding,semi-medium holdings,large holdings,1,1,0,0,diff,a,,,,percent,SYNTHETIC,50.32,34.82,smoke-test fabrication; not a census value,SYNTHETIC_SMOKE_VALUE,,,,,
AgCensus2015-16 T2-4 Assam/ST/number/Semi-mediumvsMedium,AgCensus2015-16,T2-4,Assam,ST,number,Semi-mediumvsMedium,landholding,semi-medium holdings,medium holdings,1,0,0,1,diff,a,,,,percent,SYNTHETIC,36.83,24.74,smoke-test fabrication; not a census value,SYNTHETIC_SMOKE_VALUE,,,,,
AgCensus2015-16 T2-4 Assam/ST/number/SmallvsLarge,AgCensus2015-16,T2-4,Assam,ST,number,SmallvsLarge,landholding,small holdings,large holdings,1,0,0,1,diff,a,,,,percent,SYNTHETIC,40.33,28.57,smoke-test fabrication; not a census value,SYNTHETIC_SMOKE_VALUE,,,,,
AgCensus2015-16 T2-4 Assam/ST/number/SmallvsMedium,AgCensus2015-16,T2-4,Assam,ST,number,SmallvsMedium,landholding,small holdings,medium holdings,1,1,0,0,diff,a,,,,percent,SYNTHETIC,22.58,10.74,smoke-test fabrication; not a census value,SYNTHETIC_SMOKE_VALUE,,,,,
AgCensus2015-16 T2-4 Assam/Semi-medium/area/SCvsOthers,AgCensus2015-16,T2-4,Assam,Semi-medium,area,SCvsOthers,social_group,Scheduled Castes,Other social groups,1,0,0,1,diff,b,,,,percent,SYNTHETIC,33.5,48.86,smoke-test fabrication; not a census value,SYNTHETIC_SMOKE_VALUE,,,,,
AgCensus2015-16 T2-4 Assam/Semi-medium/area/SCvsST,AgCensus2015-16,T2-4,Assam,Semi-medium,area,SCvsST,social_group,Scheduled Castes,Scheduled Tribes,1,0,0,1,diff,b,,,,percent,SYNTHETIC,15.3,36.02,smoke-test fabrication; not a census value,SYNTHETIC_SMOKE_VALUE,,,,,
AgCensus2015-16 T2-4 Assam/Semi-medium/area/STvsOthers,AgCensus2015-16,T2-4,Assam,Semi-medium,area,STvsOthers,social_group,Scheduled Tribes,Other social groups,1,0,0,1,diff,b,,,,percent,SYNTHETIC,15.89,37.35,smoke-test fabrication; not a census value,SYNTHETIC_SMOKE_VALUE,,,,,
AgCensus2015-16 T2-4 Assam/Semi-medium/number/SCvsOthers,AgCensus2015-16,T2-4,Assam,Semi-medium,number,SCvsOthers,social_group,Scheduled Castes,Other social groups,1,1,0,0,diff,b,,,,percent,SYNTHETIC,11.47,33.11,smoke-test fabrication; not a census value,SYNTHETIC_SMOKE_VALUE,,,,,
AgCensus2015-16 T2-4 Assam/Semi-medium/number/SCvsST,AgCensus2015-16,T2-4,Assam,Semi-medium,number,SCvsST,social_group,Scheduled Castes,Scheduled Tribes,1,0,0,1,diff,b,,,,percent,SYNTHETIC,14.78,26.15,smoke-test fabrication; not a census value,SYNTHETIC_SMOKE_VALUE,,,,,
AgCensus2015-16 T2-4 Assam/Semi-medium/number/STvsOthers,AgCensus2015-16,T2-4,Assam,Semi-medium,number,STvsOthers,social_group,Scheduled Tribes,Other social groups,1,1,0,0,diff,b,,,,percent,SYNTHETIC,6.14,28.08,smoke-test fabrication; not a census value,SYNTHETIC_SMOKE_VALUE,,,,,
AgCensus2015-16 T2-4 Assam/Small/area/SCvsOthers,AgCensus2015-16,T2-4,Assam,Small,area,SCvsOthers,social_group,Scheduled Castes,Other social groups,1,0,0,1,diff,b,,,,percent,SYNTHETIC,13.53,26.12,smoke-test fabrication; not a census value,SYNTHETIC_SMOKE_VALUE,,,,,
AgCensus2015-16 T2-4 Assam/Small/area/SCvsST,AgCensus2015-16,T2-4,Assam,Small,area,SCvsST,social_group,Scheduled Castes,Scheduled Tribes,1,0,0,1,diff,b,,,,percent,SYNTHETIC,33.74,51.42,smoke-test fabrication; not a census value,SYNTHETIC_SMOKE_VALUE,,,,,
AgCensus2015-16 T2-4 Assam/Small/area/STvsOthers,AgCensus2015-16,T2-4,Assam,Small,area,STvsOthers,social_group,Scheduled Tribes,Other social groups,1,0,0,1,diff,b,,,,percent,SYNTHETIC,29.28,44.84,smoke-test fabrication; not a census value,SYNTHETIC_SMOKE_VALUE,,,,,
AgCensus2015-16 T2-4 Assam/Small/number/SCvsOthers,AgCensus2015-16,T2-4,Assam,Small,number,SCvsOthers,social_group,Scheduled Castes,Other social groups,1,0,0,1,diff,b,,,,percent,SYNTHETIC,17.7,40.77,smoke-test fabrication; not a census value,SYNTHETIC_SMOKE_VALUE,,,,,
AgCensus2015-16 T2-4 Assam/Small/number/SCvsST,AgCensus2015-16,T2-4,Assam,Small,number,SCvsST,social_group,Scheduled Castes,Scheduled Tribes,1,1,0,0,diff,b,,,,percent,SYNTHETIC,32.08,50.49,smoke-test fabrication; not a census value,SYNTHETIC_SMOKE_VALUE,,,,,
AgCensus2015-16 T2-4 Assam/Small/number/STvsOthers,AgCensus2015-16,T2-4,Assam,Small,number,STvsOthers,social_group,Scheduled Tribes,Other social groups,1,1,0,0,diff,b,,,,percent,SYNTHETIC,9.82,27.71,smoke-test fabrication; not a census value,SYNTHETIC_SMOKE_VALUE,,,,,
AgCensus2015-16 T2-4 Bihar/All Classes/area/SCvsOthers,AgCensus2015-16,T2-4,Bihar,All Classes,area,SCvsOthers,social_group,Scheduled Castes,Other social groups,1,0,0,1,diff,b,,,,percent,SYNTHETIC,13.49,32.13,smoke-test fabrication; not a census value,SYNTHETIC_SMOKE_VALUE,,,,,
AgCensus2015-16 T2-4 Bihar/All Classes/area/STvsOthers,AgCensus2015-16,T2-4,Bihar,All Classes,area,STvsOthers,social_group,Scheduled Tribes,Other social groups,1,0,0,1,diff,b,,,,percent,SYNTHETIC,28.22,45.16,smoke-test fabrication; not a census value,SYNTHETIC_SMOKE_VALUE,,,,,
AgCensus2015-16 T2-4 Bihar/All Classes/number/SCvsOthers,AgCensus2015-16,T2-4,Bihar,All Classes,number,SCvsOthers,social_group,Scheduled Castes,Other social groups,1,1,0,0,diff,b,,,,percent,SYNTHETIC,17.73,32.3,smoke-test fabrication; not a census value,SYNTHETIC_SMOKE_VALUE,,,,,
AgCensus2015-16 T2-4 Bihar/All Classes/number/SCvsST,AgCensus2015-16,T2-4,Bihar,All Classes,number,SCvsST,social_group,Scheduled Castes,Scheduled Tribes,1,0,0,1,diff,a,,,,percent,SYNTHETIC,34.71,10.47,smoke-test fabrication; not a census value,SYNTHETIC_SMOKE_VALUE,,,,,
AgCensus2015-16 T2-4 Bihar/All Classes/number/STvsOthers,AgCensus2015-16,T2-4,Bihar,All Classes,number,STvsOthers,social_group,Scheduled Tribes,Other social groups,1,1,0,0,diff,b,,,,percent,SYNTHETIC,23.29,38.34,smoke-test fabrication; not a census value,SYNTHETIC_SMOKE_VALUE,,,,,
AgCensus2015-16 T2-4 Bihar/All/area/SmallvsSemi-medium,AgCensus2015-16,T2-4,Bihar,All,area,SmallvsSemi-medium,landholding,small operated area,semi-medium operated area,2,2,0,0,equal,c,,,,percent,SYNTHETIC,30.43,30.54,smoke-test fabrication; not a census value,SYNTHETIC_SMOKE_VALUE,,,,,
AgCensus2015-16 T2-4 Bihar/All/number/MarginalvsLarge,AgCensus2015-16,T2-4,Bihar,All,number,MarginalvsLarge,landholding,marginal holdings,large holdings,1,1,0,0,diff,a,,,,percent,SYNTHETIC,33.72,14.06,smoke-test fabrication; not a census value,SYNTHETIC_SMOKE_VALUE,,,,,
AgCensus2015-16 T2-4 Bihar/All/number/MarginalvsMedium,AgCensus2015-16,T2-4,Bihar,All,number,MarginalvsMedium,landholding,marginal holdings,medium holdings,1,1,0,0,diff,a,,,,percent,SYNTHETIC,38.8,15.34,smoke-test fabrication; not a census value,SYNTHETIC_SMOKE_VALUE,,,,,
AgCensus2015-16 T2-4 Bihar/All/number/MarginalvsSmall,AgCensus2015-16,T2-4,Bihar,All,number,MarginalvsSmall,landholding,marginal holdings,small holdings,1,0,0,1,diff,a,,,,percent,SYNTHETIC,50.04,33.59,smoke-test fabrication; not a census value,SYNTHETIC_SMOKE_VALUE,,,,,
AgCensus2015-16 T2-4 Bihar/All/number/SmallvsSemi-medium,AgCensus2015-16,T2-4,Bihar,All,number,SmallvsSemi-medium,landholding,small holdings,semi-medium holdings,3,0,0,3,equal,c,,,,percent,SYNTHETIC,17.71,19.2,smoke-test fabrication; not a census value,SYNTHETIC_SMOKE_VALUE,,,,,
AgCensus2015-16 T2-4 Bihar/Large/area/SCvsOthers,AgCensus2015-16,T2-4,Bihar,Large,area,SCvsOthers,social_group,Scheduled Castes,Other social groups,1,0,0,1,diff,b,,,,percent,SYNTHETIC,6.84,31.43,smoke-test fabrication; not a census value,SYNTHETIC_SMOKE_VALUE,,,,,
AgCensus2015-16 T2-4 Bihar/Marginal/area/SCvsOthers,AgCensus2015-16,T2-4,Bihar,Marginal,area,SCvsOthers,social_group,Scheduled Castes,Other social groups,1,1,0,0,diff,b,,,,percent,SYNTHETIC,18.75,31.07,smoke-test fabrication; not a census value,SYNTHETIC_SMOKE_VALUE,,,,,
AgCensus2015-16 T2-4 Bihar/Marginal/area/STvsOthers,AgCensus2015-16,T2-4,Bihar,Marginal,area,STvsOthers,social_group,Scheduled Tribes,Other social groups,1,1,0,0,diff,b,,,,percent,SYNTHETIC,34.38,57.35,smoke-test fabrication; not a census value,SYNTHETIC_SMOKE_VALUE,,,,,
AgCensus2015-16 T2-4 Bihar/Marginal/number/SCvsOthers,AgCensus2015-16,T2-4,Bihar,Marginal,number,SCvsOthers,social_group,Scheduled Castes,Other social groups,1,0,0,1,diff,b,,,,percent,SYNTHETIC,9.44,29.21,smoke-test fabrication; not a census value,SYNTHETIC_SMOKE_VALUE,,,,,
AgCensus2015-16 T2-4 Bihar/Marginal/number/SCvsST,AgCensus2015-16,T2-4,Bihar,Marginal,number,SCvsST,social_group,Scheduled Castes,Scheduled Tribes,1,1,0,0,diff,a,,,,percent,SYNTHETIC,31.92,15.4,smoke-test fabrication; not a census value,SYNTHETIC_SMOKE_VALUE,,,,,
AgCensus2015-16 T2-4 Bihar/Marginal/number/STvsOthers,AgCensus2015-16,T2-4,Bihar,Marginal,number,STvsOthers,social_group,Scheduled Tribes,Other social groups,1,0,1,0,diff,b,,,,percent,SYNTHETIC,8.13,18.53,smoke-test fabrication; not a census value,SYNTHETIC_SMOKE_VALUE,,,,,
AgCensus2015-16 T2-4 Bihar/Medium/area/SCvsOthers,AgCensus2015-16,T2-4,Bihar,Medium,area,SCvsOthers,social_group,Scheduled Castes,Other social groups,1,1,0,0,diff,b,,,,percent,SYNTHETIC,32.32,54.63,smoke-test fabrication; not a census value,SYNTHETIC_SMOKE_VALUE,,,,,
AgCensus2015-16 T2-4 Bihar/Medium/area/STvsOthers,AgCensus2015-16,T2-4,Bihar,Medium,area,STvsOthers,social_group,Scheduled Tribes,Other social groups,1,1,0,0,diff,b,,,,percent,SYNTHETIC,16.7,28.56,smoke-test fabrication; not a census value,SYNTHETIC_SMOKE_VALUE,,,,,
AgCensus2015-16 T2-4 Bihar/Medium/number/SCvsOthers,AgCensus2015-16,T2-4,Bihar,Medium,number,SCvsOthers,social_group,Scheduled Castes,Other social groups,1,1,0,0,diff,b,,,,percent,SYNTHETIC,24.89,43.97,smoke-test fabrication; not a census value,SYNTHETIC_SMOKE_VALUE,,,,,
AgCensus2015-16 T2-4 Bihar/Medium/number/STvsOthers,AgCensus2015-16,T2-4,Bihar,Medium,number,STvsOthers,social_group,Scheduled Tribes,Other social groups,1,0,0,1,diff,b,,,,percent,SYNTHETIC,18.96,38.24,smoke-test fabrication; not a census value,SYNTHETIC_SMOKE_VALUE,,,,,
AgCensus2015-16 T2-4 Bihar/ST/area/MediumvsLarge,AgCensus2015-16,T2-4,Bihar,ST,area,MediumvsLarge,landholding,medium operated area,large operated area,2,0,0,2,equal,c,,,,percent,SYNTHETIC,22.11,24.63,smoke-test fabrication; not a census value,SYNTHETIC_SMOKE_VALUE,,,,,
AgCensus2015-16 T2-4 Bihar/ST/area/SmallvsSemi-medium,AgCensus2015-16,T2-4,Bihar,ST,area,SmallvsSemi-medium,landholding,small operated area,semi-medium operated area,3,3,0,0,equal,c,,,,percent,SYNTHETIC,24.39,25.14,smoke-test fabrication; not a census value,SYNTHETIC_SMOKE_VALUE,,,,,
AgCensus2015-16 T2-4 Bihar/ST/number/MarginalvsLarge,AgCensus2015-16,T2-4,Bihar,ST,number,MarginalvsLarge,landholding,marginal holdings,large holdings,1,1,0,0,diff,a,,,,percent,SYNTHETIC,49.95,31.61,smoke-test fabrication; not a census value,SYNTHETIC_SMOKE_VALUE,,,,,
AgCensus2015-16 T2-4 Bihar/ST/number/MarginalvsMedium,AgCensus2015-16,T2-4,Bihar,ST,number,MarginalvsMedium,landholding,marginal holdings,medium holdings,1,0,0,1,diff,a,,,,percent,SYNTHETIC,27.33,11.77,smoke-test fabrication; not a census value,SYNTHETIC_SMOKE_VALUE,,,,,
AgCensus2015-16 T2-4 Bihar/ST/number/MarginalvsSemi-medium,AgCensus2015-16,T2-4,Bihar,ST,number,MarginalvsSemi-medium,landholding,marginal holdings,semi-medium holdings,1,1,0,0,diff,a,,,,percent,SYNTHETIC,33.15,14.49,smoke-test fabrication; not a census value,SYNTHETIC_SMOKE_VALUE,,,,,
AgCensus2015-16 T2-4 Bihar/ST/number/MarginalvsSmall,AgCensus2015-16,T2-4,Bihar,ST,number,MarginalvsSmall,landholding,marginal holdings,small holdings,1,1,0,0,diff,a,,,,percent,SYNTHETIC,36.41,11.47,smoke-test fabrication; not a census value,SYNTHETIC_SMOKE_VALUE,,,,,
AgCensus2015-16 T2-4 Bihar/ST/number/SmallvsSemi-medium,AgCensus2015-16,T2-4,Bihar,ST,number,SmallvsSemi-medium,landholding,small holdings,semi-medium holdings,4,4,0,0,equal,c,,,,percent,SYNTHETIC,31.36,33.01,smoke-test fabrication; not a census value,SYNTHETIC_SMOKE_VALUE,,,,,
AgCensus2015-16 T2-4 Bihar/Semi-medium/area/SCvsOthers,AgCensus2015-16,T2-4,Bihar,Semi-medium,area,SCvsOthers,social_group,Scheduled Castes,Other social groups,1,1,0,0,diff,b,,,,percent,SYNTHETIC,7.94,18.92,smoke-test fabrication; not a census value,SYNTHETIC_SMOKE_VALUE,,,,,
AgCensus2015-16 T2-4 Bihar/Semi-medium/area/STvsOthers,AgCensus2015-16,T2-4,Bihar,Semi-medium,area,STvsOthers,social_group,Scheduled Tribes,Other social groups,1,0,1,0,diff,b,,,,percent,SYNTHETIC,7.25,30.27,smoke-test fabrication; not a census value,SYNTHETIC_SMOKE_VALUE,,,,,
AgCensus2015-16 T2-4 Bihar/Semi-medium/number/SCvsOthers,AgCensus2015-16,T2-4,Bihar,Semi-medium,number,SCvsOthers,social_group,Scheduled Castes,Other social groups,1,1,0,0,diff,b,,,,percent,SYNTHETIC,26.15,46.74,smoke-test fabrication; not a census value,SYNTHETIC_SMOKE_VALUE,,,,,
AgCensus2015-16 T2-4 Bihar/Semi-medium/number/STvsOthers,AgCensus2015-16,T2-4,Bihar,Semi-medium,number,STvsOthers,social_group,Scheduled Tribes,Other social groups,1,1,0,0,diff,b,,,,percent,SYNTHETIC,16.64,30.36,smoke-test fabrication; not a census value,SYNTHETIC_SMOKE_VALUE,,,,,
AgCensus2015-16 T2-4 Bihar/Small/area/SCvsOthers,AgCensus2015-16,T2-4,Bihar,Small,area,SCvsOthers,social_group,Scheduled Castes,Other social groups,1,1,0,0,diff,b,,,,percent,SYNTHETIC,11.79,32.48,smoke-test fabrication; not a census value,SYNTHETIC_SMOKE_VALUE,,,,,
AgCensus2015-16 T2-4 Bihar/Small/area/STvsOthers,AgCensus2015-16,T2-4,Bihar,Small,area,STvsOthers,social_group,Scheduled Tribes,Other social groups,1,1,0,0,diff,b,,,,percent,SYNTHETIC,12.39,27.25,smoke-test fabrication; not a census value,SYNTHETIC_SMOKE_VALUE,,,,,
AgCensus2015-16 T2-4 Bihar/Small/number/SCvsOthers,AgCensus2015-16,T2-4,Bihar,Small,number,SCvsOthers,social_group,Scheduled Castes,Other social groups,1,0,0,1,diff,b,,,,percent,SYNTHETIC,30.33,48.51,smoke-test fabrication; not a census value,SYNTHETIC_SMOKE_VALUE,,,,,
AgCensus2015-16 T2-4 Bihar/Small/number/STvsOthers,AgCensus2015-16,T2-4,Bihar,Small,number,STvsOthers,social_group,Scheduled Tribes,Other social groups,1,1,0,0,diff,b,,,,percent,SYNTHETIC,19.29,37.92,smoke-test fabrication; not a census value,SYNTHETIC_SMOKE_VALUE,,,,,
AgCensus2015-16 T2-4 Chhattisgarh/All Classes/area/SCvsOthers,AgCensus2015-16,T2-4,Chhattisgarh,All Classes,area,SCvsOthers,social_group,Scheduled Castes,Other social groups,1,0,0,1,diff,b,,,,percent,SYNTHETIC,19.37,39.65,smoke-test fabrication; not a census value,SYNTHETIC_SMOKE_VALUE,,,,,
AgCensus2015-16 T2-4 Chhattisgarh/All Classes/area/SCvsST,AgCensus2015-16,T2-4,Chhattisgarh,All Classes,area,SCvsST,social_group,Scheduled Castes,Scheduled Tribes,1,1,0,0,diff,b,,,,percent,SYNTHETIC,23.51,34.88,smoke-test fabrication; not a census value,SYNTHETIC_SMOKE_VALUE,,,,,
AgCensus2015-16 T2-4 Chhattisgarh/All Classes/number/SCvsOthers,AgCensus2015-16,T2-4,Chhattisgarh,All Classes,number,SCvsOthers,social_group,Scheduled Castes,Other social groups,1,0,1,0,diff,b,,,,percent,SYNTHETIC,13.66,30.97,smoke-test fabrication; not a census value,SYNTHETIC_SMOKE_VALUE,,,,,
AgCensus2015-16 T2-4 Chhattisgarh/All Classes/number/SCvsST,AgCensus2015-16,T2-4,Chhattisgarh,All Classes,number,SCvsST,social_group,Scheduled Castes,Scheduled Tribes,1,1,0,0,diff,b,,,,percent,SYNTHETIC,25.36,40.6,smoke-test fabrication; not a census value,SYNTHETIC_SMOKE_VALUE,,,,,
AgCensus2015-16 T2-4 Chhattisgarh/All/area/MarginalvsMedium,AgCensus2015-16,T2-4,Chhattisgarh,All,area,MarginalvsMedium,landholding,marginal operated area,medium operated area,2,0,0,2,equal,c,,,,percent,SYNTHETIC,11.67,13.05,smoke-test fabrication; not a census value,SYNTHETIC_SMOKE_VALUE,,,,,
AgCensus2015-16 T2-4 Chhattisgarh/All/area/MarginalvsSmall,AgCensus2015-16,T2-4,Chhattisgarh,All,area,MarginalvsSmall,landholding,marginal operated area,small operated area,3,0,0,3,equal,c,,,,percent,SYNTHETIC,29.7,33.07,smoke-test fabrication; not a census value,SYNTHETIC_SMOKE_VALUE,,,,,
AgCensus2015-16 T2-4 Chhattisgarh/All/area/SmallvsMedium,AgCensus2015-16,T2-4,Chhattisgarh,All,area,SmallvsMedium,landholding,small operated area,medium operated area,1,0,0,1,equal,c,,,,percent,SYNTHETIC,14.63,15.5,smoke-test fabrication; not a census value,SYNTHETIC_SMOKE_VALUE,,,,,
AgCensus2015-16 T2-4 Chhattisgarh/All/area/SmallvsSemi-medium,AgCensus2015-16,T2-4,Chhattisgarh,All,area,SmallvsSemi-medium,landholding,small operated area,semi-medium operated area,3,0,0,3,equal,c,,,,percent,SYNTHETIC,31.85,35.41,smoke-test fabrication; not a census value,SYNTHETIC_SMOKE_VALUE,,,,,
AgCensus2015-16 T2-4 Chhattisgarh/All/number/MarginalvsLarge,AgCensus2015-16,T2-4,Chhattisgarh,All,number,MarginalvsLarge,landholding,marginal holdings,large holdings,1,0,0,1,diff,a,,,,percent,SYNTHETIC,33.66,19.95,smoke-test fabrication; not a census value,SYNTHETIC_SMOKE_VALUE,,,,,
AgCensus2015-16 T2-4 Chhattisgarh/All/number/MarginalvsMedium,AgCensus2015-16,T2-4,Chhattisgarh,All,number,MarginalvsMedium,landholding,marginal holdings,medium holdings,1,1,0,0,diff,a,,,,percent,SYNTHETIC,53.64,32.1,smoke-test fabrication; not a census value,SYNTHETIC_SMOKE_VALUE,,,,,
AgCensus2015-16 T2-4 Chhattisgarh/All/number/MarginalvsSemi-medium,AgCensus2015-16,T2-4,Chhattisgarh,All,number,MarginalvsSemi-medium,landholding,marginal holdings,semi-medium holdings,1,1,0,0,diff,a,,,,percent,SYNTHETIC,34.89,23.63,smoke-test fabrication; not a census value,SYNTHETIC_SMOKE_VALUE,,,,,
AgCensus2015-16 T2-4 Chhattisgarh/All/number/MarginalvsSmall,AgCensus2015-16,T2-4,Chhattisgarh,All,number,MarginalvsSmall,landholding,marginal holdings,small holdings,1,0,0,1,diff,a,,,,percent,SYNTHETIC,32.17,8.58,smoke-test fabrication; not a census value,SYNTHETIC_SMOKE_VALUE,,,,,
AgCensus2015-16 T2-4 Chhattisgarh/All/number/Semi-mediumvsLarge,AgCensus2015-16,T2-4,Chhattisgarh,All,number,Semi-mediumvsLarge,landholding,semi-medium holdings,large holdings,1,0,0,1,diff,a,,,,percent,SYNTHETIC,30.8,10.16,smoke-test fabrication; not a census value,SYNTHETIC_SMOKE_VALUE,,,,,
AgCensus2015-16 T2-4 Chhattisgarh/All/number/SmallvsLarge,AgCensus2015-16,T2-4,Chhattisgarh,All,number,SmallvsLarge,landholding,small holdings,large holdings,1,1,0,0,diff,a,,,,percent,SYNTHETIC,20.19,5.33,smoke-test fabrication; not a census value,SYNTHETIC_SMOKE_VALUE,,,,,
AgCensus2015-16 T2-4 Chhattisgarh/All/number/SmallvsMedium,AgCensus2015-16,T2-4,Chhattisgarh,All,number,SmallvsMedium,landholding,small holdings,medium holdings,1,0,1,0,diff,a,,,,percent,SYNTHETIC,41.13,21.59,smoke-test fabrication; not a census value,SYNTHETIC_SMOKE_VALUE,,,,,
AgCensus2015-16 T2-4 Chhattisgarh/Large/area/SCvsOthers,AgCensus2015-16,T2-4,Chhattisgarh,Large,area,SCvsOthers,social_group,Scheduled Castes,Other social groups,1,1,0,0,diff,b,,,,percent,SYNTHETIC,5.08,26.19,smoke-test fabrication; not a census value,SYNTHETIC_SMOKE_VALUE,,,,,
AgCensus2015-16 T2-4 Chhattisgarh/Large/area/STvsOthers,AgCensus2015-16,T2-4,Chhattisgarh,Large,area,STvsOthers,social_group,Scheduled Tribes,Other social groups,1,0,1,0,diff,a,,,,percent,SYNTHETIC,24.57,11.36,smoke-test fabrication; not a census value,SYNTHETIC_SMOKE_VALUE,,,,,
AgCensus2015-16 T2-4 Chhattisgarh/Large/number/SCvsOthers,AgCensus2015-16,T2-4,Chhattisgarh,Large,number,SCvsOthers,social_group,Scheduled Castes,Other social groups,1,0,1,0,diff,b,,,,percent,SYNTHETIC,15.24,35.23,smoke-test fabrication; not a census value,SYNTHETIC_SMOKE_VALUE,,,,,
AgCensus2015-16 T2-4 Chhattisgarh/Large/number/SCvsST,AgCensus2015-16,T2-4,Chhattisgarh,Large,number,SCvsST,social_group,Scheduled Castes,Scheduled Tribes,1,1,0,0,diff,b,,,,percent,SYNTHETIC,30.06,51.92,smoke-test fabrication; not a census value,SYNTHETIC_SMOKE_VALUE,,,,,
AgCensus2015-16 T2-4 Chhattisgarh/Large/number/STvsOthers,AgCensus2015-16,T2-4,Chhattisgarh,Large,number,STvsOthers,social_group,Scheduled Tribes,Other social groups,1,0,1,0,diff,a,,,,percent,SYNTHETIC,39.16,28.23,smoke-test fabrication; not a census value,SYNTHETIC_SMOKE_VALUE,,,,,
AgCensus2015-16 T2-4 Chhattisgarh/Marginal/area/SCvsOthers,AgCensus2015-16,T2-4,Chhattisgarh,Marginal,area,SCvsOthers,social_group,Scheduled Castes,Other social groups,1,1,0,0,diff,b,,,,percent,SYNTHETIC,23.1,47.98,smoke-test fabrication; not a census value,SYNTHETIC_SMOKE_VALUE,,,,,
AgCensus2015-16 T2-4 Chhattisgarh/Marginal/area/SCvsST,AgCensus2015-16,T2-4,Chhattisgarh,Marginal,area,SCvsST,social_group,Scheduled Castes,Scheduled Tribes,1,1,0,0,diff,b,,,,percent,SYNTHETIC,9.34,19.38,smoke-test fabrication; not a census value,SYNTHETIC_SMOKE_VALUE,,,,,
AgCensus2015-16 T2-4 Chhattisgarh/Marginal/area/STvsOthers,AgCensus2015-16,T2-4,Chhattisgarh,Marginal,area,STvsOthers,social_group,Scheduled Tribes,Other social groups,1,0,0,1,diff,b,,,,percent,SYNTHETIC,24.08,43.25,smoke-test fabrication; not a census value,SYNTHETIC_SMOKE_VALUE,,,,,
AgCensus2015-16 T2-4 Chhattisgarh/Marginal/number/SCvsOthers,AgCensus2015-16,T2-4,Chhattisgarh,Marginal,number,SCvsOthers,social_group,Scheduled Castes,Other social groups,1,0,0,1,diff,b,,,,percent,SYNTHETIC,18.78,31.0,smoke-test fabrication; not a census value,SYNTHETIC_SMOKE_VALUE,,,,,
AgCensus2015-16 T2-4 Chhattisgarh/Marginal/number/STvsOthers,AgCensus2015-16,T2-4,Chhattisgarh,Marginal,number,STvsOthers,social_group,Scheduled Tribes,Other social groups,1,1,0,0,diff,b,,,,percent,SYNTHETIC,23.43,47.68,smoke-test fabrication; not a census value,SYNTHETIC_SMOKE_VALUE,,,,,
AgCensus2015-16 T2-4 Chhattisgarh/Medium/area/SCvsOthers,AgCensus2015-16,T2-4,Chhattisgarh,Medium,area,SCvsOthers,social_group,Scheduled Castes,Other social groups,1,0,0,1,diff,b,,,,percent,SYNTHETIC,10.9,28.53,smoke-test fabrication; not a census value,SYNTHETIC_SMOKE_VALUE,,,,,
AgCensus2015-16 T2-4 Chhattisgarh/Medium/area/SCvsST,AgCensus2015-16,T2-4,Chhattisgarh,Medium,area,SCvsST,social_group,Scheduled Castes,Scheduled Tribes,1,1,0,0,diff,b,,,,percent,SYNTHETIC,22.7,33.23,smoke-test fabrication; not a census value,SYNTHETIC_SMOKE_VALUE,,,,,
AgCensus2015-16 T2-4 Chhattisgarh/Medium/area/STvsOthers,AgCensus2015-16,T2-4,Chhattisgarh,Medium,area,STvsOthers,social_group,Scheduled Tribes,Other social groups,1,1,0,0,diff,a,,,,percent,SYNTHETIC,54.48,30.24,smoke-test fabrication; not a census value,SYNTHETIC_SMOKE_VALUE,,,,,
AgCensus2015-16 T2-4 Chhattisgarh/Medium/number/SCvsOthers,AgCensus2015-16,T2-4,Chhattisgarh,Medium,number,SCvsOthers,social_group,Scheduled Castes,Other social groups,1,0,0,1,diff,b,,,,percent,SYNTHETIC,24.09,43.16,smoke-test fabrication; not a census value,SYNTHETIC_SMOKE_VALUE,,,,,
AgCensus2015-16 T2-4 Chhattisgarh/Medium/number/SCvsST,AgCensus2015-16,T2-4,Chhattisgarh,Medium,number,SCvsST,social_group,Scheduled Castes,Scheduled Tribes,1,0,1,0,diff,b,,,,percent,SYNTHETIC,15.1,26.94,smoke-test fabrication; not a census value,SYNTHETIC_SMOKE_VALUE,,,,,
AgCensus2015-16 T2-4 Chhattisgarh/SC/number/MarginalvsLarge,AgCensus2015-16,T2-4,Chhattisgarh,SC,number,MarginalvsLarge,landholding,marginal holdings,large holdings,1,1,0,0,diff,a,,,,percent,SYNTHETIC,49.95,25.77,smoke-test fabrication; not a census value,SYNTHETIC_SMOKE_VALUE,,,,,
AgCensus2015-16 T2-4 Chhattisgarh/SC/number/MarginalvsMedium,AgCensus2015-16,T2-4,Chhattisgarh,SC,number,MarginalvsMedium,landholding,marginal holdings,medium holdings,1,0,0,1,diff,a,,,,percent,SYNTHETIC,25.4,9.92,smoke-test fabrication; not a census value,SYNTHETIC_SMOKE_VALUE,,,,,
AgCensus2015-16 T2-4 Chhattisgarh/SC/number/MarginalvsSemi-medium,AgCensus2015-16,T2-4,Chhattisgarh,SC,number,MarginalvsSemi-medium,landholding,marginal holdings,semi-medium holdings,1,0,0,1,diff,a,,,,percent,SYNTHETIC,28.82,17.64,smoke-test fabrication; not a census value,SYNTHETIC_SMOKE_VALUE,,,,,
AgCensus2015-16 T2-4 Chhattisgarh/SC/number/MarginalvsSmall,AgCensus2015-16,T2-4,Chhattisgarh,SC,number,MarginalvsSmall,landholding,marginal holdings,small holdings,1,1,0,0,diff,a,,,,percent,SYNTHETIC,39.66,28.07,smoke-test fabrication; not a census value,SYNTHETIC_SMOKE_VALUE,,,,,
AgCensus2015-16 T2-4 Chhattisgarh/SC/number/SmallvsLarge,AgCensus2015-16,T2-4,Chhattisgarh,SC,number,SmallvsLarge,landholding,small holdings,large holdings,1,0,0,1,diff,a,,,,percent,SYNTHETIC,30.8,12.99,smoke-test fabrication; not a census value,SYNTHETIC_SMOKE_VALUE,,,,,
AgCensus2015-16 T2-4 Chhattisgarh/SC/number/SmallvsMedium,AgCensus2015-16,T2-4,Chhattisgarh,SC,number,SmallvsMedium,landholding,small holdings,medium holdings,1,1,0,0,diff,a,,,,percent,SYNTHETIC,29.8,6.19,smoke-test fabrication; not a census value,SYNTHETIC_SMOKE_VALUE,,,,,
AgCensus2015-16 T2-4 Chhattisgarh/SC/number/SmallvsSemi-medium,AgCensus2015-16,T2-4,Chhattisgarh,SC,number,SmallvsSemi-medium,landholding,small holdings,semi-medium holdings,1,1,0,0,diff,a,,,,percent,SYNTHETIC,46.93,24.2,smoke-test fabrication; not a census value,SYNTHETIC_SMOKE_VALUE,,,,,
AgCensus2015-16 T2-4 Chhattisgarh/ST/area/MarginalvsLarge,AgCensus2015-16,T2-4,Chhattisgarh,ST,area,MarginalvsLarge,landholding,marginal operated area,large operated area,1,0,0,1,equal,c,,,,percent,SYNTHETIC,14.29,16.99,smoke-test fabrication; not a census value,SYNTHETIC_SMOKE_VALUE,,,,,
AgCensus2015-16 T2-4 Chhattisgarh/ST/number/MarginalvsLarge,AgCensus2015-16,T2-4,Chhattisgarh,ST,number,MarginalvsLarge,landholding,marginal holdings,large holdings,1,1,0,0,diff,a,,,,percent,SYNTHETIC,22.77,7.48,smoke-test fabrication; not a census value,SYNTHETIC_SMOKE_VALUE,,,,,
AgCensus2015-16 T2-4 Chhattisgarh/ST/number/MarginalvsMedium,AgCensus2015-16,T2-4,Chhattisgarh,ST,number,MarginalvsMedium,landholding,marginal holdings,medium holdings,1,1,0,0,diff,a,,,,percent,SYNTHETIC,47.04,25.1,smoke-test fabrication; not a census value,SYNTHETIC_SMOKE_VALUE,,,,,
AgCensus2015-16 T2-4 Chhattisgarh/ST/number/MarginalvsSemi-medium,AgCensus2015-16,T2-4,Chhattisgarh,ST,number,MarginalvsSemi-medium,landholding,marginal holdings,semi-medium holdings,1,0,1,0,diff,a,,,,percent,SYNTHETIC,46.8,26.92,smoke-test fabrication; not a census value,SYNTHETIC_SMOKE_VALUE,,,,,
AgCensus2015-16 T2-4 Chhattisgarh/ST/number/MarginalvsSmall,AgCensus2015-16,T2-4,Chhattisgarh,ST,number,MarginalvsSmall,landholding,marginal holdings,small holdings,1,1,0,0,diff,a,,,,percent,SYNTHETIC,43.88,25.11,smoke-test fabrication; not a census value,SYNTHETIC_SMOKE_VALUE,,,,,
AgCensus2015-16 T2-4 Chhattisgarh/ST/number/Semi-mediumvsLarge,AgCensus2015-16,T2-4,Chhattisgarh,ST,number,Semi-mediumvsLarge,landholding,semi-medium holdings,large holdings,1,1,0,0,diff,a,,,,percent,SYNTHETIC,38.17,24.96,smoke-test fabrication; not a census value,SYNTHETIC_SMOKE_VALUE,,,,,
AgCensus2015-16 T2-4 Chhattisgarh/ST/number/Semi-mediumvsMedium,AgCensus2015-16,T2-4,Chhattisgarh,ST,number,Semi-mediumvsMedium,landholding,semi-medium holdings,medium holdings,1,1,0,0,diff,a,,,,percent,SYNTHETIC,42.23,23.86,smoke-test fabrication; not a census value,SYNTHETIC_SMOKE_VALUE,,,,,
AgCensus2015-16 T2-4 Chhattisgarh/ST/number/SmallvsMedium,AgCensus2015-16,T2-4,Chhattisgarh,ST,number,SmallvsMedium,landholding,small holdings,medium holdings,1,1,0,0,diff,a,,,,percent,SYNTHETIC,26.33,6.49,smoke-test fabrication; not a census value,SYNTHETIC_SMOKE_VALUE,,,,,
AgCensus2015-16 T2-4 Chhattisgarh/Semi-medium/area/SCvsOthers,AgCensus2015-16,T2-4,Chhattisgarh,Semi-medium,area,SCvsOthers,social_group,Scheduled Castes,Other social groups,1,1,0,0,diff,b,,,,percent,SYNTHETIC,34.46,53.95,smoke-test fabrication; not a census value,SYNTHETIC_SMOKE_VALUE,,,,,
AgCensus2015-16 T2-4 Chhattisgarh/Semi-medium/area/SCvsST,AgCensus2015-16,T2-4,Chhattisgarh,Semi-medium,area,SCvsST,social_group,Scheduled Castes,Scheduled Tribes,1,1,0,0,diff,b,,,,percent,SYNTHETIC,17.74,40.0,smoke-test fabrication; not a census value,SYNTHETIC_SMOKE_VALUE,,,,,
AgCensus2015-16 T2-4 Chhattisgarh/Semi-medium/area/STvsOthers,AgCensus2015-16,T2-4,Chhattisgarh,Semi-medium,area,STvsOthers,social_group,Scheduled Tribes,Other social groups,8,8,0,0,equal,c,,,,percent,SYNTHETIC,33.14,37.33,smoke-test fabrication; not a census value,SYNTHETIC_SMOKE_VALUE,,,,,
AgCensus2015-16 T2-4 Chhattisgarh/Semi-medium/number/SCvsOthers,AgCensus2015-16,T2-4,Chhattisgarh,Semi-medium,number,SCvsOthers,social_group,Scheduled Castes,Other social groups,1,1,0,0,diff,b,,,,percent,SYNTHETIC,29.02,51.05,smoke-test fabrication; not a census value,SYNTHETIC_SMOKE_VALUE,,,,,
AgCensus2015-16 T2-4 Chhattisgarh/Semi-medium/number/SCvsST,AgCensus2015-16,T2-4,Chhattisgarh,Semi-medium,number,SCvsST,social_group,Scheduled Castes,Scheduled Tribes,1,0,0,1,diff,b,,,,percent,SYNTHETIC,24.74,38.99,smoke-test fabrication; not a census value,SYNTHETIC_SMOKE_VALUE,,,,,
AgCensus2015-16 T2-4 Chhattisgarh/Semi-medium/number/STvsOthers,AgCensus2015-16,T2-4,Chhattisgarh,Semi-medium,number,STvsOthers,social_group,Scheduled Tribes,Other social groups,8,8,0,0,equal,c,,,,percent,SYNTHETIC,19.81,22.45,smoke-test fabrication; not a census value,SYNTHETIC_SMOKE_VALUE,,,,,
AgCensus2015-16 T2-4 Chhattisgarh/Small/area/SCvsOthers,AgCensus2015-16,T2-4,Chhattisgarh,Small,area,SCvsOthers,social_group,Scheduled Castes,Other social groups,1,0,0,1,diff,b,,,,percent,SYNTHETIC,24.5,36.26,smoke-test fabrication; not a census value,SYNTHETIC_SMOKE_VALUE,,,,,
AgCensus2015-16 T2-4 Chhattisgarh/Small/area/SCvsST,AgCensus2015-16,T2-4,Chhattisgarh,Small,area,SCvsST,social_group,Scheduled Castes,Scheduled Tribes,1,0,0,1,diff,b,,,,percent,SYNTHETIC,34.39,46.87,smoke-test fabrication; not a census value,SYNTHETIC_SMOKE_VALUE,,,,,
AgCensus2015-16 T2-4 Chhattisgarh/Small/number/SCvsOthers,AgCensus2015-16,T2-4,Chhattisgarh,Small,number,SCvsOthers,social_group,Scheduled Castes,Other social groups,1,0,0,1,diff,b,,,,percent,SYNTHETIC,30.82,42.52,smoke-test fabrication; not a census value,SYNTHETIC_SMOKE_VALUE,,,,,
AgCensus2015-16 T2-4 Chhattisgarh/Small/number/SCvsST,AgCensus2015-16,T2-4,Chhattisgarh,Small,number,SCvsST,social_group,Scheduled Castes,Scheduled Tribes,1,0,0,1,diff,b,,,,percent,SYNTHETIC,19.97,43.35,smoke-test fabrication; not a census value,SYNTHETIC_SMOKE_VALUE,,,,,
AgCensus2015-16 T2-4 Chhattisgarh/Small/number/STvsOthers,AgCensus2015-16,T2-4,Chhattisgarh,Small,number,STvsOthers,social_group,Scheduled Tribes,Other social groups,1,1,0,0,diff,b,,,,percent,SYNTHETIC,10.55,25.61,smoke-test fabrication; not a census value,SYNTHETIC_SMOKE_VALUE,,,,,
AgCensus2015-16 T2-4 D & N Haveli/All Classes/area/SCvsOthers,AgCensus2015-16,T2-4,D & N Haveli,All Classes,area,SCvsOthers,social_group,Scheduled Castes,Other social groups,1,0,0,1,diff,b,,,,percent,SYNTHETIC,22.2,40.67,smoke-test fabrication; not a census value,SYNTHETIC_SMOKE_VALUE,,,,,
AgCensus2015-16 T2-4 D & N Haveli/All Classes/area/SCvsST,AgCensus2015-16,T2-4,D & N Haveli,All Classes,area,SCvsST,social_group,Scheduled Castes,Scheduled Tribes,1,1,0,0,diff,b,,,,percent,SYNTHETIC,31.16,55.63,smoke-test fabrication; not a census value,SYNTHETIC_SMOKE_VALUE,,,,,
AgCensus2015-16 T2-4 D & N Haveli/All Classes/area/STvsOthers,AgCensus2015-16,T2-4,D & N Haveli,All Classes,area,STvsOthers,social_group,Scheduled Tribes,Other social groups,1,0,0,1,diff,a,,,,percent,SYNTHETIC,38.64,26.94,smoke-test fabrication; not a census value,SYNTHETIC_SMOKE_VALUE,,,,,
AgCensus2015-16 T2-4 D & N Haveli/All/area/MarginalvsMedium,AgCensus2015-16,T2-4,D & N Haveli,All,area,MarginalvsMedium,landholding,marginal operated area,medium operated area,4,4,0,0,equal,c,,,,percent,SYNTHETIC,17.47,19.03,smoke-test fabrication; not a census value,SYNTHETIC_SMOKE_VALUE,,,,,
AgCensus2015-16 T2-4 D & N Haveli/All/area/MarginalvsSemi-medium,AgCensus2015-16,T2-4,D & N Haveli,All,area,MarginalvsSemi-medium,landholding,marginal operated area,semi-medium operated area,3,3,0,0,equal,c,,,,percent,SYNTHETIC,18.16,22.26,smoke-test fabrication; not a census value,SYNTHETIC_SMOKE_VALUE,,,,,
AgCensus2015-16 T2-4 D & N Haveli/All/area/MarginalvsSmall,AgCensus2015-16,T2-4,D & N Haveli,All,area,MarginalvsSmall,landholding,marginal operated area,small operated area,4,4,0,0,equal,c,,,,percent,SYNTHETIC,32.33,32.62,smoke-test fabrication; not a census value,SYNTHETIC_SMOKE_VALUE,,,,,
AgCensus2015-16 T2-4 D & N Haveli/All/area/Semi-mediumvsMedium,AgCensus2015-16,T2-4,D & N Haveli,All,area,Semi-mediumvsMedium,landholding,semi-medium operated area,medium operated area,4,4,0,0,equal,c,,,,percent,SYNTHETIC,15.2,17.3,smoke-test fabrication; not a census value,SYNTHETIC_SMOKE_VALUE,,,,,
AgCensus2015-16 T2-4 D & N Haveli/All/area/SmallvsMedium,AgCensus2015-16,T2-4,D & N Haveli,All,area,SmallvsMedium,landholding,small operated area,medium operated area,4,0,0,4,equal,c,,,,percent,SYNTHETIC,9.51,12.64,smoke-test fabrication; not a census value,SYNTHETIC_SMOKE_VALUE,,,,,
AgCensus2015-16 T2-4 D & N Haveli/All/area/SmallvsSemi-medium,AgCensus2015-16,T2-4,D & N Haveli,All,area,SmallvsSemi-medium,landholding,small operated area,semi-medium operated area,3,3,0,0,equal,c,,,,percent,SYNTHETIC,31.97,34.3,smoke-test fabrication; not a census value,SYNTHETIC_SMOKE_VALUE,,,,,
AgCensus2015-16 T2-4 Delhi/All Classes/area/SCvsOthers,AgCensus2015-16,T2-4,Delhi,All Classes,area,SCvsOthers,social_group,Scheduled Castes,Other social groups,1,0,0,1,diff,b,,,,percent,SYNTHETIC,31.88,48.92,smoke-test fabrication; not a census value,SYNTHETIC_SMOKE_VALUE,,,,,
AgCensus2015-16 T2-4 Delhi/All Classes/area/STvsOthers,AgCensus2015-16,T2-4,Delhi,All Classes,area,STvsOthers,social_group,Scheduled Tribes,Other social groups,1,0,0,1,diff,b,,,,percent,SYNTHETIC,30.73,51.24,smoke-test fabrication; not a census value,SYNTHETIC_SMOKE_VALUE,,,,,
AgCensus2015-16 T2-4 Delhi/All Classes/number/SCvsOthers,AgCensus2015-16,T2-4,Delhi,All Classes,number,SCvsOthers,social_group,Scheduled Castes,Other social groups,1,1,0,0,diff,b,,,,percent,SYNTHETIC,12.41,27.39,smoke-test fabrication; not a census value,SYNTHETIC_SMOKE_VALUE,,,,,
AgCensus2015-16 T2-4 Delhi/All Classes/number/STvsOthers,AgCensus2015-16,T2-4,Delhi,All Classes,number,STvsOthers,social_group,Scheduled Tribes,Other social groups,1,1,0,0,diff,b,,,,percent,SYNTHETIC,19.92,38.3,smoke-test fabrication; not a census value,SYNTHETIC_SMOKE_VALUE,,,,,
AgCensus2015-16 T2-4 Delhi/All/area/Semi-mediumvsMedium,AgCensus2015-16,T2-4,Delhi,All,area,Semi-mediumvsMedium,landholding,semi-medium operated area,medium operated area,3,0,0,3,equal,c,,,,percent,SYNTHETIC,20.25,20.43,smoke-test fabrication; not a census value,SYNTHETIC_SMOKE_VALUE,,,,,
AgCensus2015-16 T2-4 Delhi/All/area/SmallvsMedium,AgCensus2015-16,T2-4,Delhi,All,area,SmallvsMedium,landholding,small operated area,medium operated area,3,0,0,3,equal,c,,,,percent,SYNTHETIC,8.85,12.69,smoke-test fabrication; not a census value,SYNTHETIC_SMOKE_VALUE,,,,,
AgCensus2015-16 T2-4 Delhi/All/area/SmallvsSemi-medium,AgCensus2015-16,T2-4,Delhi,All,area,SmallvsSemi-medium,landholding,small operated area,semi-medium operated area,4,4,0,0,equal,c,,,,percent,SYNTHETIC,16.34,16.37,smoke-test fabrication; not a census value,SYNTHETIC_SMOKE_VALUE,,,,,
AgCensus2015-16 T2-4 Delhi/All/number/MarginalvsLarge,AgCensus2015-16,T2-4,Delhi,All,number,MarginalvsLarge,landholding,marginal holdings,large holdings,1,1,0,0,diff,a,,,,percent,SYNTHETIC,26.1,15.91,smoke-test fabrication; not a census value,SYNTHETIC_SMOKE_VALUE,,,,,
AgCensus2015-16 T2-4 Delhi/All/number/MarginalvsMedium,AgCensus2015-16,T2-4,Delhi,All,number,MarginalvsMedium,landholding,marginal holdings,medium holdings,1,1,0,0,diff,a,,,,percent,SYNTHETIC,41.83,29.89,smoke-test fabrication; not a census value,SYNTHETIC_SMOKE_VALUE,,,,,
AgCensus2015-16 T2-4 Delhi/All/number/MarginalvsSemi-medium,AgCensus2015-16,T2-4,Delhi,All,number,MarginalvsSemi-medium,landholding,marginal holdings,semi-medium holdings,1,1,0,0,diff,a,,,,percent,SYNTHETIC,44.28,31.7,smoke-test fabrication; not a census value,SYNTHETIC_SMOKE_VALUE,,,,,
AgCensus2015-16 T2-4 Delhi/All/number/MarginalvsSmall,AgCensus2015-16,T2-4,Delhi,All,number,MarginalvsSmall,landholding,marginal holdings,small holdings,1,0,1,0,diff,a,,,,percent,SYNTHETIC,49.23,28.34,smoke-test fabrication; not a census value,SYNTHETIC_SMOKE_VALUE,,,,,
AgCensus2015-16 T2-4 Delhi/All/number/Semi-mediumvsLarge,AgCensus2015-16,T2-4,Delhi,All,number,Semi-mediumvsLarge,landholding,semi-medium holdings,large holdings,1,0,0,1,diff,a,,,,percent,SYNTHETIC,46.89,31.94,smoke-test fabrication; not a census value,SYNTHETIC_SMOKE_VALUE,,,,,
AgCensus2015-16 T2-4 Delhi/All/number/SmallvsLarge,AgCensus2015-16,T2-4,Delhi,All,number,SmallvsLarge,landholding,small holdings,large holdings,1,1,0,0,diff,a,,,,percent,SYNTHETIC,44.7,32.23,smoke-test fabrication; not a census value,SYNTHETIC_SMOKE_VALUE,,,,,
AgCensus2015-16 T2-4 Delhi/All/number/SmallvsMedium,AgCensus2015-16,T2-4,Delhi,All,number,SmallvsMedium,landholding,small holdings,medium holdings,1,1,0,0,diff,a,,,,percent,SYNTHETIC,38.04,25.61,smoke-test fabrication; not a census value,SYNTHETIC_SMOKE_VALUE,,,,,
AgCensus2015-16 T2-4 Goa/All Classes/area/SCvsOthers,AgCensus2015-16,T2-4,Goa,All Classes,area,SCvsOthers,social_group,Scheduled Castes,Other social groups,1,0,0,1,diff,b,,,,percent,SYNTHETIC,21.96,41.96,smoke-test fabrication; not a census value,SYNTHETIC_SMOKE_VALUE,,,,,
AgCensus2015-16 T2-4 Goa/All Classes/area/SCvsST,AgCensus2015-16,T2-4,Goa,All Classes,area,SCvsST,social_group,Scheduled Castes,Scheduled Tribes,1,0,1,0,diff,b,,,,percent,SYNTHETIC,19.79,39.56,smoke-test fabrication; not a census value,SYNTHETIC_SMOKE_VALUE,,,,,
AgCensus2015-16 T2-4 Goa/All Classes/area/STvsOthers,AgCensus2015-16,T2-4,Goa,All Classes,area,STvsOthers,social_group,Scheduled Tribes,Other social groups,1,0,0,1,diff,b,,,,percent,SYNTHETIC,25.01,39.0,smoke-test fabrication; not a census value,SYNTHETIC_SMOKE_VALUE,,,,,
AgCensus2015-16 T2-4 Goa/All Classes/number/SCvsOthers,AgCensus2015-16,T2-4,Goa,All Classes,number,SCvsOthers,social_group,Scheduled Castes,Other social groups,1,1,0,0,diff,b,,,,percent,SYNTHETIC,13.79,38.65,smoke-test fabrication; not a census value,SYNTHETIC_SMOKE_VALUE,,,,,
AgCensus2015-16 T2-4 Goa/All Classes/number/SCvsST,AgCensus2015-16,T2-4,Goa,All Classes,number,SCvsST,social_group,Scheduled Castes,Scheduled Tribes,1,1,0,0,diff,b,,,,percent,SYNTHETIC,21.19,38.48,smoke-test fabrication; not a census value,SYNTHETIC_SMOKE_VALUE,,,,,
AgCensus2015-16 T2-4 Goa/All Classes/number/STvsOthers,AgCensus2015-16,T2-4,Goa,All Classes,number,STvsOthers,social_group,Scheduled Tribes,Other social groups,1,1,0,0,diff,b,,,,percent,SYNTHETIC,20.63,31.94,smoke-test fabrication; not a census value,SYNTHETIC_SMOKE_VALUE,,,,,
AgCensus2015-16 T2-4 Goa/All/area/MediumvsLarge,AgCensus2015-16,T2-4,Goa,All,area,MediumvsLarge,landholding,medium operated area,large operated area,4,0,0,4,equal,c,,,,percent,SYNTHETIC,31.57,34.65,smoke-test fabrication; not a census value,SYNTHETIC_SMOKE_VALUE,,,,,
AgCensus2015-16 T2-4 Goa/All/area/Semi-mediumvsLarge,AgCensus2015-16,T2-4,Goa,All,area,Semi-mediumvsLarge,landholding,semi-medium operated area,large operated area,3,3,0,0,equal,c,,,,percent,SYNTHETIC,33.47,37.12,smoke-test fabrication; not a census value,SYNTHETIC_SMOKE_VALUE,,,,,
AgCensus2015-16 T2-4 Goa/All/area/Semi-mediumvsMedium,AgCensus2015-16,T2-4,Goa,All,area,Semi-mediumvsMedium,landholding,semi-medium operated area,medium operated area,3,3,0,0,equal,c,,,,percent,SYNTHETIC,26.41,27.74,smoke-test fabrication; not a census value,SYNTHETIC_SMOKE_VALUE,,,,,
AgCensus2015-16 T2-4 Goa/All/area/SmallvsLarge,AgCensus2015-16,T2-4,Goa,All,area,SmallvsLarge,landholding,small operated area,large operated area,3,0,0,3,equal,c,,,,percent,SYNTHETIC,5.07,8.38,smoke-test fabrication; not a census value,SYNTHETIC_SMOKE_VALUE,,,,,
AgCensus2015-16 T2-4 Goa/All/area/SmallvsMedium,AgCensus2015-16,T2-4,Goa,All,area,SmallvsMedium,landholding,small operated area,medium operated area,3,0,0,3,equal,c,,,,percent,SYNTHETIC,24.2,26.44,smoke-test fabrication; not a census value,SYNTHETIC_SMOKE_VALUE,,,,,
AgCensus2015-16 T2-4 Goa/All/area/SmallvsSemi-medium,AgCensus2015-16,T2-4,Goa,All,area,SmallvsSemi-medium,landholding,small operated area,semi-medium operated area,3,3,0,0,equal,c,,,,percent,SYNTHETIC,32.28,33.43,smoke-test fabrication; not a census value,SYNTHETIC_SMOKE_VALUE,,,,,
AgCensus2015-16 T2-4 Goa/All/number/MarginalvsLarge,AgCensus2015-16,T2-4,Goa,All,number,MarginalvsLarge,landholding,marginal holdings,large holdings,1,1,0,0,diff,a,,,,percent,SYNTHETIC,34.76,16.73,smoke-test fabrication; not a census value,SYNTHETIC_SMOKE_VALUE,,,,,
AgCensus2015-16 T2-4 Goa/All/number/MarginalvsSemi-medium,AgCensus2015-16,T2-4,Goa,All,number,MarginalvsSemi-medium,landholding,marginal holdings,semi-medium holdings,1,1,0,0,diff,a,,,,percent,SYNTHETIC,42.93,29.54,smoke-test fabrication; not a census value,SYNTHETIC_SMOKE_VALUE,,,,,
AgCensus2015-16 T2-4 Goa/All/number/Semi-mediumvsLarge,AgCensus2015-16,T2-4,Goa,All,number,Semi-mediumvsLarge,landholding,semi-medium holdings,large holdings,3,0,0,3,equal,c,,,,percent,SYNTHETIC,29.61,30.69,smoke-test fabrication; not a census value,SYNTHETIC_SMOKE_VALUE,,,,,
AgCensus2015-16 T2-4 Goa/All/number/Semi-mediumvsMedium,AgCensus2015-16,T2-4,Goa,All,number,Semi-mediumvsMedium,landholding,semi-medium holdings,medium holdings,3,3,0,0,equal,c,,,,percent,SYNTHETIC,13.67,18.05,smoke-test fabrication; not a census value,SYNTHETIC_SMOKE_VALUE,,,,,
AgCensus2015-16 T2-4 Goa/Marginal/area/SCvsOthers,AgCensus2015-16,T2-4,Goa,Marginal,area,SCvsOthers,social_group,Scheduled Castes,Other social groups,1,0,0,1,diff,b,,,,percent,SYNTHETIC,28.41,42.48,smoke-test fabrication; not a census value,SYNTHETIC_SMOKE_VALUE,,,,,
AgCensus2015-16 T2-4 Goa/Marginal/area/SCvsST,AgCensus2015-16,T2-4,Goa,Marginal,area,SCvsST,social_group,Scheduled Castes,Scheduled Tribes,1,1,0,0,diff,b,,,,percent,SYNTHETIC,23.52,43.42,smoke-test fabrication; not a census value,SYNTHETIC_SMOKE_VALUE,,,,,
AgCensus2015-16 T2-4 Goa/Marginal/area/STvsOthers,AgCensus2015-16,T2-4,Goa,Marginal,area,STvsOthers,social_group,Scheduled Tribes,Other social groups,1,1,0,0,diff,b,,,,percent,SYNTHETIC,20.78,37.47,smoke-test fabrication; not a census value,SYNTHETIC_SMOKE_VALUE,,,,,
AgCensus2015-16 T2-4 Goa/Marginal/number/SCvsOthers,AgCensus2015-16,T2-4,Goa,Marginal,number,SCvsOthers,social_group,Scheduled Castes,Other social groups,1,0,0,1,diff,b,,,,percent,SYNTHETIC,6.76,20.6,smoke-test fabrication; not a census value,SYNTHETIC_SMOKE_VALUE,,,,,
AgCensus2015-16 T2-4 Goa/Marginal/number/SCvsST,AgCensus2015-16,T2-4,Goa,Marginal,number,SCvsST,social_group,Scheduled Castes,Scheduled Tribes,1,0,0,1,diff,b,,,,percent,SYNTHETIC,31.82,42.35,smoke-test fabrication; not a census value,SYNTHETIC_SMOKE_VALUE,,,,,
AgCensus2015-16 T2-4 Goa/Marginal/number/STvsOthers,AgCensus2015-16,T2-4,Goa,Marginal,number,STvsOthers,social_group,Scheduled Tribes,Other social groups,1,0,0,1,diff,b,,,,percent,SYNTHETIC,5.61,30.29,smoke-test fabrication; not a census value,SYNTHETIC_SMOKE_VALUE,,,,,
AgCensus2015-16 T2-4 Goa/ST/area/SmallvsMedium,AgCensus2015-16,T2-4,Goa,ST,area,SmallvsMedium,landholding,small operated area,medium operated area,1,1,0,0,equal,c,,,,percent,SYNTHETIC,31.74,31.97,smoke-test fabrication; not a census value,SYNTHETIC_SMOKE_VALUE,,,,,
AgCensus2015-16 T2-4 Goa/ST/area/SmallvsSemi-medium,AgCensus2015-16,T2-4,Goa,ST,area,SmallvsSemi-medium,landholding,small operated area,semi-medium operated area,1,0,0,1,equal,c,,,,percent,SYNTHETIC,5.21,5.95,smoke-test fabrication; not a census value,SYNTHETIC_SMOKE_VALUE,,,,,
AgCensus2015-16 T2-4 Goa/ST/number/MarginalvsLarge,AgCensus2015-16,T2-4,Goa,ST,number,MarginalvsLarge,landholding,marginal holdings,large holdings,1,1,0,0,diff,a,,,,percent,SYNTHETIC,45.98,26.89,smoke-test fabrication; not a census value,SYNTHETIC_SMOKE_VALUE,,,,,
AgCensus2015-16 T2-4 Goa/ST/number/MarginalvsMedium,AgCensus2015-16,T2-4,Goa,ST,number,MarginalvsMedium,landholding,marginal holdings,medium holdings,1,1,0,0,diff,a,,,,percent,SYNTHETIC,36.27,23.81,smoke-test fabrication; not a census value,SYNTHETIC_SMOKE_VALUE,,,,,
AgCensus2015-16 T2-4 Goa/ST/number/MarginalvsSemi-medium,AgCensus2015-16,T2-4,Goa,ST,number,MarginalvsSemi-medium,landholding,marginal holdings,semi-medium holdings,1,1,0,0,diff,a,,,,percent,SYNTHETIC,23.02,12.09,smoke-test fabrication; not a census value,SYNTHETIC_SMOKE_VALUE,,,,,
AgCensus2015-16 T2-4 Goa/ST/number/MarginalvsSmall,AgCensus2015-16,T2-4,Goa,ST,number,MarginalvsSmall,landholding,marginal holdings,small holdings,1,1,0,0,diff,a,,,,percent,SYNTHETIC,54.33,30.82,smoke-test fabrication; not a census value,SYNTHETIC_SMOKE_VALUE,,,,,
AgCensus2015-16 T2-4 Goa/ST/number/SmallvsMedium,AgCensus2015-16,T2-4,Goa,ST,number,SmallvsMedium,landholding,small holdings,medium holdings,2,2,0,0,equal,c,,,,percent,SYNTHETIC,8.07,10.92,smoke-test fabrication; not a census value,SYNTHETIC_SMOKE_VALUE,,,,,
AgCensus2015-16 T2-4 Goa/ST/number/SmallvsSemi-medium,AgCensus2015-16,T2-4,Goa,ST,number,SmallvsSemi-medium,landholding,small holdings,semi-medium holdings,4,4,0,0,equal,c,,,,percent,SYNTHETIC,30.04,31.63,smoke-test fabrication; not a census value,SYNTHETIC_SMOKE_VALUE,,,,,
AgCensus2015-16 T2-4 Gujarat/All Classes/area/SCvsOthers,AgCensus2015-16,T2-4,Gujarat,All Classes,area,SCvsOthers,social_group,Scheduled Castes,Other social groups,1,0,0,1,diff,b,,,,percent,SYNTHETIC,32.97,53.61,smoke-test fabrication; not a census value,SYNTHETIC_SMOKE_VALUE,,,,,
AgCensus2015-16 T2-4 Gujarat/All Classes/area/STvsOthers,AgCensus2015-16,T2-4,Gujarat,All Classes,area,STvsOthers,social_group,Scheduled Tribes,Other social groups,1,0,0,1,diff,b,,,,percent,SYNTHETIC,5.94,26.81,smoke-test fabrication; not a census value,SYNTHETIC_SMOKE_VALUE,,,,,
AgCensus2015-16 T2-4 Gujarat/All Classes/number/SCvsOthers,AgCensus2015-16,T2-4,Gujarat,All Classes,number,SCvsOthers,social_group,Scheduled Castes,Other social groups,1,1,0,0,diff,b,,,,percent,SYNTHETIC,7.09,31.17,smoke-test fabrication; not a census value,SYNTHETIC_SMOKE_VALUE,,,,,
AgCensus2015-16 T2-4 Gujarat/All Classes/number/STvsOthers,AgCensus2015-16,T2-4,Gujarat,All Classes,number,STvsOthers,social_group,Scheduled Tribes,Other social groups,1,0,0,1,diff,b,,,,percent,SYNTHETIC,11.88,26.65,smoke-test fabrication; not a census value,SYNTHETIC_SMOKE_VALUE,,,,,
AgCensus2015-16 T2-4 Gujarat/All/area/MarginalvsLarge,AgCensus2015-16,T2-4,Gujarat,All,area,MarginalvsLarge,landholding,marginal operated area,large operated area,3,3,0,0,equal,c,,,,percent,SYNTHETIC,21.05,21.23,smoke-test fabrication; not a census value,SYNTHETIC_SMOKE_VALUE,,,,,
AgCensus2015-16 T2-4 Gujarat/All/area/Semi-mediumvsMedium,AgCensus2015-16,T2-4,Gujarat,All,area,Semi-mediumvsMedium,landholding,semi-medium operated area,medium operated area,4,4,0,0,equal,c,,,,percent,SYNTHETIC,9.5,9.72,smoke-test fabrication; not a census value,SYNTHETIC_SMOKE_VALUE,,,,,
AgCensus2015-16 T2-4 Gujarat/All/area/SmallvsMedium,AgCensus2015-16,T2-4,Gujarat,All,area,SmallvsMedium,landholding,small operated area,medium operated area,3,0,0,3,equal,c,,,,percent,SYNTHETIC,18.24,20.53,smoke-test fabrication; not a census value,SYNTHETIC_SMOKE_VALUE,,,,,
AgCensus2015-16 T2-4 Gujarat/All/number/MarginalvsMedium,AgCensus2015-16,T2-4,Gujarat,All,number,MarginalvsMedium,landholding,marginal holdings,medium holdings,1,1,0,0,diff,a,,,,percent,SYNTHETIC,42.33,25.87,smoke-test fabrication; not a census value,SYNTHETIC_SMOKE_VALUE,,,,,
AgCensus2015-16 T2-4 Gujarat/All/number/Semi-mediumvsLarge,AgCensus2015-16,T2-4,Gujarat,All,number,Semi-mediumvsLarge,landholding,semi-medium holdings,large holdings,1,0,0,1,diff,a,,,,percent,SYNTHETIC,44.24,23.12,smoke-test fabrication; not a census value,SYNTHETIC_SMOKE_VALUE,,,,,
AgCensus2015-16 T2-4 Gujarat/All/number/Semi-mediumvsMedium,AgCensus2015-16,T2-4,Gujarat,All,number,Semi-mediumvsMedium,landholding,semi-medium holdings,medium holdings,1,1,0,0,diff,a,,,,percent,SYNTHETIC,53.64,31.14,smoke-test fabrication; not a census value,SYNTHETIC_SMOKE_VALUE,,,,,
AgCensus2015-16 T2-4 Gujarat/All/number/SmallvsLarge,AgCensus2015-16,T2-4,Gujarat,All,number,SmallvsLarge,landholding,small holdings,large holdings,1,1,0,0,diff,a,,,,percent,SYNTHETIC,37.95,22.07,smoke-test fabrication; not a census value,SYNTHETIC_SMOKE_VALUE,,,,,
AgCensus2015-16 T2-4 Gujarat/All/number/SmallvsMedium,AgCensus2015-16,T2-4,Gujarat,All,number,SmallvsMedium,landholding,small holdings,medium holdings,1,1,0,0,diff,a,,,,percent,SYNTHETIC,39.19,17.41,smoke-test fabrication; not a census value,SYNTHETIC_SMOKE_VALUE,,,,,
AgCensus2015-16 T2-4 Gujarat/Large/area/SCvsOthers,AgCensus2015-16,T2-4,Gujarat,Large,area,SCvsOthers,social_group,Scheduled Castes,Other social groups,1,1,0,0,diff,b,,,,percent,SYNTHETIC,33.47,51.53,smoke-test fabrication; not a census value,SYNTHETIC_SMOKE_VALUE,,,,,
AgCensus2015-16 T2-4 Gujarat/Large/area/STvsOthers,AgCensus2015-16,T2-4,Gujarat,Large,area,STvsOthers,social_group,Scheduled Tribes,Other social groups,1,1,0,0,diff,b,,,,percent,SYNTHETIC,28.61,50.44,smoke-test fabrication; not a census value,SYNTHETIC_SMOKE_VALUE,,,,,
AgCensus2015-16 T2-4 Gujarat/Large/number/SCvsOthers,AgCensus2015-16,T2-4,Gujarat,Large,number,SCvsOthers,social_group,Scheduled Castes,Other social groups,1,1,0,0,diff,b,,,,percent,SYNTHETIC,6.06,22.66,smoke-test fabrication; not a census value,SYNTHETIC_SMOKE_VALUE,,,,,
AgCensus2015-16 T2-4 Gujarat/Large/number/STvsOthers,AgCensus2015-16,T2-4,Gujarat,Large,number,STvsOthers,social_group,Scheduled Tribes,Other social groups,1,1,0,0,diff,b,,,,percent,SYNTHETIC,5.05,28.2,smoke-test fabrication; not a census value,SYNTHETIC_SMOKE_VALUE,,,,,
AgCensus2015-16 T2-4 Gujarat/Marginal/area/SCvsOthers,AgCensus2015-16,T2-4,Gujarat,Marginal,area,SCvsOthers,social_group,Scheduled Castes,Other social groups,1,1,0,0,diff,b,,,,percent,SYNTHETIC,5.06,28.99,smoke-test fabrication; not a census value,SYNTHETIC_SMOKE_VALUE,,,,,
AgCensus2015-16 T2-4 Gujarat/Marginal/area/STvsOthers,AgCensus2015-16,T2-4,Gujarat,Marginal,area,STvsOthers,social_group,Scheduled Tribes,Other social groups,1,1,0,0,diff,b,,,,percent,SYNTHETIC,19.76,37.34,smoke-test fabrication; not a census value,SYNTHETIC_SMOKE_VALUE,,,,,
AgCensus2015-16 T2-4 Gujarat/Marginal/number/SCvsOthers,AgCensus2015-16,T2-4,Gujarat,Marginal,number,SCvsOthers,social_group,Scheduled Castes,Other social groups,1,0,0,1,diff,b,,,,percent,SYNTHETIC,6.92,31.76,smoke-test fabrication; not a census value,SYNTHETIC_SMOKE_VALUE,,,,,
AgCensus2015-16 T2-4 Gujarat/Marginal/number/STvsOthers,AgCensus2015-16,T2-4,Gujarat,Marginal,number,STvsOthers,social_group,Scheduled Tribes,Other social groups,1,1,0,0,diff,b,,,,percent,SYNTHETIC,25.13,43.53,smoke-test fabrication; not a census value,SYNTHETIC_SMOKE_VALUE,,,,,
AgCensus2015-16 T2-4 Gujarat/Medium/area/SCvsOthers,AgCensus2015-16,T2-4,Gujarat,Medium,area,SCvsOthers,social_group,Scheduled Castes,Other social groups,1,1,0,0,diff,b,,,,percent,SYNTHETIC,13.62,26.27,smoke-test fabrication; not a census value,SYNTHETIC_SMOKE_VALUE,,,,,
AgCensus2015-16 T2-4 Gujarat/Medium/area/STvsOthers,AgCensus2015-16,T2-4,Gujarat,Medium,area,STvsOthers,social_group,Scheduled Tribes,Other social groups,1,1,0,0,diff,b,,,,percent,SYNTHETIC,33.38,55.87,smoke-test fabrication; not a census value,SYNTHETIC_SMOKE_VALUE,,,,,
AgCensus2015-16 T2-4 Gujarat/Medium/number/SCvsOthers,AgCensus2015-16,T2-4,Gujarat,Medium,number,SCvsOthers,social_group,Scheduled Castes,Other social groups,1,1,0,0,diff,b,,,,percent,SYNTHETIC,24.11,38.47,smoke-test fabrication; not a census value,SYNTHETIC_SMOKE_VALUE,,,,,
AgCensus2015-16 T2-4 Gujarat/Medium/number/STvsOthers,AgCensus2015-16,T2-4,Gujarat,Medium,number,STvsOthers,social_group,Scheduled Tribes,Other social groups,1,0,0,1,diff,b,,,,percent,SYNTHETIC,26.29,41.84,smoke-test fabrication; not a census value,SYNTHETIC_SMOKE_VALUE,,,,,
AgCensus2015-16 T2-4 Gujarat/SC/area/SmallvsMedium,AgCensus2015-16,T2-4,Gujarat,SC,area,SmallvsMedium,landholding,small operated area,medium operated area,4,4,0,0,equal,c,,,,percent,SYNTHETIC,6.09,8.27,smoke-test fabrication; not a census value,SYNTHETIC_SMOKE_VALUE,,,,,
AgCensus2015-16 T2-4 Gujarat/SC/number/MarginalvsLarge,AgCensus2015-16,T2-4,Gujarat,SC,number,MarginalvsLarge,landholding,marginal holdings,large holdings,1,1,0,0,diff,a,,,,percent,SYNTHETIC,43.13,30.75,smoke-test fabrication; not a census value,SYNTHETIC_SMOKE_VALUE,,,,,
AgCensus2015-16 T2-4 Gujarat/SC/number/MarginalvsMedium,AgCensus2015-16,T2-4,Gujarat,SC,number,MarginalvsMedium,landholding,marginal holdings,medium holdings,1,0,0,1,diff,a,,,,percent,SYNTHETIC,41.87,28.99,smoke-test fabrication; not a census value,SYNTHETIC_SMOKE_VALUE,,,,,
AgCensus2015-16 T2-4 Gujarat/SC/number/MarginalvsSemi-medium,AgCensus2015-16,T2-4,Gujarat,SC,number,MarginalvsSemi-medium,landholding,marginal holdings,semi-medium holdings,1,0,0,1,diff,a,,,,percent,SYNTHETIC,28.81,7.69,smoke-test fabrication; not a census value,SYNTHETIC_SMOKE_VALUE,,,,,
AgCensus2015-16 T2-4 Gujarat/SC/number/Semi-mediumvsLarge,AgCensus2015-16,T2-4,Gujarat,SC,number,Semi-mediumvsLarge,landholding,semi-medium holdings,large holdings,1,1,0,0,diff,a,,,,percent,SYNTHETIC,39.43,27.15,smoke-test fabrication; not a census value,SYNTHETIC_SMOKE_VALUE,,,,,
AgCensus2015-16 T2-4 Gujarat/SC/number/Semi-mediumvsMedium,AgCensus2015-16,T2-4,Gujarat,SC,number,Semi-mediumvsMedium,landholding,semi-medium holdings,medium holdings,1,0,0,1,diff,a,,,,percent,SYNTHETIC,32.23,15.17,smoke-test fabrication; not a census value,SYNTHETIC_SMOKE_VALUE,,,,,
AgCensus2015-16 T2-4 Gujarat/SC/number/SmallvsLarge,AgCensus2015-16,T2-4,Gujarat,SC,number,SmallvsLarge,landholding,small holdings,large holdings,1,1,0,0,diff,a,,,,percent,SYNTHETIC,37.72,20.0,smoke-test fabrication; not a census value,SYNTHETIC_SMOKE_VALUE,,,,,
AgCensus2015-16 T2-4 Gujarat/SC/number/SmallvsMedium,AgCensus2015-16,T2-4,Gujarat,SC,number,SmallvsMedium,landholding,small holdings,medium holdings,1,1,0,0,diff,a,,,,percent,SYNTHETIC,56.21,34.56,smoke-test fabrication; not a census value,SYNTHETIC_SMOKE_VALUE,,,,,
AgCensus2015-16 T2-4 Gujarat/SC/number/SmallvsSemi-medium,AgCensus2015-16,T2-4,Gujarat,SC,number,SmallvsSemi-medium,landholding,small holdings,semi-medium holdings,1,0,0,1,diff,a,,,,percent,SYNTHETIC,46.51,23.92,smoke-test fabrication; not a census value,SYNTHETIC_SMOKE_VALUE,,,,,
AgCensus2015-16 T2-4 Gujarat/ST/area/MarginalvsLarge,AgCensus2015-16,T2-4,Gujarat,ST,area,MarginalvsLarge,landholding,marginal operated area,large operated area,1,0,0,1,equal,c,,,,percent,SYNTHETIC,14.54,16.34,smoke-test fabrication; not a census value,SYNTHETIC_SMOKE_VALUE,,,,,
AgCensus2015-16 T2-4 Gujarat/ST/area/Semi-mediumvsMedium,AgCensus2015-16,T2-4,Gujarat,ST,area,Semi-mediumvsMedium,landholding,semi-medium operated area,medium operated area,1,1,0,0,equal,c,,,,percent,SYNTHETIC,24.12,24.35,smoke-test fabrication; not a census value,SYNTHETIC_SMOKE_VALUE,,,,,
AgCensus2015-16 T2-4 Gujarat/ST/number/MarginalvsLarge,AgCensus2015-16,T2-4,Gujarat,ST,number,MarginalvsLarge,landholding,marginal holdings,large holdings,1,1,0,0,diff,a,,,,percent,SYNTHETIC,50.51,33.52,smoke-test fabrication; not a census value,SYNTHETIC_SMOKE_VALUE,,,,,
AgCensus2015-16 T2-4 Gujarat/ST/number/MarginalvsMedium,AgCensus2015-16,T2-4,Gujarat,ST,number,MarginalvsMedium,landholding,marginal holdings,medium holdings,1,1,0,0,diff,a,,,,percent,SYNTHETIC,25.26,7.96,smoke-test fabrication; not a census value,SYNTHETIC_SMOKE_VALUE,,,,,
AgCensus2015-16 T2-4 Gujarat/ST/number/MarginalvsSemi-medium,AgCensus2015-16,T2-4,Gujarat,ST,number,MarginalvsSemi-medium,landholding,marginal holdings,semi-medium holdings,1,1,0,0,diff,a,,,,percent,SYNTHETIC,33.53,11.81,smoke-test fabrication; not a census value,SYNTHETIC_SMOKE_VALUE,,,,,
AgCensus2015-16 T2-4 Gujarat/ST/number/Semi-mediumvsMedium,AgCensus2015-16,T2-4,Gujarat,ST,number,Semi-mediumvsMedium,landholding,semi-medium holdings,medium holdings,1,1,0,0,diff,a,,,,percent,SYNTHETIC,25.05,5.15,smoke-test fabrication; not a census value,SYNTHETIC_SMOKE_VALUE,,,,,
AgCensus2015-16 T2-4 Gujarat/ST/number/SmallvsLarge,AgCensus2015-16,T2-4,Gujarat,ST,number,SmallvsLarge,landholding,small holdings,large holdings,1,0,0,1,diff,a,,,,percent,SYNTHETIC,36.75,15.69,smoke-test fabrication; not a census value,SYNTHETIC_SMOKE_VALUE,,,,,
AgCensus2015-16 T2-4 Gujarat/ST/number/SmallvsMedium,AgCensus2015-16,T2-4,Gujarat,ST,number,SmallvsMedium,landholding,small holdings,medium holdings,1,1,0,0,diff,a,,,,percent,SYNTHETIC,20.7,6.25,smoke-test fabrication; not a census value,SYNTHETIC_SMOKE_VALUE,,,,,
AgCensus2015-16 T2-4 Gujarat/Semi-medium/area/SCvsOthers,AgCensus2015-16,T2-4,Gujarat,Semi-medium,area,SCvsOthers,social_group,Scheduled Castes,Other social groups,1,1,0,0,diff,b,,,,percent,SYNTHETIC,24.54,44.78,smoke-test fabrication; not a census value,SYNTHETIC_SMOKE_VALUE,,,,,
AgCensus2015-16 T2-4 Gujarat/Semi-medium/area/STvsOthers,AgCensus2015-16,T2-4,Gujarat,Semi-medium,area,STvsOthers,social_group,Scheduled Tribes,Other social groups,1,1,0,0,diff,b,,,,percent,SYNTHETIC,7.7,22.3,smoke-test fabrication; not a census value,SYNTHETIC_SMOKE_VALUE,,,,,
AgCensus2015-16 T2-4 Gujarat/Semi-medium/number/SCvsOthers,AgCensus2015-16,T2-4,Gujarat,Semi-medium,number,SCvsOthers,social_group,Scheduled Castes,Other social groups,1,1,0,0,diff,b,,,,percent,SYNTHETIC,12.94,30.1,smoke-test fabrication; not a census value,SYNTHETIC_SMOKE_VALUE,,,,,
AgCensus2015-16 T2-4 Gujarat/Semi-medium/number/STvsOthers,AgCensus2015-16,T2-4,Gujarat,Semi-medium,number,STvsOthers,social_group,Scheduled Tribes,Other social groups,1,1,0,0,diff,b,,,,percent,SYNTHETIC,29.4,45.92,smoke-test fabrication; not a census value,SYNTHETIC_SMOKE_VALUE,,,,,
AgCensus2015-16 T2-4 Gujarat/Small/area/SCvsOthers,AgCensus2015-16,T2-4,Gujarat,Small,area,SCvsOthers,social_group,Scheduled Castes,Other social groups,1,0,1,0,diff,b,,,,percent,SYNTHETIC,18.81,33.71,smoke-test fabrication; not a census value,SYNTHETIC_SMOKE_VALUE,,,,,
AgCensus2015-16 T2-4 Gujarat/Small/area/STvsOthers,AgCensus2015-16,T2-4,Gujarat,Small,area,STvsOthers,social_group,Scheduled Tribes,Other social groups,1,1,0,0,diff,b,,,,percent,SYNTHETIC,26.55,50.38,smoke-test fabrication; not a census value,SYNTHETIC_SMOKE_VALUE,,,,,
AgCensus2015-16 T2-4 Gujarat/Small/number/STvsOthers,AgCensus2015-16,T2-4,Gujarat,Small,number,STvsOthers,social_group,Scheduled Tribes,Other social groups,1,0,1,0,diff,b,,,,percent,SYNTHETIC,33.47,51.68,smoke-test fabrication; not a census value,SYNTHETIC_SMOKE_VALUE,,,,,
AgCensus2015-16 T2-4 Haryana/All Classes/area/SCvsOthers,AgCensus2015-16,T2-4,Haryana,All Classes,area,SCvsOthers,social_group,Scheduled Castes,Other social groups,1,0,0,1,diff,b,,,,percent,SYNTHETIC,31.7,46.99,smoke-test fabrication; not a census value,SYNTHETIC_SMOKE_VALUE,,,,,
AgCensus2015-16 T2-4 Haryana/All Classes/area/STvsOthers,AgCensus2015-16,T2-4,Haryana,All Classes,area,STvsOthers,social_group,Scheduled Tribes,Other social groups,1,0,0,1,diff,b,,,,percent,SYNTHETIC,14.8,34.99,smoke-test fabrication; not a census value,SYNTHETIC_SMOKE_VALUE,,,,,
AgCensus2015-16 T2-4 Haryana/All Classes/number/SCvsOthers,AgCensus2015-16,T2-4,Haryana,All Classes,number,SCvsOthers,social_group,Scheduled Castes,Other social groups,1,1,0,0,diff,b,,,,percent,SYNTHETIC,16.93,38.58,smoke-test fabrication; not a census value,SYNTHETIC_SMOKE_VALUE,,,,,
AgCensus2015-16 T2-4 Haryana/All Classes/number/STvsOthers,AgCensus2015-16,T2-4,Haryana,All Classes,number,STvsOthers,social_group,Scheduled Tribes,Other social groups,1,1,0,0,diff,b,,,,percent,SYNTHETIC,31.04,46.6,smoke-test fabrication; not a census value,SYNTHETIC_SMOKE_VALUE,,,,,
AgCensus2015-16 T2-4 Haryana/All/area/MarginalvsSmall,AgCensus2015-16,T2-4,Haryana,All,area,MarginalvsSmall,landholding,marginal operated area,small operated area,2,0,0,2,equal,c,,,,percent,SYNTHETIC,30.39,32.73,smoke-test fabrication; not a census value,SYNTHETIC_SMOKE_VALUE,,,,,
AgCensus2015-16 T2-4 Haryana/All/area/Semi-mediumvsLarge,AgCensus2015-16,T2-4,Haryana,All,area,Semi-mediumvsLarge,landholding,semi-medium operated area,large operated area,3,3,0,0,equal,c,,,,percent,SYNTHETIC,26.28,26.29,smoke-test fabrication; not a census value,SYNTHETIC_SMOKE_VALUE,,,,,
AgCensus2015-16 T2-4 Haryana/All/number/MarginalvsLarge,AgCensus2015-16,T2-4,Haryana,All,number,MarginalvsLarge,landholding,marginal holdings,large holdings,1,1,0,0,diff,a,,,,percent,SYNTHETIC,16.59,5.22,smoke-test fabrication; not a census value,SYNTHETIC_SMOKE_VALUE,,,,,
AgCensus2015-16 T2-4 Haryana/All/number/MarginalvsMedium,AgCensus2015-16,T2-4,Haryana,All,number,MarginalvsMedium,landholding,marginal holdings,medium holdings,1,1,0,0,diff,a,,,,percent,SYNTHETIC,41.96,17.44,smoke-test fabrication; not a census value,SYNTHETIC_SMOKE_VALUE,,,,,
AgCensus2015-16 T2-4 Haryana/All/number/MarginalvsSemi-medium,AgCensus2015-16,T2-4,Haryana,All,number,MarginalvsSemi-medium,landholding,marginal holdings,semi-medium holdings,1,1,0,0,diff,a,,,,percent,SYNTHETIC,39.66,28.56,smoke-test fabrication; not a census value,SYNTHETIC_SMOKE_VALUE,,,,,
AgCensus2015-16 T2-4 Haryana/All/number/MarginalvsSmall,AgCensus2015-16,T2-4,Haryana,All,number,MarginalvsSmall,landholding,marginal holdings,small holdings,1,1,0,0,diff,a,,,,percent,SYNTHETIC,49.11,26.14,smoke-test fabrication; not a census value,SYNTHETIC_SMOKE_VALUE,,,,,
AgCensus2015-16 T2-4 Haryana/All/number/Semi-mediumvsLarge,AgCensus2015-16,T2-4,Haryana,All,number,Semi-mediumvsLarge,landholding,semi-medium holdings,large holdings,1,0,0,1,diff,a,,,,percent,SYNTHETIC,54.75,31.1,smoke-test fabrication; not a census value,SYNTHETIC_SMOKE_VALUE,,,,,
AgCensus2015-16 T2-4 Haryana/All/number/SmallvsLarge,AgCensus2015-16,T2-4,Haryana,All,number,SmallvsLarge,landholding,small holdings,large holdings,1,1,0,0,diff,a,,,,percent,SYNTHETIC,42.76,18.09,smoke-test fabrication; not a census value,SYNTHETIC_SMOKE_VALUE,,,,,
AgCensus2015-16 T2-4 Haryana/All/number/SmallvsSemi-medium,AgCensus2015-16,T2-4,Haryana,All,number,SmallvsSemi-medium,landholding,small holdings,semi-medium holdings,2,0,0,2,equal,c,,,,percent,SYNTHETIC,16.84,17.51,smoke-test fabrication; not a census value,SYNTHETIC_SMOKE_VALUE,,,,,
AgCensus2015-16 T2-4 Haryana/Large/area/SCvsOthers,AgCensus2015-16,T2-4,Haryana,Large,area,SCvsOthers,social_group,Scheduled Castes,Other social groups,1,1,0,0,diff,b,,,,percent,SYNTHETIC,33.71,49.44,smoke-test fabrication; not a census value,SYNTHETIC_SMOKE_VALUE,,,,,
AgCensus2015-16 T2-4 Haryana/Large/area/STvsOthers,AgCensus2015-16,T2-4,Haryana,Large,area,STvsOthers,social_group,Scheduled Tribes,Other social groups,1,1,0,0,diff,b,,,,percent,SYNTHETIC,33.64,53.77,smoke-test fabrication; not a census value,SYNTHETIC_SMOKE_VALUE,,,,,
AgCensus2015-16 T2-4 Haryana/Large/number/SCvsOthers,AgCensus2015-16,T2-4,Haryana,Large,number,SCvsOthers,social_group,Scheduled Castes,Other social groups,1,1,0,0,diff,b,,,,percent,SYNTHETIC,8.04,27.39,smoke-test fabrication; not a census value,SYNTHETIC_SMOKE_VALUE,,,,,
AgCensus2015-16 T2-4 Haryana/Large/number/STvsOthers,AgCensus2015-16,T2-4,Haryana,Large,number,STvsOthers,social_group,Scheduled Tribes,Other social groups,1,1,0,0,diff,b,,,,percent,SYNTHETIC,9.5,30.54,smoke-test fabrication; not a census value,SYNTHETIC_SMOKE_VALUE,,,,,
AgCensus2015-16 T2-4 Haryana/Marginal/area/SCvsOthers,AgCensus2015-16,T2-4,Haryana,Marginal,area,SCvsOthers,social_group,Scheduled Castes,Other social groups,1,1,0,0,diff,b,,,,percent,SYNTHETIC,17.68,36.2,smoke-test fabrication; not a census value,SYNTHETIC_SMOKE_VALUE,,,,,
AgCensus2015-16 T2-4 Haryana/Marginal/area/STvsOthers,AgCensus2015-16,T2-4,Haryana,Marginal,area,STvsOthers,social_group,Scheduled Tribes,Other social groups,1,1,0,0,diff,b,,,,percent,SYNTHETIC,27.73,45.32,smoke-test fabrication; not a census value,SYNTHETIC_SMOKE_VALUE,,,,,
AgCensus2015-16 T2-4 Haryana/Marginal/number/SCvsOthers,AgCensus2015-16,T2-4,Haryana,Marginal,number,SCvsOthers,social_group,Scheduled Castes,Other social groups,1,0,0,1,diff,b,,,,percent,SYNTHETIC,18.76,43.7,smoke-test fabrication; not a census value,SYNTHETIC_SMOKE_VALUE,,,,,
AgCensus2015-16 T2-4 Haryana/Marginal/number/STvsOthers,AgCensus2015-16,T2-4,Haryana,Marginal,number,STvsOthers,social_group,Scheduled Tribes,Other social groups,1,1,0,0,diff,b,,,,percent,SYNTHETIC,34.64,50.04,smoke-test fabrication; not a census value,SYNTHETIC_SMOKE_VALUE,,,,,
AgCensus2015-16 T2-4 Haryana/Medium/area/SCvsOthers,AgCensus2015-16,T2-4,Haryana,Medium,area,SCvsOthers,social_group,Scheduled Castes,Other social groups,1,1,0,0,diff,b,,,,percent,SYNTHETIC,32.34,52.2,smoke-test fabrication; not a census value,SYNTHETIC_SMOKE_VALUE,,,,,
AgCensus2015-16 T2-4 Haryana/Medium/area/STvsOthers,AgCensus2015-16,T2-4,Haryana,Medium,area,STvsOthers,social_group,Scheduled Tribes,Other social groups,1,0,0,1,diff,b,,,,percent,SYNTHETIC,32.88,52.23,smoke-test fabrication; not a census value,SYNTHETIC_SMOKE_VALUE,,,,,
AgCensus2015-16 T2-4 Haryana/Medium/number/SCvsOthers,AgCensus2015-16,T2-4,Haryana,Medium,number,SCvsOthers,social_group,Scheduled Castes,Other social groups,1,1,0,0,diff,b,,,,percent,SYNTHETIC,10.04,27.82,smoke-test fabrication; not a census value,SYNTHETIC_SMOKE_VALUE,,,,,
AgCensus2015-16 T2-4 Haryana/Medium/number/STvsOthers,AgCensus2015-16,T2-4,Haryana,Medium,number,STvsOthers,social_group,Scheduled Tribes,Other social groups,1,0,0,1,diff,b,,,,percent,SYNTHETIC,30.61,46.5,smoke-test fabrication; not a census value,SYNTHETIC_SMOKE_VALUE,,,,,
AgCensus2015-16 T2-4 Haryana/SC/area/MarginalvsSmall,AgCensus2015-16,T2-4,Haryana,SC,area,MarginalvsSmall,landholding,marginal operated area,small operated area,4,0,0,4,equal,c,,,,percent,SYNTHETIC,10.66,13.13,smoke-test fabrication; not a census value,SYNTHETIC_SMOKE_VALUE,,,,,
AgCensus2015-16 T2-4 Haryana/SC/number/MarginalvsLarge,AgCensus2015-16,T2-4,Haryana,SC,number,MarginalvsLarge,landholding,marginal holdings,large holdings,1,0,1,0,diff,a,,,,percent,SYNTHETIC,36.41,21.67,smoke-test fabrication; not a census value,SYNTHETIC_SMOKE_VALUE,,,,,
AgCensus2015-16 T2-4 Haryana/SC/number/MarginalvsMedium,AgCensus2015-16,T2-4,Haryana,SC,number,MarginalvsMedium,landholding,marginal holdings,medium holdings,1,0,0,1,diff,a,,,,percent,SYNTHETIC,36.41,21.14,smoke-test fabrication; not a census value,SYNTHETIC_SMOKE_VALUE,,,,,
AgCensus2015-16 T2-4 Haryana/SC/number/MarginalvsSemi-medium,AgCensus2015-16,T2-4,Haryana,SC,number,MarginalvsSemi-medium,landholding,marginal holdings,semi-medium holdings,1,0,0,1,diff,a,,,,percent,SYNTHETIC,38.51,21.82,smoke-test fabrication; not a census value,SYNTHETIC_SMOKE_VALUE,,,,,
AgCensus2015-16 T2-4 Haryana/SC/number/MarginalvsSmall,AgCensus2015-16,T2-4,Haryana,SC,number,MarginalvsSmall,landholding,marginal holdings,small holdings,1,1,0,0,diff,a,,,,percent,SYNTHETIC,20.55,8.25,smoke-test fabrication; not a census value,SYNTHETIC_SMOKE_VALUE,,,,,
AgCensus2015-16 T2-4 Haryana/SC/number/Semi-mediumvsLarge,AgCensus2015-16,T2-4,Haryana,SC,number,Semi-mediumvsLarge,landholding,semi-medium holdings,large holdings,1,1,0,0,diff,a,,,,percent,SYNTHETIC,50.38,27.74,smoke-test fabrication; not a census value,SYNTHETIC_SMOKE_VALUE,,,,,
AgCensus2015-16 T2-4 Haryana/SC/number/SmallvsLarge,AgCensus2015-16,T2-4,Haryana,SC,number,SmallvsLarge,landholding,small holdings,large holdings,1,1,0,0,diff,a,,,,percent,SYNTHETIC,47.03,34.29,smoke-test fabrication; not a census value,SYNTHETIC_SMOKE_VALUE,,,,,
AgCensus2015-16 T2-4 Haryana/SC/number/SmallvsMedium,AgCensus2015-16,T2-4,Haryana,SC,number,SmallvsMedium,landholding,small holdings,medium holdings,1,1,0,0,diff,a,,,,percent,SYNTHETIC,45.11,26.39,smoke-test fabrication; not a census value,SYNTHETIC_SMOKE_VALUE,,,,,
AgCensus2015-16 T2-4 Haryana/SC/number/SmallvsSemi-medium,AgCensus2015-16,T2-4,Haryana,SC,number,SmallvsSemi-medium,landholding,small holdings,semi-medium holdings,3,3,0,0,equal,c,,,,percent,SYNTHETIC,12.57,16.73,smoke-test fabrication; not a census value,SYNTHETIC_SMOKE_VALUE,,,,,
AgCensus2015-16 T2-4 Haryana/Semi-medium/area/SCvsOthers,AgCensus2015-16,T2-4,Haryana,Semi-medium,area,SCvsOthers,social_group,Scheduled Castes,Other social groups,1,1,0,0,diff,b,,,,percent,SYNTHETIC,27.66,51.84,smoke-test fabrication; not a census value,SYNTHETIC_SMOKE_VALUE,,,,,
AgCensus2015-16 T2-4 Haryana/Semi-medium/area/STvsOthers,AgCensus2015-16,T2-4,Haryana,Semi-medium,area,STvsOthers,social_group,Scheduled Tribes,Other social groups,1,1,0,0,diff,b,,,,percent,SYNTHETIC,27.72,52.08,smoke-test fabrication; not a census value,SYNTHETIC_SMOKE_VALUE,,,,,
AgCensus2015-16 T2-4 Haryana/Semi-medium/number/SCvsOthers,AgCensus2015-16,T2-4,Haryana,Semi-medium,number,SCvsOthers,social_group,Scheduled Castes,Other social groups,1,0,0,1,diff,b,,,,percent,SYNTHETIC,15.98,29.56,smoke-test fabrication; not a census value,SYNTHETIC_SMOKE_VALUE,,,,,
AgCensus2015-16 T2-4 Haryana/Semi-medium/number/STvsOthers,AgCensus2015-16,T2-4,Haryana,Semi-medium,number,STvsOthers,social_group,Scheduled Tribes,Other social groups,1,0,0,1,diff,b,,,,percent,SYNTHETIC,31.72,48.74,smoke-test fabrication; not a census value,SYNTHETIC_SMOKE_VALUE,,,,,
AgCensus2015-16 T2-4 Haryana/Small/area/SCvsOthers,AgCensus2015-16,T2-4,Haryana,Small,area,SCvsOthers,social_group,Scheduled Castes,Other social groups,1,0,0,1,diff,b,,,,percent,SYNTHETIC,16.74,36.52,smoke-test fabrication; not a census value,SYNTHETIC_SMOKE_VALUE,,,,,
AgCensus2015-16 T2-4 Haryana/Small/area/STvsOthers,AgCensus2015-16,T2-4,Haryana,Small,area,STvsOthers,social_group,Scheduled Tribes,Other social groups,1,0,0,1,diff,b,,,,percent,SYNTHETIC,11.5,30.87,smoke-test fabrication; not a census value,SYNTHETIC_SMOKE_VALUE,,,,,
AgCensus2015-16 T2-4 Haryana/Small/number/SCvsOthers,AgCensus2015-16,T2-4,Haryana,Small,number,SCvsOthers,social_group,Scheduled Castes,Other social groups,1,0,0,1,diff,b,,,,percent,SYNTHETIC,5.39,29.08,smoke-test fabrication; not a census value,SYNTHETIC_SMOKE_VALUE,,,,,
AgCensus2015-16 T2-4 Haryana/Small/number/STvsOthers,AgCensus2015-16,T2-4,Haryana,Small,number,STvsOthers,social_group,Scheduled Tribes,Other social groups,1,1,0,0,diff,b,,,,percent,SYNTHETIC,28.93,40.7,smoke-test fabrication; not a census value,SYNTHETIC_SMOKE_VALUE,,,,,
AgCensus2015-16 T2-4 Himachal Pradesh/All Classes/area/SCvsOthers,AgCensus2015-16,T2-4,Himachal Pradesh,All Classes,area,SCvsOthers,social_group,Scheduled Castes,Other social groups,1,0,0,1,diff,b,,,,percent,SYNTHETIC,27.0,39.28,smoke-test fabrication; not a census value,SYNTHETIC_SMOKE_VALUE,,,,,
AgCensus2015-16 T2-4 Himachal Pradesh/All Classes/area/STvsOthers,AgCensus2015-16,T2-4,Himachal Pradesh,All Classes,area,STvsOthers,social_group,Scheduled Tribes,Other social groups,1,0,0,1,diff,b,,,,percent,SYNTHETIC,32.73,49.59,smoke-test fabrication; not a census value,SYNTHETIC_SMOKE_VALUE,,,,,
AgCensus2015-16 T2-4 Himachal Pradesh/All Classes/number/SCvsOthers,AgCensus2015-16,T2-4,Himachal Pradesh,All Classes,number,SCvsOthers,social_group,Scheduled Castes,Other social groups,1,1,0,0,diff,b,,,,percent,SYNTHETIC,20.61,38.53,smoke-test fabrication; not a census value,SYNTHETIC_SMOKE_VALUE,,,,,
AgCensus2015-16 T2-4 Himachal Pradesh/All Classes/number/SCvsST,AgCensus2015-16,T2-4,Himachal Pradesh,All Classes,number,SCvsST,social_group,Scheduled Castes,Scheduled Tribes,1,1,0,0,diff,a,,,,percent,SYNTHETIC,17.42,6.66,smoke-test fabrication; not a census value,SYNTHETIC_SMOKE_VALUE,,,,,
AgCensus2015-16 T2-4 Himachal Pradesh/All Classes/number/STvsOthers,AgCensus2015-16,T2-4,Himachal Pradesh,All Classes,number,STvsOthers,social_group,Scheduled Tribes,Other social groups,1,1,0,0,diff,b,,,,percent,SYNTHETIC,15.65,39.55,smoke-test fabrication; not a census value,SYNTHETIC_SMOKE_VALUE,,,,,
AgCensus2015-16 T2-4 Himachal Pradesh/All/area/MarginalvsSmall,AgCensus2015-16,T2-4,Himachal Pradesh,All,area,MarginalvsSmall,landholding,marginal operated area,small operated area,2,0,0,2,equal,c,,,,percent,SYNTHETIC,28.65,30.6,smoke-test fabrication; not a census value,SYNTHETIC_SMOKE_VALUE,,,,,
AgCensus2015-16 T2-4 Himachal Pradesh/All/area/SmallvsSemi-medium,AgCensus2015-16,T2-4,Himachal Pradesh,All,area,SmallvsSemi-medium,landholding,small operated area,semi-medium operated area,2,2,0,0,equal,c,,,,percent,SYNTHETIC,7.72,12.61,smoke-test fabrication; not a census value,SYNTHETIC_SMOKE_VALUE,,,,,
AgCensus2015-16 T2-4 Himachal Pradesh/All/number/MarginalvsLarge,AgCensus2015-16,T2-4,Himachal Pradesh,All,number,MarginalvsLarge,landholding,marginal holdings,large holdings,1,1,0,0,diff,a,,,,percent,SYNTHETIC,27.07,9.68,smoke-test fabrication; not a census value,SYNTHETIC_SMOKE_VALUE,,,,,
AgCensus2015-16 T2-4 Himachal Pradesh/All/number/MarginalvsMedium,AgCensus2015-16,T2-4,Himachal Pradesh,All,number,MarginalvsMedium,landholding,marginal holdings,medium holdings,1,0,0,1,diff,a,,,,percent,SYNTHETIC,36.18,26.0,smoke-test fabrication; not a census value,SYNTHETIC_SMOKE_VALUE,,,,,
AgCensus2015-16 T2-4 Himachal Pradesh/All/number/MarginalvsSemi-medium,AgCensus2015-16,T2-4,Himachal Pradesh,All,number,MarginalvsSemi-medium,landholding,marginal holdings,semi-medium holdings,1,1,0,0,diff,a,,,,percent,SYNTHETIC,50.17,29.19,smoke-test fabrication; not a census value,SYNTHETIC_SMOKE_VALUE,,,,,
AgCensus2015-16 T2-4 Himachal Pradesh/All/number/MarginalvsSmall,AgCensus2015-16,T2-4,Himachal Pradesh,All,number,MarginalvsSmall,landholding,marginal holdings,small holdings,1,0,0,1,diff,a,,,,percent,SYNTHETIC,29.02,8.11,smoke-test fabrication; not a census value,SYNTHETIC_SMOKE_VALUE,,,,,
AgCensus2015-16 T2-4 Himachal Pradesh/All/number/SmallvsLarge,AgCensus2015-16,T2-4,Himachal Pradesh,All,number,SmallvsLarge,landholding,small holdings,large holdings,1,1,0,0,diff,a,,,,percent,SYNTHETIC,43.15,21.0,smoke-test fabrication; not a census value,SYNTHETIC_SMOKE_VALUE,,,,,
AgCensus2015-16 T2-4 Himachal Pradesh/All/number/SmallvsMedium,AgCensus2015-16,T2-4,Himachal Pradesh,All,number,SmallvsMedium,landholding,small holdings,medium holdings,1,0,0,1,diff,a,,,,percent,SYNTHETIC,54.54,34.84,smoke-test fabrication; not a census value,SYNTHETIC_SMOKE_VALUE,,,,,
AgCensus2015-16 T2-4 Himachal Pradesh/Large/area/SCvsOthers,AgCensus2015-16,T2-4,Himachal Pradesh,Large,area,SCvsOthers,social_group,Scheduled Castes,Other social groups,1,1,0,0,diff,b,,,,percent,SYNTHETIC,23.54,46.67,smoke-test fabrication; not a census value,SYNTHETIC_SMOKE_VALUE,,,,,
AgCensus2015-16 T2-4 Himachal Pradesh/Large/area/STvsOthers,AgCensus2015-16,T2-4,Himachal Pradesh,Large,area,STvsOthers,social_group,Scheduled Tribes,Other social groups,1,1,0,0,diff,b,,,,percent,SYNTHETIC,7.42,30.11,smoke-test fabrication; not a census value,SYNTHETIC_SMOKE_VALUE,,,,,
AgCensus2015-16 T2-4 Himachal Pradesh/Marginal/area/SCvsOthers,AgCensus2015-16,T2-4,Himachal Pradesh,Marginal,area,SCvsOthers,social_group,Scheduled Castes,Other social groups,1,1,0,0,diff,b,,,,percent,SYNTHETIC,22.87,37.12,smoke-test fabrication; not a census value,SYNTHETIC_SMOKE_VALUE,,,,,
AgCensus2015-16 T2-4 Himachal Pradesh/Marginal/area/SCvsST,AgCensus2015-16,T2-4,Himachal Pradesh,Marginal,area,SCvsST,social_group,Scheduled Castes,Scheduled Tribes,1,1,0,0,diff,a,,,,percent,SYNTHETIC,30.07,12.4,smoke-test fabrication; not a census value,SYNTHETIC_SMOKE_VALUE,,,,,
AgCensus2015-16 T2-4 Himachal Pradesh/Marginal/area/STvsOthers,AgCensus2015-16,T2-4,Himachal Pradesh,Marginal,area,STvsOthers,social_group,Scheduled Tribes,Other social groups,1,0,0,1,diff,b,,,,percent,SYNTHETIC,25.25,39.61,smoke-test fabrication; not a census value,SYNTHETIC_SMOKE_VALUE,,,,,
AgCensus2015-16 T2-4 Himachal Pradesh/Marginal/number/SCvsOthers,AgCensus2015-16,T2-4,Himachal Pradesh,Marginal,number,SCvsOthers,social_group,Scheduled Castes,Other social groups,1,0,0,1,diff,b,,,,percent,SYNTHETIC,7.7,29.34,smoke-test fabrication; not a census value,SYNTHETIC_SMOKE_VALUE,,,,,
AgCensus2015-16 T2-4 Himachal Pradesh/Marginal/number/SCvsST,AgCensus2015-16,T2-4,Himachal Pradesh,Marginal,number,SCvsST,social_group,Scheduled Castes,Scheduled Tribes,1,0,0,1,diff,a,,,,percent,SYNTHETIC,33.1,22.95,smoke-test fabrication; not a census value,SYNTHETIC_SMOKE_VALUE,,,,,
AgCensus2015-16 T2-4 Himachal Pradesh/Marginal/number/STvsOthers,AgCensus2015-16,T2-4,Himachal Pradesh,Marginal,number,STvsOthers,social_group,Scheduled Tribes,Other social groups,1,1,0,0,diff,b,,,,percent,SYNTHETIC,28.28,40.16,smoke-test fabrication; not a census value,SYNTHETIC_SMOKE_VALUE,,,,,
AgCensus2015-16 T2-4 Himachal Pradesh/Medium/area/SCvsOthers,AgCensus2015-16,T2-4,Himachal Pradesh,Medium,area,SCvsOthers,social_group,Scheduled Castes,Other social groups,1,1,0,0,diff,b,,,,percent,SYNTHETIC,18.18,33.23,smoke-test fabrication; not a census value,SYNTHETIC_SMOKE_VALUE,,,,,
AgCensus2015-16 T2-4 Himachal Pradesh/Medium/area/SCvsST,AgCensus2015-16,T2-4,Himachal Pradesh,Medium,area,SCvsST,social_group,Scheduled Castes,Scheduled Tribes,8,0,8,0,equal,c,,,,percent,SYNTHETIC,12.24,15.79,smoke-test fabrication; not a census value,SYNTHETIC_SMOKE_VALUE,,,,,
AgCensus2015-16 T2-4 Himachal Pradesh/Medium/area/STvsOthers,AgCensus2015-16,T2-4,Himachal Pradesh,Medium,area,STvsOthers,social_group,Scheduled Tribes,Other social groups,1,1,0,0,diff,b,,,,percent,SYNTHETIC,22.22,33.78,smoke-test fabrication; not a census value,SYNTHETIC_SMOKE_VALUE,,,,,
AgCensus2015-16 T2-4 Himachal Pradesh/Medium/number/SCvsOthers,AgCensus2015-16,T2-4,Himachal Pradesh,Medium,number,SCvsOthers,social_group,Scheduled Castes,Other social groups,1,1,0,0,diff,b,,,,percent,SYNTHETIC,20.94,37.06,smoke-test fabrication; not a census value,SYNTHETIC_SMOKE_VALUE,,,,,
AgCensus2015-16 T2-4 Himachal Pradesh/Medium/number/STvsOthers,AgCensus2015-16,T2-4,Himachal Pradesh,Medium,number,STvsOthers,social_group,Scheduled Tribes,Other social groups,1,0,0,1,diff,b,,,,percent,SYNTHETIC,29.43,42.81,smoke-test fabrication; not a census value,SYNTHETIC_SMOKE_VALUE,,,,,
AgCensus2015-16 T2-4 Himachal Pradesh/SC/number/MarginalvsMedium,AgCensus2015-16,T2-4,Himachal Pradesh,SC,number,MarginalvsMedium,landholding,marginal holdings,medium holdings,1,0,0,1,diff,a,,,,percent,SYNTHETIC,56.91,34.15,smoke-test fabrication; not a census value,SYNTHETIC_SMOKE_VALUE,,,,,
AgCensus2015-16 T2-4 Himachal Pradesh/SC/number/MarginalvsSemi-medium,AgCensus2015-16,T2-4,Himachal Pradesh,SC,number,MarginalvsSemi-medium,landholding,marginal holdings,semi-medium holdings,1,0,0,1,diff,a,,,,percent,SYNTHETIC,33.34,10.82,smoke-test fabrication; not a census value,SYNTHETIC_SMOKE_VALUE,,,,,
AgCensus2015-16 T2-4 Himachal Pradesh/SC/number/MarginalvsSmall,AgCensus2015-16,T2-4,Himachal Pradesh,SC,number,MarginalvsSmall,landholding,marginal holdings,small holdings,1,1,0,0,diff,a,,,,percent,SYNTHETIC,20.1,8.49,smoke-test fabrication; not a census value,SYNTHETIC_SMOKE_VALUE,,,,,
AgCensus2015-16 T2-4 Himachal Pradesh/SC/number/SmallvsMedium,AgCensus2015-16,T2-4,Himachal Pradesh,SC,number,SmallvsMedium,landholding,small holdings,medium holdings,1,0,0,1,diff,a,,,,percent,SYNTHETIC,32.49,18.37,smoke-test fabrication; not a census value,SYNTHETIC_SMOKE_VALUE,,,,,
AgCensus2015-16 T2-4 Himachal Pradesh/ST/number/MarginalvsLarge,AgCensus2015-16,T2-4,Himachal Pradesh,ST,number,MarginalvsLarge,landholding,marginal holdings,large holdings,1,1,0,0,diff,a,,,,percent,SYNTHETIC,22.09,8.94,smoke-test fabrication; not a census value,SYNTHETIC_SMOKE_VALUE,,,,,
AgCensus2015-16 T2-4 Himachal Pradesh/ST/number/MarginalvsMedium,AgCensus2015-16,T2-4,Himachal Pradesh,ST,number,MarginalvsMedium,landholding,marginal holdings,medium holdings,1,0,0,1,diff,a,,,,percent,SYNTHETIC,30.18,13.54,smoke-test fabrication; not a census value,SYNTHETIC_SMOKE_VALUE,,,,,
AgCensus2015-16 T2-4 Himachal Pradesh/ST/number/MarginalvsSemi-medium,AgCensus2015-16,T2-4,Himachal Pradesh,ST,number,MarginalvsSemi-medium,landholding,marginal holdings,semi-medium holdings,1,1,0,0,diff,a,,,,percent,SYNTHETIC,38.87,14.79,smoke-test fabrication; not a census value,SYNTHETIC_SMOKE_VALUE,,,,,
AgCensus2015-16 T2-4 Himachal Pradesh/ST/number/MarginalvsSmall,AgCensus2015-16,T2-4,Himachal Pradesh,ST,number,MarginalvsSmall,landholding,marginal holdings,small holdings,1,1,0,0,diff,a,,,,percent,SYNTHETIC,37.28,21.18,smoke-test fabrication; not a census value,SYNTHETIC_SMOKE_VALUE,,,,,
AgCensus2015-16 T2-4 Himachal Pradesh/ST/number/SmallvsLarge,AgCensus2015-16,T2-4,Himachal Pradesh,ST,number,SmallvsLarge,landholding,small holdings,large holdings,1,0,0,1,diff,a,,,,percent,SYNTHETIC,23.76,6.71,smoke-test fabrication; not a census value,SYNTHETIC_SMOKE_VALUE,,,,,
AgCensus2015-16 T2-4 Himachal Pradesh/ST/number/SmallvsMedium,AgCensus2015-16,T2-4,Himachal Pradesh,ST,number,SmallvsMedium,landholding,small holdings,medium holdings,1,1,0,0,diff,a,,,,percent,SYNTHETIC,24.17,8.15,smoke-test fabrication; not a census value,SYNTHETIC_SMOKE_VALUE,,,,,
AgCensus2015-16 T2-4 Himachal Pradesh/ST/number/SmallvsSemi-medium,AgCensus2015-16,T2-4,Himachal Pradesh,ST,number,SmallvsSemi-medium,landholding,small holdings,semi-medium holdings,1,1,0,0,diff,a,,,,percent,SYNTHETIC,35.26,15.99,smoke-test fabrication; not a census value,SYNTHETIC_SMOKE_VALUE,,,,,
AgCensus2015-16 T2-4 Himachal Pradesh/Semi-medium/area/SCvsOthers,AgCensus2015-16,T2-4,Himachal Pradesh,Semi-medium,area,SCvsOthers,social_group,Scheduled Castes,Other social groups,1,1,0,0,diff,b,,,,percent,SYNTHETIC,18.89,42.23,smoke-test fabrication; not a census value,SYNTHETIC_SMOKE_VALUE,,,,,
AgCensus2015-16 T2-4 Himachal Pradesh/Semi-medium/area/SCvsST,AgCensus2015-16,T2-4,Himachal Pradesh,Semi-medium,area,SCvsST,social_group,Scheduled Castes,Scheduled Tribes,8,8,0,0,equal,c,,,,percent,SYNTHETIC,27.22,30.0,smoke-test fabrication; not a census value,SYNTHETIC_SMOKE_VALUE,,,,,
AgCensus2015-16 T2-4 Himachal Pradesh/Semi-medium/area/STvsOthers,AgCensus2015-16,T2-4,Himachal Pradesh,Semi-medium,area,STvsOthers,social_group,Scheduled Tribes,Other social groups,1,1,0,0,diff,b,,,,percent,SYNTHETIC,34.84,57.16,smoke-test fabrication; not a census value,SYNTHETIC_SMOKE_VALUE,,,,,
AgCensus2015-16 T2-4 Himachal Pradesh/Semi-medium/number/SCvsOthers,AgCensus2015-16,T2-4,Himachal Pradesh,Semi-medium,number,SCvsOthers,social_group,Scheduled Castes,Other social groups,1,1,0,0,diff,b,,,,percent,SYNTHETIC,30.53,53.74,smoke-test fabrication; not a census value,SYNTHETIC_SMOKE_VALUE,,,,,
AgCensus2015-16 T2-4 Himachal Pradesh/Semi-medium/number/SCvsST,AgCensus2015-16,T2-4,Himachal Pradesh,Semi-medium,number,SCvsST,social_group,Scheduled Castes,Scheduled Tribes,8,0,0,8,equal,c,,,,percent,SYNTHETIC,27.1,28.77,smoke-test fabrication; not a census value,SYNTHETIC_SMOKE_VALUE,,,,,
AgCensus2015-16 T2-4 Himachal Pradesh/Semi-medium/number/STvsOthers,AgCensus2015-16,T2-4,Himachal Pradesh,Semi-medium,number,STvsOthers,social_group,Scheduled Tribes,Other social groups,1,1,0,0,diff,b,,,,percent,SYNTHETIC,31.7,51.81,smoke-test fabrication; not a census value,SYNTHETIC_SMOKE_VALUE,,,,,
AgCensus2015-16 T2-4 Himachal Pradesh/Small/area/SCvsOthers,AgCensus2015-16,T2-4,Himachal Pradesh,Small,area,SCvsOthers,social_group,Scheduled Castes,Other social groups,1,0,0,1,diff,b,,,,percent,SYNTHETIC,9.31,33.91,smoke-test fabrication; not a census value,SYNTHETIC_SMOKE_VALUE,,,,,
AgCensus2015-16 T2-4 Himachal Pradesh/Small/area/STvsOthers,AgCensus2015-16,T2-4,Himachal Pradesh,Small,area,STvsOthers,social_group,Scheduled Tribes,Other social groups,1,0,0,1,diff,b,,,,percent,SYNTHETIC,28.24,38.33,smoke-test fabrication; not a census value,SYNTHETIC_SMOKE_VALUE,,,,,
AgCensus2015-16 T2-4 Himachal Pradesh/Small/number/SCvsOthers,AgCensus2015-16,T2-4,Himachal Pradesh,Small,number,SCvsOthers,social_group,Scheduled Castes,Other social groups,1,0,0,1,diff,b,,,,percent,SYNTHETIC,8.45,29.72,smoke-test fabrication; not a census value,SYNTHETIC_SMOKE_VALUE,,,,,
AgCensus2015-16 T2-4 Himachal Pradesh/Small/number/STvsOthers,AgCensus2015-16,T2-4,Himachal Pradesh,Small,number,STvsOthers,social_group,Scheduled Tribes,Other social groups,1,1,0,0,diff,b,,,,percent,SYNTHETIC,21.2,35.0,smoke-test fabrication; not a census value,SYNTHETIC_SMOKE_VALUE,,,,,
AgCensus2015-16 T2-4 Jammu & Kashmir/All Classes/area/SCvsOthers,AgCensus2015-16,T2-4,Jammu & Kashmir,All Classes,area,SCvsOthers,social_group,Scheduled Castes,Other social groups,1,0,0,1,diff,b,,,,percent,SYNTHETIC,12.91,37.63,smoke-test fabrication; not a census value,SYNTHETIC_SMOKE_VALUE,,,,,
AgCensus2015-16 T2-4 Jammu & Kashmir/All Classes/area/STvsOthers,AgCensus2015-16,T2-4,Jammu & Kashmir,All Classes,area,STvsOthers,social_group,Scheduled Tribes,Other social groups,1,0,0,1,diff,b,,,,percent,SYNTHETIC,23.03,47.5,smoke-test fabrication; not a census value,SYNTHETIC_SMOKE_VALUE,,,,,
AgCensus2015-16 T2-4 Jammu & Kashmir/All Classes/number/SCvsOthers,AgCensus2015-16,T2-4,Jammu & Kashmir,All Classes,number,SCvsOthers,social_group,Scheduled Castes,Other social groups,1,0,0,1,diff,b,,,,percent,SYNTHETIC,32.26,52.8,smoke-test fabrication; not a census value,SYNTHETIC_SMOKE_VALUE,,,,,
AgCensus2015-16 T2-4 Jammu & Kashmir/All Classes/number/STvsOthers,AgCensus2015-16,T2-4,Jammu & Kashmir,All Classes,number,STvsOthers,social_group,Scheduled Tribes,Other social groups,1,1,0,0,diff,b,,,,percent,SYNTHETIC,26.2,39.53,smoke-test fabrication; not a census value,SYNTHETIC_SMOKE_VALUE,,,,,
AgCensus2015-16 T2-4 Jammu & Kashmir/All/number/MarginalvsLarge,AgCensus2015-16,T2-4,Jammu & Kashmir,All,number,MarginalvsLarge,landholding,marginal holdings,large holdings,1,1,0,0,diff,a,,,,percent,SYNTHETIC,26.69,14.31,smoke-test fabrication; not a census value,SYNTHETIC_SMOKE_VALUE,,,,,
AgCensus2015-16 T2-4 Jammu & Kashmir/All/number/MarginalvsMedium,AgCensus2015-16,T2-4,Jammu & Kashmir,All,number,MarginalvsMedium,landholding,marginal holdings,medium holdings,1,1,0,0,diff,a,,,,percent,SYNTHETIC,18.98,5.76,smoke-test fabrication; not a census value,SYNTHETIC_SMOKE_VALUE,,,,,
AgCensus2015-16 T2-4 Jammu & Kashmir/All/number/MarginalvsSemi-medium,AgCensus2015-16,T2-4,Jammu & Kashmir,All,number,MarginalvsSemi-medium,landholding,marginal holdings,semi-medium holdings,1,1,0,0,diff,a,,,,percent,SYNTHETIC,42.63,21.75,smoke-test fabrication; not a census value,SYNTHETIC_SMOKE_VALUE,,,,,
AgCensus2015-16 T2-4 Jammu & Kashmir/All/number/MarginalvsSmall,AgCensus2015-16,T2-4,Jammu & Kashmir,All,number,MarginalvsSmall,landholding,marginal holdings,small holdings,1,1,0,0,diff,a,,,,percent,SYNTHETIC,55.73,31.15,smoke-test fabrication; not a census value,SYNTHETIC_SMOKE_VALUE,,,,,
AgCensus2015-16 T2-4 Jammu & Kashmir/All/number/SmallvsLarge,AgCensus2015-16,T2-4,Jammu & Kashmir,All,number,SmallvsLarge,landholding,small holdings,large holdings,1,1,0,0,diff,a,,,,percent,SYNTHETIC,33.94,15.79,smoke-test fabrication; not a census value,SYNTHETIC_SMOKE_VALUE,,,,,
AgCensus2015-16 T2-4 Jammu & Kashmir/All/number/SmallvsMedium,AgCensus2015-16,T2-4,Jammu & Kashmir,All,number,SmallvsMedium,landholding,small holdings,medium holdings,1,1,0,0,diff,a,,,,percent,SYNTHETIC,33.26,11.39,smoke-test fabrication; not a census value,SYNTHETIC_SMOKE_VALUE,,,,,
AgCensus2015-16 T2-4 Jammu & Kashmir/Marginal/area/SCvsOthers,AgCensus2015-16,T2-4,Jammu & Kashmir,Marginal,area,SCvsOthers,social_group,Scheduled Castes,Other social groups,1,1,0,0,diff,b,,,,percent,SYNTHETIC,25.26,38.84,smoke-test fabrication; not a census value,SYNTHETIC_SMOKE_VALUE,,,,,
AgCensus2015-16 T2-4 Jammu & Kashmir/Marginal/area/STvsOthers,AgCensus2015-16,T2-4,Jammu & Kashmir,Marginal,area,STvsOthers,social_group,Scheduled Tribes,Other social groups,1,1,0,0,diff,b,,,,percent,SYNTHETIC,12.55,34.17,smoke-test fabrication; not a census value,SYNTHETIC_SMOKE_VALUE,,,,,
AgCensus2015-16 T2-4 Jammu & Kashmir/Marginal/number/SCvsOthers,AgCensus2015-16,T2-4,Jammu & Kashmir,Marginal,number,SCvsOthers,social_group,Scheduled Castes,Other social groups,1,0,0,1,diff,b,,,,percent,SYNTHETIC,27.67,43.46,smoke-test fabrication; not a census value,SYNTHETIC_SMOKE_VALUE,,,,,
AgCensus2015-16 T2-4 Jammu & Kashmir/Marginal/number/STvsOthers,AgCensus2015-16,T2-4,Jammu & Kashmir,Marginal,number,STvsOthers,social_group,Scheduled Tribes,Other social groups,1,0,0,1,diff,b,,,,percent,SYNTHETIC,34.95,56.48,smoke-test fabrication; not a census value,SYNTHETIC_SMOKE_VALUE,,,,,
AgCensus2015-16 T2-4 Jammu & Kashmir/Medium/area/SCvsOthers,AgCensus2015-16,T2-4,Jammu & Kashmir,Medium,area,SCvsOthers,social_group,Scheduled Castes,Other social groups,1,0,0,1,diff,b,,,,percent,SYNTHETIC,32.59,55.57,smoke-test fabrication; not a census value,SYNTHETIC_SMOKE_VALUE,,,,,
AgCensus2015-16 T2-4 Jammu & Kashmir/Medium/area/SCvsST,AgCensus2015-16,T2-4,Jammu & Kashmir,Medium,area,SCvsST,social_group,Scheduled Castes,Scheduled Tribes,1,1,0,0,diff,b,,,,percent,SYNTHETIC,7.73,23.0,smoke-test fabrication; not a census value,SYNTHETIC_SMOKE_VALUE,,,,,
AgCensus2015-16 T2-4 Jammu & Kashmir/Medium/area/STvsOthers,AgCensus2015-16,T2-4,Jammu & Kashmir,Medium,area,STvsOthers,social_group,Scheduled Tribes,Other social groups,1,1,0,0,diff,b,,,,percent,SYNTHETIC,27.68,44.88,smoke-test fabrication; not a census value,SYNTHETIC_SMOKE_VALUE,,,,,
AgCensus2015-16 T2-4 Jammu & Kashmir/SC/number/MarginalvsLarge,AgCensus2015-16,T2-4,Jammu & Kashmir,SC,number,MarginalvsLarge,landholding,marginal holdings,large holdings,1,1,0,0,diff,a,,,,percent,SYNTHETIC,32.58,18.81,smoke-test fabrication; not a census value,SYNTHETIC_SMOKE_VALUE,,,,,
AgCensus2015-16 T2-4 Jammu & Kashmir/SC/number/MarginalvsMedium,AgCensus2015-16,T2-4,Jammu & Kashmir,SC,number,MarginalvsMedium,landholding,marginal holdings,medium holdings,1,0,0,1,diff,a,,,,percent,SYNTHETIC,50.3,28.92,smoke-test fabrication; not a census value,SYNTHETIC_SMOKE_VALUE,,,,,
AgCensus2015-16 T2-4 Jammu & Kashmir/SC/number/MarginalvsSemi-medium,AgCensus2015-16,T2-4,Jammu & Kashmir,SC,number,MarginalvsSemi-medium,landholding,marginal holdings,semi-medium holdings,1,0,0,1,diff,a,,,,percent,SYNTHETIC,35.09,23.34,smoke-test fabrication; not a census value,SYNTHETIC_SMOKE_VALUE,,,,,
AgCensus2015-16 T2-4 Jammu & Kashmir/SC/number/Semi-mediumvsMedium,AgCensus2015-16,T2-4,Jammu & Kashmir,SC,number,Semi-mediumvsMedium,landholding,semi-medium holdings,medium holdings,4,0,0,4,equal,c,,,,percent,SYNTHETIC,17.04,19.73,smoke-test fabrication; not a census value,SYNTHETIC_SMOKE_VALUE,,,,,
AgCensus2015-16 T2-4 Jammu & Kashmir/SC/number/SmallvsLarge,AgCensus2015-16,T2-4,Jammu & Kashmir,SC,number,SmallvsLarge,landholding,small holdings,large holdings,1,0,0,1,diff,a,,,,percent,SYNTHETIC,28.69,8.98,smoke-test fabrication; not a census value,SYNTHETIC_SMOKE_VALUE,,,,,
AgCensus2015-16 T2-4 Jammu & Kashmir/SC/number/SmallvsMedium,AgCensus2015-16,T2-4,Jammu & Kashmir,SC,number,SmallvsMedium,landholding,small holdings,medium holdings,1,0,1,0,diff,a,,,,percent,SYNTHETIC,30.97,13.86,smoke-test fabrication; not a census value,SYNTHETIC_SMOKE_VALUE,,,,,
AgCensus2015-16 T2-4 Jammu & Kashmir/ST/number/MarginalvsLarge,AgCensus2015-16,T2-4,Jammu & Kashmir,ST,number,MarginalvsLarge,landholding,marginal holdings,large holdings,1,1,0,0,diff,a,,,,percent,SYNTHETIC,43.29,22.92,smoke-test fabrication; not a census value,SYNTHETIC_SMOKE_VALUE,,,,,
AgCensus2015-16 T2-4 Jammu & Kashmir/ST/number/MarginalvsMedium,AgCensus2015-16,T2-4,Jammu & Kashmir,ST,number,MarginalvsMedium,landholding,marginal holdings,medium holdings,1,1,0,0,diff,a,,,,percent,SYNTHETIC,45.05,26.14,smoke-test fabrication; not a census value,SYNTHETIC_SMOKE_VALUE,,,,,
AgCensus2015-16 T2-4 Jammu & Kashmir/ST/number/MarginalvsSemi-medium,AgCensus2015-16,T2-4,Jammu & Kashmir,ST,number,MarginalvsSemi-medium,landholding,marginal holdings,semi-medium holdings,1,0,1,0,diff,a,,,,percent,SYNTHETIC,26.64,11.53,smoke-test fabrication; not a census value,SYNTHETIC_SMOKE_VALUE,,,,,
AgCensus2015-16 T2-4 Jammu & Kashmir/ST/number/MarginalvsSmall,AgCensus2015-16,T2-4,Jammu & Kashmir,ST,number,MarginalvsSmall,landholding,marginal holdings,small holdings,1,1,0,0,diff,a,,,,percent,SYNTHETIC,29.03,18.59,smoke-test fabrication; not a census value,SYNTHETIC_SMOKE_VALUE,,,,,
AgCensus2015-16 T2-4 Jammu & Kashmir/ST/number/SmallvsMedium,AgCensus2015-16,T2-4,Jammu & Kashmir,ST,number,SmallvsMedium,landholding,small holdings,medium holdings,1,1,0,0,diff,a,,,,percent,SYNTHETIC,51.2,31.85,smoke-test fabrication; not a census value,SYNTHETIC_SMOKE_VALUE,,,,,
AgCensus2015-16 T2-4 Jammu & Kashmir/Semi-medium/area/SCvsOthers,AgCensus2015-16,T2-4,Jammu & Kashmir,Semi-medium,area,SCvsOthers,social_group,Scheduled Castes,Other social groups,1,1,0,0,diff,b,,,,percent,SYNTHETIC,15.32,33.66,smoke-test fabrication; not a census value,SYNTHETIC_SMOKE_VALUE,,,,,
AgCensus2015-16 T2-4 Jammu & Kashmir/Semi-medium/area/STvsOthers,AgCensus2015-16,T2-4,Jammu & Kashmir,Semi-medium,area,STvsOthers,social_group,Scheduled Tribes,Other social groups,1,1,0,0,diff,b,,,,percent,SYNTHETIC,21.12,31.39,smoke-test fabrication; not a census value,SYNTHETIC_SMOKE_VALUE,,,,,
AgCensus2015-16 T2-4 Jammu & Kashmir/Semi-medium/number/SCvsOthers,AgCensus2015-16,T2-4,Jammu & Kashmir,Semi-medium,number,SCvsOthers,social_group,Scheduled Castes,Other social groups,1,0,1,0,diff,b,,,,percent,SYNTHETIC,16.93,36.92,smoke-test fabrication; not a census value,SYNTHETIC_SMOKE_VALUE,,,,,
AgCensus2015-16 T2-4 Jammu & Kashmir/Semi-medium/number/STvsOthers,AgCensus2015-16,T2-4,Jammu & Kashmir,Semi-medium,number,STvsOthers,social_group,Scheduled Tribes,Other social groups,1,1,0,0,diff,b,,,,percent,SYNTHETIC,8.12,18.31,smoke-test fabrication; not a census value,SYNTHETIC_SMOKE_VALUE,,,,,
AgCensus2015-16 T2-4 Jammu & Kashmir/Small/area/SCvsOthers,AgCensus2015-16,T2-4,Jammu & Kashmir,Small,area,SCvsOthers,social_group,Scheduled Castes,Other social groups,1,1,0,0,diff,b,,,,percent,SYNTHETIC,24.53,47.46,smoke-test fabrication; not a census value,SYNTHETIC_SMOKE_VALUE,,,,,
AgCensus2015-16 T2-4 Jammu & Kashmir/Small/area/STvsOthers,AgCensus2015-16,T2-4,Jammu & Kashmir,Small,area,STvsOthers,social_group,Scheduled Tribes,Other social groups,1,0,1,0,diff,b,,,,percent,SYNTHETIC,21.13,35.87,smoke-test fabrication; not a census value,SYNTHETIC_SMOKE_VALUE,,,,,
AgCensus2015-16 T2-4 Jammu & Kashmir/Small/number/SCvsOthers,AgCensus2015-16,T2-4,Jammu & Kashmir,Small,number,SCvsOthers,social_group,Scheduled Castes,Other social groups,1,0,0,1,diff,b,,,,percent,SYNTHETIC,11.2,21.67,smoke-test fabrication; not a census value,SYNTHETIC_SMOKE_VALUE,,,,,
AgCensus2015-16 T2-4 Jammu & Kashmir/Small/number/STvsOthers,AgCensus2015-16,T2-4,Jammu & Kashmir,Small,number,STvsOthers,social_group,Scheduled Tribes,Other social groups,1,1,0,0,diff,b,,,,percent,SYNTHETIC,20.92,33.61,smoke-test fabrication; not a census value,SYNTHETIC_SMOKE_VALUE,,,,,
AgCensus2015-16 T2-4 Jharkhand/All Classes/area/SCvsOthers,AgCensus2015-16,T2-4,Jharkhand,All Classes,area,SCvsOthers,social_group,Scheduled Castes,Other social groups,1,0,0,1,diff,b,,,,percent,SYNTHETIC,32.92,52.66,smoke-test fabrication; not a census value,SYNTHETIC_SMOKE_VALUE,,,,,
AgCensus2015-16 T2-4 Jharkhand/All Classes/area/SCvsST,AgCensus2015-16,T2-4,Jharkhand,All Classes,area,SCvsST,social_group,Scheduled Castes,Scheduled Tribes,1,1,0,0,diff,b,,,,percent,SYNTHETIC,8.24,30.84,smoke-test fabrication; not a census value,SYNTHETIC_SMOKE_VALUE,,,,,
AgCensus2015-16 T2-4 Jharkhand/All Classes/area/STvsOthers,AgCensus2015-16,T2-4,Jharkhand,All Classes,area,STvsOthers,social_group,Scheduled Tribes,Other social groups,8,0,0,8,equal,c,,,,percent,SYNTHETIC,13.27,13.37,smoke-test fabrication; not a census value,SYNTHETIC_SMOKE_VALUE,,,,,
AgCensus2015-16 T2-4 Jharkhand/All Classes/number/SCvsOthers,AgCensus2015-16,T2-4,Jharkhand,All Classes,number,SCvsOthers,social_group,Scheduled Castes,Other social groups,1,0,0,1,diff,b,,,,percent,SYNTHETIC,34.49,56.5,smoke-test fabrication; not a census value,SYNTHETIC_SMOKE_VALUE,,,,,
AgCensus2015-16 T2-4 Jharkhand/All Classes/number/SCvsST,AgCensus2015-16,T2-4,Jharkhand,All Classes,number,SCvsST,social_group,Scheduled Castes,Scheduled Tribes,1,1,0,0,diff,b,,,,percent,SYNTHETIC,10.62,35.23,smoke-test fabrication; not a census value,SYNTHETIC_SMOKE_VALUE,,,,,
AgCensus2015-16 T2-4 Jharkhand/All Classes/number/STvsOthers,AgCensus2015-16,T2-4,Jharkhand,All Classes,number,STvsOthers,social_group,Scheduled Tribes,Other social groups,1,1,0,0,diff,b,,,,percent,SYNTHETIC,21.4,39.48,smoke-test fabrication; not a census value,SYNTHETIC_SMOKE_VALUE,,,,,
AgCensus2015-16 T2-4 Jharkhand/All/area/MarginalvsMedium,AgCensus2015-16,T2-4,Jharkhand,All,area,MarginalvsMedium,landholding,marginal operated area,medium operated area,4,4,0,0,equal,c,,,,percent,SYNTHETIC,15.04,19.63,smoke-test fabrication; not a census value,SYNTHETIC_SMOKE_VALUE,,,,,
AgCensus2015-16 T2-4 Jharkhand/All/area/MarginalvsSemi-medium,AgCensus2015-16,T2-4,Jharkhand,All,area,MarginalvsSemi-medium,landholding,marginal operated area,semi-medium operated area,4,4,0,0,equal,c,,,,percent,SYNTHETIC,23.27,24.48,smoke-test fabrication; not a census value,SYNTHETIC_SMOKE_VALUE,,,,,
AgCensus2015-16 T2-4 Jharkhand/All/area/Semi-mediumvsMedium,AgCensus2015-16,T2-4,Jharkhand,All,area,Semi-mediumvsMedium,landholding,semi-medium operated area,medium operated area,3,0,3,0,equal,c,,,,percent,SYNTHETIC,24.21,26.74,smoke-test fabrication; not a census value,SYNTHETIC_SMOKE_VALUE,,,,,
AgCensus2015-16 T2-4 Jharkhand/All/area/SmallvsMedium,AgCensus2015-16,T2-4,Jharkhand,All,area,SmallvsMedium,landholding,small operated area,medium operated area,4,0,0,4,equal,c,,,,percent,SYNTHETIC,12.24,13.94,smoke-test fabrication; not a census value,SYNTHETIC_SMOKE_VALUE,,,,,
AgCensus2015-16 T2-4 Jharkhand/All/number/MarginalvsLarge,AgCensus2015-16,T2-4,Jharkhand,All,number,MarginalvsLarge,landholding,marginal holdings,large holdings,1,1,0,0,diff,a,,,,percent,SYNTHETIC,56.59,34.84,smoke-test fabrication; not a census value,SYNTHETIC_SMOKE_VALUE,,,,,
AgCensus2015-16 T2-4 Jharkhand/All/number/MarginalvsMedium,AgCensus2015-16,T2-4,Jharkhand,All,number,MarginalvsMedium,landholding,marginal holdings,medium holdings,1,1,0,0,diff,a,,,,percent,SYNTHETIC,22.46,9.26,smoke-test fabrication; not a census value,SYNTHETIC_SMOKE_VALUE,,,,,
AgCensus2015-16 T2-4 Jharkhand/All/number/MarginalvsSemi-medium,AgCensus2015-16,T2-4,Jharkhand,All,number,MarginalvsSemi-medium,landholding,marginal holdings,semi-medium holdings,1,1,0,0,diff,a,,,,percent,SYNTHETIC,53.44,32.65,smoke-test fabrication; not a census value,SYNTHETIC_SMOKE_VALUE,,,,,
AgCensus2015-16 T2-4 Jharkhand/All/number/MarginalvsSmall,AgCensus2015-16,T2-4,Jharkhand,All,number,MarginalvsSmall,landholding,marginal holdings,small holdings,1,1,0,0,diff,a,,,,percent,SYNTHETIC,41.96,25.43,smoke-test fabrication; not a census value,SYNTHETIC_SMOKE_VALUE,,,,,
AgCensus2015-16 T2-4 Jharkhand/All/number/SmallvsLarge,AgCensus2015-16,T2-4,Jharkhand,All,number,SmallvsLarge,landholding,small holdings,large holdings,1,1,0,0,diff,a,,,,percent,SYNTHETIC,52.88,28.07,smoke-test fabrication; not a census value,SYNTHETIC_SMOKE_VALUE,,,,,
AgCensus2015-16 T2-4 Jharkhand/All/number/SmallvsMedium,AgCensus2015-16,T2-4,Jharkhand,All,number,SmallvsMedium,landholding,small holdings,medium holdings,1,1,0,0,diff,a,,,,percent,SYNTHETIC,35.88,22.14,smoke-test fabrication; not a census value,SYNTHETIC_SMOKE_VALUE,,,,,
AgCensus2015-16 T2-4 Jharkhand/Large/area/SCvsOthers,AgCensus2015-16,T2-4,Jharkhand,Large,area,SCvsOthers,social_group,Scheduled Castes,Other social groups,1,1,0,0,diff,b,,,,percent,SYNTHETIC,14.9,39.79,smoke-test fabrication; not a census value,SYNTHETIC_SMOKE_VALUE,,,,,
AgCensus2015-16 T2-4 Jharkhand/Large/area/SCvsST,AgCensus2015-16,T2-4,Jharkhand,Large,area,SCvsST,social_group,Scheduled Castes,Scheduled Tribes,1,1,0,0,diff,b,,,,percent,SYNTHETIC,28.57,46.4,smoke-test fabrication; not a census value,SYNTHETIC_SMOKE_VALUE,,,,,
AgCensus2015-16 T2-4 Jharkhand/Large/area/STvsOthers,AgCensus2015-16,T2-4,Jharkhand,Large,area,STvsOthers,social_group,Scheduled Tribes,Other social groups,1,0,0,1,diff,a,,,,percent,SYNTHETIC,43.09,18.23,smoke-test fabrication; not a census value,SYNTHETIC_SMOKE_VALUE,,,,,
AgCensus2015-16 T2-4 Jharkhand/Large/number/SCvsOthers,AgCensus2015-16,T2-4,Jharkhand,Large,number,SCvsOthers,social_group,Scheduled Castes,Other social groups,1,1,0,0,diff,b,,,,percent,SYNTHETIC,23.14,37.5,smoke-test fabrication; not a census value,SYNTHETIC_SMOKE_VALUE,,,,,
AgCensus2015-16 T2-4 Jharkhand/Large/number/STvsOthers,AgCensus2015-16,T2-4,Jharkhand,Large,number,STvsOthers,social_group,Scheduled Tribes,Other social groups,1,0,1,0,diff,a,,,,percent,SYNTHETIC,24.89,8.45,smoke-test fabrication; not a census value,SYNTHETIC_SMOKE_VALUE,,,,,
AgCensus2015-16 T2-4 Jharkhand/Marginal/area/SCvsOthers,AgCensus2015-16,T2-4,Jharkhand,Marginal,area,SCvsOthers,social_group,Scheduled Castes,Other social groups,1,1,0,0,diff,b,,,,percent,SYNTHETIC,16.44,34.31,smoke-test fabrication; not a census value,SYNTHETIC_SMOKE_VALUE,,,,,
AgCensus2015-16 T2-4 Jharkhand/Marginal/area/SCvsST,AgCensus2015-16,T2-4,Jharkhand,Marginal,area,SCvsST,social_group,Scheduled Castes,Scheduled Tribes,1,1,0,0,diff,b,,,,percent,SYNTHETIC,6.42,30.02,smoke-test fabrication; not a census value,SYNTHETIC_SMOKE_VALUE,,,,,
AgCensus2015-16 T2-4 Jharkhand/Marginal/area/STvsOthers,AgCensus2015-16,T2-4,Jharkhand,Marginal,area,STvsOthers,social_group,Scheduled Tribes,Other social groups,1,0,0,1,diff,b,,,,percent,SYNTHETIC,27.12,46.03,smoke-test fabrication; not a census value,SYNTHETIC_SMOKE_VALUE,,,,,
AgCensus2015-16 T2-4 Jharkhand/Marginal/number/SCvsOthers,AgCensus2015-16,T2-4,Jharkhand,Marginal,number,SCvsOthers,social_group,Scheduled Castes,Other social groups,1,0,0,1,diff,b,,,,percent,SYNTHETIC,16.34,33.1,smoke-test fabrication; not a census value,SYNTHETIC_SMOKE_VALUE,,,,,
AgCensus2015-16 T2-4 Jharkhand/Marginal/number/SCvsST,AgCensus2015-16,T2-4,Jharkhand,Marginal,number,SCvsST,social_group,Scheduled Castes,Scheduled Tribes,1,1,0,0,diff,b,,,,percent,SYNTHETIC,34.8,50.02,smoke-test fabrication; not a census value,SYNTHETIC_SMOKE_VALUE,,,,,
AgCensus2015-16 T2-4 Jharkhand/Marginal/number/STvsOthers,AgCensus2015-16,T2-4,Jharkhand,Marginal,number,STvsOthers,social_group,Scheduled Tribes,Other social groups,1,0,0,1,diff,b,,,,percent,SYNTHETIC,8.6,21.92,smoke-test fabrication; not a census value,SYNTHETIC_SMOKE_VALUE,,,,,
AgCensus2015-16 T2-4 Jharkhand/Medium/area/SCvsOthers,AgCensus2015-16,T2-4,Jharkhand,Medium,area,SCvsOthers,social_group,Scheduled Castes,Other social groups,1,1,0,0,diff,b,,,,percent,SYNTHETIC,32.11,50.98,smoke-test fabrication; not a census value,SYNTHETIC_SMOKE_VALUE,,,,,
AgCensus2015-16 T2-4 Jharkhand/Medium/area/SCvsST,AgCensus2015-16,T2-4,Jharkhand,Medium,area,SCvsST,social_group,Scheduled Castes,Scheduled Tribes,1,1,0,0,diff,b,,,,percent,SYNTHETIC,21.82,37.46,smoke-test fabrication; not a census value,SYNTHETIC_SMOKE_VALUE,,,,,
AgCensus2015-16 T2-4 Jharkhand/Medium/area/STvsOthers,AgCensus2015-16,T2-4,Jharkhand,Medium,area,STvsOthers,social_group,Scheduled Tribes,Other social groups,1,1,0,0,diff,a,,,,percent,SYNTHETIC,30.98,20.27,smoke-test fabrication; not a census value,SYNTHETIC_SMOKE_VALUE,,,,,
AgCensus2015-16 T2-4 Jharkhand/Medium/number/SCvsOthers,AgCensus2015-16,T2-4,Jharkhand,Medium,number,SCvsOthers,social_group,Scheduled Castes,Other social groups,1,1,0,0,diff,b,,,,percent,SYNTHETIC,22.05,36.43,smoke-test fabrication; not a census value,SYNTHETIC_SMOKE_VALUE,,,,,
AgCensus2015-16 T2-4 Jharkhand/Medium/number/SCvsST,AgCensus2015-16,T2-4,Jharkhand,Medium,number,SCvsST,social_group,Scheduled Castes,Scheduled Tribes,1,1,0,0,diff,b,,,,percent,SYNTHETIC,8.91,31.18,smoke-test fabrication; not a census value,SYNTHETIC_SMOKE_VALUE,,,,,
AgCensus2015-16 T2-4 Jharkhand/Medium/number/STvsOthers,AgCensus2015-16,T2-4,Jharkhand,Medium,number,STvsOthers,social_group,Scheduled Tribes,Other social groups,1,0,0,1,diff,a,,,,percent,SYNTHETIC,45.61,25.98,smoke-test fabrication; not a census value,SYNTHETIC_SMOKE_VALUE,,,,,
AgCensus2015-16 T2-4 Jharkhand/SC/area/Semi-mediumvsMedium,AgCensus2015-16,T2-4,Jharkhand,SC,area,Semi-mediumvsMedium,landholding,semi-medium operated area,medium operated area,3,3,0,0,equal,c,,,,percent,SYNTHETIC,6.84,10.57,smoke-test fabrication; not a census value,SYNTHETIC_SMOKE_VALUE,,,,,
AgCensus2015-16 T2-4 Jharkhand/SC/area/SmallvsMedium,AgCensus2015-16,T2-4,Jharkhand,SC,area,SmallvsMedium,landholding,small operated area,medium operated area,4,4,0,0,equal,c,,,,percent,SYNTHETIC,32.82,35.63,smoke-test fabrication; not a census value,SYNTHETIC_SMOKE_VALUE,,,,,
AgCensus2015-16 T2-4 Jharkhand/SC/area/SmallvsSemi-medium,AgCensus2015-16,T2-4,Jharkhand,SC,area,SmallvsSemi-medium,landholding,small operated area,semi-medium operated area,3,3,0,0,equal,c,,,,percent,SYNTHETIC,18.78,21.23,smoke-test fabrication; not a census value,SYNTHETIC_SMOKE_VALUE,,,,,
AgCensus2015-16 T2-4 Jharkhand/SC/number/MarginalvsLarge,AgCensus2015-16,T2-4,Jharkhand,SC,number,MarginalvsLarge,landholding,marginal holdings,large holdings,1,0,0,1,diff,a,,,,percent,SYNTHETIC,27.17,7.58,smoke-test fabrication; not a census value,SYNTHETIC_SMOKE_VALUE,,,,,
AgCensus2015-16 T2-4 Jharkhand/SC/number/MarginalvsMedium,AgCensus2015-16,T2-4,Jharkhand,SC,number,MarginalvsMedium,landholding,marginal holdings,medium holdings,1,0,0,1,diff,a,,,,percent,SYNTHETIC,48.22,24.63,smoke-test fabrication; not a census value,SYNTHETIC_SMOKE_VALUE,,,,,
AgCensus2015-16 T2-4 Jharkhand/SC/number/MarginalvsSemi-medium,AgCensus2015-16,T2-4,Jharkhand,SC,number,MarginalvsSemi-medium,landholding,marginal holdings,semi-medium holdings,1,0,0,1,diff,a,,,,percent,SYNTHETIC,45.64,34.18,smoke-test fabrication; not a census value,SYNTHETIC_SMOKE_VALUE,,,,,
AgCensus2015-16 T2-4 Jharkhand/SC/number/MarginalvsSmall,AgCensus2015-16,T2-4,Jharkhand,SC,number,MarginalvsSmall,landholding,marginal holdings,small holdings,1,1,0,0,diff,a,,,,percent,SYNTHETIC,17.74,5.61,smoke-test fabrication; not a census value,SYNTHETIC_SMOKE_VALUE,,,,,
AgCensus2015-16 T2-4 Jharkhand/SC/number/Semi-mediumvsMedium,AgCensus2015-16,T2-4,Jharkhand,SC,number,Semi-mediumvsMedium,landholding,semi-medium holdings,medium holdings,3,0,0,3,equal,c,,,,percent,SYNTHETIC,14.25,17.66,smoke-test fabrication; not a census value,SYNTHETIC_SMOKE_VALUE,,,,,
AgCensus2015-16 T2-4 Jharkhand/SC/number/SmallvsLarge,AgCensus2015-16,T2-4,Jharkhand,SC,number,SmallvsLarge,landholding,small holdings,large holdings,1,0,0,1,diff,a,,,,percent,SYNTHETIC,36.89,14.31,smoke-test fabrication; not a census value,SYNTHETIC_SMOKE_VALUE,,,,,
AgCensus2015-16 T2-4 Jharkhand/ST/area/MarginalvsSmall,AgCensus2015-16,T2-4,Jharkhand,ST,area,MarginalvsSmall,landholding,marginal operated area,small operated area,1,0,0,1,equal,c,,,,percent,SYNTHETIC,9.46,14.07,smoke-test fabrication; not a census value,SYNTHETIC_SMOKE_VALUE,,,,,
AgCensus2015-16 T2-4 Jharkhand/ST/area/Semi-mediumvsMedium,AgCensus2015-16,T2-4,Jharkhand,ST,area,Semi-mediumvsMedium,landholding,semi-medium operated area,medium operated area,1,1,0,0,equal,c,,,,percent,SYNTHETIC,22.23,23.78,smoke-test fabrication; not a census value,SYNTHETIC_SMOKE_VALUE,,,,,
AgCensus2015-16 T2-4 Jharkhand/ST/area/SmallvsLarge,AgCensus2015-16,T2-4,Jharkhand,ST,area,SmallvsLarge,landholding,small operated area,large operated area,1,0,0,1,equal,c,,,,percent,SYNTHETIC,21.32,22.94,smoke-test fabrication; not a census value,SYNTHETIC_SMOKE_VALUE,,,,,
AgCensus2015-16 T2-4 Jharkhand/ST/number/MarginalvsLarge,AgCensus2015-16,T2-4,Jharkhand,ST,number,MarginalvsLarge,landholding,marginal holdings,large holdings,1,1,0,0,diff,a,,,,percent,SYNTHETIC,47.03,25.52,smoke-test fabrication; not a census value,SYNTHETIC_SMOKE_VALUE,,,,,
AgCensus2015-16 T2-4 Jharkhand/ST/number/MarginalvsMedium,AgCensus2015-16,T2-4,Jharkhand,ST,number,MarginalvsMedium,landholding,marginal holdings,medium holdings,1,1,0,0,diff,a,,,,percent,SYNTHETIC,53.86,30.94,smoke-test fabrication; not a census value,SYNTHETIC_SMOKE_VALUE,,,,,
AgCensus2015-16 T2-4 Jharkhand/ST/number/MarginalvsSmall,AgCensus2015-16,T2-4,Jharkhand,ST,number,MarginalvsSmall,landholding,marginal holdings,small holdings,1,0,0,1,diff,a,,,,percent,SYNTHETIC,29.26,8.08,smoke-test fabrication; not a census value,SYNTHETIC_SMOKE_VALUE,,,,,
AgCensus2015-16 T2-4 Jharkhand/ST/number/SmallvsLarge,AgCensus2015-16,T2-4,Jharkhand,ST,number,SmallvsLarge,landholding,small holdings,large holdings,1,0,0,1,diff,a,,,,percent,SYNTHETIC,32.65,19.77,smoke-test fabrication; not a census value,SYNTHETIC_SMOKE_VALUE,,,,,
AgCensus2015-16 T2-4 Jharkhand/ST/number/SmallvsMedium,AgCensus2015-16,T2-4,Jharkhand,ST,number,SmallvsMedium,landholding,small holdings,medium holdings,1,1,0,0,diff,a,,,,percent,SYNTHETIC,27.44,5.59,smoke-test fabrication; not a census value,SYNTHETIC_SMOKE_VALUE,,,,,
AgCensus2015-16 T2-4 Jharkhand/ST/number/SmallvsSemi-medium,AgCensus2015-16,T2-4,Jharkhand,ST,number,SmallvsSemi-medium,landholding,small holdings,semi-medium holdings,4,4,0,0,equal,c,,,,percent,SYNTHETIC,31.73,32.98,smoke-test fabrication; not a census value,SYNTHETIC_SMOKE_VALUE,,,,,
AgCensus2015-16 T2-4 Jharkhand/Semi-medium/area/SCvsOthers,AgCensus2015-16,T2-4,Jharkhand,Semi-medium,area,SCvsOthers,social_group,Scheduled Castes,Other social groups,1,1,0,0,diff,b,,,,percent,SYNTHETIC,23.16,41.84,smoke-test fabrication; not a census value,SYNTHETIC_SMOKE_VALUE,,,,,
AgCensus2015-16 T2-4 Jharkhand/Semi-medium/area/SCvsST,AgCensus2015-16,T2-4,Jharkhand,Semi-medium,area,SCvsST,social_group,Scheduled Castes,Scheduled Tribes,1,0,0,1,diff,b,,,,percent,SYNTHETIC,16.5,40.05,smoke-test fabrication; not a census value,SYNTHETIC_SMOKE_VALUE,,,,,
AgCensus2015-16 T2-4 Jharkhand/Semi-medium/area/STvsOthers,AgCensus2015-16,T2-4,Jharkhand,Semi-medium,area,STvsOthers,social_group,Scheduled Tribes,Other social groups,8,8,0,0,equal,c,,,,percent,SYNTHETIC,22.95,23.73,smoke-test fabrication; not a census value,SYNTHETIC_SMOKE_VALUE,,,,,
AgCensus2015-16 T2-4 Jharkhand/Semi-medium/number/SCvsOthers,AgCensus2015-16,T2-4,Jharkhand,Semi-medium,number,SCvsOthers,social_group,Scheduled Castes,Other social groups,1,1,0,0,diff,b,,,,percent,SYNTHETIC,29.94,46.8,smoke-test fabrication; not a census value,SYNTHETIC_SMOKE_VALUE,,,,,
AgCensus2015-16 T2-4 Jharkhand/Semi-medium/number/SCvsST,AgCensus2015-16,T2-4,Jharkhand,Semi-medium,number,SCvsST,social_group,Scheduled Castes,Scheduled Tribes,1,0,0,1,diff,b,,,,percent,SYNTHETIC,6.06,25.83,smoke-test fabrication; not a census value,SYNTHETIC_SMOKE_VALUE,,,,,
AgCensus2015-16 T2-4 Jharkhand/Semi-medium/number/STvsOthers,AgCensus2015-16,T2-4,Jharkhand,Semi-medium,number,STvsOthers,social_group,Scheduled Tribes,Other social groups,8,0,0,8,equal,c,,,,percent,SYNTHETIC,30.45,34.78,smoke-test fabrication; not a census value,SYNTHETIC_SMOKE_VALUE,,,,,
AgCensus2015-16 T2-4 Jharkhand/Small/area/SCvsOthers,AgCensus2015-16,T2-4,Jharkhand,Small,area,SCvsOthers,social_group,Scheduled Castes,Other social groups,1,1,0,0,diff,b,,,,percent,SYNTHETIC,16.11,41.02,smoke-test fabrication; not a census value,SYNTHETIC_SMOKE_VALUE,,,,,
AgCensus2015-16 T2-4 Jharkhand/Small/area/SCvsST,AgCensus2015-16,T2-4,Jharkhand,Small,area,SCvsST,social_group,Scheduled Castes,Scheduled Tribes,1,0,0,1,diff,b,,,,percent,SYNTHETIC,17.7,41.9,smoke-test fabrication; not a census value,SYNTHETIC_SMOKE_VALUE,,,,,
AgCensus2015-16 T2-4 Jharkhand/Small/number/SCvsOthers,AgCensus2015-16,T2-4,Jharkhand,Small,number,SCvsOthers,social_group,Scheduled Castes,Other social groups,1,0,0,1,diff,b,,,,percent,SYNTHETIC,13.95,38.27,smoke-test fabrication; not a census value,SYNTHETIC_SMOKE_VALUE,,,,,
AgCensus2015-16 T2-4 Jharkhand/Small/number/SCvsST,AgCensus2015-16,T2-4,Jharkhand,Small,number,SCvsST,social_group,Scheduled Castes,Scheduled Tribes,1,0,0,1,diff,b,,,,percent,SYNTHETIC,18.27,37.4,smoke-test fabrication; not a census value,SYNTHETIC_SMOKE_VALUE,,,,,
AgCensus2015-16 T2-4 Karnataka/All Classes/area/SCvsOthers,AgCensus2015-16,T2-4,Karnataka,All Classes,area,SCvsOthers,social_group,Scheduled Castes,Other social groups,1,0,0,1,diff,b,,,,percent,SYNTHETIC,27.34,46.24,smoke-test fabrication; not a census value,SYNTHETIC_SMOKE_VALUE,,,,,
AgCensus2015-16 T2-4 Karnataka/All Classes/area/SCvsST,AgCensus2015-16,T2-4,Karnataka,All Classes,area,SCvsST,social_group,Scheduled Castes,Scheduled Tribes,8,0,0,8,equal,c,,,,percent,SYNTHETIC,17.87,21.45,smoke-test fabrication; not a census value,SYNTHETIC_SMOKE_VALUE,,,,,
AgCensus2015-16 T2-4 Karnataka/All Classes/area/STvsOthers,AgCensus2015-16,T2-4,Karnataka,All Classes,area,STvsOthers,social_group,Scheduled Tribes,Other social groups,1,0,0,1,diff,b,,,,percent,SYNTHETIC,22.34,33.0,smoke-test fabrication; not a census value,SYNTHETIC_SMOKE_VALUE,,,,,
AgCensus2015-16 T2-4 Karnataka/All Classes/number/SCvsOthers,AgCensus2015-16,T2-4,Karnataka,All Classes,number,SCvsOthers,social_group,Scheduled Castes,Other social groups,1,1,0,0,diff,b,,,,percent,SYNTHETIC,7.12,19.57,smoke-test fabrication; not a census value,SYNTHETIC_SMOKE_VALUE,,,,,
AgCensus2015-16 T2-4 Karnataka/All Classes/number/STvsOthers,AgCensus2015-16,T2-4,Karnataka,All Classes,number,STvsOthers,social_group,Scheduled Tribes,Other social groups,1,0,1,0,diff,b,,,,percent,SYNTHETIC,14.88,29.97,smoke-test fabrication; not a census value,SYNTHETIC_SMOKE_VALUE,,,,,
AgCensus2015-16 T2-4 Karnataka/All/area/MarginalvsMedium,AgCensus2015-16,T2-4,Karnataka,All,area,MarginalvsMedium,landholding,marginal operated area,medium operated area,2,2,0,0,equal,c,,,,percent,SYNTHETIC,29.27,33.41,smoke-test fabrication; not a census value,SYNTHETIC_SMOKE_VALUE,,,,,
AgCensus2015-16 T2-4 Karnataka/All/area/SmallvsMedium,AgCensus2015-16,T2-4,Karnataka,All,area,SmallvsMedium,landholding,small operated area,medium operated area,4,0,0,4,equal,c,,,,percent,SYNTHETIC,34.78,36.77,smoke-test fabrication; not a census value,SYNTHETIC_SMOKE_VALUE,,,,,
AgCensus2015-16 T2-4 Karnataka/All/area/SmallvsSemi-medium,AgCensus2015-16,T2-4,Karnataka,All,area,SmallvsSemi-medium,landholding,small operated area,semi-medium operated area,3,3,0,0,equal,c,,,,percent,SYNTHETIC,23.94,24.06,smoke-test fabrication; not a census value,SYNTHETIC_SMOKE_VALUE,,,,,
AgCensus2015-16 T2-4 Karnataka/All/number/MarginalvsLarge,AgCensus2015-16,T2-4,Karnataka,All,number,MarginalvsLarge,landholding,marginal holdings,large holdings,1,1,0,0,diff,a,,,,percent,SYNTHETIC,27.87,11.16,smoke-test fabrication; not a census value,SYNTHETIC_SMOKE_VALUE,,,,,
AgCensus2015-16 T2-4 Karnataka/All/number/MarginalvsSemi-medium,AgCensus2015-16,T2-4,Karnataka,All,number,MarginalvsSemi-medium,landholding,marginal holdings,semi-medium holdings,1,1,0,0,diff,a,,,,percent,SYNTHETIC,42.33,25.61,smoke-test fabrication; not a census value,SYNTHETIC_SMOKE_VALUE,,,,,
AgCensus2015-16 T2-4 Karnataka/All/number/MediumvsLarge,AgCensus2015-16,T2-4,Karnataka,All,number,MediumvsLarge,landholding,medium holdings,large holdings,4,0,0,4,equal,c,,,,percent,SYNTHETIC,12.16,14.27,smoke-test fabrication; not a census value,SYNTHETIC_SMOKE_VALUE,,,,,
AgCensus2015-16 T2-4 Karnataka/All/number/SmallvsLarge,AgCensus2015-16,T2-4,Karnataka,All,number,SmallvsLarge,landholding,small holdings,large holdings,1,1,0,0,diff,a,,,,percent,SYNTHETIC,36.94,18.17,smoke-test fabrication; not a census value,SYNTHETIC_SMOKE_VALUE,,,,,
AgCensus2015-16 T2-4 Karnataka/All/number/SmallvsMedium,AgCensus2015-16,T2-4,Karnataka,All,number,SmallvsMedium,landholding,small holdings,medium holdings,1,0,0,1,diff,a,,,,percent,SYNTHETIC,22.17,5.99,smoke-test fabrication; not a census value,SYNTHETIC_SMOKE_VALUE,,,,,
AgCensus2015-16 T2-4 Karnataka/All/number/SmallvsSemi-medium,AgCensus2015-16,T2-4,Karnataka,All,number,SmallvsSemi-medium,landholding,small holdings,semi-medium holdings,1,0,0,1,diff,a,,,,percent,SYNTHETIC,37.81,25.24,smoke-test fabrication; not a census value,SYNTHETIC_SMOKE_VALUE,,,,,
AgCensus2015-16 T2-4 Karnataka/Large/area/SCvsOthers,AgCensus2015-16,T2-4,Karnataka,Large,area,SCvsOthers,social_group,Scheduled Castes,Other social groups,1,1,0,0,diff,b,,,,percent,SYNTHETIC,24.18,34.62,smoke-test fabrication; not a census value,SYNTHETIC_SMOKE_VALUE,,,,,
AgCensus2015-16 T2-4 Karnataka/Large/area/SCvsST,AgCensus2015-16,T2-4,Karnataka,Large,area,SCvsST,social_group,Scheduled Castes,Scheduled Tribes,8,8,0,0,equal,c,,,,percent,SYNTHETIC,27.96,30.06,smoke-test fabrication; not a census value,SYNTHETIC_SMOKE_VALUE,,,,,
AgCensus2015-16 T2-4 Karnataka/Large/area/STvsOthers,AgCensus2015-16,T2-4,Karnataka,Large,area,STvsOthers,social_group,Scheduled Tribes,Other social groups,1,1,0,0,diff,b,,,,percent,SYNTHETIC,17.11,34.88,smoke-test fabrication; not a census value,SYNTHETIC_SMOKE_VALUE,,,,,
AgCensus2015-16 T2-4 Karnataka/Large/number/SCvsOthers,AgCensus2015-16,T2-4,Karnataka,Large,number,SCvsOthers,social_group,Scheduled Castes,Other social groups,1,0,0,1,diff,b,,,,percent,SYNTHETIC,23.74,37.36,smoke-test fabrication; not a census value,SYNTHETIC_SMOKE_VALUE,,,,,
AgCensus2015-16 T2-4 Karnataka/Large/number/SCvsST,AgCensus2015-16,T2-4,Karnataka,Large,number,SCvsST,social_group,Scheduled Castes,Scheduled Tribes,8,0,0,8,equal,c,,,,percent,SYNTHETIC,33.12,33.92,smoke-test fabrication; not a census value,SYNTHETIC_SMOKE_VALUE,,,,,
AgCensus2015-16 T2-4 Karnataka/Large/number/STvsOthers,AgCensus2015-16,T2-4,Karnataka,Large,number,STvsOthers,social_group,Scheduled Tribes,Other social groups,1,1,0,0,diff,b,,,,percent,SYNTHETIC,11.02,28.78,smoke-test fabrication; not a census value,SYNTHETIC_SMOKE_VALUE,,,,,
AgCensus2015-16 T2-4 Karnataka/Marginal/area/SCvsOthers,AgCensus2015-16,T2-4,Karnataka,Marginal,area,SCvsOthers,social_group,Scheduled Castes,Other social groups,1,0,1,0,diff,b,,,,percent,SYNTHETIC,31.75,48.32,smoke-test fabrication; not a census value,SYNTHETIC_SMOKE_VALUE,,,,,
AgCensus2015-16 T2-4 Karnataka/Marginal/area/STvsOthers,AgCensus2015-16,T2-4,Karnataka,Marginal,area,STvsOthers,social_group,Scheduled Tribes,Other social groups,1,0,1,0,diff,b,,,,percent,SYNTHETIC,10.28,25.47,smoke-test fabrication; not a census value,SYNTHETIC_SMOKE_VALUE,,,,,
AgCensus2015-16 T2-4 Karnataka/Marginal/number/SCvsOthers,AgCensus2015-16,T2-4,Karnataka,Marginal,number,SCvsOthers,social_group,Scheduled Castes,Other social groups,1,0,0,1,diff,b,,,,percent,SYNTHETIC,23.37,42.54,smoke-test fabrication; not a census value,SYNTHETIC_SMOKE_VALUE,,,,,
AgCensus2015-16 T2-4 Karnataka/Marginal/number/STvsOthers,AgCensus2015-16,T2-4,Karnataka,Marginal,number,STvsOthers,social_group,Scheduled Tribes,Other social groups,1,1,0,0,diff,b,,,,percent,SYNTHETIC,24.2,40.27,smoke-test fabrication; not a census value,SYNTHETIC_SMOKE_VALUE,,,,,
AgCensus2015-16 T2-4 Karnataka/Medium/area/SCvsOthers,AgCensus2015-16,T2-4,Karnataka,Medium,area,SCvsOthers,social_group,Scheduled Castes,Other social groups,1,0,0,1,diff,b,,,,percent,SYNTHETIC,27.29,42.36,smoke-test fabrication; not a census value,SYNTHETIC_SMOKE_VALUE,,,,,
AgCensus2015-16 T2-4 Karnataka/Medium/area/SCvsST,AgCensus2015-16,T2-4,Karnataka,Medium,area,SCvsST,social_group,Scheduled Castes,Scheduled Tribes,8,8,0,0,equal,c,,,,percent,SYNTHETIC,13.85,15.47,smoke-test fabrication; not a census value,SYNTHETIC_SMOKE_VALUE,,,,,
AgCensus2015-16 T2-4 Karnataka/Medium/area/STvsOthers,AgCensus2015-16,T2-4,Karnataka,Medium,area,STvsOthers,social_group,Scheduled Tribes,Other social groups,1,1,0,0,diff,b,,,,percent,SYNTHETIC,5.95,25.78,smoke-test fabrication; not a census value,SYNTHETIC_SMOKE_VALUE,,,,,
AgCensus2015-16 T2-4 Karnataka/Medium/number/SCvsOthers,AgCensus2015-16,T2-4,Karnataka,Medium,number,SCvsOthers,social_group,Scheduled Castes,Other social groups,1,1,0,0,diff,b,,,,percent,SYNTHETIC,11.73,35.48,smoke-test fabrication; not a census value,SYNTHETIC_SMOKE_VALUE,,,,,
AgCensus2015-16 T2-4 Karnataka/Medium/number/SCvsST,AgCensus2015-16,T2-4,Karnataka,Medium,number,SCvsST,social_group,Scheduled Castes,Scheduled Tribes,8,8,0,0,equal,c,,,,percent,SYNTHETIC,25.82,29.5,smoke-test fabrication; not a census value,SYNTHETIC_SMOKE_VALUE,,,,,
AgCensus2015-16 T2-4 Karnataka/Medium/number/STvsOthers,AgCensus2015-16,T2-4,Karnataka,Medium,number,STvsOthers,social_group,Scheduled Tribes,Other social groups,1,0,0,1,diff,b,,,,percent,SYNTHETIC,13.9,34.06,smoke-test fabrication; not a census value,SYNTHETIC_SMOKE_VALUE,,,,,
AgCensus2015-16 T2-4 Karnataka/SC/area/MarginalvsSemi-medium,AgCensus2015-16,T2-4,Karnataka,SC,area,MarginalvsSemi-medium,landholding,marginal operated area,semi-medium operated area,4,4,0,0,equal,c,,,,percent,SYNTHETIC,20.91,23.75,smoke-test fabrication; not a census value,SYNTHETIC_SMOKE_VALUE,,,,,
AgCensus2015-16 T2-4 Karnataka/SC/number/MarginalvsLarge,AgCensus2015-16,T2-4,Karnataka,SC,number,MarginalvsLarge,landholding,marginal holdings,large holdings,1,0,1,0,diff,a,,,,percent,SYNTHETIC,32.98,14.29,smoke-test fabrication; not a census value,SYNTHETIC_SMOKE_VALUE,,,,,
AgCensus2015-16 T2-4 Karnataka/SC/number/MarginalvsMedium,AgCensus2015-16,T2-4,Karnataka,SC,number,MarginalvsMedium,landholding,marginal holdings,medium holdings,1,0,0,1,diff,a,,,,percent,SYNTHETIC,31.61,12.68,smoke-test fabrication; not a census value,SYNTHETIC_SMOKE_VALUE,,,,,
AgCensus2015-16 T2-4 Karnataka/SC/number/MarginalvsSemi-medium,AgCensus2015-16,T2-4,Karnataka,SC,number,MarginalvsSemi-medium,landholding,marginal holdings,semi-medium holdings,1,0,0,1,diff,a,,,,percent,SYNTHETIC,41.49,28.68,smoke-test fabrication; not a census value,SYNTHETIC_SMOKE_VALUE,,,,,
AgCensus2015-16 T2-4 Karnataka/SC/number/MarginalvsSmall,AgCensus2015-16,T2-4,Karnataka,SC,number,MarginalvsSmall,landholding,marginal holdings,small holdings,1,1,0,0,diff,a,,,,percent,SYNTHETIC,31.01,8.13,smoke-test fabrication; not a census value,SYNTHETIC_SMOKE_VALUE,,,,,
AgCensus2015-16 T2-4 Karnataka/SC/number/Semi-mediumvsLarge,AgCensus2015-16,T2-4,Karnataka,SC,number,Semi-mediumvsLarge,landholding,semi-medium holdings,large holdings,1,1,0,0,diff,a,,,,percent,SYNTHETIC,45.23,32.89,smoke-test fabrication; not a census value,SYNTHETIC_SMOKE_VALUE,,,,,
AgCensus2015-16 T2-4 Karnataka/SC/number/SmallvsLarge,AgCensus2015-16,T2-4,Karnataka,SC,number,SmallvsLarge,landholding,small holdings,large holdings,1,0,1,0,diff,a,,,,percent,SYNTHETIC,43.18,30.71,smoke-test fabrication; not a census value,SYNTHETIC_SMOKE_VALUE,,,,,
AgCensus2015-16 T2-4 Karnataka/SC/number/SmallvsMedium,AgCensus2015-16,T2-4,Karnataka,SC,number,SmallvsMedium,landholding,small holdings,medium holdings,1,0,0,1,diff,a,,,,percent,SYNTHETIC,40.31,17.39,smoke-test fabrication; not a census value,SYNTHETIC_SMOKE_VALUE,,,,,
AgCensus2015-16 T2-4 Karnataka/SC/number/SmallvsSemi-medium,AgCensus2015-16,T2-4,Karnataka,SC,number,SmallvsSemi-medium,landholding,small holdings,semi-medium holdings,1,1,0,0,diff,a,,,,percent,SYNTHETIC,26.23,7.82,smoke-test fabrication; not a census value,SYNTHETIC_SMOKE_VALUE,,,,,
AgCensus2015-16 T2-4 Karnataka/ST/area/MarginalvsMedium,AgCensus2015-16,T2-4,Karnataka,ST,area,MarginalvsMedium,landholding,marginal operated area,medium operated area,1,1,0,0,equal,c,,,,percent,SYNTHETIC,23.9,26.2,smoke-test fabrication; not a census value,SYNTHETIC_SMOKE_VALUE,,,,,
AgCensus2015-16 T2-4 Karnataka/ST/area/SmallvsSemi-medium,AgCensus2015-16,T2-4,Karnataka,ST,area,SmallvsSemi-medium,landholding,small operated area,semi-medium operated area,1,1,0,0,equal,c,,,,percent,SYNTHETIC,17.4,17.72,smoke-test fabrication; not a census value,SYNTHETIC_SMOKE_VALUE,,,,,
AgCensus2015-16 T2-4 Karnataka/ST/number/MarginalvsLarge,AgCensus2015-16,T2-4,Karnataka,ST,number,MarginalvsLarge,landholding,marginal holdings,large holdings,1,1,0,0,diff,a,,,,percent,SYNTHETIC,41.54,18.45,smoke-test fabrication; not a census value,SYNTHETIC_SMOKE_VALUE,,,,,
AgCensus2015-16 T2-4 Karnataka/ST/number/MarginalvsMedium,AgCensus2015-16,T2-4,Karnataka,ST,number,MarginalvsMedium,landholding,marginal holdings,medium holdings,1,1,0,0,diff,a,,,,percent,SYNTHETIC,43.66,23.16,smoke-test fabrication; not a census value,SYNTHETIC_SMOKE_VALUE,,,,,
AgCensus2015-16 T2-4 Karnataka/ST/number/MarginalvsSemi-medium,AgCensus2015-16,T2-4,Karnataka,ST,number,MarginalvsSemi-medium,landholding,marginal holdings,semi-medium holdings,1,0,0,1,diff,a,,,,percent,SYNTHETIC,40.47,17.01,smoke-test fabrication; not a census value,SYNTHETIC_SMOKE_VALUE,,,,,
AgCensus2015-16 T2-4 Karnataka/ST/number/MarginalvsSmall,AgCensus2015-16,T2-4,Karnataka,ST,number,MarginalvsSmall,landholding,marginal holdings,small holdings,1,0,1,0,diff,a,,,,percent,SYNTHETIC,41.27,18.44,smoke-test fabrication; not a census value,SYNTHETIC_SMOKE_VALUE,,,,,
AgCensus2015-16 T2-4 Karnataka/ST/number/Semi-mediumvsLarge,AgCensus2015-16,T2-4,Karnataka,ST,number,Semi-mediumvsLarge,landholding,semi-medium holdings,large holdings,1,1,0,0,diff,a,,,,percent,SYNTHETIC,36.2,20.49,smoke-test fabrication; not a census value,SYNTHETIC_SMOKE_VALUE,,,,,
AgCensus2015-16 T2-4 Karnataka/ST/number/SmallvsLarge,AgCensus2015-16,T2-4,Karnataka,ST,number,SmallvsLarge,landholding,small holdings,large holdings,1,0,0,1,diff,a,,,,percent,SYNTHETIC,20.7,10.22,smoke-test fabrication; not a census value,SYNTHETIC_SMOKE_VALUE,,,,,
AgCensus2015-16 T2-4 Karnataka/ST/number/SmallvsMedium,AgCensus2015-16,T2-4,Karnataka,ST,number,SmallvsMedium,landholding,small holdings,medium holdings,1,1,0,0,diff,a,,,,percent,SYNTHETIC,36.37,24.5,smoke-test fabrication; not a census value,SYNTHETIC_SMOKE_VALUE,,,,,
AgCensus2015-16 T2-4 Karnataka/ST/number/SmallvsSemi-medium,AgCensus2015-16,T2-4,Karnataka,ST,number,SmallvsSemi-medium,landholding,small holdings,semi-medium holdings,1,1,0,0,diff,a,,,,percent,SYNTHETIC,36.81,18.97,smoke-test fabrication; not a census value,SYNTHETIC_SMOKE_VALUE,,,,,
AgCensus2015-16 T2-4 Karnataka/Semi-medium/area/SCvsOthers,AgCensus2015-16,T2-4,Karnataka,Semi-medium,area,SCvsOthers,social_group,Scheduled Castes,Other social groups,1,1,0,0,diff,b,,,,percent,SYNTHETIC,11.94,25.07,smoke-test fabrication; not a census value,SYNTHETIC_SMOKE_VALUE,,,,,
AgCensus2015-16 T2-4 Karnataka/Semi-medium/area/SCvsST,AgCensus2015-16,T2-4,Karnataka,Semi-medium,area,SCvsST,social_group,Scheduled Castes,Scheduled Tribes,8,8,0,0,equal,c,,,,percent,SYNTHETIC,6.31,6.47,smoke-test fabrication; not a census value,SYNTHETIC_SMOKE_VALUE,,,,,
AgCensus2015-16 T2-4 Karnataka/Semi-medium/area/STvsOthers,AgCensus2015-16,T2-4,Karnataka,Semi-medium,area,STvsOthers,social_group,Scheduled Tribes,Other social groups,1,1,0,0,diff,b,,,,percent,SYNTHETIC,29.91,41.07,smoke-test fabrication; not a census value,SYNTHETIC_SMOKE_VALUE,,,,,
AgCensus2015-16 T2-4 Karnataka/Semi-medium/number/SCvsST,AgCensus2015-16,T2-4,Karnataka,Semi-medium,number,SCvsST,social_group,Scheduled Castes,Scheduled Tribes,8,0,0,8,equal,c,,,,percent,SYNTHETIC,16.03,18.92,smoke-test fabrication; not a census value,SYNTHETIC_SMOKE_VALUE,,,,,
AgCensus2015-16 T2-4 Karnataka/Semi-medium/number/STvsOthers,AgCensus2015-16,T2-4,Karnataka,Semi-medium,number,STvsOthers,social_group,Scheduled Tribes,Other social groups,1,1,0,0,diff,b,,,,percent,SYNTHETIC,17.03,34.34,smoke-test fabrication; not a census value,SYNTHETIC_SMOKE_VALUE,,,,,
AgCensus2015-16 T2-4 Karnataka/Small/area/SCvsOthers,AgCensus2015-16,T2-4,Karnataka,Small,area,SCvsOthers,social_group,Scheduled Castes,Other social groups,1,1,0,0,diff,b,,,,percent,SYNTHETIC,19.26,32.37,smoke-test fabrication; not a census value,SYNTHETIC_SMOKE_VALUE,,,,,
AgCensus2015-16 T2-4 Karnataka/Small/area/STvsOthers,AgCensus2015-16,T2-4,Karnataka,Small,area,STvsOthers,social_group,Scheduled Tribes,Other social groups,1,1,0,0,diff,b,,,,percent,SYNTHETIC,31.97,55.64,smoke-test fabrication; not a census value,SYNTHETIC_SMOKE_VALUE,,,,,
AgCensus2015-16 T2-4 Karnataka/Small/number/SCvsOthers,AgCensus2015-16,T2-4,Karnataka,Small,number,SCvsOthers,social_group,Scheduled Castes,Other social groups,1,0,0,1,diff,b,,,,percent,SYNTHETIC,25.76,38.28,smoke-test fabrication; not a census value,SYNTHETIC_SMOKE_VALUE,,,,,
AgCensus2015-16 T2-4 Karnataka/Small/number/STvsOthers,AgCensus2015-16,T2-4,Karnataka,Small,number,STvsOthers,social_group,Scheduled Tribes,Other social groups,1,1,0,0,diff,b,,,,percent,SYNTHETIC,16.66,26.67,smoke-test fabrication; not a census value,SYNTHETIC_SMOKE_VALUE,,,,,
AgCensus2015-16 T2-4 Kerala/All Classes/area/SCvsOthers,AgCensus2015-16,T2-4,Kerala,All Classes,area,SCvsOthers,social_group,Scheduled Castes,Other social groups,1,0,0,1,diff,b,,,,percent,SYNTHETIC,19.95,38.29,smoke-test fabrication; not a census value,SYNTHETIC_SMOKE_VALUE,,,,,
AgCensus2015-16 T2-4 Kerala/All Classes/area/STvsOthers,AgCensus2015-16,T2-4,Kerala,All Classes,area,STvsOthers,social_group,Scheduled Tribes,Other social groups,1,0,0,1,diff,b,,,,percent,SYNTHETIC,30.58,45.54,smoke-test fabrication; not a census value,SYNTHETIC_SMOKE_VALUE,,,,,
AgCensus2015-16 T2-4 Kerala/All Classes/number/SCvsOthers,AgCensus2015-16,T2-4,Kerala,All Classes,number,SCvsOthers,social_group,Scheduled Castes,Other social groups,1,0,0,1,diff,b,,,,percent,SYNTHETIC,12.25,35.0,smoke-test fabrication; not a census value,SYNTHETIC_SMOKE_VALUE,,,,,
AgCensus2015-16 T2-4 Kerala/All Classes/number/STvsOthers,AgCensus2015-16,T2-4,Kerala,All Classes,number,STvsOthers,social_group,Scheduled Tribes,Other social groups,1,1,0,0,diff,b,,,,percent,SYNTHETIC,10.66,25.55,smoke-test fabrication; not a census value,SYNTHETIC_SMOKE_VALUE,,,,,
AgCensus2015-16 T2-4 Kerala/All/area/MediumvsLarge,AgCensus2015-16,T2-4,Kerala,All,area,MediumvsLarge,landholding,medium operated area,large operated area,3,3,0,0,equal,c,,,,percent,SYNTHETIC,34.1,38.0,smoke-test fabrication; not a census value,SYNTHETIC_SMOKE_VALUE,,,,,
AgCensus2015-16 T2-4 Kerala/All/area/Semi-mediumvsLarge,AgCensus2015-16,T2-4,Kerala,All,area,Semi-mediumvsLarge,landholding,semi-medium operated area,large operated area,3,3,0,0,equal,c,,,,percent,SYNTHETIC,27.88,31.36,smoke-test fabrication; not a census value,SYNTHETIC_SMOKE_VALUE,,,,,
AgCensus2015-16 T2-4 Kerala/All/number/MarginalvsLarge,AgCensus2015-16,T2-4,Kerala,All,number,MarginalvsLarge,landholding,marginal holdings,large holdings,1,1,0,0,diff,a,,,,percent,SYNTHETIC,44.51,24.5,smoke-test fabrication; not a census value,SYNTHETIC_SMOKE_VALUE,,,,,
AgCensus2015-16 T2-4 Kerala/All/number/MarginalvsMedium,AgCensus2015-16,T2-4,Kerala,All,number,MarginalvsMedium,landholding,marginal holdings,medium holdings,1,1,0,0,diff,a,,,,percent,SYNTHETIC,35.45,18.27,smoke-test fabrication; not a census value,SYNTHETIC_SMOKE_VALUE,,,,,
AgCensus2015-16 T2-4 Kerala/All/number/MarginalvsSemi-medium,AgCensus2015-16,T2-4,Kerala,All,number,MarginalvsSemi-medium,landholding,marginal holdings,semi-medium holdings,1,1,0,0,diff,a,,,,percent,SYNTHETIC,27.86,11.95,smoke-test fabrication; not a census value,SYNTHETIC_SMOKE_VALUE,,,,,
AgCensus2015-16 T2-4 Kerala/All/number/MarginalvsSmall,AgCensus2015-16,T2-4,Kerala,All,number,MarginalvsSmall,landholding,marginal holdings,small holdings,1,1,0,0,diff,a,,,,percent,SYNTHETIC,47.58,26.36,smoke-test fabrication; not a census value,SYNTHETIC_SMOKE_VALUE,,,,,
AgCensus2015-16 T2-4 Kerala/Marginal/number/STvsOthers,AgCensus2015-16,T2-4,Kerala,Marginal,number,STvsOthers,social_group,Scheduled Tribes,Other social groups,1,1,0,0,diff,b,,,,percent,SYNTHETIC,34.11,49.05,smoke-test fabrication; not a census value,SYNTHETIC_SMOKE_VALUE,,,,,
AgCensus2015-16 T2-4 Kerala/SC/number/MarginalvsLarge,AgCensus2015-16,T2-4,Kerala,SC,number,MarginalvsLarge,landholding,marginal holdings,large holdings,1,1,0,0,diff,a,,,,percent,SYNTHETIC,34.02,9.36,smoke-test fabrication; not a census value,SYNTHETIC_SMOKE_VALUE,,,,,
AgCensus2015-16 T2-4 Kerala/SC/number/MarginalvsMedium,AgCensus2015-16,T2-4,Kerala,SC,number,MarginalvsMedium,landholding,marginal holdings,medium holdings,1,0,0,1,diff,a,,,,percent,SYNTHETIC,26.73,11.19,smoke-test fabrication; not a census value,SYNTHETIC_SMOKE_VALUE,,,,,
AgCensus2015-16 T2-4 Kerala/SC/number/MarginalvsSemi-medium,AgCensus2015-16,T2-4,Kerala,SC,number,MarginalvsSemi-medium,landholding,marginal holdings,semi-medium holdings,1,0,0,1,diff,a,,,,percent,SYNTHETIC,35.91,12.28,smoke-test fabrication; not a census value,SYNTHETIC_SMOKE_VALUE,,,,,
AgCensus2015-16 T2-4 Kerala/ST/number/MarginalvsLarge,AgCensus2015-16,T2-4,Kerala,ST,number,MarginalvsLarge,landholding,marginal holdings,large holdings,1,1,0,0,diff,a,,,,percent,SYNTHETIC,24.33,9.88,smoke-test fabrication; not a census value,SYNTHETIC_SMOKE_VALUE,,,,,
AgCensus2015-16 T2-4 Kerala/ST/number/MarginalvsMedium,AgCensus2015-16,T2-4,Kerala,ST,number,MarginalvsMedium,landholding,marginal holdings,medium holdings,1,1,0,0,diff,a,,,,percent,SYNTHETIC,57.66,34.35,smoke-test fabrication; not a census value,SYNTHETIC_SMOKE_VALUE,,,,,
AgCensus2015-16 T2-4 Kerala/ST/number/MarginalvsSemi-medium,AgCensus2015-16,T2-4,Kerala,ST,number,MarginalvsSemi-medium,landholding,marginal holdings,semi-medium holdings,1,1,0,0,diff,a,,,,percent,SYNTHETIC,39.06,15.96,smoke-test fabrication; not a census value,SYNTHETIC_SMOKE_VALUE,,,,,
AgCensus2015-16 T2-4 Kerala/ST/number/MarginalvsSmall,AgCensus2015-16,T2-4,Kerala,ST,number,MarginalvsSmall,landholding,marginal holdings,small holdings,1,0,1,0,diff,a,,,,percent,SYNTHETIC,34.62,18.28,smoke-test fabrication; not a census value,SYNTHETIC_SMOKE_VALUE,,,,,
AgCensus2015-16 T2-4 Kerala/ST/number/SmallvsSemi-medium,AgCensus2015-16,T2-4,Kerala,ST,number,SmallvsSemi-medium,landholding,small holdings,semi-medium holdings,2,2,0,0,equal,c,,,,percent,SYNTHETIC,22.29,26.61,smoke-test fabrication; not a census value,SYNTHETIC_SMOKE_VALUE,,,,,
AgCensus2015-16 T2-4 Kerala/Semi-medium/number/SCvsOthers,AgCensus2015-16,T2-4,Kerala,Semi-medium,number,SCvsOthers,social_group,Scheduled Castes,Other social groups,1,0,0,1,diff,b,,,,percent,SYNTHETIC,33.72,53.72,smoke-test fabrication; not a census value,SYNTHETIC_SMOKE_VALUE,,,,,
AgCensus2015-16 T2-4 Kerala/Semi-medium/number/SCvsST,AgCensus2015-16,T2-4,Kerala,Semi-medium,number,SCvsST,social_group,Scheduled Castes,Scheduled Tribes,8,0,0,8,equal,c,,,,percent,SYNTHETIC,26.64,28.3,smoke-test fabrication; not a census value,SYNTHETIC_SMOKE_VALUE,,,,,
AgCensus2015-16 T2-4 Kerala/Semi-medium/number/STvsOthers,AgCensus2015-16,T2-4,Kerala,Semi-medium,number,STvsOthers,social_group,Scheduled Tribes,Other social groups,1,1,0,0,diff,b,,,,percent,SYNTHETIC,22.74,36.84,smoke-test fabrication; not a census value,SYNTHETIC_SMOKE_VALUE,,,,,
AgCensus2015-16 T2-4 Kerala/Small/number/SCvsOthers,AgCensus2015-16,T2-4,Kerala,Small,number,SCvsOthers,social_group,Scheduled Castes,Other social groups,1,0,0,1,diff,b,,,,percent,SYNTHETIC,32.01,45.2,smoke-test fabrication; not a census value,SYNTHETIC_SMOKE_VALUE,,,,,
AgCensus2015-16 T2-4 Kerala/Small/number/STvsOthers,AgCensus2015-16,T2-4,Kerala,Small,number,STvsOthers,social_group,Scheduled Tribes,Other social groups,1,1,0,0,diff,b,,,,percent,SYNTHETIC,32.32,43.07,smoke-test fabrication; not a census value,SYNTHETIC_SMOKE_VALUE,,,,,
AgCensus2015-16 T2-4 Madhya Pradesh/All Classes/number/SCvsOthers,AgCensus2015-16,T2-4,Madhya Pradesh,All Classes,number,SCvsOthers,social_group,Scheduled Castes,Other social groups,1,1,0,0,diff,b,,,,percent,SYNTHETIC,25.15,48.15,smoke-test fabrication; not a census value,SYNTHETIC_SMOKE_VALUE,,,,,
AgCensus2015-16 T2-4 Madhya Pradesh/All Classes/number/STvsOthers,AgCensus2015-16,T2-4,Madhya Pradesh,All Classes,number,STvsOthers,social_group,Scheduled Tribes,Other social groups,1,1,0,0,diff,b,,,,percent,SYNTHETIC,31.39,48.6,smoke-test fabrication; not a census value,SYNTHETIC_SMOKE_VALUE,,,,,
AgCensus2015-16 T2-4 Madhya Pradesh/All/area/Semi-mediumvsMedium,AgCensus2015-16,T2-4,Madhya Pradesh,All,area,Semi-mediumvsMedium,landholding,semi-medium operated area,medium operated area,3,3,0,0,equal,c,,,,percent,SYNTHETIC,29.44,30.47,smoke-test fabrication; not a census value,SYNTHETIC_SMOKE_VALUE,,,,,
AgCensus2015-16 T2-4 Madhya Pradesh/All/area/SmallvsMedium,AgCensus2015-16,T2-4,Madhya Pradesh,All,area,SmallvsMedium,landholding,small operated area,medium operated area,4,0,0,4,equal,c,,,,percent,SYNTHETIC,18.95,23.38,smoke-test fabrication; not a census value,SYNTHETIC_SMOKE_VALUE,,,,,
AgCensus2015-16 T2-4 Madhya Pradesh/All/area/SmallvsSemi-medium,AgCensus2015-16,T2-4,Madhya Pradesh,All,area,SmallvsSemi-medium,landholding,small operated area,semi-medium operated area,4,4,0,0,equal,c,,,,percent,SYNTHETIC,26.75,30.5,smoke-test fabrication; not a census value,SYNTHETIC_SMOKE_VALUE,,,,,
AgCensus2015-16 T2-4 Madhya Pradesh/All/number/MarginalvsLarge,AgCensus2015-16,T2-4,Madhya Pradesh,All,number,MarginalvsLarge,landholding,marginal holdings,large holdings,1,1,0,0,diff,a,,,,percent,SYNTHETIC,28.63,17.35,smoke-test fabrication; not a census value,SYNTHETIC_SMOKE_VALUE,,,,,
AgCensus2015-16 T2-4 Madhya Pradesh/All/number/MarginalvsMedium,AgCensus2015-16,T2-4,Madhya Pradesh,All,number,MarginalvsMedium,landholding,marginal holdings,medium holdings,1,0,0,1,diff,a,,,,percent,SYNTHETIC,38.44,22.17,smoke-test fabrication; not a census value,SYNTHETIC_SMOKE_VALUE,,,,,
AgCensus2015-16 T2-4 Madhya Pradesh/All/number/MarginalvsSemi-medium,AgCensus2015-16,T2-4,Madhya Pradesh,All,number,MarginalvsSemi-medium,landholding,marginal holdings,semi-medium holdings,1,1,0,0,diff,a,,,,percent,SYNTHETIC,46.38,30.36,smoke-test fabrication; not a census value,SYNTHETIC_SMOKE_VALUE,,,,,
AgCensus2015-16 T2-4 Madhya Pradesh/All/number/SmallvsLarge,AgCensus2015-16,T2-4,Madhya Pradesh,All,number,SmallvsLarge,landholding,small holdings,large holdings,1,0,1,0,diff,a,,,,percent,SYNTHETIC,28.31,7.74,smoke-test fabrication; not a census value,SYNTHETIC_SMOKE_VALUE,,,,,
AgCensus2015-16 T2-4 Madhya Pradesh/All/number/SmallvsMedium,AgCensus2015-16,T2-4,Madhya Pradesh,All,number,SmallvsMedium,landholding,small holdings,medium holdings,1,1,0,0,diff,a,,,,percent,SYNTHETIC,34.84,14.71,smoke-test fabrication; not a census value,SYNTHETIC_SMOKE_VALUE,,,,,
AgCensus2015-16 T2-4 Madhya Pradesh/All/number/SmallvsSemi-medium,AgCensus2015-16,T2-4,Madhya Pradesh,All,number,SmallvsSemi-medium,landholding,small holdings,semi-medium holdings,1,0,0,1,diff,a,,,,percent,SYNTHETIC,35.06,22.3,smoke-test fabrication; not a census value,SYNTHETIC_SMOKE_VALUE,,,,,
AgCensus2015-16 T2-4 Madhya Pradesh/Large/number/SCvsOthers,AgCensus2015-16,T2-4,Madhya Pradesh,Large,number,SCvsOthers,social_group,Scheduled Castes,Other social groups,1,1,0,0,diff,b,,,,percent,SYNTHETIC,18.02,33.8,smoke-test fabrication; not a census value,SYNTHETIC_SMOKE_VALUE,,,,,
AgCensus2015-16 T2-4 Madhya Pradesh/Large/number/SCvsST,AgCensus2015-16,T2-4,Madhya Pradesh,Large,number,SCvsST,social_group,Scheduled Castes,Scheduled Tribes,1,1,0,0,diff,b,,,,percent,SYNTHETIC,10.88,32.91,smoke-test fabrication; not a census value,SYNTHETIC_SMOKE_VALUE,,,,,
AgCensus2015-16 T2-4 Madhya Pradesh/Large/number/STvsOthers,AgCensus2015-16,T2-4,Madhya Pradesh,Large,number,STvsOthers,social_group,Scheduled Tribes,Other social groups,1,0,0,1,diff,b,,,,percent,SYNTHETIC,5.11,24.1,smoke-test fabrication; not a census value,SYNTHETIC_SMOKE_VALUE,,,,,
AgCensus2015-16 T2-4 Madhya Pradesh/Marginal/number/SCvsOthers,AgCensus2015-16,T2-4,Madhya Pradesh,Marginal,number,SCvsOthers,social_group,Scheduled Castes,Other social groups,1,0,0,1,diff,b,,,,percent,SYNTHETIC,6.3,27.1,smoke-test fabrication; not a census value,SYNTHETIC_SMOKE_VALUE,,,,,
AgCensus2015-16 T2-4 Madhya Pradesh/Marginal/number/STvsOthers,AgCensus2015-16,T2-4,Madhya Pradesh,Marginal,number,STvsOthers,social_group,Scheduled Tribes,Other social groups,1,1,0,0,diff,b,,,,percent,SYNTHETIC,10.1,29.28,smoke-test fabrication; not a census value,SYNTHETIC_SMOKE_VALUE,,,,,
AgCensus2015-16 T2-4 Madhya Pradesh/Medium/number/SCvsST,AgCensus2015-16,T2-4,Madhya Pradesh,Medium,number,SCvsST,social_group,Scheduled Castes,Scheduled Tribes,1,0,0,1,diff,b,,,,percent,SYNTHETIC,23.96,34.97,smoke-test fabrication; not a census value,SYNTHETIC_SMOKE_VALUE,,,,,
AgCensus2015-16 T2-4 Madhya Pradesh/Medium/number/STvsOthers,AgCensus2015-16,T2-4,Madhya Pradesh,Medium,number,STvsOthers,social_group,Scheduled Tribes,Other social groups,1,0,0,1,diff,b,,,,percent,SYNTHETIC,22.97,39.28,smoke-test fabrication; not a census value,SYNTHETIC_SMOKE_VALUE,,,,,
AgCensus2015-16 T2-4 Madhya Pradesh/SC/area/MarginalvsSemi-medium,AgCensus2015-16,T2-4,Madhya Pradesh,SC,area,MarginalvsSemi-medium,landholding,marginal operated area,semi-medium operated area,4,4,0,0,equal,c,,,,percent,SYNTHETIC,32.92,35.76,smoke-test fabrication; not a census value,SYNTHETIC_SMOKE_VALUE,,,,,
AgCensus2015-16 T2-4 Madhya Pradesh/SC/number/MarginalvsLarge,AgCensus2015-16,T2-4,Madhya Pradesh,SC,number,MarginalvsLarge,landholding,marginal holdings,large holdings,1,1,0,0,diff,a,,,,percent,SYNTHETIC,50.7,26.59,smoke-test fabrication; not a census value,SYNTHETIC_SMOKE_VALUE,,,,,
AgCensus2015-16 T2-4 Madhya Pradesh/SC/number/MarginalvsMedium,AgCensus2015-16,T2-4,Madhya Pradesh,SC,number,MarginalvsMedium,landholding,marginal holdings,medium holdings,1,0,0,1,diff,a,,,,percent,SYNTHETIC,52.51,28.7,smoke-test fabrication; not a census value,SYNTHETIC_SMOKE_VALUE,,,,,
AgCensus2015-16 T2-4 Madhya Pradesh/SC/number/MarginalvsSemi-medium,AgCensus2015-16,T2-4,Madhya Pradesh,SC,number,MarginalvsSemi-medium,landholding,marginal holdings,semi-medium holdings,1,0,0,1,diff,a,,,,percent,SYNTHETIC,43.49,21.32,smoke-test fabrication; not a census value,SYNTHETIC_SMOKE_VALUE,,,,,
AgCensus2015-16 T2-4 Madhya Pradesh/SC/number/Semi-mediumvsLarge,AgCensus2015-16,T2-4,Madhya Pradesh,SC,number,Semi-mediumvsLarge,landholding,semi-medium holdings,large holdings,1,1,0,0,diff,a,,,,percent,SYNTHETIC,44.76,26.92,smoke-test fabrication; not a census value,SYNTHETIC_SMOKE_VALUE,,,,,
AgCensus2015-16 T2-4 Madhya Pradesh/SC/number/SmallvsLarge,AgCensus2015-16,T2-4,Madhya Pradesh,SC,number,SmallvsLarge,landholding,small holdings,large holdings,1,1,0,0,diff,a,,,,percent,SYNTHETIC,33.75,20.11,smoke-test fabrication; not a census value,SYNTHETIC_SMOKE_VALUE,,,,,
AgCensus2015-16 T2-4 Madhya Pradesh/SC/number/SmallvsMedium,AgCensus2015-16,T2-4,Madhya Pradesh,SC,number,SmallvsMedium,landholding,small holdings,medium holdings,1,1,0,0,diff,a,,,,percent,SYNTHETIC,37.37,16.63,smoke-test fabrication; not a census value,SYNTHETIC_SMOKE_VALUE,,,,,
AgCensus2015-16 T2-4 Madhya Pradesh/SC/number/SmallvsSemi-medium,AgCensus2015-16,T2-4,Madhya Pradesh,SC,number,SmallvsSemi-medium,landholding,small holdings,semi-medium holdings,1,1,0,0,diff,a,,,,percent,SYNTHETIC,51.54,28.14,smoke-test fabrication; not a census value,SYNTHETIC_SMOKE_VALUE,,,,,
AgCensus2015-16 T2-4 Madhya Pradesh/ST/number/MarginalvsLarge,AgCensus2015-16,T2-4,Madhya Pradesh,ST,number,MarginalvsLarge,landholding,marginal holdings,large holdings,1,0,0,1,diff,a,,,,percent,SYNTHETIC,50.09,25.44,smoke-test fabrication; not a census value,SYNTHETIC_SMOKE_VALUE,,,,,
AgCensus2015-16 T2-4 Madhya Pradesh/ST/number/MarginalvsMedium,AgCensus2015-16,T2-4,Madhya Pradesh,ST,number,MarginalvsMedium,landholding,marginal holdings,medium holdings,1,0,0,1,diff,a,,,,percent,SYNTHETIC,36.24,16.87,smoke-test fabrication; not a census value,SYNTHETIC_SMOKE_VALUE,,,,,
AgCensus2015-16 T2-4 Madhya Pradesh/ST/number/MarginalvsSemi-medium,AgCensus2015-16,T2-4,Madhya Pradesh,ST,number,MarginalvsSemi-medium,landholding,marginal holdings,semi-medium holdings,1,1,0,0,diff,a,,,,percent,SYNTHETIC,35.72,15.73,smoke-test fabrication; not a census value,SYNTHETIC_SMOKE_VALUE,,,,,
AgCensus2015-16 T2-4 Madhya Pradesh/ST/number/MarginalvsSmall,AgCensus2015-16,T2-4,Madhya Pradesh,ST,number,MarginalvsSmall,landholding,marginal holdings,small holdings,1,1,0,0,diff,a,,,,percent,SYNTHETIC,44.26,26.3,smoke-test fabrication; not a census value,SYNTHETIC_SMOKE_VALUE,,,,,
AgCensus2015-16 T2-4 Madhya Pradesh/ST/number/Semi-mediumvsLarge,AgCensus2015-16,T2-4,Madhya Pradesh,ST,number,Semi-mediumvsLarge,landholding,semi-medium holdings,large holdings,1,0,1,0,diff,a,,,,percent,SYNTHETIC,47.8,27.03,smoke-test fabrication; not a census value,SYNTHETIC_SMOKE_VALUE,,,,,
AgCensus2015-16 T2-4 Madhya Pradesh/ST/number/Semi-mediumvsMedium,AgCensus2015-16,T2-4,Madhya Pradesh,ST,number,Semi-mediumvsMedium,landholding,semi-medium holdings,medium holdings,1,1,0,0,diff,a,,,,percent,SYNTHETIC,28.94,5.64,smoke-test fabrication; not a census value,SYNTHETIC_SMOKE_VALUE,,,,,
AgCensus2015-16 T2-4 Madhya Pradesh/ST/number/SmallvsMedium,AgCensus2015-16,T2-4,Madhya Pradesh,ST,number,SmallvsMedium,landholding,small holdings,medium holdings,1,1,0,0,diff,a,,,,percent,SYNTHETIC,33.55,20.85,smoke-test fabrication; not a census value,SYNTHETIC_SMOKE_VALUE,,,,,
AgCensus2015-16 T2-4 Madhya Pradesh/ST/number/SmallvsSemi-medium,AgCensus2015-16,T2-4,Madhya Pradesh,ST,number,SmallvsSemi-medium,landholding,small holdings,semi-medium holdings,1,0,0,1,diff,a,,,,percent,SYNTHETIC,51.7,28.83,smoke-test fabrication; not a census value,SYNTHETIC_SMOKE_VALUE,,,,,
AgCensus2015-16 T2-4 Madhya Pradesh/Semi-medium/number/SCvsOthers,AgCensus2015-16,T2-4,Madhya Pradesh,Semi-medium,number,SCvsOthers,social_group,Scheduled Castes,Other social groups,1,1,0,0,diff,b,,,,percent,SYNTHETIC,31.54,56.47,smoke-test fabrication; not a census value,SYNTHETIC_SMOKE_VALUE,,,,,
AgCensus2015-16 T2-4 Madhya Pradesh/Semi-medium/number/SCvsST,AgCensus2015-16,T2-4,Madhya Pradesh,Semi-medium,number,SCvsST,social_group,Scheduled Castes,Scheduled Tribes,1,0,0,1,diff,b,,,,percent,SYNTHETIC,32.82,53.5,smoke-test fabrication; not a census value,SYNTHETIC_SMOKE_VALUE,,,,,
AgCensus2015-16 T2-4 Madhya Pradesh/Semi-medium/number/STvsOthers,AgCensus2015-16,T2-4,Madhya Pradesh,Semi-medium,number,STvsOthers,social_group,Scheduled Tribes,Other social groups,1,1,0,0,diff,b,,,,percent,SYNTHETIC,29.97,40.67,smoke-test fabrication; not a census value,SYNTHETIC_SMOKE_VALUE,,,,,
AgCensus2015-16 T2-4 Madhya Pradesh/Small/number/SCvsOthers,AgCensus2015-16,T2-4,Madhya Pradesh,Small,number,SCvsOthers,social_group,Scheduled Castes,Other social groups,1,0,0,1,diff,b,,,,percent,SYNTHETIC,9.3,31.35,smoke-test fabrication; not a census value,SYNTHETIC_SMOKE_VALUE,,,,,
AgCensus2015-16 T2-4 Madhya Pradesh/Small/number/STvsOthers,AgCensus2015-16,T2-4,Madhya Pradesh,Small,number,STvsOthers,social_group,Scheduled Tribes,Other social groups,1,1,0,0,diff,b,,,,percent,SYNTHETIC,25.27,45.66,smoke-test fabrication; not a census value,SYNTHETIC_SMOKE_VALUE,,,,,
AgCensus2015-16 T2-4 Maharashtra/All Classes/area/SCvsST,AgCensus2015-16,T2-4,Maharashtra,All Classes,area,SCvsST,social_group,Scheduled Castes,Scheduled Tribes,8,8,0,0,equal,c,,,,percent,SYNTHETIC,32.38,33.86,smoke-test fabrication; not a census value,SYNTHETIC_SMOKE_VALUE,,,,,
AgCensus2015-16 T2-4 Maharashtra/All Classes/number/SCvsOthers,AgCensus2015-16,T2-4,Maharashtra,All Classes,number,SCvsOthers,social_group,Scheduled Castes,Other social groups,1,1,0,0,diff,b,,,,percent,SYNTHETIC,22.48,34.18,smoke-test fabrication; not a census value,SYNTHETIC_SMOKE_VALUE,,,,,
AgCensus2015-16 T2-4 Maharashtra/All Classes/number/SCvsST,AgCensus2015-16,T2-4,Maharashtra,All Classes,number,SCvsST,social_group,Scheduled Castes,Scheduled Tribes,8,8,0,0,equal,c,,,,percent,SYNTHETIC,28.36,28.7,smoke-test fabrication; not a census value,SYNTHETIC_SMOKE_VALUE,,,,,
AgCensus2015-16 T2-4 Maharashtra/All Classes/number/STvsOthers,AgCensus2015-16,T2-4,Maharashtra,All Classes,number,STvsOthers,social_group,Scheduled Tribes,Other social groups,1,1,0,0,diff,b,,,,percent,SYNTHETIC,34.63,58.26,smoke-test fabrication; not a census value,SYNTHETIC_SMOKE_VALUE,,,,,
AgCensus2015-16 T2-4 Maharashtra/All/area/MarginalvsMedium,AgCensus2015-16,T2-4,Maharashtra,All,area,MarginalvsMedium,landholding,marginal operated area,medium operated area,4,4,0,0,equal,c,,,,percent,SYNTHETIC,20.87,24.05,smoke-test fabrication; not a census value,SYNTHETIC_SMOKE_VALUE,,,,,
AgCensus2015-16 T2-4 Maharashtra/All/area/SmallvsSemi-medium,AgCensus2015-16,T2-4,Maharashtra,All,area,SmallvsSemi-medium,landholding,small operated area,semi-medium operated area,4,4,0,0,equal,c,,,,percent,SYNTHETIC,31.58,36.01,smoke-test fabrication; not a census value,SYNTHETIC_SMOKE_VALUE,,,,,
AgCensus2015-16 T2-4 Maharashtra/All/number/MarginalvsLarge,AgCensus2015-16,T2-4,Maharashtra,All,number,MarginalvsLarge,landholding,marginal holdings,large holdings,1,0,0,1,diff,a,,,,percent,SYNTHETIC,21.91,8.18,smoke-test fabrication; not a census value,SYNTHETIC_SMOKE_VALUE,,,,,
AgCensus2015-16 T2-4 Maharashtra/All/number/MarginalvsSemi-medium,AgCensus2015-16,T2-4,Maharashtra,All,number,MarginalvsSemi-medium,landholding,marginal holdings,semi-medium holdings,1,0,0,1,diff,a,,,,percent,SYNTHETIC,37.92,22.58,smoke-test fabrication; not a census value,SYNTHETIC_SMOKE_VALUE,,,,,
AgCensus2015-16 T2-4 Maharashtra/All/number/Semi-mediumvsLarge,AgCensus2015-16,T2-4,Maharashtra,All,number,Semi-mediumvsLarge,landholding,semi-medium holdings,large holdings,1,0,0,1,diff,a,,,,percent,SYNTHETIC,30.56,11.55,smoke-test fabrication; not a census value,SYNTHETIC_SMOKE_VALUE,,,,,
AgCensus2015-16 T2-4 Maharashtra/All/number/Semi-mediumvsMedium,AgCensus2015-16,T2-4,Maharashtra,All,number,Semi-mediumvsMedium,landholding,semi-medium holdings,medium holdings,1,0,0,1,diff,a,,,,percent,SYNTHETIC,32.3,15.96,smoke-test fabrication; not a census value,SYNTHETIC_SMOKE_VALUE,,,,,
AgCensus2015-16 T2-4 Maharashtra/All/number/SmallvsLarge,AgCensus2015-16,T2-4,Maharashtra,All,number,SmallvsLarge,landholding,small holdings,large holdings,1,0,1,0,diff,a,,,,percent,SYNTHETIC,53.34,33.1,smoke-test fabrication; not a census value,SYNTHETIC_SMOKE_VALUE,,,,,
AgCensus2015-16 T2-4 Maharashtra/All/number/SmallvsMedium,AgCensus2015-16,T2-4,Maharashtra,All,number,SmallvsMedium,landholding,small holdings,medium holdings,1,0,0,1,diff,a,,,,percent,SYNTHETIC,34.56,20.52,smoke-test fabrication; not a census value,SYNTHETIC_SMOKE_VALUE,,,,,
AgCensus2015-16 T2-4 Maharashtra/All/number/SmallvsSemi-medium,AgCensus2015-16,T2-4,Maharashtra,All,number,SmallvsSemi-medium,landholding,small holdings,semi-medium holdings,1,0,0,1,diff,a,,,,percent,SYNTHETIC,50.8,27.75,smoke-test fabrication; not a census value,SYNTHETIC_SMOKE_VALUE,,,,,
AgCensus2015-16 T2-4 Maharashtra/Large/area/SCvsST,AgCensus2015-16,T2-4,Maharashtra,Large,area,SCvsST,social_group,Scheduled Castes,Scheduled Tribes,8,8,0,0,equal,c,,,,percent,SYNTHETIC,25.4,27.31,smoke-test fabrication; not a census value,SYNTHETIC_SMOKE_VALUE,,,,,
AgCensus2015-16 T2-4 Maharashtra/Large/number/SCvsOthers,AgCensus2015-16,T2-4,Maharashtra,Large,number,SCvsOthers,social_group,Scheduled Castes,Other social groups,1,1,0,0,diff,b,,,,percent,SYNTHETIC,33.88,49.09,smoke-test fabrication; not a census value,SYNTHETIC_SMOKE_VALUE,,,,,
AgCensus2015-16 T2-4 Maharashtra/Large/number/STvsOthers,AgCensus2015-16,T2-4,Maharashtra,Large,number,STvsOthers,social_group,Scheduled Tribes,Other social groups,1,0,1,0,diff,b,,,,percent,SYNTHETIC,7.61,19.19,smoke-test fabrication; not a census value,SYNTHETIC_SMOKE_VALUE,,,,,
AgCensus2015-16 T2-4 Maharashtra/Marginal/area/SCvsST,AgCensus2015-16,T2-4,Maharashtra,Marginal,area,SCvsST,social_group,Scheduled Castes,Scheduled Tribes,7,0,7,0,equal,c,,,,percent,SYNTHETIC,16.76,19.47,smoke-test fabrication; not a census value,SYNTHETIC_SMOKE_VALUE,,,,,
AgCensus2015-16 T2-4 Maharashtra/Marginal/number/SCvsOthers,AgCensus2015-16,T2-4,Maharashtra,Marginal,number,SCvsOthers,social_group,Scheduled Castes,Other social groups,1,0,0,1,diff,b,,,,percent,SYNTHETIC,30.17,52.25,smoke-test fabrication; not a census value,SYNTHETIC_SMOKE_VALUE,,,,,
AgCensus2015-16 T2-4 Maharashtra/Marginal/number/SCvsST,AgCensus2015-16,T2-4,Maharashtra,Marginal,number,SCvsST,social_group,Scheduled Castes,Scheduled Tribes,8,0,0,8,equal,c,,,,percent,SYNTHETIC,14.14,14.52,smoke-test fabrication; not a census value,SYNTHETIC_SMOKE_VALUE,,,,,
AgCensus2015-16 T2-4 Maharashtra/Medium/area/SCvsST,AgCensus2015-16,T2-4,Maharashtra,Medium,area,SCvsST,social_group,Scheduled Castes,Scheduled Tribes,8,8,0,0,equal,c,,,,percent,SYNTHETIC,27.54,28.52,smoke-test fabrication; not a census value,SYNTHETIC_SMOKE_VALUE,,,,,
AgCensus2015-16 T2-4 Maharashtra/Medium/number/SCvsOthers,AgCensus2015-16,T2-4,Maharashtra,Medium,number,SCvsOthers,social_group,Scheduled Castes,Other social groups,1,0,0,1,diff,b,,,,percent,SYNTHETIC,7.75,19.07,smoke-test fabrication; not a census value,SYNTHETIC_SMOKE_VALUE,,,,,
AgCensus2015-16 T2-4 Maharashtra/Medium/number/SCvsST,AgCensus2015-16,T2-4,Maharashtra,Medium,number,SCvsST,social_group,Scheduled Castes,Scheduled Tribes,8,8,0,0,equal,c,,,,percent,SYNTHETIC,29.99,33.18,smoke-test fabrication; not a census value,SYNTHETIC_SMOKE_VALUE,,,,,
AgCensus2015-16 T2-4 Maharashtra/Medium/number/STvsOthers,AgCensus2015-16,T2-4,Maharashtra,Medium,number,STvsOthers,social_group,Scheduled Tribes,Other social groups,1,0,0,1,diff,b,,,,percent,SYNTHETIC,9.94,20.97,smoke-test fabrication; not a census value,SYNTHETIC_SMOKE_VALUE,,,,,
AgCensus2015-16 T2-4 Maharashtra/SC/number/MarginalvsLarge,AgCensus2015-16,T2-4,Maharashtra,SC,number,MarginalvsLarge,landholding,marginal holdings,large holdings,1,0,1,0,diff,a,,,,percent,SYNTHETIC,24.02,5.0,smoke-test fabrication; not a census value,SYNTHETIC_SMOKE_VALUE,,,,,
AgCensus2015-16 T2-4 Maharashtra/SC/number/MarginalvsMedium,AgCensus2015-16,T2-4,Maharashtra,SC,number,MarginalvsMedium,landholding,marginal holdings,medium holdings,1,0,0,1,diff,a,,,,percent,SYNTHETIC,24.47,8.96,smoke-test fabrication; not a census value,SYNTHETIC_SMOKE_VALUE,,,,,
AgCensus2015-16 T2-4 Maharashtra/SC/number/MarginalvsSemi-medium,AgCensus2015-16,T2-4,Maharashtra,SC,number,MarginalvsSemi-medium,landholding,marginal holdings,semi-medium holdings,1,0,0,1,diff,a,,,,percent,SYNTHETIC,37.25,18.86,smoke-test fabrication; not a census value,SYNTHETIC_SMOKE_VALUE,,,,,
AgCensus2015-16 T2-4 Maharashtra/SC/number/Semi-mediumvsLarge,AgCensus2015-16,T2-4,Maharashtra,SC,number,Semi-mediumvsLarge,landholding,semi-medium holdings,large holdings,1,1,0,0,diff,a,,,,percent,SYNTHETIC,44.03,21.76,smoke-test fabrication; not a census value,SYNTHETIC_SMOKE_VALUE,,,,,
AgCensus2015-16 T2-4 Maharashtra/SC/number/Semi-mediumvsMedium,AgCensus2015-16,T2-4,Maharashtra,SC,number,Semi-mediumvsMedium,landholding,semi-medium holdings,medium holdings,1,0,0,1,diff,a,,,,percent,SYNTHETIC,17.96,5.74,smoke-test fabrication; not a census value,SYNTHETIC_SMOKE_VALUE,,,,,
AgCensus2015-16 T2-4 Maharashtra/SC/number/SmallvsLarge,AgCensus2015-16,T2-4,Maharashtra,SC,number,SmallvsLarge,landholding,small holdings,large holdings,1,1,0,0,diff,a,,,,percent,SYNTHETIC,44.06,27.88,smoke-test fabrication; not a census value,SYNTHETIC_SMOKE_VALUE,,,,,
AgCensus2015-16 T2-4 Maharashtra/SC/number/SmallvsMedium,AgCensus2015-16,T2-4,Maharashtra,SC,number,SmallvsMedium,landholding,small holdings,medium holdings,1,0,0,1,diff,a,,,,percent,SYNTHETIC,32.27,15.81,smoke-test fabrication; not a census value,SYNTHETIC_SMOKE_VALUE,,,,,
AgCensus2015-16 T2-4 Maharashtra/SC/number/SmallvsSemi-medium,AgCensus2015-16,T2-4,Maharashtra,SC,number,SmallvsSemi-medium,landholding,small holdings,semi-medium holdings,1,1,0,0,diff,a,,,,percent,SYNTHETIC,44.07,25.53,smoke-test fabrication; not a census value,SYNTHETIC_SMOKE_VALUE,,,,,
AgCensus2015-16 T2-4 Maharashtra/ST/area/SmallvsMedium,AgCensus2015-16,T2-4,Maharashtra,ST,area,SmallvsMedium,landholding,small operated area,medium operated area,1,0,0,1,equal,c,,,,percent,SYNTHETIC,27.25,28.63,smoke-test fabrication; not a census value,SYNTHETIC_SMOKE_VALUE,,,,,
AgCensus2015-16 T2-4 Maharashtra/ST/number/MarginalvsLarge,AgCensus2015-16,T2-4,Maharashtra,ST,number,MarginalvsLarge,landholding,marginal holdings,large holdings,1,1,0,0,diff,a,,,,percent,SYNTHETIC,29.7,8.66,smoke-test fabrication; not a census value,SYNTHETIC_SMOKE_VALUE,,,,,
AgCensus2015-16 T2-4 Maharashtra/ST/number/MarginalvsMedium,AgCensus2015-16,T2-4,Maharashtra,ST,number,MarginalvsMedium,landholding,marginal holdings,medium holdings,1,1,0,0,diff,a,,,,percent,SYNTHETIC,52.63,32.73,smoke-test fabrication; not a census value,SYNTHETIC_SMOKE_VALUE,,,,,
AgCensus2015-16 T2-4 Maharashtra/ST/number/MarginalvsSemi-medium,AgCensus2015-16,T2-4,Maharashtra,ST,number,MarginalvsSemi-medium,landholding,marginal holdings,semi-medium holdings,1,1,0,0,diff,a,,,,percent,SYNTHETIC,24.29,10.43,smoke-test fabrication; not a census value,SYNTHETIC_SMOKE_VALUE,,,,,
AgCensus2015-16 T2-4 Maharashtra/ST/number/MarginalvsSmall,AgCensus2015-16,T2-4,Maharashtra,ST,number,MarginalvsSmall,landholding,marginal holdings,small holdings,4,4,0,0,equal,c,,,,percent,SYNTHETIC,13.06,13.71,smoke-test fabrication; not a census value,SYNTHETIC_SMOKE_VALUE,,,,,
AgCensus2015-16 T2-4 Maharashtra/ST/number/Semi-mediumvsLarge,AgCensus2015-16,T2-4,Maharashtra,ST,number,Semi-mediumvsLarge,landholding,semi-medium holdings,large holdings,1,1,0,0,diff,a,,,,percent,SYNTHETIC,36.07,15.27,smoke-test fabrication; not a census value,SYNTHETIC_SMOKE_VALUE,,,,,
AgCensus2015-16 T2-4 Maharashtra/ST/number/Semi-mediumvsMedium,AgCensus2015-16,T2-4,Maharashtra,ST,number,Semi-mediumvsMedium,landholding,semi-medium holdings,medium holdings,1,1,0,0,diff,a,,,,percent,SYNTHETIC,43.22,31.84,smoke-test fabrication; not a census value,SYNTHETIC_SMOKE_VALUE,,,,,
AgCensus2015-16 T2-4 Maharashtra/ST/number/SmallvsLarge,AgCensus2015-16,T2-4,Maharashtra,ST,number,SmallvsLarge,landholding,small holdings,large holdings,1,0,0,1,diff,a,,,,percent,SYNTHETIC,35.66,24.43,smoke-test fabrication; not a census value,SYNTHETIC_SMOKE_VALUE,,,,,
AgCensus2015-16 T2-4 Maharashtra/ST/number/SmallvsMedium,AgCensus2015-16,T2-4,Maharashtra,ST,number,SmallvsMedium,landholding,small holdings,medium holdings,1,1,0,0,diff,a,,,,percent,SYNTHETIC,35.81,17.78,smoke-test fabrication; not a census value,SYNTHETIC_SMOKE_VALUE,,,,,
AgCensus2015-16 T2-4 Maharashtra/ST/number/SmallvsSemi-medium,AgCensus2015-16,T2-4,Maharashtra,ST,number,SmallvsSemi-medium,landholding,small holdings,semi-medium holdings,1,0,0,1,diff,a,,,,percent,SYNTHETIC,30.07,13.4,smoke-test fabrication; not a census value,SYNTHETIC_SMOKE_VALUE,,,,,
AgCensus2015-16 T2-4 Maharashtra/Semi-medium/area/SCvsST,AgCensus2015-16,T2-4,Maharashtra,Semi-medium,area,SCvsST,social_group,Scheduled Castes,Scheduled Tribes,8,8,0,0,equal,c,,,,percent,SYNTHETIC,22.06,25.44,smoke-test fabrication; not a census value,SYNTHETIC_SMOKE_VALUE,,,,,
AgCensus2015-16 T2-4 Maharashtra/Semi-medium/number/SCvsOthers,AgCensus2015-16,T2-4,Maharashtra,Semi-medium,number,SCvsOthers,social_group,Scheduled Castes,Other social groups,1,1,0,0,diff,b,,,,percent,SYNTHETIC,19.0,42.04,smoke-test fabrication; not a census value,SYNTHETIC_SMOKE_VALUE,,,,,
AgCensus2015-16 T2-4 Maharashtra/Semi-medium/number/SCvsST,AgCensus2015-16,T2-4,Maharashtra,Semi-medium,number,SCvsST,social_group,Scheduled Castes,Scheduled Tribes,8,0,0,8,equal,c,,,,percent,SYNTHETIC,24.74,29.71,smoke-test fabrication; not a census value,SYNTHETIC_SMOKE_VALUE,,,,,
AgCensus2015-16 T2-4 Maharashtra/Semi-medium/number/STvsOthers,AgCensus2015-16,T2-4,Maharashtra,Semi-medium,number,STvsOthers,social_group,Scheduled Tribes,Other social groups,1,1,0,0,diff,b,,,,percent,SYNTHETIC,6.83,29.74,smoke-test fabrication; not a census value,SYNTHETIC_SMOKE_VALUE,,,,,
AgCensus2015-16 T2-4 Maharashtra/Small/area/SCvsST,AgCensus2015-16,T2-4,Maharashtra,Small,area,SCvsST,social_group,Scheduled Castes,Scheduled Tribes,8,0,0,8,equal,c,,,,percent,SYNTHETIC,5.66,5.86,smoke-test fabrication; not a census value,SYNTHETIC_SMOKE_VALUE,,,,,
AgCensus2015-16 T2-4 Maharashtra/Small/number/SCvsOthers,AgCensus2015-16,T2-4,Maharashtra,Small,number,SCvsOthers,social_group,Scheduled Castes,Other social groups,1,0,0,1,diff,b,,,,percent,SYNTHETIC,19.05,39.46,smoke-test fabrication; not a census value,SYNTHETIC_SMOKE_VALUE,,,,,
AgCensus2015-16 T2-4 Maharashtra/Small/number/SCvsST,AgCensus2015-16,T2-4,Maharashtra,Small,number,SCvsST,social_group,Scheduled Castes,Scheduled Tribes,6,6,0,0,equal,c,,,,percent,SYNTHETIC,34.97,35.39,smoke-test fabrication; not a census value,SYNTHETIC_SMOKE_VALUE,,,,,
AgCensus2015-16 T2-4 Maharashtra/Small/number/STvsOthers,AgCensus2015-16,T2-4,Maharashtra,Small,number,STvsOthers,social_group,Scheduled Tribes,Other social groups,1,1,0,0,diff,b,,,,percent,SYNTHETIC,34.88,54.99,smoke-test fabrication; not a census value,SYNTHETIC_SMOKE_VALUE,,,,,
AgCensus2015-16 T2-4 Manipur/All Classes/number/SCvsOthers,AgCensus2015-16,T2-4,Manipur,All Classes,number,SCvsOthers,social_group,Scheduled Castes,Other social groups,1,1,0,0,diff,b,,,,percent,SYNTHETIC,18.77,29.29,smoke-test fabrication; not a census value,SYNTHETIC_SMOKE_VALUE,,,,,
AgCensus2015-16 T2-4 Manipur/All Classes/number/SCvsST,AgCensus2015-16,T2-4,Manipur,All Classes,number,SCvsST,social_group,Scheduled Castes,Scheduled Tribes,1,1,0,0,diff,b,,,,percent,SYNTHETIC,33.09,47.8,smoke-test fabrication; not a census value,SYNTHETIC_SMOKE_VALUE,,,,,
AgCensus2015-16 T2-4 Manipur/All Classes/number/STvsOthers,AgCensus2015-16,T2-4,Manipur,All Classes,number,STvsOthers,social_group,Scheduled Tribes,Other social groups,1,1,0,0,diff,b,,,,percent,SYNTHETIC,9.41,23.96,smoke-test fabrication; not a census value,SYNTHETIC_SMOKE_VALUE,,,,,
AgCensus2015-16 T2-4 Manipur/All/area/SmallvsSemi-medium,AgCensus2015-16,T2-4,Manipur,All,area,SmallvsSemi-medium,landholding,small operated area,semi-medium operated area,3,3,0,0,equal,c,,,,percent,SYNTHETIC,5.77,6.22,smoke-test fabrication; not a census value,SYNTHETIC_SMOKE_VALUE,,,,,
AgCensus2015-16 T2-4 Manipur/All/number/MarginalvsLarge,AgCensus2015-16,T2-4,Manipur,All,number,MarginalvsLarge,landholding,marginal holdings,large holdings,1,1,0,0,diff,a,,,,percent,SYNTHETIC,55.9,34.61,smoke-test fabrication; not a census value,SYNTHETIC_SMOKE_VALUE,,,,,
AgCensus2015-16 T2-4 Manipur/All/number/MarginalvsMedium,AgCensus2015-16,T2-4,Manipur,All,number,MarginalvsMedium,landholding,marginal holdings,medium holdings,1,1,0,0,diff,a,,,,percent,SYNTHETIC,37.17,16.41,smoke-test fabrication; not a census value,SYNTHETIC_SMOKE_VALUE,,,,,
AgCensus2015-16 T2-4 Manipur/All/number/MarginalvsSemi-medium,AgCensus2015-16,T2-4,Manipur,All,number,MarginalvsSemi-medium,landholding,marginal holdings,semi-medium holdings,1,1,0,0,diff,a,,,,percent,SYNTHETIC,35.09,21.68,smoke-test fabrication; not a census value,SYNTHETIC_SMOKE_VALUE,,,,,
AgCensus2015-16 T2-4 Manipur/All/number/Semi-mediumvsLarge,AgCensus2015-16,T2-4,Manipur,All,number,Semi-mediumvsLarge,landholding,semi-medium holdings,large holdings,1,0,0,1,diff,a,,,,percent,SYNTHETIC,30.83,9.37,smoke-test fabrication; not a census value,SYNTHETIC_SMOKE_VALUE,,,,,
AgCensus2015-16 T2-4 Manipur/All/number/Semi-mediumvsMedium,AgCensus2015-16,T2-4,Manipur,All,number,Semi-mediumvsMedium,landholding,semi-medium holdings,medium holdings,1,1,0,0,diff,a,,,,percent,SYNTHETIC,38.89,18.01,smoke-test fabrication; not a census value,SYNTHETIC_SMOKE_VALUE,,,,,
AgCensus2015-16 T2-4 Manipur/All/number/SmallvsLarge,AgCensus2015-16,T2-4,Manipur,All,number,SmallvsLarge,landholding,small holdings,large holdings,1,0,0,1,diff,a,,,,percent,SYNTHETIC,45.18,28.04,smoke-test fabrication; not a census value,SYNTHETIC_SMOKE_VALUE,,,,,
AgCensus2015-16 T2-4 Manipur/All/number/SmallvsSemi-medium,AgCensus2015-16,T2-4,Manipur,All,number,SmallvsSemi-medium,landholding,small holdings,semi-medium holdings,1,0,0,1,diff,a,,,,percent,SYNTHETIC,41.3,25.23,smoke-test fabrication; not a census value,SYNTHETIC_SMOKE_VALUE,,,,,
AgCensus2015-16 T2-4 Manipur/Marginal/number/SCvsOthers,AgCensus2015-16,T2-4,Manipur,Marginal,number,SCvsOthers,social_group,Scheduled Castes,Other social groups,1,0,0,1,diff,b,,,,percent,SYNTHETIC,19.45,31.84,smoke-test fabrication; not a census value,SYNTHETIC_SMOKE_VALUE,,,,,
AgCensus2015-16 T2-4 Manipur/Marginal/number/SCvsST,AgCensus2015-16,T2-4,Manipur,Marginal,number,SCvsST,social_group,Scheduled Castes,Scheduled Tribes,1,1,0,0,diff,b,,,,percent,SYNTHETIC,17.8,27.9,smoke-test fabrication; not a census value,SYNTHETIC_SMOKE_VALUE,,,,,
AgCensus2015-16 T2-4 Manipur/Marginal/number/STvsOthers,AgCensus2015-16,T2-4,Manipur,Marginal,number,STvsOthers,social_group,Scheduled Tribes,Other social groups,1,1,0,0,diff,b,,,,percent,SYNTHETIC,23.17,41.63,smoke-test fabrication; not a census value,SYNTHETIC_SMOKE_VALUE,,,,,
AgCensus2015-16 T2-4 Manipur/ST/number/MarginalvsLarge,AgCensus2015-16,T2-4,Manipur,ST,number,MarginalvsLarge,landholding,marginal holdings,large holdings,1,1,0,0,diff,a,,,,percent,SYNTHETIC,40.72,24.97,smoke-test fabrication; not a census value,SYNTHETIC_SMOKE_VALUE,,,,,
AgCensus2015-16 T2-4 Manipur/ST/number/MarginalvsMedium,AgCensus2015-16,T2-4,Manipur,ST,number,MarginalvsMedium,landholding,marginal holdings,medium holdings,1,1,0,0,diff,a,,,,percent,SYNTHETIC,39.43,18.13,smoke-test fabrication; not a census value,SYNTHETIC_SMOKE_VALUE,,,,,
AgCensus2015-16 T2-4 Manipur/ST/number/MarginalvsSemi-medium,AgCensus2015-16,T2-4,Manipur,ST,number,MarginalvsSemi-medium,landholding,marginal holdings,semi-medium holdings,1,1,0,0,diff,a,,,,percent,SYNTHETIC,37.33,15.56,smoke-test fabrication; not a census value,SYNTHETIC_SMOKE_VALUE,,,,,
AgCensus2015-16 T2-4 Manipur/ST/number/MarginalvsSmall,AgCensus2015-16,T2-4,Manipur,ST,number,MarginalvsSmall,landholding,marginal holdings,small holdings,1,1,0,0,diff,a,,,,percent,SYNTHETIC,36.08,16.11,smoke-test fabrication; not a census value,SYNTHETIC_SMOKE_VALUE,,,,,
AgCensus2015-16 T2-4 Manipur/ST/number/Semi-mediumvsMedium,AgCensus2015-16,T2-4,Manipur,ST,number,Semi-mediumvsMedium,landholding,semi-medium holdings,medium holdings,1,0,0,1,diff,a,,,,percent,SYNTHETIC,51.99,28.21,smoke-test fabrication; not a census value,SYNTHETIC_SMOKE_VALUE,,,,,
AgCensus2015-16 T2-4 Manipur/ST/number/SmallvsMedium,AgCensus2015-16,T2-4,Manipur,ST,number,SmallvsMedium,landholding,small holdings,medium holdings,1,1,0,0,diff,a,,,,percent,SYNTHETIC,20.17,8.94,smoke-test fabrication; not a census value,SYNTHETIC_SMOKE_VALUE,,,,,
AgCensus2015-16 T2-4 Manipur/ST/number/SmallvsSemi-medium,AgCensus2015-16,T2-4,Manipur,ST,number,SmallvsSemi-medium,landholding,small holdings,semi-medium holdings,1,1,0,0,diff,a,,,,percent,SYNTHETIC,44.91,30.31,smoke-test fabrication; not a census value,SYNTHETIC_SMOKE_VALUE,,,,,
AgCensus2015-16 T2-4 Manipur/Semi-medium/number/SCvsOthers,AgCensus2015-16,T2-4,Manipur,Semi-medium,number,SCvsOthers,social_group,Scheduled Castes,Other social groups,1,1,0,0,diff,b,,,,percent,SYNTHETIC,10.87,26.2,smoke-test fabrication; not a census value,SYNTHETIC_SMOKE_VALUE,,,,,
AgCensus2015-16 T2-4 Manipur/Semi-medium/number/SCvsST,AgCensus2015-16,T2-4,Manipur,Semi-medium,number,SCvsST,social_group,Scheduled Castes,Scheduled Tribes,1,0,0,1,diff,b,,,,percent,SYNTHETIC,10.11,23.6,smoke-test fabrication; not a census value,SYNTHETIC_SMOKE_VALUE,,,,,
AgCensus2015-16 T2-4 Manipur/Semi-medium/number/STvsOthers,AgCensus2015-16,T2-4,Manipur,Semi-medium,number,STvsOthers,social_group,Scheduled Tribes,Other social groups,1,1,0,0,diff,a,,,,percent,SYNTHETIC,35.34,22.88,smoke-test fabrication; not a census value,SYNTHETIC_SMOKE_VALUE,,,,,
AgCensus2015-16 T2-4 Manipur/Small/number/SCvsOthers,AgCensus2015-16,T2-4,Manipur,Small,number,SCvsOthers,social_group,Scheduled Castes,Other social groups,1,0,0,1,diff,b,,,,percent,SYNTHETIC,16.3,28.84,smoke-test fabrication; not a census value,SYNTHETIC_SMOKE_VALUE,,,,,
AgCensus2015-16 T2-4 Manipur/Small/number/SCvsST,AgCensus2015-16,T2-4,Manipur,Small,number,SCvsST,social_group,Scheduled Castes,Scheduled Tribes,1,1,0,0,diff,b,,,,percent,SYNTHETIC,17.31,32.3,smoke-test fabrication; not a census value,SYNTHETIC_SMOKE_VALUE,,,,,
AgCensus2015-16 T2-4 Meghalaya/All Classes/number/SCvsST,AgCensus2015-16,T2-4,Meghalaya,All Classes,number,SCvsST,social_group,Scheduled Castes,Scheduled Tribes,1,1,0,0,diff,b,,,,percent,SYNTHETIC,29.45,52.27,smoke-test fabrication; not a census value,SYNTHETIC_SMOKE_VALUE,,,,,
AgCensus2015-16 T2-4 Meghalaya/All Classes/number/STvsOthers,AgCensus2015-16,T2-4,Meghalaya,All Classes,number,STvsOthers,social_group,Scheduled Tribes,Other social groups,1,0,0,1,diff,a,,,,percent,SYNTHETIC,39.18,21.09,smoke-test fabrication; not a census value,SYNTHETIC_SMOKE_VALUE,,,,,
AgCensus2015-16 T2-4 Meghalaya/All/area/MarginalvsMedium,AgCensus2015-16,T2-4,Meghalaya,All,area,MarginalvsMedium,landholding,marginal operated area,medium operated area,2,2,0,0,equal,c,,,,percent,SYNTHETIC,7.8,9.76,smoke-test fabrication; not a census value,SYNTHETIC_SMOKE_VALUE,,,,,
AgCensus2015-16 T2-4 Meghalaya/All/number/MarginalvsLarge,AgCensus2015-16,T2-4,Meghalaya,All,number,MarginalvsLarge,landholding,marginal holdings,large holdings,1,0,1,0,diff,a,,,,percent,SYNTHETIC,35.55,19.85,smoke-test fabrication; not a census value,SYNTHETIC_SMOKE_VALUE,,,,,
AgCensus2015-16 T2-4 Meghalaya/All/number/MarginalvsMedium,AgCensus2015-16,T2-4,Meghalaya,All,number,MarginalvsMedium,landholding,marginal holdings,medium holdings,1,1,0,0,diff,a,,,,percent,SYNTHETIC,46.05,33.5,smoke-test fabrication; not a census value,SYNTHETIC_SMOKE_VALUE,,,,,
AgCensus2015-16 T2-4 Meghalaya/All/number/MarginalvsSemi-medium,AgCensus2015-16,T2-4,Meghalaya,All,number,MarginalvsSemi-medium,landholding,marginal holdings,semi-medium holdings,1,1,0,0,diff,a,,,,percent,SYNTHETIC,57.97,33.33,smoke-test fabrication; not a census value,SYNTHETIC_SMOKE_VALUE,,,,,
AgCensus2015-16 T2-4 Meghalaya/All/number/MarginalvsSmall,AgCensus2015-16,T2-4,Meghalaya,All,number,MarginalvsSmall,landholding,marginal holdings,small holdings,1,0,0,1,diff,a,,,,percent,SYNTHETIC,42.62,18.87,smoke-test fabrication; not a census value,SYNTHETIC_SMOKE_VALUE,,,,,
AgCensus2015-16 T2-4 Meghalaya/All/number/Semi-mediumvsLarge,AgCensus2015-16,T2-4,Meghalaya,All,number,Semi-mediumvsLarge,landholding,semi-medium holdings,large holdings,1,0,0,1,diff,a,,,,percent,SYNTHETIC,27.51,7.88,smoke-test fabrication; not a census value,SYNTHETIC_SMOKE_VALUE,,,,,
AgCensus2015-16 T2-4 Meghalaya/All/number/Semi-mediumvsMedium,AgCensus2015-16,T2-4,Meghalaya,All,number,Semi-mediumvsMedium,landholding,semi-medium holdings,medium holdings,1,1,0,0,diff,a,,,,percent,SYNTHETIC,50.71,30.73,smoke-test fabrication; not a census value,SYNTHETIC_SMOKE_VALUE,,,,,
AgCensus2015-16 T2-4 Meghalaya/All/number/SmallvsLarge,AgCensus2015-16,T2-4,Meghalaya,All,number,SmallvsLarge,landholding,small holdings,large holdings,1,1,0,0,diff,a,,,,percent,SYNTHETIC,26.0,11.55,smoke-test fabrication; not a census value,SYNTHETIC_SMOKE_VALUE,,,,,
AgCensus2015-16 T2-4 Meghalaya/All/number/SmallvsMedium,AgCensus2015-16,T2-4,Meghalaya,All,number,SmallvsMedium,landholding,small holdings,medium holdings,1,1,0,0,diff,a,,,,percent,SYNTHETIC,22.8,10.32,smoke-test fabrication; not a census value,SYNTHETIC_SMOKE_VALUE,,,,,
AgCensus2015-16 T2-4 Meghalaya/Marginal/number/SCvsST,AgCensus2015-16,T2-4,Meghalaya,Marginal,number,SCvsST,social_group,Scheduled Castes,Scheduled Tribes,1,0,1,0,diff,b,,,,percent,SYNTHETIC,9.93,23.82,smoke-test fabrication; not a census value,SYNTHETIC_SMOKE_VALUE,,,,,
AgCensus2015-16 T2-4 Meghalaya/Marginal/number/STvsOthers,AgCensus2015-16,T2-4,Meghalaya,Marginal,number,STvsOthers,social_group,Scheduled Tribes,Other social groups,1,1,0,0,diff,a,,,,percent,SYNTHETIC,20.98,6.31,smoke-test fabrication; not a census value,SYNTHETIC_SMOKE_VALUE,,,,,
AgCensus2015-16 T2-4 Meghalaya/ST/area/MarginalvsMedium,AgCensus2015-16,T2-4,Meghalaya,ST,area,MarginalvsMedium,landholding,marginal operated area,medium operated area,1,1,0,0,equal,c,,,,percent,SYNTHETIC,8.25,9.95,smoke-test fabrication; not a census value,SYNTHETIC_SMOKE_VALUE,,,,,
AgCensus2015-16 T2-4 Meghalaya/ST/number/MarginalvsMedium,AgCensus2015-16,T2-4,Meghalaya,ST,number,MarginalvsMedium,landholding,marginal holdings,medium holdings,1,0,0,1,diff,a,,,,percent,SYNTHETIC,30.7,10.19,smoke-test fabrication; not a census value,SYNTHETIC_SMOKE_VALUE,,,,,
AgCensus2015-16 T2-4 Meghalaya/ST/number/MarginalvsSemi-medium,AgCensus2015-16,T2-4,Meghalaya,ST,number,MarginalvsSemi-medium,landholding,marginal holdings,semi-medium holdings,1,1,0,0,diff,a,,,,percent,SYNTHETIC,32.02,9.57,smoke-test fabrication; not a census value,SYNTHETIC_SMOKE_VALUE,,,,,
AgCensus2015-16 T2-4 Meghalaya/ST/number/MarginalvsSmall,AgCensus2015-16,T2-4,Meghalaya,ST,number,MarginalvsSmall,landholding,marginal holdings,small holdings,1,1,0,0,diff,a,,,,percent,SYNTHETIC,48.61,23.95,smoke-test fabrication; not a census value,SYNTHETIC_SMOKE_VALUE,,,,,
AgCensus2015-16 T2-4 Meghalaya/ST/number/Semi-mediumvsLarge,AgCensus2015-16,T2-4,Meghalaya,ST,number,Semi-mediumvsLarge,landholding,semi-medium holdings,large holdings,1,1,0,0,diff,a,,,,percent,SYNTHETIC,31.53,16.78,smoke-test fabrication; not a census value,SYNTHETIC_SMOKE_VALUE,,,,,
AgCensus2015-16 T2-4 Meghalaya/ST/number/Semi-mediumvsMedium,AgCensus2015-16,T2-4,Meghalaya,ST,number,Semi-mediumvsMedium,landholding,semi-medium holdings,medium holdings,1,1,0,0,diff,a,,,,percent,SYNTHETIC,23.58,8.95,smoke-test fabrication; not a census value,SYNTHETIC_SMOKE_VALUE,,,,,
AgCensus2015-16 T2-4 Meghalaya/ST/number/SmallvsMedium,AgCensus2015-16,T2-4,Meghalaya,ST,number,SmallvsMedium,landholding,small holdings,medium holdings,1,0,1,0,diff,a,,,,percent,SYNTHETIC,54.27,33.77,smoke-test fabrication; not a census value,SYNTHETIC_SMOKE_VALUE,,,,,
AgCensus2015-16 T2-4 Meghalaya/Semi-medium/number/STvsOthers,AgCensus2015-16,T2-4,Meghalaya,Semi-medium,number,STvsOthers,social_group,Scheduled Tribes,Other social groups,1,0,0,1,diff,a,,,,percent,SYNTHETIC,24.4,12.72,smoke-test fabrication; not a census value,SYNTHETIC_SMOKE_VALUE,,,,,
AgCensus2015-16 T2-4 Meghalaya/Small/number/SCvsST,AgCensus2015-16,T2-4,Meghalaya,Small,number,SCvsST,social_group,Scheduled Castes,Scheduled Tribes,1,1,0,0,diff,b,,,,percent,SYNTHETIC,32.49,46.84,smoke-test fabrication; not a census value,SYNTHETIC_SMOKE_VALUE,,,,,
AgCensus2015-16 T2-4 Meghalaya/Small/number/STvsOthers,AgCensus2015-16,T2-4,Meghalaya,Small,number,STvsOthers,social_group,Scheduled Tribes,Other social groups,1,0,1,0,diff,a,,,,percent,SYNTHETIC,35.14,17.16,smoke-test fabrication; not a census value,SYNTHETIC_SMOKE_VALUE,,,,,
AgCensus2015-16 T2-4 Mizoram/All Classes/number/SCvsST,AgCensus2015-16,T2-4,Mizoram,All Classes,number,SCvsST,social_group,Scheduled Castes,Scheduled Tribes,1,1,0,0,diff,b,,,,percent,SYNTHETIC,13.02,30.35,smoke-test fabrication; not a census value,SYNTHETIC_SMOKE_VALUE,,,,,
AgCensus2015-16 T2-4 Mizoram/All Classes/number/STvsOthers,AgCensus2015-16,T2-4,Mizoram,All Classes,number,STvsOthers,social_group,Scheduled Tribes,Other social groups,1,0,0,1,diff,a,,,,percent,SYNTHETIC,23.13,6.06,smoke-test fabrication; not a census value,SYNTHETIC_SMOKE_VALUE,,,,,
AgCensus2015-16 T2-4 Mizoram/All/area/MarginalvsSemi-medium,AgCensus2015-16,T2-4,Mizoram,All,area,MarginalvsSemi-medium,landholding,marginal operated area,semi-medium operated area,3,0,3,0,equal,c,,,,percent,SYNTHETIC,5.36,7.31,smoke-test fabrication; not a census value,SYNTHETIC_SMOKE_VALUE,,,,,
AgCensus2015-16 T2-4 Mizoram/All/area/SmallvsSemi-medium,AgCensus2015-16,T2-4,Mizoram,All,area,SmallvsSemi-medium,landholding,small operated area,semi-medium operated area,3,3,0,0,equal,c,,,,percent,SYNTHETIC,9.5,11.56,smoke-test fabrication; not a census value,SYNTHETIC_SMOKE_VALUE,,,,,
AgCensus2015-16 T2-4 Mizoram/All/number/MarginalvsMedium,AgCensus2015-16,T2-4,Mizoram,All,number,MarginalvsMedium,landholding,marginal holdings,medium holdings,1,0,0,1,diff,a,,,,percent,SYNTHETIC,45.78,28.44,smoke-test fabrication; not a census value,SYNTHETIC_SMOKE_VALUE,,,,,
AgCensus2015-16 T2-4 Mizoram/All/number/MarginalvsSemi-medium,AgCensus2015-16,T2-4,Mizoram,All,number,MarginalvsSemi-medium,landholding,marginal holdings,semi-medium holdings,1,1,0,0,diff,a,,,,percent,SYNTHETIC,50.66,34.46,smoke-test fabrication; not a census value,SYNTHETIC_SMOKE_VALUE,,,,,
AgCensus2015-16 T2-4 Mizoram/All/number/MarginalvsSmall,AgCensus2015-16,T2-4,Mizoram,All,number,MarginalvsSmall,landholding,marginal holdings,small holdings,1,1,0,0,diff,a,,,,percent,SYNTHETIC,42.59,29.25,smoke-test fabrication; not a census value,SYNTHETIC_SMOKE_VALUE,,,,,
AgCensus2015-16 T2-4 Mizoram/All/number/Semi-mediumvsLarge,AgCensus2015-16,T2-4,Mizoram,All,number,Semi-mediumvsLarge,landholding,semi-medium holdings,large holdings,1,0,0,1,diff,a,,,,percent,SYNTHETIC,35.16,17.92,smoke-test fabrication; not a census value,SYNTHETIC_SMOKE_VALUE,,,,,
AgCensus2015-16 T2-4 Mizoram/All/number/Semi-mediumvsMedium,AgCensus2015-16,T2-4,Mizoram,All,number,Semi-mediumvsMedium,landholding,semi-medium holdings,medium holdings,1,1,0,0,diff,a,,,,percent,SYNTHETIC,30.58,7.33,smoke-test fabrication; not a census value,SYNTHETIC_SMOKE_VALUE,,,,,
AgCensus2015-16 T2-4 Mizoram/All/number/SmallvsLarge,AgCensus2015-16,T2-4,Mizoram,All,number,SmallvsLarge,landholding,small holdings,large holdings,1,1,0,0,diff,a,,,,percent,SYNTHETIC,42.97,23.03,smoke-test fabrication; not a census value,SYNTHETIC_SMOKE_VALUE,,,,,
AgCensus2015-16 T2-4 Mizoram/All/number/SmallvsMedium,AgCensus2015-16,T2-4,Mizoram,All,number,SmallvsMedium,landholding,small holdings,medium holdings,1,1,0,0,diff,a,,,,percent,SYNTHETIC,51.43,28.75,smoke-test fabrication; not a census value,SYNTHETIC_SMOKE_VALUE,,,,,
AgCensus2015-16 T2-4 Mizoram/All/number/SmallvsSemi-medium,AgCensus2015-16,T2-4,Mizoram,All,number,SmallvsSemi-medium,landholding,small holdings,semi-medium holdings,1,0,0,1,diff,a,,,,percent,SYNTHETIC,31.57,18.44,smoke-test fabrication; not a census value,SYNTHETIC_SMOKE_VALUE,,,,,
AgCensus2015-16 T2-4 Mizoram/Marginal/number/SCvsST,AgCensus2015-16,T2-4,Mizoram,Marginal,number,SCvsST,social_group,Scheduled Castes,Scheduled Tribes,1,1,0,0,diff,b,,,,percent,SYNTHETIC,9.23,23.25,smoke-test fabrication; not a census value,SYNTHETIC_SMOKE_VALUE,,,,,
AgCensus2015-16 T2-4 Mizoram/ST/area/MarginalvsSemi-medium,AgCensus2015-16,T2-4,Mizoram,ST,area,MarginalvsSemi-medium,landholding,marginal operated area,semi-medium operated area,1,1,0,0,equal,c,,,,percent,SYNTHETIC,12.74,17.04,smoke-test fabrication; not a census value,SYNTHETIC_SMOKE_VALUE,,,,,
AgCensus2015-16 T2-4 Mizoram/ST/area/SmallvsSemi-medium,AgCensus2015-16,T2-4,Mizoram,ST,area,SmallvsSemi-medium,landholding,small operated area,semi-medium operated area,1,1,0,0,equal,c,,,,percent,SYNTHETIC,14.98,15.55,smoke-test fabrication; not a census value,SYNTHETIC_SMOKE_VALUE,,,,,
AgCensus2015-16 T2-4 Mizoram/ST/number/MarginalvsLarge,AgCensus2015-16,T2-4,Mizoram,ST,number,MarginalvsLarge,landholding,marginal holdings,large holdings,1,1,0,0,diff,a,,,,percent,SYNTHETIC,40.02,16.77,smoke-test fabrication; not a census value,SYNTHETIC_SMOKE_VALUE,,,,,
AgCensus2015-16 T2-4 Mizoram/ST/number/MarginalvsSemi-medium,AgCensus2015-16,T2-4,Mizoram,ST,number,MarginalvsSemi-medium,landholding,marginal holdings,semi-medium holdings,1,1,0,0,diff,a,,,,percent,SYNTHETIC,39.07,15.4,smoke-test fabrication; not a census value,SYNTHETIC_SMOKE_VALUE,,,,,
AgCensus2015-16 T2-4 Mizoram/ST/number/MarginalvsSmall,AgCensus2015-16,T2-4,Mizoram,ST,number,MarginalvsSmall,landholding,marginal holdings,small holdings,1,1,0,0,diff,a,,,,percent,SYNTHETIC,43.53,19.43,smoke-test fabrication; not a census value,SYNTHETIC_SMOKE_VALUE,,,,,
AgCensus2015-16 T2-4 Mizoram/ST/number/Semi-mediumvsMedium,AgCensus2015-16,T2-4,Mizoram,ST,number,Semi-mediumvsMedium,landholding,semi-medium holdings,medium holdings,1,1,0,0,diff,a,,,,percent,SYNTHETIC,24.38,5.1,smoke-test fabrication; not a census value,SYNTHETIC_SMOKE_VALUE,,,,,
AgCensus2015-16 T2-4 Mizoram/ST/number/SmallvsLarge,AgCensus2015-16,T2-4,Mizoram,ST,number,SmallvsLarge,landholding,small holdings,large holdings,1,0,0,1,diff,a,,,,percent,SYNTHETIC,31.6,10.05,smoke-test fabrication; not a census value,SYNTHETIC_SMOKE_VALUE,,,,,
AgCensus2015-16 T2-4 Mizoram/ST/number/SmallvsMedium,AgCensus2015-16,T2-4,Mizoram,ST,number,SmallvsMedium,landholding,small holdings,medium holdings,1,0,0,1,diff,a,,,,percent,SYNTHETIC,33.97,14.08,smoke-test fabrication; not a census value,SYNTHETIC_SMOKE_VALUE,,,,,
AgCensus2015-16 T2-4 Mizoram/ST/number/SmallvsSemi-medium,AgCensus2015-16,T2-4,Mizoram,ST,number,SmallvsSemi-medium,landholding,small holdings,semi-medium holdings,1,0,1,0,diff,a,,,,percent,SYNTHETIC,49.07,31.77,smoke-test fabrication; not a census value,SYNTHETIC_SMOKE_VALUE,,,,,
AgCensus2015-16 T2-4 Mizoram/Small/number/SCvsST,AgCensus2015-16,T2-4,Mizoram,Small,number,SCvsST,social_group,Scheduled Castes,Scheduled Tribes,1,0,0,1,diff,b,,,,percent,SYNTHETIC,19.92,41.74,smoke-test fabrication; not a census value,SYNTHETIC_SMOKE_VALUE,,,,,
AgCensus2015-16 T2-4 Mizoram/Small/number/STvsOthers,AgCensus2015-16,T2-4,Mizoram,Small,number,STvsOthers,social_group,Scheduled Tribes,Other social groups,1,1,0,0,diff,a,,,,percent,SYNTHETIC,20.54,7.58,smoke-test fabrication; not a census value,SYNTHETIC_SMOKE_VALUE,,,,,
AgCensus2015-16 T2-4 Nagaland/All Classes/number/SCvsST,AgCensus2015-16,T2-4,Nagaland,All Classes,number,SCvsST,social_group,Scheduled Castes,Scheduled Tribes,1,0,0,1,diff,b,,,,percent,SYNTHETIC,15.55,36.91,smoke-test fabrication; not a census value,SYNTHETIC_SMOKE_VALUE,,,,,
AgCensus2015-16 T2-4 Nagaland/All Classes/number/STvsOthers,AgCensus2015-16,T2-4,Nagaland,All Classes,number,STvsOthers,social_group,Scheduled Tribes,Other social groups,1,1,0,0,diff,a,,,,percent,SYNTHETIC,36.09,25.95,smoke-test fabrication; not a census value,SYNTHETIC_SMOKE_VALUE,,,,,
AgCensus2015-16 T2-4 Nagaland/All/number/MarginalvsMedium,AgCensus2015-16,T2-4,Nagaland,All,number,MarginalvsMedium,landholding,marginal holdings,medium holdings,1,1,0,0,diff,b,,,,percent,SYNTHETIC,11.83,30.62,smoke-test fabrication; not a census value,SYNTHETIC_SMOKE_VALUE,,,,,
AgCensus2015-16 T2-4 Nagaland/All/number/MarginalvsSemi-medium,AgCensus2015-16,T2-4,Nagaland,All,number,MarginalvsSemi-medium,landholding,marginal holdings,semi-medium holdings,1,1,0,0,diff,b,,,,percent,SYNTHETIC,24.89,37.95,smoke-test fabrication; not a census value,SYNTHETIC_SMOKE_VALUE,,,,,
AgCensus2015-16 T2-4 Nagaland/All/number/MarginalvsSmall,AgCensus2015-16,T2-4,Nagaland,All,number,MarginalvsSmall,landholding,marginal holdings,small holdings,1,0,0,1,diff,b,,,,percent,SYNTHETIC,18.5,31.93,smoke-test fabrication; not a census value,SYNTHETIC_SMOKE_VALUE,,,,,
AgCensus2015-16 T2-4 Nagaland/All/number/MediumvsLarge,AgCensus2015-16,T2-4,Nagaland,All,number,MediumvsLarge,landholding,medium holdings,large holdings,1,0,0,1,diff,a,,,,percent,SYNTHETIC,44.32,27.81,smoke-test fabrication; not a census value,SYNTHETIC_SMOKE_VALUE,,,,,
AgCensus2015-16 T2-4 Nagaland/All/number/Semi-mediumvsLarge,AgCensus2015-16,T2-4,Nagaland,All,number,Semi-mediumvsLarge,landholding,semi-medium holdings,large holdings,1,0,0,1,diff,a,,,,percent,SYNTHETIC,34.72,18.66,smoke-test fabrication; not a census value,SYNTHETIC_SMOKE_VALUE,,,,,
AgCensus2015-16 T2-4 Nagaland/All/number/SmallvsLarge,AgCensus2015-16,T2-4,Nagaland,All,number,SmallvsLarge,landholding,small holdings,large holdings,2,0,0,2,equal,c,,,,percent,SYNTHETIC,16.29,17.09,smoke-test fabrication; not a census value,SYNTHETIC_SMOKE_VALUE,,,,,
AgCensus2015-16 T2-4 Nagaland/All/number/SmallvsMedium,AgCensus2015-16,T2-4,Nagaland,All,number,SmallvsMedium,landholding,small holdings,medium holdings,1,0,0,1,diff,b,,,,percent,SYNTHETIC,12.37,22.82,smoke-test fabrication; not a census value,SYNTHETIC_SMOKE_VALUE,,,,,
AgCensus2015-16 T2-4 Nagaland/All/number/SmallvsSemi-medium,AgCensus2015-16,T2-4,Nagaland,All,number,SmallvsSemi-medium,landholding,small holdings,semi-medium holdings,1,0,0,1,diff,b,,,,percent,SYNTHETIC,30.04,42.22,smoke-test fabrication; not a census value,SYNTHETIC_SMOKE_VALUE,,,,,
AgCensus2015-16 T2-4 Nagaland/Large/number/SCvsST,AgCensus2015-16,T2-4,Nagaland,Large,number,SCvsST,social_group,Scheduled Castes,Scheduled Tribes,1,0,1,0,diff,b,,,,percent,SYNTHETIC,6.79,30.08,smoke-test fabrication; not a census value,SYNTHETIC_SMOKE_VALUE,,,,,
AgCensus2015-16 T2-4 Nagaland/Large/number/STvsOthers,AgCensus2015-16,T2-4,Nagaland,Large,number,STvsOthers,social_group,Scheduled Tribes,Other social groups,1,0,0,1,diff,a,,,,percent,SYNTHETIC,35.41,11.0,smoke-test fabrication; not a census value,SYNTHETIC_SMOKE_VALUE,,,,,
AgCensus2015-16 T2-4 Nagaland/Medium/number/STvsOthers,AgCensus2015-16,T2-4,Nagaland,Medium,number,STvsOthers,social_group,Scheduled Tribes,Other social groups,1,0,0,1,diff,a,,,,percent,SYNTHETIC,29.53,18.47,smoke-test fabrication; not a census value,SYNTHETIC_SMOKE_VALUE,,,,,
AgCensus2015-16 T2-4 Nagaland/ST/number/MarginalvsMedium,AgCensus2015-16,T2-4,Nagaland,ST,number,MarginalvsMedium,landholding,marginal holdings,medium holdings,1,1,0,0,diff,b,,,,percent,SYNTHETIC,10.87,33.19,smoke-test fabrication; not a census value,SYNTHETIC_SMOKE_VALUE,,,,,
AgCensus2015-16 T2-4 Nagaland/ST/number/MarginalvsSemi-medium,AgCensus2015-16,T2-4,Nagaland,ST,number,MarginalvsSemi-medium,landholding,marginal holdings,semi-medium holdings,1,1,0,0,diff,b,,,,percent,SYNTHETIC,7.76,29.89,smoke-test fabrication; not a census value,SYNTHETIC_SMOKE_VALUE,,,,,
AgCensus2015-16 T2-4 Nagaland/ST/number/MarginalvsSmall,AgCensus2015-16,T2-4,Nagaland,ST,number,MarginalvsSmall,landholding,marginal holdings,small holdings,1,0,0,1,diff,b,,,,percent,SYNTHETIC,20.86,37.55,smoke-test fabrication; not a census value,SYNTHETIC_SMOKE_VALUE,,,,,
AgCensus2015-16 T2-4 Nagaland/ST/number/MediumvsLarge,AgCensus2015-16,T2-4,Nagaland,ST,number,MediumvsLarge,landholding,medium holdings,large holdings,1,1,0,0,diff,a,,,,percent,SYNTHETIC,29.2,5.2,smoke-test fabrication; not a census value,SYNTHETIC_SMOKE_VALUE,,,,,
AgCensus2015-16 T2-4 Nagaland/ST/number/Semi-mediumvsLarge,AgCensus2015-16,T2-4,Nagaland,ST,number,Semi-mediumvsLarge,landholding,semi-medium holdings,large holdings,1,0,0,1,diff,a,,,,percent,SYNTHETIC,34.13,23.07,smoke-test fabrication; not a census value,SYNTHETIC_SMOKE_VALUE,,,,,
AgCensus2015-16 T2-4 Nagaland/ST/number/SmallvsLarge,AgCensus2015-16,T2-4,Nagaland,ST,number,SmallvsLarge,landholding,small holdings,large holdings,4,0,0,4,equal,c,,,,percent,SYNTHETIC,31.19,34.52,smoke-test fabrication; not a census value,SYNTHETIC_SMOKE_VALUE,,,,,
AgCensus2015-16 T2-4 Nagaland/ST/number/SmallvsMedium,AgCensus2015-16,T2-4,Nagaland,ST,number,SmallvsMedium,landholding,small holdings,medium holdings,1,1,0,0,diff,b,,,,percent,SYNTHETIC,12.4,33.25,smoke-test fabrication; not a census value,SYNTHETIC_SMOKE_VALUE,,,,,
AgCensus2015-16 T2-4 Nagaland/ST/number/SmallvsSemi-medium,AgCensus2015-16,T2-4,Nagaland,ST,number,SmallvsSemi-medium,landholding,small holdings,semi-medium holdings,1,0,1,0,diff,b,,,,percent,SYNTHETIC,33.45,58.23,smoke-test fabrication; not a census value,SYNTHETIC_SMOKE_VALUE,,,,,
AgCensus2015-16 T2-4 Nagaland/Semi-medium/number/SCvsST,AgCensus2015-16,T2-4,Nagaland,Semi-medium,number,SCvsST,social_group,Scheduled Castes,Scheduled Tribes,1,0,0,1,diff,b,,,,percent,SYNTHETIC,26.02,40.67,smoke-test fabrication; not a census value,SYNTHETIC_SMOKE_VALUE,,,,,
AgCensus2015-16 T2-4 Nagaland/Semi-medium/number/STvsOthers,AgCensus2015-16,T2-4,Nagaland,Semi-medium,number,STvsOthers,social_group,Scheduled Tribes,Other social groups,1,1,0,0,diff,a,,,,percent,SYNTHETIC,44.46,26.72,smoke-test fabrication; not a census value,SYNTHETIC_SMOKE_VALUE,,,,,
AgCensus2015-16 T2-4 Nagaland/Small/number/SCvsST,AgCensus2015-16,T2-4,Nagaland,Small,number,SCvsST,social_group,Scheduled Castes,Scheduled Tribes,1,0,0,1,diff,b,,,,percent,SYNTHETIC,33.81,53.23,smoke-test fabrication; not a census value,SYNTHETIC_SMOKE_VALUE,,,,,
AgCensus2015-16 T2-4 Nagaland/Small/number/STvsOthers,AgCensus2015-16,T2-4,Nagaland,Small,number,STvsOthers,social_group,Scheduled Tribes,Other social groups,1,1,0,0,diff,a,,,,percent,SYNTHETIC,56.89,34.75,smoke-test fabrication; not a census value,SYNTHETIC_SMOKE_VALUE,,,,,
AgCensus2015-16 T2-4 Odisha/All Classes/number/SCvsOthers,AgCensus2015-16,T2-4,Odisha,All Classes,number,SCvsOthers,social_group,Scheduled Castes,Other social groups,1,0,0,1,diff,b,,,,percent,SYNTHETIC,8.21,28.06,smoke-test fabrication; not a census value,SYNTHETIC_SMOKE_VALUE,,,,,
AgCensus2015-16 T2-4 Odisha/All Classes/number/SCvsST,AgCensus2015-16,T2-4,Odisha,All Classes,number,SCvsST,social_group,Scheduled Castes,Scheduled Tribes,1,1,0,0,diff,b,,,,percent,SYNTHETIC,15.39,34.42,smoke-test fabrication; not a census value,SYNTHETIC_SMOKE_VALUE,,,,,
AgCensus2015-16 T2-4 Odisha/All Classes/number/STvsOthers,AgCensus2015-16,T2-4,Odisha,All Classes,number,STvsOthers,social_group,Scheduled Tribes,Other social groups,1,0,0,1,diff,b,,,,percent,SYNTHETIC,28.84,52.29,smoke-test fabrication; not a census value,SYNTHETIC_SMOKE_VALUE,,,,,
AgCensus2015-16 T2-4 Odisha/All/area/MediumvsLarge,AgCensus2015-16,T2-4,Odisha,All,area,MediumvsLarge,landholding,medium operated area,large operated area,3,3,0,0,equal,c,,,,percent,SYNTHETIC,18.68,21.28,smoke-test fabrication; not a census value,SYNTHETIC_SMOKE_VALUE,,,,,
AgCensus2015-16 T2-4 Odisha/All/number/MarginalvsLarge,AgCensus2015-16,T2-4,Odisha,All,number,MarginalvsLarge,landholding,marginal holdings,large holdings,1,1,0,0,diff,a,,,,percent,SYNTHETIC,37.8,16.56,smoke-test fabrication; not a census value,SYNTHETIC_SMOKE_VALUE,,,,,
AgCensus2015-16 T2-4 Odisha/All/number/MarginalvsMedium,AgCensus2015-16,T2-4,Odisha,All,number,MarginalvsMedium,landholding,marginal holdings,medium holdings,1,0,0,1,diff,a,,,,percent,SYNTHETIC,35.04,21.59,smoke-test fabrication; not a census value,SYNTHETIC_SMOKE_VALUE,,,,,
AgCensus2015-16 T2-4 Odisha/All/number/MarginalvsSemi-medium,AgCensus2015-16,T2-4,Odisha,All,number,MarginalvsSemi-medium,landholding,marginal holdings,semi-medium holdings,1,1,0,0,diff,a,,,,percent,SYNTHETIC,34.13,9.37,smoke-test fabrication; not a census value,SYNTHETIC_SMOKE_VALUE,,,,,
AgCensus2015-16 T2-4 Odisha/All/number/MarginalvsSmall,AgCensus2015-16,T2-4,Odisha,All,number,MarginalvsSmall,landholding,marginal holdings,small holdings,1,1,0,0,diff,a,,,,percent,SYNTHETIC,33.6,12.34,smoke-test fabrication; not a census value,SYNTHETIC_SMOKE_VALUE,,,,,
AgCensus2015-16 T2-4 Odisha/All/number/Semi-mediumvsMedium,AgCensus2015-16,T2-4,Odisha,All,number,Semi-mediumvsMedium,landholding,semi-medium holdings,medium holdings,3,3,0,0,equal,c,,,,percent,SYNTHETIC,26.73,26.92,smoke-test fabrication; not a census value,SYNTHETIC_SMOKE_VALUE,,,,,
AgCensus2015-16 T2-4 Odisha/All/number/SmallvsLarge,AgCensus2015-16,T2-4,Odisha,All,number,SmallvsLarge,landholding,small holdings,large holdings,1,0,0,1,diff,a,,,,percent,SYNTHETIC,35.62,13.72,smoke-test fabrication; not a census value,SYNTHETIC_SMOKE_VALUE,,,,,
AgCensus2015-16 T2-4 Odisha/All/number/SmallvsMedium,AgCensus2015-16,T2-4,Odisha,All,number,SmallvsMedium,landholding,small holdings,medium holdings,1,1,0,0,diff,a,,,,percent,SYNTHETIC,47.8,30.74,smoke-test fabrication; not a census value,SYNTHETIC_SMOKE_VALUE,,,,,
AgCensus2015-16 T2-4 Odisha/All/number/SmallvsSemi-medium,AgCensus2015-16,T2-4,Odisha,All,number,SmallvsSemi-medium,landholding,small holdings,semi-medium holdings,1,0,0,1,diff,a,,,,percent,SYNTHETIC,28.3,9.51,smoke-test fabrication; not a census value,SYNTHETIC_SMOKE_VALUE,,,,,
AgCensus2015-16 T2-4 Odisha/Marginal/number/SCvsOthers,AgCensus2015-16,T2-4,Odisha,Marginal,number,SCvsOthers,social_group,Scheduled Castes,Other social groups,1,0,0,1,diff,b,,,,percent,SYNTHETIC,10.92,33.11,smoke-test fabrication; not a census value,SYNTHETIC_SMOKE_VALUE,,,,,
AgCensus2015-16 T2-4 Odisha/Marginal/number/STvsOthers,AgCensus2015-16,T2-4,Odisha,Marginal,number,STvsOthers,social_group,Scheduled Tribes,Other social groups,1,1,0,0,diff,b,,,,percent,SYNTHETIC,13.51,33.98,smoke-test fabrication; not a census value,SYNTHETIC_SMOKE_VALUE,,,,,
AgCensus2015-16 T2-4 Odisha/Medium/number/SCvsOthers,AgCensus2015-16,T2-4,Odisha,Medium,number,SCvsOthers,social_group,Scheduled Castes,Other social groups,1,1,0,0,diff,b,,,,percent,SYNTHETIC,25.76,40.83,smoke-test fabrication; not a census value,SYNTHETIC_SMOKE_VALUE,,,,,
AgCensus2015-16 T2-4 Odisha/Medium/number/SCvsST,AgCensus2015-16,T2-4,Odisha,Medium,number,SCvsST,social_group,Scheduled Castes,Scheduled Tribes,1,1,0,0,diff,b,,,,percent,SYNTHETIC,6.35,27.18,smoke-test fabrication; not a census value,SYNTHETIC_SMOKE_VALUE,,,,,
AgCensus2015-16 T2-4 Odisha/Medium/number/STvsOthers,AgCensus2015-16,T2-4,Odisha,Medium,number,STvsOthers,social_group,Scheduled Tribes,Other social groups,1,0,0,1,diff,b,,,,percent,SYNTHETIC,13.15,37.92,smoke-test fabrication; not a census value,SYNTHETIC_SMOKE_VALUE,,,,,
AgCensus2015-16 T2-4 Odisha/SC/number/MarginalvsLarge,AgCensus2015-16,T2-4,Odisha,SC,number,MarginalvsLarge,landholding,marginal holdings,large holdings,1,1,0,0,diff,a,,,,percent,SYNTHETIC,39.47,15.46,smoke-test fabrication; not a census value,SYNTHETIC_SMOKE_VALUE,,,,,
AgCensus2015-16 T2-4 Odisha/SC/number/MarginalvsMedium,AgCensus2015-16,T2-4,Odisha,SC,number,MarginalvsMedium,landholding,marginal holdings,medium holdings,1,0,0,1,diff,a,,,,percent,SYNTHETIC,31.33,15.13,smoke-test fabrication; not a census value,SYNTHETIC_SMOKE_VALUE,,,,,
AgCensus2015-16 T2-4 Odisha/SC/number/MarginalvsSmall,AgCensus2015-16,T2-4,Odisha,SC,number,MarginalvsSmall,landholding,marginal holdings,small holdings,1,1,0,0,diff,a,,,,percent,SYNTHETIC,36.68,26.31,smoke-test fabrication; not a census value,SYNTHETIC_SMOKE_VALUE,,,,,
AgCensus2015-16 T2-4 Odisha/SC/number/SmallvsLarge,AgCensus2015-16,T2-4,Odisha,SC,number,SmallvsLarge,landholding,small holdings,large holdings,1,0,1,0,diff,a,,,,percent,SYNTHETIC,47.08,24.5,smoke-test fabrication; not a census value,SYNTHETIC_SMOKE_VALUE,,,,,
AgCensus2015-16 T2-4 Odisha/SC/number/SmallvsMedium,AgCensus2015-16,T2-4,Odisha,SC,number,SmallvsMedium,landholding,small holdings,medium holdings,1,1,0,0,diff,a,,,,percent,SYNTHETIC,41.17,18.33,smoke-test fabrication; not a census value,SYNTHETIC_SMOKE_VALUE,,,,,
AgCensus2015-16 T2-4 Odisha/ST/number/MarginalvsLarge,AgCensus2015-16,T2-4,Odisha,ST,number,MarginalvsLarge,landholding,marginal holdings,large holdings,1,1,0,0,diff,a,,,,percent,SYNTHETIC,52.67,28.68,smoke-test fabrication; not a census value,SYNTHETIC_SMOKE_VALUE,,,,,
AgCensus2015-16 T2-4 Odisha/ST/number/MarginalvsMedium,AgCensus2015-16,T2-4,Odisha,ST,number,MarginalvsMedium,landholding,marginal holdings,medium holdings,1,0,0,1,diff,a,,,,percent,SYNTHETIC,33.79,11.76,smoke-test fabrication; not a census value,SYNTHETIC_SMOKE_VALUE,,,,,
AgCensus2015-16 T2-4 Odisha/ST/number/MarginalvsSemi-medium,AgCensus2015-16,T2-4,Odisha,ST,number,MarginalvsSemi-medium,landholding,marginal holdings,semi-medium holdings,1,0,1,0,diff,a,,,,percent,SYNTHETIC,31.62,15.11,smoke-test fabrication; not a census value,SYNTHETIC_SMOKE_VALUE,,,,,
AgCensus2015-16 T2-4 Odisha/ST/number/MarginalvsSmall,AgCensus2015-16,T2-4,Odisha,ST,number,MarginalvsSmall,landholding,marginal holdings,small holdings,1,0,0,1,diff,a,,,,percent,SYNTHETIC,45.21,34.99,smoke-test fabrication; not a census value,SYNTHETIC_SMOKE_VALUE,,,,,
AgCensus2015-16 T2-4 Odisha/ST/number/SmallvsMedium,AgCensus2015-16,T2-4,Odisha,ST,number,SmallvsMedium,landholding,small holdings,medium holdings,1,1,0,0,diff,a,,,,percent,SYNTHETIC,32.5,19.99,smoke-test fabrication; not a census value,SYNTHETIC_SMOKE_VALUE,,,,,
AgCensus2015-16 T2-4 Odisha/ST/number/SmallvsSemi-medium,AgCensus2015-16,T2-4,Odisha,ST,number,SmallvsSemi-medium,landholding,small holdings,semi-medium holdings,1,1,0,0,diff,a,,,,percent,SYNTHETIC,46.93,22.3,smoke-test fabrication; not a census value,SYNTHETIC_SMOKE_VALUE,,,,,
AgCensus2015-16 T2-4 Odisha/Semi-medium/number/SCvsOthers,AgCensus2015-16,T2-4,Odisha,Semi-medium,number,SCvsOthers,social_group,Scheduled Castes,Other social groups,1,1,0,0,diff,b,,,,percent,SYNTHETIC,26.13,40.83,smoke-test fabrication; not a census value,SYNTHETIC_SMOKE_VALUE,,,,,
AgCensus2015-16 T2-4 Odisha/Semi-medium/number/STvsOthers,AgCensus2015-16,T2-4,Odisha,Semi-medium,number,STvsOthers,social_group,Scheduled Tribes,Other social groups,1,1,0,0,diff,b,,,,percent,SYNTHETIC,29.24,40.9,smoke-test fabrication; not a census value,SYNTHETIC_SMOKE_VALUE,,,,,
AgCensus2015-16 T2-4 Odisha/Small/number/SCvsOthers,AgCensus2015-16,T2-4,Odisha,Small,number,SCvsOthers,social_group,Scheduled Castes,Other social groups,1,0,0,1,diff,b,,,,percent,SYNTHETIC,5.71,20.62,smoke-test fabrication; not a census value,SYNTHETIC_SMOKE_VALUE,,,,,
AgCensus2015-16 T2-4 Odisha/Small/number/SCvsST,AgCensus2015-16,T2-4,Odisha,Small,number,SCvsST,social_group,Scheduled Castes,Scheduled Tribes,1,0,1,0,diff,b,,,,percent,SYNTHETIC,11.01,21.28,smoke-test fabrication; not a census value,SYNTHETIC_SMOKE_VALUE,,,,,
AgCensus2015-16 T2-4 Odisha/Small/number/STvsOthers,AgCensus2015-16,T2-4,Odisha,Small,number,STvsOthers,social_group,Scheduled Tribes,Other social groups,1,1,0,0,diff,b,,,,percent,SYNTHETIC,12.77,30.41,smoke-test fabrication; not a census value,SYNTHETIC_SMOKE_VALUE,,,,,
AgCensus2015-16 T2-4 Puducherry/All Classes/number/SCvsOthers,AgCensus2015-16,T2-4,Puducherry,All Classes,number,SCvsOthers,social_group,Scheduled Castes,Other social groups,1,1,0,0,diff,b,,,,percent,SYNTHETIC,6.88,18.64,smoke-test fabrication; not a census value,SYNTHETIC_SMOKE_VALUE,,,,,
AgCensus2015-16 T2-4 Puducherry/All Classes/number/STvsOthers,AgCensus2015-16,T2-4,Puducherry,All Classes,number,STvsOthers,social_group,Scheduled Tribes,Other social groups,1,0,0,1,diff,b,,,,percent,SYNTHETIC,33.78,51.08,smoke-test fabrication; not a census value,SYNTHETIC_SMOKE_VALUE,,,,,
AgCensus2015-16 T2-4 Puducherry/All/area/Semi-mediumvsMedium,AgCensus2015-16,T2-4,Puducherry,All,area,Semi-mediumvsMedium,landholding,semi-medium operated area,medium operated area,4,4,0,0,equal,c,,,,percent,SYNTHETIC,33.46,35.54,smoke-test fabrication; not a census value,SYNTHETIC_SMOKE_VALUE,,,,,
AgCensus2015-16 T2-4 Puducherry/All/area/SmallvsSemi-medium,AgCensus2015-16,T2-4,Puducherry,All,area,SmallvsSemi-medium,landholding,small operated area,semi-medium operated area,3,3,0,0,equal,c,,,,percent,SYNTHETIC,23.25,25.53,smoke-test fabrication; not a census value,SYNTHETIC_SMOKE_VALUE,,,,,
AgCensus2015-16 T2-4 Puducherry/All/number/MarginalvsLarge,AgCensus2015-16,T2-4,Puducherry,All,number,MarginalvsLarge,landholding,marginal holdings,large holdings,1,1,0,0,diff,a,,,,percent,SYNTHETIC,47.98,23.97,smoke-test fabrication; not a census value,SYNTHETIC_SMOKE_VALUE,,,,,
AgCensus2015-16 T2-4 Puducherry/All/number/MarginalvsSemi-medium,AgCensus2015-16,T2-4,Puducherry,All,number,MarginalvsSemi-medium,landholding,marginal holdings,semi-medium holdings,1,1,0,0,diff,a,,,,percent,SYNTHETIC,39.5,26.18,smoke-test fabrication; not a census value,SYNTHETIC_SMOKE_VALUE,,,,,
AgCensus2015-16 T2-4 Puducherry/All/number/MarginalvsSmall,AgCensus2015-16,T2-4,Puducherry,All,number,MarginalvsSmall,landholding,marginal holdings,small holdings,1,1,0,0,diff,a,,,,percent,SYNTHETIC,55.51,33.02,smoke-test fabrication; not a census value,SYNTHETIC_SMOKE_VALUE,,,,,
AgCensus2015-16 T2-4 Puducherry/All/number/SmallvsSemi-medium,AgCensus2015-16,T2-4,Puducherry,All,number,SmallvsSemi-medium,landholding,small holdings,semi-medium holdings,4,0,0,4,equal,c,,,,percent,SYNTHETIC,34.35,36.32,smoke-test fabrication; not a census value,SYNTHETIC_SMOKE_VALUE,,,,,
AgCensus2015-16 T2-4 Puducherry/Marginal/number/SCvsOthers,AgCensus2015-16,T2-4,Puducherry,Marginal,number,SCvsOthers,social_group,Scheduled Castes,Other social groups,1,0,0,1,diff,b,,,,percent,SYNTHETIC,24.46,43.61,smoke-test fabrication; not a census value,SYNTHETIC_SMOKE_VALUE,,,,,
AgCensus2015-16 T2-4 Puducherry/Marginal/number/STvsOthers,AgCensus2015-16,T2-4,Puducherry,Marginal,number,STvsOthers,social_group,Scheduled Tribes,Other social groups,1,1,0,0,diff,b,,,,percent,SYNTHETIC,28.26,43.24,smoke-test fabrication; not a census value,SYNTHETIC_SMOKE_VALUE,,,,,
AgCensus2015-16 T2-4 Punjab/All Classes/number/SCvsOthers,AgCensus2015-16,T2-4,Punjab,All Classes,number,SCvsOthers,social_group,Scheduled Castes,Other social groups,1,0,1,0,diff,b,,,,percent,SYNTHETIC,22.46,39.26,smoke-test fabrication; not a census value,SYNTHETIC_SMOKE_VALUE,,,,,
AgCensus2015-16 T2-4 Punjab/All Classes/number/STvsOthers,AgCensus2015-16,T2-4,Punjab,All Classes,number,STvsOthers,social_group,Scheduled Tribes,Other social groups,1,1,0,0,diff,b,,,,percent,SYNTHETIC,29.66,53.0,smoke-test fabrication; not a census value,SYNTHETIC_SMOKE_VALUE,,,,,
AgCensus2015-16 T2-4 Punjab/All/area/MarginalvsSmall,AgCensus2015-16,T2-4,Punjab,All,area,MarginalvsSmall,landholding,marginal operated area,small operated area,4,4,0,0,equal,c,,,,percent,SYNTHETIC,16.19,20.31,smoke-test fabrication; not a census value,SYNTHETIC_SMOKE_VALUE,,,,,
AgCensus2015-16 T2-4 Punjab/All/area/Semi-mediumvsLarge,AgCensus2015-16,T2-4,Punjab,All,area,Semi-mediumvsLarge,landholding,semi-medium operated area,large operated area,4,4,0,0,equal,c,,,,percent,SYNTHETIC,19.2,19.66,smoke-test fabrication; not a census value,SYNTHETIC_SMOKE_VALUE,,,,,
AgCensus2015-16 T2-4 Punjab/All/number/MarginalvsMedium,AgCensus2015-16,T2-4,Punjab,All,number,MarginalvsMedium,landholding,marginal holdings,medium holdings,1,1,0,0,diff,b,,,,percent,SYNTHETIC,5.03,27.22,smoke-test fabrication; not a census value,SYNTHETIC_SMOKE_VALUE,,,,,
AgCensus2015-16 T2-4 Punjab/All/number/MarginalvsSemi-medium,AgCensus2015-16,T2-4,Punjab,All,number,MarginalvsSemi-medium,landholding,marginal holdings,semi-medium holdings,1,1,0,0,diff,b,,,,percent,SYNTHETIC,12.61,32.87,smoke-test fabrication; not a census value,SYNTHETIC_SMOKE_VALUE,,,,,
AgCensus2015-16 T2-4 Punjab/All/number/MarginalvsSmall,AgCensus2015-16,T2-4,Punjab,All,number,MarginalvsSmall,landholding,marginal holdings,small holdings,4,4,0,0,equal,c,,,,percent,SYNTHETIC,33.88,34.53,smoke-test fabrication; not a census value,SYNTHETIC_SMOKE_VALUE,,,,,
AgCensus2015-16 T2-4 Punjab/All/number/MediumvsLarge,AgCensus2015-16,T2-4,Punjab,All,number,MediumvsLarge,landholding,medium holdings,large holdings,1,0,0,1,diff,a,,,,percent,SYNTHETIC,36.53,14.74,smoke-test fabrication; not a census value,SYNTHETIC_SMOKE_VALUE,,,,,
AgCensus2015-16 T2-4 Punjab/All/number/Semi-mediumvsLarge,AgCensus2015-16,T2-4,Punjab,All,number,Semi-mediumvsLarge,landholding,semi-medium holdings,large holdings,1,0,0,1,diff,a,,,,percent,SYNTHETIC,49.9,25.38,smoke-test fabrication; not a census value,SYNTHETIC_SMOKE_VALUE,,,,,
AgCensus2015-16 T2-4 Punjab/All/number/SmallvsLarge,AgCensus2015-16,T2-4,Punjab,All,number,SmallvsLarge,landholding,small holdings,large holdings,1,0,0,1,diff,a,,,,percent,SYNTHETIC,38.29,21.12,smoke-test fabrication; not a census value,SYNTHETIC_SMOKE_VALUE,,,,,
AgCensus2015-16 T2-4 Punjab/All/number/SmallvsSemi-medium,AgCensus2015-16,T2-4,Punjab,All,number,SmallvsSemi-medium,landholding,small holdings,semi-medium holdings,1,0,0,1,diff,b,,,,percent,SYNTHETIC,30.81,41.65,smoke-test fabrication; not a census value,SYNTHETIC_SMOKE_VALUE,,,,,
AgCensus2015-16 T2-4 Punjab/Large/number/SCvsOthers,AgCensus2015-16,T2-4,Punjab,Large,number,SCvsOthers,social_group,Scheduled Castes,Other social groups,1,1,0,0,diff,b,,,,percent,SYNTHETIC,5.06,27.35,smoke-test fabrication; not a census value,SYNTHETIC_SMOKE_VALUE,,,,,
AgCensus2015-16 T2-4 Punjab/Large/number/STvsOthers,AgCensus2015-16,T2-4,Punjab,Large,number,STvsOthers,social_group,Scheduled Tribes,Other social groups,1,1,0,0,diff,b,,,,percent,SYNTHETIC,8.82,27.28,smoke-test fabrication; not a census value,SYNTHETIC_SMOKE_VALUE,,,,,
AgCensus2015-16 T2-4 Punjab/Marginal/number/SCvsOthers,AgCensus2015-16,T2-4,Punjab,Marginal,number,SCvsOthers,social_group,Scheduled Castes,Other social groups,1,0,0,1,diff,b,,,,percent,SYNTHETIC,11.53,24.5,smoke-test fabrication; not a census value,SYNTHETIC_SMOKE_VALUE,,,,,
AgCensus2015-16 T2-4 Punjab/Marginal/number/SCvsST,AgCensus2015-16,T2-4,Punjab,Marginal,number,SCvsST,social_group,Scheduled Castes,Scheduled Tribes,1,1,0,0,diff,a,,,,percent,SYNTHETIC,35.63,19.86,smoke-test fabrication; not a census value,SYNTHETIC_SMOKE_VALUE,,,,,
AgCensus2015-16 T2-4 Punjab/Marginal/number/STvsOthers,AgCensus2015-16,T2-4,Punjab,Marginal,number,STvsOthers,social_group,Scheduled Tribes,Other social groups,1,1,0,0,diff,b,,,,percent,SYNTHETIC,18.65,32.56,smoke-test fabrication; not a census value,SYNTHETIC_SMOKE_VALUE,,,,,
AgCensus2015-16 T2-4 Punjab/Medium/number/SCvsOthers,AgCensus2015-16,T2-4,Punjab,Medium,number,SCvsOthers,social_group,Scheduled Castes,Other social groups,1,1,0,0,diff,b,,,,percent,SYNTHETIC,6.09,23.53,smoke-test fabrication; not a census value,SYNTHETIC_SMOKE_VALUE,,,,,
AgCensus2015-16 T2-4 Punjab/Medium/number/STvsOthers,AgCensus2015-16,T2-4,Punjab,Medium,number,STvsOthers,social_group,Scheduled Tribes,Other social groups,1,0,0,1,diff,b,,,,percent,SYNTHETIC,14.92,32.43,smoke-test fabrication; not a census value,SYNTHETIC_SMOKE_VALUE,,,,,
AgCensus2015-16 T2-4 Punjab/SC/area/MarginalvsSmall,AgCensus2015-16,T2-4,Punjab,SC,area,MarginalvsSmall,landholding,marginal operated area,small operated area,1,1,0,0,equal,c,,,,percent,SYNTHETIC,19.05,22.95,smoke-test fabrication; not a census value,SYNTHETIC_SMOKE_VALUE,,,,,
AgCensus2015-16 T2-4 Punjab/SC/area/SmallvsLarge,AgCensus2015-16,T2-4,Punjab,SC,area,SmallvsLarge,landholding,small operated area,large operated area,2,0,0,2,equal,c,,,,percent,SYNTHETIC,14.57,16.58,smoke-test fabrication; not a census value,SYNTHETIC_SMOKE_VALUE,,,,,
AgCensus2015-16 T2-4 Punjab/SC/number/MarginalvsLarge,AgCensus2015-16,T2-4,Punjab,SC,number,MarginalvsLarge,landholding,marginal holdings,large holdings,1,1,0,0,diff,a,,,,percent,SYNTHETIC,33.06,13.76,smoke-test fabrication; not a census value,SYNTHETIC_SMOKE_VALUE,,,,,
AgCensus2015-16 T2-4 Punjab/SC/number/MarginalvsMedium,AgCensus2015-16,T2-4,Punjab,SC,number,MarginalvsMedium,landholding,marginal holdings,medium holdings,1,0,0,1,diff,a,,,,percent,SYNTHETIC,33.88,14.53,smoke-test fabrication; not a census value,SYNTHETIC_SMOKE_VALUE,,,,,
AgCensus2015-16 T2-4 Punjab/SC/number/MarginalvsSemi-medium,AgCensus2015-16,T2-4,Punjab,SC,number,MarginalvsSemi-medium,landholding,marginal holdings,semi-medium holdings,1,0,0,1,diff,a,,,,percent,SYNTHETIC,46.91,28.39,smoke-test fabrication; not a census value,SYNTHETIC_SMOKE_VALUE,,,,,
AgCensus2015-16 T2-4 Punjab/SC/number/MediumvsLarge,AgCensus2015-16,T2-4,Punjab,SC,number,MediumvsLarge,landholding,medium holdings,large holdings,1,1,0,0,diff,a,,,,percent,SYNTHETIC,54.85,33.07,smoke-test fabrication; not a census value,SYNTHETIC_SMOKE_VALUE,,,,,
AgCensus2015-16 T2-4 Punjab/SC/number/Semi-mediumvsLarge,AgCensus2015-16,T2-4,Punjab,SC,number,Semi-mediumvsLarge,landholding,semi-medium holdings,large holdings,1,0,0,1,diff,a,,,,percent,SYNTHETIC,37.49,13.13,smoke-test fabrication; not a census value,SYNTHETIC_SMOKE_VALUE,,,,,
AgCensus2015-16 T2-4 Punjab/SC/number/Semi-mediumvsMedium,AgCensus2015-16,T2-4,Punjab,SC,number,Semi-mediumvsMedium,landholding,semi-medium holdings,medium holdings,1,0,0,1,diff,a,,,,percent,SYNTHETIC,50.88,27.11,smoke-test fabrication; not a census value,SYNTHETIC_SMOKE_VALUE,,,,,
AgCensus2015-16 T2-4 Punjab/SC/number/SmallvsLarge,AgCensus2015-16,T2-4,Punjab,SC,number,SmallvsLarge,landholding,small holdings,large holdings,1,1,0,0,diff,a,,,,percent,SYNTHETIC,39.4,21.46,smoke-test fabrication; not a census value,SYNTHETIC_SMOKE_VALUE,,,,,
AgCensus2015-16 T2-4 Punjab/SC/number/SmallvsSemi-medium,AgCensus2015-16,T2-4,Punjab,SC,number,SmallvsSemi-medium,landholding,small holdings,semi-medium holdings,4,0,0,4,equal,c,,,,percent,SYNTHETIC,21.34,25.61,smoke-test fabrication; not a census value,SYNTHETIC_SMOKE_VALUE,,,,,
AgCensus2015-16 T2-4 Punjab/Semi-medium/number/SCvsOthers,AgCensus2015-16,T2-4,Punjab,Semi-medium,number,SCvsOthers,social_group,Scheduled Castes,Other social groups,1,1,0,0,diff,b,,,,percent,SYNTHETIC,14.16,25.84,smoke-test fabrication; not a census value,SYNTHETIC_SMOKE_VALUE,,,,,
AgCensus2015-16 T2-4 Punjab/Semi-medium/number/STvsOthers,AgCensus2015-16,T2-4,Punjab,Semi-medium,number,STvsOthers,social_group,Scheduled Tribes,Other social groups,1,1,0,0,diff,b,,,,percent,SYNTHETIC,30.23,41.19,smoke-test fabrication; not a census value,SYNTHETIC_SMOKE_VALUE,,,,,
AgCensus2015-16 T2-4 Punjab/Small/number/SCvsOthers,AgCensus2015-16,T2-4,Punjab,Small,number,SCvsOthers,social_group,Scheduled Castes,Other social groups,1,0,0,1,diff,b,,,,percent,SYNTHETIC,5.3,21.11,smoke-test fabrication; not a census value,SYNTHETIC_SMOKE_VALUE,,,,,
AgCensus2015-16 T2-4 Punjab/Small/number/STvsOthers,AgCensus2015-16,T2-4,Punjab,Small,number,STvsOthers,social_group,Scheduled Tribes,Other social groups,1,1,0,0,diff,b,,,,percent,SYNTHETIC,30.28,43.16,smoke-test fabrication; not a census value,SYNTHETIC_SMOKE_VALUE,,,,,
AgCensus2015-16 T2-4 Rajasthan/All Classes/area/SCvsST,AgCensus2015-16,T2-4,Rajasthan,All Classes,area,SCvsST,social_group,Scheduled Castes,Scheduled Tribes,8,8,0,0,equal,c,,,,percent,SYNTHETIC,23.74,25.68,smoke-test fabrication; not a census value,SYNTHETIC_SMOKE_VALUE,,,,,
AgCensus2015-16 T2-4 Rajasthan/All Classes/number/SCvsOthers,AgCensus2015-16,T2-4,Rajasthan,All Classes,number,SCvsOthers,social_group,Scheduled Castes,Other social groups,1,1,0,0,diff,b,,,,percent,SYNTHETIC,8.32,21.23,smoke-test fabrication; not a census value,SYNTHETIC_SMOKE_VALUE,,,,,
AgCensus2015-16 T2-4 Rajasthan/All Classes/number/SCvsST,AgCensus2015-16,T2-4,Rajasthan,All Classes,number,SCvsST,social_group,Scheduled Castes,Scheduled Tribes,8,8,0,0,equal,c,,,,percent,SYNTHETIC,32.46,34.72,smoke-test fabrication; not a census value,SYNTHETIC_SMOKE_VALUE,,,,,
AgCensus2015-16 T2-4 Rajasthan/All Classes/number/STvsOthers,AgCensus2015-16,T2-4,Rajasthan,All Classes,number,STvsOthers,social_group,Scheduled Tribes,Other social groups,1,1,0,0,diff,b,,,,percent,SYNTHETIC,15.28,30.83,smoke-test fabrication; not a census value,SYNTHETIC_SMOKE_VALUE,,,,,
AgCensus2015-16 T2-4 Rajasthan/All/area/MarginalvsSmall,AgCensus2015-16,T2-4,Rajasthan,All,area,MarginalvsSmall,landholding,marginal operated area,small operated area,3,3,0,0,equal,c,,,,percent,SYNTHETIC,30.77,31.52,smoke-test fabrication; not a census value,SYNTHETIC_SMOKE_VALUE,,,,,
AgCensus2015-16 T2-4 Rajasthan/All/area/MediumvsLarge,AgCensus2015-16,T2-4,Rajasthan,All,area,MediumvsLarge,landholding,medium operated area,large operated area,3,3,0,0,equal,c,,,,percent,SYNTHETIC,6.69,11.08,smoke-test fabrication; not a census value,SYNTHETIC_SMOKE_VALUE,,,,,
AgCensus2015-16 T2-4 Rajasthan/All/number/MarginalvsLarge,AgCensus2015-16,T2-4,Rajasthan,All,number,MarginalvsLarge,landholding,marginal holdings,large holdings,1,0,1,0,diff,a,,,,percent,SYNTHETIC,29.56,13.7,smoke-test fabrication; not a census value,SYNTHETIC_SMOKE_VALUE,,,,,
AgCensus2015-16 T2-4 Rajasthan/All/number/MarginalvsMedium,AgCensus2015-16,T2-4,Rajasthan,All,number,MarginalvsMedium,landholding,marginal holdings,medium holdings,1,1,0,0,diff,a,,,,percent,SYNTHETIC,41.89,22.07,smoke-test fabrication; not a census value,SYNTHETIC_SMOKE_VALUE,,,,,
AgCensus2015-16 T2-4 Rajasthan/All/number/MarginalvsSemi-medium,AgCensus2015-16,T2-4,Rajasthan,All,number,MarginalvsSemi-medium,landholding,marginal holdings,semi-medium holdings,1,0,0,1,diff,a,,,,percent,SYNTHETIC,29.45,16.82,smoke-test fabrication; not a census value,SYNTHETIC_SMOKE_VALUE,,,,,
AgCensus2015-16 T2-4 Rajasthan/All/number/MarginalvsSmall,AgCensus2015-16,T2-4,Rajasthan,All,number,MarginalvsSmall,landholding,marginal holdings,small holdings,1,1,0,0,diff,a,,,,percent,SYNTHETIC,52.75,33.6,smoke-test fabrication; not a census value,SYNTHETIC_SMOKE_VALUE,,,,,
AgCensus2015-16 T2-4 Rajasthan/All/number/MediumvsLarge,AgCensus2015-16,T2-4,Rajasthan,All,number,MediumvsLarge,landholding,medium holdings,large holdings,1,0,0,1,diff,a,,,,percent,SYNTHETIC,29.27,13.49,smoke-test fabrication; not a census value,SYNTHETIC_SMOKE_VALUE,,,,,
AgCensus2015-16 T2-4 Rajasthan/All/number/Semi-mediumvsLarge,AgCensus2015-16,T2-4,Rajasthan,All,number,Semi-mediumvsLarge,landholding,semi-medium holdings,large holdings,1,0,0,1,diff,a,,,,percent,SYNTHETIC,40.25,28.66,smoke-test fabrication; not a census value,SYNTHETIC_SMOKE_VALUE,,,,,
AgCensus2015-16 T2-4 Rajasthan/All/number/Semi-mediumvsMedium,AgCensus2015-16,T2-4,Rajasthan,All,number,Semi-mediumvsMedium,landholding,semi-medium holdings,medium holdings,3,0,0,3,equal,c,,,,percent,SYNTHETIC,34.73,38.65,smoke-test fabrication; not a census value,SYNTHETIC_SMOKE_VALUE,,,,,
AgCensus2015-16 T2-4 Rajasthan/All/number/SmallvsSemi-medium,AgCensus2015-16,T2-4,Rajasthan,All,number,SmallvsSemi-medium,landholding,small holdings,semi-medium holdings,3,0,0,3,equal,c,,,,percent,SYNTHETIC,13.58,14.23,smoke-test fabrication; not a census value,SYNTHETIC_SMOKE_VALUE,,,,,
AgCensus2015-16 T2-4 Rajasthan/Large/number/SCvsOthers,AgCensus2015-16,T2-4,Rajasthan,Large,number,SCvsOthers,social_group,Scheduled Castes,Other social groups,1,1,0,0,diff,b,,,,percent,SYNTHETIC,32.06,55.89,smoke-test fabrication; not a census value,SYNTHETIC_SMOKE_VALUE,,,,,
AgCensus2015-16 T2-4 Rajasthan/Large/number/STvsOthers,AgCensus2015-16,T2-4,Rajasthan,Large,number,STvsOthers,social_group,Scheduled Tribes,Other social groups,1,1,0,0,diff,b,,,,percent,SYNTHETIC,18.51,29.03,smoke-test fabrication; not a census value,SYNTHETIC_SMOKE_VALUE,,,,,
AgCensus2015-16 T2-4 Rajasthan/Marginal/number/STvsOthers,AgCensus2015-16,T2-4,Rajasthan,Marginal,number,STvsOthers,social_group,Scheduled Tribes,Other social groups,1,1,0,0,diff,b,,,,percent,SYNTHETIC,20.7,42.57,smoke-test fabrication; not a census value,SYNTHETIC_SMOKE_VALUE,,,,,
AgCensus2015-16 T2-4 Rajasthan/Medium/number/SCvsOthers,AgCensus2015-16,T2-4,Rajasthan,Medium,number,SCvsOthers,social_group,Scheduled Castes,Other social groups,1,1,0,0,diff,b,,,,percent,SYNTHETIC,19.74,42.85,smoke-test fabrication; not a census value,SYNTHETIC_SMOKE_VALUE,,,,,
AgCensus2015-16 T2-4 Rajasthan/Medium/number/STvsOthers,AgCensus2015-16,T2-4,Rajasthan,Medium,number,STvsOthers,social_group,Scheduled Tribes,Other social groups,1,0,0,1,diff,b,,,,percent,SYNTHETIC,7.15,27.17,smoke-test fabrication; not a census value,SYNTHETIC_SMOKE_VALUE,,,,,
AgCensus2015-16 T2-4 Rajasthan/SC/area/MarginalvsSmall,AgCensus2015-16,T2-4,Rajasthan,SC,area,MarginalvsSmall,landholding,marginal operated area,small operated area,4,4,0,0,equal,c,,,,percent,SYNTHETIC,20.39,21.08,smoke-test fabrication; not a census value,SYNTHETIC_SMOKE_VALUE,,,,,
AgCensus2015-16 T2-4 Rajasthan/SC/area/Semi-mediumvsLarge,AgCensus2015-16,T2-4,Rajasthan,SC,area,Semi-mediumvsLarge,landholding,semi-medium operated area,large operated area,4,4,0,0,equal,c,,,,percent,SYNTHETIC,17.71,19.27,smoke-test fabrication; not a census value,SYNTHETIC_SMOKE_VALUE,,,,,
AgCensus2015-16 T2-4 Rajasthan/SC/number/MarginalvsLarge,AgCensus2015-16,T2-4,Rajasthan,SC,number,MarginalvsLarge,landholding,marginal holdings,large holdings,1,0,0,1,diff,a,,,,percent,SYNTHETIC,31.52,16.43,smoke-test fabrication; not a census value,SYNTHETIC_SMOKE_VALUE,,,,,
AgCensus2015-16 T2-4 Rajasthan/SC/number/MarginalvsMedium,AgCensus2015-16,T2-4,Rajasthan,SC,number,MarginalvsMedium,landholding,marginal holdings,medium holdings,1,0,0,1,diff,a,,,,percent,SYNTHETIC,34.22,10.8,smoke-test fabrication; not a census value,SYNTHETIC_SMOKE_VALUE,,,,,
AgCensus2015-16 T2-4 Rajasthan/SC/number/MarginalvsSemi-medium,AgCensus2015-16,T2-4,Rajasthan,SC,number,MarginalvsSemi-medium,landholding,marginal holdings,semi-medium holdings,1,0,0,1,diff,a,,,,percent,SYNTHETIC,51.64,27.48,smoke-test fabrication; not a census value,SYNTHETIC_SMOKE_VALUE,,,,,
AgCensus2015-16 T2-4 Rajasthan/SC/number/Semi-mediumvsMedium,AgCensus2015-16,T2-4,Rajasthan,SC,number,Semi-mediumvsMedium,landholding,semi-medium holdings,medium holdings,2,0,0,2,equal,c,,,,percent,SYNTHETIC,34.52,36.57,smoke-test fabrication; not a census value,SYNTHETIC_SMOKE_VALUE,,,,,
AgCensus2015-16 T2-4 Rajasthan/SC/number/SmallvsLarge,AgCensus2015-16,T2-4,Rajasthan,SC,number,SmallvsLarge,landholding,small holdings,large holdings,1,1,0,0,diff,a,,,,percent,SYNTHETIC,42.43,25.78,smoke-test fabrication; not a census value,SYNTHETIC_SMOKE_VALUE,,,,,
AgCensus2015-16 T2-4 Rajasthan/SC/number/SmallvsMedium,AgCensus2015-16,T2-4,Rajasthan,SC,number,SmallvsMedium,landholding,small holdings,medium holdings,1,1,0,0,diff,a,,,,percent,SYNTHETIC,43.83,30.37,smoke-test fabrication; not a census value,SYNTHETIC_SMOKE_VALUE,,,,,
AgCensus2015-16 T2-4 Rajasthan/ST/area/MarginalvsSmall,AgCensus2015-16,T2-4,Rajasthan,ST,area,MarginalvsSmall,landholding,marginal operated area,small operated area,1,1,0,0,equal,c,,,,percent,SYNTHETIC,33.99,35.7,smoke-test fabrication; not a census value,SYNTHETIC_SMOKE_VALUE,,,,,
AgCensus2015-16 T2-4 Rajasthan/ST/area/SmallvsMedium,AgCensus2015-16,T2-4,Rajasthan,ST,area,SmallvsMedium,landholding,small operated area,medium operated area,1,1,0,0,equal,c,,,,percent,SYNTHETIC,7.86,12.47,smoke-test fabrication; not a census value,SYNTHETIC_SMOKE_VALUE,,,,,
AgCensus2015-16 T2-4 Rajasthan/ST/area/SmallvsSemi-medium,AgCensus2015-16,T2-4,Rajasthan,ST,area,SmallvsSemi-medium,landholding,small operated area,semi-medium operated area,1,1,0,0,equal,c,,,,percent,SYNTHETIC,19.49,22.1,smoke-test fabrication; not a census value,SYNTHETIC_SMOKE_VALUE,,,,,
AgCensus2015-16 T2-4 Rajasthan/ST/number/MarginalvsMedium,AgCensus2015-16,T2-4,Rajasthan,ST,number,MarginalvsMedium,landholding,marginal holdings,medium holdings,1,1,0,0,diff,a,,,,percent,SYNTHETIC,40.23,20.03,smoke-test fabrication; not a census value,SYNTHETIC_SMOKE_VALUE,,,,,
AgCensus2015-16 T2-4 Rajasthan/ST/number/MarginalvsSemi-medium,AgCensus2015-16,T2-4,Rajasthan,ST,number,MarginalvsSemi-medium,landholding,marginal holdings,semi-medium holdings,1,1,0,0,diff,a,,,,percent,SYNTHETIC,47.39,29.93,smoke-test fabrication; not a census value,SYNTHETIC_SMOKE_VALUE,,,,,
AgCensus2015-16 T2-4 Rajasthan/ST/number/MarginalvsSmall,AgCensus2015-16,T2-4,Rajasthan,ST,number,MarginalvsSmall,landholding,marginal holdings,small holdings,1,1,0,0,diff,a,,,,percent,SYNTHETIC,47.58,24.41,smoke-test fabrication; not a census value,SYNTHETIC_SMOKE_VALUE,,,,,
AgCensus2015-16 T2-4 Rajasthan/ST/number/Semi-mediumvsLarge,AgCensus2015-16,T2-4,Rajasthan,ST,number,Semi-mediumvsLarge,landholding,semi-medium holdings,large holdings,1,1,0,0,diff,a,,,,percent,SYNTHETIC,31.7,19.87,smoke-test fabrication; not a census value,SYNTHETIC_SMOKE_VALUE,,,,,
AgCensus2015-16 T2-4 Rajasthan/ST/number/SmallvsLarge,AgCensus2015-16,T2-4,Rajasthan,ST,number,SmallvsLarge,landholding,small holdings,large holdings,1,0,0,1,diff,a,,,,percent,SYNTHETIC,39.48,20.44,smoke-test fabrication; not a census value,SYNTHETIC_SMOKE_VALUE,,,,,
AgCensus2015-16 T2-4 Rajasthan/Semi-medium/area/SCvsST,AgCensus2015-16,T2-4,Rajasthan,Semi-medium,area,SCvsST,social_group,Scheduled Castes,Scheduled Tribes,8,0,0,8,equal,c,,,,percent,SYNTHETIC,24.9,28.0,smoke-test fabrication; not a census value,SYNTHETIC_SMOKE_VALUE,,,,,
AgCensus2015-16 T2-4 Rajasthan/Semi-medium/number/SCvsOthers,AgCensus2015-16,T2-4,Rajasthan,Semi-medium,number,SCvsOthers,social_group,Scheduled Castes,Other social groups,1,1,0,0,diff,b,,,,percent,SYNTHETIC,10.63,35.63,smoke-test fabrication; not a census value,SYNTHETIC_SMOKE_VALUE,,,,,
AgCensus2015-16 T2-4 Rajasthan/Semi-medium/number/SCvsST,AgCensus2015-16,T2-4,Rajasthan,Semi-medium,number,SCvsST,social_group,Scheduled Castes,Scheduled Tribes,8,0,0,8,equal,c,,,,percent,SYNTHETIC,33.45,34.0,smoke-test fabrication; not a census value,SYNTHETIC_SMOKE_VALUE,,,,,
AgCensus2015-16 T2-4 Rajasthan/Semi-medium/number/STvsOthers,AgCensus2015-16,T2-4,Rajasthan,Semi-medium,number,STvsOthers,social_group,Scheduled Tribes,Other social groups,1,0,1,0,diff,b,,,,percent,SYNTHETIC,17.39,29.28,smoke-test fabrication; not a census value,SYNTHETIC_SMOKE_VALUE,,,,,
AgCensus2015-16 T2-4 Rajasthan/Small/area/SCvsST,AgCensus2015-16,T2-4,Rajasthan,Small,area,SCvsST,social_group,Scheduled Castes,Scheduled Tribes,8,0,0,8,equal,c,,,,percent,SYNTHETIC,28.82,31.66,smoke-test fabrication; not a census value,SYNTHETIC_SMOKE_VALUE,,,,,
AgCensus2015-16 T2-4 Rajasthan/Small/number/SCvsOthers,AgCensus2015-16,T2-4,Rajasthan,Small,number,SCvsOthers,social_group,Scheduled Castes,Other social groups,1,0,0,1,diff,b,,,,percent,SYNTHETIC,6.98,30.32,smoke-test fabrication; not a census value,SYNTHETIC_SMOKE_VALUE,,,,,
AgCensus2015-16 T2-4 Rajasthan/Small/number/SCvsST,AgCensus2015-16,T2-4,Rajasthan,Small,number,SCvsST,social_group,Scheduled Castes,Scheduled Tribes,7,7,0,0,equal,c,,,,percent,SYNTHETIC,11.82,12.02,smoke-test fabrication; not a census value,SYNTHETIC_SMOKE_VALUE,,,,,
AgCensus2015-16 T2-4 Rajasthan/Small/number/STvsOthers,AgCensus2015-16,T2-4,Rajasthan,Small,number,STvsOthers,social_group,Scheduled Tribes,Other social groups,1,0,0,1,diff,b,,,,percent,SYNTHETIC,14.82,31.66,smoke-test fabrication; not a census value,SYNTHETIC_SMOKE_VALUE,,,,,
AgCensus2015-16 T2-4 Sikkim/All Classes/number/SCvsOthers,AgCensus2015-16,T2-4,Sikkim,All Classes,number,SCvsOthers,social_group,Scheduled Castes,Other social groups,1,1,0,0,diff,b,,,,percent,SYNTHETIC,29.85,45.14,smoke-test fabrication; not a census value,SYNTHETIC_SMOKE_VALUE,,,,,
AgCensus2015-16 T2-4 Sikkim/All Classes/number/SCvsST,AgCensus2015-16,T2-4,Sikkim,All Classes,number,SCvsST,social_group,Scheduled Castes,Scheduled Tribes,1,1,0,0,diff,b,,,,percent,SYNTHETIC,6.01,25.83,smoke-test fabrication; not a census value,SYNTHETIC_SMOKE_VALUE,,,,,
AgCensus2015-16 T2-4 Sikkim/All/area/MarginalvsMedium,AgCensus2015-16,T2-4,Sikkim,All,area,MarginalvsMedium,landholding,marginal operated area,medium operated area,4,0,0,4,equal,c,,,,percent,SYNTHETIC,16.44,16.91,smoke-test fabrication; not a census value,SYNTHETIC_SMOKE_VALUE,,,,,
AgCensus2015-16 T2-4 Sikkim/All/area/MarginalvsSmall,AgCensus2015-16,T2-4,Sikkim,All,area,MarginalvsSmall,landholding,marginal operated area,small operated area,4,4,0,0,equal,c,,,,percent,SYNTHETIC,8.64,11.13,smoke-test fabrication; not a census value,SYNTHETIC_SMOKE_VALUE,,,,,
AgCensus2015-16 T2-4 Sikkim/All/area/SmallvsMedium,AgCensus2015-16,T2-4,Sikkim,All,area,SmallvsMedium,landholding,small operated area,medium operated area,4,0,0,4,equal,c,,,,percent,SYNTHETIC,25.87,30.08,smoke-test fabrication; not a census value,SYNTHETIC_SMOKE_VALUE,,,,,
AgCensus2015-16 T2-4 Sikkim/All/number/MarginalvsLarge,AgCensus2015-16,T2-4,Sikkim,All,number,MarginalvsLarge,landholding,marginal holdings,large holdings,1,1,0,0,diff,a,,,,percent,SYNTHETIC,34.83,22.36,smoke-test fabrication; not a census value,SYNTHETIC_SMOKE_VALUE,,,,,
AgCensus2015-16 T2-4 Sikkim/All/number/MarginalvsMedium,AgCensus2015-16,T2-4,Sikkim,All,number,MarginalvsMedium,landholding,marginal holdings,medium holdings,1,1,0,0,diff,a,,,,percent,SYNTHETIC,44.77,23.93,smoke-test fabrication; not a census value,SYNTHETIC_SMOKE_VALUE,,,,,
AgCensus2015-16 T2-4 Sikkim/All/number/MarginalvsSemi-medium,AgCensus2015-16,T2-4,Sikkim,All,number,MarginalvsSemi-medium,landholding,marginal holdings,semi-medium holdings,1,1,0,0,diff,a,,,,percent,SYNTHETIC,38.78,20.21,smoke-test fabrication; not a census value,SYNTHETIC_SMOKE_VALUE,,,,,
AgCensus2015-16 T2-4 Sikkim/All/number/MarginalvsSmall,AgCensus2015-16,T2-4,Sikkim,All,number,MarginalvsSmall,landholding,marginal holdings,small holdings,1,1,0,0,diff,a,,,,percent,SYNTHETIC,26.17,11.16,smoke-test fabrication; not a census value,SYNTHETIC_SMOKE_VALUE,,,,,
AgCensus2015-16 T2-4 Sikkim/All/number/Semi-mediumvsLarge,AgCensus2015-16,T2-4,Sikkim,All,number,Semi-mediumvsLarge,landholding,semi-medium holdings,large holdings,1,0,0,1,diff,a,,,,percent,SYNTHETIC,50.93,27.13,smoke-test fabrication; not a census value,SYNTHETIC_SMOKE_VALUE,,,,,
AgCensus2015-16 T2-4 Sikkim/All/number/SmallvsLarge,AgCensus2015-16,T2-4,Sikkim,All,number,SmallvsLarge,landholding,small holdings,large holdings,1,1,0,0,diff,a,,,,percent,SYNTHETIC,43.27,22.25,smoke-test fabrication; not a census value,SYNTHETIC_SMOKE_VALUE,,,,,
AgCensus2015-16 T2-4 Sikkim/All/number/SmallvsMedium,AgCensus2015-16,T2-4,Sikkim,All,number,SmallvsMedium,landholding,small holdings,medium holdings,1,1,0,0,diff,a,,,,percent,SYNTHETIC,28.91,11.77,smoke-test fabrication; not a census value,SYNTHETIC_SMOKE_VALUE,,,,,
AgCensus2015-16 T2-4 Sikkim/All/number/SmallvsSemi-medium,AgCensus2015-16,T2-4,Sikkim,All,number,SmallvsSemi-medium,landholding,small holdings,semi-medium holdings,2,0,0,2,equal,c,,,,percent,SYNTHETIC,6.61,10.9,smoke-test fabrication; not a census value,SYNTHETIC_SMOKE_VALUE,,,,,
AgCensus2015-16 T2-4 Sikkim/Marginal/number/SCvsOthers,AgCensus2015-16,T2-4,Sikkim,Marginal,number,SCvsOthers,social_group,Scheduled Castes,Other social groups,1,0,0,1,diff,b,,,,percent,SYNTHETIC,16.15,31.83,smoke-test fabrication; not a census value,SYNTHETIC_SMOKE_VALUE,,,,,
AgCensus2015-16 T2-4 Sikkim/Marginal/number/SCvsST,AgCensus2015-16,T2-4,Sikkim,Marginal,number,SCvsST,social_group,Scheduled Castes,Scheduled Tribes,1,0,1,0,diff,b,,,,percent,SYNTHETIC,23.93,45.46,smoke-test fabrication; not a census value,SYNTHETIC_SMOKE_VALUE,,,,,
AgCensus2015-16 T2-4 Sikkim/Marginal/number/STvsOthers,AgCensus2015-16,T2-4,Sikkim,Marginal,number,STvsOthers,social_group,Scheduled Tribes,Other social groups,1,1,0,0,diff,b,,,,percent,SYNTHETIC,11.28,26.6,smoke-test fabrication; not a census value,SYNTHETIC_SMOKE_VALUE,,,,,
AgCensus2015-16 T2-4 Sikkim/ST/area/MarginalvsSmall,AgCensus2015-16,T2-4,Sikkim,ST,area,MarginalvsSmall,landholding,marginal operated area,small operated area,1,1,0,0,equal,c,,,,percent,SYNTHETIC,24.42,27.63,smoke-test fabrication; not a census value,SYNTHETIC_SMOKE_VALUE,,,,,
AgCensus2015-16 T2-4 Sikkim/ST/number/MarginalvsLarge,AgCensus2015-16,T2-4,Sikkim,ST,number,MarginalvsLarge,landholding,marginal holdings,large holdings,1,0,0,1,diff,a,,,,percent,SYNTHETIC,43.18,28.32,smoke-test fabrication; not a census value,SYNTHETIC_SMOKE_VALUE,,,,,
AgCensus2015-16 T2-4 Sikkim/ST/number/MarginalvsSemi-medium,AgCensus2015-16,T2-4,Sikkim,ST,number,MarginalvsSemi-medium,landholding,marginal holdings,semi-medium holdings,1,1,0,0,diff,a,,,,percent,SYNTHETIC,32.9,16.65,smoke-test fabrication; not a census value,SYNTHETIC_SMOKE_VALUE,,,,,
AgCensus2015-16 T2-4 Sikkim/ST/number/Semi-mediumvsLarge,AgCensus2015-16,T2-4,Sikkim,ST,number,Semi-mediumvsLarge,landholding,semi-medium holdings,large holdings,1,1,0,0,diff,a,,,,percent,SYNTHETIC,27.82,17.38,smoke-test fabrication; not a census value,SYNTHETIC_SMOKE_VALUE,,,,,
AgCensus2015-16 T2-4 Sikkim/ST/number/Semi-mediumvsMedium,AgCensus2015-16,T2-4,Sikkim,ST,number,Semi-mediumvsMedium,landholding,semi-medium holdings,medium holdings,1,1,0,0,diff,a,,,,percent,SYNTHETIC,43.53,30.77,smoke-test fabrication; not a census value,SYNTHETIC_SMOKE_VALUE,,,,,
AgCensus2015-16 T2-4 Sikkim/ST/number/SmallvsLarge,AgCensus2015-16,T2-4,Sikkim,ST,number,SmallvsLarge,landholding,small holdings,large holdings,1,0,0,1,diff,a,,,,percent,SYNTHETIC,41.36,28.52,smoke-test fabrication; not a census value,SYNTHETIC_SMOKE_VALUE,,,,,
AgCensus2015-16 T2-4 Sikkim/ST/number/SmallvsMedium,AgCensus2015-16,T2-4,Sikkim,ST,number,SmallvsMedium,landholding,small holdings,medium holdings,1,1,0,0,diff,a,,,,percent,SYNTHETIC,49.84,31.46,smoke-test fabrication; not a census value,SYNTHETIC_SMOKE_VALUE,,,,,
AgCensus2015-16 T2-4 Sikkim/ST/number/SmallvsSemi-medium,AgCensus2015-16,T2-4,Sikkim,ST,number,SmallvsSemi-medium,landholding,small holdings,semi-medium holdings,3,3,0,0,equal,c,,,,percent,SYNTHETIC,29.24,30.74,smoke-test fabrication; not a census value,SYNTHETIC_SMOKE_VALUE,,,,,
AgCensus2015-16 T2-4 Tamil Nadu/All Classes/number/SCvsOthers,AgCensus2015-16,T2-4,Tamil Nadu,All Classes,number,SCvsOthers,social_group,Scheduled Castes,Other social groups,1,1,0,0,diff,b,,,,percent,SYNTHETIC,27.16,47.8,smoke-test fabrication; not a census value,SYNTHETIC_SMOKE_VALUE,,,,,
AgCensus2015-16 T2-4 Tamil Nadu/All Classes/number/STvsOthers,AgCensus2015-16,T2-4,Tamil Nadu,All Classes,number,STvsOthers,social_group,Scheduled Tribes,Other social groups,1,1,0,0,diff,b,,,,percent,SYNTHETIC,11.16,30.47,smoke-test fabrication; not a census value,SYNTHETIC_SMOKE_VALUE,,,,,
AgCensus2015-16 T2-4 Tamil Nadu/All/number/MarginalvsLarge,AgCensus2015-16,T2-4,Tamil Nadu,All,number,MarginalvsLarge,landholding,marginal holdings,large holdings,1,1,0,0,diff,a,,,,percent,SYNTHETIC,47.73,29.43,smoke-test fabrication; not a census value,SYNTHETIC_SMOKE_VALUE,,,,,
AgCensus2015-16 T2-4 Tamil Nadu/All/number/MarginalvsMedium,AgCensus2015-16,T2-4,Tamil Nadu,All,number,MarginalvsMedium,landholding,marginal holdings,medium holdings,1,0,0,1,diff,a,,,,percent,SYNTHETIC,27.91,10.55,smoke-test fabrication; not a census value,SYNTHETIC_SMOKE_VALUE,,,,,
AgCensus2015-16 T2-4 Tamil Nadu/All/number/MarginalvsSemi-medium,AgCensus2015-16,T2-4,Tamil Nadu,All,number,MarginalvsSemi-medium,landholding,marginal holdings,semi-medium holdings,1,1,0,0,diff,a,,,,percent,SYNTHETIC,47.71,26.95,smoke-test fabrication; not a census value,SYNTHETIC_SMOKE_VALUE,,,,,
AgCensus2015-16 T2-4 Tamil Nadu/All/number/MarginalvsSmall,AgCensus2015-16,T2-4,Tamil Nadu,All,number,MarginalvsSmall,landholding,marginal holdings,small holdings,1,1,0,0,diff,a,,,,percent,SYNTHETIC,33.53,15.63,smoke-test fabrication; not a census value,SYNTHETIC_SMOKE_VALUE,,,,,
AgCensus2015-16 T2-4 Tamil Nadu/All/number/Semi-mediumvsMedium,AgCensus2015-16,T2-4,Tamil Nadu,All,number,Semi-mediumvsMedium,landholding,semi-medium holdings,medium holdings,4,0,0,4,equal,c,,,,percent,SYNTHETIC,9.89,14.14,smoke-test fabrication; not a census value,SYNTHETIC_SMOKE_VALUE,,,,,
AgCensus2015-16 T2-4 Tamil Nadu/All/number/SmallvsLarge,AgCensus2015-16,T2-4,Tamil Nadu,All,number,SmallvsLarge,landholding,small holdings,large holdings,1,0,0,1,diff,a,,,,percent,SYNTHETIC,50.83,34.79,smoke-test fabrication; not a census value,SYNTHETIC_SMOKE_VALUE,,,,,
AgCensus2015-16 T2-4 Tamil Nadu/All/number/SmallvsMedium,AgCensus2015-16,T2-4,Tamil Nadu,All,number,SmallvsMedium,landholding,small holdings,medium holdings,1,1,0,0,diff,a,,,,percent,SYNTHETIC,42.26,27.84,smoke-test fabrication; not a census value,SYNTHETIC_SMOKE_VALUE,,,,,
AgCensus2015-16 T2-4 Tamil Nadu/Marginal/number/SCvsOthers,AgCensus2015-16,T2-4,Tamil Nadu,Marginal,number,SCvsOthers,social_group,Scheduled Castes,Other social groups,1,0,0,1,diff,b,,,,percent,SYNTHETIC,5.81,24.76,smoke-test fabrication; not a census value,SYNTHETIC_SMOKE_VALUE,,,,,
AgCensus2015-16 T2-4 Tamil Nadu/Marginal/number/STvsOthers,AgCensus2015-16,T2-4,Tamil Nadu,Marginal,number,STvsOthers,social_group,Scheduled Tribes,Other social groups,1,1,0,0,diff,b,,,,percent,SYNTHETIC,11.88,28.72,smoke-test fabrication; not a census value,SYNTHETIC_SMOKE_VALUE,,,,,
AgCensus2015-16 T2-4 Tamil Nadu/Medium/number/SCvsOthers,AgCensus2015-16,T2-4,Tamil Nadu,Medium,number,SCvsOthers,social_group,Scheduled Castes,Other social groups,1,1,0,0,diff,b,,,,percent,SYNTHETIC,26.95,40.1,smoke-test fabrication; not a census value,SYNTHETIC_SMOKE_VALUE,,,,,
AgCensus2015-16 T2-4 Tamil Nadu/Medium/number/STvsOthers,AgCensus2015-16,T2-4,Tamil Nadu,Medium,number,STvsOthers,social_group,Scheduled Tribes,Other social groups,1,0,0,1,diff,b,,,,percent,SYNTHETIC,27.55,49.66,smoke-test fabrication; not a census value,SYNTHETIC_SMOKE_VALUE,,,,,
AgCensus2015-16 T2-4 Tamil Nadu/SC/area/MediumvsLarge,AgCensus2015-16,T2-4,Tamil Nadu,SC,area,MediumvsLarge,landholding,medium operated area,large operated area,3,3,0,0,equal,c,,,,percent,SYNTHETIC,11.08,11.82,smoke-test fabrication; not a census value,SYNTHETIC_SMOKE_VALUE,,,,,
AgCensus2015-16 T2-4 Tamil Nadu/SC/number/MarginalvsLarge,AgCensus2015-16,T2-4,Tamil Nadu,SC,number,MarginalvsLarge,landholding,marginal holdings,large holdings,1,0,1,0,diff,a,,,,percent,SYNTHETIC,41.44,18.48,smoke-test fabrication; not a census value,SYNTHETIC_SMOKE_VALUE,,,,,
AgCensus2015-16 T2-4 Tamil Nadu/SC/number/MarginalvsMedium,AgCensus2015-16,T2-4,Tamil Nadu,SC,number,MarginalvsMedium,landholding,marginal holdings,medium holdings,1,0,0,1,diff,a,,,,percent,SYNTHETIC,15.51,5.25,smoke-test fabrication; not a census value,SYNTHETIC_SMOKE_VALUE,,,,,
AgCensus2015-16 T2-4 Tamil Nadu/SC/number/MarginalvsSemi-medium,AgCensus2015-16,T2-4,Tamil Nadu,SC,number,MarginalvsSemi-medium,landholding,marginal holdings,semi-medium holdings,1,0,0,1,diff,a,,,,percent,SYNTHETIC,32.2,20.93,smoke-test fabrication; not a census value,SYNTHETIC_SMOKE_VALUE,,,,,
AgCensus2015-16 T2-4 Tamil Nadu/SC/number/MarginalvsSmall,AgCensus2015-16,T2-4,Tamil Nadu,SC,number,MarginalvsSmall,landholding,marginal holdings,small holdings,1,1,0,0,diff,a,,,,percent,SYNTHETIC,20.1,9.95,smoke-test fabrication; not a census value,SYNTHETIC_SMOKE_VALUE,,,,,
AgCensus2015-16 T2-4 Tamil Nadu/SC/number/SmallvsLarge,AgCensus2015-16,T2-4,Tamil Nadu,SC,number,SmallvsLarge,landholding,small holdings,large holdings,1,1,0,0,diff,a,,,,percent,SYNTHETIC,44.09,29.11,smoke-test fabrication; not a census value,SYNTHETIC_SMOKE_VALUE,,,,,
AgCensus2015-16 T2-4 Tamil Nadu/SC/number/SmallvsMedium,AgCensus2015-16,T2-4,Tamil Nadu,SC,number,SmallvsMedium,landholding,small holdings,medium holdings,1,1,0,0,diff,a,,,,percent,SYNTHETIC,42.25,24.45,smoke-test fabrication; not a census value,SYNTHETIC_SMOKE_VALUE,,,,,
AgCensus2015-16 T2-4 Tamil Nadu/ST/area/MarginalvsSmall,AgCensus2015-16,T2-4,Tamil Nadu,ST,area,MarginalvsSmall,landholding,marginal operated area,small operated area,1,0,1,0,equal,c,,,,percent,SYNTHETIC,20.55,21.72,smoke-test fabrication; not a census value,SYNTHETIC_SMOKE_VALUE,,,,,
AgCensus2015-16 T2-4 Tamil Nadu/ST/number/MarginalvsLarge,AgCensus2015-16,T2-4,Tamil Nadu,ST,number,MarginalvsLarge,landholding,marginal holdings,large holdings,1,1,0,0,diff,a,,,,percent,SYNTHETIC,43.05,32.58,smoke-test fabrication; not a census value,SYNTHETIC_SMOKE_VALUE,,,,,
AgCensus2015-16 T2-4 Tamil Nadu/ST/number/MarginalvsMedium,AgCensus2015-16,T2-4,Tamil Nadu,ST,number,MarginalvsMedium,landholding,marginal holdings,medium holdings,1,1,0,0,diff,a,,,,percent,SYNTHETIC,24.83,6.12,smoke-test fabrication; not a census value,SYNTHETIC_SMOKE_VALUE,,,,,
AgCensus2015-16 T2-4 Tamil Nadu/ST/number/MarginalvsSemi-medium,AgCensus2015-16,T2-4,Tamil Nadu,ST,number,MarginalvsSemi-medium,landholding,marginal holdings,semi-medium holdings,1,1,0,0,diff,a,,,,percent,SYNTHETIC,40.78,18.6,smoke-test fabrication; not a census value,SYNTHETIC_SMOKE_VALUE,,,,,
AgCensus2015-16 T2-4 Tamil Nadu/ST/number/MarginalvsSmall,AgCensus2015-16,T2-4,Tamil Nadu,ST,number,MarginalvsSmall,landholding,marginal holdings,small holdings,1,0,0,1,diff,a,,,,percent,SYNTHETIC,33.5,8.6,smoke-test fabrication; not a census value,SYNTHETIC_SMOKE_VALUE,,,,,
AgCensus2015-16 T2-4 Tamil Nadu/ST/number/Semi-mediumvsMedium,AgCensus2015-16,T2-4,Tamil Nadu,ST,number,Semi-mediumvsMedium,landholding,semi-medium holdings,medium holdings,3,0,3,0,equal,c,,,,percent,SYNTHETIC,33.95,34.93,smoke-test fabrication; not a census value,SYNTHETIC_SMOKE_VALUE,,,,,
AgCensus2015-16 T2-4 Tamil Nadu/ST/number/SmallvsLarge,AgCensus2015-16,T2-4,Tamil Nadu,ST,number,SmallvsLarge,landholding,small holdings,large holdings,1,0,0,1,diff,a,,,,percent,SYNTHETIC,37.59,18.91,smoke-test fabrication; not a census value,SYNTHETIC_SMOKE_VALUE,,,,,
AgCensus2015-16 T2-4 Tamil Nadu/ST/number/SmallvsMedium,AgCensus2015-16,T2-4,Tamil Nadu,ST,number,SmallvsMedium,landholding,small holdings,medium holdings,1,0,1,0,diff,a,,,,percent,SYNTHETIC,32.52,20.71,smoke-test fabrication; not a census value,SYNTHETIC_SMOKE_VALUE,,,,,
AgCensus2015-16 T2-4 Tamil Nadu/ST/number/SmallvsSemi-medium,AgCensus2015-16,T2-4,Tamil Nadu,ST,number,SmallvsSemi-medium,landholding,small holdings,semi-medium holdings,1,1,0,0,diff,a,,,,percent,SYNTHETIC,47.74,22.81,smoke-test fabrication; not a census value,SYNTHETIC_SMOKE_VALUE,,,,,
AgCensus2015-16 T2-4 Tamil Nadu/Semi-medium/area/SCvsST,AgCensus2015-16,T2-4,Tamil Nadu,Semi-medium,area,SCvsST,social_group,Scheduled Castes,Scheduled Tribes,8,0,0,8,equal,c,,,,percent,SYNTHETIC,14.69,16.6,smoke-test fabrication; not a census value,SYNTHETIC_SMOKE_VALUE,,,,,
AgCensus2015-16 T2-4 Tamil Nadu/Semi-medium/number/SCvsOthers,AgCensus2015-16,T2-4,Tamil Nadu,Semi-medium,number,SCvsOthers,social_group,Scheduled Castes,Other social groups,1,1,0,0,diff,b,,,,percent,SYNTHETIC,34.1,45.05,smoke-test fabrication; not a census value,SYNTHETIC_SMOKE_VALUE,,,,,
AgCensus2015-16 T2-4 Tamil Nadu/Semi-medium/number/SCvsST,AgCensus2015-16,T2-4,Tamil Nadu,Semi-medium,number,SCvsST,social_group,Scheduled Castes,Scheduled Tribes,8,0,0,8,equal,c,,,,percent,SYNTHETIC,23.6,28.44,smoke-test fabrication; not a census value,SYNTHETIC_SMOKE_VALUE,,,,,
AgCensus2015-16 T2-4 Tamil Nadu/Semi-medium/number/STvsOthers,AgCensus2015-16,T2-4,Tamil Nadu,Semi-medium,number,STvsOthers,social_group,Scheduled Tribes,Other social groups,1,0,0,1,diff,b,,,,percent,SYNTHETIC,11.09,24.79,smoke-test fabrication; not a census value,SYNTHETIC_SMOKE_VALUE,,,,,
AgCensus2015-16 T2-4 Tamil Nadu/Small/number/SCvsOthers,AgCensus2015-16,T2-4,Tamil Nadu,Small,number,SCvsOthers,social_group,Scheduled Castes,Other social groups,1,0,0,1,diff,b,,,,percent,SYNTHETIC,14.42,36.53,smoke-test fabrication; not a census value,SYNTHETIC_SMOKE_VALUE,,,,,
AgCensus2015-16 T2-4 Tamil Nadu/Small/number/STvsOthers,AgCensus2015-16,T2-4,Tamil Nadu,Small,number,STvsOthers,social_group,Scheduled Tribes,Other social groups,1,0,1,0,diff,b,,,,percent,SYNTHETIC,30.6,54.7,smoke-test fabrication; not a census value,SYNTHETIC_SMOKE_VALUE,,,,,
AgCensus2015-16 T2-4 Telangana/All Classes/area/SCvsST,AgCensus2015-16,T2-4,Telangana,All Classes,area,SCvsST,social_group,Scheduled Castes,Scheduled Tribes,8,8,0,0,equal,c,,,,percent,SYNTHETIC,23.46,24.55,smoke-test fabrication; not a census value,SYNTHETIC_SMOKE_VALUE,,,,,
AgCensus2015-16 T2-4 Telangana/All Classes/number/SCvsOthers,AgCensus2015-16,T2-4,Telangana,All Classes,number,SCvsOthers,social_group,Scheduled Castes,Other social groups,1,1,0,0,diff,b,,,,percent,SYNTHETIC,7.31,20.4,smoke-test fabrication; not a census value,SYNTHETIC_SMOKE_VALUE,,,,,
AgCensus2015-16 T2-4 Telangana/All Classes/number/SCvsST,AgCensus2015-16,T2-4,Telangana,All Classes,number,SCvsST,social_group,Scheduled Castes,Scheduled Tribes,8,8,0,0,equal,c,,,,percent,SYNTHETIC,27.98,32.02,smoke-test fabrication; not a census value,SYNTHETIC_SMOKE_VALUE,,,,,
AgCensus2015-16 T2-4 Telangana/All Classes/number/STvsOthers,AgCensus2015-16,T2-4,Telangana,All Classes,number,STvsOthers,social_group,Scheduled Tribes,Other social groups,1,1,0,0,diff,b,,,,percent,SYNTHETIC,17.58,41.32,smoke-test fabrication; not a census value,SYNTHETIC_SMOKE_VALUE,,,,,
AgCensus2015-16 T2-4 Telangana/All/area/MarginalvsSemi-medium,AgCensus2015-16,T2-4,Telangana,All,area,MarginalvsSemi-medium,landholding,marginal operated area,semi-medium operated area,2,2,0,0,equal,c,,,,percent,SYNTHETIC,24.52,28.66,smoke-test fabrication; not a census value,SYNTHETIC_SMOKE_VALUE,,,,,
AgCensus2015-16 T2-4 Telangana/All/area/MarginalvsSmall,AgCensus2015-16,T2-4,Telangana,All,area,MarginalvsSmall,landholding,marginal operated area,small operated area,4,0,0,4,equal,c,,,,percent,SYNTHETIC,25.78,30.49,smoke-test fabrication; not a census value,SYNTHETIC_SMOKE_VALUE,,,,,
AgCensus2015-16 T2-4 Telangana/All/number/MarginalvsLarge,AgCensus2015-16,T2-4,Telangana,All,number,MarginalvsLarge,landholding,marginal holdings,large holdings,1,0,1,0,diff,a,,,,percent,SYNTHETIC,38.67,21.39,smoke-test fabrication; not a census value,SYNTHETIC_SMOKE_VALUE,,,,,
AgCensus2015-16 T2-4 Telangana/All/number/MarginalvsMedium,AgCensus2015-16,T2-4,Telangana,All,number,MarginalvsMedium,landholding,marginal holdings,medium holdings,1,1,0,0,diff,a,,,,percent,SYNTHETIC,33.79,14.93,smoke-test fabrication; not a census value,SYNTHETIC_SMOKE_VALUE,,,,,
AgCensus2015-16 T2-4 Telangana/All/number/MarginalvsSemi-medium,AgCensus2015-16,T2-4,Telangana,All,number,MarginalvsSemi-medium,landholding,marginal holdings,semi-medium holdings,1,1,0,0,diff,a,,,,percent,SYNTHETIC,37.14,18.6,smoke-test fabrication; not a census value,SYNTHETIC_SMOKE_VALUE,,,,,
AgCensus2015-16 T2-4 Telangana/All/number/MarginalvsSmall,AgCensus2015-16,T2-4,Telangana,All,number,MarginalvsSmall,landholding,marginal holdings,small holdings,1,1,0,0,diff,a,,,,percent,SYNTHETIC,48.07,28.99,smoke-test fabrication; not a census value,SYNTHETIC_SMOKE_VALUE,,,,,
AgCensus2015-16 T2-4 Telangana/All/number/SmallvsLarge,AgCensus2015-16,T2-4,Telangana,All,number,SmallvsLarge,landholding,small holdings,large holdings,1,0,0,1,diff,a,,,,percent,SYNTHETIC,25.23,8.2,smoke-test fabrication; not a census value,SYNTHETIC_SMOKE_VALUE,,,,,
AgCensus2015-16 T2-4 Telangana/All/number/SmallvsMedium,AgCensus2015-16,T2-4,Telangana,All,number,SmallvsMedium,landholding,small holdings,medium holdings,1,1,0,0,diff,a,,,,percent,SYNTHETIC,44.02,30.15,smoke-test fabrication; not a census value,SYNTHETIC_SMOKE_VALUE,,,,,
AgCensus2015-16 T2-4 Telangana/All/number/SmallvsSemi-medium,AgCensus2015-16,T2-4,Telangana,All,number,SmallvsSemi-medium,landholding,small holdings,semi-medium holdings,1,0,0,1,diff,a,,,,percent,SYNTHETIC,29.07,10.2,smoke-test fabrication; not a census value,SYNTHETIC_SMOKE_VALUE,,,,,
AgCensus2015-16 T2-4 Telangana/Large/area/SCvsST,AgCensus2015-16,T2-4,Telangana,Large,area,SCvsST,social_group,Scheduled Castes,Scheduled Tribes,8,8,0,0,equal,c,,,,percent,SYNTHETIC,23.79,28.22,smoke-test fabrication; not a census value,SYNTHETIC_SMOKE_VALUE,,,,,
AgCensus2015-16 T2-4 Telangana/Marginal/area/SCvsST,AgCensus2015-16,T2-4,Telangana,Marginal,area,SCvsST,social_group,Scheduled Castes,Scheduled Tribes,7,7,0,0,equal,c,,,,percent,SYNTHETIC,13.07,16.13,smoke-test fabrication; not a census value,SYNTHETIC_SMOKE_VALUE,,,,,
AgCensus2015-16 T2-4 Telangana/Marginal/number/SCvsOthers,AgCensus2015-16,T2-4,Telangana,Marginal,number,SCvsOthers,social_group,Scheduled Castes,Other social groups,1,0,0,1,diff,b,,,,percent,SYNTHETIC,7.16,31.78,smoke-test fabrication; not a census value,SYNTHETIC_SMOKE_VALUE,,,,,
AgCensus2015-16 T2-4 Telangana/Marginal/number/SCvsST,AgCensus2015-16,T2-4,Telangana,Marginal,number,SCvsST,social_group,Scheduled Castes,Scheduled Tribes,8,0,0,8,equal,c,,,,percent,SYNTHETIC,30.6,31.5,smoke-test fabrication; not a census value,SYNTHETIC_SMOKE_VALUE,,,,,
AgCensus2015-16 T2-4 Telangana/Marginal/number/STvsOthers,AgCensus2015-16,T2-4,Telangana,Marginal,number,STvsOthers,social_group,Scheduled Tribes,Other social groups,1,0,0,1,diff,b,,,,percent,SYNTHETIC,22.2,40.19,smoke-test fabrication; not a census value,SYNTHETIC_SMOKE_VALUE,,,,,
AgCensus2015-16 T2-4 Telangana/Medium/number/SCvsOthers,AgCensus2015-16,T2-4,Telangana,Medium,number,SCvsOthers,social_group,Scheduled Castes,Other social groups,1,1,0,0,diff,b,,,,percent,SYNTHETIC,29.38,51.49,smoke-test fabrication; not a census value,SYNTHETIC_SMOKE_VALUE,,,,,
AgCensus2015-16 T2-4 Telangana/Medium/number/STvsOthers,AgCensus2015-16,T2-4,Telangana,Medium,number,STvsOthers,social_group,Scheduled Tribes,Other social groups,1,0,0,1,diff,b,,,,percent,SYNTHETIC,34.13,53.66,smoke-test fabrication; not a census value,SYNTHETIC_SMOKE_VALUE,,,,,
AgCensus2015-16 T2-4 Telangana/SC/number/MarginalvsLarge,AgCensus2015-16,T2-4,Telangana,SC,number,MarginalvsLarge,landholding,marginal holdings,large holdings,1,1,0,0,diff,a,,,,percent,SYNTHETIC,21.96,5.84,smoke-test fabrication; not a census value,SYNTHETIC_SMOKE_VALUE,,,,,
AgCensus2015-16 T2-4 Telangana/SC/number/MarginalvsMedium,AgCensus2015-16,T2-4,Telangana,SC,number,MarginalvsMedium,landholding,marginal holdings,medium holdings,1,0,0,1,diff,a,,,,percent,SYNTHETIC,40.83,22.89,smoke-test fabrication; not a census value,SYNTHETIC_SMOKE_VALUE,,,,,
AgCensus2015-16 T2-4 Telangana/SC/number/MarginalvsSemi-medium,AgCensus2015-16,T2-4,Telangana,SC,number,MarginalvsSemi-medium,landholding,marginal holdings,semi-medium holdings,1,0,0,1,diff,a,,,,percent,SYNTHETIC,49.96,26.18,smoke-test fabrication; not a census value,SYNTHETIC_SMOKE_VALUE,,,,,
AgCensus2015-16 T2-4 Telangana/SC/number/MarginalvsSmall,AgCensus2015-16,T2-4,Telangana,SC,number,MarginalvsSmall,landholding,marginal holdings,small holdings,1,1,0,0,diff,a,,,,percent,SYNTHETIC,47.62,34.49,smoke-test fabrication; not a census value,SYNTHETIC_SMOKE_VALUE,,,,,
AgCensus2015-16 T2-4 Telangana/SC/number/Semi-mediumvsMedium,AgCensus2015-16,T2-4,Telangana,SC,number,Semi-mediumvsMedium,landholding,semi-medium holdings,medium holdings,2,0,0,2,equal,c,,,,percent,SYNTHETIC,9.87,12.09,smoke-test fabrication; not a census value,SYNTHETIC_SMOKE_VALUE,,,,,
AgCensus2015-16 T2-4 Telangana/SC/number/SmallvsMedium,AgCensus2015-16,T2-4,Telangana,SC,number,SmallvsMedium,landholding,small holdings,medium holdings,1,1,0,0,diff,a,,,,percent,SYNTHETIC,37.55,27.26,smoke-test fabrication; not a census value,SYNTHETIC_SMOKE_VALUE,,,,,
AgCensus2015-16 T2-4 Telangana/SC/number/SmallvsSemi-medium,AgCensus2015-16,T2-4,Telangana,SC,number,SmallvsSemi-medium,landholding,small holdings,semi-medium holdings,1,1,0,0,diff,a,,,,percent,SYNTHETIC,54.78,30.09,smoke-test fabrication; not a census value,SYNTHETIC_SMOKE_VALUE,,,,,
AgCensus2015-16 T2-4 Telangana/ST/area/MarginalvsSemi-medium,AgCensus2015-16,T2-4,Telangana,ST,area,MarginalvsSemi-medium,landholding,marginal operated area,semi-medium operated area,1,0,0,1,equal,c,,,,percent,SYNTHETIC,26.91,30.68,smoke-test fabrication; not a census value,SYNTHETIC_SMOKE_VALUE,,,,,
AgCensus2015-16 T2-4 Telangana/ST/number/MarginalvsLarge,AgCensus2015-16,T2-4,Telangana,ST,number,MarginalvsLarge,landholding,marginal holdings,large holdings,1,0,0,1,diff,a,,,,percent,SYNTHETIC,39.23,14.64,smoke-test fabrication; not a census value,SYNTHETIC_SMOKE_VALUE,,,,,
AgCensus2015-16 T2-4 Telangana/ST/number/MarginalvsMedium,AgCensus2015-16,T2-4,Telangana,ST,number,MarginalvsMedium,landholding,marginal holdings,medium holdings,1,0,0,1,diff,a,,,,percent,SYNTHETIC,32.0,15.58,smoke-test fabrication; not a census value,SYNTHETIC_SMOKE_VALUE,,,,,
AgCensus2015-16 T2-4 Telangana/ST/number/MarginalvsSemi-medium,AgCensus2015-16,T2-4,Telangana,ST,number,MarginalvsSemi-medium,landholding,marginal holdings,semi-medium holdings,1,0,0,1,diff,a,,,,percent,SYNTHETIC,24.15,10.21,smoke-test fabrication; not a census value,SYNTHETIC_SMOKE_VALUE,,,,,
AgCensus2015-16 T2-4 Telangana/ST/number/MarginalvsSmall,AgCensus2015-16,T2-4,Telangana,ST,number,MarginalvsSmall,landholding,marginal holdings,small holdings,1,1,0,0,diff,a,,,,percent,SYNTHETIC,24.14,6.92,smoke-test fabrication; not a census value,SYNTHETIC_SMOKE_VALUE,,,,,
AgCensus2015-16 T2-4 Telangana/ST/number/SmallvsLarge,AgCensus2015-16,T2-4,Telangana,ST,number,SmallvsLarge,landholding,small holdings,large holdings,1,0,0,1,diff,a,,,,percent,SYNTHETIC,44.54,27.96,smoke-test fabrication; not a census value,SYNTHETIC_SMOKE_VALUE,,,,,
AgCensus2015-16 T2-4 Telangana/ST/number/SmallvsMedium,AgCensus2015-16,T2-4,Telangana,ST,number,SmallvsMedium,landholding,small holdings,medium holdings,1,0,1,0,diff,a,,,,percent,SYNTHETIC,50.97,26.87,smoke-test fabrication; not a census value,SYNTHETIC_SMOKE_VALUE,,,,,
AgCensus2015-16 T2-4 Telangana/ST/number/SmallvsSemi-medium,AgCensus2015-16,T2-4,Telangana,ST,number,SmallvsSemi-medium,landholding,small holdings,semi-medium holdings,1,1,0,0,diff,a,,,,percent,SYNTHETIC,50.01,31.25,smoke-test fabrication; not a census value,SYNTHETIC_SMOKE_VALUE,,,,,
AgCensus2015-16 T2-4 Telangana/Semi-medium/number/SCvsOthers,AgCensus2015-16,T2-4,Telangana,Semi-medium,number,SCvsOthers,social_group,Scheduled Castes,Other social groups,1,1,0,0,diff,b,,,,percent,SYNTHETIC,34.86,51.63,smoke-test fabrication; not a census value,SYNTHETIC_SMOKE_VALUE,,,,,
AgCensus2015-16 T2-4 Telangana/Semi-medium/number/STvsOthers,AgCensus2015-16,T2-4,Telangana,Semi-medium,number,STvsOthers,social_group,Scheduled Tribes,Other social groups,1,1,0,0,diff,b,,,,percent,SYNTHETIC,24.19,37.49,smoke-test fabrication; not a census value,SYNTHETIC_SMOKE_VALUE,,,,,
AgCensus2015-16 T2-4 Telangana/Small/area/SCvsST,AgCensus2015-16,T2-4,Telangana,Small,area,SCvsST,social_group,Scheduled Castes,Scheduled Tribes,7,0,0,7,equal,c,,,,percent,SYNTHETIC,20.75,21.64,smoke-test fabrication; not a census value,SYNTHETIC_SMOKE_VALUE,,,,,
AgCensus2015-16 T2-4 Telangana/Small/number/SCvsOthers,AgCensus2015-16,T2-4,Telangana,Small,number,SCvsOthers,social_group,Scheduled Castes,Other social groups,1,0,0,1,diff,b,,,,percent,SYNTHETIC,28.66,46.86,smoke-test fabrication; not a census value,SYNTHETIC_SMOKE_VALUE,,,,,
AgCensus2015-16 T2-4 Telangana/Small/number/SCvsST,AgCensus2015-16,T2-4,Telangana,Small,number,SCvsST,social_group,Scheduled Castes,Scheduled Tribes,8,8,0,0,equal,c,,,,percent,SYNTHETIC,17.81,19.16,smoke-test fabrication; not a census value,SYNTHETIC_SMOKE_VALUE,,,,,
AgCensus2015-16 T2-4 Telangana/Small/number/STvsOthers,AgCensus2015-16,T2-4,Telangana,Small,number,STvsOthers,social_group,Scheduled Tribes,Other social groups,1,0,1,0,diff,b,,,,percent,SYNTHETIC,13.91,32.22,smoke-test fabrication; not a census value,SYNTHETIC_SMOKE_VALUE,,,,,
AgCensus2015-16 T2-4 Tripura/All Classes/area/STvsOthers,AgCensus2015-16,T2-4,Tripura,All Classes,area,STvsOthers,social_group,Scheduled Tribes,Other social groups,8,0,0,8,equal,c,,,,percent,SYNTHETIC,18.51,21.62,smoke-test fabrication; not a census value,SYNTHETIC_SMOKE_VALUE,,,,,
AgCensus2015-16 T2-4 Tripura/All Classes/number/SCvsOthers,AgCensus2015-16,T2-4,Tripura,All Classes,number,SCvsOthers,social_group,Scheduled Castes,Other social groups,1,1,0,0,diff,b,,,,percent,SYNTHETIC,33.27,52.95,smoke-test fabrication; not a census value,SYNTHETIC_SMOKE_VALUE,,,,,
AgCensus2015-16 T2-4 Tripura/All Classes/number/STvsOthers,AgCensus2015-16,T2-4,Tripura,All Classes,number,STvsOthers,social_group,Scheduled Tribes,Other social groups,1,1,0,0,diff,b,,,,percent,SYNTHETIC,6.39,26.45,smoke-test fabrication; not a census value,SYNTHETIC_SMOKE_VALUE,,,,,
AgCensus2015-16 T2-4 Tripura/All/number/MarginalvsLarge,AgCensus2015-16,T2-4,Tripura,All,number,MarginalvsLarge,landholding,marginal holdings,large holdings,1,1,0,0,diff,a,,,,percent,SYNTHETIC,49.23,24.5,smoke-test fabrication; not a census value,SYNTHETIC_SMOKE_VALUE,,,,,
AgCensus2015-16 T2-4 Tripura/All/number/MarginalvsMedium,AgCensus2015-16,T2-4,Tripura,All,number,MarginalvsMedium,landholding,marginal holdings,medium holdings,1,1,0,0,diff,a,,,,percent,SYNTHETIC,39.88,25.69,smoke-test fabrication; not a census value,SYNTHETIC_SMOKE_VALUE,,,,,
AgCensus2015-16 T2-4 Tripura/All/number/MarginalvsSemi-medium,AgCensus2015-16,T2-4,Tripura,All,number,MarginalvsSemi-medium,landholding,marginal holdings,semi-medium holdings,1,0,1,0,diff,a,,,,percent,SYNTHETIC,23.29,10.92,smoke-test fabrication; not a census value,SYNTHETIC_SMOKE_VALUE,,,,,
AgCensus2015-16 T2-4 Tripura/All/number/MarginalvsSmall,AgCensus2015-16,T2-4,Tripura,All,number,MarginalvsSmall,landholding,marginal holdings,small holdings,1,1,0,0,diff,a,,,,percent,SYNTHETIC,45.23,30.43,smoke-test fabrication; not a census value,SYNTHETIC_SMOKE_VALUE,,,,,
AgCensus2015-16 T2-4 Tripura/Marginal/number/SCvsOthers,AgCensus2015-16,T2-4,Tripura,Marginal,number,SCvsOthers,social_group,Scheduled Castes,Other social groups,1,0,0,1,diff,b,,,,percent,SYNTHETIC,14.96,36.06,smoke-test fabrication; not a census value,SYNTHETIC_SMOKE_VALUE,,,,,
AgCensus2015-16 T2-4 Tripura/Marginal/number/SCvsST,AgCensus2015-16,T2-4,Tripura,Marginal,number,SCvsST,social_group,Scheduled Castes,Scheduled Tribes,8,8,0,0,equal,c,,,,percent,SYNTHETIC,9.93,11.71,smoke-test fabrication; not a census value,SYNTHETIC_SMOKE_VALUE,,,,,
AgCensus2015-16 T2-4 Tripura/Marginal/number/STvsOthers,AgCensus2015-16,T2-4,Tripura,Marginal,number,STvsOthers,social_group,Scheduled Tribes,Other social groups,1,0,1,0,diff,b,,,,percent,SYNTHETIC,13.94,36.84,smoke-test fabrication; not a census value,SYNTHETIC_SMOKE_VALUE,,,,,
AgCensus2015-16 T2-4 Tripura/SC/number/MarginalvsMedium,AgCensus2015-16,T2-4,Tripura,SC,number,MarginalvsMedium,landholding,marginal holdings,medium holdings,1,0,0,1,diff,a,,,,percent,SYNTHETIC,43.75,23.99,smoke-test fabrication; not a census value,SYNTHETIC_SMOKE_VALUE,,,,,
AgCensus2015-16 T2-4 Tripura/SC/number/MarginalvsSemi-medium,AgCensus2015-16,T2-4,Tripura,SC,number,MarginalvsSemi-medium,landholding,marginal holdings,semi-medium holdings,1,0,0,1,diff,a,,,,percent,SYNTHETIC,50.84,27.37,smoke-test fabrication; not a census value,SYNTHETIC_SMOKE_VALUE,,,,,
AgCensus2015-16 T2-4 Tripura/SC/number/SmallvsSemi-medium,AgCensus2015-16,T2-4,Tripura,SC,number,SmallvsSemi-medium,landholding,small holdings,semi-medium holdings,3,3,0,0,equal,c,,,,percent,SYNTHETIC,9.46,14.06,smoke-test fabrication; not a census value,SYNTHETIC_SMOKE_VALUE,,,,,
AgCensus2015-16 T2-4 Tripura/ST/area/SmallvsSemi-medium,AgCensus2015-16,T2-4,Tripura,ST,area,SmallvsSemi-medium,landholding,small operated area,semi-medium operated area,1,0,1,0,equal,c,,,,percent,SYNTHETIC,12.95,14.45,smoke-test fabrication; not a census value,SYNTHETIC_SMOKE_VALUE,,,,,
AgCensus2015-16 T2-4 Tripura/ST/number/MarginalvsLarge,AgCensus2015-16,T2-4,Tripura,ST,number,MarginalvsLarge,landholding,marginal holdings,large holdings,1,0,1,0,diff,a,,,,percent,SYNTHETIC,24.41,8.19,smoke-test fabrication; not a census value,SYNTHETIC_SMOKE_VALUE,,,,,
AgCensus2015-16 T2-4 Tripura/ST/number/MarginalvsMedium,AgCensus2015-16,T2-4,Tripura,ST,number,MarginalvsMedium,landholding,marginal holdings,medium holdings,1,0,0,1,diff,a,,,,percent,SYNTHETIC,45.7,24.28,smoke-test fabrication; not a census value,SYNTHETIC_SMOKE_VALUE,,,,,
AgCensus2015-16 T2-4 Tripura/ST/number/MarginalvsSemi-medium,AgCensus2015-16,T2-4,Tripura,ST,number,MarginalvsSemi-medium,landholding,marginal holdings,semi-medium holdings,1,1,0,0,diff,a,,,,percent,SYNTHETIC,40.54,19.74,smoke-test fabrication; not a census value,SYNTHETIC_SMOKE_VALUE,,,,,
AgCensus2015-16 T2-4 Tripura/ST/number/MarginalvsSmall,AgCensus2015-16,T2-4,Tripura,ST,number,MarginalvsSmall,landholding,marginal holdings,small holdings,1,1,0,0,diff,a,,,,percent,SYNTHETIC,31.93,21.14,smoke-test fabrication; not a census value,SYNTHETIC_SMOKE_VALUE,,,,,
AgCensus2015-16 T2-4 Tripura/ST/number/SmallvsLarge,AgCensus2015-16,T2-4,Tripura,ST,number,SmallvsLarge,landholding,small holdings,large holdings,1,0,0,1,diff,a,,,,percent,SYNTHETIC,55.64,34.91,smoke-test fabrication; not a census value,SYNTHETIC_SMOKE_VALUE,,,,,
AgCensus2015-16 T2-4 Tripura/ST/number/SmallvsMedium,AgCensus2015-16,T2-4,Tripura,ST,number,SmallvsMedium,landholding,small holdings,medium holdings,1,1,0,0,diff,a,,,,percent,SYNTHETIC,35.95,23.97,smoke-test fabrication; not a census value,SYNTHETIC_SMOKE_VALUE,,,,,
AgCensus2015-16 T2-4 Tripura/Small/number/SCvsOthers,AgCensus2015-16,T2-4,Tripura,Small,number,SCvsOthers,social_group,Scheduled Castes,Other social groups,1,0,0,1,diff,b,,,,percent,SYNTHETIC,26.02,46.14,smoke-test fabrication; not a census value,SYNTHETIC_SMOKE_VALUE,,,,,
AgCensus2015-16 T2-4 Tripura/Small/number/SCvsST,AgCensus2015-16,T2-4,Tripura,Small,number,SCvsST,social_group,Scheduled Castes,Scheduled Tribes,1,1,0,0,diff,b,,,,percent,SYNTHETIC,9.97,33.35,smoke-test fabrication; not a census value,SYNTHETIC_SMOKE_VALUE,,,,,
AgCensus2015-16 T2-4 Tripura/Small/number/STvsOthers,AgCensus2015-16,T2-4,Tripura,Small,number,STvsOthers,social_group,Scheduled Tribes,Other social groups,1,1,0,0,diff,a,,,,percent,SYNTHETIC,28.41,14.3,smoke-test fabrication; not a census value,SYNTHETIC_SMOKE_VALUE,,,,,
AgCensus2015-16 T2-4 Uttar Pradesh/All Classes/number/SCvsOthers,AgCensus2015-16,T2-4,Uttar Pradesh,All Classes,number,SCvsOthers,social_group,Scheduled Castes,Other social groups,1,0,0,1,diff,b,,,,percent,SYNTHETIC,21.5,33.21,smoke-test fabrication; not a census value,SYNTHETIC_SMOKE_VALUE,,,,,
AgCensus2015-16 T2-4 Uttar Pradesh/All Classes/number/SCvsST,AgCensus2015-16,T2-4,Uttar Pradesh,All Classes,number,SCvsST,social_group,Scheduled Castes,Scheduled Tribes,1,1,0,0,diff,a,,,,percent,SYNTHETIC,24.33,13.18,smoke-test fabrication; not a census value,SYNTHETIC_SMOKE_VALUE,,,,,
AgCensus2015-16 T2-4 Uttar Pradesh/All Classes/number/STvsOthers,AgCensus2015-16,T2-4,Uttar Pradesh,All Classes,number,STvsOthers,social_group,Scheduled Tribes,Other social groups,1,1,0,0,diff,b,,,,percent,SYNTHETIC,20.3,31.28,smoke-test fabrication; not a census value,SYNTHETIC_SMOKE_VALUE,,,,,
AgCensus2015-16 T2-4 Uttar Pradesh/All/area/SmallvsSemi-medium,AgCensus2015-16,T2-4,Uttar Pradesh,All,area,SmallvsSemi-medium,landholding,small operated area,semi-medium operated area,4,0,0,4,equal,c,,,,percent,SYNTHETIC,29.86,34.45,smoke-test fabrication; not a census value,SYNTHETIC_SMOKE_VALUE,,,,,
AgCensus2015-16 T2-4 Uttar Pradesh/All/number/MarginalvsLarge,AgCensus2015-16,T2-4,Uttar Pradesh,All,number,MarginalvsLarge,landholding,marginal holdings,large holdings,1,1,0,0,diff,a,,,,percent,SYNTHETIC,30.76,14.46,smoke-test fabrication; not a census value,SYNTHETIC_SMOKE_VALUE,,,,,
AgCensus2015-16 T2-4 Uttar Pradesh/All/number/MarginalvsMedium,AgCensus2015-16,T2-4,Uttar Pradesh,All,number,MarginalvsMedium,landholding,marginal holdings,medium holdings,1,1,0,0,diff,a,,,,percent,SYNTHETIC,42.06,28.7,smoke-test fabrication; not a census value,SYNTHETIC_SMOKE_VALUE,,,,,
AgCensus2015-16 T2-4 Uttar Pradesh/All/number/MarginalvsSemi-medium,AgCensus2015-16,T2-4,Uttar Pradesh,All,number,MarginalvsSemi-medium,landholding,marginal holdings,semi-medium holdings,1,1,0,0,diff,a,,,,percent,SYNTHETIC,21.46,5.31,smoke-test fabrication; not a census value,SYNTHETIC_SMOKE_VALUE,,,,,
AgCensus2015-16 T2-4 Uttar Pradesh/All/number/MarginalvsSmall,AgCensus2015-16,T2-4,Uttar Pradesh,All,number,MarginalvsSmall,landholding,marginal holdings,small holdings,1,1,0,0,diff,a,,,,percent,SYNTHETIC,29.0,8.53,smoke-test fabrication; not a census value,SYNTHETIC_SMOKE_VALUE,,,,,
AgCensus2015-16 T2-4 Uttar Pradesh/All/number/Semi-mediumvsMedium,AgCensus2015-16,T2-4,Uttar Pradesh,All,number,Semi-mediumvsMedium,landholding,semi-medium holdings,medium holdings,4,4,0,0,equal,c,,,,percent,SYNTHETIC,15.62,20.06,smoke-test fabrication; not a census value,SYNTHETIC_SMOKE_VALUE,,,,,
AgCensus2015-16 T2-4 Uttar Pradesh/All/number/SmallvsLarge,AgCensus2015-16,T2-4,Uttar Pradesh,All,number,SmallvsLarge,landholding,small holdings,large holdings,1,1,0,0,diff,a,,,,percent,SYNTHETIC,26.45,15.71,smoke-test fabrication; not a census value,SYNTHETIC_SMOKE_VALUE,,,,,
AgCensus2015-16 T2-4 Uttar Pradesh/All/number/SmallvsMedium,AgCensus2015-16,T2-4,Uttar Pradesh,All,number,SmallvsMedium,landholding,small holdings,medium holdings,1,1,0,0,diff,a,,,,percent,SYNTHETIC,54.04,31.26,smoke-test fabrication; not a census value,SYNTHETIC_SMOKE_VALUE,,,,,
AgCensus2015-16 T2-4 Uttar Pradesh/Large/number/SCvsOthers,AgCensus2015-16,T2-4,Uttar Pradesh,Large,number,SCvsOthers,social_group,Scheduled Castes,Other social groups,1,1,0,0,diff,b,,,,percent,SYNTHETIC,15.22,39.53,smoke-test fabrication; not a census value,SYNTHETIC_SMOKE_VALUE,,,,,
AgCensus2015-16 T2-4 Uttar Pradesh/Large/number/STvsOthers,AgCensus2015-16,T2-4,Uttar Pradesh,Large,number,STvsOthers,social_group,Scheduled Tribes,Other social groups,1,1,0,0,diff,b,,,,percent,SYNTHETIC,33.57,48.12,smoke-test fabrication; not a census value,SYNTHETIC_SMOKE_VALUE,,,,,
AgCensus2015-16 T2-4 Uttar Pradesh/Marginal/number/SCvsOthers,AgCensus2015-16,T2-4,Uttar Pradesh,Marginal,number,SCvsOthers,social_group,Scheduled Castes,Other social groups,1,0,0,1,diff,b,,,,percent,SYNTHETIC,5.3,20.59,smoke-test fabrication; not a census value,SYNTHETIC_SMOKE_VALUE,,,,,
AgCensus2015-16 T2-4 Uttar Pradesh/Marginal/number/SCvsST,AgCensus2015-16,T2-4,Uttar Pradesh,Marginal,number,SCvsST,social_group,Scheduled Castes,Scheduled Tribes,1,0,0,1,diff,a,,,,percent,SYNTHETIC,24.99,11.78,smoke-test fabrication; not a census value,SYNTHETIC_SMOKE_VALUE,,,,,
AgCensus2015-16 T2-4 Uttar Pradesh/Marginal/number/STvsOthers,AgCensus2015-16,T2-4,Uttar Pradesh,Marginal,number,STvsOthers,social_group,Scheduled Tribes,Other social groups,1,1,0,0,diff,b,,,,percent,SYNTHETIC,12.76,34.37,smoke-test fabrication; not a census value,SYNTHETIC_SMOKE_VALUE,,,,,
AgCensus2015-16 T2-4 Uttar Pradesh/Medium/number/STvsOthers,AgCensus2015-16,T2-4,Uttar Pradesh,Medium,number,STvsOthers,social_group,Scheduled Tribes,Other social groups,1,0,0,1,diff,b,,,,percent,SYNTHETIC,27.06,47.57,smoke-test fabrication; not a census value,SYNTHETIC_SMOKE_VALUE,,,,,
AgCensus2015-16 T2-4 Uttar Pradesh/SC/number/MarginalvsLarge,AgCensus2015-16,T2-4,Uttar Pradesh,SC,number,MarginalvsLarge,landholding,marginal holdings,large holdings,1,1,0,0,diff,a,,,,percent,SYNTHETIC,43.55,33.14,smoke-test fabrication; not a census value,SYNTHETIC_SMOKE_VALUE,,,,,
AgCensus2015-16 T2-4 Uttar Pradesh/SC/number/MarginalvsMedium,AgCensus2015-16,T2-4,Uttar Pradesh,SC,number,MarginalvsMedium,landholding,marginal holdings,medium holdings,1,0,0,1,diff,a,,,,percent,SYNTHETIC,27.71,10.39,smoke-test fabrication; not a census value,SYNTHETIC_SMOKE_VALUE,,,,,
AgCensus2015-16 T2-4 Uttar Pradesh/SC/number/MarginalvsSemi-medium,AgCensus2015-16,T2-4,Uttar Pradesh,SC,number,MarginalvsSemi-medium,landholding,marginal holdings,semi-medium holdings,1,0,0,1,diff,a,,,,percent,SYNTHETIC,34.99,17.51,smoke-test fabrication; not a census value,SYNTHETIC_SMOKE_VALUE,,,,,
AgCensus2015-16 T2-4 Uttar Pradesh/SC/number/MarginalvsSmall,AgCensus2015-16,T2-4,Uttar Pradesh,SC,number,MarginalvsSmall,landholding,marginal holdings,small holdings,1,0,1,0,diff,a,,,,percent,SYNTHETIC,41.43,19.72,smoke-test fabrication; not a census value,SYNTHETIC_SMOKE_VALUE,,,,,
AgCensus2015-16 T2-4 Uttar Pradesh/ST/area/MarginalvsMedium,AgCensus2015-16,T2-4,Uttar Pradesh,ST,area,MarginalvsMedium,landholding,marginal operated area,medium operated area,1,1,0,0,equal,c,,,,percent,SYNTHETIC,26.08,27.8,smoke-test fabrication; not a census value,SYNTHETIC_SMOKE_VALUE,,,,,
AgCensus2015-16 T2-4 Uttar Pradesh/ST/area/MarginalvsSemi-medium,AgCensus2015-16,T2-4,Uttar Pradesh,ST,area,MarginalvsSemi-medium,landholding,marginal operated area,semi-medium operated area,1,0,0,1,equal,c,,,,percent,SYNTHETIC,7.2,9.8,smoke-test fabrication; not a census value,SYNTHETIC_SMOKE_VALUE,,,,,
AgCensus2015-16 T2-4 Uttar Pradesh/ST/area/Semi-mediumvsMedium,AgCensus2015-16,T2-4,Uttar Pradesh,ST,area,Semi-mediumvsMedium,landholding,semi-medium operated area,medium operated area,1,1,0,0,equal,c,,,,percent,SYNTHETIC,10.18,13.15,smoke-test fabrication; not a census value,SYNTHETIC_SMOKE_VALUE,,,,,
AgCensus2015-16 T2-4 Uttar Pradesh/ST/area/SmallvsMedium,AgCensus2015-16,T2-4,Uttar Pradesh,ST,area,SmallvsMedium,landholding,small operated area,medium operated area,1,1,0,0,equal,c,,,,percent,SYNTHETIC,32.92,37.78,smoke-test fabrication; not a census value,SYNTHETIC_SMOKE_VALUE,,,,,
AgCensus2015-16 T2-4 Uttar Pradesh/ST/area/SmallvsSemi-medium,AgCensus2015-16,T2-4,Uttar Pradesh,ST,area,SmallvsSemi-medium,landholding,small operated area,semi-medium operated area,1,0,1,0,equal,c,,,,percent,SYNTHETIC,9.66,11.5,smoke-test fabrication; not a census value,SYNTHETIC_SMOKE_VALUE,,,,,
AgCensus2015-16 T2-4 Uttar Pradesh/ST/number/MarginalvsLarge,AgCensus2015-16,T2-4,Uttar Pradesh,ST,number,MarginalvsLarge,landholding,marginal holdings,large holdings,1,1,0,0,diff,a,,,,percent,SYNTHETIC,26.62,6.26,smoke-test fabrication; not a census value,SYNTHETIC_SMOKE_VALUE,,,,,
AgCensus2015-16 T2-4 Uttar Pradesh/ST/number/MarginalvsSemi-medium,AgCensus2015-16,T2-4,Uttar Pradesh,ST,number,MarginalvsSemi-medium,landholding,marginal holdings,semi-medium holdings,1,1,0,0,diff,a,,,,percent,SYNTHETIC,39.27,24.83,smoke-test fabrication; not a census value,SYNTHETIC_SMOKE_VALUE,,,,,
AgCensus2015-16 T2-4 Uttar Pradesh/ST/number/MarginalvsSmall,AgCensus2015-16,T2-4,Uttar Pradesh,ST,number,MarginalvsSmall,landholding,marginal holdings,small holdings,1,1,0,0,diff,a,,,,percent,SYNTHETIC,51.29,32.73,smoke-test fabrication; not a census value,SYNTHETIC_SMOKE_VALUE,,,,,
AgCensus2015-16 T2-4 Uttar Pradesh/ST/number/SmallvsLarge,AgCensus2015-16,T2-4,Uttar Pradesh,ST,number,SmallvsLarge,landholding,small holdings,large holdings,1,0,0,1,diff,a,,,,percent,SYNTHETIC,38.76,17.39,smoke-test fabrication; not a census value,SYNTHETIC_SMOKE_VALUE,,,,,
AgCensus2015-16 T2-4 Uttar Pradesh/ST/number/SmallvsMedium,AgCensus2015-16,T2-4,Uttar Pradesh,ST,number,SmallvsMedium,landholding,small holdings,medium holdings,1,1,0,0,diff,a,,,,percent,SYNTHETIC,17.68,5.92,smoke-test fabrication; not a census value,SYNTHETIC_SMOKE_VALUE,,,,,
AgCensus2015-16 T2-4 Uttar Pradesh/ST/number/SmallvsSemi-medium,AgCensus2015-16,T2-4,Uttar Pradesh,ST,number,SmallvsSemi-medium,landholding,small holdings,semi-medium holdings,1,1,0,0,diff,a,,,,percent,SYNTHETIC,33.28,19.95,smoke-test fabrication; not a census value,SYNTHETIC_SMOKE_VALUE,,,,,
AgCensus2015-16 T2-4 Uttar Pradesh/Semi-medium/number/SCvsOthers,AgCensus2015-16,T2-4,Uttar Pradesh,Semi-medium,number,SCvsOthers,social_group,Scheduled Castes,Other social groups,1,1,0,0,diff,b,,,,percent,SYNTHETIC,14.69,35.22,smoke-test fabrication; not a census value,SYNTHETIC_SMOKE_VALUE,,,,,
AgCensus2015-16 T2-4 Uttar Pradesh/Semi-medium/number/STvsOthers,AgCensus2015-16,T2-4,Uttar Pradesh,Semi-medium,number,STvsOthers,social_group,Scheduled Tribes,Other social groups,1,1,0,0,diff,b,,,,percent,SYNTHETIC,23.81,34.48,smoke-test fabrication; not a census value,SYNTHETIC_SMOKE_VALUE,,,,,
AgCensus2015-16 T2-4 Uttar Pradesh/Small/number/SCvsOthers,AgCensus2015-16,T2-4,Uttar Pradesh,Small,number,SCvsOthers,social_group,Scheduled Castes,Other social groups,1,0,0,1,diff,b,,,,percent,SYNTHETIC,31.38,44.51,smoke-test fabrication; not a census value,SYNTHETIC_SMOKE_VALUE,,,,,
AgCensus2015-16 T2-4 Uttar Pradesh/Small/number/SCvsST,AgCensus2015-16,T2-4,Uttar Pradesh,Small,number,SCvsST,social_group,Scheduled Castes,Scheduled Tribes,1,1,0,0,diff,a,,,,percent,SYNTHETIC,31.14,19.43,smoke-test fabrication; not a census value,SYNTHETIC_SMOKE_VALUE,,,,,
AgCensus2015-16 T2-4 Uttar Pradesh/Small/number/STvsOthers,AgCensus2015-16,T2-4,Uttar Pradesh,Small,number,STvsOthers,social_group,Scheduled Tribes,Other social groups,1,1,0,0,diff,b,,,,percent,SYNTHETIC,19.14,37.0,smoke-test fabrication; not a census value,SYNTHETIC_SMOKE_VALUE,,,,,
AgCensus2015-16 T2-4 Uttarakhand/All Classes/area/SCvsST,AgCensus2015-16,T2-4,Uttarakhand,All Classes,area,SCvsST,social_group,Scheduled Castes,Scheduled Tribes,8,8,0,0,equal,c,,,,percent,SYNTHETIC,10.57,15.09,smoke-test fabrication; not a census value,SYNTHETIC_SMOKE_VALUE,,,,,
AgCensus2015-16 T2-4 Uttarakhand/All Classes/number/SCvsOthers,AgCensus2015-16,T2-4,Uttarakhand,All Classes,number,SCvsOthers,social_group,Scheduled Castes,Other social groups,1,1,0,0,diff,b,,,,percent,SYNTHETIC,18.84,31.22,smoke-test fabrication; not a census value,SYNTHETIC_SMOKE_VALUE,,,,,
AgCensus2015-16 T2-4 Uttarakhand/All Classes/number/SCvsST,AgCensus2015-16,T2-4,Uttarakhand,All Classes,number,SCvsST,social_group,Scheduled Castes,Scheduled Tribes,1,1,0,0,diff,a,,,,percent,SYNTHETIC,29.92,19.56,smoke-test fabrication; not a census value,SYNTHETIC_SMOKE_VALUE,,,,,
AgCensus2015-16 T2-4 Uttarakhand/All Classes/number/STvsOthers,AgCensus2015-16,T2-4,Uttarakhand,All Classes,number,STvsOthers,social_group,Scheduled Tribes,Other social groups,1,1,0,0,diff,b,,,,percent,SYNTHETIC,22.56,38.36,smoke-test fabrication; not a census value,SYNTHETIC_SMOKE_VALUE,,,,,
AgCensus2015-16 T2-4 Uttarakhand/All/number/MarginalvsLarge,AgCensus2015-16,T2-4,Uttarakhand,All,number,MarginalvsLarge,landholding,marginal holdings,large holdings,1,1,0,0,diff,a,,,,percent,SYNTHETIC,26.15,5.55,smoke-test fabrication; not a census value,SYNTHETIC_SMOKE_VALUE,,,,,
AgCensus2015-16 T2-4 Uttarakhand/All/number/MarginalvsMedium,AgCensus2015-16,T2-4,Uttarakhand,All,number,MarginalvsMedium,landholding,marginal holdings,medium holdings,1,1,0,0,diff,a,,,,percent,SYNTHETIC,23.23,10.97,smoke-test fabrication; not a census value,SYNTHETIC_SMOKE_VALUE,,,,,
AgCensus2015-16 T2-4 Uttarakhand/All/number/MarginalvsSemi-medium,AgCensus2015-16,T2-4,Uttarakhand,All,number,MarginalvsSemi-medium,landholding,marginal holdings,semi-medium holdings,1,1,0,0,diff,a,,,,percent,SYNTHETIC,22.95,6.15,smoke-test fabrication; not a census value,SYNTHETIC_SMOKE_VALUE,,,,,
AgCensus2015-16 T2-4 Uttarakhand/All/number/MarginalvsSmall,AgCensus2015-16,T2-4,Uttarakhand,All,number,MarginalvsSmall,landholding,marginal holdings,small holdings,1,0,0,1,diff,a,,,,percent,SYNTHETIC,37.99,23.12,smoke-test fabrication; not a census value,SYNTHETIC_SMOKE_VALUE,,,,,
AgCensus2015-16 T2-4 Uttarakhand/All/number/Semi-mediumvsMedium,AgCensus2015-16,T2-4,Uttarakhand,All,number,Semi-mediumvsMedium,landholding,semi-medium holdings,medium holdings,4,0,4,0,equal,c,,,,percent,SYNTHETIC,34.97,39.15,smoke-test fabrication; not a census value,SYNTHETIC_SMOKE_VALUE,,,,,
AgCensus2015-16 T2-4 Uttarakhand/All/number/SmallvsLarge,AgCensus2015-16,T2-4,Uttarakhand,All,number,SmallvsLarge,landholding,small holdings,large holdings,1,0,0,1,diff,a,,,,percent,SYNTHETIC,37.88,27.55,smoke-test fabrication; not a census value,SYNTHETIC_SMOKE_VALUE,,,,,
AgCensus2015-16 T2-4 Uttarakhand/All/number/SmallvsMedium,AgCensus2015-16,T2-4,Uttarakhand,All,number,SmallvsMedium,landholding,small holdings,medium holdings,1,1,0,0,diff,a,,,,percent,SYNTHETIC,49.94,30.8,smoke-test fabrication; not a census value,SYNTHETIC_SMOKE_VALUE,,,,,
AgCensus2015-16 T2-4 Uttarakhand/All/number/SmallvsSemi-medium,AgCensus2015-16,T2-4,Uttarakhand,All,number,SmallvsSemi-medium,landholding,small holdings,semi-medium holdings,1,0,0,1,diff,a,,,,percent,SYNTHETIC,41.11,20.66,smoke-test fabrication; not a census value,SYNTHETIC_SMOKE_VALUE,,,,,
AgCensus2015-16 T2-4 Uttarakhand/Marginal/number/SCvsST,AgCensus2015-16,T2-4,Uttarakhand,Marginal,number,SCvsST,social_group,Scheduled Castes,Scheduled Tribes,1,1,0,0,diff,a,,,,percent,SYNTHETIC,45.9,29.27,smoke-test fabrication; not a census value,SYNTHETIC_SMOKE_VALUE,,,,,
AgCensus2015-16 T2-4 Uttarakhand/Marginal/number/STvsOthers,AgCensus2015-16,T2-4,Uttarakhand,Marginal,number,STvsOthers,social_group,Scheduled Tribes,Other social groups,1,1,0,0,diff,b,,,,percent,SYNTHETIC,23.97,42.82,smoke-test fabrication; not a census value,SYNTHETIC_SMOKE_VALUE,,,,,
AgCensus2015-16 T2-4 Uttarakhand/SC/number/MarginalvsLarge,AgCensus2015-16,T2-4,Uttarakhand,SC,number,MarginalvsLarge,landholding,marginal holdings,large holdings,1,0,0,1,diff,a,,,,percent,SYNTHETIC,29.53,18.84,smoke-test fabrication; not a census value,SYNTHETIC_SMOKE_VALUE,,,,,
AgCensus2015-16 T2-4 Uttarakhand/SC/number/MarginalvsMedium,AgCensus2015-16,T2-4,Uttarakhand,SC,number,MarginalvsMedium,landholding,marginal holdings,medium holdings,1,0,0,1,diff,a,,,,percent,SYNTHETIC,27.49,15.02,smoke-test fabrication; not a census value,SYNTHETIC_SMOKE_VALUE,,,,,
AgCensus2015-16 T2-4 Uttarakhand/SC/number/MarginalvsSemi-medium,AgCensus2015-16,T2-4,Uttarakhand,SC,number,MarginalvsSemi-medium,landholding,marginal holdings,semi-medium holdings,1,0,0,1,diff,a,,,,percent,SYNTHETIC,32.36,19.34,smoke-test fabrication; not a census value,SYNTHETIC_SMOKE_VALUE,,,,,
AgCensus2015-16 T2-4 Uttarakhand/SC/number/MarginalvsSmall,AgCensus2015-16,T2-4,Uttarakhand,SC,number,MarginalvsSmall,landholding,marginal holdings,small holdings,1,0,0,1,diff,a,,,,percent,SYNTHETIC,44.17,28.34,smoke-test fabrication; not a census value,SYNTHETIC_SMOKE_VALUE,,,,,
AgCensus2015-16 T2-4 Uttarakhand/ST/area/MarginalvsSmall,AgCensus2015-16,T2-4,Uttarakhand,ST,area,MarginalvsSmall,landholding,marginal operated area,small operated area,1,1,0,0,equal,c,,,,percent,SYNTHETIC,11.32,11.35,smoke-test fabrication; not a census value,SYNTHETIC_SMOKE_VALUE,,,,,
AgCensus2015-16 T2-4 Uttarakhand/ST/number/MarginalvsMedium,AgCensus2015-16,T2-4,Uttarakhand,ST,number,MarginalvsMedium,landholding,marginal holdings,medium holdings,1,0,0,1,diff,a,,,,percent,SYNTHETIC,48.66,30.74,smoke-test fabrication; not a census value,SYNTHETIC_SMOKE_VALUE,,,,,
AgCensus2015-16 T2-4 Uttarakhand/ST/number/MarginalvsSemi-medium,AgCensus2015-16,T2-4,Uttarakhand,ST,number,MarginalvsSemi-medium,landholding,marginal holdings,semi-medium holdings,1,1,0,0,diff,a,,,,percent,SYNTHETIC,41.15,24.12,smoke-test fabrication; not a census value,SYNTHETIC_SMOKE_VALUE,,,,,
AgCensus2015-16 T2-4 Uttarakhand/ST/number/MarginalvsSmall,AgCensus2015-16,T2-4,Uttarakhand,ST,number,MarginalvsSmall,landholding,marginal holdings,small holdings,1,1,0,0,diff,a,,,,percent,SYNTHETIC,43.64,31.17,smoke-test fabrication; not a census value,SYNTHETIC_SMOKE_VALUE,,,,,
AgCensus2015-16 T2-4 Uttarakhand/ST/number/SmallvsMedium,AgCensus2015-16,T2-4,Uttarakhand,ST,number,SmallvsMedium,landholding,small holdings,medium holdings,4,4,0,0,equal,c,,,,percent,SYNTHETIC,32.11,36.42,smoke-test fabrication; not a census value,SYNTHETIC_SMOKE_VALUE,,,,,
AgCensus2015-16 T2-4 Uttarakhand/ST/number/SmallvsSemi-medium,AgCensus2015-16,T2-4,Uttarakhand,ST,number,SmallvsSemi-medium,landholding,small holdings,semi-medium holdings,3,3,0,0,equal,c,,,,percent,SYNTHETIC,33.56,37.3,smoke-test fabrication; not a census value,SYNTHETIC_SMOKE_VALUE,,,,,
AgCensus2015-16 T2-4 Uttarakhand/Semi-medium/area/SCvsST,AgCensus2015-16,T2-4,Uttarakhand,Semi-medium,area,SCvsST,social_group,Scheduled Castes,Scheduled Tribes,1,1,0,0,equal,c,,,,percent,SYNTHETIC,20.46,23.84,smoke-test fabrication; not a census value,SYNTHETIC_SMOKE_VALUE,,,,,
AgCensus2015-16 T2-4 Uttarakhand/Semi-medium/number/SCvsOthers,AgCensus2015-16,T2-4,Uttarakhand,Semi-medium,number,SCvsOthers,social_group,Scheduled Castes,Other social groups,1,1,0,0,diff,b,,,,percent,SYNTHETIC,27.17,47.4,smoke-test fabrication; not a census value,SYNTHETIC_SMOKE_VALUE,,,,,
AgCensus2015-16 T2-4 Uttarakhand/Semi-medium/number/SCvsST,AgCensus2015-16,T2-4,Uttarakhand,Semi-medium,number,SCvsST,social_group,Scheduled Castes,Scheduled Tribes,8,0,0,8,equal,c,,,,percent,SYNTHETIC,34.64,38.65,smoke-test fabrication; not a census value,SYNTHETIC_SMOKE_VALUE,,,,,
AgCensus2015-16 T2-4 Uttarakhand/Semi-medium/number/STvsOthers,AgCensus2015-16,T2-4,Uttarakhand,Semi-medium,number,STvsOthers,social_group,Scheduled Tribes,Other social groups,1,1,0,0,diff,b,,,,percent,SYNTHETIC,34.42,47.84,smoke-test fabrication; not a census value,SYNTHETIC_SMOKE_VALUE,,,,,
AgCensus2015-16 T2-4 Uttarakhand/Small/area/SCvsST,AgCensus2015-16,T2-4,Uttarakhand,Small,area,SCvsST,social_group,Scheduled Castes,Scheduled Tribes,1,0,0,1,equal,c,,,,percent,SYNTHETIC,33.92,36.31,smoke-test fabrication; not a census value,SYNTHETIC_SMOKE_VALUE,,,,,
AgCensus2015-16 T2-4 Uttarakhand/Small/number/SCvsOthers,AgCensus2015-16,T2-4,Uttarakhand,Small,number,SCvsOthers,social_group,Scheduled Castes,Other social groups,1,0,0,1,diff,b,,,,percent,SYNTHETIC,11.46,22.78,smoke-test fabrication; not a census value,SYNTHETIC_SMOKE_VALUE,,,,,
AgCensus2015-16 T2-4 Uttarakhand/Small/number/SCvsST,AgCensus2015-16,T2-4,Uttarakhand,Small,number,SCvsST,social_group,Scheduled Castes,Scheduled Tribes,8,0,0,8,equal,c,,,,percent,SYNTHETIC,32.4,37.16,smoke-test fabrication; not a census value,SYNTHETIC_SMOKE_VALUE,,,,,
AgCensus2015-16 T2-4 Uttarakhand/Small/number/STvsOthers,AgCensus2015-16,T2-4,Uttarakhand,Small,number,STvsOthers,social_group,Scheduled Tribes,Other social groups,1,1,0,0,diff,b,,,,percent,SYNTHETIC,15.22,37.93,smoke-test fabrication; not a census value,SYNTHETIC_SMOKE_VALUE,,,,,
AgCensus2015-16 T2-4 West Bengal/All Classes/number/SCvsOthers,AgCensus2015-16,T2-4,West Bengal,All Classes,number,SCvsOthers,social_group,Scheduled Castes,Other social groups,1,1,0,0,diff,b,,,,percent,SYNTHETIC,27.04,41.68,smoke-test fabrication; not a census value,SYNTHETIC_SMOKE_VALUE,,,,,
AgCensus2015-16 T2-4 West Bengal/All Classes/number/SCvsST,AgCensus2015-16,T2-4,West Bengal,All Classes,number,SCvsST,social_group,Scheduled Castes,Scheduled Tribes,1,1,0,0,diff,a,,,,percent,SYNTHETIC,37.12,16.96,smoke-test fabrication; not a census value,SYNTHETIC_SMOKE_VALUE,,,,,
AgCensus2015-16 T2-4 West Bengal/All Classes/number/STvsOthers,AgCensus2015-16,T2-4,West Bengal,All Classes,number,STvsOthers,social_group,Scheduled Tribes,Other social groups,1,0,0,1,diff,b,,,,percent,SYNTHETIC,25.96,47.66,smoke-test fabrication; not a census value,SYNTHETIC_SMOKE_VALUE,,,,,
AgCensus2015-16 T2-4 West Bengal/All/number/MarginalvsLarge,AgCensus2015-16,T2-4,West Bengal,All,number,MarginalvsLarge,landholding,marginal holdings,large holdings,1,1,0,0,diff,a,,,,percent,SYNTHETIC,19.66,8.26,smoke-test fabrication; not a census value,SYNTHETIC_SMOKE_VALUE,,,,,
AgCensus2015-16 T2-4 West Bengal/All/number/MarginalvsMedium,AgCensus2015-16,T2-4,West Bengal,All,number,MarginalvsMedium,landholding,marginal holdings,medium holdings,1,1,0,0,diff,a,,,,percent,SYNTHETIC,35.25,11.59,smoke-test fabrication; not a census value,SYNTHETIC_SMOKE_VALUE,,,,,
AgCensus2015-16 T2-4 West Bengal/All/number/MarginalvsSemi-medium,AgCensus2015-16,T2-4,West Bengal,All,number,MarginalvsSemi-medium,landholding,marginal holdings,semi-medium holdings,1,1,0,0,diff,a,,,,percent,SYNTHETIC,41.86,24.46,smoke-test fabrication; not a census value,SYNTHETIC_SMOKE_VALUE,,,,,
AgCensus2015-16 T2-4 West Bengal/All/number/MarginalvsSmall,AgCensus2015-16,T2-4,West Bengal,All,number,MarginalvsSmall,landholding,marginal holdings,small holdings,1,1,0,0,diff,a,,,,percent,SYNTHETIC,42.09,30.95,smoke-test fabrication; not a census value,SYNTHETIC_SMOKE_VALUE,,,,,
AgCensus2015-16 T2-4 West Bengal/All/number/SmallvsLarge,AgCensus2015-16,T2-4,West Bengal,All,number,SmallvsLarge,landholding,small holdings,large holdings,1,1,0,0,diff,a,,,,percent,SYNTHETIC,29.58,10.73,smoke-test fabrication; not a census value,SYNTHETIC_SMOKE_VALUE,,,,,
AgCensus2015-16 T2-4 West Bengal/All/number/SmallvsMedium,AgCensus2015-16,T2-4,West Bengal,All,number,SmallvsMedium,landholding,small holdings,medium holdings,1,1,0,0,diff,a,,,,percent,SYNTHETIC,22.58,8.93,smoke-test fabrication; not a census value,SYNTHETIC_SMOKE_VALUE,,,,,
AgCensus2015-16 T2-4 West Bengal/Marginal/number/SCvsOthers,AgCensus2015-16,T2-4,West Bengal,Marginal,number,SCvsOthers,social_group,Scheduled Castes,Other social groups,1,0,0,1,diff,b,,,,percent,SYNTHETIC,8.88,21.81,smoke-test fabrication; not a census value,SYNTHETIC_SMOKE_VALUE,,,,,
AgCensus2015-16 T2-4 West Bengal/Marginal/number/SCvsST,AgCensus2015-16,T2-4,West Bengal,Marginal,number,SCvsST,social_group,Scheduled Castes,Scheduled Tribes,1,1,0,0,diff,a,,,,percent,SYNTHETIC,32.61,17.0,smoke-test fabrication; not a census value,SYNTHETIC_SMOKE_VALUE,,,,,
AgCensus2015-16 T2-4 West Bengal/Marginal/number/STvsOthers,AgCensus2015-16,T2-4,West Bengal,Marginal,number,STvsOthers,social_group,Scheduled Tribes,Other social groups,1,1,0,0,diff,b,,,,percent,SYNTHETIC,32.3,45.88,smoke-test fabrication; not a census value,SYNTHETIC_SMOKE_VALUE,,,,,
AgCensus2015-16 T2-4 West Bengal/SC/number/MarginalvsLarge,AgCensus2015-16,T2-4,West Bengal,SC,number,MarginalvsLarge,landholding,marginal holdings,large holdings,1,0,0,1,diff,a,,,,percent,SYNTHETIC,37.07,15.42,smoke-test fabrication; not a census value,SYNTHETIC_SMOKE_VALUE,,,,,
AgCensus2015-16 T2-4 West Bengal/SC/number/MarginalvsMedium,AgCensus2015-16,T2-4,West Bengal,SC,number,MarginalvsMedium,landholding,marginal holdings,medium holdings,1,0,0,1,diff,a,,,,percent,SYNTHETIC,52.82,34.22,smoke-test fabrication; not a census value,SYNTHETIC_SMOKE_VALUE,,,,,
AgCensus2015-16 T2-4 West Bengal/SC/number/MarginalvsSemi-medium,AgCensus2015-16,T2-4,West Bengal,SC,number,MarginalvsSemi-medium,landholding,marginal holdings,semi-medium holdings,1,0,0,1,diff,a,,,,percent,SYNTHETIC,26.19,7.01,smoke-test fabrication; not a census value,SYNTHETIC_SMOKE_VALUE,,,,,
AgCensus2015-16 T2-4 West Bengal/SC/number/MarginalvsSmall,AgCensus2015-16,T2-4,West Bengal,SC,number,MarginalvsSmall,landholding,marginal holdings,small holdings,1,1,0,0,diff,a,,,,percent,SYNTHETIC,22.36,7.85,smoke-test fabrication; not a census value,SYNTHETIC_SMOKE_VALUE,,,,,
AgCensus2015-16 T2-4 West Bengal/SC/number/SmallvsLarge,AgCensus2015-16,T2-4,West Bengal,SC,number,SmallvsLarge,landholding,small holdings,large holdings,1,1,0,0,diff,a,,,,percent,SYNTHETIC,26.78,10.83,smoke-test fabrication; not a census value,SYNTHETIC_SMOKE_VALUE,,,,,
AgCensus2015-16 T2-4 West Bengal/SC/number/SmallvsMedium,AgCensus2015-16,T2-4,West Bengal,SC,number,SmallvsMedium,landholding,small holdings,medium holdings,1,0,0,1,diff,a,,,,percent,SYNTHETIC,51.2,34.2,smoke-test fabrication; not a census value,SYNTHETIC_SMOKE_VALUE,,,,,
AgCensus2015-16 T2-4 West Bengal/Semi-medium/number/SCvsOthers,AgCensus2015-16,T2-4,West Bengal,Semi-medium,number,SCvsOthers,social_group,Scheduled Castes,Other social groups,1,1,0,0,diff,b,,,,percent,SYNTHETIC,30.03,41.75,smoke-test fabrication; not a census value,SYNTHETIC_SMOKE_VALUE,,,,,
AgCensus2015-16 T2-4 West Bengal/Semi-medium/number/STvsOthers,AgCensus2015-16,T2-4,West Bengal,Semi-medium,number,STvsOthers,social_group,Scheduled Tribes,Other social groups,1,1,0,0,diff,b,,,,percent,SYNTHETIC,12.84,30.29,smoke-test fabrication; not a census value,SYNTHETIC_SMOKE_VALUE,,,,,
AgCensus2015-16 T2-4 West Bengal/Small/number/SCvsOthers,AgCensus2015-16,T2-4,West Bengal,Small,number,SCvsOthers,social_group,Scheduled Castes,Other social groups,1,0,0,1,diff,b,,,,percent,SYNTHETIC,20.48,44.63,smoke-test fabrication; not a census value,SYNTHETIC_SMOKE_VALUE,,,,,
AgCensus2015-16 T2-4 West Bengal/Small/number/SCvsST,AgCensus2015-16,T2-4,West Bengal,Small,number,SCvsST,social_group,Scheduled Castes,Scheduled Tribes,1,1,0,0,diff,a,,,,percent,SYNTHETIC,53.45,30.27,smoke-test fabrication; not a census value,SYNTHETIC_SMOKE_VALUE,,,,,
AgCensus2015-16 T2-4 West Bengal/Small/number/STvsOthers,AgCensus2015-16,T2-4,West Bengal,Small,number,STvsOthers,social_group,Scheduled Tribes,Other social groups,1,0,0,1,diff,b,,,,percent,SYNTHETIC,11.54,31.45,smoke-test fabrication; not a census value,SYNTHETIC_SMOKE_VALUE,,,,,
