base_model_name,method_name,random_seed,slice_name,number_of_items,gap_erasure_rate_on_diff_items,gap_fabrication_rate_on_equal_items,failure_polarity_index_positive_means_gap_erasure,dominant_failure_polarity_label
broad-instruct,ablation_no_condition_adaptive,42,all,749,0.0,0.082,-1.0,gap_fabrication_dominant
broad-instruct,ablation_no_condition_adaptive,42,axis:gender,70,0.0,0.0,0.0,bipolar_no_dominant_polarity
broad-instruct,ablation_no_condition_adaptive,42,axis:landholding,315,0.0,0.141,-1.0,gap_fabrication_dominant
broad-instruct,ablation_no_condition_adaptive,42,axis:social_group,364,0.0,0.0469,-1.0,gap_fabrication_dominant
broad-instruct,ablation_no_condition_adaptive,42,form:area,255,0.0,0.0226,-1.0,gap_fabrication_dominant
broad-instruct,ablation_no_condition_adaptive,42,form:number,494,0.0,0.1343,-1.0,gap_fabrication_dominant
broad-instruct,ablation_no_condition_adaptive,42,slice:structure_familiar,328,0.0,0.0647,-1.0,gap_fabrication_dominant
broad-instruct,ablation_no_condition_adaptive,42,slice:structure_novel,421,0.0,0.0962,-1.0,gap_fabrication_dominant
broad-instruct,ablation_no_rationale_loss,42,all,749,0.0027,0.1323,-0.9601,gap_fabrication_dominant
broad-instruct,ablation_no_rationale_loss,42,axis:gender,70,0.0,0.0,0.0,bipolar_no_dominant_polarity
broad-instruct,ablation_no_rationale_loss,42,axis:landholding,315,0.0,0.1603,-1.0,gap_fabrication_dominant
broad-instruct,ablation_no_rationale_loss,42,axis:social_group,364,0.0058,0.1302,-0.9145,gap_fabrication_dominant
broad-instruct,ablation_no_rationale_loss,42,form:area,255,0.0,0.0621,-1.0,gap_fabrication_dominant
broad-instruct,ablation_no_rationale_loss,42,form:number,494,0.0034,0.194,-0.9654,gap_fabrication_dominant
broad-instruct,ablation_no_rationale_loss,42,slice:structure_familiar,328,0.0063,0.1176,-0.8979,gap_fabrication_dominant
broad-instruct,ablation_no_rationale_loss,42,slice:structure_novel,421,0.0,0.1442,-1.0,gap_fabrication_dominant
broad-instruct,ablation_placement_random,42,all,749,0.0027,0.0635,-0.9186,gap_fabrication_dominant
broad-instruct,ablation_placement_random,42,axis:gender,70,0.0,0.0,0.0,bipolar_no_dominant_polarity
broad-instruct,ablation_placement_random,42,axis:landholding,315,0.0,0.1282,-1.0,gap_fabrication_dominant
broad-instruct,ablation_placement_random,42,axis:social_group,364,0.0058,0.0208,-0.5636,gap_fabrication_dominant
broad-instruct,ablation_placement_random,42,form:area,255,0.0,0.0113,-1.0,gap_fabrication_dominant
broad-instruct,ablation_placement_random,42,form:number,494,0.0034,0.1095,-0.9395,gap_fabrication_dominant
broad-instruct,ablation_placement_random,42,slice:structure_familiar,328,0.0,0.0471,-1.0,gap_fabrication_dominant
broad-instruct,ablation_placement_random,42,slice:structure_novel,421,0.0047,0.0769,-0.885,gap_fabrication_dominant
broad-instruct,ablation_placement_random_draw2,42,all,749,0.0135,0.0635,-0.6498,gap_fabrication_dominant
broad-instruct,ablation_placement_random_draw2,42,axis:gender,70,0.0,0.0,0.0,bipolar_no_dominant_polarity
broad-instruct,ablation_placement_random_draw2,42,axis:landholding,315,0.0063,0.1218,-0.9018,gap_fabrication_dominant
broad-instruct,ablation_placement_random_draw2,42,axis:social_group,364,0.0233,0.026,-0.0565,bipolar_no_dominant_polarity
broad-instruct,ablation_placement_random_draw2,42,form:area,255,0.0,0.0113,-1.0,gap_fabrication_dominant
broad-instruct,ablation_placement_random_draw2,42,form:number,494,0.0171,0.1095,-0.7302,gap_fabrication_dominant
broad-instruct,ablation_placement_random_draw2,42,slice:structure_familiar,328,0.019,0.0412,-0.3688,gap_fabrication_dominant
broad-instruct,ablation_placement_random_draw2,42,slice:structure_novel,421,0.0094,0.0817,-0.7939,gap_fabrication_dominant
broad-instruct,ablation_placement_random_draw3,42,all,749,0.0054,0.0767,-0.8687,gap_fabrication_dominant
broad-instruct,ablation_placement_random_draw3,42,axis:gender,70,0.0,0.0,0.0,bipolar_no_dominant_polarity
broad-instruct,ablation_placement_random_draw3,42,axis:landholding,315,0.0,0.1282,-1.0,gap_fabrication_dominant
broad-instruct,ablation_placement_random_draw3,42,axis:social_group,364,0.0116,0.0469,-0.6025,gap_fabrication_dominant
broad-instruct,ablation_placement_random_draw3,42,form:area,255,0.0,0.0113,-1.0,gap_fabrication_dominant
broad-instruct,ablation_placement_random_draw3,42,form:number,494,0.0068,0.1343,-0.9033,gap_fabrication_dominant
broad-instruct,ablation_placement_random_draw3,42,slice:structure_familiar,328,0.0127,0.0588,-0.6458,gap_fabrication_dominant
broad-instruct,ablation_placement_random_draw3,42,slice:structure_novel,421,0.0,0.0913,-1.0,gap_fabrication_dominant
broad-instruct,ablation_placement_uniform,42,all,749,0.0,0.1111,-1.0,gap_fabrication_dominant
broad-instruct,ablation_placement_uniform,42,axis:gender,70,0.0,0.0,0.0,bipolar_no_dominant_polarity
broad-instruct,ablation_placement_uniform,42,axis:landholding,315,0.0,0.1346,-1.0,gap_fabrication_dominant
broad-instruct,ablation_placement_uniform,42,axis:social_group,364,0.0,0.1094,-1.0,gap_fabrication_dominant
broad-instruct,ablation_placement_uniform,42,form:area,255,0.0,0.0678,-1.0,gap_fabrication_dominant
broad-instruct,ablation_placement_uniform,42,form:number,494,0.0,0.1493,-1.0,gap_fabrication_dominant
broad-instruct,ablation_placement_uniform,42,slice:structure_familiar,328,0.0,0.0882,-1.0,gap_fabrication_dominant
broad-instruct,ablation_placement_uniform,42,slice:structure_novel,421,0.0,0.1298,-1.0,gap_fabrication_dominant
broad-instruct,ablation_rank_sweep_16,42,all,749,0.0,0.0926,-1.0,gap_fabrication_dominant
broad-instruct,ablation_rank_sweep_16,42,axis:gender,70,0.0,0.0,0.0,bipolar_no_dominant_polarity
broad-instruct,ablation_rank_sweep_16,42,axis:landholding,315,0.0,0.1346,-1.0,gap_fabrication_dominant
broad-instruct,ablation_rank_sweep_16,42,axis:social_group,364,0.0,0.0729,-1.0,gap_fabrication_dominant
broad-instruct,ablation_rank_sweep_16,42,form:area,255,0.0,0.0169,-1.0,gap_fabrication_dominant
broad-instruct,ablation_rank_sweep_16,42,form:number,494,0.0,0.1592,-1.0,gap_fabrication_dominant
broad-instruct,ablation_rank_sweep_16,42,slice:structure_familiar,328,0.0,0.0765,-1.0,gap_fabrication_dominant
broad-instruct,ablation_rank_sweep_16,42,slice:structure_novel,421,0.0,0.1058,-1.0,gap_fabrication_dominant
broad-instruct,ablation_rank_sweep_32,42,all,749,0.0054,0.1085,-0.9053,gap_fabrication_dominant
broad-instruct,ablation_rank_sweep_32,42,axis:gender,70,0.05,0.0,1.0,gap_erasure_dominant
broad-instruct,ablation_rank_sweep_32,42,axis:landholding,315,0.0,0.1346,-1.0,gap_fabrication_dominant
broad-instruct,ablation_rank_sweep_32,42,axis:social_group,364,0.0,0.1042,-1.0,gap_fabrication_dominant
broad-instruct,ablation_rank_sweep_32,42,form:area,255,0.0128,0.0395,-0.5104,gap_fabrication_dominant
broad-instruct,ablation_rank_sweep_32,42,form:number,494,0.0034,0.1692,-0.9604,gap_fabrication_dominant
broad-instruct,ablation_rank_sweep_32,42,slice:structure_familiar,328,0.0063,0.0882,-0.8661,gap_fabrication_dominant
broad-instruct,ablation_rank_sweep_32,42,slice:structure_novel,421,0.0047,0.125,-0.9276,gap_fabrication_dominant
broad-instruct,ablation_rank_sweep_8,42,all,749,0.0,0.0952,-1.0,gap_fabrication_dominant
broad-instruct,ablation_rank_sweep_8,42,axis:gender,70,0.0,0.0,0.0,bipolar_no_dominant_polarity
broad-instruct,ablation_rank_sweep_8,42,axis:landholding,315,0.0,0.1282,-1.0,gap_fabrication_dominant
broad-instruct,ablation_rank_sweep_8,42,axis:social_group,364,0.0,0.0833,-1.0,gap_fabrication_dominant
broad-instruct,ablation_rank_sweep_8,42,form:area,255,0.0,0.0169,-1.0,gap_fabrication_dominant
broad-instruct,ablation_rank_sweep_8,42,form:number,494,0.0,0.1642,-1.0,gap_fabrication_dominant
broad-instruct,ablation_rank_sweep_8,42,slice:structure_familiar,328,0.0,0.0824,-1.0,gap_fabrication_dominant
broad-instruct,ablation_rank_sweep_8,42,slice:structure_novel,421,0.0,0.1058,-1.0,gap_fabrication_dominant
broad-instruct,baseline_dart,42,all,749,0.0108,0.0794,-0.7608,gap_fabrication_dominant
broad-instruct,baseline_dart,42,axis:gender,70,0.0,0.0,0.0,bipolar_no_dominant_polarity
broad-instruct,baseline_dart,42,axis:landholding,315,0.0,0.141,-1.0,gap_fabrication_dominant
broad-instruct,baseline_dart,42,axis:social_group,364,0.0233,0.0417,-0.2836,gap_fabrication_dominant
broad-instruct,baseline_dart,42,form:area,255,0.0,0.0169,-1.0,gap_fabrication_dominant
broad-instruct,baseline_dart,42,form:number,494,0.0137,0.1343,-0.8155,gap_fabrication_dominant
broad-instruct,baseline_dart,42,slice:structure_familiar,328,0.019,0.0706,-0.5761,gap_fabrication_dominant
broad-instruct,baseline_dart,42,slice:structure_novel,421,0.0047,0.0865,-0.8971,gap_fabrication_dominant
broad-instruct,baseline_dart,43,all,749,0.0404,0.0503,-0.1084,bipolar_no_dominant_polarity
broad-instruct,baseline_dart,43,axis:gender,70,0.0,0.0,0.0,bipolar_no_dominant_polarity
broad-instruct,baseline_dart,43,axis:landholding,315,0.0126,0.109,-0.793,gap_fabrication_dominant
broad-instruct,baseline_dart,43,axis:social_group,364,0.0756,0.0104,0.7577,gap_erasure_dominant
broad-instruct,baseline_dart,43,form:area,255,0.0641,0.0113,0.7003,gap_erasure_dominant
broad-instruct,baseline_dart,43,form:number,494,0.0341,0.0846,-0.425,gap_fabrication_dominant
broad-instruct,baseline_dart,43,slice:structure_familiar,328,0.0316,0.0235,0.1471,bipolar_no_dominant_polarity
broad-instruct,baseline_dart,43,slice:structure_novel,421,0.0469,0.0721,-0.2114,gap_fabrication_dominant
broad-instruct,baseline_dart,44,all,749,0.0135,0.0608,-0.6373,gap_fabrication_dominant
broad-instruct,baseline_dart,44,axis:gender,70,0.0,0.0,0.0,bipolar_no_dominant_polarity
broad-instruct,baseline_dart,44,axis:landholding,315,0.0126,0.1282,-0.8213,gap_fabrication_dominant
broad-instruct,baseline_dart,44,axis:social_group,364,0.0174,0.0156,0.0549,bipolar_no_dominant_polarity
broad-instruct,baseline_dart,44,form:area,255,0.0,0.0113,-1.0,gap_fabrication_dominant
broad-instruct,baseline_dart,44,form:number,494,0.0171,0.1045,-0.7192,gap_fabrication_dominant
broad-instruct,baseline_dart,44,slice:structure_familiar,328,0.019,0.0471,-0.425,gap_fabrication_dominant
broad-instruct,baseline_dart,44,slice:structure_novel,421,0.0094,0.0721,-0.7696,gap_fabrication_dominant
broad-instruct,baseline_fairnet,42,all,749,0.0243,0.1032,-0.6193,gap_fabrication_dominant
broad-instruct,baseline_fairnet,42,axis:gender,70,0.0,0.0,0.0,bipolar_no_dominant_polarity
broad-instruct,baseline_fairnet,42,axis:landholding,315,0.0,0.2244,-1.0,gap_fabrication_dominant
broad-instruct,baseline_fairnet,42,axis:social_group,364,0.0523,0.0208,0.4305,gap_erasure_dominant
broad-instruct,baseline_fairnet,42,form:area,255,0.0256,0.0169,0.2041,gap_erasure_dominant
broad-instruct,baseline_fairnet,42,form:number,494,0.0239,0.1791,-0.7646,gap_fabrication_dominant
broad-instruct,baseline_fairnet,42,slice:structure_familiar,328,0.0316,0.0882,-0.472,gap_fabrication_dominant
broad-instruct,baseline_fairnet,42,slice:structure_novel,421,0.0188,0.1154,-0.7201,gap_fabrication_dominant
broad-instruct,baseline_fairnet,43,all,749,0.0647,0.0582,0.0528,bipolar_no_dominant_polarity
broad-instruct,baseline_fairnet,43,axis:gender,70,0.0,0.0,0.0,bipolar_no_dominant_polarity
broad-instruct,baseline_fairnet,43,axis:landholding,315,0.0,0.1218,-1.0,gap_fabrication_dominant
broad-instruct,baseline_fairnet,43,axis:social_group,364,0.1395,0.0156,0.7986,gap_erasure_dominant
broad-instruct,baseline_fairnet,43,form:area,255,0.0897,0.0113,0.7763,gap_erasure_dominant
broad-instruct,baseline_fairnet,43,form:number,494,0.058,0.0995,-0.2633,gap_fabrication_dominant
broad-instruct,baseline_fairnet,43,slice:structure_familiar,328,0.0823,0.0471,0.2723,gap_erasure_dominant
broad-instruct,baseline_fairnet,43,slice:structure_novel,421,0.0516,0.0673,-0.1317,bipolar_no_dominant_polarity
broad-instruct,baseline_fairnet,44,all,749,0.0081,0.127,-0.8803,gap_fabrication_dominant
broad-instruct,baseline_fairnet,44,axis:gender,70,0.075,0.0,1.0,gap_erasure_dominant
broad-instruct,baseline_fairnet,44,axis:landholding,315,0.0,0.1603,-1.0,gap_fabrication_dominant
broad-instruct,baseline_fairnet,44,axis:social_group,364,0.0,0.1198,-1.0,gap_fabrication_dominant
broad-instruct,baseline_fairnet,44,form:area,255,0.0128,0.0452,-0.5581,gap_fabrication_dominant
broad-instruct,baseline_fairnet,44,form:number,494,0.0068,0.199,-0.9337,gap_fabrication_dominant
broad-instruct,baseline_fairnet,44,slice:structure_familiar,328,0.0063,0.1,-0.881,gap_fabrication_dominant
broad-instruct,baseline_fairnet,44,slice:structure_novel,421,0.0094,0.149,-0.8815,gap_fabrication_dominant
broad-instruct,baseline_fairsteer,42,all,749,0.0,0.9947,-1.0,gap_fabrication_dominant
broad-instruct,baseline_fairsteer,42,axis:gender,70,0.0,0.9333,-1.0,gap_fabrication_dominant
broad-instruct,baseline_fairsteer,42,axis:landholding,315,0.0,1.0,-1.0,gap_fabrication_dominant
broad-instruct,baseline_fairsteer,42,axis:social_group,364,0.0,1.0,-1.0,gap_fabrication_dominant
broad-instruct,baseline_fairsteer,42,form:area,255,0.0,0.9887,-1.0,gap_fabrication_dominant
broad-instruct,baseline_fairsteer,42,form:number,494,0.0,1.0,-1.0,gap_fabrication_dominant
broad-instruct,baseline_fairsteer,42,slice:structure_familiar,328,0.0,1.0,-1.0,gap_fabrication_dominant
broad-instruct,baseline_fairsteer,42,slice:structure_novel,421,0.0,0.9904,-1.0,gap_fabrication_dominant
broad-instruct,baseline_igu_lora,42,all,749,0.0189,0.0503,-0.4542,gap_fabrication_dominant
broad-instruct,baseline_igu_lora,42,axis:gender,70,0.0,0.0,0.0,bipolar_no_dominant_polarity
broad-instruct,baseline_igu_lora,42,axis:landholding,315,0.0126,0.1026,-0.7815,gap_fabrication_dominant
broad-instruct,baseline_igu_lora,42,axis:social_group,364,0.0291,0.0156,0.3008,gap_erasure_dominant
broad-instruct,baseline_igu_lora,42,form:area,255,0.0,0.0113,-1.0,gap_fabrication_dominant
broad-instruct,baseline_igu_lora,42,form:number,494,0.0239,0.0846,-0.5595,gap_fabrication_dominant
broad-instruct,baseline_igu_lora,42,slice:structure_familiar,328,0.0253,0.0412,-0.2385,gap_fabrication_dominant
broad-instruct,baseline_igu_lora,42,slice:structure_novel,421,0.0141,0.0577,-0.6075,gap_fabrication_dominant
broad-instruct,baseline_lftf,42,all,749,0.0485,0.0661,-0.1537,bipolar_no_dominant_polarity
broad-instruct,baseline_lftf,42,axis:gender,70,0.0,0.0,0.0,bipolar_no_dominant_polarity
broad-instruct,baseline_lftf,42,axis:landholding,315,0.0063,0.1346,-0.9107,gap_fabrication_dominant
broad-instruct,baseline_lftf,42,axis:social_group,364,0.0988,0.0208,0.6518,gap_erasure_dominant
broad-instruct,baseline_lftf,42,form:area,255,0.1026,0.0113,0.8015,gap_erasure_dominant
broad-instruct,baseline_lftf,42,form:number,494,0.0341,0.1144,-0.5405,gap_fabrication_dominant
broad-instruct,baseline_lftf,42,slice:structure_familiar,328,0.0443,0.0529,-0.0888,bipolar_no_dominant_polarity
broad-instruct,baseline_lftf,42,slice:structure_novel,421,0.0516,0.0769,-0.1966,bipolar_no_dominant_polarity
broad-instruct,baseline_pedal,42,all,749,0.0135,0.0979,-0.758,gap_fabrication_dominant
broad-instruct,baseline_pedal,42,axis:gender,70,0.0,0.0,0.0,bipolar_no_dominant_polarity
broad-instruct,baseline_pedal,42,axis:landholding,315,0.0252,0.1218,-0.6576,gap_fabrication_dominant
broad-instruct,baseline_pedal,42,axis:social_group,364,0.0058,0.0938,-0.8832,gap_fabrication_dominant
broad-instruct,baseline_pedal,42,form:area,255,0.0,0.0282,-1.0,gap_fabrication_dominant
broad-instruct,baseline_pedal,42,form:number,494,0.0171,0.1592,-0.8064,gap_fabrication_dominant
broad-instruct,baseline_pedal,42,slice:structure_familiar,328,0.019,0.0824,-0.6253,gap_fabrication_dominant
broad-instruct,baseline_pedal,42,slice:structure_novel,421,0.0094,0.1106,-0.8435,gap_fabrication_dominant
broad-instruct,baseline_regift,42,all,749,0.0081,0.0582,-0.756,gap_fabrication_dominant
broad-instruct,baseline_regift,42,axis:gender,70,0.0,0.0,0.0,bipolar_no_dominant_polarity
broad-instruct,baseline_regift,42,axis:landholding,315,0.0,0.1218,-1.0,gap_fabrication_dominant
broad-instruct,baseline_regift,42,axis:social_group,364,0.0174,0.0156,0.0549,bipolar_no_dominant_polarity
broad-instruct,baseline_regift,42,form:area,255,0.0,0.0113,-1.0,gap_fabrication_dominant
broad-instruct,baseline_regift,42,form:number,494,0.0102,0.0995,-0.8134,gap_fabrication_dominant
broad-instruct,baseline_regift,42,slice:structure_familiar,328,0.0127,0.0471,-0.5761,gap_fabrication_dominant
broad-instruct,baseline_regift,42,slice:structure_novel,421,0.0047,0.0673,-0.8696,gap_fabrication_dominant
broad-instruct,frozen_base,42,all,749,0.0512,0.7804,-0.8768,gap_fabrication_dominant
broad-instruct,frozen_base,42,axis:gender,70,0.0,0.8667,-1.0,gap_fabrication_dominant
broad-instruct,frozen_base,42,axis:landholding,315,0.0,0.9679,-1.0,gap_fabrication_dominant
broad-instruct,frozen_base,42,axis:social_group,364,0.1105,0.6146,-0.6953,gap_fabrication_dominant
broad-instruct,frozen_base,42,form:area,255,0.0641,0.8418,-0.8585,gap_fabrication_dominant
broad-instruct,frozen_base,42,form:number,494,0.0478,0.7264,-0.8766,gap_fabrication_dominant
broad-instruct,frozen_base,42,slice:structure_familiar,328,0.0253,0.8235,-0.9404,gap_fabrication_dominant
broad-instruct,frozen_base,42,slice:structure_novel,421,0.0704,0.7452,-0.8273,gap_fabrication_dominant
broad-instruct,graft_proposed,42,all,749,0.0081,0.0741,-0.8032,gap_fabrication_dominant
broad-instruct,graft_proposed,42,axis:gender,70,0.0,0.0,0.0,bipolar_no_dominant_polarity
broad-instruct,graft_proposed,42,axis:landholding,315,0.0,0.141,-1.0,gap_fabrication_dominant
broad-instruct,graft_proposed,42,axis:social_group,364,0.0174,0.0312,-0.2836,gap_fabrication_dominant
broad-instruct,graft_proposed,42,form:area,255,0.0,0.0169,-1.0,gap_fabrication_dominant
broad-instruct,graft_proposed,42,form:number,494,0.0102,0.1244,-0.8479,gap_fabrication_dominant
broad-instruct,graft_proposed,42,slice:structure_familiar,328,0.0127,0.0647,-0.6728,gap_fabrication_dominant
broad-instruct,graft_proposed,42,slice:structure_novel,421,0.0047,0.0817,-0.8914,gap_fabrication_dominant
broad-instruct,graft_proposed,43,all,749,0.0027,0.0582,-0.9115,gap_fabrication_dominant
broad-instruct,graft_proposed,43,axis:gender,70,0.0,0.0,0.0,bipolar_no_dominant_polarity
broad-instruct,graft_proposed,43,axis:landholding,315,0.0063,0.1026,-0.8844,gap_fabrication_dominant
broad-instruct,graft_proposed,43,axis:social_group,364,0.0,0.0312,-1.0,gap_fabrication_dominant
broad-instruct,graft_proposed,43,form:area,255,0.0,0.0169,-1.0,gap_fabrication_dominant
broad-instruct,graft_proposed,43,form:number,494,0.0034,0.0945,-0.9303,gap_fabrication_dominant
broad-instruct,graft_proposed,43,slice:structure_familiar,328,0.0,0.0353,-1.0,gap_fabrication_dominant
broad-instruct,graft_proposed,43,slice:structure_novel,421,0.0047,0.0769,-0.885,gap_fabrication_dominant
broad-instruct,graft_proposed,44,all,749,0.0,0.1376,-1.0,gap_fabrication_dominant
broad-instruct,graft_proposed,44,axis:gender,70,0.0,0.0,0.0,bipolar_no_dominant_polarity
broad-instruct,graft_proposed,44,axis:landholding,315,0.0,0.2051,-1.0,gap_fabrication_dominant
broad-instruct,graft_proposed,44,axis:social_group,364,0.0,0.1042,-1.0,gap_fabrication_dominant
broad-instruct,graft_proposed,44,form:area,255,0.0,0.0282,-1.0,gap_fabrication_dominant
broad-instruct,graft_proposed,44,form:number,494,0.0,0.2338,-1.0,gap_fabrication_dominant
broad-instruct,graft_proposed,44,slice:structure_familiar,328,0.0,0.1059,-1.0,gap_fabrication_dominant
broad-instruct,graft_proposed,44,slice:structure_novel,421,0.0,0.1635,-1.0,gap_fabrication_dominant
broad-instruct,graft_proposed_loao_gender,42,all,70,0.725,0.0,1.0,gap_erasure_dominant
broad-instruct,graft_proposed_loao_gender,42,axis:gender,70,0.725,0.0,1.0,gap_erasure_dominant
broad-instruct,graft_proposed_loao_gender,42,form:area,24,0.8824,0.0,1.0,gap_erasure_dominant
broad-instruct,graft_proposed_loao_gender,42,form:number,46,0.6087,0.0,1.0,gap_erasure_dominant
broad-instruct,graft_proposed_loao_gender,42,slice:structure_familiar,28,0.8824,0.0,1.0,gap_erasure_dominant
broad-instruct,graft_proposed_loao_gender,42,slice:structure_novel,42,0.6087,0.0,1.0,gap_erasure_dominant
broad-instruct,graft_proposed_loao_landholding,42,all,315,0.0,0.4167,-1.0,gap_fabrication_dominant
broad-instruct,graft_proposed_loao_landholding,42,axis:landholding,315,0.0,0.4167,-1.0,gap_fabrication_dominant
broad-instruct,graft_proposed_loao_landholding,42,form:area,90,,0.3778,,undetermined
broad-instruct,graft_proposed_loao_landholding,42,form:number,225,0.0,0.4697,-1.0,gap_fabrication_dominant
broad-instruct,graft_proposed_loao_landholding,42,slice:structure_familiar,151,0.0,0.4684,-1.0,gap_fabrication_dominant
broad-instruct,graft_proposed_loao_landholding,42,slice:structure_novel,164,0.0,0.3636,-1.0,gap_fabrication_dominant
broad-instruct,graft_proposed_loao_social_group,42,all,364,0.9477,0.0208,0.957,gap_erasure_dominant
broad-instruct,graft_proposed_loao_social_group,42,axis:social_group,364,0.9477,0.0208,0.957,gap_erasure_dominant
broad-instruct,graft_proposed_loao_social_group,42,form:area,141,1.0,0.0,1.0,gap_erasure_dominant
broad-instruct,graft_proposed_loao_social_group,42,form:number,223,0.9189,0.0357,0.9252,gap_erasure_dominant
broad-instruct,graft_proposed_loao_social_group,42,slice:structure_familiar,149,0.9565,0.0,1.0,gap_erasure_dominant
broad-instruct,graft_proposed_loao_social_group,42,slice:structure_novel,215,0.9417,0.0357,0.9269,gap_erasure_dominant
broad-instruct,graft_proposed_qlora_nf4,42,all,749,0.0027,0.0952,-0.945,gap_fabrication_dominant
broad-instruct,graft_proposed_qlora_nf4,42,axis:gender,70,0.025,0.0,1.0,gap_erasure_dominant
broad-instruct,graft_proposed_qlora_nf4,42,axis:landholding,315,0.0,0.1346,-1.0,gap_fabrication_dominant
broad-instruct,graft_proposed_qlora_nf4,42,axis:social_group,364,0.0,0.0781,-1.0,gap_fabrication_dominant
broad-instruct,graft_proposed_qlora_nf4,42,form:area,255,0.0128,0.0169,-0.1387,bipolar_no_dominant_polarity
broad-instruct,graft_proposed_qlora_nf4,42,form:number,494,0.0,0.1642,-1.0,gap_fabrication_dominant
broad-instruct,graft_proposed_qlora_nf4,42,slice:structure_familiar,328,0.0063,0.0882,-0.8661,gap_fabrication_dominant
broad-instruct,graft_proposed_qlora_nf4,42,slice:structure_novel,421,0.0,0.101,-1.0,gap_fabrication_dominant
broad-instruct,reference_vanilla_lora,42,all,749,0.0108,0.0794,-0.7608,gap_fabrication_dominant
broad-instruct,reference_vanilla_lora,42,axis:gender,70,0.0,0.0,0.0,bipolar_no_dominant_polarity
broad-instruct,reference_vanilla_lora,42,axis:landholding,315,0.0,0.1346,-1.0,gap_fabrication_dominant
broad-instruct,reference_vanilla_lora,42,axis:social_group,364,0.0233,0.0469,-0.3368,gap_fabrication_dominant
broad-instruct,reference_vanilla_lora,42,form:area,255,0.0,0.0282,-1.0,gap_fabrication_dominant
broad-instruct,reference_vanilla_lora,42,form:number,494,0.0137,0.1244,-0.8022,gap_fabrication_dominant
broad-instruct,reference_vanilla_lora,42,slice:structure_familiar,328,0.019,0.0706,-0.5761,gap_fabrication_dominant
broad-instruct,reference_vanilla_lora,42,slice:structure_novel,421,0.0047,0.0865,-0.8971,gap_fabrication_dominant
broad-instruct,reference_vanilla_lora,43,all,749,0.0081,0.0556,-0.7459,gap_fabrication_dominant
broad-instruct,reference_vanilla_lora,43,axis:gender,70,0.0,0.0,0.0,bipolar_no_dominant_polarity
broad-instruct,reference_vanilla_lora,43,axis:landholding,315,0.0,0.1154,-1.0,gap_fabrication_dominant
broad-instruct,reference_vanilla_lora,43,axis:social_group,364,0.0174,0.0156,0.0549,bipolar_no_dominant_polarity
broad-instruct,reference_vanilla_lora,43,form:area,255,0.0,0.0113,-1.0,gap_fabrication_dominant
broad-instruct,reference_vanilla_lora,43,form:number,494,0.0102,0.0945,-0.8045,gap_fabrication_dominant
broad-instruct,reference_vanilla_lora,43,slice:structure_familiar,328,0.0127,0.0353,-0.472,gap_fabrication_dominant
broad-instruct,reference_vanilla_lora,43,slice:structure_novel,421,0.0047,0.0721,-0.8778,gap_fabrication_dominant
broad-instruct,reference_vanilla_lora,44,all,749,0.0404,0.0926,-0.3921,gap_fabrication_dominant
broad-instruct,reference_vanilla_lora,44,axis:gender,70,0.025,0.0,1.0,gap_erasure_dominant
broad-instruct,reference_vanilla_lora,44,axis:landholding,315,0.0629,0.1026,-0.2398,gap_fabrication_dominant
broad-instruct,reference_vanilla_lora,44,axis:social_group,364,0.0233,0.099,-0.6194,gap_fabrication_dominant
broad-instruct,reference_vanilla_lora,44,form:area,255,0.0128,0.0339,-0.4512,gap_fabrication_dominant
broad-instruct,reference_vanilla_lora,44,form:number,494,0.0478,0.1443,-0.5024,gap_fabrication_dominant
broad-instruct,reference_vanilla_lora,44,slice:structure_familiar,328,0.0443,0.0588,-0.1408,bipolar_no_dominant_polarity
broad-instruct,reference_vanilla_lora,44,slice:structure_novel,421,0.0376,0.1202,-0.5238,gap_fabrication_dominant
broad-instruct,reference_vanilla_lora_loao_gender,42,all,70,0.8,0.0,1.0,gap_erasure_dominant
broad-instruct,reference_vanilla_lora_loao_gender,42,axis:gender,70,0.8,0.0,1.0,gap_erasure_dominant
broad-instruct,reference_vanilla_lora_loao_gender,42,form:area,24,0.8824,0.0,1.0,gap_erasure_dominant
broad-instruct,reference_vanilla_lora_loao_gender,42,form:number,46,0.7391,0.0,1.0,gap_erasure_dominant
broad-instruct,reference_vanilla_lora_loao_gender,42,slice:structure_familiar,28,0.8824,0.0,1.0,gap_erasure_dominant
broad-instruct,reference_vanilla_lora_loao_gender,42,slice:structure_novel,42,0.7391,0.0,1.0,gap_erasure_dominant
broad-instruct,reference_vanilla_lora_loao_landholding,42,all,315,0.0503,0.4615,-0.8034,gap_fabrication_dominant
broad-instruct,reference_vanilla_lora_loao_landholding,42,axis:landholding,315,0.0503,0.4615,-0.8034,gap_fabrication_dominant
broad-instruct,reference_vanilla_lora_loao_landholding,42,form:area,90,,0.4889,,undetermined
broad-instruct,reference_vanilla_lora_loao_landholding,42,form:number,225,0.0503,0.4242,-0.788,gap_fabrication_dominant
broad-instruct,reference_vanilla_lora_loao_landholding,42,slice:structure_familiar,151,0.0139,0.519,-0.9479,gap_fabrication_dominant
broad-instruct,reference_vanilla_lora_loao_landholding,42,slice:structure_novel,164,0.0805,0.4026,-0.6669,gap_fabrication_dominant
broad-instruct,reference_vanilla_lora_loao_social_group,42,all,364,0.9942,0.0,1.0,gap_erasure_dominant
broad-instruct,reference_vanilla_lora_loao_social_group,42,axis:social_group,364,0.9942,0.0,1.0,gap_erasure_dominant
broad-instruct,reference_vanilla_lora_loao_social_group,42,form:area,141,1.0,0.0,1.0,gap_erasure_dominant
broad-instruct,reference_vanilla_lora_loao_social_group,42,form:number,223,0.991,0.0,1.0,gap_erasure_dominant
broad-instruct,reference_vanilla_lora_loao_social_group,42,slice:structure_familiar,149,0.9855,0.0,1.0,gap_erasure_dominant
broad-instruct,reference_vanilla_lora_loao_social_group,42,slice:structure_novel,215,1.0,0.0,1.0,gap_erasure_dominant
broad-instruct,reference_vanilla_qlora,42,all,749,0.0027,0.0688,-0.9246,gap_fabrication_dominant
broad-instruct,reference_vanilla_qlora,42,axis:gender,70,0.0,0.0,0.0,bipolar_no_dominant_polarity
broad-instruct,reference_vanilla_qlora,42,axis:landholding,315,0.0,0.141,-1.0,gap_fabrication_dominant
broad-instruct,reference_vanilla_qlora,42,axis:social_group,364,0.0058,0.0208,-0.5636,gap_fabrication_dominant
broad-instruct,reference_vanilla_qlora,42,form:area,255,0.0,0.0113,-1.0,gap_fabrication_dominant
broad-instruct,reference_vanilla_qlora,42,form:number,494,0.0034,0.1194,-0.9444,gap_fabrication_dominant
broad-instruct,reference_vanilla_qlora,42,slice:structure_familiar,328,0.0063,0.0588,-0.8057,gap_fabrication_dominant
broad-instruct,reference_vanilla_qlora,42,slice:structure_novel,421,0.0,0.0769,-1.0,gap_fabrication_dominant
general-instruct,ablation_no_condition_adaptive,42,all,749,0.0243,0.0688,-0.4785,gap_fabrication_dominant
general-instruct,ablation_no_condition_adaptive,42,axis:gender,70,0.0,0.0,0.0,bipolar_no_dominant_polarity
general-instruct,ablation_no_condition_adaptive,42,axis:landholding,315,0.0189,0.1346,-0.7541,gap_fabrication_dominant
general-instruct,ablation_no_condition_adaptive,42,axis:social_group,364,0.0349,0.026,0.1451,bipolar_no_dominant_polarity
general-instruct,ablation_no_condition_adaptive,42,form:area,255,0.0256,0.0226,0.0631,bipolar_no_dominant_polarity
general-instruct,ablation_no_condition_adaptive,42,form:number,494,0.0239,0.1095,-0.6417,gap_fabrication_dominant
general-instruct,ablation_no_condition_adaptive,42,slice:structure_familiar,328,0.019,0.0529,-0.472,gap_fabrication_dominant
general-instruct,ablation_no_condition_adaptive,42,slice:structure_novel,421,0.0282,0.0817,-0.4874,gap_fabrication_dominant
general-instruct,ablation_no_rationale_loss,42,all,749,0.0135,0.082,-0.7177,gap_fabrication_dominant
general-instruct,ablation_no_rationale_loss,42,axis:gender,70,0.0,0.0,0.0,bipolar_no_dominant_polarity
general-instruct,ablation_no_rationale_loss,42,axis:landholding,315,0.0,0.141,-1.0,gap_fabrication_dominant
general-instruct,ablation_no_rationale_loss,42,axis:social_group,364,0.0291,0.0469,-0.2344,gap_fabrication_dominant
general-instruct,ablation_no_rationale_loss,42,form:area,255,0.0,0.0339,-1.0,gap_fabrication_dominant
general-instruct,ablation_no_rationale_loss,42,form:number,494,0.0171,0.1244,-0.7587,gap_fabrication_dominant
general-instruct,ablation_no_rationale_loss,42,slice:structure_familiar,328,0.0253,0.0647,-0.4376,gap_fabrication_dominant
general-instruct,ablation_no_rationale_loss,42,slice:structure_novel,421,0.0047,0.0962,-0.9069,gap_fabrication_dominant
general-instruct,ablation_placement_random,42,all,749,0.0162,0.0635,-0.594,gap_fabrication_dominant
general-instruct,ablation_placement_random,42,axis:gender,70,0.0,0.0,0.0,bipolar_no_dominant_polarity
general-instruct,ablation_placement_random,42,axis:landholding,315,0.0063,0.1346,-0.9107,gap_fabrication_dominant
general-instruct,ablation_placement_random,42,axis:social_group,364,0.0291,0.0156,0.3008,gap_erasure_dominant
general-instruct,ablation_placement_random,42,form:area,255,0.0,0.0113,-1.0,gap_fabrication_dominant
general-instruct,ablation_placement_random,42,form:number,494,0.0205,0.1095,-0.6848,gap_fabrication_dominant
general-instruct,ablation_placement_random,42,slice:structure_familiar,328,0.0253,0.0471,-0.3004,gap_fabrication_dominant
general-instruct,ablation_placement_random,42,slice:structure_novel,421,0.0094,0.0769,-0.7824,gap_fabrication_dominant
general-instruct,ablation_placement_random_draw2,42,all,749,0.0,0.0794,-1.0,gap_fabrication_dominant
general-instruct,ablation_placement_random_draw2,42,axis:gender,70,0.0,0.0,0.0,bipolar_no_dominant_polarity
general-instruct,ablation_placement_random_draw2,42,axis:landholding,315,0.0,0.1474,-1.0,gap_fabrication_dominant
general-instruct,ablation_placement_random_draw2,42,axis:social_group,364,0.0,0.0365,-1.0,gap_fabrication_dominant
general-instruct,ablation_placement_random_draw2,42,form:area,255,0.0,0.0113,-1.0,gap_fabrication_dominant
general-instruct,ablation_placement_random_draw2,42,form:number,494,0.0,0.1393,-1.0,gap_fabrication_dominant
general-instruct,ablation_placement_random_draw2,42,slice:structure_familiar,328,0.0,0.0588,-1.0,gap_fabrication_dominant
general-instruct,ablation_placement_random_draw2,42,slice:structure_novel,421,0.0,0.0962,-1.0,gap_fabrication_dominant
general-instruct,ablation_placement_random_draw3,42,all,749,0.0054,0.0979,-0.8956,gap_fabrication_dominant
general-instruct,ablation_placement_random_draw3,42,axis:gender,70,0.0,0.0,0.0,bipolar_no_dominant_polarity
general-instruct,ablation_placement_random_draw3,42,axis:landholding,315,0.0,0.1346,-1.0,gap_fabrication_dominant
general-instruct,ablation_placement_random_draw3,42,axis:social_group,364,0.0116,0.0833,-0.7551,gap_fabrication_dominant
general-instruct,ablation_placement_random_draw3,42,form:area,255,0.0,0.0395,-1.0,gap_fabrication_dominant
general-instruct,ablation_placement_random_draw3,42,form:number,494,0.0068,0.1493,-0.9125,gap_fabrication_dominant
general-instruct,ablation_placement_random_draw3,42,slice:structure_familiar,328,0.0127,0.0882,-0.7491,gap_fabrication_dominant
general-instruct,ablation_placement_random_draw3,42,slice:structure_novel,421,0.0,0.1058,-1.0,gap_fabrication_dominant
general-instruct,ablation_placement_uniform,42,all,749,0.0,0.0847,-1.0,gap_fabrication_dominant
general-instruct,ablation_placement_uniform,42,axis:gender,70,0.0,0.0,0.0,bipolar_no_dominant_polarity
general-instruct,ablation_placement_uniform,42,axis:landholding,315,0.0,0.1346,-1.0,gap_fabrication_dominant
general-instruct,ablation_placement_uniform,42,axis:social_group,364,0.0,0.0573,-1.0,gap_fabrication_dominant
general-instruct,ablation_placement_uniform,42,form:area,255,0.0,0.0169,-1.0,gap_fabrication_dominant
general-instruct,ablation_placement_uniform,42,form:number,494,0.0,0.1443,-1.0,gap_fabrication_dominant
general-instruct,ablation_placement_uniform,42,slice:structure_familiar,328,0.0,0.0588,-1.0,gap_fabrication_dominant
general-instruct,ablation_placement_uniform,42,slice:structure_novel,421,0.0,0.1058,-1.0,gap_fabrication_dominant
general-instruct,ablation_rank_sweep_16,42,all,749,0.0135,0.0635,-0.6498,gap_fabrication_dominant
general-instruct,ablation_rank_sweep_16,42,axis:gender,70,0.075,0.0,1.0,gap_erasure_dominant
general-instruct,ablation_rank_sweep_16,42,axis:landholding,315,0.0,0.1282,-1.0,gap_fabrication_dominant
general-instruct,ablation_rank_sweep_16,42,axis:social_group,364,0.0116,0.0208,-0.2836,gap_fabrication_dominant
general-instruct,ablation_rank_sweep_16,42,form:area,255,0.0256,0.0113,0.3882,gap_erasure_dominant
general-instruct,ablation_rank_sweep_16,42,form:number,494,0.0102,0.1095,-0.8289,gap_fabrication_dominant
general-instruct,ablation_rank_sweep_16,42,slice:structure_familiar,328,0.019,0.0471,-0.425,gap_fabrication_dominant
general-instruct,ablation_rank_sweep_16,42,slice:structure_novel,421,0.0094,0.0769,-0.7824,gap_fabrication_dominant
general-instruct,ablation_rank_sweep_32,42,all,749,0.0135,0.127,-0.8081,gap_fabrication_dominant
general-instruct,ablation_rank_sweep_32,42,axis:gender,70,0.0,0.0,0.0,bipolar_no_dominant_polarity
general-instruct,ablation_rank_sweep_32,42,axis:landholding,315,0.0314,0.1795,-0.7018,gap_fabrication_dominant
general-instruct,ablation_rank_sweep_32,42,axis:social_group,364,0.0,0.1042,-1.0,gap_fabrication_dominant
general-instruct,ablation_rank_sweep_32,42,form:area,255,0.0,0.1073,-1.0,gap_fabrication_dominant
general-instruct,ablation_rank_sweep_32,42,form:number,494,0.0171,0.1443,-0.7885,gap_fabrication_dominant
general-instruct,ablation_rank_sweep_32,42,slice:structure_familiar,328,0.0127,0.1176,-0.8057,gap_fabrication_dominant
general-instruct,ablation_rank_sweep_32,42,slice:structure_novel,421,0.0141,0.1346,-0.8106,gap_fabrication_dominant
general-instruct,ablation_rank_sweep_8,42,all,749,0.0162,0.0661,-0.607,gap_fabrication_dominant
general-instruct,ablation_rank_sweep_8,42,axis:gender,70,0.0,0.0,0.0,bipolar_no_dominant_polarity
general-instruct,ablation_rank_sweep_8,42,axis:landholding,315,0.0189,0.1346,-0.7541,gap_fabrication_dominant
general-instruct,ablation_rank_sweep_8,42,axis:social_group,364,0.0174,0.0208,-0.0886,bipolar_no_dominant_polarity
general-instruct,ablation_rank_sweep_8,42,form:area,255,0.0,0.0113,-1.0,gap_fabrication_dominant
general-instruct,ablation_rank_sweep_8,42,form:number,494,0.0205,0.1144,-0.6964,gap_fabrication_dominant
general-instruct,ablation_rank_sweep_8,42,slice:structure_familiar,328,0.019,0.0471,-0.425,gap_fabrication_dominant
general-instruct,ablation_rank_sweep_8,42,slice:structure_novel,421,0.0141,0.0817,-0.706,gap_fabrication_dominant
general-instruct,baseline_dart,42,all,749,0.0296,0.0582,-0.325,gap_fabrication_dominant
general-instruct,baseline_dart,42,axis:gender,70,0.225,0.0,1.0,gap_erasure_dominant
general-instruct,baseline_dart,42,axis:landholding,315,0.0,0.1218,-1.0,gap_fabrication_dominant
general-instruct,baseline_dart,42,axis:social_group,364,0.0116,0.0156,-0.1467,bipolar_no_dominant_polarity
general-instruct,baseline_dart,42,form:area,255,0.0256,0.0113,0.3882,gap_erasure_dominant
general-instruct,baseline_dart,42,form:number,494,0.0307,0.0995,-0.5282,gap_fabrication_dominant
general-instruct,baseline_dart,42,slice:structure_familiar,328,0.0253,0.0471,-0.3004,gap_fabrication_dominant
general-instruct,baseline_dart,42,slice:structure_novel,421,0.0329,0.0673,-0.3438,gap_fabrication_dominant
general-instruct,baseline_dart,43,all,749,0.0054,0.0661,-0.8493,gap_fabrication_dominant
general-instruct,baseline_dart,43,axis:gender,70,0.0,0.0,0.0,bipolar_no_dominant_polarity
general-instruct,baseline_dart,43,axis:landholding,315,0.0,0.1154,-1.0,gap_fabrication_dominant
general-instruct,baseline_dart,43,axis:social_group,364,0.0116,0.0365,-0.5164,gap_fabrication_dominant
general-instruct,baseline_dart,43,form:area,255,0.0,0.0113,-1.0,gap_fabrication_dominant
general-instruct,baseline_dart,43,form:number,494,0.0068,0.1144,-0.8874,gap_fabrication_dominant
general-instruct,baseline_dart,43,slice:structure_familiar,328,0.0063,0.0529,-0.7864,gap_fabrication_dominant
general-instruct,baseline_dart,43,slice:structure_novel,421,0.0047,0.0769,-0.885,gap_fabrication_dominant
general-instruct,baseline_dart,44,all,749,0.027,0.0529,-0.325,gap_fabrication_dominant
general-instruct,baseline_dart,44,axis:gender,70,0.0,0.0,0.0,bipolar_no_dominant_polarity
general-instruct,baseline_dart,44,axis:landholding,315,0.044,0.1026,-0.3993,gap_fabrication_dominant
general-instruct,baseline_dart,44,axis:social_group,364,0.0174,0.0208,-0.0886,bipolar_no_dominant_polarity
general-instruct,baseline_dart,44,form:area,255,0.0256,0.0,1.0,gap_erasure_dominant
general-instruct,baseline_dart,44,form:number,494,0.0273,0.0995,-0.5694,gap_fabrication_dominant
general-instruct,baseline_dart,44,slice:structure_familiar,328,0.0253,0.0471,-0.3004,gap_fabrication_dominant
general-instruct,baseline_dart,44,slice:structure_novel,421,0.0282,0.0577,-0.3438,gap_fabrication_dominant
general-instruct,baseline_fairnet,42,all,749,0.0108,0.0688,-0.729,gap_fabrication_dominant
general-instruct,baseline_fairnet,42,axis:gender,70,0.0,0.0,0.0,bipolar_no_dominant_polarity
general-instruct,baseline_fairnet,42,axis:landholding,315,0.0,0.141,-1.0,gap_fabrication_dominant
general-instruct,baseline_fairnet,42,axis:social_group,364,0.0233,0.0208,0.0549,bipolar_no_dominant_polarity
general-instruct,baseline_fairnet,42,form:area,255,0.0,0.0113,-1.0,gap_fabrication_dominant
general-instruct,baseline_fairnet,42,form:number,494,0.0137,0.1194,-0.7948,gap_fabrication_dominant
general-instruct,baseline_fairnet,42,slice:structure_familiar,328,0.019,0.0588,-0.512,gap_fabrication_dominant
general-instruct,baseline_fairnet,42,slice:structure_novel,421,0.0047,0.0769,-0.885,gap_fabrication_dominant
general-instruct,baseline_fairnet,43,all,749,0.0108,0.0952,-0.7966,gap_fabrication_dominant
general-instruct,baseline_fairnet,43,axis:gender,70,0.0,0.0,0.0,bipolar_no_dominant_polarity
general-instruct,baseline_fairnet,43,axis:landholding,315,0.0,0.141,-1.0,gap_fabrication_dominant
general-instruct,baseline_fairnet,43,axis:social_group,364,0.0233,0.0729,-0.5164,gap_fabrication_dominant
general-instruct,baseline_fairnet,43,form:area,255,0.0128,0.0226,-0.2761,gap_fabrication_dominant
general-instruct,baseline_fairnet,43,form:number,494,0.0102,0.1592,-0.8791,gap_fabrication_dominant
general-instruct,baseline_fairnet,43,slice:structure_familiar,328,0.019,0.0824,-0.6253,gap_fabrication_dominant
general-instruct,baseline_fairnet,43,slice:structure_novel,421,0.0047,0.1058,-0.915,gap_fabrication_dominant
general-instruct,baseline_fairnet,44,all,749,0.0323,0.0926,-0.4822,gap_fabrication_dominant
general-instruct,baseline_fairnet,44,axis:gender,70,0.0,0.0,0.0,bipolar_no_dominant_polarity
general-instruct,baseline_fairnet,44,axis:landholding,315,0.0,0.141,-1.0,gap_fabrication_dominant
general-instruct,baseline_fairnet,44,axis:social_group,364,0.0698,0.0677,0.015,bipolar_no_dominant_polarity
general-instruct,baseline_fairnet,44,form:area,255,0.0513,0.0339,0.2041,gap_erasure_dominant
general-instruct,baseline_fairnet,44,form:number,494,0.0273,0.1443,-0.6817,gap_fabrication_dominant
general-instruct,baseline_fairnet,44,slice:structure_familiar,328,0.038,0.0765,-0.3364,gap_fabrication_dominant
general-instruct,baseline_fairnet,44,slice:structure_novel,421,0.0282,0.1058,-0.5794,gap_fabrication_dominant
general-instruct,baseline_fairsteer,42,all,749,0.0,1.0,-1.0,gap_fabrication_dominant
general-instruct,baseline_fairsteer,42,axis:gender,70,0.0,1.0,-1.0,gap_fabrication_dominant
general-instruct,baseline_fairsteer,42,axis:landholding,315,0.0,1.0,-1.0,gap_fabrication_dominant
general-instruct,baseline_fairsteer,42,axis:social_group,364,0.0,1.0,-1.0,gap_fabrication_dominant
general-instruct,baseline_fairsteer,42,form:area,255,0.0,1.0,-1.0,gap_fabrication_dominant
general-instruct,baseline_fairsteer,42,form:number,494,0.0,1.0,-1.0,gap_fabrication_dominant
general-instruct,baseline_fairsteer,42,slice:structure_familiar,328,0.0,1.0,-1.0,gap_fabrication_dominant
general-instruct,baseline_fairsteer,42,slice:structure_novel,421,0.0,1.0,-1.0,gap_fabrication_dominant
general-instruct,baseline_igu_lora,42,all,749,0.035,0.0608,-0.2691,gap_fabrication_dominant
general-instruct,baseline_igu_lora,42,axis:gender,70,0.0,0.0,0.0,bipolar_no_dominant_polarity
general-instruct,baseline_igu_lora,42,axis:landholding,315,0.0,0.1282,-1.0,gap_fabrication_dominant
general-instruct,baseline_igu_lora,42,axis:social_group,364,0.0756,0.0156,0.6574,gap_erasure_dominant
general-instruct,baseline_igu_lora,42,form:area,255,0.0385,0.0113,0.5459,gap_erasure_dominant
general-instruct,baseline_igu_lora,42,form:number,494,0.0341,0.1045,-0.5075,gap_fabrication_dominant
general-instruct,baseline_igu_lora,42,slice:structure_familiar,328,0.0506,0.0471,0.0366,bipolar_no_dominant_polarity
general-instruct,baseline_igu_lora,42,slice:structure_novel,421,0.0235,0.0721,-0.5089,gap_fabrication_dominant
general-instruct,baseline_lftf,42,all,749,0.0108,0.0714,-0.7377,gap_fabrication_dominant
general-instruct,baseline_lftf,42,axis:gender,70,0.0,0.0,0.0,bipolar_no_dominant_polarity
general-instruct,baseline_lftf,42,axis:landholding,315,0.0,0.141,-1.0,gap_fabrication_dominant
general-instruct,baseline_lftf,42,axis:social_group,364,0.0233,0.026,-0.0565,bipolar_no_dominant_polarity
general-instruct,baseline_lftf,42,form:area,255,0.0,0.0169,-1.0,gap_fabrication_dominant
general-instruct,baseline_lftf,42,form:number,494,0.0137,0.1194,-0.7948,gap_fabrication_dominant
general-instruct,baseline_lftf,42,slice:structure_familiar,328,0.019,0.0647,-0.5463,gap_fabrication_dominant
general-instruct,baseline_lftf,42,slice:structure_novel,421,0.0047,0.0769,-0.885,gap_fabrication_dominant
general-instruct,baseline_pedal,42,all,749,0.0,0.127,-1.0,gap_fabrication_dominant
general-instruct,baseline_pedal,42,axis:gender,70,0.0,0.0,0.0,bipolar_no_dominant_polarity
general-instruct,baseline_pedal,42,axis:landholding,315,0.0,0.1346,-1.0,gap_fabrication_dominant
general-instruct,baseline_pedal,42,axis:social_group,364,0.0,0.1406,-1.0,gap_fabrication_dominant
general-instruct,baseline_pedal,42,form:area,255,0.0,0.0678,-1.0,gap_fabrication_dominant
general-instruct,baseline_pedal,42,form:number,494,0.0,0.1791,-1.0,gap_fabrication_dominant
general-instruct,baseline_pedal,42,slice:structure_familiar,328,0.0,0.1118,-1.0,gap_fabrication_dominant
general-instruct,baseline_pedal,42,slice:structure_novel,421,0.0,0.1394,-1.0,gap_fabrication_dominant
general-instruct,baseline_regift,42,all,749,0.0566,0.0265,0.363,gap_erasure_dominant
general-instruct,baseline_regift,42,axis:gender,70,0.0,0.0,0.0,bipolar_no_dominant_polarity
general-instruct,baseline_regift,42,axis:landholding,315,0.1006,0.0449,0.3832,gap_erasure_dominant
general-instruct,baseline_regift,42,axis:social_group,364,0.0291,0.0156,0.3008,gap_erasure_dominant
general-instruct,baseline_regift,42,form:area,255,0.0128,0.0113,0.0631,bipolar_no_dominant_polarity
general-instruct,baseline_regift,42,form:number,494,0.0683,0.0398,0.2634,gap_erasure_dominant
general-instruct,baseline_regift,42,slice:structure_familiar,328,0.0443,0.0235,0.3063,gap_erasure_dominant
general-instruct,baseline_regift,42,slice:structure_novel,421,0.0657,0.0288,0.39,gap_erasure_dominant
general-instruct,frozen_base,42,all,749,0.0323,0.8545,-0.9271,gap_fabrication_dominant
general-instruct,frozen_base,42,axis:gender,70,0.125,0.7,-0.697,gap_fabrication_dominant
general-instruct,frozen_base,42,axis:landholding,315,0.0189,0.9423,-0.9607,gap_fabrication_dominant
general-instruct,frozen_base,42,axis:social_group,364,0.0233,0.8073,-0.944,gap_fabrication_dominant
general-instruct,frozen_base,42,form:area,255,0.0256,0.8475,-0.9413,gap_fabrication_dominant
general-instruct,frozen_base,42,form:number,494,0.0341,0.8607,-0.9237,gap_fabrication_dominant
general-instruct,frozen_base,42,slice:structure_familiar,328,0.0316,0.9118,-0.9329,gap_fabrication_dominant
general-instruct,frozen_base,42,slice:structure_novel,421,0.0329,0.8077,-0.9218,gap_fabrication_dominant
general-instruct,graft_proposed,42,all,749,0.0054,0.0899,-0.8869,gap_fabrication_dominant
general-instruct,graft_proposed,42,axis:gender,70,0.0,0.0,0.0,bipolar_no_dominant_polarity
general-instruct,graft_proposed,42,axis:landholding,315,0.0,0.141,-1.0,gap_fabrication_dominant
general-instruct,graft_proposed,42,axis:social_group,364,0.0116,0.0625,-0.6863,gap_fabrication_dominant
general-instruct,graft_proposed,42,form:area,255,0.0,0.0565,-1.0,gap_fabrication_dominant
general-instruct,graft_proposed,42,form:number,494,0.0068,0.1194,-0.8918,gap_fabrication_dominant
general-instruct,graft_proposed,42,slice:structure_familiar,328,0.0127,0.0588,-0.6458,gap_fabrication_dominant
general-instruct,graft_proposed,42,slice:structure_novel,421,0.0,0.1154,-1.0,gap_fabrication_dominant
general-instruct,graft_proposed,43,all,749,0.0054,0.0714,-0.8596,gap_fabrication_dominant
general-instruct,graft_proposed,43,axis:gender,70,0.0,0.0,0.0,bipolar_no_dominant_polarity
general-instruct,graft_proposed,43,axis:landholding,315,0.0,0.1346,-1.0,gap_fabrication_dominant
general-instruct,graft_proposed,43,axis:social_group,364,0.0116,0.0312,-0.4576,gap_fabrication_dominant
general-instruct,graft_proposed,43,form:area,255,0.0,0.0169,-1.0,gap_fabrication_dominant
general-instruct,graft_proposed,43,form:number,494,0.0068,0.1194,-0.8918,gap_fabrication_dominant
general-instruct,graft_proposed,43,slice:structure_familiar,328,0.0063,0.0529,-0.7864,gap_fabrication_dominant
general-instruct,graft_proposed,43,slice:structure_novel,421,0.0047,0.0865,-0.8971,gap_fabrication_dominant
general-instruct,graft_proposed,44,all,749,0.0027,0.2354,-0.9774,gap_fabrication_dominant
general-instruct,graft_proposed,44,axis:gender,70,0.0,0.2667,-1.0,gap_fabrication_dominant
general-instruct,graft_proposed,44,axis:landholding,315,0.0,0.3654,-1.0,gap_fabrication_dominant
general-instruct,graft_proposed,44,axis:social_group,364,0.0058,0.125,-0.9111,gap_fabrication_dominant
general-instruct,graft_proposed,44,form:area,255,0.0,0.0565,-1.0,gap_fabrication_dominant
general-instruct,graft_proposed,44,form:number,494,0.0034,0.393,-0.9828,gap_fabrication_dominant
general-instruct,graft_proposed,44,slice:structure_familiar,328,0.0063,0.2353,-0.9476,gap_fabrication_dominant
general-instruct,graft_proposed,44,slice:structure_novel,421,0.0,0.2356,-1.0,gap_fabrication_dominant
general-instruct,graft_proposed_loao_gender,42,all,70,0.75,0.0,1.0,gap_erasure_dominant
general-instruct,graft_proposed_loao_gender,42,axis:gender,70,0.75,0.0,1.0,gap_erasure_dominant
general-instruct,graft_proposed_loao_gender,42,form:area,24,1.0,0.0,1.0,gap_erasure_dominant
general-instruct,graft_proposed_loao_gender,42,form:number,46,0.5652,0.0,1.0,gap_erasure_dominant
general-instruct,graft_proposed_loao_gender,42,slice:structure_familiar,28,1.0,0.0,1.0,gap_erasure_dominant
general-instruct,graft_proposed_loao_gender,42,slice:structure_novel,42,0.5652,0.0,1.0,gap_erasure_dominant
general-instruct,graft_proposed_loao_landholding,42,all,315,0.0503,0.4359,-0.793,gap_fabrication_dominant
general-instruct,graft_proposed_loao_landholding,42,axis:landholding,315,0.0503,0.4359,-0.793,gap_fabrication_dominant
general-instruct,graft_proposed_loao_landholding,42,form:area,90,,0.4667,,undetermined
general-instruct,graft_proposed_loao_landholding,42,form:number,225,0.0503,0.3939,-0.7735,gap_fabrication_dominant
general-instruct,graft_proposed_loao_landholding,42,slice:structure_familiar,151,0.0417,0.4557,-0.8324,gap_fabrication_dominant
general-instruct,graft_proposed_loao_landholding,42,slice:structure_novel,164,0.0575,0.4156,-0.757,gap_fabrication_dominant
general-instruct,graft_proposed_loao_social_group,42,all,364,0.5,0.0469,0.8286,gap_erasure_dominant
general-instruct,graft_proposed_loao_social_group,42,axis:social_group,364,0.5,0.0469,0.8286,gap_erasure_dominant
general-instruct,graft_proposed_loao_social_group,42,form:area,141,1.0,0.0,1.0,gap_erasure_dominant
general-instruct,graft_proposed_loao_social_group,42,form:number,223,0.2252,0.0804,0.4741,gap_erasure_dominant
general-instruct,graft_proposed_loao_social_group,42,slice:structure_familiar,149,0.5072,0.0375,0.8623,gap_erasure_dominant
general-instruct,graft_proposed_loao_social_group,42,slice:structure_novel,215,0.4951,0.0536,0.8047,gap_erasure_dominant
general-instruct,graft_proposed_qlora_nf4,42,all,749,0.0054,0.0926,-0.89,gap_fabrication_dominant
general-instruct,graft_proposed_qlora_nf4,42,axis:gender,70,0.0,0.0,0.0,bipolar_no_dominant_polarity
general-instruct,graft_proposed_qlora_nf4,42,axis:landholding,315,0.0,0.1474,-1.0,gap_fabrication_dominant
general-instruct,graft_proposed_qlora_nf4,42,axis:social_group,364,0.0116,0.0625,-0.6863,gap_fabrication_dominant
general-instruct,graft_proposed_qlora_nf4,42,form:area,255,0.0128,0.0226,-0.2761,gap_fabrication_dominant
general-instruct,graft_proposed_qlora_nf4,42,form:number,494,0.0034,0.1542,-0.9567,gap_fabrication_dominant
general-instruct,graft_proposed_qlora_nf4,42,slice:structure_familiar,328,0.0127,0.0706,-0.6959,gap_fabrication_dominant
general-instruct,graft_proposed_qlora_nf4,42,slice:structure_novel,421,0.0,0.1106,-1.0,gap_fabrication_dominant
general-instruct,reference_vanilla_lora,42,all,749,0.0054,0.0741,-0.8643,gap_fabrication_dominant
general-instruct,reference_vanilla_lora,42,axis:gender,70,0.0,0.0,0.0,bipolar_no_dominant_polarity
general-instruct,reference_vanilla_lora,42,axis:landholding,315,0.0,0.141,-1.0,gap_fabrication_dominant
general-instruct,reference_vanilla_lora,42,axis:social_group,364,0.0116,0.0312,-0.4576,gap_fabrication_dominant
general-instruct,reference_vanilla_lora,42,form:area,255,0.0,0.0113,-1.0,gap_fabrication_dominant
general-instruct,reference_vanilla_lora,42,form:number,494,0.0068,0.1294,-0.8998,gap_fabrication_dominant
general-instruct,reference_vanilla_lora,42,slice:structure_familiar,328,0.0063,0.0588,-0.8057,gap_fabrication_dominant
general-instruct,reference_vanilla_lora,42,slice:structure_novel,421,0.0047,0.0865,-0.8971,gap_fabrication_dominant
general-instruct,reference_vanilla_lora,43,all,749,0.0135,0.0952,-0.7521,gap_fabrication_dominant
general-instruct,reference_vanilla_lora,43,axis:gender,70,0.0,0.0,0.0,bipolar_no_dominant_polarity
general-instruct,reference_vanilla_lora,43,axis:landholding,315,0.0063,0.1538,-0.9215,gap_fabrication_dominant
general-instruct,reference_vanilla_lora,43,axis:social_group,364,0.0233,0.0625,-0.4576,gap_fabrication_dominant
general-instruct,reference_vanilla_lora,43,form:area,255,0.0256,0.0113,0.3882,gap_erasure_dominant
general-instruct,reference_vanilla_lora,43,form:number,494,0.0102,0.1692,-0.8858,gap_fabrication_dominant
general-instruct,reference_vanilla_lora,43,slice:structure_familiar,328,0.0127,0.0765,-0.716,gap_fabrication_dominant
general-instruct,reference_vanilla_lora,43,slice:structure_novel,421,0.0141,0.1106,-0.774,gap_fabrication_dominant
general-instruct,reference_vanilla_lora,44,all,749,0.0243,0.1138,-0.6485,gap_fabrication_dominant
general-instruct,reference_vanilla_lora,44,axis:gender,70,0.0,0.0,0.0,bipolar_no_dominant_polarity
general-instruct,reference_vanilla_lora,44,axis:landholding,315,0.0377,0.141,-0.5778,gap_fabrication_dominant
general-instruct,reference_vanilla_lora,44,axis:social_group,364,0.0174,0.1094,-0.7249,gap_fabrication_dominant
general-instruct,reference_vanilla_lora,44,form:area,255,0.0128,0.0508,-0.5973,gap_fabrication_dominant
general-instruct,reference_vanilla_lora,44,form:number,494,0.0273,0.1692,-0.722,gap_fabrication_dominant
general-instruct,reference_vanilla_lora,44,slice:structure_familiar,328,0.0443,0.1,-0.386,gap_fabrication_dominant
general-instruct,reference_vanilla_lora,44,slice:structure_novel,421,0.0094,0.125,-0.8603,gap_fabrication_dominant
general-instruct,reference_vanilla_lora_loao_gender,42,all,70,0.5,0.0,1.0,gap_erasure_dominant
general-instruct,reference_vanilla_lora_loao_gender,42,axis:gender,70,0.5,0.0,1.0,gap_erasure_dominant
general-instruct,reference_vanilla_lora_loao_gender,42,form:area,24,0.4706,0.0,1.0,gap_erasure_dominant
general-instruct,reference_vanilla_lora_loao_gender,42,form:number,46,0.5217,0.0,1.0,gap_erasure_dominant
general-instruct,reference_vanilla_lora_loao_gender,42,slice:structure_familiar,28,0.4706,0.0,1.0,gap_erasure_dominant
general-instruct,reference_vanilla_lora_loao_gender,42,slice:structure_novel,42,0.5217,0.0,1.0,gap_erasure_dominant
general-instruct,reference_vanilla_lora_loao_landholding,42,all,315,0.3648,0.1474,0.4243,gap_erasure_dominant
general-instruct,reference_vanilla_lora_loao_landholding,42,axis:landholding,315,0.3648,0.1474,0.4243,gap_erasure_dominant
general-instruct,reference_vanilla_lora_loao_landholding,42,form:area,90,,0.1444,,undetermined
general-instruct,reference_vanilla_lora_loao_landholding,42,form:number,225,0.3648,0.1515,0.4131,gap_erasure_dominant
general-instruct,reference_vanilla_lora_loao_landholding,42,slice:structure_familiar,151,0.1806,0.2152,-0.0875,bipolar_no_dominant_polarity
general-instruct,reference_vanilla_lora_loao_landholding,42,slice:structure_novel,164,0.5172,0.0779,0.7381,gap_erasure_dominant
general-instruct,reference_vanilla_lora_loao_social_group,42,all,364,0.6628,0.0208,0.9391,gap_erasure_dominant
general-instruct,reference_vanilla_lora_loao_social_group,42,axis:social_group,364,0.6628,0.0208,0.9391,gap_erasure_dominant
general-instruct,reference_vanilla_lora_loao_social_group,42,form:area,141,0.7541,0.0,1.0,gap_erasure_dominant
general-instruct,reference_vanilla_lora_loao_social_group,42,form:number,223,0.6126,0.0357,0.8898,gap_erasure_dominant
general-instruct,reference_vanilla_lora_loao_social_group,42,slice:structure_familiar,149,0.5797,0.0,1.0,gap_erasure_dominant
general-instruct,reference_vanilla_lora_loao_social_group,42,slice:structure_novel,215,0.7184,0.0357,0.9053,gap_erasure_dominant
general-instruct,reference_vanilla_qlora,42,all,749,0.0189,0.0608,-0.5266,gap_fabrication_dominant
general-instruct,reference_vanilla_qlora,42,axis:gender,70,0.0,0.0,0.0,bipolar_no_dominant_polarity
general-instruct,reference_vanilla_qlora,42,axis:landholding,315,0.0189,0.1282,-0.7434,gap_fabrication_dominant
general-instruct,reference_vanilla_qlora,42,axis:social_group,364,0.0233,0.0156,0.1963,bipolar_no_dominant_polarity
general-instruct,reference_vanilla_qlora,42,form:area,255,0.0,0.0113,-1.0,gap_fabrication_dominant
general-instruct,reference_vanilla_qlora,42,form:number,494,0.0239,0.1045,-0.6278,gap_fabrication_dominant
general-instruct,reference_vanilla_qlora,42,slice:structure_familiar,328,0.0316,0.0412,-0.1309,bipolar_no_dominant_polarity
general-instruct,reference_vanilla_qlora,42,slice:structure_novel,421,0.0094,0.0769,-0.7824,gap_fabrication_dominant
general-instruct-2,ablation_no_condition_adaptive,42,all,749,0.0135,0.1111,-0.7837,gap_fabrication_dominant
general-instruct-2,ablation_no_condition_adaptive,42,axis:gender,70,0.075,0.0,1.0,gap_erasure_dominant
general-instruct-2,ablation_no_condition_adaptive,42,axis:landholding,315,0.0,0.141,-1.0,gap_fabrication_dominant
general-instruct-2,ablation_no_condition_adaptive,42,axis:social_group,364,0.0116,0.1042,-0.7992,gap_fabrication_dominant
general-instruct-2,ablation_no_condition_adaptive,42,form:area,255,0.0,0.0565,-1.0,gap_fabrication_dominant
general-instruct-2,ablation_no_condition_adaptive,42,form:number,494,0.0171,0.1592,-0.8064,gap_fabrication_dominant
general-instruct-2,ablation_no_condition_adaptive,42,slice:structure_familiar,328,0.0063,0.1059,-0.8872,gap_fabrication_dominant
general-instruct-2,ablation_no_condition_adaptive,42,slice:structure_novel,421,0.0188,0.1154,-0.7201,gap_fabrication_dominant
general-instruct-2,ablation_no_rationale_loss,42,all,749,0.0431,0.1243,-0.4849,gap_fabrication_dominant
general-instruct-2,ablation_no_rationale_loss,42,axis:gender,70,0.0,0.0,0.0,bipolar_no_dominant_polarity
general-instruct-2,ablation_no_rationale_loss,42,axis:landholding,315,0.0,0.1538,-1.0,gap_fabrication_dominant
general-instruct-2,ablation_no_rationale_loss,42,axis:social_group,364,0.093,0.1198,-0.1258,bipolar_no_dominant_polarity
general-instruct-2,ablation_no_rationale_loss,42,form:area,255,0.0641,0.0565,0.0631,bipolar_no_dominant_polarity
general-instruct-2,ablation_no_rationale_loss,42,form:number,494,0.0375,0.1841,-0.6612,gap_fabrication_dominant
general-instruct-2,ablation_no_rationale_loss,42,slice:structure_familiar,328,0.0443,0.1412,-0.5223,gap_fabrication_dominant
general-instruct-2,ablation_no_rationale_loss,42,slice:structure_novel,421,0.0423,0.1106,-0.4471,gap_fabrication_dominant
general-instruct-2,ablation_placement_random,42,all,749,0.0027,0.0688,-0.9246,gap_fabrication_dominant
general-instruct-2,ablation_placement_random,42,axis:gender,70,0.0,0.0,0.0,bipolar_no_dominant_polarity
general-instruct-2,ablation_placement_random,42,axis:landholding,315,0.0,0.1346,-1.0,gap_fabrication_dominant
general-instruct-2,ablation_placement_random,42,axis:social_group,364,0.0058,0.026,-0.635,gap_fabrication_dominant
general-instruct-2,ablation_placement_random,42,form:area,255,0.0,0.0113,-1.0,gap_fabrication_dominant
general-instruct-2,ablation_placement_random,42,form:number,494,0.0034,0.1194,-0.9444,gap_fabrication_dominant
general-instruct-2,ablation_placement_random,42,slice:structure_familiar,328,0.0063,0.0588,-0.8057,gap_fabrication_dominant
general-instruct-2,ablation_placement_random,42,slice:structure_novel,421,0.0,0.0769,-1.0,gap_fabrication_dominant
general-instruct-2,ablation_placement_random_draw2,42,all,749,0.035,0.0635,-0.2888,gap_fabrication_dominant
general-instruct-2,ablation_placement_random_draw2,42,axis:gender,70,0.0,0.0,0.0,bipolar_no_dominant_polarity
general-instruct-2,ablation_placement_random_draw2,42,axis:landholding,315,0.0126,0.1346,-0.8291,gap_fabrication_dominant
general-instruct-2,ablation_placement_random_draw2,42,axis:social_group,364,0.064,0.0156,0.6073,gap_erasure_dominant
general-instruct-2,ablation_placement_random_draw2,42,form:area,255,0.0641,0.0113,0.7003,gap_erasure_dominant
general-instruct-2,ablation_placement_random_draw2,42,form:number,494,0.0273,0.1095,-0.6007,gap_fabrication_dominant
general-instruct-2,ablation_placement_random_draw2,42,slice:structure_familiar,328,0.038,0.0471,-0.1068,bipolar_no_dominant_polarity
general-instruct-2,ablation_placement_random_draw2,42,slice:structure_novel,421,0.0329,0.0769,-0.4013,gap_fabrication_dominant
general-instruct-2,ablation_placement_random_draw3,42,all,749,0.0458,0.0556,-0.096,bipolar_no_dominant_polarity
general-instruct-2,ablation_placement_random_draw3,42,axis:gender,70,0.0,0.0,0.0,bipolar_no_dominant_polarity
general-instruct-2,ablation_placement_random_draw3,42,axis:landholding,315,0.0063,0.1154,-0.8966,gap_fabrication_dominant
general-instruct-2,ablation_placement_random_draw3,42,axis:social_group,364,0.093,0.0156,0.7124,gap_erasure_dominant
general-instruct-2,ablation_placement_random_draw3,42,form:area,255,0.0641,0.0113,0.7003,gap_erasure_dominant
general-instruct-2,ablation_placement_random_draw3,42,form:number,494,0.041,0.0945,-0.3954,gap_fabrication_dominant
general-instruct-2,ablation_placement_random_draw3,42,slice:structure_familiar,328,0.057,0.0471,0.0952,bipolar_no_dominant_polarity
general-instruct-2,ablation_placement_random_draw3,42,slice:structure_novel,421,0.0376,0.0625,-0.2493,gap_fabrication_dominant
general-instruct-2,ablation_placement_uniform,42,all,749,0.0135,0.0661,-0.6614,gap_fabrication_dominant
general-instruct-2,ablation_placement_uniform,42,axis:gender,70,0.0,0.0,0.0,bipolar_no_dominant_polarity
general-instruct-2,ablation_placement_uniform,42,axis:landholding,315,0.0,0.141,-1.0,gap_fabrication_dominant
general-instruct-2,ablation_placement_uniform,42,axis:social_group,364,0.0291,0.0156,0.3008,gap_erasure_dominant
general-instruct-2,ablation_placement_uniform,42,form:area,255,0.0,0.0113,-1.0,gap_fabrication_dominant
general-instruct-2,ablation_placement_uniform,42,form:number,494,0.0171,0.1144,-0.7404,gap_fabrication_dominant
general-instruct-2,ablation_placement_uniform,42,slice:structure_familiar,328,0.0253,0.0529,-0.353,gap_fabrication_dominant
general-instruct-2,ablation_placement_uniform,42,slice:structure_novel,421,0.0047,0.0769,-0.885,gap_fabrication_dominant
general-instruct-2,ablation_rank_sweep_16,42,all,749,0.0054,0.1085,-0.9053,gap_fabrication_dominant
general-instruct-2,ablation_rank_sweep_16,42,axis:gender,70,0.0,0.0,0.0,bipolar_no_dominant_polarity
general-instruct-2,ablation_rank_sweep_16,42,axis:landholding,315,0.0,0.1538,-1.0,gap_fabrication_dominant
general-instruct-2,ablation_rank_sweep_16,42,axis:social_group,364,0.0116,0.0885,-0.7678,gap_fabrication_dominant
general-instruct-2,ablation_rank_sweep_16,42,form:area,255,0.0,0.0452,-1.0,gap_fabrication_dominant
general-instruct-2,ablation_rank_sweep_16,42,form:number,494,0.0068,0.1642,-0.9202,gap_fabrication_dominant
general-instruct-2,ablation_rank_sweep_16,42,slice:structure_familiar,328,0.0127,0.0941,-0.7629,gap_fabrication_dominant
general-instruct-2,ablation_rank_sweep_16,42,slice:structure_novel,421,0.0,0.1202,-1.0,gap_fabrication_dominant
general-instruct-2,ablation_rank_sweep_32,42,all,749,0.0108,0.0608,-0.699,gap_fabrication_dominant
general-instruct-2,ablation_rank_sweep_32,42,axis:gender,70,0.0,0.0,0.0,bipolar_no_dominant_polarity
general-instruct-2,ablation_rank_sweep_32,42,axis:landholding,315,0.0,0.1218,-1.0,gap_fabrication_dominant
general-instruct-2,ablation_rank_sweep_32,42,axis:social_group,364,0.0233,0.0208,0.0549,bipolar_no_dominant_polarity
general-instruct-2,ablation_rank_sweep_32,42,form:area,255,0.0,0.0113,-1.0,gap_fabrication_dominant
general-instruct-2,ablation_rank_sweep_32,42,form:number,494,0.0137,0.1045,-0.7689,gap_fabrication_dominant
general-instruct-2,ablation_rank_sweep_32,42,slice:structure_familiar,328,0.019,0.0471,-0.425,gap_fabrication_dominant
general-instruct-2,ablation_rank_sweep_32,42,slice:structure_novel,421,0.0047,0.0721,-0.8778,gap_fabrication_dominant
general-instruct-2,ablation_rank_sweep_8,42,all,749,0.0054,0.0714,-0.8596,gap_fabrication_dominant
general-instruct-2,ablation_rank_sweep_8,42,axis:gender,70,0.0,0.0,0.0,bipolar_no_dominant_polarity
general-instruct-2,ablation_rank_sweep_8,42,axis:landholding,315,0.0,0.1346,-1.0,gap_fabrication_dominant
general-instruct-2,ablation_rank_sweep_8,42,axis:social_group,364,0.0116,0.0312,-0.4576,gap_fabrication_dominant
general-instruct-2,ablation_rank_sweep_8,42,form:area,255,0.0,0.0226,-1.0,gap_fabrication_dominant
general-instruct-2,ablation_rank_sweep_8,42,form:number,494,0.0068,0.1144,-0.8874,gap_fabrication_dominant
general-instruct-2,ablation_rank_sweep_8,42,slice:structure_familiar,328,0.0063,0.0529,-0.7864,gap_fabrication_dominant
general-instruct-2,ablation_rank_sweep_8,42,slice:structure_novel,421,0.0047,0.0865,-0.8971,gap_fabrication_dominant
general-instruct-2,baseline_dart,42,all,749,0.0108,0.246,-0.916,gap_fabrication_dominant
general-instruct-2,baseline_dart,42,axis:gender,70,0.0,0.0,0.0,bipolar_no_dominant_polarity
general-instruct-2,baseline_dart,42,axis:landholding,315,0.0,0.4103,-1.0,gap_fabrication_dominant
general-instruct-2,baseline_dart,42,axis:social_group,364,0.0233,0.151,-0.7331,gap_fabrication_dominant
general-instruct-2,baseline_dart,42,form:area,255,0.0385,0.2599,-0.7422,gap_fabrication_dominant
general-instruct-2,baseline_dart,42,form:number,494,0.0034,0.2338,-0.9712,gap_fabrication_dominant
general-instruct-2,baseline_dart,42,slice:structure_familiar,328,0.0063,0.2706,-0.9543,gap_fabrication_dominant
general-instruct-2,baseline_dart,42,slice:structure_novel,421,0.0141,0.226,-0.8827,gap_fabrication_dominant
general-instruct-2,baseline_dart,43,all,749,0.0162,0.1032,-0.729,gap_fabrication_dominant
general-instruct-2,baseline_dart,43,axis:gender,70,0.0,0.0,0.0,bipolar_no_dominant_polarity
general-instruct-2,baseline_dart,43,axis:landholding,315,0.0,0.141,-1.0,gap_fabrication_dominant
general-instruct-2,baseline_dart,43,axis:social_group,364,0.0349,0.0885,-0.4347,gap_fabrication_dominant
general-instruct-2,baseline_dart,43,form:area,255,0.0,0.0395,-1.0,gap_fabrication_dominant
general-instruct-2,baseline_dart,43,form:number,494,0.0205,0.1592,-0.7721,gap_fabrication_dominant
general-instruct-2,baseline_dart,43,slice:structure_familiar,328,0.0253,0.1,-0.596,gap_fabrication_dominant
general-instruct-2,baseline_dart,43,slice:structure_novel,421,0.0094,0.1058,-0.8369,gap_fabrication_dominant
general-instruct-2,baseline_dart,44,all,749,0.0162,0.0979,-0.7164,gap_fabrication_dominant
general-instruct-2,baseline_dart,44,axis:gender,70,0.0,0.0,0.0,bipolar_no_dominant_polarity
general-instruct-2,baseline_dart,44,axis:landholding,315,0.0,0.141,-1.0,gap_fabrication_dominant
general-instruct-2,baseline_dart,44,axis:social_group,364,0.0349,0.0781,-0.3826,gap_fabrication_dominant
general-instruct-2,baseline_dart,44,form:area,255,0.0128,0.0395,-0.5104,gap_fabrication_dominant
general-instruct-2,baseline_dart,44,form:number,494,0.0171,0.1493,-0.7948,gap_fabrication_dominant
general-instruct-2,baseline_dart,44,slice:structure_familiar,328,0.0253,0.0824,-0.5297,gap_fabrication_dominant
general-instruct-2,baseline_dart,44,slice:structure_novel,421,0.0094,0.1106,-0.8435,gap_fabrication_dominant
general-instruct-2,baseline_fairnet,42,all,749,0.0323,0.2725,-0.7878,gap_fabrication_dominant
general-instruct-2,baseline_fairnet,42,axis:gender,70,0.075,0.1,-0.1429,bipolar_no_dominant_polarity
general-instruct-2,baseline_fairnet,42,axis:landholding,315,0.0063,0.2308,-0.9469,gap_fabrication_dominant
general-instruct-2,baseline_fairnet,42,axis:social_group,364,0.0465,0.3333,-0.7551,gap_fabrication_dominant
general-instruct-2,baseline_fairnet,42,form:area,255,0.0385,0.1864,-0.658,gap_fabrication_dominant
general-instruct-2,baseline_fairnet,42,form:number,494,0.0307,0.3483,-0.8379,gap_fabrication_dominant
general-instruct-2,baseline_fairnet,42,slice:structure_familiar,328,0.0443,0.1882,-0.619,gap_fabrication_dominant
general-instruct-2,baseline_fairnet,42,slice:structure_novel,421,0.0235,0.3413,-0.8713,gap_fabrication_dominant
general-instruct-2,baseline_fairnet,43,all,749,0.0647,0.0714,-0.0495,bipolar_no_dominant_polarity
general-instruct-2,baseline_fairnet,43,axis:gender,70,0.0,0.0,0.0,bipolar_no_dominant_polarity
general-instruct-2,baseline_fairnet,43,axis:landholding,315,0.0,0.141,-1.0,gap_fabrication_dominant
general-instruct-2,baseline_fairnet,43,axis:social_group,364,0.1395,0.026,0.6854,gap_erasure_dominant
general-instruct-2,baseline_fairnet,43,form:area,255,0.0897,0.0169,0.6823,gap_erasure_dominant
general-instruct-2,baseline_fairnet,43,form:number,494,0.058,0.1194,-0.346,gap_fabrication_dominant
general-instruct-2,baseline_fairnet,43,slice:structure_familiar,328,0.0823,0.0588,0.1662,bipolar_no_dominant_polarity
general-instruct-2,baseline_fairnet,43,slice:structure_novel,421,0.0516,0.0817,-0.2256,gap_fabrication_dominant
general-instruct-2,baseline_fairnet,44,all,749,0.0296,0.0979,-0.535,gap_fabrication_dominant
general-instruct-2,baseline_fairnet,44,axis:gender,70,0.0,0.0,0.0,bipolar_no_dominant_polarity
general-instruct-2,baseline_fairnet,44,axis:landholding,315,0.0252,0.141,-0.6972,gap_fabrication_dominant
general-instruct-2,baseline_fairnet,44,axis:social_group,364,0.0407,0.0781,-0.315,gap_fabrication_dominant
general-instruct-2,baseline_fairnet,44,form:area,255,0.0256,0.0395,-0.2133,gap_fabrication_dominant
general-instruct-2,baseline_fairnet,44,form:number,494,0.0307,0.1493,-0.6586,gap_fabrication_dominant
general-instruct-2,baseline_fairnet,44,slice:structure_familiar,328,0.019,0.0824,-0.6253,gap_fabrication_dominant
general-instruct-2,baseline_fairnet,44,slice:structure_novel,421,0.0376,0.1106,-0.4929,gap_fabrication_dominant
general-instruct-2,baseline_fairsteer,42,all,749,0.442,0.5,-0.0615,bipolar_no_dominant_polarity
general-instruct-2,baseline_fairsteer,42,axis:gender,70,0.55,0.5,0.0476,bipolar_no_dominant_polarity
general-instruct-2,baseline_fairsteer,42,axis:landholding,315,0.4654,0.5192,-0.0547,bipolar_no_dominant_polarity
general-instruct-2,baseline_fairsteer,42,axis:social_group,364,0.3953,0.4844,-0.1012,bipolar_no_dominant_polarity
general-instruct-2,baseline_fairsteer,42,form:area,255,0.4359,0.435,0.001,bipolar_no_dominant_polarity
general-instruct-2,baseline_fairsteer,42,form:number,494,0.4437,0.5572,-0.1134,bipolar_no_dominant_polarity
general-instruct-2,baseline_fairsteer,42,slice:structure_familiar,328,0.4873,0.6176,-0.1179,bipolar_no_dominant_polarity
general-instruct-2,baseline_fairsteer,42,slice:structure_novel,421,0.4085,0.4038,0.0057,bipolar_no_dominant_polarity
general-instruct-2,baseline_igu_lora,42,all,749,0.0431,0.0714,-0.2471,gap_fabrication_dominant
general-instruct-2,baseline_igu_lora,42,axis:gender,70,0.0,0.0,0.0,bipolar_no_dominant_polarity
general-instruct-2,baseline_igu_lora,42,axis:landholding,315,0.0,0.1282,-1.0,gap_fabrication_dominant
general-instruct-2,baseline_igu_lora,42,axis:social_group,364,0.093,0.0365,0.4369,gap_erasure_dominant
general-instruct-2,baseline_igu_lora,42,form:area,255,0.0641,0.0169,0.5818,gap_erasure_dominant
general-instruct-2,baseline_igu_lora,42,form:number,494,0.0375,0.1194,-0.5216,gap_fabrication_dominant
general-instruct-2,baseline_igu_lora,42,slice:structure_familiar,328,0.0443,0.0588,-0.1408,bipolar_no_dominant_polarity
general-instruct-2,baseline_igu_lora,42,slice:structure_novel,421,0.0423,0.0817,-0.3184,gap_fabrication_dominant
general-instruct-2,baseline_lftf,42,all,749,0.2588,0.1905,0.152,bipolar_no_dominant_polarity
general-instruct-2,baseline_lftf,42,axis:gender,70,0.575,0.1667,0.5506,gap_erasure_dominant
general-instruct-2,baseline_lftf,42,axis:landholding,315,0.2956,0.1731,0.2614,gap_erasure_dominant
general-instruct-2,baseline_lftf,42,axis:social_group,364,0.1512,0.2083,-0.159,bipolar_no_dominant_polarity
general-instruct-2,baseline_lftf,42,form:area,255,0.2821,0.1525,0.298,gap_erasure_dominant
general-instruct-2,baseline_lftf,42,form:number,494,0.2526,0.2239,0.0602,bipolar_no_dominant_polarity
general-instruct-2,baseline_lftf,42,slice:structure_familiar,328,0.2722,0.1471,0.2984,gap_erasure_dominant
general-instruct-2,baseline_lftf,42,slice:structure_novel,421,0.2488,0.226,0.0482,bipolar_no_dominant_polarity
general-instruct-2,baseline_pedal,42,all,749,0.0189,0.1085,-0.7036,gap_fabrication_dominant
general-instruct-2,baseline_pedal,42,axis:gender,70,0.0,0.0,0.0,bipolar_no_dominant_polarity
general-instruct-2,baseline_pedal,42,axis:landholding,315,0.0,0.141,-1.0,gap_fabrication_dominant
general-instruct-2,baseline_pedal,42,axis:social_group,364,0.0407,0.099,-0.4172,gap_fabrication_dominant
general-instruct-2,baseline_pedal,42,form:area,255,0.0256,0.0452,-0.2761,gap_fabrication_dominant
general-instruct-2,baseline_pedal,42,form:number,494,0.0171,0.1642,-0.8117,gap_fabrication_dominant
general-instruct-2,baseline_pedal,42,slice:structure_familiar,328,0.0127,0.0882,-0.7491,gap_fabrication_dominant
general-instruct-2,baseline_pedal,42,slice:structure_novel,421,0.0235,0.125,-0.6838,gap_fabrication_dominant
general-instruct-2,baseline_regift,42,all,749,0.0296,0.0926,-0.5149,gap_fabrication_dominant
general-instruct-2,baseline_regift,42,axis:gender,70,0.125,0.0,1.0,gap_erasure_dominant
general-instruct-2,baseline_regift,42,axis:landholding,315,0.0,0.1282,-1.0,gap_fabrication_dominant
general-instruct-2,baseline_regift,42,axis:social_group,364,0.0349,0.0781,-0.3826,gap_fabrication_dominant
general-instruct-2,baseline_regift,42,form:area,255,0.0513,0.0282,0.2896,gap_erasure_dominant
general-instruct-2,baseline_regift,42,form:number,494,0.0239,0.1493,-0.724,gap_fabrication_dominant
general-instruct-2,baseline_regift,42,slice:structure_familiar,328,0.038,0.0882,-0.3982,gap_fabrication_dominant
general-instruct-2,baseline_regift,42,slice:structure_novel,421,0.0235,0.0962,-0.6075,gap_fabrication_dominant
general-instruct-2,frozen_base,42,all,749,0.3854,0.5926,-0.2118,gap_fabrication_dominant
general-instruct-2,frozen_base,42,axis:gender,70,0.475,0.5333,-0.0579,bipolar_no_dominant_polarity
general-instruct-2,frozen_base,42,axis:landholding,315,0.4088,0.5833,-0.1759,bipolar_no_dominant_polarity
general-instruct-2,frozen_base,42,axis:social_group,364,0.343,0.6094,-0.2797,gap_fabrication_dominant
general-instruct-2,frozen_base,42,form:area,255,0.4231,0.5028,-0.0861,bipolar_no_dominant_polarity
general-instruct-2,frozen_base,42,form:number,494,0.3754,0.6716,-0.2829,gap_fabrication_dominant
general-instruct-2,frozen_base,42,slice:structure_familiar,328,0.443,0.7176,-0.2366,gap_fabrication_dominant
general-instruct-2,frozen_base,42,slice:structure_novel,421,0.3427,0.4904,-0.1772,bipolar_no_dominant_polarity
general-instruct-2,graft_proposed,42,all,749,0.0458,0.0847,-0.2976,gap_fabrication_dominant
general-instruct-2,graft_proposed,42,axis:gender,70,0.0,0.0,0.0,bipolar_no_dominant_polarity
general-instruct-2,graft_proposed,42,axis:landholding,315,0.0,0.141,-1.0,gap_fabrication_dominant
general-instruct-2,graft_proposed,42,axis:social_group,364,0.0988,0.0521,0.3098,gap_erasure_dominant
general-instruct-2,graft_proposed,42,form:area,255,0.0641,0.0452,0.173,bipolar_no_dominant_polarity
general-instruct-2,graft_proposed,42,form:number,494,0.041,0.1194,-0.4892,gap_fabrication_dominant
general-instruct-2,graft_proposed,42,slice:structure_familiar,328,0.0633,0.0588,0.0366,bipolar_no_dominant_polarity
general-instruct-2,graft_proposed,42,slice:structure_novel,421,0.0329,0.1058,-0.5259,gap_fabrication_dominant
general-instruct-2,graft_proposed,43,all,749,0.0135,0.0873,-0.7325,gap_fabrication_dominant
general-instruct-2,graft_proposed,43,axis:gender,70,0.075,0.0,1.0,gap_erasure_dominant
general-instruct-2,graft_proposed,43,axis:landholding,315,0.0,0.1538,-1.0,gap_fabrication_dominant
general-instruct-2,graft_proposed,43,axis:social_group,364,0.0116,0.0469,-0.6025,gap_fabrication_dominant
general-instruct-2,graft_proposed,43,form:area,255,0.0128,0.0169,-0.1387,bipolar_no_dominant_polarity
general-instruct-2,graft_proposed,43,form:number,494,0.0137,0.1493,-0.8324,gap_fabrication_dominant
general-instruct-2,graft_proposed,43,slice:structure_familiar,328,0.0127,0.0647,-0.6728,gap_fabrication_dominant
general-instruct-2,graft_proposed,43,slice:structure_novel,421,0.0141,0.1058,-0.765,gap_fabrication_dominant
general-instruct-2,graft_proposed,44,all,749,0.0189,0.1243,-0.7365,gap_fabrication_dominant
general-instruct-2,graft_proposed,44,axis:gender,70,0.175,0.0,1.0,gap_erasure_dominant
general-instruct-2,graft_proposed,44,axis:landholding,315,0.0,0.1346,-1.0,gap_fabrication_dominant
general-instruct-2,graft_proposed,44,axis:social_group,364,0.0,0.1354,-1.0,gap_fabrication_dominant
general-instruct-2,graft_proposed,44,form:area,255,0.0128,0.0621,-0.658,gap_fabrication_dominant
general-instruct-2,graft_proposed,44,form:number,494,0.0205,0.1791,-0.7948,gap_fabrication_dominant
general-instruct-2,graft_proposed,44,slice:structure_familiar,328,0.0063,0.1059,-0.8872,gap_fabrication_dominant
general-instruct-2,graft_proposed,44,slice:structure_novel,421,0.0282,0.1394,-0.6638,gap_fabrication_dominant
general-instruct-2,graft_proposed_loao_gender,42,all,70,0.9,0.0,1.0,gap_erasure_dominant
general-instruct-2,graft_proposed_loao_gender,42,axis:gender,70,0.9,0.0,1.0,gap_erasure_dominant
general-instruct-2,graft_proposed_loao_gender,42,form:area,24,1.0,0.0,1.0,gap_erasure_dominant
general-instruct-2,graft_proposed_loao_gender,42,form:number,46,0.8261,0.0,1.0,gap_erasure_dominant
general-instruct-2,graft_proposed_loao_gender,42,slice:structure_familiar,28,1.0,0.0,1.0,gap_erasure_dominant
general-instruct-2,graft_proposed_loao_gender,42,slice:structure_novel,42,0.8261,0.0,1.0,gap_erasure_dominant
general-instruct-2,graft_proposed_loao_landholding,42,all,315,0.5786,0.1667,0.5527,gap_erasure_dominant
general-instruct-2,graft_proposed_loao_landholding,42,axis:landholding,315,0.5786,0.1667,0.5527,gap_erasure_dominant
general-instruct-2,graft_proposed_loao_landholding,42,form:area,90,,0.1667,,undetermined
general-instruct-2,graft_proposed_loao_landholding,42,form:number,225,0.5786,0.1667,0.5527,gap_erasure_dominant
general-instruct-2,graft_proposed_loao_landholding,42,slice:structure_familiar,151,0.6111,0.1772,0.5504,gap_erasure_dominant
general-instruct-2,graft_proposed_loao_landholding,42,slice:structure_novel,164,0.5517,0.1558,0.5595,gap_erasure_dominant
general-instruct-2,graft_proposed_loao_social_group,42,all,364,0.2326,0.1146,0.3398,gap_erasure_dominant
general-instruct-2,graft_proposed_loao_social_group,42,axis:social_group,364,0.2326,0.1146,0.3398,gap_erasure_dominant
general-instruct-2,graft_proposed_loao_social_group,42,form:area,141,0.5574,0.025,0.9141,gap_erasure_dominant
general-instruct-2,graft_proposed_loao_social_group,42,form:number,223,0.0541,0.1786,-0.5353,gap_fabrication_dominant
general-instruct-2,graft_proposed_loao_social_group,42,slice:structure_familiar,149,0.3188,0.1875,0.2594,gap_erasure_dominant
general-instruct-2,graft_proposed_loao_social_group,42,slice:structure_novel,215,0.1748,0.0625,0.4731,gap_erasure_dominant
general-instruct-2,graft_proposed_qlora_nf4,42,all,749,0.035,0.0661,-0.3074,gap_fabrication_dominant
general-instruct-2,graft_proposed_qlora_nf4,42,axis:gender,70,0.0,0.0,0.0,bipolar_no_dominant_polarity
general-instruct-2,graft_proposed_qlora_nf4,42,axis:landholding,315,0.0,0.1346,-1.0,gap_fabrication_dominant
general-instruct-2,graft_proposed_qlora_nf4,42,axis:social_group,364,0.0756,0.0208,0.5678,gap_erasure_dominant
general-instruct-2,graft_proposed_qlora_nf4,42,form:area,255,0.0385,0.0113,0.5459,gap_erasure_dominant
general-instruct-2,graft_proposed_qlora_nf4,42,form:number,494,0.0341,0.1144,-0.5405,gap_fabrication_dominant
general-instruct-2,graft_proposed_qlora_nf4,42,slice:structure_familiar,328,0.0506,0.0529,-0.0223,bipolar_no_dominant_polarity
general-instruct-2,graft_proposed_qlora_nf4,42,slice:structure_novel,421,0.0235,0.0769,-0.5324,gap_fabrication_dominant
general-instruct-2,reference_vanilla_lora,42,all,749,0.0189,0.1032,-0.6908,gap_fabrication_dominant
general-instruct-2,reference_vanilla_lora,42,axis:gender,70,0.0,0.0,0.0,bipolar_no_dominant_polarity
general-instruct-2,reference_vanilla_lora,42,axis:landholding,315,0.0,0.141,-1.0,gap_fabrication_dominant
general-instruct-2,reference_vanilla_lora,42,axis:social_group,364,0.0407,0.0885,-0.3702,gap_fabrication_dominant
general-instruct-2,reference_vanilla_lora,42,form:area,255,0.0128,0.0395,-0.5104,gap_fabrication_dominant
general-instruct-2,reference_vanilla_lora,42,form:number,494,0.0205,0.1592,-0.7721,gap_fabrication_dominant
general-instruct-2,reference_vanilla_lora,42,slice:structure_familiar,328,0.0316,0.0824,-0.4448,gap_fabrication_dominant
general-instruct-2,reference_vanilla_lora,42,slice:structure_novel,421,0.0094,0.1202,-0.8551,gap_fabrication_dominant
general-instruct-2,reference_vanilla_lora,43,all,749,0.0108,0.1058,-0.8151,gap_fabrication_dominant
general-instruct-2,reference_vanilla_lora,43,axis:gender,70,0.0,0.0,0.0,bipolar_no_dominant_polarity
general-instruct-2,reference_vanilla_lora,43,axis:landholding,315,0.0,0.1346,-1.0,gap_fabrication_dominant
general-instruct-2,reference_vanilla_lora,43,axis:social_group,364,0.0233,0.099,-0.6194,gap_fabrication_dominant
general-instruct-2,reference_vanilla_lora,43,form:area,255,0.0385,0.0395,-0.0139,bipolar_no_dominant_polarity
general-instruct-2,reference_vanilla_lora,43,form:number,494,0.0034,0.1642,-0.9593,gap_fabrication_dominant
general-instruct-2,reference_vanilla_lora,43,slice:structure_familiar,328,0.0127,0.0882,-0.7491,gap_fabrication_dominant
general-instruct-2,reference_vanilla_lora,43,slice:structure_novel,421,0.0094,0.1202,-0.8551,gap_fabrication_dominant
general-instruct-2,reference_vanilla_lora,44,all,749,0.0189,0.1217,-0.7315,gap_fabrication_dominant
general-instruct-2,reference_vanilla_lora,44,axis:gender,70,0.0,0.0,0.0,bipolar_no_dominant_polarity
general-instruct-2,reference_vanilla_lora,44,axis:landholding,315,0.0189,0.1346,-0.7541,gap_fabrication_dominant
general-instruct-2,reference_vanilla_lora,44,axis:social_group,364,0.0233,0.1302,-0.6969,gap_fabrication_dominant
general-instruct-2,reference_vanilla_lora,44,form:area,255,0.0,0.0565,-1.0,gap_fabrication_dominant
general-instruct-2,reference_vanilla_lora,44,form:number,494,0.0239,0.1791,-0.7646,gap_fabrication_dominant
general-instruct-2,reference_vanilla_lora,44,slice:structure_familiar,328,0.019,0.1118,-0.7096,gap_fabrication_dominant
general-instruct-2,reference_vanilla_lora,44,slice:structure_novel,421,0.0188,0.1298,-0.7472,gap_fabrication_dominant
general-instruct-2,reference_vanilla_lora_loao_gender,42,all,70,0.8,0.0,1.0,gap_erasure_dominant
general-instruct-2,reference_vanilla_lora_loao_gender,42,axis:gender,70,0.8,0.0,1.0,gap_erasure_dominant
general-instruct-2,reference_vanilla_lora_loao_gender,42,form:area,24,1.0,0.0,1.0,gap_erasure_dominant
general-instruct-2,reference_vanilla_lora_loao_gender,42,form:number,46,0.6522,0.0,1.0,gap_erasure_dominant
general-instruct-2,reference_vanilla_lora_loao_gender,42,slice:structure_familiar,28,1.0,0.0,1.0,gap_erasure_dominant
general-instruct-2,reference_vanilla_lora_loao_gender,42,slice:structure_novel,42,0.6522,0.0,1.0,gap_erasure_dominant
general-instruct-2,reference_vanilla_lora_loao_landholding,42,all,315,0.195,0.2756,-0.1714,bipolar_no_dominant_polarity
general-instruct-2,reference_vanilla_lora_loao_landholding,42,axis:landholding,315,0.195,0.2756,-0.1714,bipolar_no_dominant_polarity
general-instruct-2,reference_vanilla_lora_loao_landholding,42,form:area,90,,0.3,,undetermined
general-instruct-2,reference_vanilla_lora_loao_landholding,42,form:number,225,0.195,0.2424,-0.1085,bipolar_no_dominant_polarity
general-instruct-2,reference_vanilla_lora_loao_landholding,42,slice:structure_familiar,151,0.2222,0.2911,-0.1342,bipolar_no_dominant_polarity
general-instruct-2,reference_vanilla_lora_loao_landholding,42,slice:structure_novel,164,0.1724,0.2597,-0.2021,gap_fabrication_dominant
general-instruct-2,reference_vanilla_lora_loao_social_group,42,all,364,0.3663,0.2135,0.2634,gap_erasure_dominant
general-instruct-2,reference_vanilla_lora_loao_social_group,42,axis:social_group,364,0.3663,0.2135,0.2634,gap_erasure_dominant
general-instruct-2,reference_vanilla_lora_loao_social_group,42,form:area,141,0.7049,0.175,0.6022,gap_erasure_dominant
general-instruct-2,reference_vanilla_lora_loao_social_group,42,form:number,223,0.1802,0.2411,-0.1445,bipolar_no_dominant_polarity
general-instruct-2,reference_vanilla_lora_loao_social_group,42,slice:structure_familiar,149,0.4348,0.2125,0.3434,gap_erasure_dominant
general-instruct-2,reference_vanilla_lora_loao_social_group,42,slice:structure_novel,215,0.3204,0.2143,0.1984,bipolar_no_dominant_polarity
general-instruct-2,reference_vanilla_qlora,42,all,749,0.0377,0.0503,-0.1424,bipolar_no_dominant_polarity
general-instruct-2,reference_vanilla_qlora,42,axis:gender,70,0.05,0.0,1.0,gap_erasure_dominant
general-instruct-2,reference_vanilla_qlora,42,axis:landholding,315,0.0,0.1026,-1.0,gap_fabrication_dominant
general-instruct-2,reference_vanilla_qlora,42,axis:social_group,364,0.0698,0.0156,0.634,gap_erasure_dominant
general-instruct-2,reference_vanilla_qlora,42,form:area,255,0.0513,0.0113,0.6389,gap_erasure_dominant
general-instruct-2,reference_vanilla_qlora,42,form:number,494,0.0341,0.0846,-0.425,gap_fabrication_dominant
general-instruct-2,reference_vanilla_qlora,42,slice:structure_familiar,328,0.0506,0.0471,0.0366,bipolar_no_dominant_polarity
general-instruct-2,reference_vanilla_qlora,42,slice:structure_novel,421,0.0282,0.0529,-0.3049,gap_fabrication_dominant
small-instruct,ablation_no_condition_adaptive,42,all,749,0.0027,0.0873,-0.9401,gap_fabrication_dominant
small-instruct,ablation_no_condition_adaptive,42,axis:gender,70,0.0,0.0,0.0,bipolar_no_dominant_polarity
small-instruct,ablation_no_condition_adaptive,42,axis:landholding,315,0.0,0.1282,-1.0,gap_fabrication_dominant
small-instruct,ablation_no_condition_adaptive,42,axis:social_group,364,0.0058,0.0677,-0.8418,gap_fabrication_dominant
small-instruct,ablation_no_condition_adaptive,42,form:area,255,0.0,0.0226,-1.0,gap_fabrication_dominant
small-instruct,ablation_no_condition_adaptive,42,form:number,494,0.0034,0.1443,-0.9538,gap_fabrication_dominant
small-instruct,ablation_no_condition_adaptive,42,slice:structure_familiar,328,0.0063,0.0706,-0.8354,gap_fabrication_dominant
small-instruct,ablation_no_condition_adaptive,42,slice:structure_novel,421,0.0,0.101,-1.0,gap_fabrication_dominant
small-instruct,ablation_no_rationale_loss,42,all,749,0.0296,0.0397,-0.1447,bipolar_no_dominant_polarity
small-instruct,ablation_no_rationale_loss,42,axis:gender,70,0.0,0.0,0.0,bipolar_no_dominant_polarity
small-instruct,ablation_no_rationale_loss,42,axis:landholding,315,0.0189,0.0769,-0.6061,gap_fabrication_dominant
small-instruct,ablation_no_rationale_loss,42,axis:social_group,364,0.0465,0.0156,0.4971,gap_erasure_dominant
small-instruct,ablation_no_rationale_loss,42,form:area,255,0.0256,0.0113,0.3882,gap_erasure_dominant
small-instruct,ablation_no_rationale_loss,42,form:number,494,0.0307,0.0647,-0.356,gap_fabrication_dominant
small-instruct,ablation_no_rationale_loss,42,slice:structure_familiar,328,0.0443,0.0294,0.202,gap_erasure_dominant
small-instruct,ablation_no_rationale_loss,42,slice:structure_novel,421,0.0188,0.0481,-0.4382,gap_fabrication_dominant
small-instruct,ablation_placement_random,42,all,749,0.0054,0.0556,-0.8231,gap_fabrication_dominant
small-instruct,ablation_placement_random,42,axis:gender,70,0.0,0.0,0.0,bipolar_no_dominant_polarity
small-instruct,ablation_placement_random,42,axis:landholding,315,0.0,0.1154,-1.0,gap_fabrication_dominant
small-instruct,ablation_placement_random,42,axis:social_group,364,0.0116,0.0156,-0.1467,bipolar_no_dominant_polarity
small-instruct,ablation_placement_random,42,form:area,255,0.0,0.0113,-1.0,gap_fabrication_dominant
small-instruct,ablation_placement_random,42,form:number,494,0.0068,0.0945,-0.8653,gap_fabrication_dominant
small-instruct,ablation_placement_random,42,slice:structure_familiar,328,0.0063,0.0471,-0.7629,gap_fabrication_dominant
small-instruct,ablation_placement_random,42,slice:structure_novel,421,0.0047,0.0625,-0.8603,gap_fabrication_dominant
small-instruct,ablation_placement_random_draw2,42,all,749,0.0108,0.0608,-0.699,gap_fabrication_dominant
small-instruct,ablation_placement_random_draw2,42,axis:gender,70,0.0,0.0,0.0,bipolar_no_dominant_polarity
small-instruct,ablation_placement_random_draw2,42,axis:landholding,315,0.0,0.1282,-1.0,gap_fabrication_dominant
small-instruct,ablation_placement_random_draw2,42,axis:social_group,364,0.0233,0.0156,0.1963,bipolar_no_dominant_polarity
small-instruct,ablation_placement_random_draw2,42,form:area,255,0.0,0.0113,-1.0,gap_fabrication_dominant
small-instruct,ablation_placement_random_draw2,42,form:number,494,0.0137,0.1045,-0.7689,gap_fabrication_dominant
small-instruct,ablation_placement_random_draw2,42,slice:structure_familiar,328,0.019,0.0471,-0.425,gap_fabrication_dominant
small-instruct,ablation_placement_random_draw2,42,slice:structure_novel,421,0.0047,0.0721,-0.8778,gap_fabrication_dominant
small-instruct,ablation_placement_random_draw3,42,all,749,0.0108,0.0608,-0.699,gap_fabrication_dominant
small-instruct,ablation_placement_random_draw3,42,axis:gender,70,0.0,0.0,0.0,bipolar_no_dominant_polarity
small-instruct,ablation_placement_random_draw3,42,axis:landholding,315,0.0,0.1282,-1.0,gap_fabrication_dominant
small-instruct,ablation_placement_random_draw3,42,axis:social_group,364,0.0233,0.0156,0.1963,bipolar_no_dominant_polarity
small-instruct,ablation_placement_random_draw3,42,form:area,255,0.0,0.0113,-1.0,gap_fabrication_dominant
small-instruct,ablation_placement_random_draw3,42,form:number,494,0.0137,0.1045,-0.7689,gap_fabrication_dominant
small-instruct,ablation_placement_random_draw3,42,slice:structure_familiar,328,0.019,0.0471,-0.425,gap_fabrication_dominant
small-instruct,ablation_placement_random_draw3,42,slice:structure_novel,421,0.0047,0.0721,-0.8778,gap_fabrication_dominant
small-instruct,ablation_placement_uniform,42,all,749,0.0081,0.0608,-0.7654,gap_fabrication_dominant
small-instruct,ablation_placement_uniform,42,axis:gender,70,0.025,0.0,1.0,gap_erasure_dominant
small-instruct,ablation_placement_uniform,42,axis:landholding,315,0.0,0.1218,-1.0,gap_fabrication_dominant
small-instruct,ablation_placement_uniform,42,axis:social_group,364,0.0116,0.0208,-0.2836,gap_fabrication_dominant
small-instruct,ablation_placement_uniform,42,form:area,255,0.0128,0.0113,0.0631,bipolar_no_dominant_polarity
small-instruct,ablation_placement_uniform,42,form:number,494,0.0068,0.1045,-0.8773,gap_fabrication_dominant
small-instruct,ablation_placement_uniform,42,slice:structure_familiar,328,0.0127,0.0471,-0.5761,gap_fabrication_dominant
small-instruct,ablation_placement_uniform,42,slice:structure_novel,421,0.0047,0.0721,-0.8778,gap_fabrication_dominant
small-instruct,ablation_rank_sweep_16,42,all,749,0.0054,0.0767,-0.8687,gap_fabrication_dominant
small-instruct,ablation_rank_sweep_16,42,axis:gender,70,0.0,0.0333,-1.0,gap_fabrication_dominant
small-instruct,ablation_rank_sweep_16,42,axis:landholding,315,0.0,0.1346,-1.0,gap_fabrication_dominant
small-instruct,ablation_rank_sweep_16,42,axis:social_group,364,0.0116,0.0365,-0.5164,gap_fabrication_dominant
small-instruct,ablation_rank_sweep_16,42,form:area,255,0.0,0.0226,-1.0,gap_fabrication_dominant
small-instruct,ablation_rank_sweep_16,42,form:number,494,0.0068,0.1244,-0.8959,gap_fabrication_dominant
small-instruct,ablation_rank_sweep_16,42,slice:structure_familiar,328,0.0063,0.0529,-0.7864,gap_fabrication_dominant
small-instruct,ablation_rank_sweep_16,42,slice:structure_novel,421,0.0047,0.0962,-0.9069,gap_fabrication_dominant
small-instruct,ablation_rank_sweep_32,42,all,749,0.0108,0.0714,-0.7377,gap_fabrication_dominant
small-instruct,ablation_rank_sweep_32,42,axis:gender,70,0.0,0.0,0.0,bipolar_no_dominant_polarity
small-instruct,ablation_rank_sweep_32,42,axis:landholding,315,0.0,0.1538,-1.0,gap_fabrication_dominant
small-instruct,ablation_rank_sweep_32,42,axis:social_group,364,0.0233,0.0156,0.1963,bipolar_no_dominant_polarity
small-instruct,ablation_rank_sweep_32,42,form:area,255,0.0,0.0113,-1.0,gap_fabrication_dominant
small-instruct,ablation_rank_sweep_32,42,form:number,494,0.0137,0.1244,-0.8022,gap_fabrication_dominant
small-instruct,ablation_rank_sweep_32,42,slice:structure_familiar,328,0.019,0.0529,-0.472,gap_fabrication_dominant
small-instruct,ablation_rank_sweep_32,42,slice:structure_novel,421,0.0047,0.0865,-0.8971,gap_fabrication_dominant
small-instruct,ablation_rank_sweep_8,42,all,749,0.0377,0.0503,-0.1424,bipolar_no_dominant_polarity
small-instruct,ablation_rank_sweep_8,42,axis:gender,70,0.0,0.0,0.0,bipolar_no_dominant_polarity
small-instruct,ablation_rank_sweep_8,42,axis:landholding,315,0.0252,0.0962,-0.5852,gap_fabrication_dominant
small-instruct,ablation_rank_sweep_8,42,axis:social_group,364,0.0581,0.0208,0.4724,gap_erasure_dominant
small-instruct,ablation_rank_sweep_8,42,form:area,255,0.0385,0.0113,0.5459,gap_erasure_dominant
small-instruct,ablation_rank_sweep_8,42,form:number,494,0.0375,0.0846,-0.3852,gap_fabrication_dominant
small-instruct,ablation_rank_sweep_8,42,slice:structure_familiar,328,0.0316,0.0412,-0.1309,bipolar_no_dominant_polarity
small-instruct,ablation_rank_sweep_8,42,slice:structure_novel,421,0.0423,0.0577,-0.1545,bipolar_no_dominant_polarity
small-instruct,baseline_dart,42,all,749,0.0,0.082,-1.0,gap_fabrication_dominant
small-instruct,baseline_dart,42,axis:gender,70,0.0,0.0,0.0,bipolar_no_dominant_polarity
small-instruct,baseline_dart,42,axis:landholding,315,0.0,0.1474,-1.0,gap_fabrication_dominant
small-instruct,baseline_dart,42,axis:social_group,364,0.0,0.0417,-1.0,gap_fabrication_dominant
small-instruct,baseline_dart,42,form:area,255,0.0,0.0226,-1.0,gap_fabrication_dominant
small-instruct,baseline_dart,42,form:number,494,0.0,0.1343,-1.0,gap_fabrication_dominant
small-instruct,baseline_dart,42,slice:structure_familiar,328,0.0,0.0647,-1.0,gap_fabrication_dominant
small-instruct,baseline_dart,42,slice:structure_novel,421,0.0,0.0962,-1.0,gap_fabrication_dominant
small-instruct,baseline_dart,43,all,749,0.0189,0.0529,-0.4743,gap_fabrication_dominant
small-instruct,baseline_dart,43,axis:gender,70,0.0,0.0,0.0,bipolar_no_dominant_polarity
small-instruct,baseline_dart,43,axis:landholding,315,0.0189,0.1154,-0.7189,gap_fabrication_dominant
small-instruct,baseline_dart,43,axis:social_group,364,0.0233,0.0104,0.3813,gap_erasure_dominant
small-instruct,baseline_dart,43,form:area,255,0.0128,0.0056,0.3882,gap_erasure_dominant
small-instruct,baseline_dart,43,form:number,494,0.0205,0.0945,-0.6439,gap_fabrication_dominant
small-instruct,baseline_dart,43,slice:structure_familiar,328,0.0253,0.0353,-0.1646,bipolar_no_dominant_polarity
small-instruct,baseline_dart,43,slice:structure_novel,421,0.0141,0.0673,-0.6539,gap_fabrication_dominant
small-instruct,baseline_dart,44,all,749,0.0674,0.0291,0.3968,gap_erasure_dominant
small-instruct,baseline_dart,44,axis:gender,70,0.0,0.0,0.0,bipolar_no_dominant_polarity
small-instruct,baseline_dart,44,axis:landholding,315,0.0818,0.0577,0.1726,bipolar_no_dominant_polarity
small-instruct,baseline_dart,44,axis:social_group,364,0.0698,0.0104,0.7402,gap_erasure_dominant
small-instruct,baseline_dart,44,form:area,255,0.0641,0.0,1.0,gap_erasure_dominant
small-instruct,baseline_dart,44,form:number,494,0.0683,0.0547,0.11,bipolar_no_dominant_polarity
small-instruct,baseline_dart,44,slice:structure_familiar,328,0.0759,0.0294,0.4417,gap_erasure_dominant
small-instruct,baseline_dart,44,slice:structure_novel,421,0.061,0.0288,0.3581,gap_erasure_dominant
small-instruct,baseline_fairnet,42,all,749,0.0135,0.0608,-0.6373,gap_fabrication_dominant
small-instruct,baseline_fairnet,42,axis:gender,70,0.0,0.0,0.0,bipolar_no_dominant_polarity
small-instruct,baseline_fairnet,42,axis:landholding,315,0.0,0.1282,-1.0,gap_fabrication_dominant
small-instruct,baseline_fairnet,42,axis:social_group,364,0.0291,0.0156,0.3008,gap_erasure_dominant
small-instruct,baseline_fairnet,42,form:area,255,0.0,0.0113,-1.0,gap_fabrication_dominant
small-instruct,baseline_fairnet,42,form:number,494,0.0171,0.1045,-0.7192,gap_fabrication_dominant
small-instruct,baseline_fairnet,42,slice:structure_familiar,328,0.0253,0.0471,-0.3004,gap_fabrication_dominant
small-instruct,baseline_fairnet,42,slice:structure_novel,421,0.0047,0.0721,-0.8778,gap_fabrication_dominant
small-instruct,baseline_fairnet,43,all,749,0.0108,0.0635,-0.7097,gap_fabrication_dominant
small-instruct,baseline_fairnet,43,axis:gender,70,0.0,0.0,0.0,bipolar_no_dominant_polarity
small-instruct,baseline_fairnet,43,axis:landholding,315,0.0,0.1218,-1.0,gap_fabrication_dominant
small-instruct,baseline_fairnet,43,axis:social_group,364,0.0233,0.026,-0.0565,bipolar_no_dominant_polarity
small-instruct,baseline_fairnet,43,form:area,255,0.0,0.0113,-1.0,gap_fabrication_dominant
small-instruct,baseline_fairnet,43,form:number,494,0.0137,0.1095,-0.7782,gap_fabrication_dominant
small-instruct,baseline_fairnet,43,slice:structure_familiar,328,0.019,0.0471,-0.425,gap_fabrication_dominant
small-instruct,baseline_fairnet,43,slice:structure_novel,421,0.0047,0.0769,-0.885,gap_fabrication_dominant
small-instruct,baseline_fairnet,44,all,749,0.0458,0.0582,-0.119,bipolar_no_dominant_polarity
small-instruct,baseline_fairnet,44,axis:gender,70,0.0,0.0,0.0,bipolar_no_dominant_polarity
small-instruct,baseline_fairnet,44,axis:landholding,315,0.0943,0.0577,0.2411,gap_erasure_dominant
small-instruct,baseline_fairnet,44,axis:social_group,364,0.0116,0.0677,-0.7069,gap_fabrication_dominant
small-instruct,baseline_fairnet,44,form:area,255,0.0128,0.0226,-0.2761,gap_fabrication_dominant
small-instruct,baseline_fairnet,44,form:number,494,0.0546,0.0896,-0.2424,gap_fabrication_dominant
small-instruct,baseline_fairnet,44,slice:structure_familiar,328,0.0633,0.0353,0.284,gap_erasure_dominant
small-instruct,baseline_fairnet,44,slice:structure_novel,421,0.0329,0.0769,-0.4013,gap_fabrication_dominant
small-instruct,baseline_fairsteer,42,all,749,0.3558,0.6138,-0.2661,gap_fabrication_dominant
small-instruct,baseline_fairsteer,42,axis:gender,70,0.225,0.6667,-0.4953,gap_fabrication_dominant
small-instruct,baseline_fairsteer,42,axis:landholding,315,0.4088,0.5833,-0.1759,bipolar_no_dominant_polarity
small-instruct,baseline_fairsteer,42,axis:social_group,364,0.3372,0.6302,-0.3029,gap_fabrication_dominant
small-instruct,baseline_fairsteer,42,form:area,255,0.3077,0.5085,-0.246,gap_fabrication_dominant
small-instruct,baseline_fairsteer,42,form:number,494,0.3686,0.7065,-0.3143,gap_fabrication_dominant
small-instruct,baseline_fairsteer,42,slice:structure_familiar,328,0.3987,0.7412,-0.3004,gap_fabrication_dominant
small-instruct,baseline_fairsteer,42,slice:structure_novel,421,0.3239,0.5096,-0.2227,gap_fabrication_dominant
small-instruct,baseline_igu_lora,42,all,749,0.0135,0.0741,-0.6921,gap_fabrication_dominant
small-instruct,baseline_igu_lora,42,axis:gender,70,0.0,0.0,0.0,bipolar_no_dominant_polarity
small-instruct,baseline_igu_lora,42,axis:landholding,315,0.0,0.141,-1.0,gap_fabrication_dominant
small-instruct,baseline_igu_lora,42,axis:social_group,364,0.0291,0.0312,-0.0361,bipolar_no_dominant_polarity
small-instruct,baseline_igu_lora,42,form:area,255,0.0128,0.0169,-0.1387,bipolar_no_dominant_polarity
small-instruct,baseline_igu_lora,42,form:number,494,0.0137,0.1244,-0.8022,gap_fabrication_dominant
small-instruct,baseline_igu_lora,42,slice:structure_familiar,328,0.019,0.0647,-0.5463,gap_fabrication_dominant
small-instruct,baseline_igu_lora,42,slice:structure_novel,421,0.0094,0.0817,-0.7939,gap_fabrication_dominant
small-instruct,baseline_lftf,42,all,749,0.0836,0.0899,-0.0368,bipolar_no_dominant_polarity
small-instruct,baseline_lftf,42,axis:gender,70,0.075,0.0,1.0,gap_erasure_dominant
small-instruct,baseline_lftf,42,axis:landholding,315,0.0943,0.0897,0.025,bipolar_no_dominant_polarity
small-instruct,baseline_lftf,42,axis:social_group,364,0.0756,0.1042,-0.159,bipolar_no_dominant_polarity
small-instruct,baseline_lftf,42,form:area,255,0.0641,0.0621,0.0155,bipolar_no_dominant_polarity
small-instruct,baseline_lftf,42,form:number,494,0.0887,0.1144,-0.1265,bipolar_no_dominant_polarity
small-instruct,baseline_lftf,42,slice:structure_familiar,328,0.057,0.0824,-0.1823,bipolar_no_dominant_polarity
small-instruct,baseline_lftf,42,slice:structure_novel,421,0.1033,0.0962,0.0358,bipolar_no_dominant_polarity
small-instruct,baseline_pedal,42,all,749,0.0027,0.0741,-0.9298,gap_fabrication_dominant
small-instruct,baseline_pedal,42,axis:gender,70,0.0,0.0,0.0,bipolar_no_dominant_polarity
small-instruct,baseline_pedal,42,axis:landholding,315,0.0,0.1282,-1.0,gap_fabrication_dominant
small-instruct,baseline_pedal,42,axis:social_group,364,0.0058,0.0417,-0.7551,gap_fabrication_dominant
small-instruct,baseline_pedal,42,form:area,255,0.0,0.0113,-1.0,gap_fabrication_dominant
small-instruct,baseline_pedal,42,form:number,494,0.0034,0.1294,-0.9486,gap_fabrication_dominant
small-instruct,baseline_pedal,42,slice:structure_familiar,328,0.0063,0.0529,-0.7864,gap_fabrication_dominant
small-instruct,baseline_pedal,42,slice:structure_novel,421,0.0,0.0913,-1.0,gap_fabrication_dominant
small-instruct,baseline_regift,42,all,749,0.0108,0.0635,-0.7097,gap_fabrication_dominant
small-instruct,baseline_regift,42,axis:gender,70,0.0,0.0,0.0,bipolar_no_dominant_polarity
small-instruct,baseline_regift,42,axis:landholding,315,0.0,0.1346,-1.0,gap_fabrication_dominant
small-instruct,baseline_regift,42,axis:social_group,364,0.0233,0.0156,0.1963,bipolar_no_dominant_polarity
small-instruct,baseline_regift,42,form:area,255,0.0,0.0113,-1.0,gap_fabrication_dominant
small-instruct,baseline_regift,42,form:number,494,0.0137,0.1095,-0.7782,gap_fabrication_dominant
small-instruct,baseline_regift,42,slice:structure_familiar,328,0.019,0.0471,-0.425,gap_fabrication_dominant
small-instruct,baseline_regift,42,slice:structure_novel,421,0.0047,0.0769,-0.885,gap_fabrication_dominant
small-instruct,frozen_base,42,all,749,0.4367,0.5026,-0.0703,bipolar_no_dominant_polarity
small-instruct,frozen_base,42,axis:gender,70,0.35,0.4,-0.0667,bipolar_no_dominant_polarity
small-instruct,frozen_base,42,axis:landholding,315,0.4088,0.4679,-0.0675,bipolar_no_dominant_polarity
small-instruct,frozen_base,42,axis:social_group,364,0.4826,0.5469,-0.0625,bipolar_no_dominant_polarity
small-instruct,frozen_base,42,form:area,255,0.4231,0.4237,-0.0008,bipolar_no_dominant_polarity
small-instruct,frozen_base,42,form:number,494,0.4403,0.5721,-0.1302,bipolar_no_dominant_polarity
small-instruct,frozen_base,42,slice:structure_familiar,328,0.481,0.6118,-0.1197,bipolar_no_dominant_polarity
small-instruct,frozen_base,42,slice:structure_novel,421,0.4038,0.4135,-0.0119,bipolar_no_dominant_polarity
small-instruct,graft_proposed,42,all,749,0.0189,0.0635,-0.5418,gap_fabrication_dominant
small-instruct,graft_proposed,42,axis:gender,70,0.0,0.0,0.0,bipolar_no_dominant_polarity
small-instruct,graft_proposed,42,axis:landholding,315,0.0,0.1282,-1.0,gap_fabrication_dominant
small-instruct,graft_proposed,42,axis:social_group,364,0.0407,0.0208,0.3228,gap_erasure_dominant
small-instruct,graft_proposed,42,form:area,255,0.0128,0.0169,-0.1387,bipolar_no_dominant_polarity
small-instruct,graft_proposed,42,form:number,494,0.0205,0.1045,-0.6722,gap_fabrication_dominant
small-instruct,graft_proposed,42,slice:structure_familiar,328,0.0253,0.0471,-0.3004,gap_fabrication_dominant
small-instruct,graft_proposed,42,slice:structure_novel,421,0.0141,0.0769,-0.6905,gap_fabrication_dominant
small-instruct,graft_proposed,43,all,749,0.0054,0.0582,-0.8305,gap_fabrication_dominant
small-instruct,graft_proposed,43,axis:gender,70,0.0,0.0,0.0,bipolar_no_dominant_polarity
small-instruct,graft_proposed,43,axis:landholding,315,0.0063,0.1218,-0.9018,gap_fabrication_dominant
small-instruct,graft_proposed,43,axis:social_group,364,0.0058,0.0156,-0.4576,gap_fabrication_dominant
small-instruct,graft_proposed,43,form:area,255,0.0,0.0113,-1.0,gap_fabrication_dominant
small-instruct,graft_proposed,43,form:number,494,0.0068,0.0995,-0.8716,gap_fabrication_dominant
small-instruct,graft_proposed,43,slice:structure_familiar,328,0.0127,0.0471,-0.5761,gap_fabrication_dominant
small-instruct,graft_proposed,43,slice:structure_novel,421,0.0,0.0673,-1.0,gap_fabrication_dominant
small-instruct,graft_proposed,44,all,749,0.0216,0.0582,-0.4593,gap_fabrication_dominant
small-instruct,graft_proposed,44,axis:gender,70,0.0,0.0,0.0,bipolar_no_dominant_polarity
small-instruct,graft_proposed,44,axis:landholding,315,0.0314,0.1154,-0.5717,gap_fabrication_dominant
small-instruct,graft_proposed,44,axis:social_group,364,0.0174,0.0208,-0.0886,bipolar_no_dominant_polarity
small-instruct,graft_proposed,44,form:area,255,0.0,0.0169,-1.0,gap_fabrication_dominant
small-instruct,graft_proposed,44,form:number,494,0.0273,0.0945,-0.5518,gap_fabrication_dominant
small-instruct,graft_proposed,44,slice:structure_familiar,328,0.0316,0.0471,-0.1958,bipolar_no_dominant_polarity
small-instruct,graft_proposed,44,slice:structure_novel,421,0.0141,0.0673,-0.6539,gap_fabrication_dominant
small-instruct,graft_proposed_loao_gender,42,all,70,0.9,0.0,1.0,gap_erasure_dominant
small-instruct,graft_proposed_loao_gender,42,axis:gender,70,0.9,0.0,1.0,gap_erasure_dominant
small-instruct,graft_proposed_loao_gender,42,form:area,24,1.0,0.0,1.0,gap_erasure_dominant
small-instruct,graft_proposed_loao_gender,42,form:number,46,0.8261,0.0,1.0,gap_erasure_dominant
small-instruct,graft_proposed_loao_gender,42,slice:structure_familiar,28,1.0,0.0,1.0,gap_erasure_dominant
small-instruct,graft_proposed_loao_gender,42,slice:structure_novel,42,0.8261,0.0,1.0,gap_erasure_dominant
small-instruct,graft_proposed_loao_landholding,42,all,315,0.0,0.359,-1.0,gap_fabrication_dominant
small-instruct,graft_proposed_loao_landholding,42,axis:landholding,315,0.0,0.359,-1.0,gap_fabrication_dominant
small-instruct,graft_proposed_loao_landholding,42,form:area,90,,0.3889,,undetermined
small-instruct,graft_proposed_loao_landholding,42,form:number,225,0.0,0.3182,-1.0,gap_fabrication_dominant
small-instruct,graft_proposed_loao_landholding,42,slice:structure_familiar,151,0.0,0.3797,-1.0,gap_fabrication_dominant
small-instruct,graft_proposed_loao_landholding,42,slice:structure_novel,164,0.0,0.3377,-1.0,gap_fabrication_dominant
small-instruct,graft_proposed_loao_social_group,42,all,364,0.3895,0.099,0.5948,gap_erasure_dominant
small-instruct,graft_proposed_loao_social_group,42,axis:social_group,364,0.3895,0.099,0.5948,gap_erasure_dominant
small-instruct,graft_proposed_loao_social_group,42,form:area,141,0.8033,0.05,0.8828,gap_erasure_dominant
small-instruct,graft_proposed_loao_social_group,42,form:number,223,0.1622,0.1339,0.0954,bipolar_no_dominant_polarity
small-instruct,graft_proposed_loao_social_group,42,slice:structure_familiar,149,0.4348,0.1125,0.5889,gap_erasure_dominant
small-instruct,graft_proposed_loao_social_group,42,slice:structure_novel,215,0.3592,0.0893,0.6019,gap_erasure_dominant
small-instruct,graft_proposed_qlora_nf4,42,all,749,0.0081,0.0608,-0.7654,gap_fabrication_dominant
small-instruct,graft_proposed_qlora_nf4,42,axis:gender,70,0.0,0.0,0.0,bipolar_no_dominant_polarity
small-instruct,graft_proposed_qlora_nf4,42,axis:landholding,315,0.0,0.1282,-1.0,gap_fabrication_dominant
small-instruct,graft_proposed_qlora_nf4,42,axis:social_group,364,0.0174,0.0156,0.0549,bipolar_no_dominant_polarity
small-instruct,graft_proposed_qlora_nf4,42,form:area,255,0.0,0.0113,-1.0,gap_fabrication_dominant
small-instruct,graft_proposed_qlora_nf4,42,form:number,494,0.0102,0.1045,-0.8215,gap_fabrication_dominant
small-instruct,graft_proposed_qlora_nf4,42,slice:structure_familiar,328,0.0127,0.0471,-0.5761,gap_fabrication_dominant
small-instruct,graft_proposed_qlora_nf4,42,slice:structure_novel,421,0.0047,0.0721,-0.8778,gap_fabrication_dominant
small-instruct,reference_vanilla_lora,42,all,749,0.0027,0.0582,-0.9115,gap_fabrication_dominant
small-instruct,reference_vanilla_lora,42,axis:gender,70,0.0,0.0,0.0,bipolar_no_dominant_polarity
small-instruct,reference_vanilla_lora,42,axis:landholding,315,0.0,0.1218,-1.0,gap_fabrication_dominant
small-instruct,reference_vanilla_lora,42,axis:social_group,364,0.0058,0.0156,-0.4576,gap_fabrication_dominant
small-instruct,reference_vanilla_lora,42,form:area,255,0.0,0.0113,-1.0,gap_fabrication_dominant
small-instruct,reference_vanilla_lora,42,form:number,494,0.0034,0.0995,-0.9337,gap_fabrication_dominant
small-instruct,reference_vanilla_lora,42,slice:structure_familiar,328,0.0063,0.0471,-0.7629,gap_fabrication_dominant
small-instruct,reference_vanilla_lora,42,slice:structure_novel,421,0.0,0.0673,-1.0,gap_fabrication_dominant
small-instruct,reference_vanilla_lora,43,all,749,0.0512,0.0503,0.0093,bipolar_no_dominant_polarity
small-instruct,reference_vanilla_lora,43,axis:gender,70,0.0,0.0,0.0,bipolar_no_dominant_polarity
small-instruct,reference_vanilla_lora,43,axis:landholding,315,0.0314,0.1026,-0.5307,gap_fabrication_dominant
small-instruct,reference_vanilla_lora,43,axis:social_group,364,0.0814,0.0156,0.6779,gap_erasure_dominant
small-instruct,reference_vanilla_lora,43,form:area,255,0.1026,0.0113,0.8015,gap_erasure_dominant
small-instruct,reference_vanilla_lora,43,form:number,494,0.0375,0.0846,-0.3852,gap_fabrication_dominant
small-instruct,reference_vanilla_lora,43,slice:structure_familiar,328,0.0633,0.0353,0.284,gap_erasure_dominant
small-instruct,reference_vanilla_lora,43,slice:structure_novel,421,0.0423,0.0625,-0.1933,bipolar_no_dominant_polarity
small-instruct,reference_vanilla_lora,44,all,749,0.1995,0.0503,0.5974,gap_erasure_dominant
small-instruct,reference_vanilla_lora,44,axis:gender,70,0.325,0.0,1.0,gap_erasure_dominant
small-instruct,reference_vanilla_lora,44,axis:landholding,315,0.1761,0.0897,0.3248,gap_erasure_dominant
small-instruct,reference_vanilla_lora,44,axis:social_group,364,0.1919,0.026,0.761,gap_erasure_dominant
small-instruct,reference_vanilla_lora,44,form:area,255,0.2308,0.0113,0.9066,gap_erasure_dominant
small-instruct,reference_vanilla_lora,44,form:number,494,0.1911,0.0846,0.3865,gap_erasure_dominant
small-instruct,reference_vanilla_lora,44,slice:structure_familiar,328,0.1835,0.0353,0.6774,gap_erasure_dominant
small-instruct,reference_vanilla_lora,44,slice:structure_novel,421,0.2113,0.0625,0.5434,gap_erasure_dominant
small-instruct,reference_vanilla_lora_loao_gender,42,all,70,0.95,0.0,1.0,gap_erasure_dominant
small-instruct,reference_vanilla_lora_loao_gender,42,axis:gender,70,0.95,0.0,1.0,gap_erasure_dominant
small-instruct,reference_vanilla_lora_loao_gender,42,form:area,24,1.0,0.0,1.0,gap_erasure_dominant
small-instruct,reference_vanilla_lora_loao_gender,42,form:number,46,0.913,0.0,1.0,gap_erasure_dominant
small-instruct,reference_vanilla_lora_loao_gender,42,slice:structure_familiar,28,1.0,0.0,1.0,gap_erasure_dominant
small-instruct,reference_vanilla_lora_loao_gender,42,slice:structure_novel,42,0.913,0.0,1.0,gap_erasure_dominant
small-instruct,reference_vanilla_lora_loao_landholding,42,all,315,0.0,0.3718,-1.0,gap_fabrication_dominant
small-instruct,reference_vanilla_lora_loao_landholding,42,axis:landholding,315,0.0,0.3718,-1.0,gap_fabrication_dominant
small-instruct,reference_vanilla_lora_loao_landholding,42,form:area,90,,0.3778,,undetermined
small-instruct,reference_vanilla_lora_loao_landholding,42,form:number,225,0.0,0.3636,-1.0,gap_fabrication_dominant
small-instruct,reference_vanilla_lora_loao_landholding,42,slice:structure_familiar,151,0.0,0.4051,-1.0,gap_fabrication_dominant
small-instruct,reference_vanilla_lora_loao_landholding,42,slice:structure_novel,164,0.0,0.3377,-1.0,gap_fabrication_dominant
small-instruct,reference_vanilla_lora_loao_social_group,42,all,364,0.7965,0.0052,0.987,gap_erasure_dominant
small-instruct,reference_vanilla_lora_loao_social_group,42,axis:social_group,364,0.7965,0.0052,0.987,gap_erasure_dominant
small-instruct,reference_vanilla_lora_loao_social_group,42,form:area,141,1.0,0.0125,0.9753,gap_erasure_dominant
small-instruct,reference_vanilla_lora_loao_social_group,42,form:number,223,0.6847,0.0,1.0,gap_erasure_dominant
small-instruct,reference_vanilla_lora_loao_social_group,42,slice:structure_familiar,149,0.7826,0.0125,0.9686,gap_erasure_dominant
small-instruct,reference_vanilla_lora_loao_social_group,42,slice:structure_novel,215,0.8058,0.0,1.0,gap_erasure_dominant
small-instruct,reference_vanilla_qlora,42,all,749,0.0135,0.0608,-0.6373,gap_fabrication_dominant
small-instruct,reference_vanilla_qlora,42,axis:gender,70,0.0,0.0,0.0,bipolar_no_dominant_polarity
small-instruct,reference_vanilla_qlora,42,axis:landholding,315,0.0,0.1154,-1.0,gap_fabrication_dominant
small-instruct,reference_vanilla_qlora,42,axis:social_group,364,0.0291,0.026,0.0549,bipolar_no_dominant_polarity
small-instruct,reference_vanilla_qlora,42,form:area,255,0.0,0.0226,-1.0,gap_fabrication_dominant
small-instruct,reference_vanilla_qlora,42,form:number,494,0.0171,0.0945,-0.6942,gap_fabrication_dominant
small-instruct,reference_vanilla_qlora,42,slice:structure_familiar,328,0.019,0.0353,-0.3004,gap_fabrication_dominant
small-instruct,reference_vanilla_qlora,42,slice:structure_novel,421,0.0094,0.0817,-0.7939,gap_fabrication_dominant
