tier,method,random_seed,condition,layer_index,mean_probability_of_roughly_equal_option,items_used
small-instruct,frozen_base,42,diff,0,0.1835,48
small-instruct,frozen_base,42,diff,1,0.1897,48
small-instruct,frozen_base,42,diff,2,0.1928,48
small-instruct,frozen_base,42,diff,3,0.1966,48
small-instruct,frozen_base,42,diff,4,0.1786,48
small-instruct,frozen_base,42,diff,5,0.171,48
small-instruct,frozen_base,42,diff,6,0.219,48
small-instruct,frozen_base,42,diff,7,0.126,48
small-instruct,frozen_base,42,diff,8,0.1131,48
small-instruct,frozen_base,42,diff,9,0.1305,48
small-instruct,frozen_base,42,diff,10,0.16,48
small-instruct,frozen_base,42,diff,11,0.2465,48
small-instruct,frozen_base,42,diff,12,0.219,48
small-instruct,frozen_base,42,diff,13,0.1554,48
small-instruct,frozen_base,42,equal,0,0.1841,48
small-instruct,frozen_base,42,equal,1,0.1899,48
small-instruct,frozen_base,42,equal,2,0.1929,48
small-instruct,frozen_base,42,equal,3,0.1975,48
small-instruct,frozen_base,42,equal,4,0.1782,48
small-instruct,frozen_base,42,equal,5,0.1701,48
small-instruct,frozen_base,42,equal,6,0.2162,48
small-instruct,frozen_base,42,equal,7,0.1264,48
small-instruct,frozen_base,42,equal,8,0.1106,48
small-instruct,frozen_base,42,equal,9,0.1194,48
small-instruct,frozen_base,42,equal,10,0.1458,48
small-instruct,frozen_base,42,equal,11,0.2317,48
small-instruct,frozen_base,42,equal,12,0.1964,48
small-instruct,frozen_base,42,equal,13,0.1491,48
small-instruct,baseline_dart,42,diff,0,0.4722,48
small-instruct,baseline_dart,42,diff,1,0.4665,48
small-instruct,baseline_dart,42,diff,2,0.4661,48
small-instruct,baseline_dart,42,diff,3,0.4616,48
small-instruct,baseline_dart,42,diff,4,0.4579,48
small-instruct,baseline_dart,42,diff,5,0.4427,48
small-instruct,baseline_dart,42,diff,6,0.4505,48
small-instruct,baseline_dart,42,diff,7,0.408,48
small-instruct,baseline_dart,42,diff,8,0.3886,48
small-instruct,baseline_dart,42,diff,9,0.3776,48
small-instruct,baseline_dart,42,diff,10,0.3613,48
small-instruct,baseline_dart,42,diff,11,0.4006,48
small-instruct,baseline_dart,42,diff,12,0.358,48
small-instruct,baseline_dart,42,diff,13,0.2968,48
small-instruct,baseline_dart,42,equal,0,0.4755,48
small-instruct,baseline_dart,42,equal,1,0.4671,48
small-instruct,baseline_dart,42,equal,2,0.4674,48
small-instruct,baseline_dart,42,equal,3,0.4613,48
small-instruct,baseline_dart,42,equal,4,0.4576,48
small-instruct,baseline_dart,42,equal,5,0.441,48
small-instruct,baseline_dart,42,equal,6,0.4495,48
small-instruct,baseline_dart,42,equal,7,0.4072,48
small-instruct,baseline_dart,42,equal,8,0.3876,48
small-instruct,baseline_dart,42,equal,9,0.3837,48
small-instruct,baseline_dart,42,equal,10,0.3668,48
small-instruct,baseline_dart,42,equal,11,0.4197,48
small-instruct,baseline_dart,42,equal,12,0.2583,48
small-instruct,baseline_dart,42,equal,13,0.2165,48
small-instruct,baseline_fairnet,42,diff,0,0.5127,48
small-instruct,baseline_fairnet,42,diff,1,0.5175,48
small-instruct,baseline_fairnet,42,diff,2,0.5093,48
small-instruct,baseline_fairnet,42,diff,3,0.5053,48
small-instruct,baseline_fairnet,42,diff,4,0.503,48
small-instruct,baseline_fairnet,42,diff,5,0.4903,48
small-instruct,baseline_fairnet,42,diff,6,0.4902,48
small-instruct,baseline_fairnet,42,diff,7,0.4778,48
small-instruct,baseline_fairnet,42,diff,8,0.4592,48
small-instruct,baseline_fairnet,42,diff,9,0.4459,48
small-instruct,baseline_fairnet,42,diff,10,0.424,48
small-instruct,baseline_fairnet,42,diff,11,0.4487,48
small-instruct,baseline_fairnet,42,diff,12,0.4173,48
small-instruct,baseline_fairnet,42,diff,13,0.3772,48
small-instruct,baseline_fairnet,42,equal,0,0.5115,48
small-instruct,baseline_fairnet,42,equal,1,0.5176,48
small-instruct,baseline_fairnet,42,equal,2,0.5103,48
small-instruct,baseline_fairnet,42,equal,3,0.4998,48
small-instruct,baseline_fairnet,42,equal,4,0.5043,48
small-instruct,baseline_fairnet,42,equal,5,0.4879,48
small-instruct,baseline_fairnet,42,equal,6,0.497,48
small-instruct,baseline_fairnet,42,equal,7,0.4786,48
small-instruct,baseline_fairnet,42,equal,8,0.471,48
small-instruct,baseline_fairnet,42,equal,9,0.4572,48
small-instruct,baseline_fairnet,42,equal,10,0.4341,48
small-instruct,baseline_fairnet,42,equal,11,0.4494,48
small-instruct,baseline_fairnet,42,equal,12,0.3648,48
small-instruct,baseline_fairnet,42,equal,13,0.3852,48
small-instruct,baseline_igu_lora,42,diff,0,0.3588,48
small-instruct,baseline_igu_lora,42,diff,1,0.3587,48
small-instruct,baseline_igu_lora,42,diff,2,0.3533,48
small-instruct,baseline_igu_lora,42,diff,3,0.3523,48
small-instruct,baseline_igu_lora,42,diff,4,0.3496,48
small-instruct,baseline_igu_lora,42,diff,5,0.3413,48
small-instruct,baseline_igu_lora,42,diff,6,0.3431,48
small-instruct,baseline_igu_lora,42,diff,7,0.3197,48
small-instruct,baseline_igu_lora,42,diff,8,0.2896,48
small-instruct,baseline_igu_lora,42,diff,9,0.2949,48
small-instruct,baseline_igu_lora,42,diff,10,0.3019,48
small-instruct,baseline_igu_lora,42,diff,11,0.3047,48
small-instruct,baseline_igu_lora,42,diff,12,0.2227,48
small-instruct,baseline_igu_lora,42,diff,13,0.1609,48
small-instruct,baseline_igu_lora,42,equal,0,0.3597,48
small-instruct,baseline_igu_lora,42,equal,1,0.3584,48
small-instruct,baseline_igu_lora,42,equal,2,0.3533,48
small-instruct,baseline_igu_lora,42,equal,3,0.3537,48
small-instruct,baseline_igu_lora,42,equal,4,0.3486,48
small-instruct,baseline_igu_lora,42,equal,5,0.3425,48
small-instruct,baseline_igu_lora,42,equal,6,0.3428,48
small-instruct,baseline_igu_lora,42,equal,7,0.3187,48
small-instruct,baseline_igu_lora,42,equal,8,0.2854,48
small-instruct,baseline_igu_lora,42,equal,9,0.289,48
small-instruct,baseline_igu_lora,42,equal,10,0.2998,48
small-instruct,baseline_igu_lora,42,equal,11,0.3207,48
small-instruct,baseline_igu_lora,42,equal,12,0.2203,48
small-instruct,baseline_igu_lora,42,equal,13,0.1642,48
small-instruct,baseline_lftf,42,diff,0,0.2566,48
small-instruct,baseline_lftf,42,diff,1,0.2567,48
small-instruct,baseline_lftf,42,diff,2,0.2538,48
small-instruct,baseline_lftf,42,diff,3,0.2529,48
small-instruct,baseline_lftf,42,diff,4,0.2487,48
small-instruct,baseline_lftf,42,diff,5,0.237,48
small-instruct,baseline_lftf,42,diff,6,0.2498,48
small-instruct,baseline_lftf,42,diff,7,0.2183,48
small-instruct,baseline_lftf,42,diff,8,0.1971,48
small-instruct,baseline_lftf,42,diff,9,0.1968,48
small-instruct,baseline_lftf,42,diff,10,0.186,48
small-instruct,baseline_lftf,42,diff,11,0.2199,48
small-instruct,baseline_lftf,42,diff,12,0.2487,48
small-instruct,baseline_lftf,42,diff,13,0.2232,48
small-instruct,baseline_lftf,42,equal,0,0.2558,48
small-instruct,baseline_lftf,42,equal,1,0.2559,48
small-instruct,baseline_lftf,42,equal,2,0.2542,48
small-instruct,baseline_lftf,42,equal,3,0.2548,48
small-instruct,baseline_lftf,42,equal,4,0.2488,48
small-instruct,baseline_lftf,42,equal,5,0.2369,48
small-instruct,baseline_lftf,42,equal,6,0.2482,48
small-instruct,baseline_lftf,42,equal,7,0.2189,48
small-instruct,baseline_lftf,42,equal,8,0.195,48
small-instruct,baseline_lftf,42,equal,9,0.1875,48
small-instruct,baseline_lftf,42,equal,10,0.1757,48
small-instruct,baseline_lftf,42,equal,11,0.2114,48
small-instruct,baseline_lftf,42,equal,12,0.2347,48
small-instruct,baseline_lftf,42,equal,13,0.2159,48
small-instruct,baseline_pedal,42,diff,0,0.4436,48
small-instruct,baseline_pedal,42,diff,1,0.4442,48
small-instruct,baseline_pedal,42,diff,2,0.4309,48
small-instruct,baseline_pedal,42,diff,3,0.4342,48
small-instruct,baseline_pedal,42,diff,4,0.4431,48
small-instruct,baseline_pedal,42,diff,5,0.4382,48
small-instruct,baseline_pedal,42,diff,6,0.44,48
small-instruct,baseline_pedal,42,diff,7,0.4331,48
small-instruct,baseline_pedal,42,diff,8,0.4099,48
small-instruct,baseline_pedal,42,diff,9,0.4071,48
small-instruct,baseline_pedal,42,diff,10,0.3853,48
small-instruct,baseline_pedal,42,diff,11,0.3758,48
small-instruct,baseline_pedal,42,diff,12,0.3441,48
small-instruct,baseline_pedal,42,diff,13,0.3112,48
small-instruct,baseline_pedal,42,equal,0,0.4423,48
small-instruct,baseline_pedal,42,equal,1,0.4442,48
small-instruct,baseline_pedal,42,equal,2,0.4305,48
small-instruct,baseline_pedal,42,equal,3,0.433,48
small-instruct,baseline_pedal,42,equal,4,0.4439,48
small-instruct,baseline_pedal,42,equal,5,0.436,48
small-instruct,baseline_pedal,42,equal,6,0.4408,48
small-instruct,baseline_pedal,42,equal,7,0.4329,48
small-instruct,baseline_pedal,42,equal,8,0.4123,48
small-instruct,baseline_pedal,42,equal,9,0.4035,48
small-instruct,baseline_pedal,42,equal,10,0.408,48
small-instruct,baseline_pedal,42,equal,11,0.3683,48
small-instruct,baseline_pedal,42,equal,12,0.2198,48
small-instruct,baseline_pedal,42,equal,13,0.2506,48
small-instruct,baseline_regift,42,diff,0,0.5792,48
small-instruct,baseline_regift,42,diff,1,0.5865,48
small-instruct,baseline_regift,42,diff,2,0.5902,48
small-instruct,baseline_regift,42,diff,3,0.5744,48
small-instruct,baseline_regift,42,diff,4,0.5744,48
small-instruct,baseline_regift,42,diff,5,0.5573,48
small-instruct,baseline_regift,42,diff,6,0.5614,48
small-instruct,baseline_regift,42,diff,7,0.5319,48
small-instruct,baseline_regift,42,diff,8,0.4745,48
small-instruct,baseline_regift,42,diff,9,0.4634,48
small-instruct,baseline_regift,42,diff,10,0.4233,48
small-instruct,baseline_regift,42,diff,11,0.4404,48
small-instruct,baseline_regift,42,diff,12,0.4414,48
small-instruct,baseline_regift,42,diff,13,0.3901,48
small-instruct,baseline_regift,42,equal,0,0.5822,48
small-instruct,baseline_regift,42,equal,1,0.5862,48
small-instruct,baseline_regift,42,equal,2,0.5897,48
small-instruct,baseline_regift,42,equal,3,0.5748,48
small-instruct,baseline_regift,42,equal,4,0.5713,48
small-instruct,baseline_regift,42,equal,5,0.5556,48
small-instruct,baseline_regift,42,equal,6,0.5597,48
small-instruct,baseline_regift,42,equal,7,0.5392,48
small-instruct,baseline_regift,42,equal,8,0.4647,48
small-instruct,baseline_regift,42,equal,9,0.4619,48
small-instruct,baseline_regift,42,equal,10,0.4372,48
small-instruct,baseline_regift,42,equal,11,0.4552,48
small-instruct,baseline_regift,42,equal,12,0.4233,48
small-instruct,baseline_regift,42,equal,13,0.3829,48
small-instruct,graft_proposed,42,diff,0,0.4962,48
small-instruct,graft_proposed,42,diff,1,0.4967,48
small-instruct,graft_proposed,42,diff,2,0.4852,48
small-instruct,graft_proposed,42,diff,3,0.4756,48
small-instruct,graft_proposed,42,diff,4,0.4751,48
small-instruct,graft_proposed,42,diff,5,0.4631,48
small-instruct,graft_proposed,42,diff,6,0.4611,48
small-instruct,graft_proposed,42,diff,7,0.4418,48
small-instruct,graft_proposed,42,diff,8,0.389,48
small-instruct,graft_proposed,42,diff,9,0.4119,48
small-instruct,graft_proposed,42,diff,10,0.3793,48
small-instruct,graft_proposed,42,diff,11,0.4206,48
small-instruct,graft_proposed,42,diff,12,0.4191,48
small-instruct,graft_proposed,42,diff,13,0.3223,48
small-instruct,graft_proposed,42,equal,0,0.4955,48
small-instruct,graft_proposed,42,equal,1,0.4901,48
small-instruct,graft_proposed,42,equal,2,0.4848,48
small-instruct,graft_proposed,42,equal,3,0.4788,48
small-instruct,graft_proposed,42,equal,4,0.4759,48
small-instruct,graft_proposed,42,equal,5,0.464,48
small-instruct,graft_proposed,42,equal,6,0.4645,48
small-instruct,graft_proposed,42,equal,7,0.4489,48
small-instruct,graft_proposed,42,equal,8,0.3962,48
small-instruct,graft_proposed,42,equal,9,0.4139,48
small-instruct,graft_proposed,42,equal,10,0.388,48
small-instruct,graft_proposed,42,equal,11,0.441,48
small-instruct,graft_proposed,42,equal,12,0.3994,48
small-instruct,graft_proposed,42,equal,13,0.3314,48
small-instruct,graft_proposed_loao_gender,42,diff,0,0.3771,48
small-instruct,graft_proposed_loao_gender,42,diff,1,0.3753,48
small-instruct,graft_proposed_loao_gender,42,diff,2,0.3675,48
small-instruct,graft_proposed_loao_gender,42,diff,3,0.3675,48
small-instruct,graft_proposed_loao_gender,42,diff,4,0.3699,48
small-instruct,graft_proposed_loao_gender,42,diff,5,0.3647,48
small-instruct,graft_proposed_loao_gender,42,diff,6,0.3658,48
small-instruct,graft_proposed_loao_gender,42,diff,7,0.3458,48
small-instruct,graft_proposed_loao_gender,42,diff,8,0.3025,48
small-instruct,graft_proposed_loao_gender,42,diff,9,0.2667,48
small-instruct,graft_proposed_loao_gender,42,diff,10,0.1922,48
small-instruct,graft_proposed_loao_gender,42,diff,11,0.1912,48
small-instruct,graft_proposed_loao_gender,42,diff,12,0.1843,48
small-instruct,graft_proposed_loao_gender,42,diff,13,0.2398,48
small-instruct,graft_proposed_loao_gender,42,equal,0,0.3763,48
small-instruct,graft_proposed_loao_gender,42,equal,1,0.3755,48
small-instruct,graft_proposed_loao_gender,42,equal,2,0.3661,48
small-instruct,graft_proposed_loao_gender,42,equal,3,0.3678,48
small-instruct,graft_proposed_loao_gender,42,equal,4,0.3699,48
small-instruct,graft_proposed_loao_gender,42,equal,5,0.3611,48
small-instruct,graft_proposed_loao_gender,42,equal,6,0.3648,48
small-instruct,graft_proposed_loao_gender,42,equal,7,0.3453,48
small-instruct,graft_proposed_loao_gender,42,equal,8,0.3006,48
small-instruct,graft_proposed_loao_gender,42,equal,9,0.269,48
small-instruct,graft_proposed_loao_gender,42,equal,10,0.1968,48
small-instruct,graft_proposed_loao_gender,42,equal,11,0.1959,48
small-instruct,graft_proposed_loao_gender,42,equal,12,0.1509,48
small-instruct,graft_proposed_loao_gender,42,equal,13,0.2719,48
small-instruct,graft_proposed_loao_landholding,42,diff,0,0.5623,48
small-instruct,graft_proposed_loao_landholding,42,diff,1,0.5631,48
small-instruct,graft_proposed_loao_landholding,42,diff,2,0.5557,48
small-instruct,graft_proposed_loao_landholding,42,diff,3,0.5459,48
small-instruct,graft_proposed_loao_landholding,42,diff,4,0.5501,48
small-instruct,graft_proposed_loao_landholding,42,diff,5,0.5387,48
small-instruct,graft_proposed_loao_landholding,42,diff,6,0.5391,48
small-instruct,graft_proposed_loao_landholding,42,diff,7,0.5274,48
small-instruct,graft_proposed_loao_landholding,42,diff,8,0.5085,48
small-instruct,graft_proposed_loao_landholding,42,diff,9,0.493,48
small-instruct,graft_proposed_loao_landholding,42,diff,10,0.364,48
small-instruct,graft_proposed_loao_landholding,42,diff,11,0.2787,48
small-instruct,graft_proposed_loao_landholding,42,diff,12,0.267,48
small-instruct,graft_proposed_loao_landholding,42,diff,13,0.3211,48
small-instruct,graft_proposed_loao_landholding,42,equal,0,0.5637,48
small-instruct,graft_proposed_loao_landholding,42,equal,1,0.5611,48
small-instruct,graft_proposed_loao_landholding,42,equal,2,0.5529,48
small-instruct,graft_proposed_loao_landholding,42,equal,3,0.5496,48
small-instruct,graft_proposed_loao_landholding,42,equal,4,0.5524,48
small-instruct,graft_proposed_loao_landholding,42,equal,5,0.5354,48
small-instruct,graft_proposed_loao_landholding,42,equal,6,0.5394,48
small-instruct,graft_proposed_loao_landholding,42,equal,7,0.525,48
small-instruct,graft_proposed_loao_landholding,42,equal,8,0.4987,48
small-instruct,graft_proposed_loao_landholding,42,equal,9,0.49,48
small-instruct,graft_proposed_loao_landholding,42,equal,10,0.3664,48
small-instruct,graft_proposed_loao_landholding,42,equal,11,0.3034,48
small-instruct,graft_proposed_loao_landholding,42,equal,12,0.2603,48
small-instruct,graft_proposed_loao_landholding,42,equal,13,0.3327,48
small-instruct,graft_proposed_loao_social_group,42,diff,0,0.5863,48
small-instruct,graft_proposed_loao_social_group,42,diff,1,0.5865,48
small-instruct,graft_proposed_loao_social_group,42,diff,2,0.5862,48
small-instruct,graft_proposed_loao_social_group,42,diff,3,0.586,48
small-instruct,graft_proposed_loao_social_group,42,diff,4,0.5759,48
small-instruct,graft_proposed_loao_social_group,42,diff,5,0.5617,48
small-instruct,graft_proposed_loao_social_group,42,diff,6,0.5579,48
small-instruct,graft_proposed_loao_social_group,42,diff,7,0.5416,48
small-instruct,graft_proposed_loao_social_group,42,diff,8,0.5323,48
small-instruct,graft_proposed_loao_social_group,42,diff,9,0.5161,48
small-instruct,graft_proposed_loao_social_group,42,diff,10,0.4652,48
small-instruct,graft_proposed_loao_social_group,42,diff,11,0.4638,48
small-instruct,graft_proposed_loao_social_group,42,diff,12,0.4153,48
small-instruct,graft_proposed_loao_social_group,42,diff,13,0.2202,48
small-instruct,graft_proposed_loao_social_group,42,equal,0,0.587,48
small-instruct,graft_proposed_loao_social_group,42,equal,1,0.585,48
small-instruct,graft_proposed_loao_social_group,42,equal,2,0.5862,48
small-instruct,graft_proposed_loao_social_group,42,equal,3,0.585,48
small-instruct,graft_proposed_loao_social_group,42,equal,4,0.578,48
small-instruct,graft_proposed_loao_social_group,42,equal,5,0.5595,48
small-instruct,graft_proposed_loao_social_group,42,equal,6,0.557,48
small-instruct,graft_proposed_loao_social_group,42,equal,7,0.5407,48
small-instruct,graft_proposed_loao_social_group,42,equal,8,0.5315,48
small-instruct,graft_proposed_loao_social_group,42,equal,9,0.5167,48
small-instruct,graft_proposed_loao_social_group,42,equal,10,0.4613,48
small-instruct,graft_proposed_loao_social_group,42,equal,11,0.4661,48
small-instruct,graft_proposed_loao_social_group,42,equal,12,0.4351,48
small-instruct,graft_proposed_loao_social_group,42,equal,13,0.2303,48
small-instruct,graft_proposed_qlora_nf4,42,diff,0,0.3744,48
small-instruct,graft_proposed_qlora_nf4,42,diff,1,0.3751,48
small-instruct,graft_proposed_qlora_nf4,42,diff,2,0.3625,48
small-instruct,graft_proposed_qlora_nf4,42,diff,3,0.3678,48
small-instruct,graft_proposed_qlora_nf4,42,diff,4,0.3673,48
small-instruct,graft_proposed_qlora_nf4,42,diff,5,0.3406,48
small-instruct,graft_proposed_qlora_nf4,42,diff,6,0.3483,48
small-instruct,graft_proposed_qlora_nf4,42,diff,7,0.3633,48
small-instruct,graft_proposed_qlora_nf4,42,diff,8,0.3324,48
small-instruct,graft_proposed_qlora_nf4,42,diff,9,0.3078,48
small-instruct,graft_proposed_qlora_nf4,42,diff,10,0.2522,48
small-instruct,graft_proposed_qlora_nf4,42,diff,11,0.2787,48
small-instruct,graft_proposed_qlora_nf4,42,diff,12,0.225,48
small-instruct,graft_proposed_qlora_nf4,42,diff,13,0.1949,48
small-instruct,graft_proposed_qlora_nf4,42,equal,0,0.3754,48
small-instruct,graft_proposed_qlora_nf4,42,equal,1,0.3734,48
small-instruct,graft_proposed_qlora_nf4,42,equal,2,0.3614,48
small-instruct,graft_proposed_qlora_nf4,42,equal,3,0.3656,48
small-instruct,graft_proposed_qlora_nf4,42,equal,4,0.3684,48
small-instruct,graft_proposed_qlora_nf4,42,equal,5,0.3402,48
small-instruct,graft_proposed_qlora_nf4,42,equal,6,0.3516,48
small-instruct,graft_proposed_qlora_nf4,42,equal,7,0.3658,48
small-instruct,graft_proposed_qlora_nf4,42,equal,8,0.3385,48
small-instruct,graft_proposed_qlora_nf4,42,equal,9,0.3137,48
small-instruct,graft_proposed_qlora_nf4,42,equal,10,0.2719,48
small-instruct,graft_proposed_qlora_nf4,42,equal,11,0.2818,48
small-instruct,graft_proposed_qlora_nf4,42,equal,12,0.2304,48
small-instruct,graft_proposed_qlora_nf4,42,equal,13,0.1762,48
small-instruct,reference_vanilla_lora,42,diff,0,0.4086,48
small-instruct,reference_vanilla_lora,42,diff,1,0.4084,48
small-instruct,reference_vanilla_lora,42,diff,2,0.4087,48
small-instruct,reference_vanilla_lora,42,diff,3,0.4055,48
small-instruct,reference_vanilla_lora,42,diff,4,0.4095,48
small-instruct,reference_vanilla_lora,42,diff,5,0.3959,48
small-instruct,reference_vanilla_lora,42,diff,6,0.4002,48
small-instruct,reference_vanilla_lora,42,diff,7,0.3876,48
small-instruct,reference_vanilla_lora,42,diff,8,0.3372,48
small-instruct,reference_vanilla_lora,42,diff,9,0.3365,48
small-instruct,reference_vanilla_lora,42,diff,10,0.3015,48
small-instruct,reference_vanilla_lora,42,diff,11,0.312,48
small-instruct,reference_vanilla_lora,42,diff,12,0.1858,48
small-instruct,reference_vanilla_lora,42,diff,13,0.1342,48
small-instruct,reference_vanilla_lora,42,equal,0,0.409,48
small-instruct,reference_vanilla_lora,42,equal,1,0.4074,48
small-instruct,reference_vanilla_lora,42,equal,2,0.4087,48
small-instruct,reference_vanilla_lora,42,equal,3,0.4068,48
small-instruct,reference_vanilla_lora,42,equal,4,0.4088,48
small-instruct,reference_vanilla_lora,42,equal,5,0.3932,48
small-instruct,reference_vanilla_lora,42,equal,6,0.4021,48
small-instruct,reference_vanilla_lora,42,equal,7,0.3881,48
small-instruct,reference_vanilla_lora,42,equal,8,0.3418,48
small-instruct,reference_vanilla_lora,42,equal,9,0.3349,48
small-instruct,reference_vanilla_lora,42,equal,10,0.3018,48
small-instruct,reference_vanilla_lora,42,equal,11,0.3202,48
small-instruct,reference_vanilla_lora,42,equal,12,0.2533,48
small-instruct,reference_vanilla_lora,42,equal,13,0.3073,48
small-instruct,reference_vanilla_lora_loao_gender,42,diff,0,0.5214,48
small-instruct,reference_vanilla_lora_loao_gender,42,diff,1,0.5229,48
small-instruct,reference_vanilla_lora_loao_gender,42,diff,2,0.5283,48
small-instruct,reference_vanilla_lora_loao_gender,42,diff,3,0.5259,48
small-instruct,reference_vanilla_lora_loao_gender,42,diff,4,0.5271,48
small-instruct,reference_vanilla_lora_loao_gender,42,diff,5,0.5091,48
small-instruct,reference_vanilla_lora_loao_gender,42,diff,6,0.517,48
small-instruct,reference_vanilla_lora_loao_gender,42,diff,7,0.4968,48
small-instruct,reference_vanilla_lora_loao_gender,42,diff,8,0.4505,48
small-instruct,reference_vanilla_lora_loao_gender,42,diff,9,0.4364,48
small-instruct,reference_vanilla_lora_loao_gender,42,diff,10,0.3329,48
small-instruct,reference_vanilla_lora_loao_gender,42,diff,11,0.3436,48
small-instruct,reference_vanilla_lora_loao_gender,42,diff,12,0.2764,48
small-instruct,reference_vanilla_lora_loao_gender,42,diff,13,0.2558,48
small-instruct,reference_vanilla_lora_loao_gender,42,equal,0,0.5211,48
small-instruct,reference_vanilla_lora_loao_gender,42,equal,1,0.5246,48
small-instruct,reference_vanilla_lora_loao_gender,42,equal,2,0.5272,48
small-instruct,reference_vanilla_lora_loao_gender,42,equal,3,0.5241,48
small-instruct,reference_vanilla_lora_loao_gender,42,equal,4,0.5275,48
small-instruct,reference_vanilla_lora_loao_gender,42,equal,5,0.5028,48
small-instruct,reference_vanilla_lora_loao_gender,42,equal,6,0.5126,48
small-instruct,reference_vanilla_lora_loao_gender,42,equal,7,0.5008,48
small-instruct,reference_vanilla_lora_loao_gender,42,equal,8,0.4484,48
small-instruct,reference_vanilla_lora_loao_gender,42,equal,9,0.4341,48
small-instruct,reference_vanilla_lora_loao_gender,42,equal,10,0.34,48
small-instruct,reference_vanilla_lora_loao_gender,42,equal,11,0.3577,48
small-instruct,reference_vanilla_lora_loao_gender,42,equal,12,0.257,48
small-instruct,reference_vanilla_lora_loao_gender,42,equal,13,0.2269,48
small-instruct,reference_vanilla_lora_loao_landholding,42,diff,0,0.5206,48
small-instruct,reference_vanilla_lora_loao_landholding,42,diff,1,0.5278,48
small-instruct,reference_vanilla_lora_loao_landholding,42,diff,2,0.5285,48
small-instruct,reference_vanilla_lora_loao_landholding,42,diff,3,0.5252,48
small-instruct,reference_vanilla_lora_loao_landholding,42,diff,4,0.5142,48
small-instruct,reference_vanilla_lora_loao_landholding,42,diff,5,0.5122,48
small-instruct,reference_vanilla_lora_loao_landholding,42,diff,6,0.5272,48
small-instruct,reference_vanilla_lora_loao_landholding,42,diff,7,0.4877,48
small-instruct,reference_vanilla_lora_loao_landholding,42,diff,8,0.4529,48
small-instruct,reference_vanilla_lora_loao_landholding,42,diff,9,0.4658,48
small-instruct,reference_vanilla_lora_loao_landholding,42,diff,10,0.3733,48
small-instruct,reference_vanilla_lora_loao_landholding,42,diff,11,0.3494,48
small-instruct,reference_vanilla_lora_loao_landholding,42,diff,12,0.2399,48
small-instruct,reference_vanilla_lora_loao_landholding,42,diff,13,0.2404,48
small-instruct,reference_vanilla_lora_loao_landholding,42,equal,0,0.5233,48
small-instruct,reference_vanilla_lora_loao_landholding,42,equal,1,0.5239,48
small-instruct,reference_vanilla_lora_loao_landholding,42,equal,2,0.5277,48
small-instruct,reference_vanilla_lora_loao_landholding,42,equal,3,0.5234,48
small-instruct,reference_vanilla_lora_loao_landholding,42,equal,4,0.5185,48
small-instruct,reference_vanilla_lora_loao_landholding,42,equal,5,0.5107,48
small-instruct,reference_vanilla_lora_loao_landholding,42,equal,6,0.5254,48
small-instruct,reference_vanilla_lora_loao_landholding,42,equal,7,0.4899,48
small-instruct,reference_vanilla_lora_loao_landholding,42,equal,8,0.4437,48
small-instruct,reference_vanilla_lora_loao_landholding,42,equal,9,0.461,48
small-instruct,reference_vanilla_lora_loao_landholding,42,equal,10,0.3853,48
small-instruct,reference_vanilla_lora_loao_landholding,42,equal,11,0.3727,48
small-instruct,reference_vanilla_lora_loao_landholding,42,equal,12,0.2351,48
small-instruct,reference_vanilla_lora_loao_landholding,42,equal,13,0.2873,48
small-instruct,reference_vanilla_lora_loao_social_group,42,diff,0,0.6133,48
small-instruct,reference_vanilla_lora_loao_social_group,42,diff,1,0.6268,48
small-instruct,reference_vanilla_lora_loao_social_group,42,diff,2,0.6152,48
small-instruct,reference_vanilla_lora_loao_social_group,42,diff,3,0.6178,48
small-instruct,reference_vanilla_lora_loao_social_group,42,diff,4,0.6113,48
small-instruct,reference_vanilla_lora_loao_social_group,42,diff,5,0.6018,48
small-instruct,reference_vanilla_lora_loao_social_group,42,diff,6,0.616,48
small-instruct,reference_vanilla_lora_loao_social_group,42,diff,7,0.6059,48
small-instruct,reference_vanilla_lora_loao_social_group,42,diff,8,0.5216,48
small-instruct,reference_vanilla_lora_loao_social_group,42,diff,9,0.5394,48
small-instruct,reference_vanilla_lora_loao_social_group,42,diff,10,0.4988,48
small-instruct,reference_vanilla_lora_loao_social_group,42,diff,11,0.5678,48
small-instruct,reference_vanilla_lora_loao_social_group,42,diff,12,0.4221,48
small-instruct,reference_vanilla_lora_loao_social_group,42,diff,13,0.3326,48
small-instruct,reference_vanilla_lora_loao_social_group,42,equal,0,0.6137,48
small-instruct,reference_vanilla_lora_loao_social_group,42,equal,1,0.6251,48
small-instruct,reference_vanilla_lora_loao_social_group,42,equal,2,0.6181,48
small-instruct,reference_vanilla_lora_loao_social_group,42,equal,3,0.6184,48
small-instruct,reference_vanilla_lora_loao_social_group,42,equal,4,0.6108,48
small-instruct,reference_vanilla_lora_loao_social_group,42,equal,5,0.5985,48
small-instruct,reference_vanilla_lora_loao_social_group,42,equal,6,0.6197,48
small-instruct,reference_vanilla_lora_loao_social_group,42,equal,7,0.6081,48
small-instruct,reference_vanilla_lora_loao_social_group,42,equal,8,0.5164,48
small-instruct,reference_vanilla_lora_loao_social_group,42,equal,9,0.5308,48
small-instruct,reference_vanilla_lora_loao_social_group,42,equal,10,0.4892,48
small-instruct,reference_vanilla_lora_loao_social_group,42,equal,11,0.573,48
small-instruct,reference_vanilla_lora_loao_social_group,42,equal,12,0.435,48
small-instruct,reference_vanilla_lora_loao_social_group,42,equal,13,0.4008,48
small-instruct,reference_vanilla_qlora,42,diff,0,0.5894,48
small-instruct,reference_vanilla_qlora,42,diff,1,0.5796,48
small-instruct,reference_vanilla_qlora,42,diff,2,0.5756,48
small-instruct,reference_vanilla_qlora,42,diff,3,0.5767,48
small-instruct,reference_vanilla_qlora,42,diff,4,0.5841,48
small-instruct,reference_vanilla_qlora,42,diff,5,0.545,48
small-instruct,reference_vanilla_qlora,42,diff,6,0.5714,48
small-instruct,reference_vanilla_qlora,42,diff,7,0.5801,48
small-instruct,reference_vanilla_qlora,42,diff,8,0.5285,48
small-instruct,reference_vanilla_qlora,42,diff,9,0.5208,48
small-instruct,reference_vanilla_qlora,42,diff,10,0.5328,48
small-instruct,reference_vanilla_qlora,42,diff,11,0.5758,48
small-instruct,reference_vanilla_qlora,42,diff,12,0.523,48
small-instruct,reference_vanilla_qlora,42,diff,13,0.4872,48
small-instruct,reference_vanilla_qlora,42,equal,0,0.5904,48
small-instruct,reference_vanilla_qlora,42,equal,1,0.5783,48
small-instruct,reference_vanilla_qlora,42,equal,2,0.5759,48
small-instruct,reference_vanilla_qlora,42,equal,3,0.5715,48
small-instruct,reference_vanilla_qlora,42,equal,4,0.5845,48
small-instruct,reference_vanilla_qlora,42,equal,5,0.5435,48
small-instruct,reference_vanilla_qlora,42,equal,6,0.5738,48
small-instruct,reference_vanilla_qlora,42,equal,7,0.5788,48
small-instruct,reference_vanilla_qlora,42,equal,8,0.5331,48
small-instruct,reference_vanilla_qlora,42,equal,9,0.5108,48
small-instruct,reference_vanilla_qlora,42,equal,10,0.5258,48
small-instruct,reference_vanilla_qlora,42,equal,11,0.5747,48
small-instruct,reference_vanilla_qlora,42,equal,12,0.5759,48
small-instruct,reference_vanilla_qlora,42,equal,13,0.688,48
broad-instruct,frozen_base,42,diff,0,0.4134,48
broad-instruct,frozen_base,42,diff,1,0.4122,48
broad-instruct,frozen_base,42,diff,2,0.3979,48
broad-instruct,frozen_base,42,diff,3,0.3955,48
broad-instruct,frozen_base,42,diff,4,0.3881,48
broad-instruct,frozen_base,42,diff,5,0.3858,48
broad-instruct,frozen_base,42,diff,6,0.3863,48
broad-instruct,frozen_base,42,diff,7,0.3945,48
broad-instruct,frozen_base,42,diff,8,0.4451,48
broad-instruct,frozen_base,42,diff,9,0.426,48
broad-instruct,frozen_base,42,diff,10,0.3713,48
broad-instruct,frozen_base,42,diff,11,0.3686,48
broad-instruct,frozen_base,42,diff,12,0.388,48
broad-instruct,frozen_base,42,diff,13,0.3783,48
broad-instruct,frozen_base,42,diff,14,0.2055,48
broad-instruct,frozen_base,42,diff,15,0.2544,48
broad-instruct,frozen_base,42,diff,16,0.1262,48
broad-instruct,frozen_base,42,diff,17,0.1792,48
broad-instruct,frozen_base,42,diff,18,0.1967,48
broad-instruct,frozen_base,42,diff,19,0.5175,48
broad-instruct,frozen_base,42,diff,20,0.5987,48
broad-instruct,frozen_base,42,diff,21,0.7407,48
broad-instruct,frozen_base,42,diff,22,0.2411,48
broad-instruct,frozen_base,42,diff,23,0.0053,48
broad-instruct,frozen_base,42,equal,0,0.4135,48
broad-instruct,frozen_base,42,equal,1,0.4138,48
broad-instruct,frozen_base,42,equal,2,0.3948,48
broad-instruct,frozen_base,42,equal,3,0.3919,48
broad-instruct,frozen_base,42,equal,4,0.3907,48
broad-instruct,frozen_base,42,equal,5,0.3847,48
broad-instruct,frozen_base,42,equal,6,0.384,48
broad-instruct,frozen_base,42,equal,7,0.3905,48
broad-instruct,frozen_base,42,equal,8,0.4442,48
broad-instruct,frozen_base,42,equal,9,0.4323,48
broad-instruct,frozen_base,42,equal,10,0.3709,48
broad-instruct,frozen_base,42,equal,11,0.3687,48
broad-instruct,frozen_base,42,equal,12,0.3888,48
broad-instruct,frozen_base,42,equal,13,0.3859,48
broad-instruct,frozen_base,42,equal,14,0.1957,48
broad-instruct,frozen_base,42,equal,15,0.2645,48
broad-instruct,frozen_base,42,equal,16,0.1316,48
broad-instruct,frozen_base,42,equal,17,0.2442,48
broad-instruct,frozen_base,42,equal,18,0.239,48
broad-instruct,frozen_base,42,equal,19,0.5129,48
broad-instruct,frozen_base,42,equal,20,0.4743,48
broad-instruct,frozen_base,42,equal,21,0.6186,48
broad-instruct,frozen_base,42,equal,22,0.2497,48
broad-instruct,frozen_base,42,equal,23,0.0261,48
broad-instruct,baseline_dart,42,diff,0,0.56,48
broad-instruct,baseline_dart,42,diff,1,0.5601,48
broad-instruct,baseline_dart,42,diff,2,0.5565,48
broad-instruct,baseline_dart,42,diff,3,0.5565,48
broad-instruct,baseline_dart,42,diff,4,0.5589,48
broad-instruct,baseline_dart,42,diff,5,0.5623,48
broad-instruct,baseline_dart,42,diff,6,0.5627,48
broad-instruct,baseline_dart,42,diff,7,0.5663,48
broad-instruct,baseline_dart,42,diff,8,0.5718,48
broad-instruct,baseline_dart,42,diff,9,0.5698,48
broad-instruct,baseline_dart,42,diff,10,0.5714,48
broad-instruct,baseline_dart,42,diff,11,0.5686,48
broad-instruct,baseline_dart,42,diff,12,0.5675,48
broad-instruct,baseline_dart,42,diff,13,0.5647,48
broad-instruct,baseline_dart,42,diff,14,0.5632,48
broad-instruct,baseline_dart,42,diff,15,0.5495,48
broad-instruct,baseline_dart,42,diff,16,0.5459,48
broad-instruct,baseline_dart,42,diff,17,0.5537,48
broad-instruct,baseline_dart,42,diff,18,0.537,48
broad-instruct,baseline_dart,42,diff,19,0.4632,48
broad-instruct,baseline_dart,42,diff,20,0.4458,48
broad-instruct,baseline_dart,42,diff,21,0.4213,48
broad-instruct,baseline_dart,42,diff,22,0.376,48
broad-instruct,baseline_dart,42,diff,23,0.1823,48
broad-instruct,baseline_dart,42,equal,0,0.5613,48
broad-instruct,baseline_dart,42,equal,1,0.5582,48
broad-instruct,baseline_dart,42,equal,2,0.5592,48
broad-instruct,baseline_dart,42,equal,3,0.5594,48
broad-instruct,baseline_dart,42,equal,4,0.5613,48
broad-instruct,baseline_dart,42,equal,5,0.5621,48
broad-instruct,baseline_dart,42,equal,6,0.5643,48
broad-instruct,baseline_dart,42,equal,7,0.5674,48
broad-instruct,baseline_dart,42,equal,8,0.5738,48
broad-instruct,baseline_dart,42,equal,9,0.5679,48
broad-instruct,baseline_dart,42,equal,10,0.5696,48
broad-instruct,baseline_dart,42,equal,11,0.5694,48
broad-instruct,baseline_dart,42,equal,12,0.5698,48
broad-instruct,baseline_dart,42,equal,13,0.562,48
broad-instruct,baseline_dart,42,equal,14,0.5595,48
broad-instruct,baseline_dart,42,equal,15,0.5492,48
broad-instruct,baseline_dart,42,equal,16,0.5444,48
broad-instruct,baseline_dart,42,equal,17,0.5549,48
broad-instruct,baseline_dart,42,equal,18,0.5399,48
broad-instruct,baseline_dart,42,equal,19,0.5592,48
broad-instruct,baseline_dart,42,equal,20,0.6364,48
broad-instruct,baseline_dart,42,equal,21,0.6701,48
broad-instruct,baseline_dart,42,equal,22,0.6852,48
broad-instruct,baseline_dart,42,equal,23,0.7999,48
broad-instruct,baseline_fairnet,42,diff,0,0.5177,48
broad-instruct,baseline_fairnet,42,diff,1,0.5181,48
broad-instruct,baseline_fairnet,42,diff,2,0.5214,48
broad-instruct,baseline_fairnet,42,diff,3,0.5228,48
broad-instruct,baseline_fairnet,42,diff,4,0.5234,48
broad-instruct,baseline_fairnet,42,diff,5,0.5161,48
broad-instruct,baseline_fairnet,42,diff,6,0.5137,48
broad-instruct,baseline_fairnet,42,diff,7,0.5201,48
broad-instruct,baseline_fairnet,42,diff,8,0.5202,48
broad-instruct,baseline_fairnet,42,diff,9,0.515,48
broad-instruct,baseline_fairnet,42,diff,10,0.512,48
broad-instruct,baseline_fairnet,42,diff,11,0.5114,48
broad-instruct,baseline_fairnet,42,diff,12,0.5202,48
broad-instruct,baseline_fairnet,42,diff,13,0.5217,48
broad-instruct,baseline_fairnet,42,diff,14,0.5146,48
broad-instruct,baseline_fairnet,42,diff,15,0.5208,48
broad-instruct,baseline_fairnet,42,diff,16,0.5165,48
broad-instruct,baseline_fairnet,42,diff,17,0.5227,48
broad-instruct,baseline_fairnet,42,diff,18,0.5252,48
broad-instruct,baseline_fairnet,42,diff,19,0.51,48
broad-instruct,baseline_fairnet,42,diff,20,0.4857,48
broad-instruct,baseline_fairnet,42,diff,21,0.4436,48
broad-instruct,baseline_fairnet,42,diff,22,0.4411,48
broad-instruct,baseline_fairnet,42,diff,23,0.4103,48
broad-instruct,baseline_fairnet,42,equal,0,0.5151,48
broad-instruct,baseline_fairnet,42,equal,1,0.5178,48
broad-instruct,baseline_fairnet,42,equal,2,0.5217,48
broad-instruct,baseline_fairnet,42,equal,3,0.5236,48
broad-instruct,baseline_fairnet,42,equal,4,0.524,48
broad-instruct,baseline_fairnet,42,equal,5,0.5148,48
broad-instruct,baseline_fairnet,42,equal,6,0.5144,48
broad-instruct,baseline_fairnet,42,equal,7,0.5227,48
broad-instruct,baseline_fairnet,42,equal,8,0.5187,48
broad-instruct,baseline_fairnet,42,equal,9,0.5136,48
broad-instruct,baseline_fairnet,42,equal,10,0.5133,48
broad-instruct,baseline_fairnet,42,equal,11,0.5116,48
broad-instruct,baseline_fairnet,42,equal,12,0.5217,48
broad-instruct,baseline_fairnet,42,equal,13,0.5188,48
broad-instruct,baseline_fairnet,42,equal,14,0.5138,48
broad-instruct,baseline_fairnet,42,equal,15,0.5219,48
broad-instruct,baseline_fairnet,42,equal,16,0.5147,48
broad-instruct,baseline_fairnet,42,equal,17,0.5245,48
broad-instruct,baseline_fairnet,42,equal,18,0.5552,48
broad-instruct,baseline_fairnet,42,equal,19,0.5701,48
broad-instruct,baseline_fairnet,42,equal,20,0.5519,48
broad-instruct,baseline_fairnet,42,equal,21,0.5316,48
broad-instruct,baseline_fairnet,42,equal,22,0.5234,48
broad-instruct,baseline_fairnet,42,equal,23,0.5504,48
broad-instruct,baseline_igu_lora,42,diff,0,0.3792,48
broad-instruct,baseline_igu_lora,42,diff,1,0.3731,48
broad-instruct,baseline_igu_lora,42,diff,2,0.3782,48
broad-instruct,baseline_igu_lora,42,diff,3,0.3719,48
broad-instruct,baseline_igu_lora,42,diff,4,0.3762,48
broad-instruct,baseline_igu_lora,42,diff,5,0.3703,48
broad-instruct,baseline_igu_lora,42,diff,6,0.3694,48
broad-instruct,baseline_igu_lora,42,diff,7,0.3731,48
broad-instruct,baseline_igu_lora,42,diff,8,0.3781,48
broad-instruct,baseline_igu_lora,42,diff,9,0.3808,48
broad-instruct,baseline_igu_lora,42,diff,10,0.3765,48
broad-instruct,baseline_igu_lora,42,diff,11,0.3751,48
broad-instruct,baseline_igu_lora,42,diff,12,0.3792,48
broad-instruct,baseline_igu_lora,42,diff,13,0.3714,48
broad-instruct,baseline_igu_lora,42,diff,14,0.3689,48
broad-instruct,baseline_igu_lora,42,diff,15,0.3694,48
broad-instruct,baseline_igu_lora,42,diff,16,0.3627,48
broad-instruct,baseline_igu_lora,42,diff,17,0.3692,48
broad-instruct,baseline_igu_lora,42,diff,18,0.3585,48
broad-instruct,baseline_igu_lora,42,diff,19,0.3845,48
broad-instruct,baseline_igu_lora,42,diff,20,0.3864,48
broad-instruct,baseline_igu_lora,42,diff,21,0.3418,48
broad-instruct,baseline_igu_lora,42,diff,22,0.3514,48
broad-instruct,baseline_igu_lora,42,diff,23,0.3448,48
broad-instruct,baseline_igu_lora,42,equal,0,0.3775,48
broad-instruct,baseline_igu_lora,42,equal,1,0.375,48
broad-instruct,baseline_igu_lora,42,equal,2,0.3776,48
broad-instruct,baseline_igu_lora,42,equal,3,0.3734,48
broad-instruct,baseline_igu_lora,42,equal,4,0.3742,48
broad-instruct,baseline_igu_lora,42,equal,5,0.3671,48
broad-instruct,baseline_igu_lora,42,equal,6,0.3718,48
broad-instruct,baseline_igu_lora,42,equal,7,0.3726,48
broad-instruct,baseline_igu_lora,42,equal,8,0.379,48
broad-instruct,baseline_igu_lora,42,equal,9,0.3771,48
broad-instruct,baseline_igu_lora,42,equal,10,0.379,48
broad-instruct,baseline_igu_lora,42,equal,11,0.3763,48
broad-instruct,baseline_igu_lora,42,equal,12,0.3782,48
broad-instruct,baseline_igu_lora,42,equal,13,0.3714,48
broad-instruct,baseline_igu_lora,42,equal,14,0.3675,48
broad-instruct,baseline_igu_lora,42,equal,15,0.3663,48
broad-instruct,baseline_igu_lora,42,equal,16,0.3594,48
broad-instruct,baseline_igu_lora,42,equal,17,0.3514,48
broad-instruct,baseline_igu_lora,42,equal,18,0.3516,48
broad-instruct,baseline_igu_lora,42,equal,19,0.4075,48
broad-instruct,baseline_igu_lora,42,equal,20,0.4485,48
broad-instruct,baseline_igu_lora,42,equal,21,0.3951,48
broad-instruct,baseline_igu_lora,42,equal,22,0.3663,48
broad-instruct,baseline_igu_lora,42,equal,23,0.4733,48
broad-instruct,baseline_lftf,42,diff,0,0.3577,48
broad-instruct,baseline_lftf,42,diff,1,0.3558,48
broad-instruct,baseline_lftf,42,diff,2,0.3552,48
broad-instruct,baseline_lftf,42,diff,3,0.3549,48
broad-instruct,baseline_lftf,42,diff,4,0.3534,48
broad-instruct,baseline_lftf,42,diff,5,0.355,48
broad-instruct,baseline_lftf,42,diff,6,0.3549,48
broad-instruct,baseline_lftf,42,diff,7,0.3576,48
broad-instruct,baseline_lftf,42,diff,8,0.3632,48
broad-instruct,baseline_lftf,42,diff,9,0.3594,48
broad-instruct,baseline_lftf,42,diff,10,0.3545,48
broad-instruct,baseline_lftf,42,diff,11,0.353,48
broad-instruct,baseline_lftf,42,diff,12,0.357,48
broad-instruct,baseline_lftf,42,diff,13,0.3551,48
broad-instruct,baseline_lftf,42,diff,14,0.3405,48
broad-instruct,baseline_lftf,42,diff,15,0.336,48
broad-instruct,baseline_lftf,42,diff,16,0.3165,48
broad-instruct,baseline_lftf,42,diff,17,0.3503,48
broad-instruct,baseline_lftf,42,diff,18,0.4137,48
broad-instruct,baseline_lftf,42,diff,19,0.6318,48
broad-instruct,baseline_lftf,42,diff,20,0.6903,48
broad-instruct,baseline_lftf,42,diff,21,0.8678,48
broad-instruct,baseline_lftf,42,diff,22,0.8618,48
broad-instruct,baseline_lftf,42,diff,23,0.8867,48
broad-instruct,baseline_lftf,42,equal,0,0.3571,48
broad-instruct,baseline_lftf,42,equal,1,0.3573,48
broad-instruct,baseline_lftf,42,equal,2,0.3543,48
broad-instruct,baseline_lftf,42,equal,3,0.3546,48
broad-instruct,baseline_lftf,42,equal,4,0.3532,48
broad-instruct,baseline_lftf,42,equal,5,0.3553,48
broad-instruct,baseline_lftf,42,equal,6,0.3546,48
broad-instruct,baseline_lftf,42,equal,7,0.3568,48
broad-instruct,baseline_lftf,42,equal,8,0.3639,48
broad-instruct,baseline_lftf,42,equal,9,0.3604,48
broad-instruct,baseline_lftf,42,equal,10,0.3564,48
broad-instruct,baseline_lftf,42,equal,11,0.353,48
broad-instruct,baseline_lftf,42,equal,12,0.357,48
broad-instruct,baseline_lftf,42,equal,13,0.3561,48
broad-instruct,baseline_lftf,42,equal,14,0.3393,48
broad-instruct,baseline_lftf,42,equal,15,0.3348,48
broad-instruct,baseline_lftf,42,equal,16,0.3134,48
broad-instruct,baseline_lftf,42,equal,17,0.3676,48
broad-instruct,baseline_lftf,42,equal,18,0.4331,48
broad-instruct,baseline_lftf,42,equal,19,0.6298,48
broad-instruct,baseline_lftf,42,equal,20,0.7228,48
broad-instruct,baseline_lftf,42,equal,21,0.9656,48
broad-instruct,baseline_lftf,42,equal,22,0.9579,48
broad-instruct,baseline_lftf,42,equal,23,0.975,48
broad-instruct,baseline_pedal,42,diff,0,0.3549,48
broad-instruct,baseline_pedal,42,diff,1,0.3553,48
broad-instruct,baseline_pedal,42,diff,2,0.351,48
broad-instruct,baseline_pedal,42,diff,3,0.3497,48
broad-instruct,baseline_pedal,42,diff,4,0.3503,48
broad-instruct,baseline_pedal,42,diff,5,0.3488,48
broad-instruct,baseline_pedal,42,diff,6,0.3462,48
broad-instruct,baseline_pedal,42,diff,7,0.3513,48
broad-instruct,baseline_pedal,42,diff,8,0.3481,48
broad-instruct,baseline_pedal,42,diff,9,0.3495,48
broad-instruct,baseline_pedal,42,diff,10,0.3474,48
broad-instruct,baseline_pedal,42,diff,11,0.3468,48
broad-instruct,baseline_pedal,42,diff,12,0.3497,48
broad-instruct,baseline_pedal,42,diff,13,0.3362,48
broad-instruct,baseline_pedal,42,diff,14,0.3251,48
broad-instruct,baseline_pedal,42,diff,15,0.3171,48
broad-instruct,baseline_pedal,42,diff,16,0.3151,48
broad-instruct,baseline_pedal,42,diff,17,0.3029,48
broad-instruct,baseline_pedal,42,diff,18,0.2839,48
broad-instruct,baseline_pedal,42,diff,19,0.3004,48
broad-instruct,baseline_pedal,42,diff,20,0.299,48
broad-instruct,baseline_pedal,42,diff,21,0.266,48
broad-instruct,baseline_pedal,42,diff,22,0.25,48
broad-instruct,baseline_pedal,42,diff,23,0.3708,48
broad-instruct,baseline_pedal,42,equal,0,0.3537,48
broad-instruct,baseline_pedal,42,equal,1,0.3553,48
broad-instruct,baseline_pedal,42,equal,2,0.3483,48
broad-instruct,baseline_pedal,42,equal,3,0.3465,48
broad-instruct,baseline_pedal,42,equal,4,0.3494,48
broad-instruct,baseline_pedal,42,equal,5,0.3456,48
broad-instruct,baseline_pedal,42,equal,6,0.3453,48
broad-instruct,baseline_pedal,42,equal,7,0.3523,48
broad-instruct,baseline_pedal,42,equal,8,0.3449,48
broad-instruct,baseline_pedal,42,equal,9,0.3563,48
broad-instruct,baseline_pedal,42,equal,10,0.3471,48
broad-instruct,baseline_pedal,42,equal,11,0.3501,48
broad-instruct,baseline_pedal,42,equal,12,0.3447,48
broad-instruct,baseline_pedal,42,equal,13,0.3392,48
broad-instruct,baseline_pedal,42,equal,14,0.3282,48
broad-instruct,baseline_pedal,42,equal,15,0.3205,48
broad-instruct,baseline_pedal,42,equal,16,0.319,48
broad-instruct,baseline_pedal,42,equal,17,0.3131,48
broad-instruct,baseline_pedal,42,equal,18,0.2941,48
broad-instruct,baseline_pedal,42,equal,19,0.292,48
broad-instruct,baseline_pedal,42,equal,20,0.3232,48
broad-instruct,baseline_pedal,42,equal,21,0.3164,48
broad-instruct,baseline_pedal,42,equal,22,0.3109,48
broad-instruct,baseline_pedal,42,equal,23,0.6512,48
broad-instruct,baseline_regift,42,diff,0,0.4494,48
broad-instruct,baseline_regift,42,diff,1,0.4483,48
broad-instruct,baseline_regift,42,diff,2,0.4511,48
broad-instruct,baseline_regift,42,diff,3,0.4505,48
broad-instruct,baseline_regift,42,diff,4,0.4476,48
broad-instruct,baseline_regift,42,diff,5,0.4498,48
broad-instruct,baseline_regift,42,diff,6,0.4553,48
broad-instruct,baseline_regift,42,diff,7,0.4552,48
broad-instruct,baseline_regift,42,diff,8,0.4608,48
broad-instruct,baseline_regift,42,diff,9,0.4605,48
broad-instruct,baseline_regift,42,diff,10,0.4647,48
broad-instruct,baseline_regift,42,diff,11,0.4597,48
broad-instruct,baseline_regift,42,diff,12,0.4604,48
broad-instruct,baseline_regift,42,diff,13,0.456,48
broad-instruct,baseline_regift,42,diff,14,0.4571,48
broad-instruct,baseline_regift,42,diff,15,0.4439,48
broad-instruct,baseline_regift,42,diff,16,0.4494,48
broad-instruct,baseline_regift,42,diff,17,0.462,48
broad-instruct,baseline_regift,42,diff,18,0.4727,48
broad-instruct,baseline_regift,42,diff,19,0.5024,48
broad-instruct,baseline_regift,42,diff,20,0.5137,48
broad-instruct,baseline_regift,42,diff,21,0.5438,48
broad-instruct,baseline_regift,42,diff,22,0.4355,48
broad-instruct,baseline_regift,42,diff,23,0.2676,48
broad-instruct,baseline_regift,42,equal,0,0.4465,48
broad-instruct,baseline_regift,42,equal,1,0.4505,48
broad-instruct,baseline_regift,42,equal,2,0.4491,48
broad-instruct,baseline_regift,42,equal,3,0.4509,48
broad-instruct,baseline_regift,42,equal,4,0.4514,48
broad-instruct,baseline_regift,42,equal,5,0.4482,48
broad-instruct,baseline_regift,42,equal,6,0.4562,48
broad-instruct,baseline_regift,42,equal,7,0.4578,48
broad-instruct,baseline_regift,42,equal,8,0.4598,48
broad-instruct,baseline_regift,42,equal,9,0.4637,48
broad-instruct,baseline_regift,42,equal,10,0.4602,48
broad-instruct,baseline_regift,42,equal,11,0.4556,48
broad-instruct,baseline_regift,42,equal,12,0.4608,48
broad-instruct,baseline_regift,42,equal,13,0.4554,48
broad-instruct,baseline_regift,42,equal,14,0.4559,48
broad-instruct,baseline_regift,42,equal,15,0.4467,48
broad-instruct,baseline_regift,42,equal,16,0.4521,48
broad-instruct,baseline_regift,42,equal,17,0.467,48
broad-instruct,baseline_regift,42,equal,18,0.4735,48
broad-instruct,baseline_regift,42,equal,19,0.5414,48
broad-instruct,baseline_regift,42,equal,20,0.6024,48
broad-instruct,baseline_regift,42,equal,21,0.7101,48
broad-instruct,baseline_regift,42,equal,22,0.668,48
broad-instruct,baseline_regift,42,equal,23,0.6969,48
broad-instruct,graft_proposed,42,diff,0,0.537,48
broad-instruct,graft_proposed,42,diff,1,0.5316,48
broad-instruct,graft_proposed,42,diff,2,0.5349,48
broad-instruct,graft_proposed,42,diff,3,0.5376,48
broad-instruct,graft_proposed,42,diff,4,0.5333,48
broad-instruct,graft_proposed,42,diff,5,0.5334,48
broad-instruct,graft_proposed,42,diff,6,0.5365,48
broad-instruct,graft_proposed,42,diff,7,0.5324,48
broad-instruct,graft_proposed,42,diff,8,0.5401,48
broad-instruct,graft_proposed,42,diff,9,0.5316,48
broad-instruct,graft_proposed,42,diff,10,0.5282,48
broad-instruct,graft_proposed,42,diff,11,0.5328,48
broad-instruct,graft_proposed,42,diff,12,0.5379,48
broad-instruct,graft_proposed,42,diff,13,0.5237,48
broad-instruct,graft_proposed,42,diff,14,0.5198,48
broad-instruct,graft_proposed,42,diff,15,0.4986,48
broad-instruct,graft_proposed,42,diff,16,0.4988,48
broad-instruct,graft_proposed,42,diff,17,0.4767,48
broad-instruct,graft_proposed,42,diff,18,0.458,48
broad-instruct,graft_proposed,42,diff,19,0.4313,48
broad-instruct,graft_proposed,42,diff,20,0.3542,48
broad-instruct,graft_proposed,42,diff,21,0.2775,48
broad-instruct,graft_proposed,42,diff,22,0.1866,48
broad-instruct,graft_proposed,42,diff,23,0.1015,48
broad-instruct,graft_proposed,42,equal,0,0.539,48
broad-instruct,graft_proposed,42,equal,1,0.5358,48
broad-instruct,graft_proposed,42,equal,2,0.5362,48
broad-instruct,graft_proposed,42,equal,3,0.5385,48
broad-instruct,graft_proposed,42,equal,4,0.5312,48
broad-instruct,graft_proposed,42,equal,5,0.5324,48
broad-instruct,graft_proposed,42,equal,6,0.5363,48
broad-instruct,graft_proposed,42,equal,7,0.5351,48
broad-instruct,graft_proposed,42,equal,8,0.5398,48
broad-instruct,graft_proposed,42,equal,9,0.533,48
broad-instruct,graft_proposed,42,equal,10,0.5282,48
broad-instruct,graft_proposed,42,equal,11,0.534,48
broad-instruct,graft_proposed,42,equal,12,0.5404,48
broad-instruct,graft_proposed,42,equal,13,0.5242,48
broad-instruct,graft_proposed,42,equal,14,0.5204,48
broad-instruct,graft_proposed,42,equal,15,0.5017,48
broad-instruct,graft_proposed,42,equal,16,0.4989,48
broad-instruct,graft_proposed,42,equal,17,0.4798,48
broad-instruct,graft_proposed,42,equal,18,0.4526,48
broad-instruct,graft_proposed,42,equal,19,0.4746,48
broad-instruct,graft_proposed,42,equal,20,0.5491,48
broad-instruct,graft_proposed,42,equal,21,0.591,48
broad-instruct,graft_proposed,42,equal,22,0.5185,48
broad-instruct,graft_proposed,42,equal,23,0.6461,48
broad-instruct,graft_proposed_loao_gender,42,diff,0,0.5523,48
broad-instruct,graft_proposed_loao_gender,42,diff,1,0.5555,48
broad-instruct,graft_proposed_loao_gender,42,diff,2,0.553,48
broad-instruct,graft_proposed_loao_gender,42,diff,3,0.5523,48
broad-instruct,graft_proposed_loao_gender,42,diff,4,0.5559,48
broad-instruct,graft_proposed_loao_gender,42,diff,5,0.5479,48
broad-instruct,graft_proposed_loao_gender,42,diff,6,0.5488,48
broad-instruct,graft_proposed_loao_gender,42,diff,7,0.5536,48
broad-instruct,graft_proposed_loao_gender,42,diff,8,0.5551,48
broad-instruct,graft_proposed_loao_gender,42,diff,9,0.5478,48
broad-instruct,graft_proposed_loao_gender,42,diff,10,0.5516,48
broad-instruct,graft_proposed_loao_gender,42,diff,11,0.5526,48
broad-instruct,graft_proposed_loao_gender,42,diff,12,0.5501,48
broad-instruct,graft_proposed_loao_gender,42,diff,13,0.5379,48
broad-instruct,graft_proposed_loao_gender,42,diff,14,0.5357,48
broad-instruct,graft_proposed_loao_gender,42,diff,15,0.5263,48
broad-instruct,graft_proposed_loao_gender,42,diff,16,0.5326,48
broad-instruct,graft_proposed_loao_gender,42,diff,17,0.524,48
broad-instruct,graft_proposed_loao_gender,42,diff,18,0.5134,48
broad-instruct,graft_proposed_loao_gender,42,diff,19,0.5457,48
broad-instruct,graft_proposed_loao_gender,42,diff,20,0.5078,48
broad-instruct,graft_proposed_loao_gender,42,diff,21,0.5145,48
broad-instruct,graft_proposed_loao_gender,42,diff,22,0.4439,48
broad-instruct,graft_proposed_loao_gender,42,diff,23,0.3321,48
broad-instruct,graft_proposed_loao_gender,42,equal,0,0.5584,48
broad-instruct,graft_proposed_loao_gender,42,equal,1,0.5533,48
broad-instruct,graft_proposed_loao_gender,42,equal,2,0.552,48
broad-instruct,graft_proposed_loao_gender,42,equal,3,0.5533,48
broad-instruct,graft_proposed_loao_gender,42,equal,4,0.5552,48
broad-instruct,graft_proposed_loao_gender,42,equal,5,0.5504,48
broad-instruct,graft_proposed_loao_gender,42,equal,6,0.5478,48
broad-instruct,graft_proposed_loao_gender,42,equal,7,0.5507,48
broad-instruct,graft_proposed_loao_gender,42,equal,8,0.5532,48
broad-instruct,graft_proposed_loao_gender,42,equal,9,0.5461,48
broad-instruct,graft_proposed_loao_gender,42,equal,10,0.5451,48
broad-instruct,graft_proposed_loao_gender,42,equal,11,0.5551,48
broad-instruct,graft_proposed_loao_gender,42,equal,12,0.5488,48
broad-instruct,graft_proposed_loao_gender,42,equal,13,0.5418,48
broad-instruct,graft_proposed_loao_gender,42,equal,14,0.5336,48
broad-instruct,graft_proposed_loao_gender,42,equal,15,0.5268,48
broad-instruct,graft_proposed_loao_gender,42,equal,16,0.5318,48
broad-instruct,graft_proposed_loao_gender,42,equal,17,0.522,48
broad-instruct,graft_proposed_loao_gender,42,equal,18,0.495,48
broad-instruct,graft_proposed_loao_gender,42,equal,19,0.5379,48
broad-instruct,graft_proposed_loao_gender,42,equal,20,0.5636,48
broad-instruct,graft_proposed_loao_gender,42,equal,21,0.6167,48
broad-instruct,graft_proposed_loao_gender,42,equal,22,0.5545,48
broad-instruct,graft_proposed_loao_gender,42,equal,23,0.5949,48
broad-instruct,graft_proposed_loao_landholding,42,diff,0,0.5361,48
broad-instruct,graft_proposed_loao_landholding,42,diff,1,0.5351,48
broad-instruct,graft_proposed_loao_landholding,42,diff,2,0.5351,48
broad-instruct,graft_proposed_loao_landholding,42,diff,3,0.5353,48
broad-instruct,graft_proposed_loao_landholding,42,diff,4,0.5366,48
broad-instruct,graft_proposed_loao_landholding,42,diff,5,0.5336,48
broad-instruct,graft_proposed_loao_landholding,42,diff,6,0.535,48
broad-instruct,graft_proposed_loao_landholding,42,diff,7,0.5402,48
broad-instruct,graft_proposed_loao_landholding,42,diff,8,0.5375,48
broad-instruct,graft_proposed_loao_landholding,42,diff,9,0.5359,48
broad-instruct,graft_proposed_loao_landholding,42,diff,10,0.5284,48
broad-instruct,graft_proposed_loao_landholding,42,diff,11,0.5318,48
broad-instruct,graft_proposed_loao_landholding,42,diff,12,0.5353,48
broad-instruct,graft_proposed_loao_landholding,42,diff,13,0.5218,48
broad-instruct,graft_proposed_loao_landholding,42,diff,14,0.5091,48
broad-instruct,graft_proposed_loao_landholding,42,diff,15,0.4821,48
broad-instruct,graft_proposed_loao_landholding,42,diff,16,0.4818,48
broad-instruct,graft_proposed_loao_landholding,42,diff,17,0.4606,48
broad-instruct,graft_proposed_loao_landholding,42,diff,18,0.4557,48
broad-instruct,graft_proposed_loao_landholding,42,diff,19,0.4841,48
broad-instruct,graft_proposed_loao_landholding,42,diff,20,0.3653,48
broad-instruct,graft_proposed_loao_landholding,42,diff,21,0.348,48
broad-instruct,graft_proposed_loao_landholding,42,diff,22,0.2598,48
broad-instruct,graft_proposed_loao_landholding,42,diff,23,0.1599,48
broad-instruct,graft_proposed_loao_landholding,42,equal,0,0.535,48
broad-instruct,graft_proposed_loao_landholding,42,equal,1,0.5308,48
broad-instruct,graft_proposed_loao_landholding,42,equal,2,0.534,48
broad-instruct,graft_proposed_loao_landholding,42,equal,3,0.5357,48
broad-instruct,graft_proposed_loao_landholding,42,equal,4,0.5376,48
broad-instruct,graft_proposed_loao_landholding,42,equal,5,0.5331,48
broad-instruct,graft_proposed_loao_landholding,42,equal,6,0.5356,48
broad-instruct,graft_proposed_loao_landholding,42,equal,7,0.5422,48
broad-instruct,graft_proposed_loao_landholding,42,equal,8,0.5342,48
broad-instruct,graft_proposed_loao_landholding,42,equal,9,0.5378,48
broad-instruct,graft_proposed_loao_landholding,42,equal,10,0.5299,48
broad-instruct,graft_proposed_loao_landholding,42,equal,11,0.5354,48
broad-instruct,graft_proposed_loao_landholding,42,equal,12,0.5341,48
broad-instruct,graft_proposed_loao_landholding,42,equal,13,0.5241,48
broad-instruct,graft_proposed_loao_landholding,42,equal,14,0.5109,48
broad-instruct,graft_proposed_loao_landholding,42,equal,15,0.4849,48
broad-instruct,graft_proposed_loao_landholding,42,equal,16,0.4817,48
broad-instruct,graft_proposed_loao_landholding,42,equal,17,0.463,48
broad-instruct,graft_proposed_loao_landholding,42,equal,18,0.4486,48
broad-instruct,graft_proposed_loao_landholding,42,equal,19,0.4929,48
broad-instruct,graft_proposed_loao_landholding,42,equal,20,0.4764,48
broad-instruct,graft_proposed_loao_landholding,42,equal,21,0.5206,48
broad-instruct,graft_proposed_loao_landholding,42,equal,22,0.5015,48
broad-instruct,graft_proposed_loao_landholding,42,equal,23,0.4382,48
broad-instruct,graft_proposed_loao_social_group,42,diff,0,0.4448,48
broad-instruct,graft_proposed_loao_social_group,42,diff,1,0.4468,48
broad-instruct,graft_proposed_loao_social_group,42,diff,2,0.4452,48
broad-instruct,graft_proposed_loao_social_group,42,diff,3,0.446,48
broad-instruct,graft_proposed_loao_social_group,42,diff,4,0.4448,48
broad-instruct,graft_proposed_loao_social_group,42,diff,5,0.4448,48
broad-instruct,graft_proposed_loao_social_group,42,diff,6,0.4487,48
broad-instruct,graft_proposed_loao_social_group,42,diff,7,0.4517,48
broad-instruct,graft_proposed_loao_social_group,42,diff,8,0.4509,48
broad-instruct,graft_proposed_loao_social_group,42,diff,9,0.4478,48
broad-instruct,graft_proposed_loao_social_group,42,diff,10,0.4547,48
broad-instruct,graft_proposed_loao_social_group,42,diff,11,0.4543,48
broad-instruct,graft_proposed_loao_social_group,42,diff,12,0.4573,48
broad-instruct,graft_proposed_loao_social_group,42,diff,13,0.4486,48
broad-instruct,graft_proposed_loao_social_group,42,diff,14,0.4243,48
broad-instruct,graft_proposed_loao_social_group,42,diff,15,0.4286,48
broad-instruct,graft_proposed_loao_social_group,42,diff,16,0.4324,48
broad-instruct,graft_proposed_loao_social_group,42,diff,17,0.419,48
broad-instruct,graft_proposed_loao_social_group,42,diff,18,0.3911,48
broad-instruct,graft_proposed_loao_social_group,42,diff,19,0.4475,48
broad-instruct,graft_proposed_loao_social_group,42,diff,20,0.4139,48
broad-instruct,graft_proposed_loao_social_group,42,diff,21,0.3865,48
broad-instruct,graft_proposed_loao_social_group,42,diff,22,0.3347,48
broad-instruct,graft_proposed_loao_social_group,42,diff,23,0.3204,48
broad-instruct,graft_proposed_loao_social_group,42,equal,0,0.4467,48
broad-instruct,graft_proposed_loao_social_group,42,equal,1,0.4471,48
broad-instruct,graft_proposed_loao_social_group,42,equal,2,0.446,48
broad-instruct,graft_proposed_loao_social_group,42,equal,3,0.446,48
broad-instruct,graft_proposed_loao_social_group,42,equal,4,0.4458,48
broad-instruct,graft_proposed_loao_social_group,42,equal,5,0.4458,48
broad-instruct,graft_proposed_loao_social_group,42,equal,6,0.4486,48
broad-instruct,graft_proposed_loao_social_group,42,equal,7,0.4525,48
broad-instruct,graft_proposed_loao_social_group,42,equal,8,0.4495,48
broad-instruct,graft_proposed_loao_social_group,42,equal,9,0.4508,48
broad-instruct,graft_proposed_loao_social_group,42,equal,10,0.4546,48
broad-instruct,graft_proposed_loao_social_group,42,equal,11,0.4558,48
broad-instruct,graft_proposed_loao_social_group,42,equal,12,0.4609,48
broad-instruct,graft_proposed_loao_social_group,42,equal,13,0.4497,48
broad-instruct,graft_proposed_loao_social_group,42,equal,14,0.4275,48
broad-instruct,graft_proposed_loao_social_group,42,equal,15,0.434,48
broad-instruct,graft_proposed_loao_social_group,42,equal,16,0.4414,48
broad-instruct,graft_proposed_loao_social_group,42,equal,17,0.4196,48
broad-instruct,graft_proposed_loao_social_group,42,equal,18,0.3851,48
broad-instruct,graft_proposed_loao_social_group,42,equal,19,0.4588,48
broad-instruct,graft_proposed_loao_social_group,42,equal,20,0.4709,48
broad-instruct,graft_proposed_loao_social_group,42,equal,21,0.5354,48
broad-instruct,graft_proposed_loao_social_group,42,equal,22,0.4784,48
broad-instruct,graft_proposed_loao_social_group,42,equal,23,0.7309,48
broad-instruct,graft_proposed_qlora_nf4,42,diff,0,0.5329,48
broad-instruct,graft_proposed_qlora_nf4,42,diff,1,0.5333,48
broad-instruct,graft_proposed_qlora_nf4,42,diff,2,0.5351,48
broad-instruct,graft_proposed_qlora_nf4,42,diff,3,0.5346,48
broad-instruct,graft_proposed_qlora_nf4,42,diff,4,0.5332,48
broad-instruct,graft_proposed_qlora_nf4,42,diff,5,0.5367,48
broad-instruct,graft_proposed_qlora_nf4,42,diff,6,0.5339,48
broad-instruct,graft_proposed_qlora_nf4,42,diff,7,0.5341,48
broad-instruct,graft_proposed_qlora_nf4,42,diff,8,0.5408,48
broad-instruct,graft_proposed_qlora_nf4,42,diff,9,0.5396,48
broad-instruct,graft_proposed_qlora_nf4,42,diff,10,0.5397,48
broad-instruct,graft_proposed_qlora_nf4,42,diff,11,0.5418,48
broad-instruct,graft_proposed_qlora_nf4,42,diff,12,0.5414,48
broad-instruct,graft_proposed_qlora_nf4,42,diff,13,0.5335,48
broad-instruct,graft_proposed_qlora_nf4,42,diff,14,0.5157,48
broad-instruct,graft_proposed_qlora_nf4,42,diff,15,0.5107,48
broad-instruct,graft_proposed_qlora_nf4,42,diff,16,0.4994,48
broad-instruct,graft_proposed_qlora_nf4,42,diff,17,0.4662,48
broad-instruct,graft_proposed_qlora_nf4,42,diff,18,0.458,48
broad-instruct,graft_proposed_qlora_nf4,42,diff,19,0.5332,48
broad-instruct,graft_proposed_qlora_nf4,42,diff,20,0.5209,48
broad-instruct,graft_proposed_qlora_nf4,42,diff,21,0.4559,48
broad-instruct,graft_proposed_qlora_nf4,42,diff,22,0.3253,48
broad-instruct,graft_proposed_qlora_nf4,42,diff,23,0.2445,48
broad-instruct,graft_proposed_qlora_nf4,42,equal,0,0.532,48
broad-instruct,graft_proposed_qlora_nf4,42,equal,1,0.534,48
broad-instruct,graft_proposed_qlora_nf4,42,equal,2,0.5346,48
broad-instruct,graft_proposed_qlora_nf4,42,equal,3,0.536,48
broad-instruct,graft_proposed_qlora_nf4,42,equal,4,0.5358,48
broad-instruct,graft_proposed_qlora_nf4,42,equal,5,0.5358,48
broad-instruct,graft_proposed_qlora_nf4,42,equal,6,0.5333,48
broad-instruct,graft_proposed_qlora_nf4,42,equal,7,0.5378,48
broad-instruct,graft_proposed_qlora_nf4,42,equal,8,0.5423,48
broad-instruct,graft_proposed_qlora_nf4,42,equal,9,0.5396,48
broad-instruct,graft_proposed_qlora_nf4,42,equal,10,0.5408,48
broad-instruct,graft_proposed_qlora_nf4,42,equal,11,0.5426,48
broad-instruct,graft_proposed_qlora_nf4,42,equal,12,0.5455,48
broad-instruct,graft_proposed_qlora_nf4,42,equal,13,0.5279,48
broad-instruct,graft_proposed_qlora_nf4,42,equal,14,0.5186,48
broad-instruct,graft_proposed_qlora_nf4,42,equal,15,0.5109,48
broad-instruct,graft_proposed_qlora_nf4,42,equal,16,0.5001,48
broad-instruct,graft_proposed_qlora_nf4,42,equal,17,0.4586,48
broad-instruct,graft_proposed_qlora_nf4,42,equal,18,0.4487,48
broad-instruct,graft_proposed_qlora_nf4,42,equal,19,0.5186,48
broad-instruct,graft_proposed_qlora_nf4,42,equal,20,0.544,48
broad-instruct,graft_proposed_qlora_nf4,42,equal,21,0.5669,48
broad-instruct,graft_proposed_qlora_nf4,42,equal,22,0.4621,48
broad-instruct,graft_proposed_qlora_nf4,42,equal,23,0.4809,48
broad-instruct,reference_vanilla_lora,42,diff,0,0.4504,48
broad-instruct,reference_vanilla_lora,42,diff,1,0.4477,48
broad-instruct,reference_vanilla_lora,42,diff,2,0.4454,48
broad-instruct,reference_vanilla_lora,42,diff,3,0.446,48
broad-instruct,reference_vanilla_lora,42,diff,4,0.445,48
broad-instruct,reference_vanilla_lora,42,diff,5,0.4468,48
broad-instruct,reference_vanilla_lora,42,diff,6,0.4499,48
broad-instruct,reference_vanilla_lora,42,diff,7,0.4462,48
broad-instruct,reference_vanilla_lora,42,diff,8,0.4471,48
broad-instruct,reference_vanilla_lora,42,diff,9,0.4447,48
broad-instruct,reference_vanilla_lora,42,diff,10,0.4433,48
broad-instruct,reference_vanilla_lora,42,diff,11,0.434,48
broad-instruct,reference_vanilla_lora,42,diff,12,0.4384,48
broad-instruct,reference_vanilla_lora,42,diff,13,0.4306,48
broad-instruct,reference_vanilla_lora,42,diff,14,0.4114,48
broad-instruct,reference_vanilla_lora,42,diff,15,0.403,48
broad-instruct,reference_vanilla_lora,42,diff,16,0.3973,48
broad-instruct,reference_vanilla_lora,42,diff,17,0.4017,48
broad-instruct,reference_vanilla_lora,42,diff,18,0.4045,48
broad-instruct,reference_vanilla_lora,42,diff,19,0.368,48
broad-instruct,reference_vanilla_lora,42,diff,20,0.3385,48
broad-instruct,reference_vanilla_lora,42,diff,21,0.2694,48
broad-instruct,reference_vanilla_lora,42,diff,22,0.255,48
broad-instruct,reference_vanilla_lora,42,diff,23,0.1918,48
broad-instruct,reference_vanilla_lora,42,equal,0,0.4479,48
broad-instruct,reference_vanilla_lora,42,equal,1,0.446,48
broad-instruct,reference_vanilla_lora,42,equal,2,0.4464,48
broad-instruct,reference_vanilla_lora,42,equal,3,0.4472,48
broad-instruct,reference_vanilla_lora,42,equal,4,0.4456,48
broad-instruct,reference_vanilla_lora,42,equal,5,0.4471,48
broad-instruct,reference_vanilla_lora,42,equal,6,0.4476,48
broad-instruct,reference_vanilla_lora,42,equal,7,0.4495,48
broad-instruct,reference_vanilla_lora,42,equal,8,0.4512,48
broad-instruct,reference_vanilla_lora,42,equal,9,0.4457,48
broad-instruct,reference_vanilla_lora,42,equal,10,0.445,48
broad-instruct,reference_vanilla_lora,42,equal,11,0.437,48
broad-instruct,reference_vanilla_lora,42,equal,12,0.4368,48
broad-instruct,reference_vanilla_lora,42,equal,13,0.4283,48
broad-instruct,reference_vanilla_lora,42,equal,14,0.4165,48
broad-instruct,reference_vanilla_lora,42,equal,15,0.4067,48
broad-instruct,reference_vanilla_lora,42,equal,16,0.4064,48
broad-instruct,reference_vanilla_lora,42,equal,17,0.3989,48
broad-instruct,reference_vanilla_lora,42,equal,18,0.4122,48
broad-instruct,reference_vanilla_lora,42,equal,19,0.4676,48
broad-instruct,reference_vanilla_lora,42,equal,20,0.5539,48
broad-instruct,reference_vanilla_lora,42,equal,21,0.616,48
broad-instruct,reference_vanilla_lora,42,equal,22,0.6118,48
broad-instruct,reference_vanilla_lora,42,equal,23,0.6941,48
broad-instruct,reference_vanilla_lora_loao_gender,42,diff,0,0.5028,48
broad-instruct,reference_vanilla_lora_loao_gender,42,diff,1,0.5021,48
broad-instruct,reference_vanilla_lora_loao_gender,42,diff,2,0.5013,48
broad-instruct,reference_vanilla_lora_loao_gender,42,diff,3,0.5026,48
broad-instruct,reference_vanilla_lora_loao_gender,42,diff,4,0.4941,48
broad-instruct,reference_vanilla_lora_loao_gender,42,diff,5,0.494,48
broad-instruct,reference_vanilla_lora_loao_gender,42,diff,6,0.4997,48
broad-instruct,reference_vanilla_lora_loao_gender,42,diff,7,0.5023,48
broad-instruct,reference_vanilla_lora_loao_gender,42,diff,8,0.5007,48
broad-instruct,reference_vanilla_lora_loao_gender,42,diff,9,0.4959,48
broad-instruct,reference_vanilla_lora_loao_gender,42,diff,10,0.4926,48
broad-instruct,reference_vanilla_lora_loao_gender,42,diff,11,0.4899,48
broad-instruct,reference_vanilla_lora_loao_gender,42,diff,12,0.4865,48
broad-instruct,reference_vanilla_lora_loao_gender,42,diff,13,0.4804,48
broad-instruct,reference_vanilla_lora_loao_gender,42,diff,14,0.4916,48
broad-instruct,reference_vanilla_lora_loao_gender,42,diff,15,0.4593,48
broad-instruct,reference_vanilla_lora_loao_gender,42,diff,16,0.4596,48
broad-instruct,reference_vanilla_lora_loao_gender,42,diff,17,0.4375,48
broad-instruct,reference_vanilla_lora_loao_gender,42,diff,18,0.429,48
broad-instruct,reference_vanilla_lora_loao_gender,42,diff,19,0.4812,48
broad-instruct,reference_vanilla_lora_loao_gender,42,diff,20,0.4264,48
broad-instruct,reference_vanilla_lora_loao_gender,42,diff,21,0.4391,48
broad-instruct,reference_vanilla_lora_loao_gender,42,diff,22,0.3473,48
broad-instruct,reference_vanilla_lora_loao_gender,42,diff,23,0.1815,48
broad-instruct,reference_vanilla_lora_loao_gender,42,equal,0,0.5018,48
broad-instruct,reference_vanilla_lora_loao_gender,42,equal,1,0.5042,48
broad-instruct,reference_vanilla_lora_loao_gender,42,equal,2,0.5034,48
broad-instruct,reference_vanilla_lora_loao_gender,42,equal,3,0.5007,48
broad-instruct,reference_vanilla_lora_loao_gender,42,equal,4,0.4948,48
broad-instruct,reference_vanilla_lora_loao_gender,42,equal,5,0.4946,48
broad-instruct,reference_vanilla_lora_loao_gender,42,equal,6,0.5006,48
broad-instruct,reference_vanilla_lora_loao_gender,42,equal,7,0.5015,48
broad-instruct,reference_vanilla_lora_loao_gender,42,equal,8,0.5015,48
broad-instruct,reference_vanilla_lora_loao_gender,42,equal,9,0.4997,48
broad-instruct,reference_vanilla_lora_loao_gender,42,equal,10,0.4913,48
broad-instruct,reference_vanilla_lora_loao_gender,42,equal,11,0.4907,48
broad-instruct,reference_vanilla_lora_loao_gender,42,equal,12,0.4895,48
broad-instruct,reference_vanilla_lora_loao_gender,42,equal,13,0.4847,48
broad-instruct,reference_vanilla_lora_loao_gender,42,equal,14,0.4896,48
broad-instruct,reference_vanilla_lora_loao_gender,42,equal,15,0.4643,48
broad-instruct,reference_vanilla_lora_loao_gender,42,equal,16,0.4594,48
broad-instruct,reference_vanilla_lora_loao_gender,42,equal,17,0.4383,48
broad-instruct,reference_vanilla_lora_loao_gender,42,equal,18,0.4319,48
broad-instruct,reference_vanilla_lora_loao_gender,42,equal,19,0.5101,48
broad-instruct,reference_vanilla_lora_loao_gender,42,equal,20,0.4953,48
broad-instruct,reference_vanilla_lora_loao_gender,42,equal,21,0.6576,48
broad-instruct,reference_vanilla_lora_loao_gender,42,equal,22,0.5597,48
broad-instruct,reference_vanilla_lora_loao_gender,42,equal,23,0.5711,48
broad-instruct,reference_vanilla_lora_loao_landholding,42,diff,0,0.5016,48
broad-instruct,reference_vanilla_lora_loao_landholding,42,diff,1,0.5,48
broad-instruct,reference_vanilla_lora_loao_landholding,42,diff,2,0.4993,48
broad-instruct,reference_vanilla_lora_loao_landholding,42,diff,3,0.5007,48
broad-instruct,reference_vanilla_lora_loao_landholding,42,diff,4,0.5027,48
broad-instruct,reference_vanilla_lora_loao_landholding,42,diff,5,0.494,48
broad-instruct,reference_vanilla_lora_loao_landholding,42,diff,6,0.4976,48
broad-instruct,reference_vanilla_lora_loao_landholding,42,diff,7,0.496,48
broad-instruct,reference_vanilla_lora_loao_landholding,42,diff,8,0.4936,48
broad-instruct,reference_vanilla_lora_loao_landholding,42,diff,9,0.4948,48
broad-instruct,reference_vanilla_lora_loao_landholding,42,diff,10,0.4926,48
broad-instruct,reference_vanilla_lora_loao_landholding,42,diff,11,0.484,48
broad-instruct,reference_vanilla_lora_loao_landholding,42,diff,12,0.4868,48
broad-instruct,reference_vanilla_lora_loao_landholding,42,diff,13,0.4769,48
broad-instruct,reference_vanilla_lora_loao_landholding,42,diff,14,0.4569,48
broad-instruct,reference_vanilla_lora_loao_landholding,42,diff,15,0.4589,48
broad-instruct,reference_vanilla_lora_loao_landholding,42,diff,16,0.4679,48
broad-instruct,reference_vanilla_lora_loao_landholding,42,diff,17,0.4494,48
broad-instruct,reference_vanilla_lora_loao_landholding,42,diff,18,0.452,48
broad-instruct,reference_vanilla_lora_loao_landholding,42,diff,19,0.491,48
broad-instruct,reference_vanilla_lora_loao_landholding,42,diff,20,0.4522,48
broad-instruct,reference_vanilla_lora_loao_landholding,42,diff,21,0.5013,48
broad-instruct,reference_vanilla_lora_loao_landholding,42,diff,22,0.3822,48
broad-instruct,reference_vanilla_lora_loao_landholding,42,diff,23,0.2345,48
broad-instruct,reference_vanilla_lora_loao_landholding,42,equal,0,0.5018,48
broad-instruct,reference_vanilla_lora_loao_landholding,42,equal,1,0.5054,48
broad-instruct,reference_vanilla_lora_loao_landholding,42,equal,2,0.4971,48
broad-instruct,reference_vanilla_lora_loao_landholding,42,equal,3,0.4962,48
broad-instruct,reference_vanilla_lora_loao_landholding,42,equal,4,0.498,48
broad-instruct,reference_vanilla_lora_loao_landholding,42,equal,5,0.4944,48
broad-instruct,reference_vanilla_lora_loao_landholding,42,equal,6,0.498,48
broad-instruct,reference_vanilla_lora_loao_landholding,42,equal,7,0.4957,48
broad-instruct,reference_vanilla_lora_loao_landholding,42,equal,8,0.4977,48
broad-instruct,reference_vanilla_lora_loao_landholding,42,equal,9,0.4945,48
broad-instruct,reference_vanilla_lora_loao_landholding,42,equal,10,0.491,48
broad-instruct,reference_vanilla_lora_loao_landholding,42,equal,11,0.4826,48
broad-instruct,reference_vanilla_lora_loao_landholding,42,equal,12,0.487,48
broad-instruct,reference_vanilla_lora_loao_landholding,42,equal,13,0.4772,48
broad-instruct,reference_vanilla_lora_loao_landholding,42,equal,14,0.4566,48
broad-instruct,reference_vanilla_lora_loao_landholding,42,equal,15,0.4599,48
broad-instruct,reference_vanilla_lora_loao_landholding,42,equal,16,0.4697,48
broad-instruct,reference_vanilla_lora_loao_landholding,42,equal,17,0.4602,48
broad-instruct,reference_vanilla_lora_loao_landholding,42,equal,18,0.4759,48
broad-instruct,reference_vanilla_lora_loao_landholding,42,equal,19,0.5002,48
broad-instruct,reference_vanilla_lora_loao_landholding,42,equal,20,0.5175,48
broad-instruct,reference_vanilla_lora_loao_landholding,42,equal,21,0.6385,48
broad-instruct,reference_vanilla_lora_loao_landholding,42,equal,22,0.5797,48
broad-instruct,reference_vanilla_lora_loao_landholding,42,equal,23,0.5532,48
broad-instruct,reference_vanilla_lora_loao_social_group,42,diff,0,0.4944,48
broad-instruct,reference_vanilla_lora_loao_social_group,42,diff,1,0.4957,48
broad-instruct,reference_vanilla_lora_loao_social_group,42,diff,2,0.494,48
broad-instruct,reference_vanilla_lora_loao_social_group,42,diff,3,0.4947,48
broad-instruct,reference_vanilla_lora_loao_social_group,42,diff,4,0.4894,48
broad-instruct,reference_vanilla_lora_loao_social_group,42,diff,5,0.4935,48
broad-instruct,reference_vanilla_lora_loao_social_group,42,diff,6,0.493,48
broad-instruct,reference_vanilla_lora_loao_social_group,42,diff,7,0.4982,48
broad-instruct,reference_vanilla_lora_loao_social_group,42,diff,8,0.4971,48
broad-instruct,reference_vanilla_lora_loao_social_group,42,diff,9,0.4954,48
broad-instruct,reference_vanilla_lora_loao_social_group,42,diff,10,0.4934,48
broad-instruct,reference_vanilla_lora_loao_social_group,42,diff,11,0.4989,48
broad-instruct,reference_vanilla_lora_loao_social_group,42,diff,12,0.5059,48
broad-instruct,reference_vanilla_lora_loao_social_group,42,diff,13,0.4948,48
broad-instruct,reference_vanilla_lora_loao_social_group,42,diff,14,0.5063,48
broad-instruct,reference_vanilla_lora_loao_social_group,42,diff,15,0.5141,48
broad-instruct,reference_vanilla_lora_loao_social_group,42,diff,16,0.5396,48
broad-instruct,reference_vanilla_lora_loao_social_group,42,diff,17,0.5553,48
broad-instruct,reference_vanilla_lora_loao_social_group,42,diff,18,0.5681,48
broad-instruct,reference_vanilla_lora_loao_social_group,42,diff,19,0.6273,48
broad-instruct,reference_vanilla_lora_loao_social_group,42,diff,20,0.6033,48
broad-instruct,reference_vanilla_lora_loao_social_group,42,diff,21,0.54,48
broad-instruct,reference_vanilla_lora_loao_social_group,42,diff,22,0.5393,48
broad-instruct,reference_vanilla_lora_loao_social_group,42,diff,23,0.3652,48
broad-instruct,reference_vanilla_lora_loao_social_group,42,equal,0,0.4969,48
broad-instruct,reference_vanilla_lora_loao_social_group,42,equal,1,0.4958,48
broad-instruct,reference_vanilla_lora_loao_social_group,42,equal,2,0.4947,48
broad-instruct,reference_vanilla_lora_loao_social_group,42,equal,3,0.4947,48
broad-instruct,reference_vanilla_lora_loao_social_group,42,equal,4,0.493,48
broad-instruct,reference_vanilla_lora_loao_social_group,42,equal,5,0.4932,48
broad-instruct,reference_vanilla_lora_loao_social_group,42,equal,6,0.4943,48
broad-instruct,reference_vanilla_lora_loao_social_group,42,equal,7,0.5028,48
broad-instruct,reference_vanilla_lora_loao_social_group,42,equal,8,0.4987,48
broad-instruct,reference_vanilla_lora_loao_social_group,42,equal,9,0.4981,48
broad-instruct,reference_vanilla_lora_loao_social_group,42,equal,10,0.4944,48
broad-instruct,reference_vanilla_lora_loao_social_group,42,equal,11,0.4976,48
broad-instruct,reference_vanilla_lora_loao_social_group,42,equal,12,0.5027,48
broad-instruct,reference_vanilla_lora_loao_social_group,42,equal,13,0.4948,48
broad-instruct,reference_vanilla_lora_loao_social_group,42,equal,14,0.5083,48
broad-instruct,reference_vanilla_lora_loao_social_group,42,equal,15,0.5116,48
broad-instruct,reference_vanilla_lora_loao_social_group,42,equal,16,0.5296,48
broad-instruct,reference_vanilla_lora_loao_social_group,42,equal,17,0.5522,48
broad-instruct,reference_vanilla_lora_loao_social_group,42,equal,18,0.5647,48
broad-instruct,reference_vanilla_lora_loao_social_group,42,equal,19,0.6279,48
broad-instruct,reference_vanilla_lora_loao_social_group,42,equal,20,0.6397,48
broad-instruct,reference_vanilla_lora_loao_social_group,42,equal,21,0.7897,48
broad-instruct,reference_vanilla_lora_loao_social_group,42,equal,22,0.7678,48
broad-instruct,reference_vanilla_lora_loao_social_group,42,equal,23,0.8546,48
broad-instruct,reference_vanilla_qlora,42,diff,0,0.4633,48
broad-instruct,reference_vanilla_qlora,42,diff,1,0.4639,48
broad-instruct,reference_vanilla_qlora,42,diff,2,0.4669,48
broad-instruct,reference_vanilla_qlora,42,diff,3,0.4617,48
broad-instruct,reference_vanilla_qlora,42,diff,4,0.4599,48
broad-instruct,reference_vanilla_qlora,42,diff,5,0.4618,48
broad-instruct,reference_vanilla_qlora,42,diff,6,0.4587,48
broad-instruct,reference_vanilla_qlora,42,diff,7,0.4619,48
broad-instruct,reference_vanilla_qlora,42,diff,8,0.4607,48
broad-instruct,reference_vanilla_qlora,42,diff,9,0.4607,48
broad-instruct,reference_vanilla_qlora,42,diff,10,0.4594,48
broad-instruct,reference_vanilla_qlora,42,diff,11,0.4616,48
broad-instruct,reference_vanilla_qlora,42,diff,12,0.4664,48
broad-instruct,reference_vanilla_qlora,42,diff,13,0.4547,48
broad-instruct,reference_vanilla_qlora,42,diff,14,0.4344,48
broad-instruct,reference_vanilla_qlora,42,diff,15,0.415,48
broad-instruct,reference_vanilla_qlora,42,diff,16,0.397,48
broad-instruct,reference_vanilla_qlora,42,diff,17,0.3808,48
broad-instruct,reference_vanilla_qlora,42,diff,18,0.3707,48
broad-instruct,reference_vanilla_qlora,42,diff,19,0.3964,48
broad-instruct,reference_vanilla_qlora,42,diff,20,0.3312,48
broad-instruct,reference_vanilla_qlora,42,diff,21,0.3354,48
broad-instruct,reference_vanilla_qlora,42,diff,22,0.2417,48
broad-instruct,reference_vanilla_qlora,42,diff,23,0.1686,48
broad-instruct,reference_vanilla_qlora,42,equal,0,0.4622,48
broad-instruct,reference_vanilla_qlora,42,equal,1,0.464,48
broad-instruct,reference_vanilla_qlora,42,equal,2,0.4647,48
broad-instruct,reference_vanilla_qlora,42,equal,3,0.46,48
broad-instruct,reference_vanilla_qlora,42,equal,4,0.4617,48
broad-instruct,reference_vanilla_qlora,42,equal,5,0.4608,48
broad-instruct,reference_vanilla_qlora,42,equal,6,0.459,48
broad-instruct,reference_vanilla_qlora,42,equal,7,0.4613,48
broad-instruct,reference_vanilla_qlora,42,equal,8,0.4619,48
broad-instruct,reference_vanilla_qlora,42,equal,9,0.4584,48
broad-instruct,reference_vanilla_qlora,42,equal,10,0.4596,48
broad-instruct,reference_vanilla_qlora,42,equal,11,0.4601,48
broad-instruct,reference_vanilla_qlora,42,equal,12,0.4614,48
broad-instruct,reference_vanilla_qlora,42,equal,13,0.4538,48
broad-instruct,reference_vanilla_qlora,42,equal,14,0.4363,48
broad-instruct,reference_vanilla_qlora,42,equal,15,0.4146,48
broad-instruct,reference_vanilla_qlora,42,equal,16,0.4012,48
broad-instruct,reference_vanilla_qlora,42,equal,17,0.3736,48
broad-instruct,reference_vanilla_qlora,42,equal,18,0.3549,48
broad-instruct,reference_vanilla_qlora,42,equal,19,0.4052,48
broad-instruct,reference_vanilla_qlora,42,equal,20,0.4389,48
broad-instruct,reference_vanilla_qlora,42,equal,21,0.5437,48
broad-instruct,reference_vanilla_qlora,42,equal,22,0.4136,48
broad-instruct,reference_vanilla_qlora,42,equal,23,0.4462,48
general-instruct,frozen_base,42,diff,0,0.035,48
general-instruct,frozen_base,42,diff,1,0.0345,48
general-instruct,frozen_base,42,diff,2,0.0323,48
general-instruct,frozen_base,42,diff,3,0.0336,48
general-instruct,frozen_base,42,diff,4,0.0349,48
general-instruct,frozen_base,42,diff,5,0.0336,48
general-instruct,frozen_base,42,diff,6,0.0296,48
general-instruct,frozen_base,42,diff,7,0.0323,48
general-instruct,frozen_base,42,diff,8,0.0338,48
general-instruct,frozen_base,42,diff,9,0.0349,48
general-instruct,frozen_base,42,diff,10,0.041,48
general-instruct,frozen_base,42,diff,11,0.0485,48
general-instruct,frozen_base,42,diff,12,0.0588,48
general-instruct,frozen_base,42,diff,13,0.0798,48
general-instruct,frozen_base,42,diff,14,0.0723,48
general-instruct,frozen_base,42,diff,15,0.0566,48
general-instruct,frozen_base,42,diff,16,0.0527,48
general-instruct,frozen_base,42,diff,17,0.0237,48
general-instruct,frozen_base,42,diff,18,0.0318,48
general-instruct,frozen_base,42,diff,19,0.0427,48
general-instruct,frozen_base,42,diff,20,0.0317,48
general-instruct,frozen_base,42,diff,21,0.0282,48
general-instruct,frozen_base,42,diff,22,0.181,48
general-instruct,frozen_base,42,diff,23,0.009,48
general-instruct,frozen_base,42,diff,24,0.0038,48
general-instruct,frozen_base,42,diff,25,0.0008,48
general-instruct,frozen_base,42,diff,26,0.0012,48
general-instruct,frozen_base,42,diff,27,0.003,48
general-instruct,frozen_base,42,diff,28,0.0003,48
general-instruct,frozen_base,42,diff,29,0.0001,48
general-instruct,frozen_base,42,equal,0,0.0347,48
general-instruct,frozen_base,42,equal,1,0.0345,48
general-instruct,frozen_base,42,equal,2,0.0324,48
general-instruct,frozen_base,42,equal,3,0.0324,48
general-instruct,frozen_base,42,equal,4,0.0341,48
general-instruct,frozen_base,42,equal,5,0.0328,48
general-instruct,frozen_base,42,equal,6,0.0297,48
general-instruct,frozen_base,42,equal,7,0.0321,48
general-instruct,frozen_base,42,equal,8,0.0325,48
general-instruct,frozen_base,42,equal,9,0.0354,48
general-instruct,frozen_base,42,equal,10,0.0408,48
general-instruct,frozen_base,42,equal,11,0.0484,48
general-instruct,frozen_base,42,equal,12,0.0602,48
general-instruct,frozen_base,42,equal,13,0.0799,48
general-instruct,frozen_base,42,equal,14,0.0704,48
general-instruct,frozen_base,42,equal,15,0.0558,48
general-instruct,frozen_base,42,equal,16,0.0544,48
general-instruct,frozen_base,42,equal,17,0.0223,48
general-instruct,frozen_base,42,equal,18,0.0298,48
general-instruct,frozen_base,42,equal,19,0.0374,48
general-instruct,frozen_base,42,equal,20,0.031,48
general-instruct,frozen_base,42,equal,21,0.0289,48
general-instruct,frozen_base,42,equal,22,0.2148,48
general-instruct,frozen_base,42,equal,23,0.0254,48
general-instruct,frozen_base,42,equal,24,0.0068,48
general-instruct,frozen_base,42,equal,25,0.0017,48
general-instruct,frozen_base,42,equal,26,0.0016,48
general-instruct,frozen_base,42,equal,27,0.0037,48
general-instruct,frozen_base,42,equal,28,0.0006,48
general-instruct,frozen_base,42,equal,29,0.0001,48
general-instruct,baseline_dart,42,diff,0,0.1155,48
general-instruct,baseline_dart,42,diff,1,0.1155,48
general-instruct,baseline_dart,42,diff,2,0.1162,48
general-instruct,baseline_dart,42,diff,3,0.1147,48
general-instruct,baseline_dart,42,diff,4,0.1147,48
general-instruct,baseline_dart,42,diff,5,0.114,48
general-instruct,baseline_dart,42,diff,6,0.1166,48
general-instruct,baseline_dart,42,diff,7,0.1153,48
general-instruct,baseline_dart,42,diff,8,0.1144,48
general-instruct,baseline_dart,42,diff,9,0.1148,48
general-instruct,baseline_dart,42,diff,10,0.1139,48
general-instruct,baseline_dart,42,diff,11,0.1181,48
general-instruct,baseline_dart,42,diff,12,0.1165,48
general-instruct,baseline_dart,42,diff,13,0.1167,48
general-instruct,baseline_dart,42,diff,14,0.1169,48
general-instruct,baseline_dart,42,diff,15,0.1155,48
general-instruct,baseline_dart,42,diff,16,0.1204,48
general-instruct,baseline_dart,42,diff,17,0.1152,48
general-instruct,baseline_dart,42,diff,18,0.1156,48
general-instruct,baseline_dart,42,diff,19,0.1062,48
general-instruct,baseline_dart,42,diff,20,0.1061,48
general-instruct,baseline_dart,42,diff,21,0.1021,48
general-instruct,baseline_dart,42,diff,22,0.1055,48
general-instruct,baseline_dart,42,diff,23,0.056,48
general-instruct,baseline_dart,42,diff,24,0.0528,48
general-instruct,baseline_dart,42,diff,25,0.0432,48
general-instruct,baseline_dart,42,diff,26,0.0208,48
general-instruct,baseline_dart,42,diff,27,0.0203,48
general-instruct,baseline_dart,42,diff,28,0.0134,48
general-instruct,baseline_dart,42,diff,29,0.0055,48
general-instruct,baseline_dart,42,equal,0,0.1151,48
general-instruct,baseline_dart,42,equal,1,0.1148,48
general-instruct,baseline_dart,42,equal,2,0.1161,48
general-instruct,baseline_dart,42,equal,3,0.1147,48
general-instruct,baseline_dart,42,equal,4,0.1142,48
general-instruct,baseline_dart,42,equal,5,0.1161,48
general-instruct,baseline_dart,42,equal,6,0.117,48
general-instruct,baseline_dart,42,equal,7,0.1142,48
general-instruct,baseline_dart,42,equal,8,0.1143,48
general-instruct,baseline_dart,42,equal,9,0.1145,48
general-instruct,baseline_dart,42,equal,10,0.1137,48
general-instruct,baseline_dart,42,equal,11,0.1178,48
general-instruct,baseline_dart,42,equal,12,0.118,48
general-instruct,baseline_dart,42,equal,13,0.1162,48
general-instruct,baseline_dart,42,equal,14,0.1175,48
general-instruct,baseline_dart,42,equal,15,0.1161,48
general-instruct,baseline_dart,42,equal,16,0.1195,48
general-instruct,baseline_dart,42,equal,17,0.1129,48
general-instruct,baseline_dart,42,equal,18,0.114,48
general-instruct,baseline_dart,42,equal,19,0.1067,48
general-instruct,baseline_dart,42,equal,20,0.1056,48
general-instruct,baseline_dart,42,equal,21,0.1115,48
general-instruct,baseline_dart,42,equal,22,0.127,48
general-instruct,baseline_dart,42,equal,23,0.1047,48
general-instruct,baseline_dart,42,equal,24,0.0761,48
general-instruct,baseline_dart,42,equal,25,0.0786,48
general-instruct,baseline_dart,42,equal,26,0.0789,48
general-instruct,baseline_dart,42,equal,27,0.2965,48
general-instruct,baseline_dart,42,equal,28,0.3501,48
general-instruct,baseline_dart,42,equal,29,0.9182,48
general-instruct,baseline_fairnet,42,diff,0,0.2962,48
general-instruct,baseline_fairnet,42,diff,1,0.2934,48
general-instruct,baseline_fairnet,42,diff,2,0.2942,48
general-instruct,baseline_fairnet,42,diff,3,0.2914,48
general-instruct,baseline_fairnet,42,diff,4,0.2904,48
general-instruct,baseline_fairnet,42,diff,5,0.2907,48
general-instruct,baseline_fairnet,42,diff,6,0.2928,48
general-instruct,baseline_fairnet,42,diff,7,0.2922,48
general-instruct,baseline_fairnet,42,diff,8,0.293,48
general-instruct,baseline_fairnet,42,diff,9,0.2916,48
general-instruct,baseline_fairnet,42,diff,10,0.2914,48
general-instruct,baseline_fairnet,42,diff,11,0.2968,48
general-instruct,baseline_fairnet,42,diff,12,0.3035,48
general-instruct,baseline_fairnet,42,diff,13,0.2988,48
general-instruct,baseline_fairnet,42,diff,14,0.2966,48
general-instruct,baseline_fairnet,42,diff,15,0.2865,48
general-instruct,baseline_fairnet,42,diff,16,0.2926,48
general-instruct,baseline_fairnet,42,diff,17,0.2976,48
general-instruct,baseline_fairnet,42,diff,18,0.2912,48
general-instruct,baseline_fairnet,42,diff,19,0.2873,48
general-instruct,baseline_fairnet,42,diff,20,0.2859,48
general-instruct,baseline_fairnet,42,diff,21,0.2915,48
general-instruct,baseline_fairnet,42,diff,22,0.2903,48
general-instruct,baseline_fairnet,42,diff,23,0.2215,48
general-instruct,baseline_fairnet,42,diff,24,0.2189,48
general-instruct,baseline_fairnet,42,diff,25,0.1925,48
general-instruct,baseline_fairnet,42,diff,26,0.1638,48
general-instruct,baseline_fairnet,42,diff,27,0.1819,48
general-instruct,baseline_fairnet,42,diff,28,0.1665,48
general-instruct,baseline_fairnet,42,diff,29,0.0443,48
general-instruct,baseline_fairnet,42,equal,0,0.2937,48
general-instruct,baseline_fairnet,42,equal,1,0.2932,48
general-instruct,baseline_fairnet,42,equal,2,0.2936,48
general-instruct,baseline_fairnet,42,equal,3,0.2944,48
general-instruct,baseline_fairnet,42,equal,4,0.291,48
general-instruct,baseline_fairnet,42,equal,5,0.2903,48
general-instruct,baseline_fairnet,42,equal,6,0.2902,48
general-instruct,baseline_fairnet,42,equal,7,0.2917,48
general-instruct,baseline_fairnet,42,equal,8,0.2935,48
general-instruct,baseline_fairnet,42,equal,9,0.2922,48
general-instruct,baseline_fairnet,42,equal,10,0.2903,48
general-instruct,baseline_fairnet,42,equal,11,0.2949,48
general-instruct,baseline_fairnet,42,equal,12,0.2993,48
general-instruct,baseline_fairnet,42,equal,13,0.2954,48
general-instruct,baseline_fairnet,42,equal,14,0.2938,48
general-instruct,baseline_fairnet,42,equal,15,0.2873,48
general-instruct,baseline_fairnet,42,equal,16,0.2903,48
general-instruct,baseline_fairnet,42,equal,17,0.2977,48
general-instruct,baseline_fairnet,42,equal,18,0.2876,48
general-instruct,baseline_fairnet,42,equal,19,0.2874,48
general-instruct,baseline_fairnet,42,equal,20,0.2729,48
general-instruct,baseline_fairnet,42,equal,21,0.256,48
general-instruct,baseline_fairnet,42,equal,22,0.2471,48
general-instruct,baseline_fairnet,42,equal,23,0.2124,48
general-instruct,baseline_fairnet,42,equal,24,0.2016,48
general-instruct,baseline_fairnet,42,equal,25,0.177,48
general-instruct,baseline_fairnet,42,equal,26,0.2818,48
general-instruct,baseline_fairnet,42,equal,27,0.4164,48
general-instruct,baseline_fairnet,42,equal,28,0.7143,48
general-instruct,baseline_fairnet,42,equal,29,0.8615,48
general-instruct,baseline_igu_lora,42,diff,0,0.1791,48
general-instruct,baseline_igu_lora,42,diff,1,0.1794,48
general-instruct,baseline_igu_lora,42,diff,2,0.1781,48
general-instruct,baseline_igu_lora,42,diff,3,0.1784,48
general-instruct,baseline_igu_lora,42,diff,4,0.1775,48
general-instruct,baseline_igu_lora,42,diff,5,0.1782,48
general-instruct,baseline_igu_lora,42,diff,6,0.1779,48
general-instruct,baseline_igu_lora,42,diff,7,0.1771,48
general-instruct,baseline_igu_lora,42,diff,8,0.1779,48
general-instruct,baseline_igu_lora,42,diff,9,0.1775,48
general-instruct,baseline_igu_lora,42,diff,10,0.1792,48
general-instruct,baseline_igu_lora,42,diff,11,0.1806,48
general-instruct,baseline_igu_lora,42,diff,12,0.1819,48
general-instruct,baseline_igu_lora,42,diff,13,0.1855,48
general-instruct,baseline_igu_lora,42,diff,14,0.1832,48
general-instruct,baseline_igu_lora,42,diff,15,0.1811,48
general-instruct,baseline_igu_lora,42,diff,16,0.1844,48
general-instruct,baseline_igu_lora,42,diff,17,0.1822,48
general-instruct,baseline_igu_lora,42,diff,18,0.1816,48
general-instruct,baseline_igu_lora,42,diff,19,0.1889,48
general-instruct,baseline_igu_lora,42,diff,20,0.1929,48
general-instruct,baseline_igu_lora,42,diff,21,0.1923,48
general-instruct,baseline_igu_lora,42,diff,22,0.1731,48
general-instruct,baseline_igu_lora,42,diff,23,0.1008,48
general-instruct,baseline_igu_lora,42,diff,24,0.0886,48
general-instruct,baseline_igu_lora,42,diff,25,0.0717,48
general-instruct,baseline_igu_lora,42,diff,26,0.0363,48
general-instruct,baseline_igu_lora,42,diff,27,0.0331,48
general-instruct,baseline_igu_lora,42,diff,28,0.0245,48
general-instruct,baseline_igu_lora,42,diff,29,0.0072,48
general-instruct,baseline_igu_lora,42,equal,0,0.1783,48
general-instruct,baseline_igu_lora,42,equal,1,0.1781,48
general-instruct,baseline_igu_lora,42,equal,2,0.1791,48
general-instruct,baseline_igu_lora,42,equal,3,0.1786,48
general-instruct,baseline_igu_lora,42,equal,4,0.1761,48
general-instruct,baseline_igu_lora,42,equal,5,0.1784,48
general-instruct,baseline_igu_lora,42,equal,6,0.1779,48
general-instruct,baseline_igu_lora,42,equal,7,0.1772,48
general-instruct,baseline_igu_lora,42,equal,8,0.1774,48
general-instruct,baseline_igu_lora,42,equal,9,0.1785,48
general-instruct,baseline_igu_lora,42,equal,10,0.1788,48
general-instruct,baseline_igu_lora,42,equal,11,0.1797,48
general-instruct,baseline_igu_lora,42,equal,12,0.1832,48
general-instruct,baseline_igu_lora,42,equal,13,0.1822,48
general-instruct,baseline_igu_lora,42,equal,14,0.1823,48
general-instruct,baseline_igu_lora,42,equal,15,0.18,48
general-instruct,baseline_igu_lora,42,equal,16,0.1832,48
general-instruct,baseline_igu_lora,42,equal,17,0.1835,48
general-instruct,baseline_igu_lora,42,equal,18,0.1863,48
general-instruct,baseline_igu_lora,42,equal,19,0.1834,48
general-instruct,baseline_igu_lora,42,equal,20,0.1883,48
general-instruct,baseline_igu_lora,42,equal,21,0.2014,48
general-instruct,baseline_igu_lora,42,equal,22,0.2112,48
general-instruct,baseline_igu_lora,42,equal,23,0.1915,48
general-instruct,baseline_igu_lora,42,equal,24,0.1663,48
general-instruct,baseline_igu_lora,42,equal,25,0.2011,48
general-instruct,baseline_igu_lora,42,equal,26,0.142,48
general-instruct,baseline_igu_lora,42,equal,27,0.2572,48
general-instruct,baseline_igu_lora,42,equal,28,0.356,48
general-instruct,baseline_igu_lora,42,equal,29,0.9003,48
general-instruct,baseline_lftf,42,diff,0,0.0798,48
general-instruct,baseline_lftf,42,diff,1,0.0799,48
general-instruct,baseline_lftf,42,diff,2,0.0794,48
general-instruct,baseline_lftf,42,diff,3,0.0792,48
general-instruct,baseline_lftf,42,diff,4,0.0794,48
general-instruct,baseline_lftf,42,diff,5,0.079,48
general-instruct,baseline_lftf,42,diff,6,0.079,48
general-instruct,baseline_lftf,42,diff,7,0.0787,48
general-instruct,baseline_lftf,42,diff,8,0.0771,48
general-instruct,baseline_lftf,42,diff,9,0.0749,48
general-instruct,baseline_lftf,42,diff,10,0.0765,48
general-instruct,baseline_lftf,42,diff,11,0.0765,48
general-instruct,baseline_lftf,42,diff,12,0.0788,48
general-instruct,baseline_lftf,42,diff,13,0.0776,48
general-instruct,baseline_lftf,42,diff,14,0.0747,48
general-instruct,baseline_lftf,42,diff,15,0.0763,48
general-instruct,baseline_lftf,42,diff,16,0.074,48
general-instruct,baseline_lftf,42,diff,17,0.0738,48
general-instruct,baseline_lftf,42,diff,18,0.0752,48
general-instruct,baseline_lftf,42,diff,19,0.0672,48
general-instruct,baseline_lftf,42,diff,20,0.0795,48
general-instruct,baseline_lftf,42,diff,21,0.0726,48
general-instruct,baseline_lftf,42,diff,22,0.1081,48
general-instruct,baseline_lftf,42,diff,23,0.1355,48
general-instruct,baseline_lftf,42,diff,24,0.1467,48
general-instruct,baseline_lftf,42,diff,25,0.1516,48
general-instruct,baseline_lftf,42,diff,26,0.1668,48
general-instruct,baseline_lftf,42,diff,27,0.1571,48
general-instruct,baseline_lftf,42,diff,28,0.1505,48
general-instruct,baseline_lftf,42,diff,29,0.0603,48
general-instruct,baseline_lftf,42,equal,0,0.0797,48
general-instruct,baseline_lftf,42,equal,1,0.0797,48
general-instruct,baseline_lftf,42,equal,2,0.08,48
general-instruct,baseline_lftf,42,equal,3,0.0793,48
general-instruct,baseline_lftf,42,equal,4,0.0792,48
general-instruct,baseline_lftf,42,equal,5,0.0794,48
general-instruct,baseline_lftf,42,equal,6,0.0787,48
general-instruct,baseline_lftf,42,equal,7,0.0788,48
general-instruct,baseline_lftf,42,equal,8,0.0768,48
general-instruct,baseline_lftf,42,equal,9,0.0739,48
general-instruct,baseline_lftf,42,equal,10,0.0775,48
general-instruct,baseline_lftf,42,equal,11,0.0786,48
general-instruct,baseline_lftf,42,equal,12,0.079,48
general-instruct,baseline_lftf,42,equal,13,0.0778,48
general-instruct,baseline_lftf,42,equal,14,0.0753,48
general-instruct,baseline_lftf,42,equal,15,0.0757,48
general-instruct,baseline_lftf,42,equal,16,0.0736,48
general-instruct,baseline_lftf,42,equal,17,0.0746,48
general-instruct,baseline_lftf,42,equal,18,0.0743,48
general-instruct,baseline_lftf,42,equal,19,0.067,48
general-instruct,baseline_lftf,42,equal,20,0.0788,48
general-instruct,baseline_lftf,42,equal,21,0.0757,48
general-instruct,baseline_lftf,42,equal,22,0.1051,48
general-instruct,baseline_lftf,42,equal,23,0.1309,48
general-instruct,baseline_lftf,42,equal,24,0.1377,48
general-instruct,baseline_lftf,42,equal,25,0.1512,48
general-instruct,baseline_lftf,42,equal,26,0.1358,48
general-instruct,baseline_lftf,42,equal,27,0.0983,48
general-instruct,baseline_lftf,42,equal,28,0.1344,48
general-instruct,baseline_lftf,42,equal,29,0.6739,48
general-instruct,baseline_pedal,42,diff,0,0.2319,48
general-instruct,baseline_pedal,42,diff,1,0.2322,48
general-instruct,baseline_pedal,42,diff,2,0.2343,48
general-instruct,baseline_pedal,42,diff,3,0.2326,48
general-instruct,baseline_pedal,42,diff,4,0.2302,48
general-instruct,baseline_pedal,42,diff,5,0.2288,48
general-instruct,baseline_pedal,42,diff,6,0.2336,48
general-instruct,baseline_pedal,42,diff,7,0.2339,48
general-instruct,baseline_pedal,42,diff,8,0.2377,48
general-instruct,baseline_pedal,42,diff,9,0.2387,48
general-instruct,baseline_pedal,42,diff,10,0.2397,48
general-instruct,baseline_pedal,42,diff,11,0.2296,48
general-instruct,baseline_pedal,42,diff,12,0.2353,48
general-instruct,baseline_pedal,42,diff,13,0.2352,48
general-instruct,baseline_pedal,42,diff,14,0.2336,48
general-instruct,baseline_pedal,42,diff,15,0.2331,48
general-instruct,baseline_pedal,42,diff,16,0.2343,48
general-instruct,baseline_pedal,42,diff,17,0.2344,48
general-instruct,baseline_pedal,42,diff,18,0.2423,48
general-instruct,baseline_pedal,42,diff,19,0.2399,48
general-instruct,baseline_pedal,42,diff,20,0.2411,48
general-instruct,baseline_pedal,42,diff,21,0.2474,48
general-instruct,baseline_pedal,42,diff,22,0.2351,48
general-instruct,baseline_pedal,42,diff,23,0.2191,48
general-instruct,baseline_pedal,42,diff,24,0.2211,48
general-instruct,baseline_pedal,42,diff,25,0.2517,48
general-instruct,baseline_pedal,42,diff,26,0.294,48
general-instruct,baseline_pedal,42,diff,27,0.2794,48
general-instruct,baseline_pedal,42,diff,28,0.2123,48
general-instruct,baseline_pedal,42,diff,29,0.0219,48
general-instruct,baseline_pedal,42,equal,0,0.233,48
general-instruct,baseline_pedal,42,equal,1,0.2324,48
general-instruct,baseline_pedal,42,equal,2,0.2331,48
general-instruct,baseline_pedal,42,equal,3,0.2321,48
general-instruct,baseline_pedal,42,equal,4,0.2331,48
general-instruct,baseline_pedal,42,equal,5,0.229,48
general-instruct,baseline_pedal,42,equal,6,0.233,48
general-instruct,baseline_pedal,42,equal,7,0.2344,48
general-instruct,baseline_pedal,42,equal,8,0.2393,48
general-instruct,baseline_pedal,42,equal,9,0.2381,48
general-instruct,baseline_pedal,42,equal,10,0.2367,48
general-instruct,baseline_pedal,42,equal,11,0.2306,48
general-instruct,baseline_pedal,42,equal,12,0.2343,48
general-instruct,baseline_pedal,42,equal,13,0.2349,48
general-instruct,baseline_pedal,42,equal,14,0.2334,48
general-instruct,baseline_pedal,42,equal,15,0.2324,48
general-instruct,baseline_pedal,42,equal,16,0.2338,48
general-instruct,baseline_pedal,42,equal,17,0.2379,48
general-instruct,baseline_pedal,42,equal,18,0.2385,48
general-instruct,baseline_pedal,42,equal,19,0.2439,48
general-instruct,baseline_pedal,42,equal,20,0.241,48
general-instruct,baseline_pedal,42,equal,21,0.2388,48
general-instruct,baseline_pedal,42,equal,22,0.2597,48
general-instruct,baseline_pedal,42,equal,23,0.3701,48
general-instruct,baseline_pedal,42,equal,24,0.3448,48
general-instruct,baseline_pedal,42,equal,25,0.4166,48
general-instruct,baseline_pedal,42,equal,26,0.5343,48
general-instruct,baseline_pedal,42,equal,27,0.6237,48
general-instruct,baseline_pedal,42,equal,28,0.6744,48
general-instruct,baseline_pedal,42,equal,29,0.8341,48
general-instruct,baseline_regift,42,diff,0,0.0597,48
general-instruct,baseline_regift,42,diff,1,0.0598,48
general-instruct,baseline_regift,42,diff,2,0.0592,48
general-instruct,baseline_regift,42,diff,3,0.0601,48
general-instruct,baseline_regift,42,diff,4,0.0595,48
general-instruct,baseline_regift,42,diff,5,0.0593,48
general-instruct,baseline_regift,42,diff,6,0.0584,48
general-instruct,baseline_regift,42,diff,7,0.0587,48
general-instruct,baseline_regift,42,diff,8,0.0587,48
general-instruct,baseline_regift,42,diff,9,0.0583,48
general-instruct,baseline_regift,42,diff,10,0.0573,48
general-instruct,baseline_regift,42,diff,11,0.0591,48
general-instruct,baseline_regift,42,diff,12,0.0594,48
general-instruct,baseline_regift,42,diff,13,0.057,48
general-instruct,baseline_regift,42,diff,14,0.0575,48
general-instruct,baseline_regift,42,diff,15,0.0549,48
general-instruct,baseline_regift,42,diff,16,0.0572,48
general-instruct,baseline_regift,42,diff,17,0.0549,48
general-instruct,baseline_regift,42,diff,18,0.0591,48
general-instruct,baseline_regift,42,diff,19,0.0628,48
general-instruct,baseline_regift,42,diff,20,0.0646,48
general-instruct,baseline_regift,42,diff,21,0.0621,48
general-instruct,baseline_regift,42,diff,22,0.0698,48
general-instruct,baseline_regift,42,diff,23,0.0529,48
general-instruct,baseline_regift,42,diff,24,0.0398,48
general-instruct,baseline_regift,42,diff,25,0.0362,48
general-instruct,baseline_regift,42,diff,26,0.0358,48
general-instruct,baseline_regift,42,diff,27,0.031,48
general-instruct,baseline_regift,42,diff,28,0.0226,48
general-instruct,baseline_regift,42,diff,29,0.0944,48
general-instruct,baseline_regift,42,equal,0,0.0602,48
general-instruct,baseline_regift,42,equal,1,0.0592,48
general-instruct,baseline_regift,42,equal,2,0.0596,48
general-instruct,baseline_regift,42,equal,3,0.0595,48
general-instruct,baseline_regift,42,equal,4,0.0596,48
general-instruct,baseline_regift,42,equal,5,0.0593,48
general-instruct,baseline_regift,42,equal,6,0.0593,48
general-instruct,baseline_regift,42,equal,7,0.0589,48
general-instruct,baseline_regift,42,equal,8,0.059,48
general-instruct,baseline_regift,42,equal,9,0.0581,48
general-instruct,baseline_regift,42,equal,10,0.0576,48
general-instruct,baseline_regift,42,equal,11,0.0592,48
general-instruct,baseline_regift,42,equal,12,0.0599,48
general-instruct,baseline_regift,42,equal,13,0.0558,48
general-instruct,baseline_regift,42,equal,14,0.0584,48
general-instruct,baseline_regift,42,equal,15,0.0551,48
general-instruct,baseline_regift,42,equal,16,0.0582,48
general-instruct,baseline_regift,42,equal,17,0.0559,48
general-instruct,baseline_regift,42,equal,18,0.0582,48
general-instruct,baseline_regift,42,equal,19,0.0627,48
general-instruct,baseline_regift,42,equal,20,0.0653,48
general-instruct,baseline_regift,42,equal,21,0.0614,48
general-instruct,baseline_regift,42,equal,22,0.0737,48
general-instruct,baseline_regift,42,equal,23,0.107,48
general-instruct,baseline_regift,42,equal,24,0.0622,48
general-instruct,baseline_regift,42,equal,25,0.0491,48
general-instruct,baseline_regift,42,equal,26,0.0589,48
general-instruct,baseline_regift,42,equal,27,0.0699,48
general-instruct,baseline_regift,42,equal,28,0.058,48
general-instruct,baseline_regift,42,equal,29,0.9401,48
general-instruct,graft_proposed,42,diff,0,0.1593,48
general-instruct,graft_proposed,42,diff,1,0.1618,48
general-instruct,graft_proposed,42,diff,2,0.1594,48
general-instruct,graft_proposed,42,diff,3,0.1602,48
general-instruct,graft_proposed,42,diff,4,0.1596,48
general-instruct,graft_proposed,42,diff,5,0.1583,48
general-instruct,graft_proposed,42,diff,6,0.1582,48
general-instruct,graft_proposed,42,diff,7,0.1615,48
general-instruct,graft_proposed,42,diff,8,0.1622,48
general-instruct,graft_proposed,42,diff,9,0.1641,48
general-instruct,graft_proposed,42,diff,10,0.1679,48
general-instruct,graft_proposed,42,diff,11,0.1704,48
general-instruct,graft_proposed,42,diff,12,0.1722,48
general-instruct,graft_proposed,42,diff,13,0.1786,48
general-instruct,graft_proposed,42,diff,14,0.1789,48
general-instruct,graft_proposed,42,diff,15,0.1827,48
general-instruct,graft_proposed,42,diff,16,0.1844,48
general-instruct,graft_proposed,42,diff,17,0.1825,48
general-instruct,graft_proposed,42,diff,18,0.1865,48
general-instruct,graft_proposed,42,diff,19,0.1887,48
general-instruct,graft_proposed,42,diff,20,0.1869,48
general-instruct,graft_proposed,42,diff,21,0.164,48
general-instruct,graft_proposed,42,diff,22,0.1466,48
general-instruct,graft_proposed,42,diff,23,0.1253,48
general-instruct,graft_proposed,42,diff,24,0.1072,48
general-instruct,graft_proposed,42,diff,25,0.136,48
general-instruct,graft_proposed,42,diff,26,0.1338,48
general-instruct,graft_proposed,42,diff,27,0.1533,48
general-instruct,graft_proposed,42,diff,28,0.1617,48
general-instruct,graft_proposed,42,diff,29,0.0176,48
general-instruct,graft_proposed,42,equal,0,0.1587,48
general-instruct,graft_proposed,42,equal,1,0.1588,48
general-instruct,graft_proposed,42,equal,2,0.1569,48
general-instruct,graft_proposed,42,equal,3,0.1607,48
general-instruct,graft_proposed,42,equal,4,0.1593,48
general-instruct,graft_proposed,42,equal,5,0.1599,48
general-instruct,graft_proposed,42,equal,6,0.1601,48
general-instruct,graft_proposed,42,equal,7,0.1587,48
general-instruct,graft_proposed,42,equal,8,0.1618,48
general-instruct,graft_proposed,42,equal,9,0.1631,48
general-instruct,graft_proposed,42,equal,10,0.1683,48
general-instruct,graft_proposed,42,equal,11,0.1677,48
general-instruct,graft_proposed,42,equal,12,0.1735,48
general-instruct,graft_proposed,42,equal,13,0.1781,48
general-instruct,graft_proposed,42,equal,14,0.1786,48
general-instruct,graft_proposed,42,equal,15,0.1822,48
general-instruct,graft_proposed,42,equal,16,0.1839,48
general-instruct,graft_proposed,42,equal,17,0.1838,48
general-instruct,graft_proposed,42,equal,18,0.1876,48
general-instruct,graft_proposed,42,equal,19,0.1851,48
general-instruct,graft_proposed,42,equal,20,0.1885,48
general-instruct,graft_proposed,42,equal,21,0.1662,48
general-instruct,graft_proposed,42,equal,22,0.1438,48
general-instruct,graft_proposed,42,equal,23,0.135,48
general-instruct,graft_proposed,42,equal,24,0.113,48
general-instruct,graft_proposed,42,equal,25,0.1358,48
general-instruct,graft_proposed,42,equal,26,0.166,48
general-instruct,graft_proposed,42,equal,27,0.1765,48
general-instruct,graft_proposed,42,equal,28,0.2659,48
general-instruct,graft_proposed,42,equal,29,0.8388,48
general-instruct,graft_proposed_loao_gender,42,diff,0,0.2137,48
general-instruct,graft_proposed_loao_gender,42,diff,1,0.2138,48
general-instruct,graft_proposed_loao_gender,42,diff,2,0.2135,48
general-instruct,graft_proposed_loao_gender,42,diff,3,0.2133,48
general-instruct,graft_proposed_loao_gender,42,diff,4,0.2116,48
general-instruct,graft_proposed_loao_gender,42,diff,5,0.2106,48
general-instruct,graft_proposed_loao_gender,42,diff,6,0.2126,48
general-instruct,graft_proposed_loao_gender,42,diff,7,0.2128,48
general-instruct,graft_proposed_loao_gender,42,diff,8,0.2077,48
general-instruct,graft_proposed_loao_gender,42,diff,9,0.2073,48
general-instruct,graft_proposed_loao_gender,42,diff,10,0.209,48
general-instruct,graft_proposed_loao_gender,42,diff,11,0.2129,48
general-instruct,graft_proposed_loao_gender,42,diff,12,0.2109,48
general-instruct,graft_proposed_loao_gender,42,diff,13,0.2109,48
general-instruct,graft_proposed_loao_gender,42,diff,14,0.2176,48
general-instruct,graft_proposed_loao_gender,42,diff,15,0.2209,48
general-instruct,graft_proposed_loao_gender,42,diff,16,0.2268,48
general-instruct,graft_proposed_loao_gender,42,diff,17,0.2207,48
general-instruct,graft_proposed_loao_gender,42,diff,18,0.2264,48
general-instruct,graft_proposed_loao_gender,42,diff,19,0.2307,48
general-instruct,graft_proposed_loao_gender,42,diff,20,0.2306,48
general-instruct,graft_proposed_loao_gender,42,diff,21,0.203,48
general-instruct,graft_proposed_loao_gender,42,diff,22,0.2021,48
general-instruct,graft_proposed_loao_gender,42,diff,23,0.1757,48
general-instruct,graft_proposed_loao_gender,42,diff,24,0.1564,48
general-instruct,graft_proposed_loao_gender,42,diff,25,0.1095,48
general-instruct,graft_proposed_loao_gender,42,diff,26,0.0648,48
general-instruct,graft_proposed_loao_gender,42,diff,27,0.0535,48
general-instruct,graft_proposed_loao_gender,42,diff,28,0.0491,48
general-instruct,graft_proposed_loao_gender,42,diff,29,0.0907,48
general-instruct,graft_proposed_loao_gender,42,equal,0,0.2141,48
general-instruct,graft_proposed_loao_gender,42,equal,1,0.2154,48
general-instruct,graft_proposed_loao_gender,42,equal,2,0.214,48
general-instruct,graft_proposed_loao_gender,42,equal,3,0.2124,48
general-instruct,graft_proposed_loao_gender,42,equal,4,0.213,48
general-instruct,graft_proposed_loao_gender,42,equal,5,0.2131,48
general-instruct,graft_proposed_loao_gender,42,equal,6,0.2131,48
general-instruct,graft_proposed_loao_gender,42,equal,7,0.2122,48
general-instruct,graft_proposed_loao_gender,42,equal,8,0.208,48
general-instruct,graft_proposed_loao_gender,42,equal,9,0.2081,48
general-instruct,graft_proposed_loao_gender,42,equal,10,0.2075,48
general-instruct,graft_proposed_loao_gender,42,equal,11,0.2111,48
general-instruct,graft_proposed_loao_gender,42,equal,12,0.2132,48
general-instruct,graft_proposed_loao_gender,42,equal,13,0.2117,48
general-instruct,graft_proposed_loao_gender,42,equal,14,0.2146,48
general-instruct,graft_proposed_loao_gender,42,equal,15,0.218,48
general-instruct,graft_proposed_loao_gender,42,equal,16,0.2243,48
general-instruct,graft_proposed_loao_gender,42,equal,17,0.2206,48
general-instruct,graft_proposed_loao_gender,42,equal,18,0.2208,48
general-instruct,graft_proposed_loao_gender,42,equal,19,0.2279,48
general-instruct,graft_proposed_loao_gender,42,equal,20,0.2227,48
general-instruct,graft_proposed_loao_gender,42,equal,21,0.2035,48
general-instruct,graft_proposed_loao_gender,42,equal,22,0.1983,48
general-instruct,graft_proposed_loao_gender,42,equal,23,0.192,48
general-instruct,graft_proposed_loao_gender,42,equal,24,0.1447,48
general-instruct,graft_proposed_loao_gender,42,equal,25,0.0998,48
general-instruct,graft_proposed_loao_gender,42,equal,26,0.0671,48
general-instruct,graft_proposed_loao_gender,42,equal,27,0.0495,48
general-instruct,graft_proposed_loao_gender,42,equal,28,0.2375,48
general-instruct,graft_proposed_loao_gender,42,equal,29,0.8368,48
general-instruct,graft_proposed_loao_landholding,42,diff,0,0.3064,48
general-instruct,graft_proposed_loao_landholding,42,diff,1,0.3055,48
general-instruct,graft_proposed_loao_landholding,42,diff,2,0.3057,48
general-instruct,graft_proposed_loao_landholding,42,diff,3,0.3071,48
general-instruct,graft_proposed_loao_landholding,42,diff,4,0.3075,48
general-instruct,graft_proposed_loao_landholding,42,diff,5,0.3093,48
general-instruct,graft_proposed_loao_landholding,42,diff,6,0.3042,48
general-instruct,graft_proposed_loao_landholding,42,diff,7,0.3072,48
general-instruct,graft_proposed_loao_landholding,42,diff,8,0.305,48
general-instruct,graft_proposed_loao_landholding,42,diff,9,0.3033,48
general-instruct,graft_proposed_loao_landholding,42,diff,10,0.302,48
general-instruct,graft_proposed_loao_landholding,42,diff,11,0.305,48
general-instruct,graft_proposed_loao_landholding,42,diff,12,0.3055,48
general-instruct,graft_proposed_loao_landholding,42,diff,13,0.3032,48
general-instruct,graft_proposed_loao_landholding,42,diff,14,0.3011,48
general-instruct,graft_proposed_loao_landholding,42,diff,15,0.3009,48
general-instruct,graft_proposed_loao_landholding,42,diff,16,0.321,48
general-instruct,graft_proposed_loao_landholding,42,diff,17,0.3054,48
general-instruct,graft_proposed_loao_landholding,42,diff,18,0.3054,48
general-instruct,graft_proposed_loao_landholding,42,diff,19,0.3107,48
general-instruct,graft_proposed_loao_landholding,42,diff,20,0.2727,48
general-instruct,graft_proposed_loao_landholding,42,diff,21,0.2297,48
general-instruct,graft_proposed_loao_landholding,42,diff,22,0.2272,48
general-instruct,graft_proposed_loao_landholding,42,diff,23,0.2521,48
general-instruct,graft_proposed_loao_landholding,42,diff,24,0.2587,48
general-instruct,graft_proposed_loao_landholding,42,diff,25,0.2577,48
general-instruct,graft_proposed_loao_landholding,42,diff,26,0.3,48
general-instruct,graft_proposed_loao_landholding,42,diff,27,0.3313,48
general-instruct,graft_proposed_loao_landholding,42,diff,28,0.3307,48
general-instruct,graft_proposed_loao_landholding,42,diff,29,0.0919,48
general-instruct,graft_proposed_loao_landholding,42,equal,0,0.3077,48
general-instruct,graft_proposed_loao_landholding,42,equal,1,0.3061,48
general-instruct,graft_proposed_loao_landholding,42,equal,2,0.3095,48
general-instruct,graft_proposed_loao_landholding,42,equal,3,0.3106,48
general-instruct,graft_proposed_loao_landholding,42,equal,4,0.3059,48
general-instruct,graft_proposed_loao_landholding,42,equal,5,0.3095,48
general-instruct,graft_proposed_loao_landholding,42,equal,6,0.3081,48
general-instruct,graft_proposed_loao_landholding,42,equal,7,0.3084,48
general-instruct,graft_proposed_loao_landholding,42,equal,8,0.305,48
general-instruct,graft_proposed_loao_landholding,42,equal,9,0.3072,48
general-instruct,graft_proposed_loao_landholding,42,equal,10,0.3064,48
general-instruct,graft_proposed_loao_landholding,42,equal,11,0.3066,48
general-instruct,graft_proposed_loao_landholding,42,equal,12,0.3036,48
general-instruct,graft_proposed_loao_landholding,42,equal,13,0.3033,48
general-instruct,graft_proposed_loao_landholding,42,equal,14,0.3016,48
general-instruct,graft_proposed_loao_landholding,42,equal,15,0.3019,48
general-instruct,graft_proposed_loao_landholding,42,equal,16,0.3114,48
general-instruct,graft_proposed_loao_landholding,42,equal,17,0.3037,48
general-instruct,graft_proposed_loao_landholding,42,equal,18,0.3011,48
general-instruct,graft_proposed_loao_landholding,42,equal,19,0.3126,48
general-instruct,graft_proposed_loao_landholding,42,equal,20,0.2764,48
general-instruct,graft_proposed_loao_landholding,42,equal,21,0.2425,48
general-instruct,graft_proposed_loao_landholding,42,equal,22,0.2273,48
general-instruct,graft_proposed_loao_landholding,42,equal,23,0.2607,48
general-instruct,graft_proposed_loao_landholding,42,equal,24,0.2739,48
general-instruct,graft_proposed_loao_landholding,42,equal,25,0.2648,48
general-instruct,graft_proposed_loao_landholding,42,equal,26,0.4734,48
general-instruct,graft_proposed_loao_landholding,42,equal,27,0.5449,48
general-instruct,graft_proposed_loao_landholding,42,equal,28,0.5802,48
general-instruct,graft_proposed_loao_landholding,42,equal,29,0.7912,48
general-instruct,graft_proposed_loao_social_group,42,diff,0,0.2606,48
general-instruct,graft_proposed_loao_social_group,42,diff,1,0.2568,48
general-instruct,graft_proposed_loao_social_group,42,diff,2,0.2563,48
general-instruct,graft_proposed_loao_social_group,42,diff,3,0.2542,48
general-instruct,graft_proposed_loao_social_group,42,diff,4,0.2565,48
general-instruct,graft_proposed_loao_social_group,42,diff,5,0.2564,48
general-instruct,graft_proposed_loao_social_group,42,diff,6,0.2567,48
general-instruct,graft_proposed_loao_social_group,42,diff,7,0.2554,48
general-instruct,graft_proposed_loao_social_group,42,diff,8,0.2551,48
general-instruct,graft_proposed_loao_social_group,42,diff,9,0.2533,48
general-instruct,graft_proposed_loao_social_group,42,diff,10,0.2571,48
general-instruct,graft_proposed_loao_social_group,42,diff,11,0.2535,48
general-instruct,graft_proposed_loao_social_group,42,diff,12,0.2518,48
general-instruct,graft_proposed_loao_social_group,42,diff,13,0.2582,48
general-instruct,graft_proposed_loao_social_group,42,diff,14,0.2615,48
general-instruct,graft_proposed_loao_social_group,42,diff,15,0.2595,48
general-instruct,graft_proposed_loao_social_group,42,diff,16,0.2578,48
general-instruct,graft_proposed_loao_social_group,42,diff,17,0.2419,48
general-instruct,graft_proposed_loao_social_group,42,diff,18,0.2362,48
general-instruct,graft_proposed_loao_social_group,42,diff,19,0.2387,48
general-instruct,graft_proposed_loao_social_group,42,diff,20,0.2416,48
general-instruct,graft_proposed_loao_social_group,42,diff,21,0.2344,48
general-instruct,graft_proposed_loao_social_group,42,diff,22,0.2505,48
general-instruct,graft_proposed_loao_social_group,42,diff,23,0.2327,48
general-instruct,graft_proposed_loao_social_group,42,diff,24,0.205,48
general-instruct,graft_proposed_loao_social_group,42,diff,25,0.2198,48
general-instruct,graft_proposed_loao_social_group,42,diff,26,0.2077,48
general-instruct,graft_proposed_loao_social_group,42,diff,27,0.244,48
general-instruct,graft_proposed_loao_social_group,42,equal,0,0.2586,48
general-instruct,graft_proposed_loao_social_group,42,equal,1,0.2597,48
general-instruct,graft_proposed_loao_social_group,42,equal,2,0.2561,48
general-instruct,graft_proposed_loao_social_group,42,equal,3,0.2581,48
general-instruct,graft_proposed_loao_social_group,42,equal,4,0.2575,48
general-instruct,graft_proposed_loao_social_group,42,equal,5,0.2568,48
general-instruct,graft_proposed_loao_social_group,42,equal,6,0.257,48
general-instruct,graft_proposed_loao_social_group,42,equal,7,0.2557,48
general-instruct,graft_proposed_loao_social_group,42,equal,8,0.2531,48
general-instruct,graft_proposed_loao_social_group,42,equal,9,0.252,48
general-instruct,graft_proposed_loao_social_group,42,equal,10,0.2552,48
general-instruct,graft_proposed_loao_social_group,42,equal,11,0.2545,48
general-instruct,graft_proposed_loao_social_group,42,equal,12,0.2511,48
general-instruct,graft_proposed_loao_social_group,42,equal,13,0.2565,48
general-instruct,graft_proposed_loao_social_group,42,equal,14,0.2614,48
general-instruct,graft_proposed_loao_social_group,42,equal,15,0.2605,48
general-instruct,graft_proposed_loao_social_group,42,equal,16,0.2595,48
general-instruct,graft_proposed_loao_social_group,42,equal,17,0.2409,48
general-instruct,graft_proposed_loao_social_group,42,equal,18,0.2361,48
general-instruct,graft_proposed_loao_social_group,42,equal,19,0.2399,48
general-instruct,graft_proposed_loao_social_group,42,equal,20,0.2412,48
general-instruct,graft_proposed_loao_social_group,42,equal,21,0.243,48
general-instruct,graft_proposed_loao_social_group,42,equal,22,0.3165,48
general-instruct,graft_proposed_loao_social_group,42,equal,23,0.3325,48
general-instruct,graft_proposed_loao_social_group,42,equal,24,0.2896,48
general-instruct,graft_proposed_loao_social_group,42,equal,25,0.2844,48
general-instruct,graft_proposed_loao_social_group,42,equal,26,0.2987,48
general-instruct,graft_proposed_loao_social_group,42,equal,27,0.5486,48
general-instruct,graft_proposed_qlora_nf4,42,diff,0,0.2288,48
general-instruct,graft_proposed_qlora_nf4,42,diff,1,0.23,48
general-instruct,graft_proposed_qlora_nf4,42,diff,2,0.2289,48
general-instruct,graft_proposed_qlora_nf4,42,diff,3,0.2314,48
general-instruct,graft_proposed_qlora_nf4,42,diff,4,0.2286,48
general-instruct,graft_proposed_qlora_nf4,42,diff,5,0.2259,48
general-instruct,graft_proposed_qlora_nf4,42,diff,6,0.2253,48
general-instruct,graft_proposed_qlora_nf4,42,diff,7,0.2272,48
general-instruct,graft_proposed_qlora_nf4,42,diff,8,0.2298,48
general-instruct,graft_proposed_qlora_nf4,42,diff,9,0.2325,48
general-instruct,graft_proposed_qlora_nf4,42,diff,10,0.2351,48
general-instruct,graft_proposed_qlora_nf4,42,diff,11,0.2346,48
general-instruct,graft_proposed_qlora_nf4,42,diff,12,0.2362,48
general-instruct,graft_proposed_qlora_nf4,42,diff,13,0.241,48
general-instruct,graft_proposed_qlora_nf4,42,diff,14,0.2429,48
general-instruct,graft_proposed_qlora_nf4,42,diff,15,0.2398,48
general-instruct,graft_proposed_qlora_nf4,42,diff,16,0.2445,48
general-instruct,graft_proposed_qlora_nf4,42,diff,17,0.2444,48
general-instruct,graft_proposed_qlora_nf4,42,diff,18,0.2478,48
general-instruct,graft_proposed_qlora_nf4,42,diff,19,0.2406,48
general-instruct,graft_proposed_qlora_nf4,42,diff,20,0.2501,48
general-instruct,graft_proposed_qlora_nf4,42,diff,21,0.2571,48
general-instruct,graft_proposed_qlora_nf4,42,diff,22,0.2587,48
general-instruct,graft_proposed_qlora_nf4,42,diff,23,0.22,48
general-instruct,graft_proposed_qlora_nf4,42,diff,24,0.1908,48
general-instruct,graft_proposed_qlora_nf4,42,diff,25,0.1737,48
general-instruct,graft_proposed_qlora_nf4,42,diff,26,0.1416,48
general-instruct,graft_proposed_qlora_nf4,42,diff,27,0.1631,48
general-instruct,graft_proposed_qlora_nf4,42,diff,28,0.2138,48
general-instruct,graft_proposed_qlora_nf4,42,diff,29,0.0222,48
general-instruct,graft_proposed_qlora_nf4,42,equal,0,0.2315,48
general-instruct,graft_proposed_qlora_nf4,42,equal,1,0.2313,48
general-instruct,graft_proposed_qlora_nf4,42,equal,2,0.2318,48
general-instruct,graft_proposed_qlora_nf4,42,equal,3,0.2294,48
general-instruct,graft_proposed_qlora_nf4,42,equal,4,0.2273,48
general-instruct,graft_proposed_qlora_nf4,42,equal,5,0.229,48
general-instruct,graft_proposed_qlora_nf4,42,equal,6,0.2269,48
general-instruct,graft_proposed_qlora_nf4,42,equal,7,0.2281,48
general-instruct,graft_proposed_qlora_nf4,42,equal,8,0.2284,48
general-instruct,graft_proposed_qlora_nf4,42,equal,9,0.2297,48
general-instruct,graft_proposed_qlora_nf4,42,equal,10,0.2344,48
general-instruct,graft_proposed_qlora_nf4,42,equal,11,0.2357,48
general-instruct,graft_proposed_qlora_nf4,42,equal,12,0.237,48
general-instruct,graft_proposed_qlora_nf4,42,equal,13,0.2407,48
general-instruct,graft_proposed_qlora_nf4,42,equal,14,0.242,48
general-instruct,graft_proposed_qlora_nf4,42,equal,15,0.2402,48
general-instruct,graft_proposed_qlora_nf4,42,equal,16,0.2443,48
general-instruct,graft_proposed_qlora_nf4,42,equal,17,0.2413,48
general-instruct,graft_proposed_qlora_nf4,42,equal,18,0.2459,48
general-instruct,graft_proposed_qlora_nf4,42,equal,19,0.2392,48
general-instruct,graft_proposed_qlora_nf4,42,equal,20,0.241,48
general-instruct,graft_proposed_qlora_nf4,42,equal,21,0.2356,48
general-instruct,graft_proposed_qlora_nf4,42,equal,22,0.2483,48
general-instruct,graft_proposed_qlora_nf4,42,equal,23,0.2989,48
general-instruct,graft_proposed_qlora_nf4,42,equal,24,0.2607,48
general-instruct,graft_proposed_qlora_nf4,42,equal,25,0.2612,48
general-instruct,graft_proposed_qlora_nf4,42,equal,26,0.2656,48
general-instruct,graft_proposed_qlora_nf4,42,equal,27,0.3223,48
general-instruct,graft_proposed_qlora_nf4,42,equal,28,0.5152,48
general-instruct,graft_proposed_qlora_nf4,42,equal,29,0.8576,48
general-instruct,reference_vanilla_lora,42,diff,0,0.1456,48
general-instruct,reference_vanilla_lora,42,diff,1,0.146,48
general-instruct,reference_vanilla_lora,42,diff,2,0.1445,48
general-instruct,reference_vanilla_lora,42,diff,3,0.1438,48
general-instruct,reference_vanilla_lora,42,diff,4,0.143,48
general-instruct,reference_vanilla_lora,42,diff,5,0.1443,48
general-instruct,reference_vanilla_lora,42,diff,6,0.1426,48
general-instruct,reference_vanilla_lora,42,diff,7,0.1426,48
general-instruct,reference_vanilla_lora,42,diff,8,0.1458,48
general-instruct,reference_vanilla_lora,42,diff,9,0.147,48
general-instruct,reference_vanilla_lora,42,diff,10,0.1469,48
general-instruct,reference_vanilla_lora,42,diff,11,0.1526,48
general-instruct,reference_vanilla_lora,42,diff,12,0.1525,48
general-instruct,reference_vanilla_lora,42,diff,13,0.1511,48
general-instruct,reference_vanilla_lora,42,diff,14,0.1505,48
general-instruct,reference_vanilla_lora,42,diff,15,0.1493,48
general-instruct,reference_vanilla_lora,42,diff,16,0.1508,48
general-instruct,reference_vanilla_lora,42,diff,17,0.1474,48
general-instruct,reference_vanilla_lora,42,diff,18,0.1598,48
general-instruct,reference_vanilla_lora,42,diff,19,0.1634,48
general-instruct,reference_vanilla_lora,42,diff,20,0.1593,48
general-instruct,reference_vanilla_lora,42,diff,21,0.1661,48
general-instruct,reference_vanilla_lora,42,diff,22,0.1555,48
general-instruct,reference_vanilla_lora,42,diff,23,0.0702,48
general-instruct,reference_vanilla_lora,42,diff,24,0.0648,48
general-instruct,reference_vanilla_lora,42,diff,25,0.0619,48
general-instruct,reference_vanilla_lora,42,diff,26,0.0364,48
general-instruct,reference_vanilla_lora,42,diff,27,0.0373,48
general-instruct,reference_vanilla_lora,42,diff,28,0.0296,48
general-instruct,reference_vanilla_lora,42,diff,29,0.0115,48
general-instruct,reference_vanilla_lora,42,equal,0,0.1448,48
general-instruct,reference_vanilla_lora,42,equal,1,0.1453,48
general-instruct,reference_vanilla_lora,42,equal,2,0.1452,48
general-instruct,reference_vanilla_lora,42,equal,3,0.1446,48
general-instruct,reference_vanilla_lora,42,equal,4,0.1425,48
general-instruct,reference_vanilla_lora,42,equal,5,0.1445,48
general-instruct,reference_vanilla_lora,42,equal,6,0.1432,48
general-instruct,reference_vanilla_lora,42,equal,7,0.1454,48
general-instruct,reference_vanilla_lora,42,equal,8,0.1463,48
general-instruct,reference_vanilla_lora,42,equal,9,0.1465,48
general-instruct,reference_vanilla_lora,42,equal,10,0.147,48
general-instruct,reference_vanilla_lora,42,equal,11,0.1546,48
general-instruct,reference_vanilla_lora,42,equal,12,0.1528,48
general-instruct,reference_vanilla_lora,42,equal,13,0.1508,48
general-instruct,reference_vanilla_lora,42,equal,14,0.1503,48
general-instruct,reference_vanilla_lora,42,equal,15,0.148,48
general-instruct,reference_vanilla_lora,42,equal,16,0.1505,48
general-instruct,reference_vanilla_lora,42,equal,17,0.1449,48
general-instruct,reference_vanilla_lora,42,equal,18,0.1562,48
general-instruct,reference_vanilla_lora,42,equal,19,0.1623,48
general-instruct,reference_vanilla_lora,42,equal,20,0.1644,48
general-instruct,reference_vanilla_lora,42,equal,21,0.1785,48
general-instruct,reference_vanilla_lora,42,equal,22,0.2464,48
general-instruct,reference_vanilla_lora,42,equal,23,0.3151,48
general-instruct,reference_vanilla_lora,42,equal,24,0.1885,48
general-instruct,reference_vanilla_lora,42,equal,25,0.1949,48
general-instruct,reference_vanilla_lora,42,equal,26,0.049,48
general-instruct,reference_vanilla_lora,42,equal,27,0.1129,48
general-instruct,reference_vanilla_lora,42,equal,28,0.173,48
general-instruct,reference_vanilla_lora,42,equal,29,0.8693,48
general-instruct,reference_vanilla_lora_loao_gender,42,diff,0,0.0979,48
general-instruct,reference_vanilla_lora_loao_gender,42,diff,1,0.0987,48
general-instruct,reference_vanilla_lora_loao_gender,42,diff,2,0.0973,48
general-instruct,reference_vanilla_lora_loao_gender,42,diff,3,0.0967,48
general-instruct,reference_vanilla_lora_loao_gender,42,diff,4,0.096,48
general-instruct,reference_vanilla_lora_loao_gender,42,diff,5,0.0961,48
general-instruct,reference_vanilla_lora_loao_gender,42,diff,6,0.0973,48
general-instruct,reference_vanilla_lora_loao_gender,42,diff,7,0.0965,48
general-instruct,reference_vanilla_lora_loao_gender,42,diff,8,0.0944,48
general-instruct,reference_vanilla_lora_loao_gender,42,diff,9,0.094,48
general-instruct,reference_vanilla_lora_loao_gender,42,diff,10,0.0895,48
general-instruct,reference_vanilla_lora_loao_gender,42,diff,11,0.0941,48
general-instruct,reference_vanilla_lora_loao_gender,42,diff,12,0.0962,48
general-instruct,reference_vanilla_lora_loao_gender,42,diff,13,0.0925,48
general-instruct,reference_vanilla_lora_loao_gender,42,diff,14,0.0939,48
general-instruct,reference_vanilla_lora_loao_gender,42,diff,15,0.0919,48
general-instruct,reference_vanilla_lora_loao_gender,42,diff,16,0.0935,48
general-instruct,reference_vanilla_lora_loao_gender,42,diff,17,0.1046,48
general-instruct,reference_vanilla_lora_loao_gender,42,diff,18,0.1026,48
general-instruct,reference_vanilla_lora_loao_gender,42,diff,19,0.1123,48
general-instruct,reference_vanilla_lora_loao_gender,42,diff,20,0.0878,48
general-instruct,reference_vanilla_lora_loao_gender,42,diff,21,0.0872,48
general-instruct,reference_vanilla_lora_loao_gender,42,diff,22,0.0978,48
general-instruct,reference_vanilla_lora_loao_gender,42,diff,23,0.045,48
general-instruct,reference_vanilla_lora_loao_gender,42,diff,24,0.0318,48
general-instruct,reference_vanilla_lora_loao_gender,42,diff,25,0.0475,48
general-instruct,reference_vanilla_lora_loao_gender,42,diff,26,0.0287,48
general-instruct,reference_vanilla_lora_loao_gender,42,diff,27,0.0208,48
general-instruct,reference_vanilla_lora_loao_gender,42,diff,28,0.0059,48
general-instruct,reference_vanilla_lora_loao_gender,42,diff,29,0.0081,48
general-instruct,reference_vanilla_lora_loao_gender,42,equal,0,0.0992,48
general-instruct,reference_vanilla_lora_loao_gender,42,equal,1,0.0994,48
general-instruct,reference_vanilla_lora_loao_gender,42,equal,2,0.0984,48
general-instruct,reference_vanilla_lora_loao_gender,42,equal,3,0.0969,48
general-instruct,reference_vanilla_lora_loao_gender,42,equal,4,0.0961,48
general-instruct,reference_vanilla_lora_loao_gender,42,equal,5,0.0971,48
general-instruct,reference_vanilla_lora_loao_gender,42,equal,6,0.0974,48
general-instruct,reference_vanilla_lora_loao_gender,42,equal,7,0.0956,48
general-instruct,reference_vanilla_lora_loao_gender,42,equal,8,0.0947,48
general-instruct,reference_vanilla_lora_loao_gender,42,equal,9,0.0929,48
general-instruct,reference_vanilla_lora_loao_gender,42,equal,10,0.0901,48
general-instruct,reference_vanilla_lora_loao_gender,42,equal,11,0.0948,48
general-instruct,reference_vanilla_lora_loao_gender,42,equal,12,0.0962,48
general-instruct,reference_vanilla_lora_loao_gender,42,equal,13,0.092,48
general-instruct,reference_vanilla_lora_loao_gender,42,equal,14,0.0934,48
general-instruct,reference_vanilla_lora_loao_gender,42,equal,15,0.0921,48
general-instruct,reference_vanilla_lora_loao_gender,42,equal,16,0.092,48
general-instruct,reference_vanilla_lora_loao_gender,42,equal,17,0.1035,48
general-instruct,reference_vanilla_lora_loao_gender,42,equal,18,0.1022,48
general-instruct,reference_vanilla_lora_loao_gender,42,equal,19,0.1082,48
general-instruct,reference_vanilla_lora_loao_gender,42,equal,20,0.0899,48
general-instruct,reference_vanilla_lora_loao_gender,42,equal,21,0.0995,48
general-instruct,reference_vanilla_lora_loao_gender,42,equal,22,0.1218,48
general-instruct,reference_vanilla_lora_loao_gender,42,equal,23,0.0843,48
general-instruct,reference_vanilla_lora_loao_gender,42,equal,24,0.065,48
general-instruct,reference_vanilla_lora_loao_gender,42,equal,25,0.0507,48
general-instruct,reference_vanilla_lora_loao_gender,42,equal,26,0.0545,48
general-instruct,reference_vanilla_lora_loao_gender,42,equal,27,0.1328,48
general-instruct,reference_vanilla_lora_loao_gender,42,equal,28,0.3623,48
general-instruct,reference_vanilla_lora_loao_gender,42,equal,29,0.8151,48
general-instruct,reference_vanilla_lora_loao_landholding,42,diff,0,0.2074,48
general-instruct,reference_vanilla_lora_loao_landholding,42,diff,1,0.2086,48
general-instruct,reference_vanilla_lora_loao_landholding,42,diff,2,0.2042,48
general-instruct,reference_vanilla_lora_loao_landholding,42,diff,3,0.2087,48
general-instruct,reference_vanilla_lora_loao_landholding,42,diff,4,0.2069,48
general-instruct,reference_vanilla_lora_loao_landholding,42,diff,5,0.2028,48
general-instruct,reference_vanilla_lora_loao_landholding,42,diff,6,0.2046,48
general-instruct,reference_vanilla_lora_loao_landholding,42,diff,7,0.2049,48
general-instruct,reference_vanilla_lora_loao_landholding,42,diff,8,0.2112,48
general-instruct,reference_vanilla_lora_loao_landholding,42,diff,9,0.2057,48
general-instruct,reference_vanilla_lora_loao_landholding,42,diff,10,0.2316,48
general-instruct,reference_vanilla_lora_loao_landholding,42,diff,11,0.2298,48
general-instruct,reference_vanilla_lora_loao_landholding,42,diff,12,0.2422,48
general-instruct,reference_vanilla_lora_loao_landholding,42,diff,13,0.2557,48
general-instruct,reference_vanilla_lora_loao_landholding,42,diff,14,0.2435,48
general-instruct,reference_vanilla_lora_loao_landholding,42,diff,15,0.2377,48
general-instruct,reference_vanilla_lora_loao_landholding,42,diff,16,0.2383,48
general-instruct,reference_vanilla_lora_loao_landholding,42,diff,17,0.237,48
general-instruct,reference_vanilla_lora_loao_landholding,42,diff,18,0.271,48
general-instruct,reference_vanilla_lora_loao_landholding,42,diff,19,0.3115,48
general-instruct,reference_vanilla_lora_loao_landholding,42,diff,20,0.2521,48
general-instruct,reference_vanilla_lora_loao_landholding,42,diff,21,0.2711,48
general-instruct,reference_vanilla_lora_loao_landholding,42,diff,22,0.2461,48
general-instruct,reference_vanilla_lora_loao_landholding,42,diff,23,0.1066,48
general-instruct,reference_vanilla_lora_loao_landholding,42,diff,24,0.0905,48
general-instruct,reference_vanilla_lora_loao_landholding,42,diff,25,0.0869,48
general-instruct,reference_vanilla_lora_loao_landholding,42,diff,26,0.0472,48
general-instruct,reference_vanilla_lora_loao_landholding,42,diff,27,0.0443,48
general-instruct,reference_vanilla_lora_loao_landholding,42,diff,28,0.0402,48
general-instruct,reference_vanilla_lora_loao_landholding,42,diff,29,0.084,48
general-instruct,reference_vanilla_lora_loao_landholding,42,equal,0,0.2082,48
general-instruct,reference_vanilla_lora_loao_landholding,42,equal,1,0.2094,48
general-instruct,reference_vanilla_lora_loao_landholding,42,equal,2,0.2093,48
general-instruct,reference_vanilla_lora_loao_landholding,42,equal,3,0.2067,48
general-instruct,reference_vanilla_lora_loao_landholding,42,equal,4,0.2062,48
general-instruct,reference_vanilla_lora_loao_landholding,42,equal,5,0.2053,48
general-instruct,reference_vanilla_lora_loao_landholding,42,equal,6,0.2012,48
general-instruct,reference_vanilla_lora_loao_landholding,42,equal,7,0.2064,48
general-instruct,reference_vanilla_lora_loao_landholding,42,equal,8,0.2125,48
general-instruct,reference_vanilla_lora_loao_landholding,42,equal,9,0.2085,48
general-instruct,reference_vanilla_lora_loao_landholding,42,equal,10,0.2327,48
general-instruct,reference_vanilla_lora_loao_landholding,42,equal,11,0.2291,48
general-instruct,reference_vanilla_lora_loao_landholding,42,equal,12,0.2419,48
general-instruct,reference_vanilla_lora_loao_landholding,42,equal,13,0.2573,48
general-instruct,reference_vanilla_lora_loao_landholding,42,equal,14,0.2446,48
general-instruct,reference_vanilla_lora_loao_landholding,42,equal,15,0.2353,48
general-instruct,reference_vanilla_lora_loao_landholding,42,equal,16,0.2383,48
general-instruct,reference_vanilla_lora_loao_landholding,42,equal,17,0.2348,48
general-instruct,reference_vanilla_lora_loao_landholding,42,equal,18,0.2695,48
general-instruct,reference_vanilla_lora_loao_landholding,42,equal,19,0.3102,48
general-instruct,reference_vanilla_lora_loao_landholding,42,equal,20,0.2554,48
general-instruct,reference_vanilla_lora_loao_landholding,42,equal,21,0.2646,48
general-instruct,reference_vanilla_lora_loao_landholding,42,equal,22,0.3004,48
general-instruct,reference_vanilla_lora_loao_landholding,42,equal,23,0.2537,48
general-instruct,reference_vanilla_lora_loao_landholding,42,equal,24,0.1673,48
general-instruct,reference_vanilla_lora_loao_landholding,42,equal,25,0.1112,48
general-instruct,reference_vanilla_lora_loao_landholding,42,equal,26,0.088,48
general-instruct,reference_vanilla_lora_loao_landholding,42,equal,27,0.3018,48
general-instruct,reference_vanilla_lora_loao_landholding,42,equal,28,0.2865,48
general-instruct,reference_vanilla_lora_loao_landholding,42,equal,29,0.8549,48
general-instruct,reference_vanilla_lora_loao_social_group,42,diff,0,0.2077,48
general-instruct,reference_vanilla_lora_loao_social_group,42,diff,1,0.2071,48
general-instruct,reference_vanilla_lora_loao_social_group,42,diff,2,0.2067,48
general-instruct,reference_vanilla_lora_loao_social_group,42,diff,3,0.2092,48
general-instruct,reference_vanilla_lora_loao_social_group,42,diff,4,0.2116,48
general-instruct,reference_vanilla_lora_loao_social_group,42,diff,5,0.2093,48
general-instruct,reference_vanilla_lora_loao_social_group,42,diff,6,0.212,48
general-instruct,reference_vanilla_lora_loao_social_group,42,diff,7,0.2108,48
general-instruct,reference_vanilla_lora_loao_social_group,42,diff,8,0.2105,48
general-instruct,reference_vanilla_lora_loao_social_group,42,diff,9,0.2077,48
general-instruct,reference_vanilla_lora_loao_social_group,42,diff,10,0.2103,48
general-instruct,reference_vanilla_lora_loao_social_group,42,diff,11,0.2231,48
general-instruct,reference_vanilla_lora_loao_social_group,42,diff,12,0.2171,48
general-instruct,reference_vanilla_lora_loao_social_group,42,diff,13,0.2198,48
general-instruct,reference_vanilla_lora_loao_social_group,42,diff,14,0.2166,48
general-instruct,reference_vanilla_lora_loao_social_group,42,diff,15,0.2098,48
general-instruct,reference_vanilla_lora_loao_social_group,42,diff,16,0.2157,48
general-instruct,reference_vanilla_lora_loao_social_group,42,diff,17,0.2318,48
general-instruct,reference_vanilla_lora_loao_social_group,42,diff,18,0.2449,48
general-instruct,reference_vanilla_lora_loao_social_group,42,diff,19,0.2648,48
general-instruct,reference_vanilla_lora_loao_social_group,42,diff,20,0.2511,48
general-instruct,reference_vanilla_lora_loao_social_group,42,diff,21,0.1739,48
general-instruct,reference_vanilla_lora_loao_social_group,42,diff,22,0.1565,48
general-instruct,reference_vanilla_lora_loao_social_group,42,diff,23,0.1514,48
general-instruct,reference_vanilla_lora_loao_social_group,42,diff,24,0.1279,48
general-instruct,reference_vanilla_lora_loao_social_group,42,diff,25,0.1636,48
general-instruct,reference_vanilla_lora_loao_social_group,42,diff,26,0.1995,48
general-instruct,reference_vanilla_lora_loao_social_group,42,diff,27,0.2048,48
general-instruct,reference_vanilla_lora_loao_social_group,42,equal,0,0.2095,48
general-instruct,reference_vanilla_lora_loao_social_group,42,equal,1,0.2071,48
general-instruct,reference_vanilla_lora_loao_social_group,42,equal,2,0.2079,48
general-instruct,reference_vanilla_lora_loao_social_group,42,equal,3,0.2062,48
general-instruct,reference_vanilla_lora_loao_social_group,42,equal,4,0.2078,48
general-instruct,reference_vanilla_lora_loao_social_group,42,equal,5,0.2126,48
general-instruct,reference_vanilla_lora_loao_social_group,42,equal,6,0.2106,48
general-instruct,reference_vanilla_lora_loao_social_group,42,equal,7,0.2108,48
general-instruct,reference_vanilla_lora_loao_social_group,42,equal,8,0.2092,48
general-instruct,reference_vanilla_lora_loao_social_group,42,equal,9,0.2065,48
general-instruct,reference_vanilla_lora_loao_social_group,42,equal,10,0.2093,48
general-instruct,reference_vanilla_lora_loao_social_group,42,equal,11,0.2168,48
general-instruct,reference_vanilla_lora_loao_social_group,42,equal,12,0.2135,48
general-instruct,reference_vanilla_lora_loao_social_group,42,equal,13,0.2185,48
general-instruct,reference_vanilla_lora_loao_social_group,42,equal,14,0.2185,48
general-instruct,reference_vanilla_lora_loao_social_group,42,equal,15,0.2061,48
general-instruct,reference_vanilla_lora_loao_social_group,42,equal,16,0.2108,48
general-instruct,reference_vanilla_lora_loao_social_group,42,equal,17,0.232,48
general-instruct,reference_vanilla_lora_loao_social_group,42,equal,18,0.2425,48
general-instruct,reference_vanilla_lora_loao_social_group,42,equal,19,0.2653,48
general-instruct,reference_vanilla_lora_loao_social_group,42,equal,20,0.2405,48
general-instruct,reference_vanilla_lora_loao_social_group,42,equal,21,0.1595,48
general-instruct,reference_vanilla_lora_loao_social_group,42,equal,22,0.1531,48
general-instruct,reference_vanilla_lora_loao_social_group,42,equal,23,0.2834,48
general-instruct,reference_vanilla_lora_loao_social_group,42,equal,24,0.2659,48
general-instruct,reference_vanilla_lora_loao_social_group,42,equal,25,0.278,48
general-instruct,reference_vanilla_lora_loao_social_group,42,equal,26,0.5298,48
general-instruct,reference_vanilla_lora_loao_social_group,42,equal,27,0.7364,48
general-instruct,reference_vanilla_qlora,42,diff,0,0.1146,48
general-instruct,reference_vanilla_qlora,42,diff,1,0.1132,48
general-instruct,reference_vanilla_qlora,42,diff,2,0.1137,48
general-instruct,reference_vanilla_qlora,42,diff,3,0.1135,48
general-instruct,reference_vanilla_qlora,42,diff,4,0.1139,48
general-instruct,reference_vanilla_qlora,42,diff,5,0.111,48
general-instruct,reference_vanilla_qlora,42,diff,6,0.1119,48
general-instruct,reference_vanilla_qlora,42,diff,7,0.1119,48
general-instruct,reference_vanilla_qlora,42,diff,8,0.1117,48
general-instruct,reference_vanilla_qlora,42,diff,9,0.1119,48
general-instruct,reference_vanilla_qlora,42,diff,10,0.1105,48
general-instruct,reference_vanilla_qlora,42,diff,11,0.1099,48
general-instruct,reference_vanilla_qlora,42,diff,12,0.1092,48
general-instruct,reference_vanilla_qlora,42,diff,13,0.1069,48
general-instruct,reference_vanilla_qlora,42,diff,14,0.1069,48
general-instruct,reference_vanilla_qlora,42,diff,15,0.1014,48
general-instruct,reference_vanilla_qlora,42,diff,16,0.1125,48
general-instruct,reference_vanilla_qlora,42,diff,17,0.113,48
general-instruct,reference_vanilla_qlora,42,diff,18,0.1141,48
general-instruct,reference_vanilla_qlora,42,diff,19,0.1134,48
general-instruct,reference_vanilla_qlora,42,diff,20,0.1232,48
general-instruct,reference_vanilla_qlora,42,diff,21,0.1274,48
general-instruct,reference_vanilla_qlora,42,diff,22,0.1086,48
general-instruct,reference_vanilla_qlora,42,diff,23,0.0782,48
general-instruct,reference_vanilla_qlora,42,diff,24,0.0805,48
general-instruct,reference_vanilla_qlora,42,diff,25,0.0728,48
general-instruct,reference_vanilla_qlora,42,diff,26,0.0619,48
general-instruct,reference_vanilla_qlora,42,diff,27,0.0617,48
general-instruct,reference_vanilla_qlora,42,diff,28,0.0474,48
general-instruct,reference_vanilla_qlora,42,diff,29,0.0249,48
general-instruct,reference_vanilla_qlora,42,equal,0,0.1132,48
general-instruct,reference_vanilla_qlora,42,equal,1,0.115,48
general-instruct,reference_vanilla_qlora,42,equal,2,0.1123,48
general-instruct,reference_vanilla_qlora,42,equal,3,0.113,48
general-instruct,reference_vanilla_qlora,42,equal,4,0.1142,48
general-instruct,reference_vanilla_qlora,42,equal,5,0.1125,48
general-instruct,reference_vanilla_qlora,42,equal,6,0.1123,48
general-instruct,reference_vanilla_qlora,42,equal,7,0.1125,48
general-instruct,reference_vanilla_qlora,42,equal,8,0.1112,48
general-instruct,reference_vanilla_qlora,42,equal,9,0.1122,48
general-instruct,reference_vanilla_qlora,42,equal,10,0.1104,48
general-instruct,reference_vanilla_qlora,42,equal,11,0.1102,48
general-instruct,reference_vanilla_qlora,42,equal,12,0.1082,48
general-instruct,reference_vanilla_qlora,42,equal,13,0.1068,48
general-instruct,reference_vanilla_qlora,42,equal,14,0.106,48
general-instruct,reference_vanilla_qlora,42,equal,15,0.1023,48
general-instruct,reference_vanilla_qlora,42,equal,16,0.1124,48
general-instruct,reference_vanilla_qlora,42,equal,17,0.1116,48
general-instruct,reference_vanilla_qlora,42,equal,18,0.1106,48
general-instruct,reference_vanilla_qlora,42,equal,19,0.1164,48
general-instruct,reference_vanilla_qlora,42,equal,20,0.124,48
general-instruct,reference_vanilla_qlora,42,equal,21,0.1307,48
general-instruct,reference_vanilla_qlora,42,equal,22,0.1024,48
general-instruct,reference_vanilla_qlora,42,equal,23,0.1147,48
general-instruct,reference_vanilla_qlora,42,equal,24,0.0972,48
general-instruct,reference_vanilla_qlora,42,equal,25,0.0977,48
general-instruct,reference_vanilla_qlora,42,equal,26,0.1971,48
general-instruct,reference_vanilla_qlora,42,equal,27,0.3273,48
general-instruct,reference_vanilla_qlora,42,equal,28,0.6957,48
general-instruct,reference_vanilla_qlora,42,equal,29,0.8799,48
general-instruct-2,frozen_base,42,diff,0,0.2303,48
general-instruct-2,frozen_base,42,diff,1,0.2306,48
general-instruct-2,frozen_base,42,diff,2,0.231,48
general-instruct-2,frozen_base,42,diff,3,0.2316,48
general-instruct-2,frozen_base,42,diff,4,0.2316,48
general-instruct-2,frozen_base,42,diff,5,0.2344,48
general-instruct-2,frozen_base,42,diff,6,0.2408,48
general-instruct-2,frozen_base,42,diff,7,0.2384,48
general-instruct-2,frozen_base,42,diff,8,0.2381,48
general-instruct-2,frozen_base,42,diff,9,0.2471,48
general-instruct-2,frozen_base,42,diff,10,0.2458,48
general-instruct-2,frozen_base,42,diff,11,0.2436,48
general-instruct-2,frozen_base,42,diff,12,0.1872,48
general-instruct-2,frozen_base,42,diff,13,0.1963,48
general-instruct-2,frozen_base,42,diff,14,0.2091,48
general-instruct-2,frozen_base,42,diff,15,0.1123,48
general-instruct-2,frozen_base,42,diff,16,0.1335,48
general-instruct-2,frozen_base,42,diff,17,0.1561,48
general-instruct-2,frozen_base,42,equal,0,0.2308,48
general-instruct-2,frozen_base,42,equal,1,0.2308,48
general-instruct-2,frozen_base,42,equal,2,0.2295,48
general-instruct-2,frozen_base,42,equal,3,0.2313,48
general-instruct-2,frozen_base,42,equal,4,0.2327,48
general-instruct-2,frozen_base,42,equal,5,0.235,48
general-instruct-2,frozen_base,42,equal,6,0.2405,48
general-instruct-2,frozen_base,42,equal,7,0.2385,48
general-instruct-2,frozen_base,42,equal,8,0.2376,48
general-instruct-2,frozen_base,42,equal,9,0.2466,48
general-instruct-2,frozen_base,42,equal,10,0.2456,48
general-instruct-2,frozen_base,42,equal,11,0.2424,48
general-instruct-2,frozen_base,42,equal,12,0.1841,48
general-instruct-2,frozen_base,42,equal,13,0.1963,48
general-instruct-2,frozen_base,42,equal,14,0.1999,48
general-instruct-2,frozen_base,42,equal,15,0.1123,48
general-instruct-2,frozen_base,42,equal,16,0.1088,48
general-instruct-2,frozen_base,42,equal,17,0.178,48
general-instruct-2,baseline_dart,42,diff,0,0.244,48
general-instruct-2,baseline_dart,42,diff,1,0.241,48
general-instruct-2,baseline_dart,42,diff,2,0.2464,48
general-instruct-2,baseline_dart,42,diff,3,0.2414,48
general-instruct-2,baseline_dart,42,diff,4,0.246,48
general-instruct-2,baseline_dart,42,diff,5,0.2447,48
general-instruct-2,baseline_dart,42,diff,6,0.2452,48
general-instruct-2,baseline_dart,42,diff,7,0.2418,48
general-instruct-2,baseline_dart,42,diff,8,0.2409,48
general-instruct-2,baseline_dart,42,diff,9,0.244,48
general-instruct-2,baseline_dart,42,diff,10,0.2466,48
general-instruct-2,baseline_dart,42,diff,11,0.253,48
general-instruct-2,baseline_dart,42,diff,12,0.2525,48
general-instruct-2,baseline_dart,42,diff,13,0.2331,48
general-instruct-2,baseline_dart,42,diff,14,0.246,48
general-instruct-2,baseline_dart,42,diff,15,0.2016,48
general-instruct-2,baseline_dart,42,diff,16,0.2108,48
general-instruct-2,baseline_dart,42,diff,17,0.0376,48
general-instruct-2,baseline_dart,42,equal,0,0.2411,48
general-instruct-2,baseline_dart,42,equal,1,0.2418,48
general-instruct-2,baseline_dart,42,equal,2,0.2451,48
general-instruct-2,baseline_dart,42,equal,3,0.2416,48
general-instruct-2,baseline_dart,42,equal,4,0.2424,48
general-instruct-2,baseline_dart,42,equal,5,0.2446,48
general-instruct-2,baseline_dart,42,equal,6,0.2423,48
general-instruct-2,baseline_dart,42,equal,7,0.2442,48
general-instruct-2,baseline_dart,42,equal,8,0.242,48
general-instruct-2,baseline_dart,42,equal,9,0.2461,48
general-instruct-2,baseline_dart,42,equal,10,0.2474,48
general-instruct-2,baseline_dart,42,equal,11,0.2482,48
general-instruct-2,baseline_dart,42,equal,12,0.2433,48
general-instruct-2,baseline_dart,42,equal,13,0.2429,48
general-instruct-2,baseline_dart,42,equal,14,0.2277,48
general-instruct-2,baseline_dart,42,equal,15,0.1269,48
general-instruct-2,baseline_dart,42,equal,16,0.1655,48
general-instruct-2,baseline_dart,42,equal,17,0.7285,48
general-instruct-2,baseline_fairnet,42,diff,0,0.4408,48
general-instruct-2,baseline_fairnet,42,diff,1,0.4415,48
general-instruct-2,baseline_fairnet,42,diff,2,0.4408,48
general-instruct-2,baseline_fairnet,42,diff,3,0.437,48
general-instruct-2,baseline_fairnet,42,diff,4,0.4421,48
general-instruct-2,baseline_fairnet,42,diff,5,0.4399,48
general-instruct-2,baseline_fairnet,42,diff,6,0.4444,48
general-instruct-2,baseline_fairnet,42,diff,7,0.4407,48
general-instruct-2,baseline_fairnet,42,diff,8,0.4397,48
general-instruct-2,baseline_fairnet,42,diff,9,0.4391,48
general-instruct-2,baseline_fairnet,42,diff,10,0.4375,48
general-instruct-2,baseline_fairnet,42,diff,11,0.4378,48
general-instruct-2,baseline_fairnet,42,diff,12,0.4295,48
general-instruct-2,baseline_fairnet,42,diff,13,0.4356,48
general-instruct-2,baseline_fairnet,42,diff,14,0.4461,48
general-instruct-2,baseline_fairnet,42,diff,15,0.4454,48
general-instruct-2,baseline_fairnet,42,diff,16,0.5005,48
general-instruct-2,baseline_fairnet,42,diff,17,0.3938,48
general-instruct-2,baseline_fairnet,42,equal,0,0.4408,48
general-instruct-2,baseline_fairnet,42,equal,1,0.4408,48
general-instruct-2,baseline_fairnet,42,equal,2,0.4403,48
general-instruct-2,baseline_fairnet,42,equal,3,0.4359,48
general-instruct-2,baseline_fairnet,42,equal,4,0.4428,48
general-instruct-2,baseline_fairnet,42,equal,5,0.4383,48
general-instruct-2,baseline_fairnet,42,equal,6,0.4407,48
general-instruct-2,baseline_fairnet,42,equal,7,0.4423,48
general-instruct-2,baseline_fairnet,42,equal,8,0.4407,48
general-instruct-2,baseline_fairnet,42,equal,9,0.4387,48
general-instruct-2,baseline_fairnet,42,equal,10,0.4393,48
general-instruct-2,baseline_fairnet,42,equal,11,0.4373,48
general-instruct-2,baseline_fairnet,42,equal,12,0.4491,48
general-instruct-2,baseline_fairnet,42,equal,13,0.4838,48
general-instruct-2,baseline_fairnet,42,equal,14,0.5343,48
general-instruct-2,baseline_fairnet,42,equal,15,0.5126,48
general-instruct-2,baseline_fairnet,42,equal,16,0.5649,48
general-instruct-2,baseline_fairnet,42,equal,17,0.8321,48
general-instruct-2,baseline_igu_lora,42,diff,0,0.5872,48
general-instruct-2,baseline_igu_lora,42,diff,1,0.5857,48
general-instruct-2,baseline_igu_lora,42,diff,2,0.5859,48
general-instruct-2,baseline_igu_lora,42,diff,3,0.588,48
general-instruct-2,baseline_igu_lora,42,diff,4,0.5862,48
general-instruct-2,baseline_igu_lora,42,diff,5,0.5859,48
general-instruct-2,baseline_igu_lora,42,diff,6,0.5854,48
general-instruct-2,baseline_igu_lora,42,diff,7,0.5846,48
general-instruct-2,baseline_igu_lora,42,diff,8,0.5863,48
general-instruct-2,baseline_igu_lora,42,diff,9,0.5901,48
general-instruct-2,baseline_igu_lora,42,diff,10,0.5941,48
general-instruct-2,baseline_igu_lora,42,diff,11,0.6139,48
general-instruct-2,baseline_igu_lora,42,diff,12,0.6284,48
general-instruct-2,baseline_igu_lora,42,diff,13,0.6295,48
general-instruct-2,baseline_igu_lora,42,diff,14,0.6314,48
general-instruct-2,baseline_igu_lora,42,diff,15,0.6533,48
general-instruct-2,baseline_igu_lora,42,diff,16,0.7295,48
general-instruct-2,baseline_igu_lora,42,diff,17,0.2306,48
general-instruct-2,baseline_igu_lora,42,equal,0,0.5818,48
general-instruct-2,baseline_igu_lora,42,equal,1,0.5876,48
general-instruct-2,baseline_igu_lora,42,equal,2,0.5865,48
general-instruct-2,baseline_igu_lora,42,equal,3,0.5902,48
general-instruct-2,baseline_igu_lora,42,equal,4,0.5876,48
general-instruct-2,baseline_igu_lora,42,equal,5,0.588,48
general-instruct-2,baseline_igu_lora,42,equal,6,0.5866,48
general-instruct-2,baseline_igu_lora,42,equal,7,0.5899,48
general-instruct-2,baseline_igu_lora,42,equal,8,0.5879,48
general-instruct-2,baseline_igu_lora,42,equal,9,0.59,48
general-instruct-2,baseline_igu_lora,42,equal,10,0.6063,48
general-instruct-2,baseline_igu_lora,42,equal,11,0.6191,48
general-instruct-2,baseline_igu_lora,42,equal,12,0.6423,48
general-instruct-2,baseline_igu_lora,42,equal,13,0.6659,48
general-instruct-2,baseline_igu_lora,42,equal,14,0.7132,48
general-instruct-2,baseline_igu_lora,42,equal,15,0.7346,48
general-instruct-2,baseline_igu_lora,42,equal,16,0.7892,48
general-instruct-2,baseline_igu_lora,42,equal,17,0.9035,48
general-instruct-2,baseline_lftf,42,diff,0,0.2578,48
general-instruct-2,baseline_lftf,42,diff,1,0.26,48
general-instruct-2,baseline_lftf,42,diff,2,0.2553,48
general-instruct-2,baseline_lftf,42,diff,3,0.2606,48
general-instruct-2,baseline_lftf,42,diff,4,0.2634,48
general-instruct-2,baseline_lftf,42,diff,5,0.2654,48
general-instruct-2,baseline_lftf,42,diff,6,0.2732,48
general-instruct-2,baseline_lftf,42,diff,7,0.2711,48
general-instruct-2,baseline_lftf,42,diff,8,0.2665,48
general-instruct-2,baseline_lftf,42,diff,9,0.2655,48
general-instruct-2,baseline_lftf,42,diff,10,0.2528,48
general-instruct-2,baseline_lftf,42,diff,11,0.253,48
general-instruct-2,baseline_lftf,42,diff,12,0.2721,48
general-instruct-2,baseline_lftf,42,diff,13,0.2912,48
general-instruct-2,baseline_lftf,42,diff,14,0.5016,48
general-instruct-2,baseline_lftf,42,diff,15,0.243,48
general-instruct-2,baseline_lftf,42,diff,16,0.3898,48
general-instruct-2,baseline_lftf,42,diff,17,0.2862,48
general-instruct-2,baseline_lftf,42,equal,0,0.2583,48
general-instruct-2,baseline_lftf,42,equal,1,0.2595,48
general-instruct-2,baseline_lftf,42,equal,2,0.2555,48
general-instruct-2,baseline_lftf,42,equal,3,0.2611,48
general-instruct-2,baseline_lftf,42,equal,4,0.2646,48
general-instruct-2,baseline_lftf,42,equal,5,0.2649,48
general-instruct-2,baseline_lftf,42,equal,6,0.2739,48
general-instruct-2,baseline_lftf,42,equal,7,0.2714,48
general-instruct-2,baseline_lftf,42,equal,8,0.2667,48
general-instruct-2,baseline_lftf,42,equal,9,0.2635,48
general-instruct-2,baseline_lftf,42,equal,10,0.2516,48
general-instruct-2,baseline_lftf,42,equal,11,0.2523,48
general-instruct-2,baseline_lftf,42,equal,12,0.269,48
general-instruct-2,baseline_lftf,42,equal,13,0.2897,48
general-instruct-2,baseline_lftf,42,equal,14,0.5001,48
general-instruct-2,baseline_lftf,42,equal,15,0.2567,48
general-instruct-2,baseline_lftf,42,equal,16,0.4408,48
general-instruct-2,baseline_lftf,42,equal,17,0.4315,48
general-instruct-2,baseline_pedal,42,diff,0,0.3255,48
general-instruct-2,baseline_pedal,42,diff,1,0.3198,48
general-instruct-2,baseline_pedal,42,diff,2,0.3249,48
general-instruct-2,baseline_pedal,42,diff,3,0.3203,48
general-instruct-2,baseline_pedal,42,diff,4,0.325,48
general-instruct-2,baseline_pedal,42,diff,5,0.3343,48
general-instruct-2,baseline_pedal,42,diff,6,0.3325,48
general-instruct-2,baseline_pedal,42,diff,7,0.334,48
general-instruct-2,baseline_pedal,42,diff,8,0.3331,48
general-instruct-2,baseline_pedal,42,diff,9,0.3313,48
general-instruct-2,baseline_pedal,42,diff,10,0.3297,48
general-instruct-2,baseline_pedal,42,diff,11,0.3342,48
general-instruct-2,baseline_pedal,42,diff,12,0.3303,48
general-instruct-2,baseline_pedal,42,diff,13,0.3138,48
general-instruct-2,baseline_pedal,42,diff,14,0.2993,48
general-instruct-2,baseline_pedal,42,diff,15,0.3178,48
general-instruct-2,baseline_pedal,42,diff,16,0.3276,48
general-instruct-2,baseline_pedal,42,diff,17,0.0234,48
general-instruct-2,baseline_pedal,42,equal,0,0.3255,48
general-instruct-2,baseline_pedal,42,equal,1,0.32,48
general-instruct-2,baseline_pedal,42,equal,2,0.3249,48
general-instruct-2,baseline_pedal,42,equal,3,0.3229,48
general-instruct-2,baseline_pedal,42,equal,4,0.3267,48
general-instruct-2,baseline_pedal,42,equal,5,0.3363,48
general-instruct-2,baseline_pedal,42,equal,6,0.332,48
general-instruct-2,baseline_pedal,42,equal,7,0.3369,48
general-instruct-2,baseline_pedal,42,equal,8,0.3372,48
general-instruct-2,baseline_pedal,42,equal,9,0.3322,48
general-instruct-2,baseline_pedal,42,equal,10,0.3321,48
general-instruct-2,baseline_pedal,42,equal,11,0.3342,48
general-instruct-2,baseline_pedal,42,equal,12,0.3214,48
general-instruct-2,baseline_pedal,42,equal,13,0.2953,48
general-instruct-2,baseline_pedal,42,equal,14,0.2163,48
general-instruct-2,baseline_pedal,42,equal,15,0.1659,48
general-instruct-2,baseline_pedal,42,equal,16,0.1817,48
general-instruct-2,baseline_pedal,42,equal,17,0.8439,48
general-instruct-2,baseline_regift,42,diff,0,0.3588,48
general-instruct-2,baseline_regift,42,diff,1,0.3594,48
general-instruct-2,baseline_regift,42,diff,2,0.3578,48
general-instruct-2,baseline_regift,42,diff,3,0.3551,48
general-instruct-2,baseline_regift,42,diff,4,0.3606,48
general-instruct-2,baseline_regift,42,diff,5,0.3507,48
general-instruct-2,baseline_regift,42,diff,6,0.3512,48
general-instruct-2,baseline_regift,42,diff,7,0.3481,48
general-instruct-2,baseline_regift,42,diff,8,0.3434,48
general-instruct-2,baseline_regift,42,diff,9,0.338,48
general-instruct-2,baseline_regift,42,diff,10,0.3287,48
general-instruct-2,baseline_regift,42,diff,11,0.3165,48
general-instruct-2,baseline_regift,42,diff,12,0.2876,48
general-instruct-2,baseline_regift,42,diff,13,0.2957,48
general-instruct-2,baseline_regift,42,diff,14,0.2612,48
general-instruct-2,baseline_regift,42,diff,15,0.1137,48
general-instruct-2,baseline_regift,42,diff,16,0.1333,48
general-instruct-2,baseline_regift,42,diff,17,0.0238,48
general-instruct-2,baseline_regift,42,equal,0,0.3559,48
general-instruct-2,baseline_regift,42,equal,1,0.3569,48
general-instruct-2,baseline_regift,42,equal,2,0.3551,48
general-instruct-2,baseline_regift,42,equal,3,0.3563,48
general-instruct-2,baseline_regift,42,equal,4,0.361,48
general-instruct-2,baseline_regift,42,equal,5,0.3513,48
general-instruct-2,baseline_regift,42,equal,6,0.3477,48
general-instruct-2,baseline_regift,42,equal,7,0.3463,48
general-instruct-2,baseline_regift,42,equal,8,0.3451,48
general-instruct-2,baseline_regift,42,equal,9,0.3344,48
general-instruct-2,baseline_regift,42,equal,10,0.3277,48
general-instruct-2,baseline_regift,42,equal,11,0.3165,48
general-instruct-2,baseline_regift,42,equal,12,0.2967,48
general-instruct-2,baseline_regift,42,equal,13,0.3177,48
general-instruct-2,baseline_regift,42,equal,14,0.2465,48
general-instruct-2,baseline_regift,42,equal,15,0.1544,48
general-instruct-2,baseline_regift,42,equal,16,0.3203,48
general-instruct-2,baseline_regift,42,equal,17,0.8197,48
general-instruct-2,graft_proposed,42,diff,0,0.3109,48
general-instruct-2,graft_proposed,42,diff,1,0.3134,48
general-instruct-2,graft_proposed,42,diff,2,0.3092,48
general-instruct-2,graft_proposed,42,diff,3,0.3101,48
general-instruct-2,graft_proposed,42,diff,4,0.3029,48
general-instruct-2,graft_proposed,42,diff,5,0.3002,48
general-instruct-2,graft_proposed,42,diff,6,0.2992,48
general-instruct-2,graft_proposed,42,diff,7,0.2977,48
general-instruct-2,graft_proposed,42,diff,8,0.2898,48
general-instruct-2,graft_proposed,42,diff,9,0.2864,48
general-instruct-2,graft_proposed,42,diff,10,0.2888,48
general-instruct-2,graft_proposed,42,diff,11,0.2917,48
general-instruct-2,graft_proposed,42,diff,12,0.3556,48
general-instruct-2,graft_proposed,42,diff,13,0.3973,48
general-instruct-2,graft_proposed,42,diff,14,0.5693,48
general-instruct-2,graft_proposed,42,diff,15,0.4653,48
general-instruct-2,graft_proposed,42,diff,16,0.6063,48
general-instruct-2,graft_proposed,42,diff,17,0.1666,48
general-instruct-2,graft_proposed,42,equal,0,0.3159,48
general-instruct-2,graft_proposed,42,equal,1,0.3112,48
general-instruct-2,graft_proposed,42,equal,2,0.3145,48
general-instruct-2,graft_proposed,42,equal,3,0.3118,48
general-instruct-2,graft_proposed,42,equal,4,0.3054,48
general-instruct-2,graft_proposed,42,equal,5,0.3025,48
general-instruct-2,graft_proposed,42,equal,6,0.2987,48
general-instruct-2,graft_proposed,42,equal,7,0.2936,48
general-instruct-2,graft_proposed,42,equal,8,0.2901,48
general-instruct-2,graft_proposed,42,equal,9,0.2845,48
general-instruct-2,graft_proposed,42,equal,10,0.2785,48
general-instruct-2,graft_proposed,42,equal,11,0.2833,48
general-instruct-2,graft_proposed,42,equal,12,0.3696,48
general-instruct-2,graft_proposed,42,equal,13,0.4743,48
general-instruct-2,graft_proposed,42,equal,14,0.559,48
general-instruct-2,graft_proposed,42,equal,15,0.4926,48
general-instruct-2,graft_proposed,42,equal,16,0.8193,48
general-instruct-2,graft_proposed,42,equal,17,0.8631,48
general-instruct-2,graft_proposed_loao_gender,42,diff,0,0.3101,48
general-instruct-2,graft_proposed_loao_gender,42,diff,1,0.3049,48
general-instruct-2,graft_proposed_loao_gender,42,diff,2,0.3007,48
general-instruct-2,graft_proposed_loao_gender,42,diff,3,0.3071,48
general-instruct-2,graft_proposed_loao_gender,42,diff,4,0.3082,48
general-instruct-2,graft_proposed_loao_gender,42,diff,5,0.3104,48
general-instruct-2,graft_proposed_loao_gender,42,diff,6,0.3089,48
general-instruct-2,graft_proposed_loao_gender,42,diff,7,0.3061,48
general-instruct-2,graft_proposed_loao_gender,42,diff,8,0.2915,48
general-instruct-2,graft_proposed_loao_gender,42,diff,9,0.2928,48
general-instruct-2,graft_proposed_loao_gender,42,diff,10,0.2861,48
general-instruct-2,graft_proposed_loao_gender,42,diff,11,0.2728,48
general-instruct-2,graft_proposed_loao_gender,42,diff,12,0.2622,48
general-instruct-2,graft_proposed_loao_gender,42,diff,13,0.244,48
general-instruct-2,graft_proposed_loao_gender,42,diff,14,0.2399,48
general-instruct-2,graft_proposed_loao_gender,42,diff,15,0.2182,48
general-instruct-2,graft_proposed_loao_gender,42,diff,16,0.2802,48
general-instruct-2,graft_proposed_loao_gender,42,diff,17,0.2043,48
general-instruct-2,graft_proposed_loao_gender,42,equal,0,0.3094,48
general-instruct-2,graft_proposed_loao_gender,42,equal,1,0.305,48
general-instruct-2,graft_proposed_loao_gender,42,equal,2,0.2983,48
general-instruct-2,graft_proposed_loao_gender,42,equal,3,0.3053,48
general-instruct-2,graft_proposed_loao_gender,42,equal,4,0.3045,48
general-instruct-2,graft_proposed_loao_gender,42,equal,5,0.3094,48
general-instruct-2,graft_proposed_loao_gender,42,equal,6,0.3082,48
general-instruct-2,graft_proposed_loao_gender,42,equal,7,0.3073,48
general-instruct-2,graft_proposed_loao_gender,42,equal,8,0.2916,48
general-instruct-2,graft_proposed_loao_gender,42,equal,9,0.2966,48
general-instruct-2,graft_proposed_loao_gender,42,equal,10,0.2917,48
general-instruct-2,graft_proposed_loao_gender,42,equal,11,0.2791,48
general-instruct-2,graft_proposed_loao_gender,42,equal,12,0.2904,48
general-instruct-2,graft_proposed_loao_gender,42,equal,13,0.3175,48
general-instruct-2,graft_proposed_loao_gender,42,equal,14,0.2912,48
general-instruct-2,graft_proposed_loao_gender,42,equal,15,0.2954,48
general-instruct-2,graft_proposed_loao_gender,42,equal,16,0.4951,48
general-instruct-2,graft_proposed_loao_gender,42,equal,17,0.8022,48
general-instruct-2,graft_proposed_loao_landholding,42,diff,0,0.2745,48
general-instruct-2,graft_proposed_loao_landholding,42,diff,1,0.27,48
general-instruct-2,graft_proposed_loao_landholding,42,diff,2,0.2711,48
general-instruct-2,graft_proposed_loao_landholding,42,diff,3,0.2711,48
general-instruct-2,graft_proposed_loao_landholding,42,diff,4,0.2718,48
general-instruct-2,graft_proposed_loao_landholding,42,diff,5,0.2672,48
general-instruct-2,graft_proposed_loao_landholding,42,diff,6,0.2626,48
general-instruct-2,graft_proposed_loao_landholding,42,diff,7,0.2541,48
general-instruct-2,graft_proposed_loao_landholding,42,diff,8,0.2431,48
general-instruct-2,graft_proposed_loao_landholding,42,diff,9,0.2249,48
general-instruct-2,graft_proposed_loao_landholding,42,diff,10,0.2143,48
general-instruct-2,graft_proposed_loao_landholding,42,diff,11,0.2128,48
general-instruct-2,graft_proposed_loao_landholding,42,diff,12,0.2541,48
general-instruct-2,graft_proposed_loao_landholding,42,diff,13,0.2499,48
general-instruct-2,graft_proposed_loao_landholding,42,diff,14,0.2383,48
general-instruct-2,graft_proposed_loao_landholding,42,diff,15,0.2547,48
general-instruct-2,graft_proposed_loao_landholding,42,diff,16,0.2859,48
general-instruct-2,graft_proposed_loao_landholding,42,diff,17,0.2702,48
general-instruct-2,graft_proposed_loao_landholding,42,equal,0,0.2743,48
general-instruct-2,graft_proposed_loao_landholding,42,equal,1,0.2724,48
general-instruct-2,graft_proposed_loao_landholding,42,equal,2,0.2715,48
general-instruct-2,graft_proposed_loao_landholding,42,equal,3,0.2773,48
general-instruct-2,graft_proposed_loao_landholding,42,equal,4,0.2707,48
general-instruct-2,graft_proposed_loao_landholding,42,equal,5,0.2671,48
general-instruct-2,graft_proposed_loao_landholding,42,equal,6,0.2632,48
general-instruct-2,graft_proposed_loao_landholding,42,equal,7,0.2553,48
general-instruct-2,graft_proposed_loao_landholding,42,equal,8,0.2427,48
general-instruct-2,graft_proposed_loao_landholding,42,equal,9,0.2234,48
general-instruct-2,graft_proposed_loao_landholding,42,equal,10,0.2174,48
general-instruct-2,graft_proposed_loao_landholding,42,equal,11,0.2179,48
general-instruct-2,graft_proposed_loao_landholding,42,equal,12,0.2589,48
general-instruct-2,graft_proposed_loao_landholding,42,equal,13,0.2374,48
general-instruct-2,graft_proposed_loao_landholding,42,equal,14,0.2265,48
general-instruct-2,graft_proposed_loao_landholding,42,equal,15,0.1906,48
general-instruct-2,graft_proposed_loao_landholding,42,equal,16,0.3801,48
general-instruct-2,graft_proposed_loao_landholding,42,equal,17,0.8647,48
general-instruct-2,graft_proposed_loao_social_group,42,diff,0,0.2235,48
general-instruct-2,graft_proposed_loao_social_group,42,diff,1,0.2284,48
general-instruct-2,graft_proposed_loao_social_group,42,diff,2,0.2257,48
general-instruct-2,graft_proposed_loao_social_group,42,diff,3,0.2211,48
general-instruct-2,graft_proposed_loao_social_group,42,diff,4,0.2216,48
general-instruct-2,graft_proposed_loao_social_group,42,diff,5,0.2211,48
general-instruct-2,graft_proposed_loao_social_group,42,diff,6,0.2235,48
general-instruct-2,graft_proposed_loao_social_group,42,diff,7,0.2192,48
general-instruct-2,graft_proposed_loao_social_group,42,diff,8,0.2178,48
general-instruct-2,graft_proposed_loao_social_group,42,diff,9,0.2111,48
general-instruct-2,graft_proposed_loao_social_group,42,diff,10,0.2049,48
general-instruct-2,graft_proposed_loao_social_group,42,diff,11,0.1991,48
general-instruct-2,graft_proposed_loao_social_group,42,diff,12,0.1865,48
general-instruct-2,graft_proposed_loao_social_group,42,diff,13,0.1697,48
general-instruct-2,graft_proposed_loao_social_group,42,diff,14,0.2292,48
general-instruct-2,graft_proposed_loao_social_group,42,diff,15,0.1648,48
general-instruct-2,graft_proposed_loao_social_group,42,diff,16,0.1864,48
general-instruct-2,graft_proposed_loao_social_group,42,diff,17,0.0769,48
general-instruct-2,graft_proposed_loao_social_group,42,equal,0,0.2258,48
general-instruct-2,graft_proposed_loao_social_group,42,equal,1,0.2268,48
general-instruct-2,graft_proposed_loao_social_group,42,equal,2,0.2238,48
general-instruct-2,graft_proposed_loao_social_group,42,equal,3,0.2236,48
general-instruct-2,graft_proposed_loao_social_group,42,equal,4,0.2216,48
general-instruct-2,graft_proposed_loao_social_group,42,equal,5,0.2183,48
general-instruct-2,graft_proposed_loao_social_group,42,equal,6,0.2228,48
general-instruct-2,graft_proposed_loao_social_group,42,equal,7,0.2182,48
general-instruct-2,graft_proposed_loao_social_group,42,equal,8,0.2176,48
general-instruct-2,graft_proposed_loao_social_group,42,equal,9,0.2139,48
general-instruct-2,graft_proposed_loao_social_group,42,equal,10,0.2038,48
general-instruct-2,graft_proposed_loao_social_group,42,equal,11,0.1995,48
general-instruct-2,graft_proposed_loao_social_group,42,equal,12,0.1929,48
general-instruct-2,graft_proposed_loao_social_group,42,equal,13,0.1833,48
general-instruct-2,graft_proposed_loao_social_group,42,equal,14,0.2222,48
general-instruct-2,graft_proposed_loao_social_group,42,equal,15,0.1968,48
general-instruct-2,graft_proposed_loao_social_group,42,equal,16,0.4191,48
general-instruct-2,graft_proposed_loao_social_group,42,equal,17,0.7336,48
general-instruct-2,graft_proposed_qlora_nf4,42,diff,0,0.2337,48
general-instruct-2,graft_proposed_qlora_nf4,42,diff,1,0.2315,48
general-instruct-2,graft_proposed_qlora_nf4,42,diff,2,0.2324,48
general-instruct-2,graft_proposed_qlora_nf4,42,diff,3,0.2315,48
general-instruct-2,graft_proposed_qlora_nf4,42,diff,4,0.2317,48
general-instruct-2,graft_proposed_qlora_nf4,42,diff,5,0.2297,48
general-instruct-2,graft_proposed_qlora_nf4,42,diff,6,0.2376,48
general-instruct-2,graft_proposed_qlora_nf4,42,diff,7,0.2334,48
general-instruct-2,graft_proposed_qlora_nf4,42,diff,8,0.2266,48
general-instruct-2,graft_proposed_qlora_nf4,42,diff,9,0.2267,48
general-instruct-2,graft_proposed_qlora_nf4,42,diff,10,0.2436,48
general-instruct-2,graft_proposed_qlora_nf4,42,diff,11,0.2274,48
general-instruct-2,graft_proposed_qlora_nf4,42,diff,12,0.3106,48
general-instruct-2,graft_proposed_qlora_nf4,42,diff,13,0.3602,48
general-instruct-2,graft_proposed_qlora_nf4,42,diff,14,0.407,48
general-instruct-2,graft_proposed_qlora_nf4,42,diff,15,0.3538,48
general-instruct-2,graft_proposed_qlora_nf4,42,diff,16,0.4437,48
general-instruct-2,graft_proposed_qlora_nf4,42,diff,17,0.0728,48
general-instruct-2,graft_proposed_qlora_nf4,42,equal,0,0.233,48
general-instruct-2,graft_proposed_qlora_nf4,42,equal,1,0.2325,48
general-instruct-2,graft_proposed_qlora_nf4,42,equal,2,0.2316,48
general-instruct-2,graft_proposed_qlora_nf4,42,equal,3,0.2328,48
general-instruct-2,graft_proposed_qlora_nf4,42,equal,4,0.2332,48
general-instruct-2,graft_proposed_qlora_nf4,42,equal,5,0.2298,48
general-instruct-2,graft_proposed_qlora_nf4,42,equal,6,0.2394,48
general-instruct-2,graft_proposed_qlora_nf4,42,equal,7,0.2375,48
general-instruct-2,graft_proposed_qlora_nf4,42,equal,8,0.2374,48
general-instruct-2,graft_proposed_qlora_nf4,42,equal,9,0.2339,48
general-instruct-2,graft_proposed_qlora_nf4,42,equal,10,0.252,48
general-instruct-2,graft_proposed_qlora_nf4,42,equal,11,0.2355,48
general-instruct-2,graft_proposed_qlora_nf4,42,equal,12,0.3282,48
general-instruct-2,graft_proposed_qlora_nf4,42,equal,13,0.3949,48
general-instruct-2,graft_proposed_qlora_nf4,42,equal,14,0.4959,48
general-instruct-2,graft_proposed_qlora_nf4,42,equal,15,0.3901,48
general-instruct-2,graft_proposed_qlora_nf4,42,equal,16,0.699,48
general-instruct-2,graft_proposed_qlora_nf4,42,equal,17,0.8769,48
general-instruct-2,reference_vanilla_lora,42,diff,0,0.3898,48
general-instruct-2,reference_vanilla_lora,42,diff,1,0.3933,48
general-instruct-2,reference_vanilla_lora,42,diff,2,0.3885,48
general-instruct-2,reference_vanilla_lora,42,diff,3,0.3928,48
general-instruct-2,reference_vanilla_lora,42,diff,4,0.3944,48
general-instruct-2,reference_vanilla_lora,42,diff,5,0.392,48
general-instruct-2,reference_vanilla_lora,42,diff,6,0.3869,48
general-instruct-2,reference_vanilla_lora,42,diff,7,0.403,48
general-instruct-2,reference_vanilla_lora,42,diff,8,0.4027,48
general-instruct-2,reference_vanilla_lora,42,diff,9,0.4061,48
general-instruct-2,reference_vanilla_lora,42,diff,10,0.409,48
general-instruct-2,reference_vanilla_lora,42,diff,11,0.4129,48
general-instruct-2,reference_vanilla_lora,42,diff,12,0.4193,48
general-instruct-2,reference_vanilla_lora,42,diff,13,0.3945,48
general-instruct-2,reference_vanilla_lora,42,diff,14,0.4123,48
general-instruct-2,reference_vanilla_lora,42,diff,15,0.4382,48
general-instruct-2,reference_vanilla_lora,42,diff,16,0.5247,48
general-instruct-2,reference_vanilla_lora,42,diff,17,0.0344,48
general-instruct-2,reference_vanilla_lora,42,equal,0,0.3906,48
general-instruct-2,reference_vanilla_lora,42,equal,1,0.3914,48
general-instruct-2,reference_vanilla_lora,42,equal,2,0.3924,48
general-instruct-2,reference_vanilla_lora,42,equal,3,0.394,48
general-instruct-2,reference_vanilla_lora,42,equal,4,0.394,48
general-instruct-2,reference_vanilla_lora,42,equal,5,0.3932,48
general-instruct-2,reference_vanilla_lora,42,equal,6,0.3893,48
general-instruct-2,reference_vanilla_lora,42,equal,7,0.4007,48
general-instruct-2,reference_vanilla_lora,42,equal,8,0.398,48
general-instruct-2,reference_vanilla_lora,42,equal,9,0.4084,48
general-instruct-2,reference_vanilla_lora,42,equal,10,0.4025,48
general-instruct-2,reference_vanilla_lora,42,equal,11,0.4026,48
general-instruct-2,reference_vanilla_lora,42,equal,12,0.4079,48
general-instruct-2,reference_vanilla_lora,42,equal,13,0.4332,48
general-instruct-2,reference_vanilla_lora,42,equal,14,0.4587,48
general-instruct-2,reference_vanilla_lora,42,equal,15,0.3878,48
general-instruct-2,reference_vanilla_lora,42,equal,16,0.6682,48
general-instruct-2,reference_vanilla_lora,42,equal,17,0.8562,48
general-instruct-2,reference_vanilla_lora_loao_gender,42,diff,0,0.362,48
general-instruct-2,reference_vanilla_lora_loao_gender,42,diff,1,0.3638,48
general-instruct-2,reference_vanilla_lora_loao_gender,42,diff,2,0.3637,48
general-instruct-2,reference_vanilla_lora_loao_gender,42,diff,3,0.3658,48
general-instruct-2,reference_vanilla_lora_loao_gender,42,diff,4,0.3674,48
general-instruct-2,reference_vanilla_lora_loao_gender,42,diff,5,0.372,48
general-instruct-2,reference_vanilla_lora_loao_gender,42,diff,6,0.3735,48
general-instruct-2,reference_vanilla_lora_loao_gender,42,diff,7,0.3784,48
general-instruct-2,reference_vanilla_lora_loao_gender,42,diff,8,0.3665,48
general-instruct-2,reference_vanilla_lora_loao_gender,42,diff,9,0.3547,48
general-instruct-2,reference_vanilla_lora_loao_gender,42,diff,10,0.3446,48
general-instruct-2,reference_vanilla_lora_loao_gender,42,diff,11,0.3388,48
general-instruct-2,reference_vanilla_lora_loao_gender,42,diff,12,0.3273,48
general-instruct-2,reference_vanilla_lora_loao_gender,42,diff,13,0.3407,48
general-instruct-2,reference_vanilla_lora_loao_gender,42,diff,14,0.3269,48
general-instruct-2,reference_vanilla_lora_loao_gender,42,diff,15,0.2851,48
general-instruct-2,reference_vanilla_lora_loao_gender,42,diff,16,0.2522,48
general-instruct-2,reference_vanilla_lora_loao_gender,42,diff,17,0.1512,48
general-instruct-2,reference_vanilla_lora_loao_gender,42,equal,0,0.3623,48
general-instruct-2,reference_vanilla_lora_loao_gender,42,equal,1,0.3631,48
general-instruct-2,reference_vanilla_lora_loao_gender,42,equal,2,0.3642,48
general-instruct-2,reference_vanilla_lora_loao_gender,42,equal,3,0.366,48
general-instruct-2,reference_vanilla_lora_loao_gender,42,equal,4,0.3662,48
general-instruct-2,reference_vanilla_lora_loao_gender,42,equal,5,0.3711,48
general-instruct-2,reference_vanilla_lora_loao_gender,42,equal,6,0.3731,48
general-instruct-2,reference_vanilla_lora_loao_gender,42,equal,7,0.38,48
general-instruct-2,reference_vanilla_lora_loao_gender,42,equal,8,0.366,48
general-instruct-2,reference_vanilla_lora_loao_gender,42,equal,9,0.3559,48
general-instruct-2,reference_vanilla_lora_loao_gender,42,equal,10,0.3443,48
general-instruct-2,reference_vanilla_lora_loao_gender,42,equal,11,0.339,48
general-instruct-2,reference_vanilla_lora_loao_gender,42,equal,12,0.3284,48
general-instruct-2,reference_vanilla_lora_loao_gender,42,equal,13,0.3427,48
general-instruct-2,reference_vanilla_lora_loao_gender,42,equal,14,0.319,48
general-instruct-2,reference_vanilla_lora_loao_gender,42,equal,15,0.2905,48
general-instruct-2,reference_vanilla_lora_loao_gender,42,equal,16,0.4847,48
general-instruct-2,reference_vanilla_lora_loao_gender,42,equal,17,0.8093,48
general-instruct-2,reference_vanilla_lora_loao_landholding,42,diff,0,0.3338,48
general-instruct-2,reference_vanilla_lora_loao_landholding,42,diff,1,0.3363,48
general-instruct-2,reference_vanilla_lora_loao_landholding,42,diff,2,0.3338,48
general-instruct-2,reference_vanilla_lora_loao_landholding,42,diff,3,0.339,48
general-instruct-2,reference_vanilla_lora_loao_landholding,42,diff,4,0.3387,48
general-instruct-2,reference_vanilla_lora_loao_landholding,42,diff,5,0.3361,48
general-instruct-2,reference_vanilla_lora_loao_landholding,42,diff,6,0.3311,48
general-instruct-2,reference_vanilla_lora_loao_landholding,42,diff,7,0.3333,48
general-instruct-2,reference_vanilla_lora_loao_landholding,42,diff,8,0.324,48
general-instruct-2,reference_vanilla_lora_loao_landholding,42,diff,9,0.328,48
general-instruct-2,reference_vanilla_lora_loao_landholding,42,diff,10,0.324,48
general-instruct-2,reference_vanilla_lora_loao_landholding,42,diff,11,0.3222,48
general-instruct-2,reference_vanilla_lora_loao_landholding,42,diff,12,0.316,48
general-instruct-2,reference_vanilla_lora_loao_landholding,42,diff,13,0.3519,48
general-instruct-2,reference_vanilla_lora_loao_landholding,42,diff,14,0.3232,48
general-instruct-2,reference_vanilla_lora_loao_landholding,42,diff,15,0.226,48
general-instruct-2,reference_vanilla_lora_loao_landholding,42,diff,16,0.3291,48
general-instruct-2,reference_vanilla_lora_loao_landholding,42,diff,17,0.1463,48
general-instruct-2,reference_vanilla_lora_loao_landholding,42,equal,0,0.3351,48
general-instruct-2,reference_vanilla_lora_loao_landholding,42,equal,1,0.3365,48
general-instruct-2,reference_vanilla_lora_loao_landholding,42,equal,2,0.3328,48
general-instruct-2,reference_vanilla_lora_loao_landholding,42,equal,3,0.34,48
general-instruct-2,reference_vanilla_lora_loao_landholding,42,equal,4,0.3377,48
general-instruct-2,reference_vanilla_lora_loao_landholding,42,equal,5,0.3354,48
general-instruct-2,reference_vanilla_lora_loao_landholding,42,equal,6,0.3307,48
general-instruct-2,reference_vanilla_lora_loao_landholding,42,equal,7,0.3346,48
general-instruct-2,reference_vanilla_lora_loao_landholding,42,equal,8,0.3231,48
general-instruct-2,reference_vanilla_lora_loao_landholding,42,equal,9,0.3277,48
general-instruct-2,reference_vanilla_lora_loao_landholding,42,equal,10,0.3239,48
general-instruct-2,reference_vanilla_lora_loao_landholding,42,equal,11,0.321,48
general-instruct-2,reference_vanilla_lora_loao_landholding,42,equal,12,0.3102,48
general-instruct-2,reference_vanilla_lora_loao_landholding,42,equal,13,0.3412,48
general-instruct-2,reference_vanilla_lora_loao_landholding,42,equal,14,0.3435,48
general-instruct-2,reference_vanilla_lora_loao_landholding,42,equal,15,0.2589,48
general-instruct-2,reference_vanilla_lora_loao_landholding,42,equal,16,0.6341,48
general-instruct-2,reference_vanilla_lora_loao_landholding,42,equal,17,0.8382,48
general-instruct-2,reference_vanilla_lora_loao_social_group,42,diff,0,0.2888,48
general-instruct-2,reference_vanilla_lora_loao_social_group,42,diff,1,0.2876,48
general-instruct-2,reference_vanilla_lora_loao_social_group,42,diff,2,0.2864,48
general-instruct-2,reference_vanilla_lora_loao_social_group,42,diff,3,0.2913,48
general-instruct-2,reference_vanilla_lora_loao_social_group,42,diff,4,0.288,48
general-instruct-2,reference_vanilla_lora_loao_social_group,42,diff,5,0.2883,48
general-instruct-2,reference_vanilla_lora_loao_social_group,42,diff,6,0.2922,48
general-instruct-2,reference_vanilla_lora_loao_social_group,42,diff,7,0.2967,48
general-instruct-2,reference_vanilla_lora_loao_social_group,42,diff,8,0.2855,48
general-instruct-2,reference_vanilla_lora_loao_social_group,42,diff,9,0.2783,48
general-instruct-2,reference_vanilla_lora_loao_social_group,42,diff,10,0.2824,48
general-instruct-2,reference_vanilla_lora_loao_social_group,42,diff,11,0.2785,48
general-instruct-2,reference_vanilla_lora_loao_social_group,42,diff,12,0.2618,48
general-instruct-2,reference_vanilla_lora_loao_social_group,42,diff,13,0.2791,48
general-instruct-2,reference_vanilla_lora_loao_social_group,42,diff,14,0.2552,48
general-instruct-2,reference_vanilla_lora_loao_social_group,42,diff,15,0.1409,48
general-instruct-2,reference_vanilla_lora_loao_social_group,42,diff,16,0.2576,48
general-instruct-2,reference_vanilla_lora_loao_social_group,42,diff,17,0.3167,48
general-instruct-2,reference_vanilla_lora_loao_social_group,42,equal,0,0.29,48
general-instruct-2,reference_vanilla_lora_loao_social_group,42,equal,1,0.2863,48
general-instruct-2,reference_vanilla_lora_loao_social_group,42,equal,2,0.2875,48
general-instruct-2,reference_vanilla_lora_loao_social_group,42,equal,3,0.2897,48
general-instruct-2,reference_vanilla_lora_loao_social_group,42,equal,4,0.2877,48
general-instruct-2,reference_vanilla_lora_loao_social_group,42,equal,5,0.289,48
general-instruct-2,reference_vanilla_lora_loao_social_group,42,equal,6,0.2927,48
general-instruct-2,reference_vanilla_lora_loao_social_group,42,equal,7,0.2949,48
general-instruct-2,reference_vanilla_lora_loao_social_group,42,equal,8,0.2847,48
general-instruct-2,reference_vanilla_lora_loao_social_group,42,equal,9,0.2785,48
general-instruct-2,reference_vanilla_lora_loao_social_group,42,equal,10,0.2841,48
general-instruct-2,reference_vanilla_lora_loao_social_group,42,equal,11,0.2835,48
general-instruct-2,reference_vanilla_lora_loao_social_group,42,equal,12,0.2612,48
general-instruct-2,reference_vanilla_lora_loao_social_group,42,equal,13,0.2805,48
general-instruct-2,reference_vanilla_lora_loao_social_group,42,equal,14,0.2561,48
general-instruct-2,reference_vanilla_lora_loao_social_group,42,equal,15,0.1819,48
general-instruct-2,reference_vanilla_lora_loao_social_group,42,equal,16,0.563,48
general-instruct-2,reference_vanilla_lora_loao_social_group,42,equal,17,0.8244,48
general-instruct-2,reference_vanilla_qlora,42,diff,0,0.4469,48
general-instruct-2,reference_vanilla_qlora,42,diff,1,0.4476,48
general-instruct-2,reference_vanilla_qlora,42,diff,2,0.4529,48
general-instruct-2,reference_vanilla_qlora,42,diff,3,0.443,48
general-instruct-2,reference_vanilla_qlora,42,diff,4,0.4454,48
general-instruct-2,reference_vanilla_qlora,42,diff,5,0.4611,48
general-instruct-2,reference_vanilla_qlora,42,diff,6,0.4566,48
general-instruct-2,reference_vanilla_qlora,42,diff,7,0.451,48
general-instruct-2,reference_vanilla_qlora,42,diff,8,0.4604,48
general-instruct-2,reference_vanilla_qlora,42,diff,9,0.4519,48
general-instruct-2,reference_vanilla_qlora,42,diff,10,0.463,48
general-instruct-2,reference_vanilla_qlora,42,diff,11,0.4614,48
general-instruct-2,reference_vanilla_qlora,42,diff,12,0.4896,48
general-instruct-2,reference_vanilla_qlora,42,diff,13,0.4959,48
general-instruct-2,reference_vanilla_qlora,42,diff,14,0.5714,48
general-instruct-2,reference_vanilla_qlora,42,diff,15,0.5699,48
general-instruct-2,reference_vanilla_qlora,42,diff,16,0.7155,48
general-instruct-2,reference_vanilla_qlora,42,diff,17,0.1097,48
general-instruct-2,reference_vanilla_qlora,42,equal,0,0.4426,48
general-instruct-2,reference_vanilla_qlora,42,equal,1,0.4441,48
general-instruct-2,reference_vanilla_qlora,42,equal,2,0.4459,48
general-instruct-2,reference_vanilla_qlora,42,equal,3,0.442,48
general-instruct-2,reference_vanilla_qlora,42,equal,4,0.4439,48
general-instruct-2,reference_vanilla_qlora,42,equal,5,0.4583,48
general-instruct-2,reference_vanilla_qlora,42,equal,6,0.4532,48
general-instruct-2,reference_vanilla_qlora,42,equal,7,0.4557,48
general-instruct-2,reference_vanilla_qlora,42,equal,8,0.4501,48
general-instruct-2,reference_vanilla_qlora,42,equal,9,0.4601,48
general-instruct-2,reference_vanilla_qlora,42,equal,10,0.4623,48
general-instruct-2,reference_vanilla_qlora,42,equal,11,0.464,48
general-instruct-2,reference_vanilla_qlora,42,equal,12,0.4926,48
general-instruct-2,reference_vanilla_qlora,42,equal,13,0.5064,48
general-instruct-2,reference_vanilla_qlora,42,equal,14,0.5729,48
general-instruct-2,reference_vanilla_qlora,42,equal,15,0.7483,48
general-instruct-2,reference_vanilla_qlora,42,equal,16,0.8473,48
general-instruct-2,reference_vanilla_qlora,42,equal,17,0.9388,48
