tier,hf_id,parameter_count_billions,method,base_method,held_out_axis,random_seed,scope,category,form,attention_implementation_used,model_class_used,model_revision_hash,quantization_setting,number_of_items,overall_accuracy,accuracy_on_diff_condition,accuracy_on_equal_condition,balanced_awareness_score_harmonic_mean_of_diff_and_equal_accuracy,diff_minus_equal_accuracy_gap,difference_aware_metric_wang_2025_recall_style,contextual_awareness_metric_wang_2025_precision_style,capability_retention_accuracy_on_external_probe,capability_probe_source_name,gap_erasure_rate_on_diff_items,gap_fabrication_rate_on_equal_items,failure_polarity_index_positive_means_gap_erasure,dominant_failure_polarity_label,identity_swap_unlicensed_flip_rate,identity_swap_invariance_rate_on_equal_items,identity_swap_equivariance_rate_on_diff_items,option_rotation_mean_accuracy,option_rotation_canonical_consistency_rate,option_rotation_position_following_rate,rationale_bleu4_against_reference,rationale_rouge_l_against_reference,rationale_census_cell_citation_preservation_rate,rationale_factual_correctness_score_one_to_five_via_judge,trainable_parameter_percentage,json_parse_failure_rate_percent,answers_recovered_by_judge,answers_left_unresolved,api_judge_model_string
small-instruct,meta-llama/Llama-3.2-3B-Instruct,3.2,frozen_base,frozen_base,,42,agrifacts_frozen_test|axis:gender,gender,all,flash_attention_2,AutoModelForCausalLM,0cb88a4f764b7a12671c53f0838cd831a0843b95,bf16_full,70,0.3429,0.15,0.6,0.24,-0.45,0.15,0.3333,,,0.35,0.4,-0.0667,bipolar_no_dominant_polarity,,,,,,,0.1383,0.3802,0.0,2.732,,0.0,,0,deepseek:deepseek-chat
small-instruct,meta-llama/Llama-3.2-3B-Instruct,3.2,frozen_base,frozen_base,,42,agrifacts_frozen_test|axis:landholding,landholding,all,flash_attention_2,AutoModelForCausalLM,0cb88a4f764b7a12671c53f0838cd831a0843b95,bf16_full,315,0.4476,0.3648,0.5321,0.4328,-0.1673,0.3648,0.4427,,,0.4088,0.4679,-0.0675,bipolar_no_dominant_polarity,,,,,,,0.1383,0.3802,0.0,2.732,,0.0,,0,deepseek:deepseek-chat
small-instruct,meta-llama/Llama-3.2-3B-Instruct,3.2,frozen_base,frozen_base,,42,agrifacts_frozen_test|axis:social_group,social_group,all,flash_attention_2,AutoModelForCausalLM,0cb88a4f764b7a12671c53f0838cd831a0843b95,bf16_full,364,0.3846,0.3081,0.4531,0.3668,-0.145,0.3081,0.3354,,,0.4826,0.5469,-0.0625,bipolar_no_dominant_polarity,,,,,,,0.1383,0.3802,0.0,2.732,,0.0,,0,deepseek:deepseek-chat
small-instruct,meta-llama/Llama-3.2-3B-Instruct,3.2,ablation_no_condition_adaptive,ablation_no_condition_adaptive,,42,agrifacts_frozen_test|axis:gender,gender,all,flash_attention_2,AutoModelForCausalLM,0cb88a4f764b7a12671c53f0838cd831a0843b95,bf16_full,70,1.0,1.0,1.0,1.0,0.0,1.0,1.0,,,0.0,0.0,0.0,bipolar_no_dominant_polarity,,,,,,,0.9819,0.9831,1.0,4.73,0.82593,0.0,,0,deepseek:deepseek-chat
small-instruct,meta-llama/Llama-3.2-3B-Instruct,3.2,ablation_no_condition_adaptive,ablation_no_condition_adaptive,,42,agrifacts_frozen_test|axis:landholding,landholding,all,flash_attention_2,AutoModelForCausalLM,0cb88a4f764b7a12671c53f0838cd831a0843b95,bf16_full,315,0.9238,0.9748,0.8718,0.9204,0.103,0.9748,0.8857,,,0.0,0.1282,-1.0,gap_fabrication_dominant,,,,,,,0.9819,0.9831,1.0,4.73,0.82593,0.0,,0,deepseek:deepseek-chat
small-instruct,meta-llama/Llama-3.2-3B-Instruct,3.2,ablation_no_condition_adaptive,ablation_no_condition_adaptive,,42,agrifacts_frozen_test|axis:social_group,social_group,all,flash_attention_2,AutoModelForCausalLM,0cb88a4f764b7a12671c53f0838cd831a0843b95,bf16_full,364,0.9451,0.9593,0.9323,0.9456,0.027,0.9593,0.927,,,0.0058,0.0677,-0.8418,gap_fabrication_dominant,,,,,,,0.9819,0.9831,1.0,4.73,0.82593,0.0,,0,deepseek:deepseek-chat
small-instruct,meta-llama/Llama-3.2-3B-Instruct,3.2,ablation_no_rationale_loss,ablation_no_rationale_loss,,42,agrifacts_frozen_test|axis:gender,gender,all,flash_attention_2,AutoModelForCausalLM,0cb88a4f764b7a12671c53f0838cd831a0843b95,bf16_full,70,1.0,1.0,1.0,1.0,0.0,1.0,1.0,,,0.0,0.0,0.0,bipolar_no_dominant_polarity,,,,,,,,,,,0.82593,0.0,,0,deepseek:deepseek-chat
small-instruct,meta-llama/Llama-3.2-3B-Instruct,3.2,ablation_no_rationale_loss,ablation_no_rationale_loss,,42,agrifacts_frozen_test|axis:landholding,landholding,all,flash_attention_2,AutoModelForCausalLM,0cb88a4f764b7a12671c53f0838cd831a0843b95,bf16_full,315,0.9365,0.9497,0.9231,0.9362,0.0266,0.9497,0.9264,,,0.0189,0.0769,-0.6061,gap_fabrication_dominant,,,,,,,,,,,0.82593,0.0,,0,deepseek:deepseek-chat
small-instruct,meta-llama/Llama-3.2-3B-Instruct,3.2,ablation_no_rationale_loss,ablation_no_rationale_loss,,42,agrifacts_frozen_test|axis:social_group,social_group,all,flash_attention_2,AutoModelForCausalLM,0cb88a4f764b7a12671c53f0838cd831a0843b95,bf16_full,364,0.9341,0.8779,0.9844,0.9281,-0.1065,0.8779,0.9805,,,0.0465,0.0156,0.4971,gap_erasure_dominant,,,,,,,,,,,0.82593,0.0,,0,deepseek:deepseek-chat
small-instruct,meta-llama/Llama-3.2-3B-Instruct,3.2,ablation_placement_random,ablation_placement_random,,42,agrifacts_frozen_test|axis:gender,gender,all,flash_attention_2,AutoModelForCausalLM,0cb88a4f764b7a12671c53f0838cd831a0843b95,bf16_full,70,1.0,1.0,1.0,1.0,0.0,1.0,1.0,,,0.0,0.0,0.0,bipolar_no_dominant_polarity,,,,,,,0.9859,0.9877,0.9993,4.892,0.82593,0.0,,0,deepseek:deepseek-chat
small-instruct,meta-llama/Llama-3.2-3B-Instruct,3.2,ablation_placement_random,ablation_placement_random,,42,agrifacts_frozen_test|axis:landholding,landholding,all,flash_attention_2,AutoModelForCausalLM,0cb88a4f764b7a12671c53f0838cd831a0843b95,bf16_full,315,0.9365,0.9874,0.8846,0.9332,0.1028,0.9874,0.8971,,,0.0,0.1154,-1.0,gap_fabrication_dominant,,,,,,,0.9859,0.9877,0.9993,4.892,0.82593,0.0,,0,deepseek:deepseek-chat
small-instruct,meta-llama/Llama-3.2-3B-Instruct,3.2,ablation_placement_random,ablation_placement_random,,42,agrifacts_frozen_test|axis:social_group,social_group,all,flash_attention_2,AutoModelForCausalLM,0cb88a4f764b7a12671c53f0838cd831a0843b95,bf16_full,364,0.9698,0.9535,0.9844,0.9687,-0.0309,0.9535,0.982,,,0.0116,0.0156,-0.1467,bipolar_no_dominant_polarity,,,,,,,0.9859,0.9877,0.9993,4.892,0.82593,0.0,,0,deepseek:deepseek-chat
small-instruct,meta-llama/Llama-3.2-3B-Instruct,3.2,ablation_placement_random_draw2,ablation_placement_random_draw2,,42,agrifacts_frozen_test|axis:gender,gender,all,flash_attention_2,AutoModelForCausalLM,0cb88a4f764b7a12671c53f0838cd831a0843b95,bf16_full,70,1.0,1.0,1.0,1.0,0.0,1.0,1.0,,,0.0,0.0,0.0,bipolar_no_dominant_polarity,,,,,,,0.9822,0.9848,0.9947,4.892,0.82593,0.0,,0,deepseek:deepseek-chat
small-instruct,meta-llama/Llama-3.2-3B-Instruct,3.2,ablation_placement_random_draw2,ablation_placement_random_draw2,,42,agrifacts_frozen_test|axis:landholding,landholding,all,flash_attention_2,AutoModelForCausalLM,0cb88a4f764b7a12671c53f0838cd831a0843b95,bf16_full,315,0.9238,0.9748,0.8718,0.9204,0.103,0.9748,0.8857,,,0.0,0.1282,-1.0,gap_fabrication_dominant,,,,,,,0.9822,0.9848,0.9947,4.892,0.82593,0.0,,0,deepseek:deepseek-chat
small-instruct,meta-llama/Llama-3.2-3B-Instruct,3.2,ablation_placement_random_draw2,ablation_placement_random_draw2,,42,agrifacts_frozen_test|axis:social_group,social_group,all,flash_attention_2,AutoModelForCausalLM,0cb88a4f764b7a12671c53f0838cd831a0843b95,bf16_full,364,0.9698,0.9535,0.9844,0.9687,-0.0309,0.9535,0.982,,,0.0233,0.0156,0.1963,bipolar_no_dominant_polarity,,,,,,,0.9822,0.9848,0.9947,4.892,0.82593,0.0,,0,deepseek:deepseek-chat
small-instruct,meta-llama/Llama-3.2-3B-Instruct,3.2,ablation_placement_random_draw3,ablation_placement_random_draw3,,42,agrifacts_frozen_test|axis:gender,gender,all,flash_attention_2,AutoModelForCausalLM,0cb88a4f764b7a12671c53f0838cd831a0843b95,bf16_full,70,1.0,1.0,1.0,1.0,0.0,1.0,1.0,,,0.0,0.0,0.0,bipolar_no_dominant_polarity,,,,,,,0.9834,0.9852,1.0,4.892,0.82593,0.0,,0,deepseek:deepseek-chat
small-instruct,meta-llama/Llama-3.2-3B-Instruct,3.2,ablation_placement_random_draw3,ablation_placement_random_draw3,,42,agrifacts_frozen_test|axis:landholding,landholding,all,flash_attention_2,AutoModelForCausalLM,0cb88a4f764b7a12671c53f0838cd831a0843b95,bf16_full,315,0.9206,0.9686,0.8718,0.9176,0.0968,0.9686,0.8851,,,0.0,0.1282,-1.0,gap_fabrication_dominant,,,,,,,0.9834,0.9852,1.0,4.892,0.82593,0.0,,0,deepseek:deepseek-chat
small-instruct,meta-llama/Llama-3.2-3B-Instruct,3.2,ablation_placement_random_draw3,ablation_placement_random_draw3,,42,agrifacts_frozen_test|axis:social_group,social_group,all,flash_attention_2,AutoModelForCausalLM,0cb88a4f764b7a12671c53f0838cd831a0843b95,bf16_full,364,0.9725,0.9593,0.9844,0.9717,-0.0251,0.9593,0.9821,,,0.0233,0.0156,0.1963,bipolar_no_dominant_polarity,,,,,,,0.9834,0.9852,1.0,4.892,0.82593,0.0,,0,deepseek:deepseek-chat
small-instruct,meta-llama/Llama-3.2-3B-Instruct,3.2,ablation_placement_uniform,ablation_placement_uniform,,42,agrifacts_frozen_test|axis:gender,gender,all,flash_attention_2,AutoModelForCausalLM,0cb88a4f764b7a12671c53f0838cd831a0843b95,bf16_full,70,0.9857,0.975,1.0,0.9873,-0.025,0.975,1.0,,,0.025,0.0,1.0,gap_erasure_dominant,,,,,,,0.9843,0.9859,1.0,4.838,0.82593,0.0,,0,deepseek:deepseek-chat
small-instruct,meta-llama/Llama-3.2-3B-Instruct,3.2,ablation_placement_uniform,ablation_placement_uniform,,42,agrifacts_frozen_test|axis:landholding,landholding,all,flash_attention_2,AutoModelForCausalLM,0cb88a4f764b7a12671c53f0838cd831a0843b95,bf16_full,315,0.9302,0.9811,0.8782,0.9268,0.1029,0.9811,0.8914,,,0.0,0.1218,-1.0,gap_fabrication_dominant,,,,,,,0.9843,0.9859,1.0,4.838,0.82593,0.0,,0,deepseek:deepseek-chat
small-instruct,meta-llama/Llama-3.2-3B-Instruct,3.2,ablation_placement_uniform,ablation_placement_uniform,,42,agrifacts_frozen_test|axis:social_group,social_group,all,flash_attention_2,AutoModelForCausalLM,0cb88a4f764b7a12671c53f0838cd831a0843b95,bf16_full,364,0.9533,0.9244,0.9792,0.951,-0.0547,0.9244,0.9755,,,0.0116,0.0208,-0.2836,gap_fabrication_dominant,,,,,,,0.9843,0.9859,1.0,4.838,0.82593,0.0,,0,deepseek:deepseek-chat
small-instruct,meta-llama/Llama-3.2-3B-Instruct,3.2,ablation_rank_sweep_16,ablation_rank_sweep_16,,42,agrifacts_frozen_test|axis:gender,gender,all,flash_attention_2,AutoModelForCausalLM,0cb88a4f764b7a12671c53f0838cd831a0843b95,bf16_full,70,0.9857,1.0,0.9667,0.9831,0.0333,1.0,0.9756,,,0.0,0.0333,-1.0,gap_fabrication_dominant,,,,,,,0.9834,0.9848,0.9993,4.73,0.37697,0.0,,0,deepseek:deepseek-chat
small-instruct,meta-llama/Llama-3.2-3B-Instruct,3.2,ablation_rank_sweep_16,ablation_rank_sweep_16,,42,agrifacts_frozen_test|axis:landholding,landholding,all,flash_attention_2,AutoModelForCausalLM,0cb88a4f764b7a12671c53f0838cd831a0843b95,bf16_full,315,0.9175,0.9686,0.8654,0.9141,0.1032,0.9686,0.88,,,0.0,0.1346,-1.0,gap_fabrication_dominant,,,,,,,0.9834,0.9848,0.9993,4.73,0.37697,0.0,,0,deepseek:deepseek-chat
small-instruct,meta-llama/Llama-3.2-3B-Instruct,3.2,ablation_rank_sweep_16,ablation_rank_sweep_16,,42,agrifacts_frozen_test|axis:social_group,social_group,all,flash_attention_2,AutoModelForCausalLM,0cb88a4f764b7a12671c53f0838cd831a0843b95,bf16_full,364,0.967,0.9709,0.9635,0.9672,0.0074,0.9709,0.9598,,,0.0116,0.0365,-0.5164,gap_fabrication_dominant,,,,,,,0.9834,0.9848,0.9993,4.73,0.37697,0.0,,0,deepseek:deepseek-chat
small-instruct,meta-llama/Llama-3.2-3B-Instruct,3.2,ablation_rank_sweep_32,ablation_rank_sweep_32,,42,agrifacts_frozen_test|axis:gender,gender,all,flash_attention_2,AutoModelForCausalLM,0cb88a4f764b7a12671c53f0838cd831a0843b95,bf16_full,70,1.0,1.0,1.0,1.0,0.0,1.0,1.0,,,0.0,0.0,0.0,bipolar_no_dominant_polarity,,,,,,,0.9773,0.981,1.0,4.784,0.75111,0.0,,0,deepseek:deepseek-chat
small-instruct,meta-llama/Llama-3.2-3B-Instruct,3.2,ablation_rank_sweep_32,ablation_rank_sweep_32,,42,agrifacts_frozen_test|axis:landholding,landholding,all,flash_attention_2,AutoModelForCausalLM,0cb88a4f764b7a12671c53f0838cd831a0843b95,bf16_full,315,0.9048,0.9623,0.8462,0.9005,0.1161,0.9623,0.8644,,,0.0,0.1538,-1.0,gap_fabrication_dominant,,,,,,,0.9773,0.981,1.0,4.784,0.75111,0.0,,0,deepseek:deepseek-chat
small-instruct,meta-llama/Llama-3.2-3B-Instruct,3.2,ablation_rank_sweep_32,ablation_rank_sweep_32,,42,agrifacts_frozen_test|axis:social_group,social_group,all,flash_attention_2,AutoModelForCausalLM,0cb88a4f764b7a12671c53f0838cd831a0843b95,bf16_full,364,0.9451,0.9012,0.9844,0.9409,-0.0832,0.9012,0.981,,,0.0233,0.0156,0.1963,bipolar_no_dominant_polarity,,,,,,,0.9773,0.981,1.0,4.784,0.75111,0.0,,0,deepseek:deepseek-chat
small-instruct,meta-llama/Llama-3.2-3B-Instruct,3.2,ablation_rank_sweep_8,ablation_rank_sweep_8,,42,agrifacts_frozen_test|axis:gender,gender,all,flash_attention_2,AutoModelForCausalLM,0cb88a4f764b7a12671c53f0838cd831a0843b95,bf16_full,70,1.0,1.0,1.0,1.0,0.0,1.0,1.0,,,0.0,0.0,0.0,bipolar_no_dominant_polarity,,,,,,,0.9817,0.9836,0.9987,4.919,0.18884,0.0,,0,deepseek:deepseek-chat
small-instruct,meta-llama/Llama-3.2-3B-Instruct,3.2,ablation_rank_sweep_8,ablation_rank_sweep_8,,42,agrifacts_frozen_test|axis:landholding,landholding,all,flash_attention_2,AutoModelForCausalLM,0cb88a4f764b7a12671c53f0838cd831a0843b95,bf16_full,315,0.9238,0.9434,0.9038,0.9232,0.0396,0.9434,0.9091,,,0.0252,0.0962,-0.5852,gap_fabrication_dominant,,,,,,,0.9817,0.9836,0.9987,4.919,0.18884,0.0,,0,deepseek:deepseek-chat
small-instruct,meta-llama/Llama-3.2-3B-Instruct,3.2,ablation_rank_sweep_8,ablation_rank_sweep_8,,42,agrifacts_frozen_test|axis:social_group,social_group,all,flash_attention_2,AutoModelForCausalLM,0cb88a4f764b7a12671c53f0838cd831a0843b95,bf16_full,364,0.9533,0.9244,0.9792,0.951,-0.0547,0.9244,0.9755,,,0.0581,0.0208,0.4724,gap_erasure_dominant,,,,,,,0.9817,0.9836,0.9987,4.919,0.18884,0.0,,0,deepseek:deepseek-chat
small-instruct,meta-llama/Llama-3.2-3B-Instruct,3.2,baseline_dart,baseline_dart,,42,agrifacts_frozen_test|axis:gender,gender,all,flash_attention_2,AutoModelForCausalLM,0cb88a4f764b7a12671c53f0838cd831a0843b95,bf16_full,70,1.0,1.0,1.0,1.0,0.0,1.0,1.0,,,0.0,0.0,0.0,bipolar_no_dominant_polarity,,,,,,,0.9818,0.9834,0.9993,4.73,0.82593,0.0,,0,deepseek:deepseek-chat
small-instruct,meta-llama/Llama-3.2-3B-Instruct,3.2,baseline_dart,baseline_dart,,42,agrifacts_frozen_test|axis:landholding,landholding,all,flash_attention_2,AutoModelForCausalLM,0cb88a4f764b7a12671c53f0838cd831a0843b95,bf16_full,315,0.9143,0.9748,0.8526,0.9096,0.1223,0.9748,0.8708,,,0.0,0.1474,-1.0,gap_fabrication_dominant,,,,,,,0.9818,0.9834,0.9993,4.73,0.82593,0.0,,0,deepseek:deepseek-chat
small-instruct,meta-llama/Llama-3.2-3B-Instruct,3.2,baseline_dart,baseline_dart,,42,agrifacts_frozen_test|axis:social_group,social_group,all,flash_attention_2,AutoModelForCausalLM,0cb88a4f764b7a12671c53f0838cd831a0843b95,bf16_full,364,0.9478,0.936,0.9583,0.9471,-0.0223,0.936,0.9527,,,0.0,0.0417,-1.0,gap_fabrication_dominant,,,,,,,0.9818,0.9834,0.9993,4.73,0.82593,0.0,,0,deepseek:deepseek-chat
small-instruct,meta-llama/Llama-3.2-3B-Instruct,3.2,baseline_dart,baseline_dart,,43,agrifacts_frozen_test|axis:gender,gender,all,flash_attention_2,AutoModelForCausalLM,0cb88a4f764b7a12671c53f0838cd831a0843b95,bf16_full,70,1.0,1.0,1.0,1.0,0.0,1.0,1.0,,,0.0,0.0,0.0,bipolar_no_dominant_polarity,,,,,,,0.9821,0.9841,0.9933,4.784,0.82593,0.0,,0,deepseek:deepseek-chat
small-instruct,meta-llama/Llama-3.2-3B-Instruct,3.2,baseline_dart,baseline_dart,,43,agrifacts_frozen_test|axis:landholding,landholding,all,flash_attention_2,AutoModelForCausalLM,0cb88a4f764b7a12671c53f0838cd831a0843b95,bf16_full,315,0.9111,0.9371,0.8846,0.9101,0.0525,0.9371,0.8922,,,0.0189,0.1154,-0.7189,gap_fabrication_dominant,,,,,,,0.9821,0.9841,0.9933,4.784,0.82593,0.0,,0,deepseek:deepseek-chat
small-instruct,meta-llama/Llama-3.2-3B-Instruct,3.2,baseline_dart,baseline_dart,,43,agrifacts_frozen_test|axis:social_group,social_group,all,flash_attention_2,AutoModelForCausalLM,0cb88a4f764b7a12671c53f0838cd831a0843b95,bf16_full,364,0.9588,0.9244,0.9896,0.9559,-0.0652,0.9244,0.9876,,,0.0233,0.0104,0.3813,gap_erasure_dominant,,,,,,,0.9821,0.9841,0.9933,4.784,0.82593,0.0,,0,deepseek:deepseek-chat
small-instruct,meta-llama/Llama-3.2-3B-Instruct,3.2,baseline_dart,baseline_dart,,44,agrifacts_frozen_test|axis:gender,gender,all,flash_attention_2,AutoModelForCausalLM,0cb88a4f764b7a12671c53f0838cd831a0843b95,bf16_full,70,1.0,1.0,1.0,1.0,0.0,1.0,1.0,,,0.0,0.0,0.0,bipolar_no_dominant_polarity,,,,,,,0.9816,0.9831,1.0,4.784,0.82593,0.0,,0,deepseek:deepseek-chat
small-instruct,meta-llama/Llama-3.2-3B-Instruct,3.2,baseline_dart,baseline_dart,,44,agrifacts_frozen_test|axis:landholding,landholding,all,flash_attention_2,AutoModelForCausalLM,0cb88a4f764b7a12671c53f0838cd831a0843b95,bf16_full,315,0.9175,0.8931,0.9423,0.917,-0.0492,0.8931,0.9404,,,0.0818,0.0577,0.1726,bipolar_no_dominant_polarity,,,,,,,0.9816,0.9831,1.0,4.784,0.82593,0.0,,0,deepseek:deepseek-chat
small-instruct,meta-llama/Llama-3.2-3B-Instruct,3.2,baseline_dart,baseline_dart,,44,agrifacts_frozen_test|axis:social_group,social_group,all,flash_attention_2,AutoModelForCausalLM,0cb88a4f764b7a12671c53f0838cd831a0843b95,bf16_full,364,0.9588,0.9244,0.9896,0.9559,-0.0652,0.9244,0.9876,,,0.0698,0.0104,0.7402,gap_erasure_dominant,,,,,,,0.9816,0.9831,1.0,4.784,0.82593,0.0,,0,deepseek:deepseek-chat
small-instruct,meta-llama/Llama-3.2-3B-Instruct,3.2,baseline_fairnet,baseline_fairnet,,42,agrifacts_frozen_test|axis:gender,gender,all,flash_attention_2,AutoModelForCausalLM,0cb88a4f764b7a12671c53f0838cd831a0843b95,bf16_full,70,1.0,1.0,1.0,1.0,0.0,1.0,1.0,,,0.0,0.0,0.0,bipolar_no_dominant_polarity,,,,,,,,,,,0.82593,0.0,,0,deepseek:deepseek-chat
small-instruct,meta-llama/Llama-3.2-3B-Instruct,3.2,baseline_fairnet,baseline_fairnet,,42,agrifacts_frozen_test|axis:landholding,landholding,all,flash_attention_2,AutoModelForCausalLM,0cb88a4f764b7a12671c53f0838cd831a0843b95,bf16_full,315,0.9206,0.9686,0.8718,0.9176,0.0968,0.9686,0.8851,,,0.0,0.1282,-1.0,gap_fabrication_dominant,,,,,,,,,,,0.82593,0.0,,0,deepseek:deepseek-chat
small-instruct,meta-llama/Llama-3.2-3B-Instruct,3.2,baseline_fairnet,baseline_fairnet,,42,agrifacts_frozen_test|axis:social_group,social_group,all,flash_attention_2,AutoModelForCausalLM,0cb88a4f764b7a12671c53f0838cd831a0843b95,bf16_full,364,0.9341,0.8779,0.9844,0.9281,-0.1065,0.8779,0.9805,,,0.0291,0.0156,0.3008,gap_erasure_dominant,,,,,,,,,,,0.82593,0.0,,0,deepseek:deepseek-chat
small-instruct,meta-llama/Llama-3.2-3B-Instruct,3.2,baseline_fairnet,baseline_fairnet,,43,agrifacts_frozen_test|axis:gender,gender,all,flash_attention_2,AutoModelForCausalLM,0cb88a4f764b7a12671c53f0838cd831a0843b95,bf16_full,70,1.0,1.0,1.0,1.0,0.0,1.0,1.0,,,0.0,0.0,0.0,bipolar_no_dominant_polarity,,,,,,,,,,,0.82593,0.0,,0,deepseek:deepseek-chat
small-instruct,meta-llama/Llama-3.2-3B-Instruct,3.2,baseline_fairnet,baseline_fairnet,,43,agrifacts_frozen_test|axis:landholding,landholding,all,flash_attention_2,AutoModelForCausalLM,0cb88a4f764b7a12671c53f0838cd831a0843b95,bf16_full,315,0.9238,0.9686,0.8782,0.9212,0.0903,0.9686,0.8902,,,0.0,0.1218,-1.0,gap_fabrication_dominant,,,,,,,,,,,0.82593,0.0,,0,deepseek:deepseek-chat
small-instruct,meta-llama/Llama-3.2-3B-Instruct,3.2,baseline_fairnet,baseline_fairnet,,43,agrifacts_frozen_test|axis:social_group,social_group,all,flash_attention_2,AutoModelForCausalLM,0cb88a4f764b7a12671c53f0838cd831a0843b95,bf16_full,364,0.9643,0.9535,0.974,0.9636,-0.0205,0.9535,0.9704,,,0.0233,0.026,-0.0565,bipolar_no_dominant_polarity,,,,,,,,,,,0.82593,0.0,,0,deepseek:deepseek-chat
small-instruct,meta-llama/Llama-3.2-3B-Instruct,3.2,baseline_fairnet,baseline_fairnet,,44,agrifacts_frozen_test|axis:gender,gender,all,flash_attention_2,AutoModelForCausalLM,0cb88a4f764b7a12671c53f0838cd831a0843b95,bf16_full,70,1.0,1.0,1.0,1.0,0.0,1.0,1.0,,,0.0,0.0,0.0,bipolar_no_dominant_polarity,,,,,,,,,,,0.82593,0.0,,0,deepseek:deepseek-chat
small-instruct,meta-llama/Llama-3.2-3B-Instruct,3.2,baseline_fairnet,baseline_fairnet,,44,agrifacts_frozen_test|axis:landholding,landholding,all,flash_attention_2,AutoModelForCausalLM,0cb88a4f764b7a12671c53f0838cd831a0843b95,bf16_full,315,0.9238,0.9057,0.9423,0.9236,-0.0366,0.9057,0.9412,,,0.0943,0.0577,0.2411,gap_erasure_dominant,,,,,,,,,,,0.82593,0.0,,0,deepseek:deepseek-chat
small-instruct,meta-llama/Llama-3.2-3B-Instruct,3.2,baseline_fairnet,baseline_fairnet,,44,agrifacts_frozen_test|axis:social_group,social_group,all,flash_attention_2,AutoModelForCausalLM,0cb88a4f764b7a12671c53f0838cd831a0843b95,bf16_full,364,0.9368,0.9419,0.9323,0.9371,0.0096,0.9419,0.9257,,,0.0116,0.0677,-0.7069,gap_fabrication_dominant,,,,,,,,,,,0.82593,0.0,,0,deepseek:deepseek-chat
small-instruct,meta-llama/Llama-3.2-3B-Instruct,3.2,baseline_igu_lora,baseline_igu_lora,,42,agrifacts_frozen_test|axis:gender,gender,all,flash_attention_2,AutoModelForCausalLM,0cb88a4f764b7a12671c53f0838cd831a0843b95,bf16_full,70,1.0,1.0,1.0,1.0,0.0,1.0,1.0,,,0.0,0.0,0.0,bipolar_no_dominant_polarity,,,,,,,,,,,0.82593,0.0,,0,deepseek:deepseek-chat
small-instruct,meta-llama/Llama-3.2-3B-Instruct,3.2,baseline_igu_lora,baseline_igu_lora,,42,agrifacts_frozen_test|axis:landholding,landholding,all,flash_attention_2,AutoModelForCausalLM,0cb88a4f764b7a12671c53f0838cd831a0843b95,bf16_full,315,0.9143,0.9686,0.859,0.9105,0.1096,0.9686,0.875,,,0.0,0.141,-1.0,gap_fabrication_dominant,,,,,,,,,,,0.82593,0.0,,0,deepseek:deepseek-chat
small-instruct,meta-llama/Llama-3.2-3B-Instruct,3.2,baseline_igu_lora,baseline_igu_lora,,42,agrifacts_frozen_test|axis:social_group,social_group,all,flash_attention_2,AutoModelForCausalLM,0cb88a4f764b7a12671c53f0838cd831a0843b95,bf16_full,364,0.9341,0.8953,0.9688,0.9306,-0.0734,0.8953,0.9625,,,0.0291,0.0312,-0.0361,bipolar_no_dominant_polarity,,,,,,,,,,,0.82593,0.0,,0,deepseek:deepseek-chat
small-instruct,meta-llama/Llama-3.2-3B-Instruct,3.2,baseline_lftf,baseline_lftf,,42,agrifacts_frozen_test|axis:gender,gender,all,flash_attention_2,AutoModelForCausalLM,0cb88a4f764b7a12671c53f0838cd831a0843b95,bf16_full,70,0.9571,0.925,1.0,0.961,-0.075,0.925,1.0,,,0.075,0.0,1.0,gap_erasure_dominant,,,,,,,,,,,0.82593,0.0,,0,deepseek:deepseek-chat
small-instruct,meta-llama/Llama-3.2-3B-Instruct,3.2,baseline_lftf,baseline_lftf,,42,agrifacts_frozen_test|axis:landholding,landholding,all,flash_attention_2,AutoModelForCausalLM,0cb88a4f764b7a12671c53f0838cd831a0843b95,bf16_full,315,0.8921,0.8742,0.9103,0.8919,-0.036,0.8742,0.9085,,,0.0943,0.0897,0.025,bipolar_no_dominant_polarity,,,,,,,,,,,0.82593,0.0,,0,deepseek:deepseek-chat
small-instruct,meta-llama/Llama-3.2-3B-Instruct,3.2,baseline_lftf,baseline_lftf,,42,agrifacts_frozen_test|axis:social_group,social_group,all,flash_attention_2,AutoModelForCausalLM,0cb88a4f764b7a12671c53f0838cd831a0843b95,bf16_full,364,0.8571,0.814,0.8958,0.8529,-0.0819,0.814,0.875,,,0.0756,0.1042,-0.159,bipolar_no_dominant_polarity,,,,,,,,,,,0.82593,0.0,,0,deepseek:deepseek-chat
small-instruct,meta-llama/Llama-3.2-3B-Instruct,3.2,baseline_pedal,baseline_pedal,,42,agrifacts_frozen_test|axis:gender,gender,all,flash_attention_2,AutoModelForCausalLM,0cb88a4f764b7a12671c53f0838cd831a0843b95,bf16_full,70,1.0,1.0,1.0,1.0,0.0,1.0,1.0,,,0.0,0.0,0.0,bipolar_no_dominant_polarity,,,,,,,,,,,0.82593,0.0,,0,deepseek:deepseek-chat
small-instruct,meta-llama/Llama-3.2-3B-Instruct,3.2,baseline_pedal,baseline_pedal,,42,agrifacts_frozen_test|axis:landholding,landholding,all,flash_attention_2,AutoModelForCausalLM,0cb88a4f764b7a12671c53f0838cd831a0843b95,bf16_full,315,0.9206,0.9686,0.8718,0.9176,0.0968,0.9686,0.8851,,,0.0,0.1282,-1.0,gap_fabrication_dominant,,,,,,,,,,,0.82593,0.0,,0,deepseek:deepseek-chat
small-instruct,meta-llama/Llama-3.2-3B-Instruct,3.2,baseline_pedal,baseline_pedal,,42,agrifacts_frozen_test|axis:social_group,social_group,all,flash_attention_2,AutoModelForCausalLM,0cb88a4f764b7a12671c53f0838cd831a0843b95,bf16_full,364,0.9451,0.9302,0.9583,0.9441,-0.0281,0.9302,0.9524,,,0.0058,0.0417,-0.7551,gap_fabrication_dominant,,,,,,,,,,,0.82593,0.0,,0,deepseek:deepseek-chat
small-instruct,meta-llama/Llama-3.2-3B-Instruct,3.2,baseline_regift,baseline_regift,,42,agrifacts_frozen_test|axis:gender,gender,all,flash_attention_2,AutoModelForCausalLM,0cb88a4f764b7a12671c53f0838cd831a0843b95,bf16_full,70,1.0,1.0,1.0,1.0,0.0,1.0,1.0,,,0.0,0.0,0.0,bipolar_no_dominant_polarity,,,,,,,0.9759,0.9813,0.9967,4.351,0.82593,0.0,,0,deepseek:deepseek-chat
small-instruct,meta-llama/Llama-3.2-3B-Instruct,3.2,baseline_regift,baseline_regift,,42,agrifacts_frozen_test|axis:landholding,landholding,all,flash_attention_2,AutoModelForCausalLM,0cb88a4f764b7a12671c53f0838cd831a0843b95,bf16_full,315,0.9175,0.9686,0.8654,0.9141,0.1032,0.9686,0.88,,,0.0,0.1346,-1.0,gap_fabrication_dominant,,,,,,,0.9759,0.9813,0.9967,4.351,0.82593,0.0,,0,deepseek:deepseek-chat
small-instruct,meta-llama/Llama-3.2-3B-Instruct,3.2,baseline_regift,baseline_regift,,42,agrifacts_frozen_test|axis:social_group,social_group,all,flash_attention_2,AutoModelForCausalLM,0cb88a4f764b7a12671c53f0838cd831a0843b95,bf16_full,364,0.9505,0.9128,0.9844,0.9472,-0.0716,0.9128,0.9812,,,0.0233,0.0156,0.1963,bipolar_no_dominant_polarity,,,,,,,0.9759,0.9813,0.9967,4.351,0.82593,0.0,,0,deepseek:deepseek-chat
small-instruct,meta-llama/Llama-3.2-3B-Instruct,3.2,graft_proposed,graft_proposed,,42,agrifacts_frozen_test|axis:gender,gender,all,flash_attention_2,AutoModelForCausalLM,0cb88a4f764b7a12671c53f0838cd831a0843b95,bf16_full,70,1.0,1.0,1.0,1.0,0.0,1.0,1.0,,,0.0,0.0,0.0,bipolar_no_dominant_polarity,,,,,,,0.9815,0.983,1.0,4.757,0.82593,0.0,,0,deepseek:deepseek-chat
small-instruct,meta-llama/Llama-3.2-3B-Instruct,3.2,graft_proposed,graft_proposed,,42,agrifacts_frozen_test|axis:landholding,landholding,all,flash_attention_2,AutoModelForCausalLM,0cb88a4f764b7a12671c53f0838cd831a0843b95,bf16_full,315,0.9175,0.9623,0.8718,0.9148,0.0905,0.9623,0.8844,,,0.0,0.1282,-1.0,gap_fabrication_dominant,,,,,,,0.9815,0.983,1.0,4.757,0.82593,0.0,,0,deepseek:deepseek-chat
small-instruct,meta-llama/Llama-3.2-3B-Instruct,3.2,graft_proposed,graft_proposed,,42,agrifacts_frozen_test|axis:social_group,social_group,all,flash_attention_2,AutoModelForCausalLM,0cb88a4f764b7a12671c53f0838cd831a0843b95,bf16_full,364,0.9341,0.8837,0.9792,0.929,-0.0954,0.8837,0.9744,,,0.0407,0.0208,0.3228,gap_erasure_dominant,,,,,,,0.9815,0.983,1.0,4.757,0.82593,0.0,,0,deepseek:deepseek-chat
small-instruct,meta-llama/Llama-3.2-3B-Instruct,3.2,graft_proposed,graft_proposed,,43,agrifacts_frozen_test|axis:gender,gender,all,flash_attention_2,AutoModelForCausalLM,0cb88a4f764b7a12671c53f0838cd831a0843b95,bf16_full,70,1.0,1.0,1.0,1.0,0.0,1.0,1.0,,,0.0,0.0,0.0,bipolar_no_dominant_polarity,,,,,,,0.9832,0.9861,0.9987,4.757,0.82593,0.0,,0,deepseek:deepseek-chat
small-instruct,meta-llama/Llama-3.2-3B-Instruct,3.2,graft_proposed,graft_proposed,,43,agrifacts_frozen_test|axis:landholding,landholding,all,flash_attention_2,AutoModelForCausalLM,0cb88a4f764b7a12671c53f0838cd831a0843b95,bf16_full,315,0.9238,0.9686,0.8782,0.9212,0.0903,0.9686,0.8902,,,0.0063,0.1218,-0.9018,gap_fabrication_dominant,,,,,,,0.9832,0.9861,0.9987,4.757,0.82593,0.0,,0,deepseek:deepseek-chat
small-instruct,meta-llama/Llama-3.2-3B-Instruct,3.2,graft_proposed,graft_proposed,,43,agrifacts_frozen_test|axis:social_group,social_group,all,flash_attention_2,AutoModelForCausalLM,0cb88a4f764b7a12671c53f0838cd831a0843b95,bf16_full,364,0.9643,0.9419,0.9844,0.9626,-0.0425,0.9419,0.9818,,,0.0058,0.0156,-0.4576,gap_fabrication_dominant,,,,,,,0.9832,0.9861,0.9987,4.757,0.82593,0.0,,0,deepseek:deepseek-chat
small-instruct,meta-llama/Llama-3.2-3B-Instruct,3.2,graft_proposed,graft_proposed,,44,agrifacts_frozen_test|axis:gender,gender,all,flash_attention_2,AutoModelForCausalLM,0cb88a4f764b7a12671c53f0838cd831a0843b95,bf16_full,70,1.0,1.0,1.0,1.0,0.0,1.0,1.0,,,0.0,0.0,0.0,bipolar_no_dominant_polarity,,,,,,,0.9832,0.985,0.996,4.838,0.82593,0.0,,0,deepseek:deepseek-chat
small-instruct,meta-llama/Llama-3.2-3B-Instruct,3.2,graft_proposed,graft_proposed,,44,agrifacts_frozen_test|axis:landholding,landholding,all,flash_attention_2,AutoModelForCausalLM,0cb88a4f764b7a12671c53f0838cd831a0843b95,bf16_full,315,0.9175,0.9497,0.8846,0.916,0.0651,0.9497,0.8935,,,0.0314,0.1154,-0.5717,gap_fabrication_dominant,,,,,,,0.9832,0.985,0.996,4.838,0.82593,0.0,,0,deepseek:deepseek-chat
small-instruct,meta-llama/Llama-3.2-3B-Instruct,3.2,graft_proposed,graft_proposed,,44,agrifacts_frozen_test|axis:social_group,social_group,all,flash_attention_2,AutoModelForCausalLM,0cb88a4f764b7a12671c53f0838cd831a0843b95,bf16_full,364,0.9753,0.9709,0.9792,0.975,-0.0082,0.9709,0.9766,,,0.0174,0.0208,-0.0886,bipolar_no_dominant_polarity,,,,,,,0.9832,0.985,0.996,4.838,0.82593,0.0,,0,deepseek:deepseek-chat
small-instruct,meta-llama/Llama-3.2-3B-Instruct,3.2,graft_proposed_qlora_nf4,graft_proposed_qlora_nf4,,42,agrifacts_frozen_test|axis:gender,gender,all,flash_attention_2,AutoModelForCausalLM,0cb88a4f764b7a12671c53f0838cd831a0843b95,nf4_4bit,70,1.0,1.0,1.0,1.0,0.0,1.0,1.0,,,0.0,0.0,0.0,bipolar_no_dominant_polarity,,,,,,,0.9845,0.9859,0.994,4.865,1.46191,0.0,,0,deepseek:deepseek-chat
small-instruct,meta-llama/Llama-3.2-3B-Instruct,3.2,graft_proposed_qlora_nf4,graft_proposed_qlora_nf4,,42,agrifacts_frozen_test|axis:landholding,landholding,all,flash_attention_2,AutoModelForCausalLM,0cb88a4f764b7a12671c53f0838cd831a0843b95,nf4_4bit,315,0.9206,0.9686,0.8718,0.9176,0.0968,0.9686,0.8851,,,0.0,0.1282,-1.0,gap_fabrication_dominant,,,,,,,0.9845,0.9859,0.994,4.865,1.46191,0.0,,0,deepseek:deepseek-chat
small-instruct,meta-llama/Llama-3.2-3B-Instruct,3.2,graft_proposed_qlora_nf4,graft_proposed_qlora_nf4,,42,agrifacts_frozen_test|axis:social_group,social_group,all,flash_attention_2,AutoModelForCausalLM,0cb88a4f764b7a12671c53f0838cd831a0843b95,nf4_4bit,364,0.9643,0.9419,0.9844,0.9626,-0.0425,0.9419,0.9818,,,0.0174,0.0156,0.0549,bipolar_no_dominant_polarity,,,,,,,0.9845,0.9859,0.994,4.865,1.46191,0.0,,0,deepseek:deepseek-chat
small-instruct,meta-llama/Llama-3.2-3B-Instruct,3.2,reference_vanilla_lora,reference_vanilla_lora,,42,agrifacts_frozen_test|axis:gender,gender,all,flash_attention_2,AutoModelForCausalLM,0cb88a4f764b7a12671c53f0838cd831a0843b95,bf16_full,70,1.0,1.0,1.0,1.0,0.0,1.0,1.0,,,0.0,0.0,0.0,bipolar_no_dominant_polarity,,,,,,,,,,,0.37697,0.0,,0,deepseek:deepseek-chat
small-instruct,meta-llama/Llama-3.2-3B-Instruct,3.2,reference_vanilla_lora,reference_vanilla_lora,,42,agrifacts_frozen_test|axis:landholding,landholding,all,flash_attention_2,AutoModelForCausalLM,0cb88a4f764b7a12671c53f0838cd831a0843b95,bf16_full,315,0.9206,0.9623,0.8782,0.9183,0.0841,0.9623,0.8895,,,0.0,0.1218,-1.0,gap_fabrication_dominant,,,,,,,,,,,0.37697,0.0,,0,deepseek:deepseek-chat
small-instruct,meta-llama/Llama-3.2-3B-Instruct,3.2,reference_vanilla_lora,reference_vanilla_lora,,42,agrifacts_frozen_test|axis:social_group,social_group,all,flash_attention_2,AutoModelForCausalLM,0cb88a4f764b7a12671c53f0838cd831a0843b95,bf16_full,364,0.967,0.9477,0.9844,0.9657,-0.0367,0.9477,0.9819,,,0.0058,0.0156,-0.4576,gap_fabrication_dominant,,,,,,,,,,,0.37697,0.0,,0,deepseek:deepseek-chat
small-instruct,meta-llama/Llama-3.2-3B-Instruct,3.2,reference_vanilla_lora,reference_vanilla_lora,,43,agrifacts_frozen_test|axis:gender,gender,all,flash_attention_2,AutoModelForCausalLM,0cb88a4f764b7a12671c53f0838cd831a0843b95,bf16_full,70,1.0,1.0,1.0,1.0,0.0,1.0,1.0,,,0.0,0.0,0.0,bipolar_no_dominant_polarity,,,,,,,,,,,0.37697,0.0,,0,deepseek:deepseek-chat
small-instruct,meta-llama/Llama-3.2-3B-Instruct,3.2,reference_vanilla_lora,reference_vanilla_lora,,43,agrifacts_frozen_test|axis:landholding,landholding,all,flash_attention_2,AutoModelForCausalLM,0cb88a4f764b7a12671c53f0838cd831a0843b95,bf16_full,315,0.9302,0.9623,0.8974,0.9287,0.0648,0.9623,0.9053,,,0.0314,0.1026,-0.5307,gap_fabrication_dominant,,,,,,,,,,,0.37697,0.0,,0,deepseek:deepseek-chat
small-instruct,meta-llama/Llama-3.2-3B-Instruct,3.2,reference_vanilla_lora,reference_vanilla_lora,,43,agrifacts_frozen_test|axis:social_group,social_group,all,flash_attention_2,AutoModelForCausalLM,0cb88a4f764b7a12671c53f0838cd831a0843b95,bf16_full,364,0.9396,0.8895,0.9844,0.9346,-0.0948,0.8895,0.9808,,,0.0814,0.0156,0.6779,gap_erasure_dominant,,,,,,,,,,,0.37697,0.0,,0,deepseek:deepseek-chat
small-instruct,meta-llama/Llama-3.2-3B-Instruct,3.2,reference_vanilla_lora,reference_vanilla_lora,,44,agrifacts_frozen_test|axis:gender,gender,all,flash_attention_2,AutoModelForCausalLM,0cb88a4f764b7a12671c53f0838cd831a0843b95,bf16_full,70,0.8143,0.675,1.0,0.806,-0.325,0.675,1.0,,,0.325,0.0,1.0,gap_erasure_dominant,,,,,,,,,,,0.37697,0.0,,0,deepseek:deepseek-chat
small-instruct,meta-llama/Llama-3.2-3B-Instruct,3.2,reference_vanilla_lora,reference_vanilla_lora,,44,agrifacts_frozen_test|axis:landholding,landholding,all,flash_attention_2,AutoModelForCausalLM,0cb88a4f764b7a12671c53f0838cd831a0843b95,bf16_full,315,0.8603,0.8113,0.9103,0.8579,-0.0989,0.8113,0.9021,,,0.1761,0.0897,0.3248,gap_erasure_dominant,,,,,,,,,,,0.37697,0.0,,0,deepseek:deepseek-chat
small-instruct,meta-llama/Llama-3.2-3B-Instruct,3.2,reference_vanilla_lora,reference_vanilla_lora,,44,agrifacts_frozen_test|axis:social_group,social_group,all,flash_attention_2,AutoModelForCausalLM,0cb88a4f764b7a12671c53f0838cd831a0843b95,bf16_full,364,0.8736,0.7616,0.974,0.8548,-0.2123,0.7616,0.9632,,,0.1919,0.026,0.761,gap_erasure_dominant,,,,,,,,,,,0.37697,0.0,,0,deepseek:deepseek-chat
small-instruct,meta-llama/Llama-3.2-3B-Instruct,3.2,reference_vanilla_qlora,reference_vanilla_qlora,,42,agrifacts_frozen_test|axis:gender,gender,all,flash_attention_2,AutoModelForCausalLM,0cb88a4f764b7a12671c53f0838cd831a0843b95,nf4_4bit,70,1.0,1.0,1.0,1.0,0.0,1.0,1.0,,,0.0,0.0,0.0,bipolar_no_dominant_polarity,,,,,,,,,,,0.66957,0.0,,0,deepseek:deepseek-chat
small-instruct,meta-llama/Llama-3.2-3B-Instruct,3.2,reference_vanilla_qlora,reference_vanilla_qlora,,42,agrifacts_frozen_test|axis:landholding,landholding,all,flash_attention_2,AutoModelForCausalLM,0cb88a4f764b7a12671c53f0838cd831a0843b95,nf4_4bit,315,0.927,0.9686,0.8846,0.9247,0.0839,0.9686,0.8953,,,0.0,0.1154,-1.0,gap_fabrication_dominant,,,,,,,,,,,0.66957,0.0,,0,deepseek:deepseek-chat
small-instruct,meta-llama/Llama-3.2-3B-Instruct,3.2,reference_vanilla_qlora,reference_vanilla_qlora,,42,agrifacts_frozen_test|axis:social_group,social_group,all,flash_attention_2,AutoModelForCausalLM,0cb88a4f764b7a12671c53f0838cd831a0843b95,nf4_4bit,364,0.956,0.936,0.974,0.9546,-0.0379,0.936,0.9699,,,0.0291,0.026,0.0549,bipolar_no_dominant_polarity,,,,,,,,,,,0.66957,0.0,,0,deepseek:deepseek-chat
small-instruct,meta-llama/Llama-3.2-3B-Instruct,3.2,baseline_fairsteer,baseline_fairsteer,,42,agrifacts_frozen_test|axis:gender,gender,all,flash_attention_2,AutoModelForCausalLM,0cb88a4f764b7a12671c53f0838cd831a0843b95,bf16_full,70,0.2714,0.225,0.3333,0.2687,-0.1083,0.225,0.3103,,,0.225,0.6667,-0.4953,gap_fabrication_dominant,,,,,,,,,,,,0.0,,0,deepseek:deepseek-chat
small-instruct,meta-llama/Llama-3.2-3B-Instruct,3.2,baseline_fairsteer,baseline_fairsteer,,42,agrifacts_frozen_test|axis:landholding,landholding,all,flash_attention_2,AutoModelForCausalLM,0cb88a4f764b7a12671c53f0838cd831a0843b95,bf16_full,315,0.4413,0.4654,0.4167,0.4397,0.0487,0.4654,0.4485,,,0.4088,0.5833,-0.1759,bipolar_no_dominant_polarity,,,,,,,,,,,,0.0,,0,deepseek:deepseek-chat
small-instruct,meta-llama/Llama-3.2-3B-Instruct,3.2,baseline_fairsteer,baseline_fairsteer,,42,agrifacts_frozen_test|axis:social_group,social_group,all,flash_attention_2,AutoModelForCausalLM,0cb88a4f764b7a12671c53f0838cd831a0843b95,bf16_full,364,0.3407,0.3081,0.3698,0.3362,-0.0617,0.3081,0.3046,,,0.3372,0.6302,-0.3029,gap_fabrication_dominant,,,,,,,,,,,,0.0,,0,deepseek:deepseek-chat
broad-instruct,Qwen/Qwen3-4B-Instruct-2507,4.0,frozen_base,frozen_base,,42,agrifacts_frozen_test|axis:gender,gender,all,flash_attention_2,AutoModelForCausalLM,cdbee75f17c01a7cc42f958dc650907174af0554,bf16_full,70,0.5857,0.925,0.1333,0.2331,0.7917,0.925,0.5873,,,0.0,0.8667,-1.0,gap_fabrication_dominant,,,,,,,0.2087,0.5083,0.0,2.946,,0.0,,0,deepseek:deepseek-chat
broad-instruct,Qwen/Qwen3-4B-Instruct-2507,4.0,frozen_base,frozen_base,,42,agrifacts_frozen_test|axis:landholding,landholding,all,flash_attention_2,AutoModelForCausalLM,cdbee75f17c01a7cc42f958dc650907174af0554,bf16_full,315,0.4571,0.8742,0.0321,0.0618,0.8422,0.8742,0.4793,,,0.0,0.9679,-1.0,gap_fabrication_dominant,,,,,,,0.2087,0.5083,0.0,2.946,,0.0,,0,deepseek:deepseek-chat
broad-instruct,Qwen/Qwen3-4B-Instruct-2507,4.0,frozen_base,frozen_base,,42,agrifacts_frozen_test|axis:social_group,social_group,all,flash_attention_2,AutoModelForCausalLM,cdbee75f17c01a7cc42f958dc650907174af0554,bf16_full,364,0.522,0.6744,0.3854,0.4905,0.289,0.6744,0.4957,,,0.1105,0.6146,-0.6953,gap_fabrication_dominant,,,,,,,0.2087,0.5083,0.0,2.946,,0.0,,0,deepseek:deepseek-chat
broad-instruct,Qwen/Qwen3-4B-Instruct-2507,4.0,ablation_no_condition_adaptive,ablation_no_condition_adaptive,,42,agrifacts_frozen_test|axis:gender,gender,all,flash_attention_2,AutoModelForCausalLM,cdbee75f17c01a7cc42f958dc650907174af0554,bf16_full,70,1.0,1.0,1.0,1.0,0.0,1.0,1.0,,,0.0,0.0,0.0,bipolar_no_dominant_polarity,,,,,,,0.9799,0.9835,0.9987,4.73,1.37506,0.0,,0,deepseek:deepseek-chat
broad-instruct,Qwen/Qwen3-4B-Instruct-2507,4.0,ablation_no_condition_adaptive,ablation_no_condition_adaptive,,42,agrifacts_frozen_test|axis:landholding,landholding,all,flash_attention_2,AutoModelForCausalLM,cdbee75f17c01a7cc42f958dc650907174af0554,bf16_full,315,0.9016,0.9434,0.859,0.8992,0.0844,0.9434,0.8721,,,0.0,0.141,-1.0,gap_fabrication_dominant,,,,,,,0.9799,0.9835,0.9987,4.73,1.37506,0.0,,0,deepseek:deepseek-chat
broad-instruct,Qwen/Qwen3-4B-Instruct-2507,4.0,ablation_no_condition_adaptive,ablation_no_condition_adaptive,,42,agrifacts_frozen_test|axis:social_group,social_group,all,flash_attention_2,AutoModelForCausalLM,cdbee75f17c01a7cc42f958dc650907174af0554,bf16_full,364,0.956,0.9593,0.9531,0.9562,0.0062,0.9593,0.9483,,,0.0,0.0469,-1.0,gap_fabrication_dominant,,,,,,,0.9799,0.9835,0.9987,4.73,1.37506,0.0,,0,deepseek:deepseek-chat
broad-instruct,Qwen/Qwen3-4B-Instruct-2507,4.0,ablation_no_rationale_loss,ablation_no_rationale_loss,,42,agrifacts_frozen_test|axis:gender,gender,all,flash_attention_2,AutoModelForCausalLM,cdbee75f17c01a7cc42f958dc650907174af0554,bf16_full,70,1.0,1.0,1.0,1.0,0.0,1.0,1.0,,,0.0,0.0,0.0,bipolar_no_dominant_polarity,,,,,,,,,,,1.37506,0.0,,0,deepseek:deepseek-chat
broad-instruct,Qwen/Qwen3-4B-Instruct-2507,4.0,ablation_no_rationale_loss,ablation_no_rationale_loss,,42,agrifacts_frozen_test|axis:landholding,landholding,all,flash_attention_2,AutoModelForCausalLM,cdbee75f17c01a7cc42f958dc650907174af0554,bf16_full,315,0.9048,0.9686,0.8397,0.8996,0.1288,0.9686,0.8603,,,0.0,0.1603,-1.0,gap_fabrication_dominant,,,,,,,,,,,1.37506,0.0,,0,deepseek:deepseek-chat
broad-instruct,Qwen/Qwen3-4B-Instruct-2507,4.0,ablation_no_rationale_loss,ablation_no_rationale_loss,,42,agrifacts_frozen_test|axis:social_group,social_group,all,flash_attention_2,AutoModelForCausalLM,cdbee75f17c01a7cc42f958dc650907174af0554,bf16_full,364,0.9038,0.9419,0.8698,0.9044,0.0721,0.9419,0.8663,,,0.0058,0.1302,-0.9145,gap_fabrication_dominant,,,,,,,,,,,1.37506,0.0,,0,deepseek:deepseek-chat
broad-instruct,Qwen/Qwen3-4B-Instruct-2507,4.0,ablation_placement_random,ablation_placement_random,,42,agrifacts_frozen_test|axis:gender,gender,all,flash_attention_2,AutoModelForCausalLM,cdbee75f17c01a7cc42f958dc650907174af0554,bf16_full,70,1.0,1.0,1.0,1.0,0.0,1.0,1.0,,,0.0,0.0,0.0,bipolar_no_dominant_polarity,,,,,,,0.9832,0.9856,1.0,4.892,1.37506,0.0,,0,deepseek:deepseek-chat
broad-instruct,Qwen/Qwen3-4B-Instruct-2507,4.0,ablation_placement_random,ablation_placement_random,,42,agrifacts_frozen_test|axis:landholding,landholding,all,flash_attention_2,AutoModelForCausalLM,cdbee75f17c01a7cc42f958dc650907174af0554,bf16_full,315,0.9206,0.9686,0.8718,0.9176,0.0968,0.9686,0.8851,,,0.0,0.1282,-1.0,gap_fabrication_dominant,,,,,,,0.9832,0.9856,1.0,4.892,1.37506,0.0,,0,deepseek:deepseek-chat
broad-instruct,Qwen/Qwen3-4B-Instruct-2507,4.0,ablation_placement_random,ablation_placement_random,,42,agrifacts_frozen_test|axis:social_group,social_group,all,flash_attention_2,AutoModelForCausalLM,cdbee75f17c01a7cc42f958dc650907174af0554,bf16_full,364,0.9698,0.9593,0.9792,0.9691,-0.0199,0.9593,0.9763,,,0.0058,0.0208,-0.5636,gap_fabrication_dominant,,,,,,,0.9832,0.9856,1.0,4.892,1.37506,0.0,,0,deepseek:deepseek-chat
broad-instruct,Qwen/Qwen3-4B-Instruct-2507,4.0,ablation_placement_random_draw2,ablation_placement_random_draw2,,42,agrifacts_frozen_test|axis:gender,gender,all,flash_attention_2,AutoModelForCausalLM,cdbee75f17c01a7cc42f958dc650907174af0554,bf16_full,70,1.0,1.0,1.0,1.0,0.0,1.0,1.0,,,0.0,0.0,0.0,bipolar_no_dominant_polarity,,,,,,,0.9827,0.9846,0.9987,4.838,1.37506,0.0,,0,deepseek:deepseek-chat
broad-instruct,Qwen/Qwen3-4B-Instruct-2507,4.0,ablation_placement_random_draw2,ablation_placement_random_draw2,,42,agrifacts_frozen_test|axis:landholding,landholding,all,flash_attention_2,AutoModelForCausalLM,cdbee75f17c01a7cc42f958dc650907174af0554,bf16_full,315,0.9206,0.9623,0.8782,0.9183,0.0841,0.9623,0.8895,,,0.0063,0.1218,-0.9018,gap_fabrication_dominant,,,,,,,0.9827,0.9846,0.9987,4.838,1.37506,0.0,,0,deepseek:deepseek-chat
broad-instruct,Qwen/Qwen3-4B-Instruct-2507,4.0,ablation_placement_random_draw2,ablation_placement_random_draw2,,42,agrifacts_frozen_test|axis:social_group,social_group,all,flash_attention_2,AutoModelForCausalLM,cdbee75f17c01a7cc42f958dc650907174af0554,bf16_full,364,0.956,0.936,0.974,0.9546,-0.0379,0.936,0.9699,,,0.0233,0.026,-0.0565,bipolar_no_dominant_polarity,,,,,,,0.9827,0.9846,0.9987,4.838,1.37506,0.0,,0,deepseek:deepseek-chat
broad-instruct,Qwen/Qwen3-4B-Instruct-2507,4.0,ablation_placement_random_draw3,ablation_placement_random_draw3,,42,agrifacts_frozen_test|axis:gender,gender,all,flash_attention_2,AutoModelForCausalLM,cdbee75f17c01a7cc42f958dc650907174af0554,bf16_full,70,1.0,1.0,1.0,1.0,0.0,1.0,1.0,,,0.0,0.0,0.0,bipolar_no_dominant_polarity,,,,,,,0.9798,0.9819,0.9933,4.838,1.37506,0.0,,0,deepseek:deepseek-chat
broad-instruct,Qwen/Qwen3-4B-Instruct-2507,4.0,ablation_placement_random_draw3,ablation_placement_random_draw3,,42,agrifacts_frozen_test|axis:landholding,landholding,all,flash_attention_2,AutoModelForCausalLM,cdbee75f17c01a7cc42f958dc650907174af0554,bf16_full,315,0.9206,0.9686,0.8718,0.9176,0.0968,0.9686,0.8851,,,0.0,0.1282,-1.0,gap_fabrication_dominant,,,,,,,0.9798,0.9819,0.9933,4.838,1.37506,0.0,,0,deepseek:deepseek-chat
broad-instruct,Qwen/Qwen3-4B-Instruct-2507,4.0,ablation_placement_random_draw3,ablation_placement_random_draw3,,42,agrifacts_frozen_test|axis:social_group,social_group,all,flash_attention_2,AutoModelForCausalLM,cdbee75f17c01a7cc42f958dc650907174af0554,bf16_full,364,0.9423,0.9302,0.9531,0.9415,-0.0229,0.9302,0.9467,,,0.0116,0.0469,-0.6025,gap_fabrication_dominant,,,,,,,0.9798,0.9819,0.9933,4.838,1.37506,0.0,,0,deepseek:deepseek-chat
broad-instruct,Qwen/Qwen3-4B-Instruct-2507,4.0,ablation_placement_uniform,ablation_placement_uniform,,42,agrifacts_frozen_test|axis:gender,gender,all,flash_attention_2,AutoModelForCausalLM,cdbee75f17c01a7cc42f958dc650907174af0554,bf16_full,70,1.0,1.0,1.0,1.0,0.0,1.0,1.0,,,0.0,0.0,0.0,bipolar_no_dominant_polarity,,,,,,,0.9723,0.9765,0.9947,4.73,1.37506,0.0,,0,deepseek:deepseek-chat
broad-instruct,Qwen/Qwen3-4B-Instruct-2507,4.0,ablation_placement_uniform,ablation_placement_uniform,,42,agrifacts_frozen_test|axis:landholding,landholding,all,flash_attention_2,AutoModelForCausalLM,cdbee75f17c01a7cc42f958dc650907174af0554,bf16_full,315,0.9175,0.9686,0.8654,0.9141,0.1032,0.9686,0.88,,,0.0,0.1346,-1.0,gap_fabrication_dominant,,,,,,,0.9723,0.9765,0.9947,4.73,1.37506,0.0,,0,deepseek:deepseek-chat
broad-instruct,Qwen/Qwen3-4B-Instruct-2507,4.0,ablation_placement_uniform,ablation_placement_uniform,,42,agrifacts_frozen_test|axis:social_group,social_group,all,flash_attention_2,AutoModelForCausalLM,cdbee75f17c01a7cc42f958dc650907174af0554,bf16_full,364,0.9093,0.9302,0.8906,0.91,0.0396,0.9302,0.884,,,0.0,0.1094,-1.0,gap_fabrication_dominant,,,,,,,0.9723,0.9765,0.9947,4.73,1.37506,0.0,,0,deepseek:deepseek-chat
broad-instruct,Qwen/Qwen3-4B-Instruct-2507,4.0,ablation_rank_sweep_16,ablation_rank_sweep_16,,42,agrifacts_frozen_test|axis:gender,gender,all,flash_attention_2,AutoModelForCausalLM,cdbee75f17c01a7cc42f958dc650907174af0554,bf16_full,70,1.0,1.0,1.0,1.0,0.0,1.0,1.0,,,0.0,0.0,0.0,bipolar_no_dominant_polarity,,,,,,,0.973,0.9797,0.9953,4.757,0.54445,0.0,,0,deepseek:deepseek-chat
broad-instruct,Qwen/Qwen3-4B-Instruct-2507,4.0,ablation_rank_sweep_16,ablation_rank_sweep_16,,42,agrifacts_frozen_test|axis:landholding,landholding,all,flash_attention_2,AutoModelForCausalLM,cdbee75f17c01a7cc42f958dc650907174af0554,bf16_full,315,0.9175,0.9686,0.8654,0.9141,0.1032,0.9686,0.88,,,0.0,0.1346,-1.0,gap_fabrication_dominant,,,,,,,0.973,0.9797,0.9953,4.757,0.54445,0.0,,0,deepseek:deepseek-chat
broad-instruct,Qwen/Qwen3-4B-Instruct-2507,4.0,ablation_rank_sweep_16,ablation_rank_sweep_16,,42,agrifacts_frozen_test|axis:social_group,social_group,all,flash_attention_2,AutoModelForCausalLM,cdbee75f17c01a7cc42f958dc650907174af0554,bf16_full,364,0.9505,0.9767,0.9271,0.9513,0.0497,0.9767,0.9231,,,0.0,0.0729,-1.0,gap_fabrication_dominant,,,,,,,0.973,0.9797,0.9953,4.757,0.54445,0.0,,0,deepseek:deepseek-chat
broad-instruct,Qwen/Qwen3-4B-Instruct-2507,4.0,ablation_rank_sweep_32,ablation_rank_sweep_32,,42,agrifacts_frozen_test|axis:gender,gender,all,flash_attention_2,AutoModelForCausalLM,cdbee75f17c01a7cc42f958dc650907174af0554,bf16_full,70,0.9714,0.95,1.0,0.9744,-0.05,0.95,1.0,,,0.05,0.0,1.0,gap_erasure_dominant,,,,,,,0.977,0.9788,0.9973,4.784,1.083,0.0,,0,deepseek:deepseek-chat
broad-instruct,Qwen/Qwen3-4B-Instruct-2507,4.0,ablation_rank_sweep_32,ablation_rank_sweep_32,,42,agrifacts_frozen_test|axis:landholding,landholding,all,flash_attention_2,AutoModelForCausalLM,cdbee75f17c01a7cc42f958dc650907174af0554,bf16_full,315,0.9175,0.9686,0.8654,0.9141,0.1032,0.9686,0.88,,,0.0,0.1346,-1.0,gap_fabrication_dominant,,,,,,,0.977,0.9788,0.9973,4.784,1.083,0.0,,0,deepseek:deepseek-chat
broad-instruct,Qwen/Qwen3-4B-Instruct-2507,4.0,ablation_rank_sweep_32,ablation_rank_sweep_32,,42,agrifacts_frozen_test|axis:social_group,social_group,all,flash_attention_2,AutoModelForCausalLM,cdbee75f17c01a7cc42f958dc650907174af0554,bf16_full,364,0.9286,0.9651,0.8958,0.9292,0.0693,0.9651,0.8925,,,0.0,0.1042,-1.0,gap_fabrication_dominant,,,,,,,0.977,0.9788,0.9973,4.784,1.083,0.0,,0,deepseek:deepseek-chat
broad-instruct,Qwen/Qwen3-4B-Instruct-2507,4.0,ablation_rank_sweep_8,ablation_rank_sweep_8,,42,agrifacts_frozen_test|axis:gender,gender,all,flash_attention_2,AutoModelForCausalLM,cdbee75f17c01a7cc42f958dc650907174af0554,bf16_full,70,1.0,1.0,1.0,1.0,0.0,1.0,1.0,,,0.0,0.0,0.0,bipolar_no_dominant_polarity,,,,,,,0.9806,0.9824,1.0,4.838,0.27297,0.0,,0,deepseek:deepseek-chat
broad-instruct,Qwen/Qwen3-4B-Instruct-2507,4.0,ablation_rank_sweep_8,ablation_rank_sweep_8,,42,agrifacts_frozen_test|axis:landholding,landholding,all,flash_attention_2,AutoModelForCausalLM,cdbee75f17c01a7cc42f958dc650907174af0554,bf16_full,315,0.9206,0.9686,0.8718,0.9176,0.0968,0.9686,0.8851,,,0.0,0.1282,-1.0,gap_fabrication_dominant,,,,,,,0.9806,0.9824,1.0,4.838,0.27297,0.0,,0,deepseek:deepseek-chat
broad-instruct,Qwen/Qwen3-4B-Instruct-2507,4.0,ablation_rank_sweep_8,ablation_rank_sweep_8,,42,agrifacts_frozen_test|axis:social_group,social_group,all,flash_attention_2,AutoModelForCausalLM,cdbee75f17c01a7cc42f958dc650907174af0554,bf16_full,364,0.9478,0.9826,0.9167,0.9485,0.0659,0.9826,0.9135,,,0.0,0.0833,-1.0,gap_fabrication_dominant,,,,,,,0.9806,0.9824,1.0,4.838,0.27297,0.0,,0,deepseek:deepseek-chat
broad-instruct,Qwen/Qwen3-4B-Instruct-2507,4.0,baseline_dart,baseline_dart,,42,agrifacts_frozen_test|axis:gender,gender,all,flash_attention_2,AutoModelForCausalLM,cdbee75f17c01a7cc42f958dc650907174af0554,bf16_full,70,1.0,1.0,1.0,1.0,0.0,1.0,1.0,,,0.0,0.0,0.0,bipolar_no_dominant_polarity,,,,,,,0.9808,0.982,0.9993,4.892,1.37506,0.0,,0,deepseek:deepseek-chat
broad-instruct,Qwen/Qwen3-4B-Instruct-2507,4.0,baseline_dart,baseline_dart,,42,agrifacts_frozen_test|axis:landholding,landholding,all,flash_attention_2,AutoModelForCausalLM,cdbee75f17c01a7cc42f958dc650907174af0554,bf16_full,315,0.9143,0.9686,0.859,0.9105,0.1096,0.9686,0.875,,,0.0,0.141,-1.0,gap_fabrication_dominant,,,,,,,0.9808,0.982,0.9993,4.892,1.37506,0.0,,0,deepseek:deepseek-chat
broad-instruct,Qwen/Qwen3-4B-Instruct-2507,4.0,baseline_dart,baseline_dart,,42,agrifacts_frozen_test|axis:social_group,social_group,all,flash_attention_2,AutoModelForCausalLM,cdbee75f17c01a7cc42f958dc650907174af0554,bf16_full,364,0.9368,0.9128,0.9583,0.935,-0.0455,0.9128,0.9515,,,0.0233,0.0417,-0.2836,gap_fabrication_dominant,,,,,,,0.9808,0.982,0.9993,4.892,1.37506,0.0,,0,deepseek:deepseek-chat
broad-instruct,Qwen/Qwen3-4B-Instruct-2507,4.0,baseline_dart,baseline_dart,,43,agrifacts_frozen_test|axis:gender,gender,all,flash_attention_2,AutoModelForCausalLM,cdbee75f17c01a7cc42f958dc650907174af0554,bf16_full,70,1.0,1.0,1.0,1.0,0.0,1.0,1.0,,,0.0,0.0,0.0,bipolar_no_dominant_polarity,,,,,,,0.9808,0.9825,0.9993,4.838,1.37506,0.0,,0,deepseek:deepseek-chat
broad-instruct,Qwen/Qwen3-4B-Instruct-2507,4.0,baseline_dart,baseline_dart,,43,agrifacts_frozen_test|axis:landholding,landholding,all,flash_attention_2,AutoModelForCausalLM,cdbee75f17c01a7cc42f958dc650907174af0554,bf16_full,315,0.9206,0.9497,0.891,0.9194,0.0587,0.9497,0.8988,,,0.0126,0.109,-0.793,gap_fabrication_dominant,,,,,,,0.9808,0.9825,0.9993,4.838,1.37506,0.0,,0,deepseek:deepseek-chat
broad-instruct,Qwen/Qwen3-4B-Instruct-2507,4.0,baseline_dart,baseline_dart,,43,agrifacts_frozen_test|axis:social_group,social_group,all,flash_attention_2,AutoModelForCausalLM,cdbee75f17c01a7cc42f958dc650907174af0554,bf16_full,364,0.9368,0.8779,0.9896,0.9304,-0.1117,0.8779,0.9869,,,0.0756,0.0104,0.7577,gap_erasure_dominant,,,,,,,0.9808,0.9825,0.9993,4.838,1.37506,0.0,,0,deepseek:deepseek-chat
broad-instruct,Qwen/Qwen3-4B-Instruct-2507,4.0,baseline_dart,baseline_dart,,44,agrifacts_frozen_test|axis:gender,gender,all,flash_attention_2,AutoModelForCausalLM,cdbee75f17c01a7cc42f958dc650907174af0554,bf16_full,70,1.0,1.0,1.0,1.0,0.0,1.0,1.0,,,0.0,0.0,0.0,bipolar_no_dominant_polarity,,,,,,,0.9822,0.9845,0.9993,4.811,1.37506,0.0,,0,deepseek:deepseek-chat
broad-instruct,Qwen/Qwen3-4B-Instruct-2507,4.0,baseline_dart,baseline_dart,,44,agrifacts_frozen_test|axis:landholding,landholding,all,flash_attention_2,AutoModelForCausalLM,cdbee75f17c01a7cc42f958dc650907174af0554,bf16_full,315,0.9143,0.956,0.8718,0.9119,0.0842,0.956,0.8837,,,0.0126,0.1282,-0.8213,gap_fabrication_dominant,,,,,,,0.9822,0.9845,0.9993,4.811,1.37506,0.0,,0,deepseek:deepseek-chat
broad-instruct,Qwen/Qwen3-4B-Instruct-2507,4.0,baseline_dart,baseline_dart,,44,agrifacts_frozen_test|axis:social_group,social_group,all,flash_attention_2,AutoModelForCausalLM,cdbee75f17c01a7cc42f958dc650907174af0554,bf16_full,364,0.9588,0.9302,0.9844,0.9565,-0.0541,0.9302,0.9816,,,0.0174,0.0156,0.0549,bipolar_no_dominant_polarity,,,,,,,0.9822,0.9845,0.9993,4.811,1.37506,0.0,,0,deepseek:deepseek-chat
broad-instruct,Qwen/Qwen3-4B-Instruct-2507,4.0,baseline_fairnet,baseline_fairnet,,42,agrifacts_frozen_test|axis:gender,gender,all,flash_attention_2,AutoModelForCausalLM,cdbee75f17c01a7cc42f958dc650907174af0554,bf16_full,70,1.0,1.0,1.0,1.0,0.0,1.0,1.0,,,0.0,0.0,0.0,bipolar_no_dominant_polarity,,,,,,,,,,,1.37506,0.0,,0,deepseek:deepseek-chat
broad-instruct,Qwen/Qwen3-4B-Instruct-2507,4.0,baseline_fairnet,baseline_fairnet,,42,agrifacts_frozen_test|axis:landholding,landholding,all,flash_attention_2,AutoModelForCausalLM,cdbee75f17c01a7cc42f958dc650907174af0554,bf16_full,315,0.873,0.9686,0.7756,0.8614,0.1929,0.9686,0.8148,,,0.0,0.2244,-1.0,gap_fabrication_dominant,,,,,,,,,,,1.37506,0.0,,0,deepseek:deepseek-chat
broad-instruct,Qwen/Qwen3-4B-Instruct-2507,4.0,baseline_fairnet,baseline_fairnet,,42,agrifacts_frozen_test|axis:social_group,social_group,all,flash_attention_2,AutoModelForCausalLM,cdbee75f17c01a7cc42f958dc650907174af0554,bf16_full,364,0.956,0.9302,0.9792,0.9541,-0.0489,0.9302,0.9756,,,0.0523,0.0208,0.4305,gap_erasure_dominant,,,,,,,,,,,1.37506,0.0,,0,deepseek:deepseek-chat
broad-instruct,Qwen/Qwen3-4B-Instruct-2507,4.0,baseline_fairnet,baseline_fairnet,,43,agrifacts_frozen_test|axis:gender,gender,all,flash_attention_2,AutoModelForCausalLM,cdbee75f17c01a7cc42f958dc650907174af0554,bf16_full,70,1.0,1.0,1.0,1.0,0.0,1.0,1.0,,,0.0,0.0,0.0,bipolar_no_dominant_polarity,,,,,,,,,,,1.37506,0.0,,0,deepseek:deepseek-chat
broad-instruct,Qwen/Qwen3-4B-Instruct-2507,4.0,baseline_fairnet,baseline_fairnet,,43,agrifacts_frozen_test|axis:landholding,landholding,all,flash_attention_2,AutoModelForCausalLM,cdbee75f17c01a7cc42f958dc650907174af0554,bf16_full,315,0.9238,0.9686,0.8782,0.9212,0.0903,0.9686,0.8902,,,0.0,0.1218,-1.0,gap_fabrication_dominant,,,,,,,,,,,1.37506,0.0,,0,deepseek:deepseek-chat
broad-instruct,Qwen/Qwen3-4B-Instruct-2507,4.0,baseline_fairnet,baseline_fairnet,,43,agrifacts_frozen_test|axis:social_group,social_group,all,flash_attention_2,AutoModelForCausalLM,cdbee75f17c01a7cc42f958dc650907174af0554,bf16_full,364,0.8901,0.7849,0.9844,0.8734,-0.1995,0.7849,0.9783,,,0.1395,0.0156,0.7986,gap_erasure_dominant,,,,,,,,,,,1.37506,0.0,,0,deepseek:deepseek-chat
broad-instruct,Qwen/Qwen3-4B-Instruct-2507,4.0,baseline_fairnet,baseline_fairnet,,44,agrifacts_frozen_test|axis:gender,gender,all,flash_attention_2,AutoModelForCausalLM,cdbee75f17c01a7cc42f958dc650907174af0554,bf16_full,70,0.9571,0.925,1.0,0.961,-0.075,0.925,1.0,,,0.075,0.0,1.0,gap_erasure_dominant,,,,,,,,,,,1.37506,0.0,,0,deepseek:deepseek-chat
broad-instruct,Qwen/Qwen3-4B-Instruct-2507,4.0,baseline_fairnet,baseline_fairnet,,44,agrifacts_frozen_test|axis:landholding,landholding,all,flash_attention_2,AutoModelForCausalLM,cdbee75f17c01a7cc42f958dc650907174af0554,bf16_full,315,0.9048,0.9686,0.8397,0.8996,0.1288,0.9686,0.8603,,,0.0,0.1603,-1.0,gap_fabrication_dominant,,,,,,,,,,,1.37506,0.0,,0,deepseek:deepseek-chat
broad-instruct,Qwen/Qwen3-4B-Instruct-2507,4.0,baseline_fairnet,baseline_fairnet,,44,agrifacts_frozen_test|axis:social_group,social_group,all,flash_attention_2,AutoModelForCausalLM,cdbee75f17c01a7cc42f958dc650907174af0554,bf16_full,364,0.8929,0.907,0.8802,0.8934,0.0268,0.907,0.8715,,,0.0,0.1198,-1.0,gap_fabrication_dominant,,,,,,,,,,,1.37506,0.0,,0,deepseek:deepseek-chat
broad-instruct,Qwen/Qwen3-4B-Instruct-2507,4.0,baseline_igu_lora,baseline_igu_lora,,42,agrifacts_frozen_test|axis:gender,gender,all,flash_attention_2,AutoModelForCausalLM,cdbee75f17c01a7cc42f958dc650907174af0554,bf16_full,70,1.0,1.0,1.0,1.0,0.0,1.0,1.0,,,0.0,0.0,0.0,bipolar_no_dominant_polarity,,,,,,,,,,,1.37506,0.0,,0,deepseek:deepseek-chat
broad-instruct,Qwen/Qwen3-4B-Instruct-2507,4.0,baseline_igu_lora,baseline_igu_lora,,42,agrifacts_frozen_test|axis:landholding,landholding,all,flash_attention_2,AutoModelForCausalLM,cdbee75f17c01a7cc42f958dc650907174af0554,bf16_full,315,0.927,0.956,0.8974,0.9258,0.0585,0.956,0.9048,,,0.0126,0.1026,-0.7815,gap_fabrication_dominant,,,,,,,,,,,1.37506,0.0,,0,deepseek:deepseek-chat
broad-instruct,Qwen/Qwen3-4B-Instruct-2507,4.0,baseline_igu_lora,baseline_igu_lora,,42,agrifacts_frozen_test|axis:social_group,social_group,all,flash_attention_2,AutoModelForCausalLM,cdbee75f17c01a7cc42f958dc650907174af0554,bf16_full,364,0.9615,0.936,0.9844,0.9596,-0.0483,0.936,0.9817,,,0.0291,0.0156,0.3008,gap_erasure_dominant,,,,,,,,,,,1.37506,0.0,,0,deepseek:deepseek-chat
broad-instruct,Qwen/Qwen3-4B-Instruct-2507,4.0,baseline_lftf,baseline_lftf,,42,agrifacts_frozen_test|axis:gender,gender,all,flash_attention_2,AutoModelForCausalLM,cdbee75f17c01a7cc42f958dc650907174af0554,bf16_full,70,1.0,1.0,1.0,1.0,0.0,1.0,1.0,,,0.0,0.0,0.0,bipolar_no_dominant_polarity,,,,,,,,,,,1.35009,0.0,,0,deepseek:deepseek-chat
broad-instruct,Qwen/Qwen3-4B-Instruct-2507,4.0,baseline_lftf,baseline_lftf,,42,agrifacts_frozen_test|axis:landholding,landholding,all,flash_attention_2,AutoModelForCausalLM,cdbee75f17c01a7cc42f958dc650907174af0554,bf16_full,315,0.9143,0.9623,0.8654,0.9113,0.0969,0.9623,0.8793,,,0.0063,0.1346,-0.9107,gap_fabrication_dominant,,,,,,,,,,,1.35009,0.0,,0,deepseek:deepseek-chat
broad-instruct,Qwen/Qwen3-4B-Instruct-2507,4.0,baseline_lftf,baseline_lftf,,42,agrifacts_frozen_test|axis:social_group,social_group,all,flash_attention_2,AutoModelForCausalLM,cdbee75f17c01a7cc42f958dc650907174af0554,bf16_full,364,0.9176,0.8488,0.9792,0.9094,-0.1303,0.8488,0.9733,,,0.0988,0.0208,0.6518,gap_erasure_dominant,,,,,,,,,,,1.35009,0.0,,0,deepseek:deepseek-chat
broad-instruct,Qwen/Qwen3-4B-Instruct-2507,4.0,baseline_pedal,baseline_pedal,,42,agrifacts_frozen_test|axis:gender,gender,all,flash_attention_2,AutoModelForCausalLM,cdbee75f17c01a7cc42f958dc650907174af0554,bf16_full,70,1.0,1.0,1.0,1.0,0.0,1.0,1.0,,,0.0,0.0,0.0,bipolar_no_dominant_polarity,,,,,,,,,,,1.37506,0.0,,0,deepseek:deepseek-chat
broad-instruct,Qwen/Qwen3-4B-Instruct-2507,4.0,baseline_pedal,baseline_pedal,,42,agrifacts_frozen_test|axis:landholding,landholding,all,flash_attention_2,AutoModelForCausalLM,cdbee75f17c01a7cc42f958dc650907174af0554,bf16_full,315,0.9143,0.9497,0.8782,0.9125,0.0715,0.9497,0.8882,,,0.0252,0.1218,-0.6576,gap_fabrication_dominant,,,,,,,,,,,1.37506,0.0,,0,deepseek:deepseek-chat
broad-instruct,Qwen/Qwen3-4B-Instruct-2507,4.0,baseline_pedal,baseline_pedal,,42,agrifacts_frozen_test|axis:social_group,social_group,all,flash_attention_2,AutoModelForCausalLM,cdbee75f17c01a7cc42f958dc650907174af0554,bf16_full,364,0.9286,0.9535,0.9062,0.9293,0.0472,0.9535,0.9011,,,0.0058,0.0938,-0.8832,gap_fabrication_dominant,,,,,,,,,,,1.37506,0.0,,0,deepseek:deepseek-chat
broad-instruct,Qwen/Qwen3-4B-Instruct-2507,4.0,baseline_regift,baseline_regift,,42,agrifacts_frozen_test|axis:gender,gender,all,flash_attention_2,AutoModelForCausalLM,cdbee75f17c01a7cc42f958dc650907174af0554,bf16_full,70,1.0,1.0,1.0,1.0,0.0,1.0,1.0,,,0.0,0.0,0.0,bipolar_no_dominant_polarity,,,,,,,0.977,0.9825,0.9626,4.892,1.37506,0.0,,0,deepseek:deepseek-chat
broad-instruct,Qwen/Qwen3-4B-Instruct-2507,4.0,baseline_regift,baseline_regift,,42,agrifacts_frozen_test|axis:landholding,landholding,all,flash_attention_2,AutoModelForCausalLM,cdbee75f17c01a7cc42f958dc650907174af0554,bf16_full,315,0.9238,0.9686,0.8782,0.9212,0.0903,0.9686,0.8902,,,0.0,0.1218,-1.0,gap_fabrication_dominant,,,,,,,0.977,0.9825,0.9626,4.892,1.37506,0.0,,0,deepseek:deepseek-chat
broad-instruct,Qwen/Qwen3-4B-Instruct-2507,4.0,baseline_regift,baseline_regift,,42,agrifacts_frozen_test|axis:social_group,social_group,all,flash_attention_2,AutoModelForCausalLM,cdbee75f17c01a7cc42f958dc650907174af0554,bf16_full,364,0.9725,0.9593,0.9844,0.9717,-0.0251,0.9593,0.9821,,,0.0174,0.0156,0.0549,bipolar_no_dominant_polarity,,,,,,,0.977,0.9825,0.9626,4.892,1.37506,0.0,,0,deepseek:deepseek-chat
broad-instruct,Qwen/Qwen3-4B-Instruct-2507,4.0,graft_proposed,graft_proposed,,42,agrifacts_frozen_test|axis:gender,gender,all,flash_attention_2,AutoModelForCausalLM,cdbee75f17c01a7cc42f958dc650907174af0554,bf16_full,70,1.0,1.0,1.0,1.0,0.0,1.0,1.0,,,0.0,0.0,0.0,bipolar_no_dominant_polarity,,,,,,,0.9818,0.9833,0.9987,4.838,1.37506,0.0,,0,deepseek:deepseek-chat
broad-instruct,Qwen/Qwen3-4B-Instruct-2507,4.0,graft_proposed,graft_proposed,,42,agrifacts_frozen_test|axis:landholding,landholding,all,flash_attention_2,AutoModelForCausalLM,cdbee75f17c01a7cc42f958dc650907174af0554,bf16_full,315,0.9143,0.9686,0.859,0.9105,0.1096,0.9686,0.875,,,0.0,0.141,-1.0,gap_fabrication_dominant,,,,,,,0.9818,0.9833,0.9987,4.838,1.37506,0.0,,0,deepseek:deepseek-chat
broad-instruct,Qwen/Qwen3-4B-Instruct-2507,4.0,graft_proposed,graft_proposed,,42,agrifacts_frozen_test|axis:social_group,social_group,all,flash_attention_2,AutoModelForCausalLM,cdbee75f17c01a7cc42f958dc650907174af0554,bf16_full,364,0.9451,0.9186,0.9688,0.943,-0.0501,0.9186,0.9634,,,0.0174,0.0312,-0.2836,gap_fabrication_dominant,,,,,,,0.9818,0.9833,0.9987,4.838,1.37506,0.0,,0,deepseek:deepseek-chat
broad-instruct,Qwen/Qwen3-4B-Instruct-2507,4.0,graft_proposed,graft_proposed,,43,agrifacts_frozen_test|axis:gender,gender,all,flash_attention_2,AutoModelForCausalLM,cdbee75f17c01a7cc42f958dc650907174af0554,bf16_full,70,1.0,1.0,1.0,1.0,0.0,1.0,1.0,,,0.0,0.0,0.0,bipolar_no_dominant_polarity,,,,,,,0.9873,0.9883,0.9987,4.838,1.37506,0.0,,0,deepseek:deepseek-chat
broad-instruct,Qwen/Qwen3-4B-Instruct-2507,4.0,graft_proposed,graft_proposed,,43,agrifacts_frozen_test|axis:landholding,landholding,all,flash_attention_2,AutoModelForCausalLM,cdbee75f17c01a7cc42f958dc650907174af0554,bf16_full,315,0.9302,0.9623,0.8974,0.9287,0.0648,0.9623,0.9053,,,0.0063,0.1026,-0.8844,gap_fabrication_dominant,,,,,,,0.9873,0.9883,0.9987,4.838,1.37506,0.0,,0,deepseek:deepseek-chat
broad-instruct,Qwen/Qwen3-4B-Instruct-2507,4.0,graft_proposed,graft_proposed,,43,agrifacts_frozen_test|axis:social_group,social_group,all,flash_attention_2,AutoModelForCausalLM,cdbee75f17c01a7cc42f958dc650907174af0554,bf16_full,364,0.9753,0.9826,0.9688,0.9756,0.0138,0.9826,0.9657,,,0.0,0.0312,-1.0,gap_fabrication_dominant,,,,,,,0.9873,0.9883,0.9987,4.838,1.37506,0.0,,0,deepseek:deepseek-chat
broad-instruct,Qwen/Qwen3-4B-Instruct-2507,4.0,graft_proposed,graft_proposed,,44,agrifacts_frozen_test|axis:gender,gender,all,flash_attention_2,AutoModelForCausalLM,cdbee75f17c01a7cc42f958dc650907174af0554,bf16_full,70,1.0,1.0,1.0,1.0,0.0,1.0,1.0,,,0.0,0.0,0.0,bipolar_no_dominant_polarity,,,,,,,0.9721,0.9742,1.0,4.784,1.37506,0.0,,0,deepseek:deepseek-chat
broad-instruct,Qwen/Qwen3-4B-Instruct-2507,4.0,graft_proposed,graft_proposed,,44,agrifacts_frozen_test|axis:landholding,landholding,all,flash_attention_2,AutoModelForCausalLM,cdbee75f17c01a7cc42f958dc650907174af0554,bf16_full,315,0.8825,0.9686,0.7949,0.8732,0.1737,0.9686,0.828,,,0.0,0.2051,-1.0,gap_fabrication_dominant,,,,,,,0.9721,0.9742,1.0,4.784,1.37506,0.0,,0,deepseek:deepseek-chat
broad-instruct,Qwen/Qwen3-4B-Instruct-2507,4.0,graft_proposed,graft_proposed,,44,agrifacts_frozen_test|axis:social_group,social_group,all,flash_attention_2,AutoModelForCausalLM,cdbee75f17c01a7cc42f958dc650907174af0554,bf16_full,364,0.9231,0.9535,0.8958,0.9238,0.0577,0.9535,0.8913,,,0.0,0.1042,-1.0,gap_fabrication_dominant,,,,,,,0.9721,0.9742,1.0,4.784,1.37506,0.0,,0,deepseek:deepseek-chat
broad-instruct,Qwen/Qwen3-4B-Instruct-2507,4.0,graft_proposed_qlora_nf4,graft_proposed_qlora_nf4,,42,agrifacts_frozen_test|axis:gender,gender,all,flash_attention_2,AutoModelForCausalLM,cdbee75f17c01a7cc42f958dc650907174af0554,nf4_4bit,70,0.9857,0.975,1.0,0.9873,-0.025,0.975,1.0,,,0.025,0.0,1.0,gap_erasure_dominant,,,,,,,0.9753,0.9779,0.9933,4.676,2.47945,0.0,,0,deepseek:deepseek-chat
broad-instruct,Qwen/Qwen3-4B-Instruct-2507,4.0,graft_proposed_qlora_nf4,graft_proposed_qlora_nf4,,42,agrifacts_frozen_test|axis:landholding,landholding,all,flash_attention_2,AutoModelForCausalLM,cdbee75f17c01a7cc42f958dc650907174af0554,nf4_4bit,315,0.8857,0.9057,0.8654,0.8851,0.0403,0.9057,0.8727,,,0.0,0.1346,-1.0,gap_fabrication_dominant,,,,,,,0.9753,0.9779,0.9933,4.676,2.47945,0.0,,0,deepseek:deepseek-chat
broad-instruct,Qwen/Qwen3-4B-Instruct-2507,4.0,graft_proposed_qlora_nf4,graft_proposed_qlora_nf4,,42,agrifacts_frozen_test|axis:social_group,social_group,all,flash_attention_2,AutoModelForCausalLM,cdbee75f17c01a7cc42f958dc650907174af0554,nf4_4bit,364,0.9176,0.9128,0.9219,0.9173,-0.0091,0.9128,0.9128,,,0.0,0.0781,-1.0,gap_fabrication_dominant,,,,,,,0.9753,0.9779,0.9933,4.676,2.47945,0.0,,0,deepseek:deepseek-chat
broad-instruct,Qwen/Qwen3-4B-Instruct-2507,4.0,reference_vanilla_lora,reference_vanilla_lora,,42,agrifacts_frozen_test|axis:gender,gender,all,flash_attention_2,AutoModelForCausalLM,cdbee75f17c01a7cc42f958dc650907174af0554,bf16_full,70,1.0,1.0,1.0,1.0,0.0,1.0,1.0,,,0.0,0.0,0.0,bipolar_no_dominant_polarity,,,,,,,,,,,0.40889,0.0,,0,deepseek:deepseek-chat
broad-instruct,Qwen/Qwen3-4B-Instruct-2507,4.0,reference_vanilla_lora,reference_vanilla_lora,,42,agrifacts_frozen_test|axis:landholding,landholding,all,flash_attention_2,AutoModelForCausalLM,cdbee75f17c01a7cc42f958dc650907174af0554,bf16_full,315,0.9206,0.9748,0.8654,0.9169,0.1095,0.9748,0.8807,,,0.0,0.1346,-1.0,gap_fabrication_dominant,,,,,,,,,,,0.40889,0.0,,0,deepseek:deepseek-chat
broad-instruct,Qwen/Qwen3-4B-Instruct-2507,4.0,reference_vanilla_lora,reference_vanilla_lora,,42,agrifacts_frozen_test|axis:social_group,social_group,all,flash_attention_2,AutoModelForCausalLM,cdbee75f17c01a7cc42f958dc650907174af0554,bf16_full,364,0.9368,0.9186,0.9531,0.9355,-0.0345,0.9186,0.9461,,,0.0233,0.0469,-0.3368,gap_fabrication_dominant,,,,,,,,,,,0.40889,0.0,,0,deepseek:deepseek-chat
broad-instruct,Qwen/Qwen3-4B-Instruct-2507,4.0,reference_vanilla_lora,reference_vanilla_lora,,43,agrifacts_frozen_test|axis:gender,gender,all,flash_attention_2,AutoModelForCausalLM,cdbee75f17c01a7cc42f958dc650907174af0554,bf16_full,70,1.0,1.0,1.0,1.0,0.0,1.0,1.0,,,0.0,0.0,0.0,bipolar_no_dominant_polarity,,,,,,,,,,,0.40889,0.0,,0,deepseek:deepseek-chat
broad-instruct,Qwen/Qwen3-4B-Instruct-2507,4.0,reference_vanilla_lora,reference_vanilla_lora,,43,agrifacts_frozen_test|axis:landholding,landholding,all,flash_attention_2,AutoModelForCausalLM,cdbee75f17c01a7cc42f958dc650907174af0554,bf16_full,315,0.927,0.9686,0.8846,0.9247,0.0839,0.9686,0.8953,,,0.0,0.1154,-1.0,gap_fabrication_dominant,,,,,,,,,,,0.40889,0.0,,0,deepseek:deepseek-chat
broad-instruct,Qwen/Qwen3-4B-Instruct-2507,4.0,reference_vanilla_lora,reference_vanilla_lora,,43,agrifacts_frozen_test|axis:social_group,social_group,all,flash_attention_2,AutoModelForCausalLM,cdbee75f17c01a7cc42f958dc650907174af0554,bf16_full,364,0.9588,0.9302,0.9844,0.9565,-0.0541,0.9302,0.9816,,,0.0174,0.0156,0.0549,bipolar_no_dominant_polarity,,,,,,,,,,,0.40889,0.0,,0,deepseek:deepseek-chat
broad-instruct,Qwen/Qwen3-4B-Instruct-2507,4.0,reference_vanilla_lora,reference_vanilla_lora,,44,agrifacts_frozen_test|axis:gender,gender,all,flash_attention_2,AutoModelForCausalLM,cdbee75f17c01a7cc42f958dc650907174af0554,bf16_full,70,0.9857,0.975,1.0,0.9873,-0.025,0.975,1.0,,,0.025,0.0,1.0,gap_erasure_dominant,,,,,,,,,,,0.40889,0.0,,0,deepseek:deepseek-chat
broad-instruct,Qwen/Qwen3-4B-Instruct-2507,4.0,reference_vanilla_lora,reference_vanilla_lora,,44,agrifacts_frozen_test|axis:landholding,landholding,all,flash_attention_2,AutoModelForCausalLM,cdbee75f17c01a7cc42f958dc650907174af0554,bf16_full,315,0.9048,0.9119,0.8974,0.9046,0.0145,0.9119,0.9006,,,0.0629,0.1026,-0.2398,gap_fabrication_dominant,,,,,,,,,,,0.40889,0.0,,0,deepseek:deepseek-chat
broad-instruct,Qwen/Qwen3-4B-Instruct-2507,4.0,reference_vanilla_lora,reference_vanilla_lora,,44,agrifacts_frozen_test|axis:social_group,social_group,all,flash_attention_2,AutoModelForCausalLM,cdbee75f17c01a7cc42f958dc650907174af0554,bf16_full,364,0.9176,0.936,0.901,0.9182,0.035,0.936,0.8944,,,0.0233,0.099,-0.6194,gap_fabrication_dominant,,,,,,,,,,,0.40889,0.0,,0,deepseek:deepseek-chat
broad-instruct,Qwen/Qwen3-4B-Instruct-2507,4.0,reference_vanilla_qlora,reference_vanilla_qlora,,42,agrifacts_frozen_test|axis:gender,gender,all,flash_attention_2,AutoModelForCausalLM,cdbee75f17c01a7cc42f958dc650907174af0554,nf4_4bit,70,1.0,1.0,1.0,1.0,0.0,1.0,1.0,,,0.0,0.0,0.0,bipolar_no_dominant_polarity,,,,,,,,,,,0.74314,0.0,,0,deepseek:deepseek-chat
broad-instruct,Qwen/Qwen3-4B-Instruct-2507,4.0,reference_vanilla_qlora,reference_vanilla_qlora,,42,agrifacts_frozen_test|axis:landholding,landholding,all,flash_attention_2,AutoModelForCausalLM,cdbee75f17c01a7cc42f958dc650907174af0554,nf4_4bit,315,0.9143,0.9686,0.859,0.9105,0.1096,0.9686,0.875,,,0.0,0.141,-1.0,gap_fabrication_dominant,,,,,,,,,,,0.74314,0.0,,0,deepseek:deepseek-chat
broad-instruct,Qwen/Qwen3-4B-Instruct-2507,4.0,reference_vanilla_qlora,reference_vanilla_qlora,,42,agrifacts_frozen_test|axis:social_group,social_group,all,flash_attention_2,AutoModelForCausalLM,cdbee75f17c01a7cc42f958dc650907174af0554,nf4_4bit,364,0.9698,0.9593,0.9792,0.9691,-0.0199,0.9593,0.9763,,,0.0058,0.0208,-0.5636,gap_fabrication_dominant,,,,,,,,,,,0.74314,0.0,,0,deepseek:deepseek-chat
broad-instruct,Qwen/Qwen3-4B-Instruct-2507,4.0,baseline_fairsteer,baseline_fairsteer,,42,agrifacts_frozen_test|axis:gender,gender,all,flash_attention_2,AutoModelForCausalLM,cdbee75f17c01a7cc42f958dc650907174af0554,bf16_full,70,0.5714,0.95,0.0667,0.1246,0.8833,0.95,0.5758,,,0.0,0.9333,-1.0,gap_fabrication_dominant,,,,,,,,,,,,0.0,,0,deepseek:deepseek-chat
broad-instruct,Qwen/Qwen3-4B-Instruct-2507,4.0,baseline_fairsteer,baseline_fairsteer,,42,agrifacts_frozen_test|axis:landholding,landholding,all,flash_attention_2,AutoModelForCausalLM,cdbee75f17c01a7cc42f958dc650907174af0554,bf16_full,315,0.3683,0.7296,0.0,0.0,0.7296,0.7296,0.4265,,,0.0,1.0,-1.0,gap_fabrication_dominant,,,,,,,,,,,,0.0,,0,deepseek:deepseek-chat
broad-instruct,Qwen/Qwen3-4B-Instruct-2507,4.0,baseline_fairsteer,baseline_fairsteer,,42,agrifacts_frozen_test|axis:social_group,social_group,all,flash_attention_2,AutoModelForCausalLM,cdbee75f17c01a7cc42f958dc650907174af0554,bf16_full,364,0.2692,0.5698,0.0,0.0,0.5698,0.5698,0.3379,,,0.0,1.0,-1.0,gap_fabrication_dominant,,,,,,,,,,,,0.0,,0,deepseek:deepseek-chat
general-instruct-2,mistralai/Ministral-8B-Instruct-2410,8.0,frozen_base,frozen_base,,42,agrifacts_frozen_test|axis:gender,gender,all,flash_attention_2,AutoModelForCausalLM,2f494a194c5b980dfb9772cb92d26cbb671fce5a,bf16_full,70,0.4286,0.4,0.4667,0.4308,-0.0667,0.4,0.5,,,0.475,0.5333,-0.0579,bipolar_no_dominant_polarity,,,,,,,0.1409,0.409,0.0,2.946,,0.0,,0,deepseek:deepseek-chat
general-instruct-2,mistralai/Ministral-8B-Instruct-2410,8.0,frozen_base,frozen_base,,42,agrifacts_frozen_test|axis:landholding,landholding,all,flash_attention_2,AutoModelForCausalLM,2f494a194c5b980dfb9772cb92d26cbb671fce5a,bf16_full,315,0.4286,0.4403,0.4167,0.4281,0.0236,0.4403,0.4348,,,0.4088,0.5833,-0.1759,bipolar_no_dominant_polarity,,,,,,,0.1409,0.409,0.0,2.946,,0.0,,0,deepseek:deepseek-chat
general-instruct-2,mistralai/Ministral-8B-Instruct-2410,8.0,frozen_base,frozen_base,,42,agrifacts_frozen_test|axis:social_group,social_group,all,flash_attention_2,AutoModelForCausalLM,2f494a194c5b980dfb9772cb92d26cbb671fce5a,bf16_full,364,0.4313,0.4767,0.3906,0.4294,0.0861,0.4767,0.4121,,,0.343,0.6094,-0.2797,gap_fabrication_dominant,,,,,,,0.1409,0.409,0.0,2.946,,0.0,,0,deepseek:deepseek-chat
general-instruct-2,mistralai/Ministral-8B-Instruct-2410,8.0,ablation_no_condition_adaptive,ablation_no_condition_adaptive,,42,agrifacts_frozen_test|axis:gender,gender,all,flash_attention_2,AutoModelForCausalLM,2f494a194c5b980dfb9772cb92d26cbb671fce5a,bf16_full,70,0.9571,0.925,1.0,0.961,-0.075,0.925,1.0,,,0.075,0.0,1.0,gap_erasure_dominant,,,,,,,0.9666,0.9723,0.984,4.649,0.70086,0.0,,0,deepseek:deepseek-chat
general-instruct-2,mistralai/Ministral-8B-Instruct-2410,8.0,ablation_no_condition_adaptive,ablation_no_condition_adaptive,,42,agrifacts_frozen_test|axis:landholding,landholding,all,flash_attention_2,AutoModelForCausalLM,2f494a194c5b980dfb9772cb92d26cbb671fce5a,bf16_full,315,0.9143,0.9686,0.859,0.9105,0.1096,0.9686,0.875,,,0.0,0.141,-1.0,gap_fabrication_dominant,,,,,,,0.9666,0.9723,0.984,4.649,0.70086,0.0,,0,deepseek:deepseek-chat
general-instruct-2,mistralai/Ministral-8B-Instruct-2410,8.0,ablation_no_condition_adaptive,ablation_no_condition_adaptive,,42,agrifacts_frozen_test|axis:social_group,social_group,all,flash_attention_2,AutoModelForCausalLM,2f494a194c5b980dfb9772cb92d26cbb671fce5a,bf16_full,364,0.8984,0.9012,0.8958,0.8985,0.0053,0.9012,0.8857,,,0.0116,0.1042,-0.7992,gap_fabrication_dominant,,,,,,,0.9666,0.9723,0.984,4.649,0.70086,0.0,,0,deepseek:deepseek-chat
general-instruct-2,mistralai/Ministral-8B-Instruct-2410,8.0,ablation_no_rationale_loss,ablation_no_rationale_loss,,42,agrifacts_frozen_test|axis:gender,gender,all,flash_attention_2,AutoModelForCausalLM,2f494a194c5b980dfb9772cb92d26cbb671fce5a,bf16_full,70,1.0,1.0,1.0,1.0,0.0,1.0,1.0,,,0.0,0.0,0.0,bipolar_no_dominant_polarity,,,,,,,,,,,0.70086,0.0,,0,deepseek:deepseek-chat
general-instruct-2,mistralai/Ministral-8B-Instruct-2410,8.0,ablation_no_rationale_loss,ablation_no_rationale_loss,,42,agrifacts_frozen_test|axis:landholding,landholding,all,flash_attention_2,AutoModelForCausalLM,2f494a194c5b980dfb9772cb92d26cbb671fce5a,bf16_full,315,0.9079,0.9686,0.8462,0.9032,0.1224,0.9686,0.8652,,,0.0,0.1538,-1.0,gap_fabrication_dominant,,,,,,,,,,,0.70086,0.0,,0,deepseek:deepseek-chat
general-instruct-2,mistralai/Ministral-8B-Instruct-2410,8.0,ablation_no_rationale_loss,ablation_no_rationale_loss,,42,agrifacts_frozen_test|axis:social_group,social_group,all,flash_attention_2,AutoModelForCausalLM,2f494a194c5b980dfb9772cb92d26cbb671fce5a,bf16_full,364,0.8489,0.814,0.8802,0.8458,-0.0663,0.814,0.8589,,,0.093,0.1198,-0.1258,bipolar_no_dominant_polarity,,,,,,,,,,,0.70086,0.0,,0,deepseek:deepseek-chat
general-instruct-2,mistralai/Ministral-8B-Instruct-2410,8.0,ablation_placement_random,ablation_placement_random,,42,agrifacts_frozen_test|axis:gender,gender,all,flash_attention_2,AutoModelForCausalLM,2f494a194c5b980dfb9772cb92d26cbb671fce5a,bf16_full,70,1.0,1.0,1.0,1.0,0.0,1.0,1.0,,,0.0,0.0,0.0,bipolar_no_dominant_polarity,,,,,,,0.9833,0.9847,0.9993,4.838,0.70086,0.0,,0,deepseek:deepseek-chat
general-instruct-2,mistralai/Ministral-8B-Instruct-2410,8.0,ablation_placement_random,ablation_placement_random,,42,agrifacts_frozen_test|axis:landholding,landholding,all,flash_attention_2,AutoModelForCausalLM,2f494a194c5b980dfb9772cb92d26cbb671fce5a,bf16_full,315,0.9175,0.9686,0.8654,0.9141,0.1032,0.9686,0.88,,,0.0,0.1346,-1.0,gap_fabrication_dominant,,,,,,,0.9833,0.9847,0.9993,4.838,0.70086,0.0,,0,deepseek:deepseek-chat
general-instruct-2,mistralai/Ministral-8B-Instruct-2410,8.0,ablation_placement_random,ablation_placement_random,,42,agrifacts_frozen_test|axis:social_group,social_group,all,flash_attention_2,AutoModelForCausalLM,2f494a194c5b980dfb9772cb92d26cbb671fce5a,bf16_full,364,0.9451,0.9128,0.974,0.9424,-0.0612,0.9128,0.9691,,,0.0058,0.026,-0.635,gap_fabrication_dominant,,,,,,,0.9833,0.9847,0.9993,4.838,0.70086,0.0,,0,deepseek:deepseek-chat
general-instruct-2,mistralai/Ministral-8B-Instruct-2410,8.0,ablation_placement_random_draw2,ablation_placement_random_draw2,,42,agrifacts_frozen_test|axis:gender,gender,all,flash_attention_2,AutoModelForCausalLM,2f494a194c5b980dfb9772cb92d26cbb671fce5a,bf16_full,70,1.0,1.0,1.0,1.0,0.0,1.0,1.0,,,0.0,0.0,0.0,bipolar_no_dominant_polarity,,,,,,,0.961,0.9733,0.9479,4.784,0.70086,0.0,,0,deepseek:deepseek-chat
general-instruct-2,mistralai/Ministral-8B-Instruct-2410,8.0,ablation_placement_random_draw2,ablation_placement_random_draw2,,42,agrifacts_frozen_test|axis:landholding,landholding,all,flash_attention_2,AutoModelForCausalLM,2f494a194c5b980dfb9772cb92d26cbb671fce5a,bf16_full,315,0.8952,0.9245,0.8654,0.894,0.0591,0.9245,0.875,,,0.0126,0.1346,-0.8291,gap_fabrication_dominant,,,,,,,0.961,0.9733,0.9479,4.784,0.70086,0.0,,0,deepseek:deepseek-chat
general-instruct-2,mistralai/Ministral-8B-Instruct-2410,8.0,ablation_placement_random_draw2,ablation_placement_random_draw2,,42,agrifacts_frozen_test|axis:social_group,social_group,all,flash_attention_2,AutoModelForCausalLM,2f494a194c5b980dfb9772cb92d26cbb671fce5a,bf16_full,364,0.9258,0.8605,0.9844,0.9183,-0.1239,0.8605,0.9801,,,0.064,0.0156,0.6073,gap_erasure_dominant,,,,,,,0.961,0.9733,0.9479,4.784,0.70086,0.0,,0,deepseek:deepseek-chat
general-instruct-2,mistralai/Ministral-8B-Instruct-2410,8.0,ablation_placement_random_draw3,ablation_placement_random_draw3,,42,agrifacts_frozen_test|axis:gender,gender,all,flash_attention_2,AutoModelForCausalLM,2f494a194c5b980dfb9772cb92d26cbb671fce5a,bf16_full,70,1.0,1.0,1.0,1.0,0.0,1.0,1.0,,,0.0,0.0,0.0,bipolar_no_dominant_polarity,,,,,,,0.9759,0.9799,0.9953,4.892,0.70086,0.0,,0,deepseek:deepseek-chat
general-instruct-2,mistralai/Ministral-8B-Instruct-2410,8.0,ablation_placement_random_draw3,ablation_placement_random_draw3,,42,agrifacts_frozen_test|axis:landholding,landholding,all,flash_attention_2,AutoModelForCausalLM,2f494a194c5b980dfb9772cb92d26cbb671fce5a,bf16_full,315,0.927,0.9686,0.8846,0.9247,0.0839,0.9686,0.8953,,,0.0063,0.1154,-0.8966,gap_fabrication_dominant,,,,,,,0.9759,0.9799,0.9953,4.892,0.70086,0.0,,0,deepseek:deepseek-chat
general-instruct-2,mistralai/Ministral-8B-Instruct-2410,8.0,ablation_placement_random_draw3,ablation_placement_random_draw3,,42,agrifacts_frozen_test|axis:social_group,social_group,all,flash_attention_2,AutoModelForCausalLM,2f494a194c5b980dfb9772cb92d26cbb671fce5a,bf16_full,364,0.9258,0.8605,0.9844,0.9183,-0.1239,0.8605,0.9801,,,0.093,0.0156,0.7124,gap_erasure_dominant,,,,,,,0.9759,0.9799,0.9953,4.892,0.70086,0.0,,0,deepseek:deepseek-chat
general-instruct-2,mistralai/Ministral-8B-Instruct-2410,8.0,ablation_placement_uniform,ablation_placement_uniform,,42,agrifacts_frozen_test|axis:gender,gender,all,flash_attention_2,AutoModelForCausalLM,2f494a194c5b980dfb9772cb92d26cbb671fce5a,bf16_full,70,1.0,1.0,1.0,1.0,0.0,1.0,1.0,,,0.0,0.0,0.0,bipolar_no_dominant_polarity,,,,,,,0.9839,0.9849,0.9993,4.892,0.70086,0.0,,0,deepseek:deepseek-chat
general-instruct-2,mistralai/Ministral-8B-Instruct-2410,8.0,ablation_placement_uniform,ablation_placement_uniform,,42,agrifacts_frozen_test|axis:landholding,landholding,all,flash_attention_2,AutoModelForCausalLM,2f494a194c5b980dfb9772cb92d26cbb671fce5a,bf16_full,315,0.9143,0.9686,0.859,0.9105,0.1096,0.9686,0.875,,,0.0,0.141,-1.0,gap_fabrication_dominant,,,,,,,0.9839,0.9849,0.9993,4.892,0.70086,0.0,,0,deepseek:deepseek-chat
general-instruct-2,mistralai/Ministral-8B-Instruct-2410,8.0,ablation_placement_uniform,ablation_placement_uniform,,42,agrifacts_frozen_test|axis:social_group,social_group,all,flash_attention_2,AutoModelForCausalLM,2f494a194c5b980dfb9772cb92d26cbb671fce5a,bf16_full,364,0.967,0.9477,0.9844,0.9657,-0.0367,0.9477,0.9819,,,0.0291,0.0156,0.3008,gap_erasure_dominant,,,,,,,0.9839,0.9849,0.9993,4.892,0.70086,0.0,,0,deepseek:deepseek-chat
general-instruct-2,mistralai/Ministral-8B-Instruct-2410,8.0,ablation_rank_sweep_16,ablation_rank_sweep_16,,42,agrifacts_frozen_test|axis:gender,gender,all,flash_attention_2,AutoModelForCausalLM,2f494a194c5b980dfb9772cb92d26cbb671fce5a,bf16_full,70,1.0,1.0,1.0,1.0,0.0,1.0,1.0,,,0.0,0.0,0.0,bipolar_no_dominant_polarity,,,,,,,0.9772,0.9791,0.9993,4.73,0.27138,0.0,,0,deepseek:deepseek-chat
general-instruct-2,mistralai/Ministral-8B-Instruct-2410,8.0,ablation_rank_sweep_16,ablation_rank_sweep_16,,42,agrifacts_frozen_test|axis:landholding,landholding,all,flash_attention_2,AutoModelForCausalLM,2f494a194c5b980dfb9772cb92d26cbb671fce5a,bf16_full,315,0.9143,0.9811,0.8462,0.9087,0.135,0.9811,0.8667,,,0.0,0.1538,-1.0,gap_fabrication_dominant,,,,,,,0.9772,0.9791,0.9993,4.73,0.27138,0.0,,0,deepseek:deepseek-chat
general-instruct-2,mistralai/Ministral-8B-Instruct-2410,8.0,ablation_rank_sweep_16,ablation_rank_sweep_16,,42,agrifacts_frozen_test|axis:social_group,social_group,all,flash_attention_2,AutoModelForCausalLM,2f494a194c5b980dfb9772cb92d26cbb671fce5a,bf16_full,364,0.9313,0.9535,0.9115,0.932,0.042,0.9535,0.9061,,,0.0116,0.0885,-0.7678,gap_fabrication_dominant,,,,,,,0.9772,0.9791,0.9993,4.73,0.27138,0.0,,0,deepseek:deepseek-chat
general-instruct-2,mistralai/Ministral-8B-Instruct-2410,8.0,ablation_rank_sweep_32,ablation_rank_sweep_32,,42,agrifacts_frozen_test|axis:gender,gender,all,flash_attention_2,AutoModelForCausalLM,2f494a194c5b980dfb9772cb92d26cbb671fce5a,bf16_full,70,1.0,1.0,1.0,1.0,0.0,1.0,1.0,,,0.0,0.0,0.0,bipolar_no_dominant_polarity,,,,,,,0.9837,0.9849,0.9993,4.838,0.54129,0.0,,0,deepseek:deepseek-chat
general-instruct-2,mistralai/Ministral-8B-Instruct-2410,8.0,ablation_rank_sweep_32,ablation_rank_sweep_32,,42,agrifacts_frozen_test|axis:landholding,landholding,all,flash_attention_2,AutoModelForCausalLM,2f494a194c5b980dfb9772cb92d26cbb671fce5a,bf16_full,315,0.9238,0.9686,0.8782,0.9212,0.0903,0.9686,0.8902,,,0.0,0.1218,-1.0,gap_fabrication_dominant,,,,,,,0.9837,0.9849,0.9993,4.838,0.54129,0.0,,0,deepseek:deepseek-chat
general-instruct-2,mistralai/Ministral-8B-Instruct-2410,8.0,ablation_rank_sweep_32,ablation_rank_sweep_32,,42,agrifacts_frozen_test|axis:social_group,social_group,all,flash_attention_2,AutoModelForCausalLM,2f494a194c5b980dfb9772cb92d26cbb671fce5a,bf16_full,364,0.9423,0.9012,0.9792,0.9385,-0.078,0.9012,0.9748,,,0.0233,0.0208,0.0549,bipolar_no_dominant_polarity,,,,,,,0.9837,0.9849,0.9993,4.838,0.54129,0.0,,0,deepseek:deepseek-chat
general-instruct-2,mistralai/Ministral-8B-Instruct-2410,8.0,ablation_rank_sweep_8,ablation_rank_sweep_8,,42,agrifacts_frozen_test|axis:gender,gender,all,flash_attention_2,AutoModelForCausalLM,2f494a194c5b980dfb9772cb92d26cbb671fce5a,bf16_full,70,1.0,1.0,1.0,1.0,0.0,1.0,1.0,,,0.0,0.0,0.0,bipolar_no_dominant_polarity,,,,,,,0.9832,0.9846,0.9947,4.838,0.13588,0.0,,0,deepseek:deepseek-chat
general-instruct-2,mistralai/Ministral-8B-Instruct-2410,8.0,ablation_rank_sweep_8,ablation_rank_sweep_8,,42,agrifacts_frozen_test|axis:landholding,landholding,all,flash_attention_2,AutoModelForCausalLM,2f494a194c5b980dfb9772cb92d26cbb671fce5a,bf16_full,315,0.9302,0.9937,0.8654,0.9251,0.1283,0.9937,0.8827,,,0.0,0.1346,-1.0,gap_fabrication_dominant,,,,,,,0.9832,0.9846,0.9947,4.838,0.13588,0.0,,0,deepseek:deepseek-chat
general-instruct-2,mistralai/Ministral-8B-Instruct-2410,8.0,ablation_rank_sweep_8,ablation_rank_sweep_8,,42,agrifacts_frozen_test|axis:social_group,social_group,all,flash_attention_2,AutoModelForCausalLM,2f494a194c5b980dfb9772cb92d26cbb671fce5a,bf16_full,364,0.9588,0.9477,0.9688,0.9581,-0.0211,0.9477,0.9645,,,0.0116,0.0312,-0.4576,gap_fabrication_dominant,,,,,,,0.9832,0.9846,0.9947,4.838,0.13588,0.0,,0,deepseek:deepseek-chat
general-instruct-2,mistralai/Ministral-8B-Instruct-2410,8.0,baseline_dart,baseline_dart,,42,agrifacts_frozen_test|axis:gender,gender,all,flash_attention_2,AutoModelForCausalLM,2f494a194c5b980dfb9772cb92d26cbb671fce5a,bf16_full,70,1.0,1.0,1.0,1.0,0.0,1.0,1.0,,,0.0,0.0,0.0,bipolar_no_dominant_polarity,,,,,,,0.945,0.9497,0.99,4.297,0.70086,0.0,,0,deepseek:deepseek-chat
general-instruct-2,mistralai/Ministral-8B-Instruct-2410,8.0,baseline_dart,baseline_dart,,42,agrifacts_frozen_test|axis:landholding,landholding,all,flash_attention_2,AutoModelForCausalLM,2f494a194c5b980dfb9772cb92d26cbb671fce5a,bf16_full,315,0.781,0.9686,0.5897,0.7331,0.3788,0.9686,0.7064,,,0.0,0.4103,-1.0,gap_fabrication_dominant,,,,,,,0.945,0.9497,0.99,4.297,0.70086,0.0,,0,deepseek:deepseek-chat
general-instruct-2,mistralai/Ministral-8B-Instruct-2410,8.0,baseline_dart,baseline_dart,,42,agrifacts_frozen_test|axis:social_group,social_group,all,flash_attention_2,AutoModelForCausalLM,2f494a194c5b980dfb9772cb92d26cbb671fce5a,bf16_full,364,0.8324,0.814,0.849,0.8311,-0.035,0.814,0.8284,,,0.0233,0.151,-0.7331,gap_fabrication_dominant,,,,,,,0.945,0.9497,0.99,4.297,0.70086,0.0,,0,deepseek:deepseek-chat
general-instruct-2,mistralai/Ministral-8B-Instruct-2410,8.0,baseline_dart,baseline_dart,,43,agrifacts_frozen_test|axis:gender,gender,all,flash_attention_2,AutoModelForCausalLM,2f494a194c5b980dfb9772cb92d26cbb671fce5a,bf16_full,70,1.0,1.0,1.0,1.0,0.0,1.0,1.0,,,0.0,0.0,0.0,bipolar_no_dominant_polarity,,,,,,,0.9744,0.9765,0.998,4.73,0.70086,0.0,,0,deepseek:deepseek-chat
general-instruct-2,mistralai/Ministral-8B-Instruct-2410,8.0,baseline_dart,baseline_dart,,43,agrifacts_frozen_test|axis:landholding,landholding,all,flash_attention_2,AutoModelForCausalLM,2f494a194c5b980dfb9772cb92d26cbb671fce5a,bf16_full,315,0.9143,0.9686,0.859,0.9105,0.1096,0.9686,0.875,,,0.0,0.141,-1.0,gap_fabrication_dominant,,,,,,,0.9744,0.9765,0.998,4.73,0.70086,0.0,,0,deepseek:deepseek-chat
general-instruct-2,mistralai/Ministral-8B-Instruct-2410,8.0,baseline_dart,baseline_dart,,43,agrifacts_frozen_test|axis:social_group,social_group,all,flash_attention_2,AutoModelForCausalLM,2f494a194c5b980dfb9772cb92d26cbb671fce5a,bf16_full,364,0.8984,0.8837,0.9115,0.8974,-0.0277,0.8837,0.8994,,,0.0349,0.0885,-0.4347,gap_fabrication_dominant,,,,,,,0.9744,0.9765,0.998,4.73,0.70086,0.0,,0,deepseek:deepseek-chat
general-instruct-2,mistralai/Ministral-8B-Instruct-2410,8.0,baseline_dart,baseline_dart,,44,agrifacts_frozen_test|axis:gender,gender,all,flash_attention_2,AutoModelForCausalLM,2f494a194c5b980dfb9772cb92d26cbb671fce5a,bf16_full,70,1.0,1.0,1.0,1.0,0.0,1.0,1.0,,,0.0,0.0,0.0,bipolar_no_dominant_polarity,,,,,,,0.9752,0.9773,0.9987,4.73,0.70086,0.0,,0,deepseek:deepseek-chat
general-instruct-2,mistralai/Ministral-8B-Instruct-2410,8.0,baseline_dart,baseline_dart,,44,agrifacts_frozen_test|axis:landholding,landholding,all,flash_attention_2,AutoModelForCausalLM,2f494a194c5b980dfb9772cb92d26cbb671fce5a,bf16_full,315,0.9206,0.9811,0.859,0.916,0.1222,0.9811,0.8764,,,0.0,0.141,-1.0,gap_fabrication_dominant,,,,,,,0.9752,0.9773,0.9987,4.73,0.70086,0.0,,0,deepseek:deepseek-chat
general-instruct-2,mistralai/Ministral-8B-Instruct-2410,8.0,baseline_dart,baseline_dart,,44,agrifacts_frozen_test|axis:social_group,social_group,all,flash_attention_2,AutoModelForCausalLM,2f494a194c5b980dfb9772cb92d26cbb671fce5a,bf16_full,364,0.9038,0.8837,0.9219,0.9024,-0.0382,0.8837,0.9102,,,0.0349,0.0781,-0.3826,gap_fabrication_dominant,,,,,,,0.9752,0.9773,0.9987,4.73,0.70086,0.0,,0,deepseek:deepseek-chat
general-instruct-2,mistralai/Ministral-8B-Instruct-2410,8.0,baseline_fairnet,baseline_fairnet,,42,agrifacts_frozen_test|axis:gender,gender,all,flash_attention_2,AutoModelForCausalLM,2f494a194c5b980dfb9772cb92d26cbb671fce5a,bf16_full,70,0.9,0.9,0.9,0.9,0.0,0.9,0.9231,,,0.075,0.1,-0.1429,bipolar_no_dominant_polarity,,,,,,,,,,,0.70086,0.0,,0,deepseek:deepseek-chat
general-instruct-2,mistralai/Ministral-8B-Instruct-2410,8.0,baseline_fairnet,baseline_fairnet,,42,agrifacts_frozen_test|axis:landholding,landholding,all,flash_attention_2,AutoModelForCausalLM,2f494a194c5b980dfb9772cb92d26cbb671fce5a,bf16_full,315,0.8127,0.8553,0.7692,0.81,0.0861,0.8553,0.7907,,,0.0063,0.2308,-0.9469,gap_fabrication_dominant,,,,,,,,,,,0.70086,0.0,,0,deepseek:deepseek-chat
general-instruct-2,mistralai/Ministral-8B-Instruct-2410,8.0,baseline_fairnet,baseline_fairnet,,42,agrifacts_frozen_test|axis:social_group,social_group,all,flash_attention_2,AutoModelForCausalLM,2f494a194c5b980dfb9772cb92d26cbb671fce5a,bf16_full,364,0.7555,0.8547,0.6667,0.749,0.188,0.8547,0.6967,,,0.0465,0.3333,-0.7551,gap_fabrication_dominant,,,,,,,,,,,0.70086,0.0,,0,deepseek:deepseek-chat
general-instruct-2,mistralai/Ministral-8B-Instruct-2410,8.0,baseline_fairnet,baseline_fairnet,,43,agrifacts_frozen_test|axis:gender,gender,all,flash_attention_2,AutoModelForCausalLM,2f494a194c5b980dfb9772cb92d26cbb671fce5a,bf16_full,70,1.0,1.0,1.0,1.0,0.0,1.0,1.0,,,0.0,0.0,0.0,bipolar_no_dominant_polarity,,,,,,,,,,,0.70086,0.0,,0,deepseek:deepseek-chat
general-instruct-2,mistralai/Ministral-8B-Instruct-2410,8.0,baseline_fairnet,baseline_fairnet,,43,agrifacts_frozen_test|axis:landholding,landholding,all,flash_attention_2,AutoModelForCausalLM,2f494a194c5b980dfb9772cb92d26cbb671fce5a,bf16_full,315,0.9143,0.9686,0.859,0.9105,0.1096,0.9686,0.875,,,0.0,0.141,-1.0,gap_fabrication_dominant,,,,,,,,,,,0.70086,0.0,,0,deepseek:deepseek-chat
general-instruct-2,mistralai/Ministral-8B-Instruct-2410,8.0,baseline_fairnet,baseline_fairnet,,43,agrifacts_frozen_test|axis:social_group,social_group,all,flash_attention_2,AutoModelForCausalLM,2f494a194c5b980dfb9772cb92d26cbb671fce5a,bf16_full,364,0.8846,0.7849,0.974,0.8693,-0.1891,0.7849,0.9643,,,0.1395,0.026,0.6854,gap_erasure_dominant,,,,,,,,,,,0.70086,0.0,,0,deepseek:deepseek-chat
general-instruct-2,mistralai/Ministral-8B-Instruct-2410,8.0,baseline_fairnet,baseline_fairnet,,44,agrifacts_frozen_test|axis:gender,gender,all,flash_attention_2,AutoModelForCausalLM,2f494a194c5b980dfb9772cb92d26cbb671fce5a,bf16_full,70,1.0,1.0,1.0,1.0,0.0,1.0,1.0,,,0.0,0.0,0.0,bipolar_no_dominant_polarity,,,,,,,,,,,0.70086,0.0,,0,deepseek:deepseek-chat
general-instruct-2,mistralai/Ministral-8B-Instruct-2410,8.0,baseline_fairnet,baseline_fairnet,,44,agrifacts_frozen_test|axis:landholding,landholding,all,flash_attention_2,AutoModelForCausalLM,2f494a194c5b980dfb9772cb92d26cbb671fce5a,bf16_full,315,0.9016,0.9434,0.859,0.8992,0.0844,0.9434,0.8721,,,0.0252,0.141,-0.6972,gap_fabrication_dominant,,,,,,,,,,,0.70086,0.0,,0,deepseek:deepseek-chat
general-instruct-2,mistralai/Ministral-8B-Instruct-2410,8.0,baseline_fairnet,baseline_fairnet,,44,agrifacts_frozen_test|axis:social_group,social_group,all,flash_attention_2,AutoModelForCausalLM,2f494a194c5b980dfb9772cb92d26cbb671fce5a,bf16_full,364,0.8736,0.8198,0.9219,0.8678,-0.1021,0.8198,0.9038,,,0.0407,0.0781,-0.315,gap_fabrication_dominant,,,,,,,,,,,0.70086,0.0,,0,deepseek:deepseek-chat
general-instruct-2,mistralai/Ministral-8B-Instruct-2410,8.0,baseline_igu_lora,baseline_igu_lora,,42,agrifacts_frozen_test|axis:gender,gender,all,flash_attention_2,AutoModelForCausalLM,2f494a194c5b980dfb9772cb92d26cbb671fce5a,bf16_full,70,1.0,1.0,1.0,1.0,0.0,1.0,1.0,,,0.0,0.0,0.0,bipolar_no_dominant_polarity,,,,,,,,,,,0.70086,0.0,,0,deepseek:deepseek-chat
general-instruct-2,mistralai/Ministral-8B-Instruct-2410,8.0,baseline_igu_lora,baseline_igu_lora,,42,agrifacts_frozen_test|axis:landholding,landholding,all,flash_attention_2,AutoModelForCausalLM,2f494a194c5b980dfb9772cb92d26cbb671fce5a,bf16_full,315,0.9206,0.9686,0.8718,0.9176,0.0968,0.9686,0.8851,,,0.0,0.1282,-1.0,gap_fabrication_dominant,,,,,,,,,,,0.70086,0.0,,0,deepseek:deepseek-chat
general-instruct-2,mistralai/Ministral-8B-Instruct-2410,8.0,baseline_igu_lora,baseline_igu_lora,,42,agrifacts_frozen_test|axis:social_group,social_group,all,flash_attention_2,AutoModelForCausalLM,2f494a194c5b980dfb9772cb92d26cbb671fce5a,bf16_full,364,0.8984,0.8256,0.9635,0.8892,-0.138,0.8256,0.953,,,0.093,0.0365,0.4369,gap_erasure_dominant,,,,,,,,,,,0.70086,0.0,,0,deepseek:deepseek-chat
general-instruct-2,mistralai/Ministral-8B-Instruct-2410,8.0,baseline_lftf,baseline_lftf,,42,agrifacts_frozen_test|axis:gender,gender,all,flash_attention_2,AutoModelForCausalLM,2f494a194c5b980dfb9772cb92d26cbb671fce5a,bf16_full,70,0.5571,0.35,0.8333,0.493,-0.4833,0.35,0.7368,,,0.575,0.1667,0.5506,gap_erasure_dominant,,,,,,,,,,,0.06043,0.13,,0,deepseek:deepseek-chat
general-instruct-2,mistralai/Ministral-8B-Instruct-2410,8.0,baseline_lftf,baseline_lftf,,42,agrifacts_frozen_test|axis:landholding,landholding,all,flash_attention_2,AutoModelForCausalLM,2f494a194c5b980dfb9772cb92d26cbb671fce5a,bf16_full,315,0.6794,0.5346,0.8269,0.6494,-0.2923,0.5346,0.7589,,,0.2956,0.1731,0.2614,gap_erasure_dominant,,,,,,,,,,,0.06043,0.13,,0,deepseek:deepseek-chat
general-instruct-2,mistralai/Ministral-8B-Instruct-2410,8.0,baseline_lftf,baseline_lftf,,42,agrifacts_frozen_test|axis:social_group,social_group,all,flash_attention_2,AutoModelForCausalLM,2f494a194c5b980dfb9772cb92d26cbb671fce5a,bf16_full,364,0.7747,0.7558,0.7917,0.7733,-0.0359,0.7558,0.7647,,,0.1512,0.2083,-0.159,bipolar_no_dominant_polarity,,,,,,,,,,,0.06043,0.13,,0,deepseek:deepseek-chat
general-instruct-2,mistralai/Ministral-8B-Instruct-2410,8.0,baseline_pedal,baseline_pedal,,42,agrifacts_frozen_test|axis:gender,gender,all,flash_attention_2,AutoModelForCausalLM,2f494a194c5b980dfb9772cb92d26cbb671fce5a,bf16_full,70,1.0,1.0,1.0,1.0,0.0,1.0,1.0,,,0.0,0.0,0.0,bipolar_no_dominant_polarity,,,,,,,,,,,0.70086,0.0,,0,deepseek:deepseek-chat
general-instruct-2,mistralai/Ministral-8B-Instruct-2410,8.0,baseline_pedal,baseline_pedal,,42,agrifacts_frozen_test|axis:landholding,landholding,all,flash_attention_2,AutoModelForCausalLM,2f494a194c5b980dfb9772cb92d26cbb671fce5a,bf16_full,315,0.9143,0.9686,0.859,0.9105,0.1096,0.9686,0.875,,,0.0,0.141,-1.0,gap_fabrication_dominant,,,,,,,,,,,0.70086,0.0,,0,deepseek:deepseek-chat
general-instruct-2,mistralai/Ministral-8B-Instruct-2410,8.0,baseline_pedal,baseline_pedal,,42,agrifacts_frozen_test|axis:social_group,social_group,all,flash_attention_2,AutoModelForCausalLM,2f494a194c5b980dfb9772cb92d26cbb671fce5a,bf16_full,364,0.8626,0.8198,0.901,0.8585,-0.0813,0.8198,0.8812,,,0.0407,0.099,-0.4172,gap_fabrication_dominant,,,,,,,,,,,0.70086,0.0,,0,deepseek:deepseek-chat
general-instruct-2,mistralai/Ministral-8B-Instruct-2410,8.0,baseline_regift,baseline_regift,,42,agrifacts_frozen_test|axis:gender,gender,all,flash_attention_2,AutoModelForCausalLM,2f494a194c5b980dfb9772cb92d26cbb671fce5a,bf16_full,70,0.9286,0.875,1.0,0.9333,-0.125,0.875,1.0,,,0.125,0.0,1.0,gap_erasure_dominant,,,,,,,0.9743,0.9761,0.9993,4.676,0.70086,0.0,,0,deepseek:deepseek-chat
general-instruct-2,mistralai/Ministral-8B-Instruct-2410,8.0,baseline_regift,baseline_regift,,42,agrifacts_frozen_test|axis:landholding,landholding,all,flash_attention_2,AutoModelForCausalLM,2f494a194c5b980dfb9772cb92d26cbb671fce5a,bf16_full,315,0.9206,0.9686,0.8718,0.9176,0.0968,0.9686,0.8851,,,0.0,0.1282,-1.0,gap_fabrication_dominant,,,,,,,0.9743,0.9761,0.9993,4.676,0.70086,0.0,,0,deepseek:deepseek-chat
general-instruct-2,mistralai/Ministral-8B-Instruct-2410,8.0,baseline_regift,baseline_regift,,42,agrifacts_frozen_test|axis:social_group,social_group,all,flash_attention_2,AutoModelForCausalLM,2f494a194c5b980dfb9772cb92d26cbb671fce5a,bf16_full,364,0.9011,0.8779,0.9219,0.8994,-0.044,0.8779,0.9096,,,0.0349,0.0781,-0.3826,gap_fabrication_dominant,,,,,,,0.9743,0.9761,0.9993,4.676,0.70086,0.0,,0,deepseek:deepseek-chat
general-instruct-2,mistralai/Ministral-8B-Instruct-2410,8.0,graft_proposed,graft_proposed,,42,agrifacts_frozen_test|axis:gender,gender,all,flash_attention_2,AutoModelForCausalLM,2f494a194c5b980dfb9772cb92d26cbb671fce5a,bf16_full,70,1.0,1.0,1.0,1.0,0.0,1.0,1.0,,,0.0,0.0,0.0,bipolar_no_dominant_polarity,,,,,,,0.9711,0.974,0.996,4.73,0.70086,0.0,,0,deepseek:deepseek-chat
general-instruct-2,mistralai/Ministral-8B-Instruct-2410,8.0,graft_proposed,graft_proposed,,42,agrifacts_frozen_test|axis:landholding,landholding,all,flash_attention_2,AutoModelForCausalLM,2f494a194c5b980dfb9772cb92d26cbb671fce5a,bf16_full,315,0.9143,0.9686,0.859,0.9105,0.1096,0.9686,0.875,,,0.0,0.141,-1.0,gap_fabrication_dominant,,,,,,,0.9711,0.974,0.996,4.73,0.70086,0.0,,0,deepseek:deepseek-chat
general-instruct-2,mistralai/Ministral-8B-Instruct-2410,8.0,graft_proposed,graft_proposed,,42,agrifacts_frozen_test|axis:social_group,social_group,all,flash_attention_2,AutoModelForCausalLM,2f494a194c5b980dfb9772cb92d26cbb671fce5a,bf16_full,364,0.8901,0.8256,0.9479,0.8825,-0.1223,0.8256,0.9342,,,0.0988,0.0521,0.3098,gap_erasure_dominant,,,,,,,0.9711,0.974,0.996,4.73,0.70086,0.0,,0,deepseek:deepseek-chat
general-instruct-2,mistralai/Ministral-8B-Instruct-2410,8.0,graft_proposed,graft_proposed,,43,agrifacts_frozen_test|axis:gender,gender,all,flash_attention_2,AutoModelForCausalLM,2f494a194c5b980dfb9772cb92d26cbb671fce5a,bf16_full,70,0.9571,0.925,1.0,0.961,-0.075,0.925,1.0,,,0.075,0.0,1.0,gap_erasure_dominant,,,,,,,0.9779,0.9801,0.998,4.73,0.70086,0.0,,0,deepseek:deepseek-chat
general-instruct-2,mistralai/Ministral-8B-Instruct-2410,8.0,graft_proposed,graft_proposed,,43,agrifacts_frozen_test|axis:landholding,landholding,all,flash_attention_2,AutoModelForCausalLM,2f494a194c5b980dfb9772cb92d26cbb671fce5a,bf16_full,315,0.9079,0.9686,0.8462,0.9032,0.1224,0.9686,0.8652,,,0.0,0.1538,-1.0,gap_fabrication_dominant,,,,,,,0.9779,0.9801,0.998,4.73,0.70086,0.0,,0,deepseek:deepseek-chat
general-instruct-2,mistralai/Ministral-8B-Instruct-2410,8.0,graft_proposed,graft_proposed,,43,agrifacts_frozen_test|axis:social_group,social_group,all,flash_attention_2,AutoModelForCausalLM,2f494a194c5b980dfb9772cb92d26cbb671fce5a,bf16_full,364,0.9423,0.9302,0.9531,0.9415,-0.0229,0.9302,0.9467,,,0.0116,0.0469,-0.6025,gap_fabrication_dominant,,,,,,,0.9779,0.9801,0.998,4.73,0.70086,0.0,,0,deepseek:deepseek-chat
general-instruct-2,mistralai/Ministral-8B-Instruct-2410,8.0,graft_proposed,graft_proposed,,44,agrifacts_frozen_test|axis:gender,gender,all,flash_attention_2,AutoModelForCausalLM,2f494a194c5b980dfb9772cb92d26cbb671fce5a,bf16_full,70,0.9,0.825,1.0,0.9041,-0.175,0.825,1.0,,,0.175,0.0,1.0,gap_erasure_dominant,,,,,,,0.9628,0.9702,0.996,4.676,0.70086,0.0,,0,deepseek:deepseek-chat
general-instruct-2,mistralai/Ministral-8B-Instruct-2410,8.0,graft_proposed,graft_proposed,,44,agrifacts_frozen_test|axis:landholding,landholding,all,flash_attention_2,AutoModelForCausalLM,2f494a194c5b980dfb9772cb92d26cbb671fce5a,bf16_full,315,0.9175,0.9686,0.8654,0.9141,0.1032,0.9686,0.88,,,0.0,0.1346,-1.0,gap_fabrication_dominant,,,,,,,0.9628,0.9702,0.996,4.676,0.70086,0.0,,0,deepseek:deepseek-chat
general-instruct-2,mistralai/Ministral-8B-Instruct-2410,8.0,graft_proposed,graft_proposed,,44,agrifacts_frozen_test|axis:social_group,social_group,all,flash_attention_2,AutoModelForCausalLM,2f494a194c5b980dfb9772cb92d26cbb671fce5a,bf16_full,364,0.8846,0.907,0.8646,0.8853,0.0424,0.907,0.8571,,,0.0,0.1354,-1.0,gap_fabrication_dominant,,,,,,,0.9628,0.9702,0.996,4.676,0.70086,0.0,,0,deepseek:deepseek-chat
general-instruct-2,mistralai/Ministral-8B-Instruct-2410,8.0,graft_proposed_qlora_nf4,graft_proposed_qlora_nf4,,42,agrifacts_frozen_test|axis:gender,gender,all,flash_attention_2,AutoModelForCausalLM,2f494a194c5b980dfb9772cb92d26cbb671fce5a,nf4_4bit,70,1.0,1.0,1.0,1.0,0.0,1.0,1.0,,,0.0,0.0,0.0,bipolar_no_dominant_polarity,,,,,,,0.9783,0.9812,0.9993,4.892,1.22959,0.0,,0,deepseek:deepseek-chat
general-instruct-2,mistralai/Ministral-8B-Instruct-2410,8.0,graft_proposed_qlora_nf4,graft_proposed_qlora_nf4,,42,agrifacts_frozen_test|axis:landholding,landholding,all,flash_attention_2,AutoModelForCausalLM,2f494a194c5b980dfb9772cb92d26cbb671fce5a,nf4_4bit,315,0.9175,0.9686,0.8654,0.9141,0.1032,0.9686,0.88,,,0.0,0.1346,-1.0,gap_fabrication_dominant,,,,,,,0.9783,0.9812,0.9993,4.892,1.22959,0.0,,0,deepseek:deepseek-chat
general-instruct-2,mistralai/Ministral-8B-Instruct-2410,8.0,graft_proposed_qlora_nf4,graft_proposed_qlora_nf4,,42,agrifacts_frozen_test|axis:social_group,social_group,all,flash_attention_2,AutoModelForCausalLM,2f494a194c5b980dfb9772cb92d26cbb671fce5a,nf4_4bit,364,0.9396,0.8953,0.9792,0.9354,-0.0838,0.8953,0.9747,,,0.0756,0.0208,0.5678,gap_erasure_dominant,,,,,,,0.9783,0.9812,0.9993,4.892,1.22959,0.0,,0,deepseek:deepseek-chat
general-instruct-2,mistralai/Ministral-8B-Instruct-2410,8.0,reference_vanilla_lora,reference_vanilla_lora,,42,agrifacts_frozen_test|axis:gender,gender,all,flash_attention_2,AutoModelForCausalLM,2f494a194c5b980dfb9772cb92d26cbb671fce5a,bf16_full,70,1.0,1.0,1.0,1.0,0.0,1.0,1.0,,,0.0,0.0,0.0,bipolar_no_dominant_polarity,,,,,,,,,,,0.27138,0.0,,0,deepseek:deepseek-chat
general-instruct-2,mistralai/Ministral-8B-Instruct-2410,8.0,reference_vanilla_lora,reference_vanilla_lora,,42,agrifacts_frozen_test|axis:landholding,landholding,all,flash_attention_2,AutoModelForCausalLM,2f494a194c5b980dfb9772cb92d26cbb671fce5a,bf16_full,315,0.9143,0.9686,0.859,0.9105,0.1096,0.9686,0.875,,,0.0,0.141,-1.0,gap_fabrication_dominant,,,,,,,,,,,0.27138,0.0,,0,deepseek:deepseek-chat
general-instruct-2,mistralai/Ministral-8B-Instruct-2410,8.0,reference_vanilla_lora,reference_vanilla_lora,,42,agrifacts_frozen_test|axis:social_group,social_group,all,flash_attention_2,AutoModelForCausalLM,2f494a194c5b980dfb9772cb92d26cbb671fce5a,bf16_full,364,0.8901,0.8663,0.9115,0.8883,-0.0452,0.8663,0.8976,,,0.0407,0.0885,-0.3702,gap_fabrication_dominant,,,,,,,,,,,0.27138,0.0,,0,deepseek:deepseek-chat
general-instruct-2,mistralai/Ministral-8B-Instruct-2410,8.0,reference_vanilla_lora,reference_vanilla_lora,,43,agrifacts_frozen_test|axis:gender,gender,all,flash_attention_2,AutoModelForCausalLM,2f494a194c5b980dfb9772cb92d26cbb671fce5a,bf16_full,70,1.0,1.0,1.0,1.0,0.0,1.0,1.0,,,0.0,0.0,0.0,bipolar_no_dominant_polarity,,,,,,,,,,,0.27138,0.0,,0,deepseek:deepseek-chat
general-instruct-2,mistralai/Ministral-8B-Instruct-2410,8.0,reference_vanilla_lora,reference_vanilla_lora,,43,agrifacts_frozen_test|axis:landholding,landholding,all,flash_attention_2,AutoModelForCausalLM,2f494a194c5b980dfb9772cb92d26cbb671fce5a,bf16_full,315,0.9175,0.9686,0.8654,0.9141,0.1032,0.9686,0.88,,,0.0,0.1346,-1.0,gap_fabrication_dominant,,,,,,,,,,,0.27138,0.0,,0,deepseek:deepseek-chat
general-instruct-2,mistralai/Ministral-8B-Instruct-2410,8.0,reference_vanilla_lora,reference_vanilla_lora,,43,agrifacts_frozen_test|axis:social_group,social_group,all,flash_attention_2,AutoModelForCausalLM,2f494a194c5b980dfb9772cb92d26cbb671fce5a,bf16_full,364,0.8819,0.8605,0.901,0.8803,-0.0406,0.8605,0.8862,,,0.0233,0.099,-0.6194,gap_fabrication_dominant,,,,,,,,,,,0.27138,0.0,,0,deepseek:deepseek-chat
general-instruct-2,mistralai/Ministral-8B-Instruct-2410,8.0,reference_vanilla_lora,reference_vanilla_lora,,44,agrifacts_frozen_test|axis:gender,gender,all,flash_attention_2,AutoModelForCausalLM,2f494a194c5b980dfb9772cb92d26cbb671fce5a,bf16_full,70,1.0,1.0,1.0,1.0,0.0,1.0,1.0,,,0.0,0.0,0.0,bipolar_no_dominant_polarity,,,,,,,,,,,0.27138,0.0,,0,deepseek:deepseek-chat
general-instruct-2,mistralai/Ministral-8B-Instruct-2410,8.0,reference_vanilla_lora,reference_vanilla_lora,,44,agrifacts_frozen_test|axis:landholding,landholding,all,flash_attention_2,AutoModelForCausalLM,2f494a194c5b980dfb9772cb92d26cbb671fce5a,bf16_full,315,0.9079,0.9497,0.8654,0.9056,0.0843,0.9497,0.8779,,,0.0189,0.1346,-0.7541,gap_fabrication_dominant,,,,,,,,,,,0.27138,0.0,,0,deepseek:deepseek-chat
general-instruct-2,mistralai/Ministral-8B-Instruct-2410,8.0,reference_vanilla_lora,reference_vanilla_lora,,44,agrifacts_frozen_test|axis:social_group,social_group,all,flash_attention_2,AutoModelForCausalLM,2f494a194c5b980dfb9772cb92d26cbb671fce5a,bf16_full,364,0.8791,0.8895,0.8698,0.8796,0.0197,0.8895,0.8596,,,0.0233,0.1302,-0.6969,gap_fabrication_dominant,,,,,,,,,,,0.27138,0.0,,0,deepseek:deepseek-chat
general-instruct-2,mistralai/Ministral-8B-Instruct-2410,8.0,reference_vanilla_qlora,reference_vanilla_qlora,,42,agrifacts_frozen_test|axis:gender,gender,all,flash_attention_2,AutoModelForCausalLM,2f494a194c5b980dfb9772cb92d26cbb671fce5a,nf4_4bit,70,0.9714,0.95,1.0,0.9744,-0.05,0.95,1.0,,,0.05,0.0,1.0,gap_erasure_dominant,,,,,,,,,,,0.47767,0.0,,0,deepseek:deepseek-chat
general-instruct-2,mistralai/Ministral-8B-Instruct-2410,8.0,reference_vanilla_qlora,reference_vanilla_qlora,,42,agrifacts_frozen_test|axis:landholding,landholding,all,flash_attention_2,AutoModelForCausalLM,2f494a194c5b980dfb9772cb92d26cbb671fce5a,nf4_4bit,315,0.9333,0.9686,0.8974,0.9316,0.0711,0.9686,0.9059,,,0.0,0.1026,-1.0,gap_fabrication_dominant,,,,,,,,,,,0.47767,0.0,,0,deepseek:deepseek-chat
general-instruct-2,mistralai/Ministral-8B-Instruct-2410,8.0,reference_vanilla_qlora,reference_vanilla_qlora,,42,agrifacts_frozen_test|axis:social_group,social_group,all,flash_attention_2,AutoModelForCausalLM,2f494a194c5b980dfb9772cb92d26cbb671fce5a,nf4_4bit,364,0.9231,0.8547,0.9844,0.9149,-0.1297,0.8547,0.98,,,0.0698,0.0156,0.634,gap_erasure_dominant,,,,,,,,,,,0.47767,0.0,,0,deepseek:deepseek-chat
general-instruct-2,mistralai/Ministral-8B-Instruct-2410,8.0,baseline_fairsteer,baseline_fairsteer,,42,agrifacts_frozen_test|axis:gender,gender,all,flash_attention_2,AutoModelForCausalLM,2f494a194c5b980dfb9772cb92d26cbb671fce5a,bf16_full,70,0.4714,0.45,0.5,0.4737,-0.05,0.45,0.5455,,,0.55,0.5,0.0476,bipolar_no_dominant_polarity,,,,,,,,,,,,0.0,,0,deepseek:deepseek-chat
general-instruct-2,mistralai/Ministral-8B-Instruct-2410,8.0,baseline_fairsteer,baseline_fairsteer,,42,agrifacts_frozen_test|axis:landholding,landholding,all,flash_attention_2,AutoModelForCausalLM,2f494a194c5b980dfb9772cb92d26cbb671fce5a,bf16_full,315,0.4603,0.4403,0.4808,0.4596,-0.0405,0.4403,0.4636,,,0.4654,0.5192,-0.0547,bipolar_no_dominant_polarity,,,,,,,,,,,,0.0,,0,deepseek:deepseek-chat
general-instruct-2,mistralai/Ministral-8B-Instruct-2410,8.0,baseline_fairsteer,baseline_fairsteer,,42,agrifacts_frozen_test|axis:social_group,social_group,all,flash_attention_2,AutoModelForCausalLM,2f494a194c5b980dfb9772cb92d26cbb671fce5a,bf16_full,364,0.4973,0.4767,0.5156,0.4954,-0.0389,0.4767,0.4686,,,0.3953,0.4844,-0.1012,bipolar_no_dominant_polarity,,,,,,,,,,,,0.0,,0,deepseek:deepseek-chat
general-instruct,google/gemma-3-12b-it,12.2,frozen_base,frozen_base,,42,agrifacts_frozen_test|axis:gender,gender,all,eager,AutoModelForImageTextToText,96b6f1eccf38110c56df3a15bffe176da04bfd80,bf16_full,70,0.5429,0.725,0.3,0.4244,0.425,0.725,0.58,,,0.125,0.7,-0.697,gap_fabrication_dominant,,,,,,,0.1285,0.4415,0.0,3.0,,0.0,,0,
general-instruct,google/gemma-3-12b-it,12.2,frozen_base,frozen_base,,42,agrifacts_frozen_test|axis:landholding,landholding,all,eager,AutoModelForImageTextToText,96b6f1eccf38110c56df3a15bffe176da04bfd80,bf16_full,315,0.4222,0.7799,0.0577,0.1074,0.7222,0.7799,0.4576,,,0.0189,0.9423,-0.9607,gap_fabrication_dominant,,,,,,,0.1285,0.4415,0.0,3.0,,0.0,,0,
general-instruct,google/gemma-3-12b-it,12.2,frozen_base,frozen_base,,42,agrifacts_frozen_test|axis:social_group,social_group,all,eager,AutoModelForImageTextToText,96b6f1eccf38110c56df3a15bffe176da04bfd80,bf16_full,364,0.4615,0.7616,0.1927,0.3076,0.5689,0.7616,0.458,,,0.0233,0.8073,-0.944,gap_fabrication_dominant,,,,,,,0.1285,0.4415,0.0,3.0,,0.0,,0,
general-instruct,google/gemma-3-12b-it,12.2,ablation_no_condition_adaptive,ablation_no_condition_adaptive,,42,agrifacts_frozen_test|axis:gender,gender,all,eager,AutoModelForImageTextToText,96b6f1eccf38110c56df3a15bffe176da04bfd80,bf16_full,70,1.0,1.0,1.0,1.0,0.0,1.0,1.0,,,0.0,0.0,0.0,bipolar_no_dominant_polarity,,,,,,,0.9691,0.9742,0.9967,4.676,0.80005,0.0,,0,deepseek:deepseek-chat
general-instruct,google/gemma-3-12b-it,12.2,ablation_no_condition_adaptive,ablation_no_condition_adaptive,,42,agrifacts_frozen_test|axis:landholding,landholding,all,eager,AutoModelForImageTextToText,96b6f1eccf38110c56df3a15bffe176da04bfd80,bf16_full,315,0.9079,0.9497,0.8654,0.9056,0.0843,0.9497,0.8779,,,0.0189,0.1346,-0.7541,gap_fabrication_dominant,,,,,,,0.9691,0.9742,0.9967,4.676,0.80005,0.0,,0,deepseek:deepseek-chat
general-instruct,google/gemma-3-12b-it,12.2,ablation_no_condition_adaptive,ablation_no_condition_adaptive,,42,agrifacts_frozen_test|axis:social_group,social_group,all,eager,AutoModelForImageTextToText,96b6f1eccf38110c56df3a15bffe176da04bfd80,bf16_full,364,0.9478,0.9186,0.974,0.9455,-0.0554,0.9186,0.9693,,,0.0349,0.026,0.1451,bipolar_no_dominant_polarity,,,,,,,0.9691,0.9742,0.9967,4.676,0.80005,0.0,,0,deepseek:deepseek-chat
general-instruct,google/gemma-3-12b-it,12.2,ablation_no_rationale_loss,ablation_no_rationale_loss,,42,agrifacts_frozen_test|axis:gender,gender,all,eager,AutoModelForImageTextToText,96b6f1eccf38110c56df3a15bffe176da04bfd80,bf16_full,70,1.0,1.0,1.0,1.0,0.0,1.0,1.0,,,0.0,0.0,0.0,bipolar_no_dominant_polarity,,,,,,,,,,,0.80005,0.0,,0,deepseek:deepseek-chat
general-instruct,google/gemma-3-12b-it,12.2,ablation_no_rationale_loss,ablation_no_rationale_loss,,42,agrifacts_frozen_test|axis:landholding,landholding,all,eager,AutoModelForImageTextToText,96b6f1eccf38110c56df3a15bffe176da04bfd80,bf16_full,315,0.9143,0.9686,0.859,0.9105,0.1096,0.9686,0.875,,,0.0,0.141,-1.0,gap_fabrication_dominant,,,,,,,,,,,0.80005,0.0,,0,deepseek:deepseek-chat
general-instruct,google/gemma-3-12b-it,12.2,ablation_no_rationale_loss,ablation_no_rationale_loss,,42,agrifacts_frozen_test|axis:social_group,social_group,all,eager,AutoModelForImageTextToText,96b6f1eccf38110c56df3a15bffe176da04bfd80,bf16_full,364,0.9341,0.9128,0.9531,0.9325,-0.0403,0.9128,0.9458,,,0.0291,0.0469,-0.2344,gap_fabrication_dominant,,,,,,,,,,,0.80005,0.0,,0,deepseek:deepseek-chat
general-instruct,google/gemma-3-12b-it,12.2,ablation_placement_random,ablation_placement_random,,42,agrifacts_frozen_test|axis:gender,gender,all,eager,AutoModelForImageTextToText,96b6f1eccf38110c56df3a15bffe176da04bfd80,bf16_full,70,1.0,1.0,1.0,1.0,0.0,1.0,1.0,,,0.0,0.0,0.0,bipolar_no_dominant_polarity,,,,,,,0.9728,0.9767,0.9987,4.689,0.80005,0.0,,0,deepseek:deepseek-chat
general-instruct,google/gemma-3-12b-it,12.2,ablation_placement_random,ablation_placement_random,,42,agrifacts_frozen_test|axis:landholding,landholding,all,eager,AutoModelForImageTextToText,96b6f1eccf38110c56df3a15bffe176da04bfd80,bf16_full,315,0.9111,0.956,0.8654,0.9084,0.0906,0.956,0.8786,,,0.0063,0.1346,-0.9107,gap_fabrication_dominant,,,,,,,0.9728,0.9767,0.9987,4.689,0.80005,0.0,,0,deepseek:deepseek-chat
general-instruct,google/gemma-3-12b-it,12.2,ablation_placement_random,ablation_placement_random,,42,agrifacts_frozen_test|axis:social_group,social_group,all,eager,AutoModelForImageTextToText,96b6f1eccf38110c56df3a15bffe176da04bfd80,bf16_full,364,0.9396,0.8895,0.9844,0.9346,-0.0948,0.8895,0.9808,,,0.0291,0.0156,0.3008,gap_erasure_dominant,,,,,,,0.9728,0.9767,0.9987,4.689,0.80005,0.0,,0,deepseek:deepseek-chat
general-instruct,google/gemma-3-12b-it,12.2,ablation_placement_random_draw2,ablation_placement_random_draw2,,42,agrifacts_frozen_test|axis:gender,gender,all,eager,AutoModelForImageTextToText,96b6f1eccf38110c56df3a15bffe176da04bfd80,bf16_full,70,1.0,1.0,1.0,1.0,0.0,1.0,1.0,,,0.0,0.0,0.0,bipolar_no_dominant_polarity,,,,,,,0.98,0.9826,0.9873,4.838,0.80005,0.0,,0,deepseek:deepseek-chat
general-instruct,google/gemma-3-12b-it,12.2,ablation_placement_random_draw2,ablation_placement_random_draw2,,42,agrifacts_frozen_test|axis:landholding,landholding,all,eager,AutoModelForImageTextToText,96b6f1eccf38110c56df3a15bffe176da04bfd80,bf16_full,315,0.9143,0.9748,0.8526,0.9096,0.1223,0.9748,0.8708,,,0.0,0.1474,-1.0,gap_fabrication_dominant,,,,,,,0.98,0.9826,0.9873,4.838,0.80005,0.0,,0,deepseek:deepseek-chat
general-instruct,google/gemma-3-12b-it,12.2,ablation_placement_random_draw2,ablation_placement_random_draw2,,42,agrifacts_frozen_test|axis:social_group,social_group,all,eager,AutoModelForImageTextToText,96b6f1eccf38110c56df3a15bffe176da04bfd80,bf16_full,364,0.9643,0.9651,0.9635,0.9643,0.0016,0.9651,0.9595,,,0.0,0.0365,-1.0,gap_fabrication_dominant,,,,,,,0.98,0.9826,0.9873,4.838,0.80005,0.0,,0,deepseek:deepseek-chat
general-instruct,google/gemma-3-12b-it,12.2,ablation_placement_random_draw3,ablation_placement_random_draw3,,42,agrifacts_frozen_test|axis:gender,gender,all,eager,AutoModelForImageTextToText,96b6f1eccf38110c56df3a15bffe176da04bfd80,bf16_full,70,1.0,1.0,1.0,1.0,0.0,1.0,1.0,,,0.0,0.0,0.0,bipolar_no_dominant_polarity,,,,,,,0.9798,0.9813,0.9993,4.73,0.80005,0.0,,0,deepseek:deepseek-chat
general-instruct,google/gemma-3-12b-it,12.2,ablation_placement_random_draw3,ablation_placement_random_draw3,,42,agrifacts_frozen_test|axis:landholding,landholding,all,eager,AutoModelForImageTextToText,96b6f1eccf38110c56df3a15bffe176da04bfd80,bf16_full,315,0.9175,0.9686,0.8654,0.9141,0.1032,0.9686,0.88,,,0.0,0.1346,-1.0,gap_fabrication_dominant,,,,,,,0.9798,0.9813,0.9993,4.73,0.80005,0.0,,0,deepseek:deepseek-chat
general-instruct,google/gemma-3-12b-it,12.2,ablation_placement_random_draw3,ablation_placement_random_draw3,,42,agrifacts_frozen_test|axis:social_group,social_group,all,eager,AutoModelForImageTextToText,96b6f1eccf38110c56df3a15bffe176da04bfd80,bf16_full,364,0.9423,0.9709,0.9167,0.943,0.0543,0.9709,0.9126,,,0.0116,0.0833,-0.7551,gap_fabrication_dominant,,,,,,,0.9798,0.9813,0.9993,4.73,0.80005,0.0,,0,deepseek:deepseek-chat
general-instruct,google/gemma-3-12b-it,12.2,ablation_placement_uniform,ablation_placement_uniform,,42,agrifacts_frozen_test|axis:gender,gender,all,eager,AutoModelForImageTextToText,96b6f1eccf38110c56df3a15bffe176da04bfd80,bf16_full,70,1.0,1.0,1.0,1.0,0.0,1.0,1.0,,,0.0,0.0,0.0,bipolar_no_dominant_polarity,,,,,,,0.9808,0.9826,0.9973,4.73,0.80005,0.0,,0,deepseek:deepseek-chat
general-instruct,google/gemma-3-12b-it,12.2,ablation_placement_uniform,ablation_placement_uniform,,42,agrifacts_frozen_test|axis:landholding,landholding,all,eager,AutoModelForImageTextToText,96b6f1eccf38110c56df3a15bffe176da04bfd80,bf16_full,315,0.9111,0.956,0.8654,0.9084,0.0906,0.956,0.8786,,,0.0,0.1346,-1.0,gap_fabrication_dominant,,,,,,,0.9808,0.9826,0.9973,4.73,0.80005,0.0,,0,deepseek:deepseek-chat
general-instruct,google/gemma-3-12b-it,12.2,ablation_placement_uniform,ablation_placement_uniform,,42,agrifacts_frozen_test|axis:social_group,social_group,all,eager,AutoModelForImageTextToText,96b6f1eccf38110c56df3a15bffe176da04bfd80,bf16_full,364,0.9451,0.9477,0.9427,0.9452,0.005,0.9477,0.9368,,,0.0,0.0573,-1.0,gap_fabrication_dominant,,,,,,,0.9808,0.9826,0.9973,4.73,0.80005,0.0,,0,deepseek:deepseek-chat
general-instruct,google/gemma-3-12b-it,12.2,ablation_rank_sweep_16,ablation_rank_sweep_16,,42,agrifacts_frozen_test|axis:gender,gender,all,eager,AutoModelForImageTextToText,96b6f1eccf38110c56df3a15bffe176da04bfd80,bf16_full,70,0.9571,0.925,1.0,0.961,-0.075,0.925,1.0,,,0.075,0.0,1.0,gap_erasure_dominant,,,,,,,0.9831,0.9848,0.996,4.892,0.33463,0.0,,0,deepseek:deepseek-chat
general-instruct,google/gemma-3-12b-it,12.2,ablation_rank_sweep_16,ablation_rank_sweep_16,,42,agrifacts_frozen_test|axis:landholding,landholding,all,eager,AutoModelForImageTextToText,96b6f1eccf38110c56df3a15bffe176da04bfd80,bf16_full,315,0.9206,0.9686,0.8718,0.9176,0.0968,0.9686,0.8851,,,0.0,0.1282,-1.0,gap_fabrication_dominant,,,,,,,0.9831,0.9848,0.996,4.892,0.33463,0.0,,0,deepseek:deepseek-chat
general-instruct,google/gemma-3-12b-it,12.2,ablation_rank_sweep_16,ablation_rank_sweep_16,,42,agrifacts_frozen_test|axis:social_group,social_group,all,eager,AutoModelForImageTextToText,96b6f1eccf38110c56df3a15bffe176da04bfd80,bf16_full,364,0.9698,0.9593,0.9792,0.9691,-0.0199,0.9593,0.9763,,,0.0116,0.0208,-0.2836,gap_fabrication_dominant,,,,,,,0.9831,0.9848,0.996,4.892,0.33463,0.0,,0,deepseek:deepseek-chat
general-instruct,google/gemma-3-12b-it,12.2,ablation_rank_sweep_32,ablation_rank_sweep_32,,42,agrifacts_frozen_test|axis:gender,gender,all,eager,AutoModelForImageTextToText,96b6f1eccf38110c56df3a15bffe176da04bfd80,bf16_full,70,1.0,1.0,1.0,1.0,0.0,1.0,1.0,,,0.0,0.0,0.0,bipolar_no_dominant_polarity,,,,,,,0.9693,0.9717,0.9967,4.405,0.66702,0.0,,0,deepseek:deepseek-chat
general-instruct,google/gemma-3-12b-it,12.2,ablation_rank_sweep_32,ablation_rank_sweep_32,,42,agrifacts_frozen_test|axis:landholding,landholding,all,eager,AutoModelForImageTextToText,96b6f1eccf38110c56df3a15bffe176da04bfd80,bf16_full,315,0.8794,0.9371,0.8205,0.8749,0.1166,0.9371,0.8418,,,0.0314,0.1795,-0.7018,gap_fabrication_dominant,,,,,,,0.9693,0.9717,0.9967,4.405,0.66702,0.0,,0,deepseek:deepseek-chat
general-instruct,google/gemma-3-12b-it,12.2,ablation_rank_sweep_32,ablation_rank_sweep_32,,42,agrifacts_frozen_test|axis:social_group,social_group,all,eager,AutoModelForImageTextToText,96b6f1eccf38110c56df3a15bffe176da04bfd80,bf16_full,364,0.8874,0.8779,0.8958,0.8868,-0.0179,0.8779,0.883,,,0.0,0.1042,-1.0,gap_fabrication_dominant,,,,,,,0.9693,0.9717,0.9967,4.405,0.66702,0.0,,0,deepseek:deepseek-chat
general-instruct,google/gemma-3-12b-it,12.2,ablation_rank_sweep_8,ablation_rank_sweep_8,,42,agrifacts_frozen_test|axis:gender,gender,all,eager,AutoModelForImageTextToText,96b6f1eccf38110c56df3a15bffe176da04bfd80,bf16_full,70,1.0,1.0,1.0,1.0,0.0,1.0,1.0,,,0.0,0.0,0.0,bipolar_no_dominant_polarity,,,,,,,0.9832,0.9846,0.9993,4.838,0.16759,0.0,,0,deepseek:deepseek-chat
general-instruct,google/gemma-3-12b-it,12.2,ablation_rank_sweep_8,ablation_rank_sweep_8,,42,agrifacts_frozen_test|axis:landholding,landholding,all,eager,AutoModelForImageTextToText,96b6f1eccf38110c56df3a15bffe176da04bfd80,bf16_full,315,0.9175,0.9686,0.8654,0.9141,0.1032,0.9686,0.88,,,0.0189,0.1346,-0.7541,gap_fabrication_dominant,,,,,,,0.9832,0.9846,0.9993,4.838,0.16759,0.0,,0,deepseek:deepseek-chat
general-instruct,google/gemma-3-12b-it,12.2,ablation_rank_sweep_8,ablation_rank_sweep_8,,42,agrifacts_frozen_test|axis:social_group,social_group,all,eager,AutoModelForImageTextToText,96b6f1eccf38110c56df3a15bffe176da04bfd80,bf16_full,364,0.9725,0.9651,0.9792,0.9721,-0.0141,0.9651,0.9765,,,0.0174,0.0208,-0.0886,bipolar_no_dominant_polarity,,,,,,,0.9832,0.9846,0.9993,4.838,0.16759,0.0,,0,deepseek:deepseek-chat
general-instruct,google/gemma-3-12b-it,12.2,baseline_dart,baseline_dart,,42,agrifacts_frozen_test|axis:gender,gender,all,eager,AutoModelForImageTextToText,96b6f1eccf38110c56df3a15bffe176da04bfd80,bf16_full,70,0.8714,0.775,1.0,0.8732,-0.225,0.775,1.0,,,0.225,0.0,1.0,gap_erasure_dominant,,,,,,,0.9805,0.9822,0.9973,4.838,0.80005,0.0,,0,deepseek:deepseek-chat
general-instruct,google/gemma-3-12b-it,12.2,baseline_dart,baseline_dart,,42,agrifacts_frozen_test|axis:landholding,landholding,all,eager,AutoModelForImageTextToText,96b6f1eccf38110c56df3a15bffe176da04bfd80,bf16_full,315,0.9206,0.9623,0.8782,0.9183,0.0841,0.9623,0.8895,,,0.0,0.1218,-1.0,gap_fabrication_dominant,,,,,,,0.9805,0.9822,0.9973,4.838,0.80005,0.0,,0,deepseek:deepseek-chat
general-instruct,google/gemma-3-12b-it,12.2,baseline_dart,baseline_dart,,42,agrifacts_frozen_test|axis:social_group,social_group,all,eager,AutoModelForImageTextToText,96b6f1eccf38110c56df3a15bffe176da04bfd80,bf16_full,364,0.9588,0.9302,0.9844,0.9565,-0.0541,0.9302,0.9816,,,0.0116,0.0156,-0.1467,bipolar_no_dominant_polarity,,,,,,,0.9805,0.9822,0.9973,4.838,0.80005,0.0,,0,deepseek:deepseek-chat
general-instruct,google/gemma-3-12b-it,12.2,baseline_dart,baseline_dart,,43,agrifacts_frozen_test|axis:gender,gender,all,eager,AutoModelForImageTextToText,96b6f1eccf38110c56df3a15bffe176da04bfd80,bf16_full,70,1.0,1.0,1.0,1.0,0.0,1.0,1.0,,,0.0,0.0,0.0,bipolar_no_dominant_polarity,,,,,,,0.9842,0.9859,0.998,4.892,0.80005,0.0,,0,deepseek:deepseek-chat
general-instruct,google/gemma-3-12b-it,12.2,baseline_dart,baseline_dart,,43,agrifacts_frozen_test|axis:landholding,landholding,all,eager,AutoModelForImageTextToText,96b6f1eccf38110c56df3a15bffe176da04bfd80,bf16_full,315,0.927,0.9686,0.8846,0.9247,0.0839,0.9686,0.8953,,,0.0,0.1154,-1.0,gap_fabrication_dominant,,,,,,,0.9842,0.9859,0.998,4.892,0.80005,0.0,,0,deepseek:deepseek-chat
general-instruct,google/gemma-3-12b-it,12.2,baseline_dart,baseline_dart,,43,agrifacts_frozen_test|axis:social_group,social_group,all,eager,AutoModelForImageTextToText,96b6f1eccf38110c56df3a15bffe176da04bfd80,bf16_full,364,0.9615,0.9593,0.9635,0.9614,-0.0042,0.9593,0.9593,,,0.0116,0.0365,-0.5164,gap_fabrication_dominant,,,,,,,0.9842,0.9859,0.998,4.892,0.80005,0.0,,0,deepseek:deepseek-chat
general-instruct,google/gemma-3-12b-it,12.2,baseline_dart,baseline_dart,,44,agrifacts_frozen_test|axis:gender,gender,all,eager,AutoModelForImageTextToText,96b6f1eccf38110c56df3a15bffe176da04bfd80,bf16_full,70,1.0,1.0,1.0,1.0,0.0,1.0,1.0,,,0.0,0.0,0.0,bipolar_no_dominant_polarity,,,,,,,0.9822,0.9841,0.9933,4.892,0.80005,0.0,,0,deepseek:deepseek-chat
general-instruct,google/gemma-3-12b-it,12.2,baseline_dart,baseline_dart,,44,agrifacts_frozen_test|axis:landholding,landholding,all,eager,AutoModelForImageTextToText,96b6f1eccf38110c56df3a15bffe176da04bfd80,bf16_full,315,0.9238,0.9497,0.8974,0.9228,0.0522,0.9497,0.9042,,,0.044,0.1026,-0.3993,gap_fabrication_dominant,,,,,,,0.9822,0.9841,0.9933,4.892,0.80005,0.0,,0,deepseek:deepseek-chat
general-instruct,google/gemma-3-12b-it,12.2,baseline_dart,baseline_dart,,44,agrifacts_frozen_test|axis:social_group,social_group,all,eager,AutoModelForImageTextToText,96b6f1eccf38110c56df3a15bffe176da04bfd80,bf16_full,364,0.9698,0.9593,0.9792,0.9691,-0.0199,0.9593,0.9763,,,0.0174,0.0208,-0.0886,bipolar_no_dominant_polarity,,,,,,,0.9822,0.9841,0.9933,4.892,0.80005,0.0,,0,deepseek:deepseek-chat
general-instruct,google/gemma-3-12b-it,12.2,baseline_fairnet,baseline_fairnet,,42,agrifacts_frozen_test|axis:gender,gender,all,eager,AutoModelForImageTextToText,96b6f1eccf38110c56df3a15bffe176da04bfd80,bf16_full,70,1.0,1.0,1.0,1.0,0.0,1.0,1.0,,,0.0,0.0,0.0,bipolar_no_dominant_polarity,,,,,,,,,,,0.80005,0.0,,0,deepseek:deepseek-chat
general-instruct,google/gemma-3-12b-it,12.2,baseline_fairnet,baseline_fairnet,,42,agrifacts_frozen_test|axis:landholding,landholding,all,eager,AutoModelForImageTextToText,96b6f1eccf38110c56df3a15bffe176da04bfd80,bf16_full,315,0.9143,0.9686,0.859,0.9105,0.1096,0.9686,0.875,,,0.0,0.141,-1.0,gap_fabrication_dominant,,,,,,,,,,,0.80005,0.0,,0,deepseek:deepseek-chat
general-instruct,google/gemma-3-12b-it,12.2,baseline_fairnet,baseline_fairnet,,42,agrifacts_frozen_test|axis:social_group,social_group,all,eager,AutoModelForImageTextToText,96b6f1eccf38110c56df3a15bffe176da04bfd80,bf16_full,364,0.9341,0.8837,0.9792,0.929,-0.0954,0.8837,0.9744,,,0.0233,0.0208,0.0549,bipolar_no_dominant_polarity,,,,,,,,,,,0.80005,0.0,,0,deepseek:deepseek-chat
general-instruct,google/gemma-3-12b-it,12.2,baseline_fairnet,baseline_fairnet,,43,agrifacts_frozen_test|axis:gender,gender,all,eager,AutoModelForImageTextToText,96b6f1eccf38110c56df3a15bffe176da04bfd80,bf16_full,70,1.0,1.0,1.0,1.0,0.0,1.0,1.0,,,0.0,0.0,0.0,bipolar_no_dominant_polarity,,,,,,,,,,,0.80005,0.0,,0,deepseek:deepseek-chat
general-instruct,google/gemma-3-12b-it,12.2,baseline_fairnet,baseline_fairnet,,43,agrifacts_frozen_test|axis:landholding,landholding,all,eager,AutoModelForImageTextToText,96b6f1eccf38110c56df3a15bffe176da04bfd80,bf16_full,315,0.9175,0.9748,0.859,0.9132,0.1159,0.9748,0.8757,,,0.0,0.141,-1.0,gap_fabrication_dominant,,,,,,,,,,,0.80005,0.0,,0,deepseek:deepseek-chat
general-instruct,google/gemma-3-12b-it,12.2,baseline_fairnet,baseline_fairnet,,43,agrifacts_frozen_test|axis:social_group,social_group,all,eager,AutoModelForImageTextToText,96b6f1eccf38110c56df3a15bffe176da04bfd80,bf16_full,364,0.9258,0.9244,0.9271,0.9257,-0.0027,0.9244,0.9191,,,0.0233,0.0729,-0.5164,gap_fabrication_dominant,,,,,,,,,,,0.80005,0.0,,0,deepseek:deepseek-chat
general-instruct,google/gemma-3-12b-it,12.2,baseline_fairnet,baseline_fairnet,,44,agrifacts_frozen_test|axis:gender,gender,all,eager,AutoModelForImageTextToText,96b6f1eccf38110c56df3a15bffe176da04bfd80,bf16_full,70,1.0,1.0,1.0,1.0,0.0,1.0,1.0,,,0.0,0.0,0.0,bipolar_no_dominant_polarity,,,,,,,,,,,0.80005,0.0,,0,deepseek:deepseek-chat
general-instruct,google/gemma-3-12b-it,12.2,baseline_fairnet,baseline_fairnet,,44,agrifacts_frozen_test|axis:landholding,landholding,all,eager,AutoModelForImageTextToText,96b6f1eccf38110c56df3a15bffe176da04bfd80,bf16_full,315,0.9143,0.9686,0.859,0.9105,0.1096,0.9686,0.875,,,0.0,0.141,-1.0,gap_fabrication_dominant,,,,,,,,,,,0.80005,0.0,,0,deepseek:deepseek-chat
general-instruct,google/gemma-3-12b-it,12.2,baseline_fairnet,baseline_fairnet,,44,agrifacts_frozen_test|axis:social_group,social_group,all,eager,AutoModelForImageTextToText,96b6f1eccf38110c56df3a15bffe176da04bfd80,bf16_full,364,0.8709,0.8023,0.9323,0.8624,-0.13,0.8023,0.9139,,,0.0698,0.0677,0.015,bipolar_no_dominant_polarity,,,,,,,,,,,0.80005,0.0,,0,deepseek:deepseek-chat
general-instruct,google/gemma-3-12b-it,12.2,baseline_igu_lora,baseline_igu_lora,,42,agrifacts_frozen_test|axis:gender,gender,all,eager,AutoModelForImageTextToText,96b6f1eccf38110c56df3a15bffe176da04bfd80,bf16_full,70,1.0,1.0,1.0,1.0,0.0,1.0,1.0,,,0.0,0.0,0.0,bipolar_no_dominant_polarity,,,,,,,,,,,0.80005,0.0,,0,deepseek:deepseek-chat
general-instruct,google/gemma-3-12b-it,12.2,baseline_igu_lora,baseline_igu_lora,,42,agrifacts_frozen_test|axis:landholding,landholding,all,eager,AutoModelForImageTextToText,96b6f1eccf38110c56df3a15bffe176da04bfd80,bf16_full,315,0.9206,0.9686,0.8718,0.9176,0.0968,0.9686,0.8851,,,0.0,0.1282,-1.0,gap_fabrication_dominant,,,,,,,,,,,0.80005,0.0,,0,deepseek:deepseek-chat
general-instruct,google/gemma-3-12b-it,12.2,baseline_igu_lora,baseline_igu_lora,,42,agrifacts_frozen_test|axis:social_group,social_group,all,eager,AutoModelForImageTextToText,96b6f1eccf38110c56df3a15bffe176da04bfd80,bf16_full,364,0.9176,0.843,0.9844,0.9082,-0.1414,0.843,0.9797,,,0.0756,0.0156,0.6574,gap_erasure_dominant,,,,,,,,,,,0.80005,0.0,,0,deepseek:deepseek-chat
general-instruct,google/gemma-3-12b-it,12.2,baseline_lftf,baseline_lftf,,42,agrifacts_frozen_test|axis:gender,gender,all,eager,AutoModelForImageTextToText,96b6f1eccf38110c56df3a15bffe176da04bfd80,bf16_full,70,1.0,1.0,1.0,1.0,0.0,1.0,1.0,,,0.0,0.0,0.0,bipolar_no_dominant_polarity,,,,,,,,,,,0.80005,0.0,,0,deepseek:deepseek-chat
general-instruct,google/gemma-3-12b-it,12.2,baseline_lftf,baseline_lftf,,42,agrifacts_frozen_test|axis:landholding,landholding,all,eager,AutoModelForImageTextToText,96b6f1eccf38110c56df3a15bffe176da04bfd80,bf16_full,315,0.9143,0.9686,0.859,0.9105,0.1096,0.9686,0.875,,,0.0,0.141,-1.0,gap_fabrication_dominant,,,,,,,,,,,0.80005,0.0,,0,deepseek:deepseek-chat
general-instruct,google/gemma-3-12b-it,12.2,baseline_lftf,baseline_lftf,,42,agrifacts_frozen_test|axis:social_group,social_group,all,eager,AutoModelForImageTextToText,96b6f1eccf38110c56df3a15bffe176da04bfd80,bf16_full,364,0.9505,0.9244,0.974,0.9485,-0.0495,0.9244,0.9695,,,0.0233,0.026,-0.0565,bipolar_no_dominant_polarity,,,,,,,,,,,0.80005,0.0,,0,deepseek:deepseek-chat
general-instruct,google/gemma-3-12b-it,12.2,baseline_pedal,baseline_pedal,,42,agrifacts_frozen_test|axis:gender,gender,all,eager,AutoModelForImageTextToText,96b6f1eccf38110c56df3a15bffe176da04bfd80,bf16_full,70,1.0,1.0,1.0,1.0,0.0,1.0,1.0,,,0.0,0.0,0.0,bipolar_no_dominant_polarity,,,,,,,,,,,0.80005,0.0,,0,deepseek:deepseek-chat
general-instruct,google/gemma-3-12b-it,12.2,baseline_pedal,baseline_pedal,,42,agrifacts_frozen_test|axis:landholding,landholding,all,eager,AutoModelForImageTextToText,96b6f1eccf38110c56df3a15bffe176da04bfd80,bf16_full,315,0.9175,0.9686,0.8654,0.9141,0.1032,0.9686,0.88,,,0.0,0.1346,-1.0,gap_fabrication_dominant,,,,,,,,,,,0.80005,0.0,,0,deepseek:deepseek-chat
general-instruct,google/gemma-3-12b-it,12.2,baseline_pedal,baseline_pedal,,42,agrifacts_frozen_test|axis:social_group,social_group,all,eager,AutoModelForImageTextToText,96b6f1eccf38110c56df3a15bffe176da04bfd80,bf16_full,364,0.8819,0.907,0.8594,0.8825,0.0476,0.907,0.8525,,,0.0,0.1406,-1.0,gap_fabrication_dominant,,,,,,,,,,,0.80005,0.0,,0,deepseek:deepseek-chat
general-instruct,google/gemma-3-12b-it,12.2,baseline_regift,baseline_regift,,42,agrifacts_frozen_test|axis:gender,gender,all,eager,AutoModelForImageTextToText,96b6f1eccf38110c56df3a15bffe176da04bfd80,bf16_full,70,1.0,1.0,1.0,1.0,0.0,1.0,1.0,,,0.0,0.0,0.0,bipolar_no_dominant_polarity,,,,,,,0.9746,0.9818,0.9873,4.784,0.80005,0.0,,0,deepseek:deepseek-chat
general-instruct,google/gemma-3-12b-it,12.2,baseline_regift,baseline_regift,,42,agrifacts_frozen_test|axis:landholding,landholding,all,eager,AutoModelForImageTextToText,96b6f1eccf38110c56df3a15bffe176da04bfd80,bf16_full,315,0.9143,0.8742,0.9551,0.9129,-0.0809,0.8742,0.9521,,,0.1006,0.0449,0.3832,gap_erasure_dominant,,,,,,,0.9746,0.9818,0.9873,4.784,0.80005,0.0,,0,deepseek:deepseek-chat
general-instruct,google/gemma-3-12b-it,12.2,baseline_regift,baseline_regift,,42,agrifacts_frozen_test|axis:social_group,social_group,all,eager,AutoModelForImageTextToText,96b6f1eccf38110c56df3a15bffe176da04bfd80,bf16_full,364,0.9698,0.9535,0.9844,0.9687,-0.0309,0.9535,0.982,,,0.0291,0.0156,0.3008,gap_erasure_dominant,,,,,,,0.9746,0.9818,0.9873,4.784,0.80005,0.0,,0,deepseek:deepseek-chat
general-instruct,google/gemma-3-12b-it,12.2,graft_proposed,graft_proposed,,42,agrifacts_frozen_test|axis:gender,gender,all,eager,AutoModelForImageTextToText,96b6f1eccf38110c56df3a15bffe176da04bfd80,bf16_full,70,1.0,1.0,1.0,1.0,0.0,1.0,1.0,,,0.0,0.0,0.0,bipolar_no_dominant_polarity,,,,,,,0.9789,0.9798,0.9987,4.784,0.80005,0.0,,0,deepseek:deepseek-chat
general-instruct,google/gemma-3-12b-it,12.2,graft_proposed,graft_proposed,,42,agrifacts_frozen_test|axis:landholding,landholding,all,eager,AutoModelForImageTextToText,96b6f1eccf38110c56df3a15bffe176da04bfd80,bf16_full,315,0.9111,0.9623,0.859,0.9077,0.1033,0.9623,0.8743,,,0.0,0.141,-1.0,gap_fabrication_dominant,,,,,,,0.9789,0.9798,0.9987,4.784,0.80005,0.0,,0,deepseek:deepseek-chat
general-instruct,google/gemma-3-12b-it,12.2,graft_proposed,graft_proposed,,42,agrifacts_frozen_test|axis:social_group,social_group,all,eager,AutoModelForImageTextToText,96b6f1eccf38110c56df3a15bffe176da04bfd80,bf16_full,364,0.9203,0.9012,0.9375,0.919,-0.0363,0.9012,0.9281,,,0.0116,0.0625,-0.6863,gap_fabrication_dominant,,,,,,,0.9789,0.9798,0.9987,4.784,0.80005,0.0,,0,deepseek:deepseek-chat
general-instruct,google/gemma-3-12b-it,12.2,graft_proposed,graft_proposed,,43,agrifacts_frozen_test|axis:gender,gender,all,eager,AutoModelForImageTextToText,96b6f1eccf38110c56df3a15bffe176da04bfd80,bf16_full,70,1.0,1.0,1.0,1.0,0.0,1.0,1.0,,,0.0,0.0,0.0,bipolar_no_dominant_polarity,,,,,,,0.9782,0.982,0.9826,4.838,0.80005,0.0,,0,deepseek:deepseek-chat
general-instruct,google/gemma-3-12b-it,12.2,graft_proposed,graft_proposed,,43,agrifacts_frozen_test|axis:landholding,landholding,all,eager,AutoModelForImageTextToText,96b6f1eccf38110c56df3a15bffe176da04bfd80,bf16_full,315,0.9111,0.956,0.8654,0.9084,0.0906,0.956,0.8786,,,0.0,0.1346,-1.0,gap_fabrication_dominant,,,,,,,0.9782,0.982,0.9826,4.838,0.80005,0.0,,0,deepseek:deepseek-chat
general-instruct,google/gemma-3-12b-it,12.2,graft_proposed,graft_proposed,,43,agrifacts_frozen_test|axis:social_group,social_group,all,eager,AutoModelForImageTextToText,96b6f1eccf38110c56df3a15bffe176da04bfd80,bf16_full,364,0.967,0.9651,0.9688,0.9669,-0.0036,0.9651,0.9651,,,0.0116,0.0312,-0.4576,gap_fabrication_dominant,,,,,,,0.9782,0.982,0.9826,4.838,0.80005,0.0,,0,deepseek:deepseek-chat
general-instruct,google/gemma-3-12b-it,12.2,graft_proposed,graft_proposed,,44,agrifacts_frozen_test|axis:gender,gender,all,eager,AutoModelForImageTextToText,96b6f1eccf38110c56df3a15bffe176da04bfd80,bf16_full,70,0.8857,1.0,0.7333,0.8462,0.2667,1.0,0.8333,,,0.0,0.2667,-1.0,gap_fabrication_dominant,,,,,,,0.9503,0.955,0.9907,4.649,0.80005,0.0,,0,deepseek:deepseek-chat
general-instruct,google/gemma-3-12b-it,12.2,graft_proposed,graft_proposed,,44,agrifacts_frozen_test|axis:landholding,landholding,all,eager,AutoModelForImageTextToText,96b6f1eccf38110c56df3a15bffe176da04bfd80,bf16_full,315,0.8032,0.9686,0.6346,0.7668,0.3339,0.9686,0.7299,,,0.0,0.3654,-1.0,gap_fabrication_dominant,,,,,,,0.9503,0.955,0.9907,4.649,0.80005,0.0,,0,deepseek:deepseek-chat
general-instruct,google/gemma-3-12b-it,12.2,graft_proposed,graft_proposed,,44,agrifacts_frozen_test|axis:social_group,social_group,all,eager,AutoModelForImageTextToText,96b6f1eccf38110c56df3a15bffe176da04bfd80,bf16_full,364,0.9121,0.9535,0.875,0.9126,0.0785,0.9535,0.8723,,,0.0058,0.125,-0.9111,gap_fabrication_dominant,,,,,,,0.9503,0.955,0.9907,4.649,0.80005,0.0,,0,deepseek:deepseek-chat
general-instruct,google/gemma-3-12b-it,12.2,graft_proposed_qlora_nf4,graft_proposed_qlora_nf4,,42,agrifacts_frozen_test|axis:gender,gender,all,eager,AutoModelForImageTextToText,96b6f1eccf38110c56df3a15bffe176da04bfd80,nf4_4bit,70,1.0,1.0,1.0,1.0,0.0,1.0,1.0,,,0.0,0.0,0.0,bipolar_no_dominant_polarity,,,,,,,0.9788,0.9808,0.998,4.622,1.46684,0.0,,0,deepseek:deepseek-chat
general-instruct,google/gemma-3-12b-it,12.2,graft_proposed_qlora_nf4,graft_proposed_qlora_nf4,,42,agrifacts_frozen_test|axis:landholding,landholding,all,eager,AutoModelForImageTextToText,96b6f1eccf38110c56df3a15bffe176da04bfd80,nf4_4bit,315,0.9111,0.9686,0.8526,0.9069,0.116,0.9686,0.8701,,,0.0,0.1474,-1.0,gap_fabrication_dominant,,,,,,,0.9788,0.9808,0.998,4.622,1.46684,0.0,,0,deepseek:deepseek-chat
general-instruct,google/gemma-3-12b-it,12.2,graft_proposed_qlora_nf4,graft_proposed_qlora_nf4,,42,agrifacts_frozen_test|axis:social_group,social_group,all,eager,AutoModelForImageTextToText,96b6f1eccf38110c56df3a15bffe176da04bfd80,nf4_4bit,364,0.9313,0.9244,0.9375,0.9309,-0.0131,0.9244,0.9298,,,0.0116,0.0625,-0.6863,gap_fabrication_dominant,,,,,,,0.9788,0.9808,0.998,4.622,1.46684,0.0,,0,deepseek:deepseek-chat
general-instruct,google/gemma-3-12b-it,12.2,reference_vanilla_lora,reference_vanilla_lora,,42,agrifacts_frozen_test|axis:gender,gender,all,eager,AutoModelForImageTextToText,96b6f1eccf38110c56df3a15bffe176da04bfd80,bf16_full,70,1.0,1.0,1.0,1.0,0.0,1.0,1.0,,,0.0,0.0,0.0,bipolar_no_dominant_polarity,,,,,,,,,,,0.28006,0.0,,0,deepseek:deepseek-chat
general-instruct,google/gemma-3-12b-it,12.2,reference_vanilla_lora,reference_vanilla_lora,,42,agrifacts_frozen_test|axis:landholding,landholding,all,eager,AutoModelForImageTextToText,96b6f1eccf38110c56df3a15bffe176da04bfd80,bf16_full,315,0.9143,0.9686,0.859,0.9105,0.1096,0.9686,0.875,,,0.0,0.141,-1.0,gap_fabrication_dominant,,,,,,,,,,,0.28006,0.0,,0,deepseek:deepseek-chat
general-instruct,google/gemma-3-12b-it,12.2,reference_vanilla_lora,reference_vanilla_lora,,42,agrifacts_frozen_test|axis:social_group,social_group,all,eager,AutoModelForImageTextToText,96b6f1eccf38110c56df3a15bffe176da04bfd80,bf16_full,364,0.9698,0.9709,0.9688,0.9698,0.0022,0.9709,0.9653,,,0.0116,0.0312,-0.4576,gap_fabrication_dominant,,,,,,,,,,,0.28006,0.0,,0,deepseek:deepseek-chat
general-instruct,google/gemma-3-12b-it,12.2,reference_vanilla_lora,reference_vanilla_lora,,43,agrifacts_frozen_test|axis:gender,gender,all,eager,AutoModelForImageTextToText,96b6f1eccf38110c56df3a15bffe176da04bfd80,bf16_full,70,1.0,1.0,1.0,1.0,0.0,1.0,1.0,,,0.0,0.0,0.0,bipolar_no_dominant_polarity,,,,,,,,,,,0.28006,0.0,,0,deepseek:deepseek-chat
general-instruct,google/gemma-3-12b-it,12.2,reference_vanilla_lora,reference_vanilla_lora,,43,agrifacts_frozen_test|axis:landholding,landholding,all,eager,AutoModelForImageTextToText,96b6f1eccf38110c56df3a15bffe176da04bfd80,bf16_full,315,0.9111,0.9748,0.8462,0.906,0.1287,0.9748,0.8659,,,0.0063,0.1538,-0.9215,gap_fabrication_dominant,,,,,,,,,,,0.28006,0.0,,0,deepseek:deepseek-chat
general-instruct,google/gemma-3-12b-it,12.2,reference_vanilla_lora,reference_vanilla_lora,,43,agrifacts_frozen_test|axis:social_group,social_group,all,eager,AutoModelForImageTextToText,96b6f1eccf38110c56df3a15bffe176da04bfd80,bf16_full,364,0.9313,0.9244,0.9375,0.9309,-0.0131,0.9244,0.9298,,,0.0233,0.0625,-0.4576,gap_fabrication_dominant,,,,,,,,,,,0.28006,0.0,,0,deepseek:deepseek-chat
general-instruct,google/gemma-3-12b-it,12.2,reference_vanilla_lora,reference_vanilla_lora,,44,agrifacts_frozen_test|axis:gender,gender,all,eager,AutoModelForImageTextToText,96b6f1eccf38110c56df3a15bffe176da04bfd80,bf16_full,70,1.0,1.0,1.0,1.0,0.0,1.0,1.0,,,0.0,0.0,0.0,bipolar_no_dominant_polarity,,,,,,,,,,,0.28006,0.0,,0,deepseek:deepseek-chat
general-instruct,google/gemma-3-12b-it,12.2,reference_vanilla_lora,reference_vanilla_lora,,44,agrifacts_frozen_test|axis:landholding,landholding,all,eager,AutoModelForImageTextToText,96b6f1eccf38110c56df3a15bffe176da04bfd80,bf16_full,315,0.8508,0.8428,0.859,0.8508,-0.0162,0.8428,0.859,,,0.0377,0.141,-0.5778,gap_fabrication_dominant,,,,,,,,,,,0.28006,0.0,,0,deepseek:deepseek-chat
general-instruct,google/gemma-3-12b-it,12.2,reference_vanilla_lora,reference_vanilla_lora,,44,agrifacts_frozen_test|axis:social_group,social_group,all,eager,AutoModelForImageTextToText,96b6f1eccf38110c56df3a15bffe176da04bfd80,bf16_full,364,0.8874,0.8837,0.8906,0.8872,-0.0069,0.8837,0.8786,,,0.0174,0.1094,-0.7249,gap_fabrication_dominant,,,,,,,,,,,0.28006,0.0,,0,deepseek:deepseek-chat
general-instruct,google/gemma-3-12b-it,12.2,reference_vanilla_qlora,reference_vanilla_qlora,,42,agrifacts_frozen_test|axis:gender,gender,all,eager,AutoModelForImageTextToText,96b6f1eccf38110c56df3a15bffe176da04bfd80,nf4_4bit,70,1.0,1.0,1.0,1.0,0.0,1.0,1.0,,,0.0,0.0,0.0,bipolar_no_dominant_polarity,,,,,,,,,,,0.51573,0.0,,0,deepseek:deepseek-chat
general-instruct,google/gemma-3-12b-it,12.2,reference_vanilla_qlora,reference_vanilla_qlora,,42,agrifacts_frozen_test|axis:landholding,landholding,all,eager,AutoModelForImageTextToText,96b6f1eccf38110c56df3a15bffe176da04bfd80,nf4_4bit,315,0.9238,0.9748,0.8718,0.9204,0.103,0.9748,0.8857,,,0.0189,0.1282,-0.7434,gap_fabrication_dominant,,,,,,,,,,,0.51573,0.0,,0,deepseek:deepseek-chat
general-instruct,google/gemma-3-12b-it,12.2,reference_vanilla_qlora,reference_vanilla_qlora,,42,agrifacts_frozen_test|axis:social_group,social_group,all,eager,AutoModelForImageTextToText,96b6f1eccf38110c56df3a15bffe176da04bfd80,nf4_4bit,364,0.9725,0.9593,0.9844,0.9717,-0.0251,0.9593,0.9821,,,0.0233,0.0156,0.1963,bipolar_no_dominant_polarity,,,,,,,,,,,0.51573,0.0,,0,deepseek:deepseek-chat
general-instruct,google/gemma-3-12b-it,12.2,baseline_fairsteer,baseline_fairsteer,,42,agrifacts_frozen_test|axis:gender,gender,all,eager,AutoModelForImageTextToText,96b6f1eccf38110c56df3a15bffe176da04bfd80,bf16_full,70,0.3571,0.625,0.0,0.0,0.625,0.625,0.4545,,,0.0,1.0,-1.0,gap_fabrication_dominant,,,,,,,,,,,,0.27,,0,deepseek:deepseek-chat
general-instruct,google/gemma-3-12b-it,12.2,baseline_fairsteer,baseline_fairsteer,,42,agrifacts_frozen_test|axis:landholding,landholding,all,eager,AutoModelForImageTextToText,96b6f1eccf38110c56df3a15bffe176da04bfd80,bf16_full,315,0.4222,0.8365,0.0,0.0,0.8365,0.8365,0.4602,,,0.0,1.0,-1.0,gap_fabrication_dominant,,,,,,,,,,,,0.27,,0,deepseek:deepseek-chat
general-instruct,google/gemma-3-12b-it,12.2,baseline_fairsteer,baseline_fairsteer,,42,agrifacts_frozen_test|axis:social_group,social_group,all,eager,AutoModelForImageTextToText,96b6f1eccf38110c56df3a15bffe176da04bfd80,bf16_full,364,0.3599,0.7616,0.0,0.0,0.7616,0.7616,0.4056,,,0.0,1.0,-1.0,gap_fabrication_dominant,,,,,,,,,,,,0.27,,0,deepseek:deepseek-chat
