2026-09-06 01:21:31,608 INFO [estimate_gpu_hours] small-instruct       33 training runs, 35 evaluation targets, 35 advice targets.
2026-09-06 01:21:31,608 INFO [estimate_gpu_hours] broad-instruct       33 training runs, 35 evaluation targets, 35 advice targets.
2026-09-06 01:21:31,608 INFO [estimate_gpu_hours] general-instruct     33 training runs, 35 evaluation targets, 35 advice targets.
2026-09-06 01:21:31,608 INFO [estimate_gpu_hours] general-instruct-2   33 training runs, 35 evaluation targets, 35 advice targets.
2026-09-06 01:21:31,608 INFO [estimate_gpu_hours] Per training run: about 1.72 million tokens.
2026-09-06 01:21:31,979 WARNING [artifact_sync] commit-tree produced nothing; snapshot aborted.
2026-09-06 01:21:36,703 WARNING [artifact_sync] Could not fetch the artifacts branch: fatal: unable to access 'https<redacted>@github.com/DevDaring/Finetune_AgriFair.git/': URL using bad/illegal format or missing URL

2026-09-06 01:21:36,703 INFO [restore_artifacts] Restore skipped/failed (not a git repo or no branch yet)
2026-09-06 01:21:37,047 INFO [run_all] === measure_base_competence ===
2026-09-06 01:21:38,310 INFO [measure_base_competence] Answer-extraction judge chain: deepseek-key-1 -> deepseek-key-2 -> mistral-key-1 -> mistral-key-2
2026-09-06 01:21:38,311 INFO [measure_base_competence] Loading model tier=small-instruct (smoke=False)
2026-09-06 01:22:13,978 INFO [measure_base_competence] tier=small-instruct balanced awareness=0.329 erasure=0.631 fabrication=0.333 (gap_erasure_dominant)
2026-09-06 01:22:14,029 INFO [measure_base_competence] Loading model tier=broad-instruct (smoke=False)
2026-09-06 01:22:58,921 INFO [measure_base_competence] tier=broad-instruct balanced awareness=0.402 erasure=0.124 fabrication=0.720 (gap_fabrication_dominant)
2026-09-06 01:22:59,122 INFO [measure_base_competence] Loading model tier=general-instruct (smoke=False)
2026-09-06 01:24:24,604 INFO [measure_base_competence] tier=general-instruct balanced awareness=0.179 erasure=0.008 fabrication=0.899 (gap_fabrication_dominant)
2026-09-06 01:24:24,817 INFO [measure_base_competence] Loading model tier=general-instruct-2 (smoke=False)
2026-09-06 01:25:18,242 INFO [measure_base_competence] tier=general-instruct-2 balanced awareness=0.467 erasure=0.420 fabrication=0.529 (bipolar_no_dominant_polarity)
2026-09-06 01:25:18,394 INFO [run_all] --- measure_base_competence done in 221.3 s ---
2026-09-06 01:25:18,394 INFO [run_all] === probe_subject_models ===
2026-09-06 01:25:18,397 INFO [probe_subject_models] Answer-extraction judge chain: deepseek-key-1 -> deepseek-key-2 -> mistral-key-1 -> mistral-key-2
2026-09-06 01:25:37,576 INFO [probe_subject_models] tier=small-instruct erasure=42 fabrication=22 swap-flips=44
2026-09-06 01:26:04,512 INFO [probe_subject_models] tier=broad-instruct erasure=11 fabrication=38 swap-flips=40
2026-09-06 01:26:55,950 INFO [probe_subject_models] tier=general-instruct erasure=4 fabrication=48 swap-flips=42
2026-09-06 01:27:28,205 INFO [probe_subject_models] tier=general-instruct-2 erasure=18 fabrication=28 swap-flips=47
2026-09-06 01:27:28,380 INFO [run_all] --- probe_subject_models done in 130.0 s ---
2026-09-06 01:27:28,380 INFO [run_all] === attribution_integrated_gradients ===
2026-09-06 01:27:31,076 INFO [attribution_integrated_gradients] tier=small-instruct held_out_axis=None attributing over 64 items, 50 Riemann steps.
2026-09-06 01:33:34,202 INFO [attribution_integrated_gradients] tier=small-instruct held_out=None top layers (normalized): [('1', 1.0), ('0', 0.8877643459706627), ('2', 0.7442610348893011), ('3', 0.7424059289949448), ('4', 0.7038619067563937)]; ranking stability rho=1.000
2026-09-06 01:33:34,205 INFO [attribution_integrated_gradients] tier=small-instruct held_out_axis=social_group attributing over 45 items, 50 Riemann steps.
2026-09-06 01:37:49,981 INFO [attribution_integrated_gradients] tier=small-instruct held_out=social_group top layers (normalized): [('1', 1.0), ('0', 0.8865589854262549), ('2', 0.745602960639125), ('3', 0.7440618420295595), ('4', 0.7074518905562319)]; ranking stability rho=0.999
2026-09-06 01:37:49,984 INFO [attribution_integrated_gradients] tier=small-instruct held_out_axis=landholding attributing over 51 items, 50 Riemann steps.
2026-09-06 01:42:31,222 INFO [attribution_integrated_gradients] tier=small-instruct held_out=landholding top layers (normalized): [('1', 1.0), ('0', 0.889295309413322), ('2', 0.7387830605252672), ('3', 0.7382798198002054), ('4', 0.6968150640588939)]; ranking stability rho=0.999
2026-09-06 01:42:31,225 INFO [attribution_integrated_gradients] tier=small-instruct held_out_axis=gender attributing over 64 items, 50 Riemann steps.
2026-09-06 01:48:21,194 INFO [attribution_integrated_gradients] tier=small-instruct held_out=gender top layers (normalized): [('1', 1.0), ('0', 0.8860255324590692), ('2', 0.7398898130618301), ('3', 0.7378582092812053), ('4', 0.6979824454280557)]; ranking stability rho=1.000
2026-09-06 01:48:28,453 INFO [attribution_integrated_gradients] tier=broad-instruct held_out_axis=None attributing over 64 items, 50 Riemann steps.
2026-09-06 01:51:32,186 WARNING [artifact_sync] commit-tree produced nothing; snapshot aborted.
2026-09-06 01:57:29,766 INFO [attribution_integrated_gradients] tier=broad-instruct held_out=None top layers (normalized): [('14', 1.0), ('13', 0.9474029145140314), ('15', 0.9258985023691529), ('12', 0.89815745930272), ('11', 0.8379851878398236)]; ranking stability rho=1.000
2026-09-06 01:57:29,769 INFO [attribution_integrated_gradients] tier=broad-instruct held_out_axis=social_group attributing over 41 items, 50 Riemann steps.
2026-09-06 02:03:23,802 INFO [attribution_integrated_gradients] tier=broad-instruct held_out=social_group top layers (normalized): [('14', 1.0), ('13', 0.9460006176114787), ('15', 0.9284359438439965), ('12', 0.8939298677445011), ('11', 0.8334187978953532)]; ranking stability rho=0.999
2026-09-06 02:03:23,805 INFO [attribution_integrated_gradients] tier=broad-instruct held_out_axis=landholding attributing over 42 items, 50 Riemann steps.
2026-09-06 02:09:27,089 INFO [attribution_integrated_gradients] tier=broad-instruct held_out=landholding top layers (normalized): [('14', 1.0), ('13', 0.9500392449732122), ('15', 0.9257457755424006), ('12', 0.9064722839512146), ('11', 0.8465988362571226)]; ranking stability rho=1.000
2026-09-06 02:09:27,092 INFO [attribution_integrated_gradients] tier=broad-instruct held_out_axis=gender attributing over 64 items, 50 Riemann steps.
2026-09-06 02:11:28,427 WARNING [artifact_sync] commit-tree produced nothing; snapshot aborted.
2026-09-06 02:12:19,458 ERROR [artifact_sync] Snapshot push failed: fatal: unable to access 'https<redacted>@github.com/DevDaring/Finetune_AgriFair.git/': URL using bad/illegal format or missing URL

2026-09-06 02:12:56,076 INFO [artifact_sync] Snapshot pushed: 121 files to branch gpu-run-artifacts.
2026-09-06 02:18:26,191 INFO [attribution_integrated_gradients] tier=broad-instruct held_out=gender top layers (normalized): [('14', 1.0), ('13', 0.9448443062649119), ('15', 0.9247179256990189), ('12', 0.8944208493340122), ('11', 0.8333534319200029)]; ranking stability rho=1.000
2026-09-06 02:18:42,700 INFO [attribution_integrated_gradients] tier=general-instruct held_out_axis=None attributing over 64 items, 50 Riemann steps.
2026-09-06 02:21:34,727 INFO [artifact_sync] Snapshot pushed: 122 files to branch gpu-run-artifacts.
2026-09-06 02:34:38,067 INFO [attribution_integrated_gradients] tier=general-instruct held_out=None top layers (normalized): [('16', 1.0), ('15', 0.984341987711606), ('17', 0.9777255070132582), ('14', 0.9739434584183029), ('13', 0.9267365162232455)]; ranking stability rho=0.999
2026-09-06 02:34:38,070 INFO [attribution_integrated_gradients] tier=general-instruct held_out_axis=social_group attributing over 44 items, 50 Riemann steps.
2026-09-06 02:45:11,072 INFO [attribution_integrated_gradients] tier=general-instruct held_out=social_group top layers (normalized): [('16', 1.0), ('15', 0.9848537852055382), ('17', 0.9747546002111555), ('14', 0.9746693914604766), ('13', 0.9188681417868105)]; ranking stability rho=0.999
2026-09-06 02:45:11,075 INFO [attribution_integrated_gradients] tier=general-instruct held_out_axis=landholding attributing over 41 items, 50 Riemann steps.
2026-09-06 02:51:37,167 INFO [artifact_sync] Snapshot pushed: 124 files to branch gpu-run-artifacts.
2026-09-06 02:54:54,728 INFO [attribution_integrated_gradients] tier=general-instruct held_out=landholding top layers (normalized): [('16', 1.0), ('15', 0.984903191506776), ('17', 0.9805762202764284), ('14', 0.9762836375129481), ('13', 0.9396535084309134)]; ranking stability rho=0.999
2026-09-06 02:54:54,731 INFO [attribution_integrated_gradients] tier=general-instruct held_out_axis=gender attributing over 63 items, 50 Riemann steps.
2026-09-06 03:10:43,115 INFO [attribution_integrated_gradients] tier=general-instruct held_out=gender top layers (normalized): [('16', 1.0), ('15', 0.982691145997654), ('17', 0.9781519867980293), ('14', 0.9731899019260052), ('13', 0.9260234697324493)]; ranking stability rho=0.999
2026-09-06 03:10:54,694 INFO [attribution_integrated_gradients] tier=general-instruct-2 held_out_axis=None attributing over 64 items, 50 Riemann steps.
2026-09-06 03:19:08,832 INFO [attribution_integrated_gradients] tier=general-instruct-2 held_out=None top layers (normalized): [('2', 1.0), ('1', 0.9718704051450048), ('0', 0.8796725721015525), ('4', 0.8501747328932863), ('5', 0.8425310585938253)]; ranking stability rho=1.000
2026-09-06 03:19:08,836 INFO [attribution_integrated_gradients] tier=general-instruct-2 held_out_axis=social_group attributing over 39 items, 50 Riemann steps.
2026-09-06 03:21:39,572 INFO [artifact_sync] Snapshot pushed: 127 files to branch gpu-run-artifacts.
2026-09-06 03:24:08,568 INFO [attribution_integrated_gradients] tier=general-instruct-2 held_out=social_group top layers (normalized): [('2', 1.0), ('1', 0.9659583157995842), ('0', 0.8885893698324102), ('4', 0.8413707878540315), ('3', 0.8352353014409479)]; ranking stability rho=1.000
2026-09-06 03:24:08,571 INFO [attribution_integrated_gradients] tier=general-instruct-2 held_out_axis=landholding attributing over 40 items, 50 Riemann steps.
2026-09-06 03:29:18,576 INFO [attribution_integrated_gradients] tier=general-instruct-2 held_out=landholding top layers (normalized): [('2', 1.0), ('1', 0.974600739604046), ('4', 0.8691968144908823), ('5', 0.8659035545297086), ('0', 0.8638299938494761)]; ranking stability rho=0.999
2026-09-06 03:29:18,579 INFO [attribution_integrated_gradients] tier=general-instruct-2 held_out_axis=gender attributing over 64 items, 50 Riemann steps.
2026-09-06 03:37:25,004 INFO [attribution_integrated_gradients] tier=general-instruct-2 held_out=gender top layers (normalized): [('2', 1.0), ('1', 0.9712066584225137), ('0', 0.8767852586412062), ('4', 0.8559200484109715), ('5', 0.8505195296541445)]; ranking stability rho=1.000
2026-09-06 03:37:25,717 INFO [run_all] --- attribution_integrated_gradients done in 7797.3 s ---
2026-09-06 03:37:25,719 INFO [run_all] === configure_layer_selective_lora ===
2026-09-06 03:37:25,723 INFO [configure_layer_selective_lora] tier=small-instruct held_out=None attribution layers=[0, 1, 2, 3, 4, 5, 6, 7, 8, 9, 10, 11, 12, 13] ranks=[57, 64, 48, 48, 45, 40, 37, 36, 29, 25, 22, 18, 13, 11] (budget 3451), uniform layers=28 budget 3451, random budget 3451
2026-09-06 03:37:25,726 INFO [configure_layer_selective_lora] tier=small-instruct held_out=social_group attribution layers=[0, 1, 2, 3, 4, 5, 6, 7, 8, 9, 10, 11, 12, 13] ranks=[57, 64, 48, 48, 45, 40, 38, 36, 29, 25, 22, 18, 13, 11] (budget 3458), uniform layers=28 budget 3458, random budget 3458
2026-09-06 03:37:25,728 INFO [configure_layer_selective_lora] tier=small-instruct held_out=landholding attribution layers=[0, 1, 2, 3, 4, 5, 6, 7, 8, 9, 10, 11, 12, 13] ranks=[57, 64, 47, 47, 45, 40, 37, 35, 29, 25, 22, 19, 14, 12] (budget 3451), uniform layers=28 budget 3451, random budget 3451
2026-09-06 03:37:25,731 INFO [configure_layer_selective_lora] tier=small-instruct held_out=gender attribution layers=[0, 1, 2, 3, 4, 5, 6, 7, 8, 9, 10, 11, 12, 13] ranks=[57, 64, 47, 47, 45, 40, 37, 35, 29, 25, 22, 18, 13, 11] (budget 3430), uniform layers=28 budget 3430, random budget 3430
2026-09-06 03:37:25,736 INFO [configure_layer_selective_lora] tier=broad-instruct held_out=None attribution layers=[0, 1, 2, 3, 4, 5, 6, 7, 8, 9, 10, 11, 12, 13, 14, 15, 16, 17, 18, 19, 20, 21, 22, 23] ranks=[36, 24, 28, 31, 38, 43, 42, 44, 45, 46, 53, 54, 57, 61, 64, 59, 52, 48, 43, 33, 26, 21, 17, 13] (budget 6846), uniform layers=36 budget 6846, random budget 6846
2026-09-06 03:37:25,739 INFO [configure_layer_selective_lora] tier=broad-instruct held_out=social_group attribution layers=[0, 1, 2, 3, 4, 5, 6, 7, 8, 9, 10, 11, 12, 13, 14, 15, 16, 17, 18, 19, 20, 21, 22, 23] ranks=[37, 25, 29, 32, 38, 43, 43, 45, 46, 46, 53, 53, 57, 61, 64, 59, 53, 49, 43, 33, 26, 21, 17, 13] (budget 6902), uniform layers=36 budget 6902, random budget 6902
2026-09-06 03:37:25,742 INFO [configure_layer_selective_lora] tier=broad-instruct held_out=landholding attribution layers=[0, 1, 2, 3, 4, 5, 6, 7, 8, 9, 10, 11, 12, 13, 14, 15, 16, 17, 18, 19, 20, 21, 22, 23] ranks=[35, 24, 27, 31, 37, 42, 42, 44, 45, 46, 53, 54, 58, 61, 64, 59, 52, 48, 44, 33, 26, 21, 17, 13] (budget 6832), uniform layers=36 budget 6832, random budget 6832
2026-09-06 03:37:25,746 INFO [configure_layer_selective_lora] tier=broad-instruct held_out=gender attribution layers=[0, 1, 2, 3, 4, 5, 6, 7, 8, 9, 10, 11, 12, 13, 14, 15, 16, 17, 18, 19, 20, 21, 22, 23] ranks=[36, 24, 28, 32, 38, 43, 42, 44, 45, 46, 53, 53, 57, 60, 64, 59, 52, 48, 44, 33, 26, 21, 17, 13] (budget 6846), uniform layers=36 budget 6846, random budget 6846
2026-09-06 03:37:25,751 INFO [configure_layer_selective_lora] tier=general-instruct held_out=None attribution layers=[0, 1, 2, 3, 4, 5, 6, 7, 8, 9, 10, 11, 12, 13, 14, 15, 16, 17, 18, 19, 20, 21, 22, 23, 24, 25, 26, 27, 28, 29] ranks=[53, 22, 29, 21, 29, 35, 47, 32, 39, 50, 52, 57, 57, 59, 62, 63, 64, 63, 56, 49, 40, 33, 30, 27, 21, 17, 14, 12, 10, 10] (budget 8071), uniform layers=48 budget 8071, random budget 8071
2026-09-06 03:37:25,755 INFO [configure_layer_selective_lora] tier=general-instruct held_out=social_group attribution layers=[0, 1, 2, 3, 4, 5, 6, 7, 8, 9, 10, 11, 12, 13, 14, 15, 16, 17, 18, 19, 20, 21, 22, 23, 24, 25, 26, 27] ranks=[49, 20, 27, 20, 27, 33, 45, 32, 38, 49, 51, 56, 57, 59, 62, 63, 64, 62, 56, 50, 40, 34, 30, 26, 20, 16, 13, 11] (budget 7770), uniform layers=48 budget 7770, random budget 7770
2026-09-06 03:37:25,759 INFO [configure_layer_selective_lora] tier=general-instruct held_out=landholding attribution layers=[0, 1, 2, 3, 4, 5, 6, 7, 8, 9, 10, 11, 12, 13, 14, 15, 16, 17, 18, 19, 20, 21, 22, 23, 24, 25, 26, 27, 28, 29] ranks=[57, 23, 31, 23, 31, 37, 49, 33, 40, 52, 54, 59, 57, 60, 62, 63, 64, 63, 55, 48, 39, 33, 30, 27, 22, 19, 15, 13, 12, 12] (budget 8281), uniform layers=48 budget 8281, random budget 8281
2026-09-06 03:37:25,763 INFO [configure_layer_selective_lora] tier=general-instruct held_out=gender attribution layers=[0, 1, 2, 3, 4, 5, 6, 7, 8, 9, 10, 11, 12, 13, 14, 15, 16, 17, 18, 19, 20, 21, 22, 23, 24, 25, 26, 27, 28, 29] ranks=[53, 22, 29, 21, 29, 35, 47, 32, 39, 50, 52, 57, 57, 59, 62, 63, 64, 63, 56, 49, 40, 33, 31, 27, 21, 18, 14, 12, 11, 10] (budget 8092), uniform layers=48 budget 8092, random budget 8092
2026-09-06 03:37:25,767 INFO [configure_layer_selective_lora] tier=general-instruct-2 held_out=None attribution layers=[0, 1, 2, 3, 4, 5, 6, 7, 8, 9, 10, 11, 12, 13, 14, 15, 16, 17] ranks=[56, 62, 64, 54, 54, 54, 50, 50, 47, 46, 39, 36, 32, 31, 25, 21, 16, 10] (budget 5229), uniform layers=36 budget 5229, random budget 5229
2026-09-06 03:37:25,770 INFO [configure_layer_selective_lora] tier=general-instruct-2 held_out=social_group attribution layers=[0, 1, 2, 3, 4, 5, 6, 7, 8, 9, 10, 11, 12, 13, 14, 15, 16, 17] ranks=[57, 62, 64, 53, 54, 53, 50, 50, 47, 45, 38, 35, 32, 30, 25, 20, 16, 10] (budget 5187), uniform layers=36 budget 5187, random budget 5187
2026-09-06 03:37:25,772 INFO [configure_layer_selective_lora] tier=general-instruct-2 held_out=landholding attribution layers=[0, 1, 2, 3, 4, 5, 6, 7, 8, 9, 10, 11, 12, 13, 14, 15, 16, 17] ranks=[55, 62, 64, 54, 56, 55, 52, 52, 49, 48, 41, 37, 34, 32, 26, 21, 17, 10] (budget 5355), uniform layers=36 budget 5355, random budget 5355
2026-09-06 03:37:25,775 INFO [configure_layer_selective_lora] tier=general-instruct-2 held_out=gender attribution layers=[0, 1, 2, 3, 4, 5, 6, 7, 8, 9, 10, 11, 12, 13, 14, 15, 16, 17] ranks=[56, 62, 64, 54, 55, 54, 51, 51, 48, 47, 39, 36, 33, 31, 25, 21, 16, 10] (budget 5271), uniform layers=36 budget 5271, random budget 5271
2026-09-06 03:37:25,775 INFO [run_all] --- configure_layer_selective_lora done in 0.1 s ---
2026-09-06 03:37:25,775 INFO [run_all] === train_graft ===
2026-09-06 03:37:25,796 INFO [train_graft] Training tier=small-instruct method=graft_proposed seed=42 quantized=False layers=[0, 1, 2, 3, 4, 5, 6, 7, 8, 9, 10, 11, 12, 13]
2026-09-06 03:39:27,721 INFO [training] Saved checkpoint /workspace/Finetune_AgriFair/checkpoints/small-instruct/graft_proposed/seed_42/epoch_0
2026-09-06 03:41:24,534 INFO [training] Saved checkpoint /workspace/Finetune_AgriFair/checkpoints/small-instruct/graft_proposed/seed_42/epoch_1
2026-09-06 03:43:21,116 INFO [training] Saved checkpoint /workspace/Finetune_AgriFair/checkpoints/small-instruct/graft_proposed/seed_42/epoch_2
2026-09-06 03:43:22,378 INFO [train_graft] Matched-budget reference set from graft_proposed on small-instruct: 0.8259 percent trainable.
2026-09-06 03:43:22,379 INFO [train_graft] Training tier=small-instruct method=graft_proposed seed=43 quantized=False layers=[0, 1, 2, 3, 4, 5, 6, 7, 8, 9, 10, 11, 12, 13]
2026-09-06 03:45:22,612 INFO [training] Saved checkpoint /workspace/Finetune_AgriFair/checkpoints/small-instruct/graft_proposed/seed_43/epoch_0
2026-09-06 03:47:18,807 INFO [training] Saved checkpoint /workspace/Finetune_AgriFair/checkpoints/small-instruct/graft_proposed/seed_43/epoch_1
2026-09-06 03:49:12,706 INFO [training] Saved checkpoint /workspace/Finetune_AgriFair/checkpoints/small-instruct/graft_proposed/seed_43/epoch_2
2026-09-06 03:49:13,551 INFO [train_graft] Training tier=small-instruct method=graft_proposed seed=44 quantized=False layers=[0, 1, 2, 3, 4, 5, 6, 7, 8, 9, 10, 11, 12, 13]
2026-09-06 03:51:11,833 INFO [training] Saved checkpoint /workspace/Finetune_AgriFair/checkpoints/small-instruct/graft_proposed/seed_44/epoch_0
2026-09-06 03:51:42,361 INFO [artifact_sync] Snapshot pushed: 148 files to branch gpu-run-artifacts.
2026-09-06 03:53:07,335 INFO [training] Saved checkpoint /workspace/Finetune_AgriFair/checkpoints/small-instruct/graft_proposed/seed_44/epoch_1
2026-09-06 03:55:01,106 INFO [training] Saved checkpoint /workspace/Finetune_AgriFair/checkpoints/small-instruct/graft_proposed/seed_44/epoch_2
2026-09-06 03:55:02,164 INFO [train_graft] Training tier=small-instruct method=ablation_placement_uniform seed=42 quantized=False layers=[0, 1, 2, 3, 4, 5, 6, 7, 8, 9, 10, 11, 12, 13, 14, 15, 16, 17, 18, 19, 20, 21, 22, 23, 24, 25, 26, 27]
2026-09-06 03:55:07,768 INFO [training] Matched budget OK: trainable budget 0.8259% vs reference 0.8259% (delta 0.0000pp = 0.0% relative, tol 0.0826pp)
2026-09-06 03:57:27,915 INFO [training] Saved checkpoint /workspace/Finetune_AgriFair/checkpoints/small-instruct/ablation_placement_uniform/seed_42/epoch_0
2026-09-06 03:59:47,811 INFO [training] Saved checkpoint /workspace/Finetune_AgriFair/checkpoints/small-instruct/ablation_placement_uniform/seed_42/epoch_1
2026-09-06 04:02:07,209 INFO [training] Saved checkpoint /workspace/Finetune_AgriFair/checkpoints/small-instruct/ablation_placement_uniform/seed_42/epoch_2
2026-09-06 04:02:08,406 INFO [train_graft] Training tier=small-instruct method=ablation_placement_random seed=42 quantized=False layers=[0, 1, 2, 6, 7, 13, 15, 16, 17, 19, 21, 23, 24, 26]
2026-09-06 04:02:12,562 INFO [training] Matched budget OK: trainable budget 0.8259% vs reference 0.8259% (delta 0.0000pp = 0.0% relative, tol 0.0826pp)
2026-09-06 04:04:06,800 INFO [training] Saved checkpoint /workspace/Finetune_AgriFair/checkpoints/small-instruct/ablation_placement_random/seed_42/epoch_0
2026-09-06 04:06:00,711 INFO [training] Saved checkpoint /workspace/Finetune_AgriFair/checkpoints/small-instruct/ablation_placement_random/seed_42/epoch_1
2026-09-06 04:07:54,211 INFO [training] Saved checkpoint /workspace/Finetune_AgriFair/checkpoints/small-instruct/ablation_placement_random/seed_42/epoch_2
2026-09-06 04:07:55,038 INFO [train_graft] Training tier=small-instruct method=ablation_placement_random_draw2 seed=42 quantized=False layers=[1, 2, 3, 4, 5, 11, 12, 13, 17, 18, 19, 22, 25, 27]
2026-09-06 04:07:59,056 INFO [training] Matched budget OK: trainable budget 0.8259% vs reference 0.8259% (delta 0.0000pp = 0.0% relative, tol 0.0826pp)
2026-09-06 04:09:52,307 INFO [training] Saved checkpoint /workspace/Finetune_AgriFair/checkpoints/small-instruct/ablation_placement_random_draw2/seed_42/epoch_0
2026-09-06 04:11:45,599 INFO [training] Saved checkpoint /workspace/Finetune_AgriFair/checkpoints/small-instruct/ablation_placement_random_draw2/seed_42/epoch_1
2026-09-06 04:13:38,609 INFO [training] Saved checkpoint /workspace/Finetune_AgriFair/checkpoints/small-instruct/ablation_placement_random_draw2/seed_42/epoch_2
2026-09-06 04:13:39,388 INFO [train_graft] Training tier=small-instruct method=ablation_placement_random_draw3 seed=42 quantized=False layers=[2, 3, 5, 9, 10, 11, 12, 16, 18, 20, 21, 22, 24, 26]
2026-09-06 04:13:43,746 INFO [training] Matched budget OK: trainable budget 0.8259% vs reference 0.8259% (delta 0.0000pp = 0.0% relative, tol 0.0826pp)
2026-09-06 04:15:37,895 INFO [training] Saved checkpoint /workspace/Finetune_AgriFair/checkpoints/small-instruct/ablation_placement_random_draw3/seed_42/epoch_0
2026-09-06 04:17:32,113 INFO [training] Saved checkpoint /workspace/Finetune_AgriFair/checkpoints/small-instruct/ablation_placement_random_draw3/seed_42/epoch_1
2026-09-06 04:19:25,109 INFO [training] Saved checkpoint /workspace/Finetune_AgriFair/checkpoints/small-instruct/ablation_placement_random_draw3/seed_42/epoch_2
2026-09-06 04:19:25,970 INFO [train_graft] Training tier=small-instruct method=ablation_no_rationale_loss seed=42 quantized=False layers=[0, 1, 2, 3, 4, 5, 6, 7, 8, 9, 10, 11, 12, 13]
2026-09-06 04:19:30,062 INFO [training] Matched budget OK: trainable budget 0.8259% vs reference 0.8259% (delta 0.0000pp = 0.0% relative, tol 0.0826pp)
2026-09-06 04:20:58,410 INFO [training] Saved checkpoint /workspace/Finetune_AgriFair/checkpoints/small-instruct/ablation_no_rationale_loss/seed_42/epoch_0
2026-09-06 04:21:45,250 INFO [artifact_sync] Snapshot pushed: 148 files to branch gpu-run-artifacts.
2026-09-06 04:22:26,746 INFO [training] Saved checkpoint /workspace/Finetune_AgriFair/checkpoints/small-instruct/ablation_no_rationale_loss/seed_42/epoch_1
2026-09-06 04:23:56,001 INFO [training] Saved checkpoint /workspace/Finetune_AgriFair/checkpoints/small-instruct/ablation_no_rationale_loss/seed_42/epoch_2
2026-09-06 04:23:56,781 INFO [train_graft] Training tier=small-instruct method=ablation_no_condition_adaptive seed=42 quantized=False layers=[0, 1, 2, 3, 4, 5, 6, 7, 8, 9, 10, 11, 12, 13]
2026-09-06 04:24:01,131 INFO [training] Matched budget OK: trainable budget 0.8259% vs reference 0.8259% (delta 0.0000pp = 0.0% relative, tol 0.0826pp)
2026-09-06 04:25:55,016 INFO [training] Saved checkpoint /workspace/Finetune_AgriFair/checkpoints/small-instruct/ablation_no_condition_adaptive/seed_42/epoch_0
2026-09-06 04:27:48,893 INFO [training] Saved checkpoint /workspace/Finetune_AgriFair/checkpoints/small-instruct/ablation_no_condition_adaptive/seed_42/epoch_1
2026-09-06 04:29:42,017 INFO [training] Saved checkpoint /workspace/Finetune_AgriFair/checkpoints/small-instruct/ablation_no_condition_adaptive/seed_42/epoch_2
2026-09-06 04:29:42,860 INFO [train_graft] Training tier=small-instruct method=ablation_rank_sweep_8 seed=42 quantized=False layers=[0, 1, 2, 3, 4, 5, 6, 7, 8, 9, 10, 11, 12, 13]
2026-09-06 04:31:35,145 INFO [training] Saved checkpoint /workspace/Finetune_AgriFair/checkpoints/small-instruct/ablation_rank_sweep_8/seed_42/epoch_0
2026-09-06 04:33:25,564 INFO [training] Saved checkpoint /workspace/Finetune_AgriFair/checkpoints/small-instruct/ablation_rank_sweep_8/seed_42/epoch_1
2026-09-06 04:35:14,637 INFO [training] Saved checkpoint /workspace/Finetune_AgriFair/checkpoints/small-instruct/ablation_rank_sweep_8/seed_42/epoch_2
2026-09-06 04:35:15,106 INFO [train_graft] Training tier=small-instruct method=ablation_rank_sweep_16 seed=42 quantized=False layers=[0, 1, 2, 3, 4, 5, 6, 7, 8, 9, 10, 11, 12, 13]
2026-09-06 04:37:10,078 INFO [training] Saved checkpoint /workspace/Finetune_AgriFair/checkpoints/small-instruct/ablation_rank_sweep_16/seed_42/epoch_0
2026-09-06 04:39:00,576 INFO [training] Saved checkpoint /workspace/Finetune_AgriFair/checkpoints/small-instruct/ablation_rank_sweep_16/seed_42/epoch_1
2026-09-06 04:40:50,772 INFO [training] Saved checkpoint /workspace/Finetune_AgriFair/checkpoints/small-instruct/ablation_rank_sweep_16/seed_42/epoch_2
2026-09-06 04:40:51,477 INFO [train_graft] Training tier=small-instruct method=ablation_rank_sweep_32 seed=42 quantized=False layers=[0, 1, 2, 3, 4, 5, 6, 7, 8, 9, 10, 11, 12, 13]
2026-09-06 04:42:46,505 INFO [training] Saved checkpoint /workspace/Finetune_AgriFair/checkpoints/small-instruct/ablation_rank_sweep_32/seed_42/epoch_0
2026-09-06 04:44:38,301 INFO [training] Saved checkpoint /workspace/Finetune_AgriFair/checkpoints/small-instruct/ablation_rank_sweep_32/seed_42/epoch_1
2026-09-06 04:46:29,898 INFO [training] Saved checkpoint /workspace/Finetune_AgriFair/checkpoints/small-instruct/ablation_rank_sweep_32/seed_42/epoch_2
2026-09-06 04:46:30,666 INFO [train_graft] Training tier=small-instruct method=graft_proposed_qlora_nf4 seed=42 quantized=True layers=[0, 1, 2, 3, 4, 5, 6, 7, 8, 9, 10, 11, 12, 13]
2026-09-06 04:49:39,302 INFO [training] Saved checkpoint /workspace/Finetune_AgriFair/checkpoints/small-instruct/graft_proposed_qlora_nf4/seed_42/epoch_0
2026-09-06 04:51:47,845 INFO [artifact_sync] Snapshot pushed: 148 files to branch gpu-run-artifacts.
2026-09-06 04:52:40,109 INFO [training] Saved checkpoint /workspace/Finetune_AgriFair/checkpoints/small-instruct/graft_proposed_qlora_nf4/seed_42/epoch_1
2026-09-06 04:55:40,707 INFO [training] Saved checkpoint /workspace/Finetune_AgriFair/checkpoints/small-instruct/graft_proposed_qlora_nf4/seed_42/epoch_2
2026-09-06 04:55:41,359 INFO [train_graft] Training tier=small-instruct method=graft_proposed_loao_social_group seed=42 quantized=False layers=[0, 1, 2, 3, 4, 5, 6, 7, 8, 9, 10, 11, 12, 13]
2026-09-06 04:56:51,307 INFO [training] Saved checkpoint /workspace/Finetune_AgriFair/checkpoints/small-instruct/graft_proposed_loao_social_group/seed_42/epoch_0
2026-09-06 04:57:57,004 INFO [training] Saved checkpoint /workspace/Finetune_AgriFair/checkpoints/small-instruct/graft_proposed_loao_social_group/seed_42/epoch_1
2026-09-06 04:59:02,194 INFO [training] Saved checkpoint /workspace/Finetune_AgriFair/checkpoints/small-instruct/graft_proposed_loao_social_group/seed_42/epoch_2
2026-09-06 04:59:02,815 INFO [train_graft] Training tier=small-instruct method=reference_vanilla_lora_loao_social_group seed=42 quantized=False layers=[0, 1, 2, 3, 4, 5, 6, 7, 8, 9, 10, 11, 12, 13, 14, 15, 16, 17, 18, 19, 20, 21, 22, 23, 24, 25, 26, 27]
2026-09-06 05:00:24,771 INFO [training] Saved checkpoint /workspace/Finetune_AgriFair/checkpoints/small-instruct/reference_vanilla_lora_loao_social_group/seed_42/epoch_0
2026-09-06 05:01:43,673 INFO [training] Saved checkpoint /workspace/Finetune_AgriFair/checkpoints/small-instruct/reference_vanilla_lora_loao_social_group/seed_42/epoch_1
2026-09-06 05:03:02,671 INFO [training] Saved checkpoint /workspace/Finetune_AgriFair/checkpoints/small-instruct/reference_vanilla_lora_loao_social_group/seed_42/epoch_2
2026-09-06 05:03:03,289 INFO [train_graft] Training tier=small-instruct method=graft_proposed_loao_landholding seed=42 quantized=False layers=[0, 1, 2, 3, 4, 5, 6, 7, 8, 9, 10, 11, 12, 13]
2026-09-06 05:04:06,705 INFO [training] Saved checkpoint /workspace/Finetune_AgriFair/checkpoints/small-instruct/graft_proposed_loao_landholding/seed_42/epoch_0
2026-09-06 05:05:06,108 INFO [training] Saved checkpoint /workspace/Finetune_AgriFair/checkpoints/small-instruct/graft_proposed_loao_landholding/seed_42/epoch_1
2026-09-06 05:06:05,310 INFO [training] Saved checkpoint /workspace/Finetune_AgriFair/checkpoints/small-instruct/graft_proposed_loao_landholding/seed_42/epoch_2
2026-09-06 05:06:06,003 INFO [train_graft] Training tier=small-instruct method=reference_vanilla_lora_loao_landholding seed=42 quantized=False layers=[0, 1, 2, 3, 4, 5, 6, 7, 8, 9, 10, 11, 12, 13, 14, 15, 16, 17, 18, 19, 20, 21, 22, 23, 24, 25, 26, 27]
2026-09-06 05:07:20,875 INFO [training] Saved checkpoint /workspace/Finetune_AgriFair/checkpoints/small-instruct/reference_vanilla_lora_loao_landholding/seed_42/epoch_0
2026-09-06 05:08:32,968 INFO [training] Saved checkpoint /workspace/Finetune_AgriFair/checkpoints/small-instruct/reference_vanilla_lora_loao_landholding/seed_42/epoch_1
2026-09-06 05:09:45,473 INFO [training] Saved checkpoint /workspace/Finetune_AgriFair/checkpoints/small-instruct/reference_vanilla_lora_loao_landholding/seed_42/epoch_2
2026-09-06 05:09:46,045 INFO [train_graft] Training tier=small-instruct method=graft_proposed_loao_gender seed=42 quantized=False layers=[0, 1, 2, 3, 4, 5, 6, 7, 8, 9, 10, 11, 12, 13]
2026-09-06 05:11:34,297 INFO [training] Saved checkpoint /workspace/Finetune_AgriFair/checkpoints/small-instruct/graft_proposed_loao_gender/seed_42/epoch_0
2026-09-06 05:13:18,397 INFO [training] Saved checkpoint /workspace/Finetune_AgriFair/checkpoints/small-instruct/graft_proposed_loao_gender/seed_42/epoch_1
2026-09-06 05:15:02,199 INFO [training] Saved checkpoint /workspace/Finetune_AgriFair/checkpoints/small-instruct/graft_proposed_loao_gender/seed_42/epoch_2
2026-09-06 05:15:02,934 INFO [train_graft] Training tier=small-instruct method=reference_vanilla_lora_loao_gender seed=42 quantized=False layers=[0, 1, 2, 3, 4, 5, 6, 7, 8, 9, 10, 11, 12, 13, 14, 15, 16, 17, 18, 19, 20, 21, 22, 23, 24, 25, 26, 27]
2026-09-06 05:17:11,567 INFO [training] Saved checkpoint /workspace/Finetune_AgriFair/checkpoints/small-instruct/reference_vanilla_lora_loao_gender/seed_42/epoch_0
2026-09-06 05:19:16,874 INFO [training] Saved checkpoint /workspace/Finetune_AgriFair/checkpoints/small-instruct/reference_vanilla_lora_loao_gender/seed_42/epoch_1
2026-09-06 05:21:22,466 INFO [training] Saved checkpoint /workspace/Finetune_AgriFair/checkpoints/small-instruct/reference_vanilla_lora_loao_gender/seed_42/epoch_2
2026-09-06 05:21:23,119 INFO [train_graft] Training tier=broad-instruct method=graft_proposed seed=42 quantized=False layers=[0, 1, 2, 3, 4, 5, 6, 7, 8, 9, 10, 11, 12, 13, 14, 15, 16, 17, 18, 19, 20, 21, 22, 23]
2026-09-06 05:21:50,597 INFO [artifact_sync] Snapshot pushed: 148 files to branch gpu-run-artifacts.
2026-09-06 05:24:16,278 INFO [training] Saved checkpoint /workspace/Finetune_AgriFair/checkpoints/broad-instruct/graft_proposed/seed_42/epoch_0
2026-09-06 05:27:03,683 INFO [training] Saved checkpoint /workspace/Finetune_AgriFair/checkpoints/broad-instruct/graft_proposed/seed_42/epoch_1
2026-09-06 05:29:48,382 INFO [training] Saved checkpoint /workspace/Finetune_AgriFair/checkpoints/broad-instruct/graft_proposed/seed_42/epoch_2
2026-09-06 05:29:49,739 INFO [train_graft] Matched-budget reference set from graft_proposed on broad-instruct: 1.3751 percent trainable.
2026-09-06 05:29:49,739 INFO [train_graft] Training tier=broad-instruct method=graft_proposed seed=43 quantized=False layers=[0, 1, 2, 3, 4, 5, 6, 7, 8, 9, 10, 11, 12, 13, 14, 15, 16, 17, 18, 19, 20, 21, 22, 23]
2026-09-06 05:32:42,798 INFO [training] Saved checkpoint /workspace/Finetune_AgriFair/checkpoints/broad-instruct/graft_proposed/seed_43/epoch_0
2026-09-06 05:35:29,106 INFO [training] Saved checkpoint /workspace/Finetune_AgriFair/checkpoints/broad-instruct/graft_proposed/seed_43/epoch_1
2026-09-06 05:38:14,890 INFO [training] Saved checkpoint /workspace/Finetune_AgriFair/checkpoints/broad-instruct/graft_proposed/seed_43/epoch_2
2026-09-06 05:38:16,256 INFO [train_graft] Training tier=broad-instruct method=graft_proposed seed=44 quantized=False layers=[0, 1, 2, 3, 4, 5, 6, 7, 8, 9, 10, 11, 12, 13, 14, 15, 16, 17, 18, 19, 20, 21, 22, 23]
2026-09-06 05:41:08,491 INFO [training] Saved checkpoint /workspace/Finetune_AgriFair/checkpoints/broad-instruct/graft_proposed/seed_44/epoch_0
2026-09-06 05:43:54,489 INFO [training] Saved checkpoint /workspace/Finetune_AgriFair/checkpoints/broad-instruct/graft_proposed/seed_44/epoch_1
2026-09-06 05:46:39,572 INFO [training] Saved checkpoint /workspace/Finetune_AgriFair/checkpoints/broad-instruct/graft_proposed/seed_44/epoch_2
2026-09-06 05:46:40,977 INFO [train_graft] Training tier=broad-instruct method=ablation_placement_uniform seed=42 quantized=False layers=[0, 1, 2, 3, 4, 5, 6, 7, 8, 9, 10, 11, 12, 13, 14, 15, 16, 17, 18, 19, 20, 21, 22, 23, 24, 25, 26, 27, 28, 29, 30, 31, 32, 33, 34, 35]
2026-09-06 05:46:48,279 INFO [training] Matched budget OK: trainable budget 1.3751% vs reference 1.3751% (delta 0.0000pp = 0.0% relative, tol 0.1375pp)
2026-09-06 05:49:54,279 INFO [training] Saved checkpoint /workspace/Finetune_AgriFair/checkpoints/broad-instruct/ablation_placement_uniform/seed_42/epoch_0
2026-09-06 05:51:53,455 INFO [artifact_sync] Snapshot pushed: 148 files to branch gpu-run-artifacts.
2026-09-06 05:52:58,675 INFO [training] Saved checkpoint /workspace/Finetune_AgriFair/checkpoints/broad-instruct/ablation_placement_uniform/seed_42/epoch_1
2026-09-06 05:56:03,669 INFO [training] Saved checkpoint /workspace/Finetune_AgriFair/checkpoints/broad-instruct/ablation_placement_uniform/seed_42/epoch_2
2026-09-06 05:56:04,874 INFO [train_graft] Training tier=broad-instruct method=ablation_placement_random seed=42 quantized=False layers=[0, 1, 2, 3, 4, 6, 8, 10, 11, 12, 14, 16, 17, 19, 21, 22, 24, 25, 27, 28, 30, 31, 33, 35]
2026-09-06 05:56:11,167 INFO [training] Matched budget OK: trainable budget 1.3751% vs reference 1.3751% (delta 0.0000pp = 0.0% relative, tol 0.1375pp)
2026-09-06 05:58:56,072 INFO [training] Saved checkpoint /workspace/Finetune_AgriFair/checkpoints/broad-instruct/ablation_placement_random/seed_42/epoch_0
2026-09-06 06:01:40,879 INFO [training] Saved checkpoint /workspace/Finetune_AgriFair/checkpoints/broad-instruct/ablation_placement_random/seed_42/epoch_1
2026-09-06 06:04:26,418 INFO [training] Saved checkpoint /workspace/Finetune_AgriFair/checkpoints/broad-instruct/ablation_placement_random/seed_42/epoch_2
2026-09-06 06:04:27,646 INFO [train_graft] Training tier=broad-instruct method=ablation_placement_random_draw2 seed=42 quantized=False layers=[1, 2, 4, 5, 6, 8, 9, 10, 12, 16, 17, 18, 19, 20, 21, 24, 25, 26, 28, 29, 30, 31, 32, 33]
2026-09-06 06:04:34,672 INFO [training] Matched budget OK: trainable budget 1.3751% vs reference 1.3751% (delta 0.0000pp = 0.0% relative, tol 0.1375pp)
2026-09-06 06:07:20,875 INFO [training] Saved checkpoint /workspace/Finetune_AgriFair/checkpoints/broad-instruct/ablation_placement_random_draw2/seed_42/epoch_0
2026-09-06 06:10:06,972 INFO [training] Saved checkpoint /workspace/Finetune_AgriFair/checkpoints/broad-instruct/ablation_placement_random_draw2/seed_42/epoch_1
2026-09-06 06:12:52,179 INFO [training] Saved checkpoint /workspace/Finetune_AgriFair/checkpoints/broad-instruct/ablation_placement_random_draw2/seed_42/epoch_2
2026-09-06 06:12:53,657 INFO [train_graft] Training tier=broad-instruct method=ablation_placement_random_draw3 seed=42 quantized=False layers=[1, 2, 3, 4, 8, 9, 10, 11, 12, 13, 14, 15, 16, 17, 18, 20, 21, 22, 23, 26, 29, 30, 31, 32]
2026-09-06 06:13:01,079 INFO [training] Matched budget OK: trainable budget 1.3751% vs reference 1.3751% (delta 0.0000pp = 0.0% relative, tol 0.1375pp)
2026-09-06 06:15:46,789 INFO [training] Saved checkpoint /workspace/Finetune_AgriFair/checkpoints/broad-instruct/ablation_placement_random_draw3/seed_42/epoch_0
2026-09-06 06:18:32,409 INFO [training] Saved checkpoint /workspace/Finetune_AgriFair/checkpoints/broad-instruct/ablation_placement_random_draw3/seed_42/epoch_1
2026-09-06 06:21:17,283 INFO [training] Saved checkpoint /workspace/Finetune_AgriFair/checkpoints/broad-instruct/ablation_placement_random_draw3/seed_42/epoch_2
2026-09-06 06:21:19,006 INFO [train_graft] Training tier=broad-instruct method=ablation_no_rationale_loss seed=42 quantized=False layers=[0, 1, 2, 3, 4, 5, 6, 7, 8, 9, 10, 11, 12, 13, 14, 15, 16, 17, 18, 19, 20, 21, 22, 23]
2026-09-06 06:21:25,471 INFO [training] Matched budget OK: trainable budget 1.3751% vs reference 1.3751% (delta 0.0000pp = 0.0% relative, tol 0.1375pp)
2026-09-06 06:21:56,200 INFO [artifact_sync] Snapshot pushed: 148 files to branch gpu-run-artifacts.
2026-09-06 06:23:43,171 INFO [training] Saved checkpoint /workspace/Finetune_AgriFair/checkpoints/broad-instruct/ablation_no_rationale_loss/seed_42/epoch_0
2026-09-06 06:25:59,566 INFO [training] Saved checkpoint /workspace/Finetune_AgriFair/checkpoints/broad-instruct/ablation_no_rationale_loss/seed_42/epoch_1
2026-09-06 06:28:17,892 INFO [training] Saved checkpoint /workspace/Finetune_AgriFair/checkpoints/broad-instruct/ablation_no_rationale_loss/seed_42/epoch_2
2026-09-06 06:28:19,280 INFO [train_graft] Training tier=broad-instruct method=ablation_no_condition_adaptive seed=42 quantized=False layers=[0, 1, 2, 3, 4, 5, 6, 7, 8, 9, 10, 11, 12, 13, 14, 15, 16, 17, 18, 19, 20, 21, 22, 23]
2026-09-06 06:28:29,670 INFO [training] Matched budget OK: trainable budget 1.3751% vs reference 1.3751% (delta 0.0000pp = 0.0% relative, tol 0.1375pp)
2026-09-06 06:31:16,280 INFO [training] Saved checkpoint /workspace/Finetune_AgriFair/checkpoints/broad-instruct/ablation_no_condition_adaptive/seed_42/epoch_0
2026-09-06 06:34:04,072 INFO [training] Saved checkpoint /workspace/Finetune_AgriFair/checkpoints/broad-instruct/ablation_no_condition_adaptive/seed_42/epoch_1
2026-09-06 06:36:59,056 INFO [training] Saved checkpoint /workspace/Finetune_AgriFair/checkpoints/broad-instruct/ablation_no_condition_adaptive/seed_42/epoch_2
2026-09-06 06:37:00,407 INFO [train_graft] Training tier=broad-instruct method=ablation_rank_sweep_8 seed=42 quantized=False layers=[0, 1, 2, 3, 4, 5, 6, 7, 8, 9, 10, 11, 12, 13, 14, 15, 16, 17, 18, 19, 20, 21, 22, 23]
2026-09-06 06:40:08,579 INFO [training] Saved checkpoint /workspace/Finetune_AgriFair/checkpoints/broad-instruct/ablation_rank_sweep_8/seed_42/epoch_0
2026-09-06 06:42:51,475 INFO [training] Saved checkpoint /workspace/Finetune_AgriFair/checkpoints/broad-instruct/ablation_rank_sweep_8/seed_42/epoch_1
2026-09-06 06:45:32,586 INFO [training] Saved checkpoint /workspace/Finetune_AgriFair/checkpoints/broad-instruct/ablation_rank_sweep_8/seed_42/epoch_2
2026-09-06 06:45:33,547 INFO [train_graft] Training tier=broad-instruct method=ablation_rank_sweep_16 seed=42 quantized=False layers=[0, 1, 2, 3, 4, 5, 6, 7, 8, 9, 10, 11, 12, 13, 14, 15, 16, 17, 18, 19, 20, 21, 22, 23]
2026-09-06 06:48:50,360 INFO [training] Saved checkpoint /workspace/Finetune_AgriFair/checkpoints/broad-instruct/ablation_rank_sweep_16/seed_42/epoch_0
2026-09-06 06:51:43,114 INFO [training] Saved checkpoint /workspace/Finetune_AgriFair/checkpoints/broad-instruct/ablation_rank_sweep_16/seed_42/epoch_1
2026-09-06 06:51:59,000 INFO [artifact_sync] Snapshot pushed: 148 files to branch gpu-run-artifacts.
2026-09-06 06:54:41,696 INFO [training] Saved checkpoint /workspace/Finetune_AgriFair/checkpoints/broad-instruct/ablation_rank_sweep_16/seed_42/epoch_2
2026-09-06 06:54:42,382 INFO [train_graft] Training tier=broad-instruct method=ablation_rank_sweep_32 seed=42 quantized=False layers=[0, 1, 2, 3, 4, 5, 6, 7, 8, 9, 10, 11, 12, 13, 14, 15, 16, 17, 18, 19, 20, 21, 22, 23]
2026-09-06 06:57:53,723 INFO [training] Saved checkpoint /workspace/Finetune_AgriFair/checkpoints/broad-instruct/ablation_rank_sweep_32/seed_42/epoch_0
2026-09-06 07:00:35,948 INFO [training] Saved checkpoint /workspace/Finetune_AgriFair/checkpoints/broad-instruct/ablation_rank_sweep_32/seed_42/epoch_1
2026-09-06 07:03:29,066 INFO [training] Saved checkpoint /workspace/Finetune_AgriFair/checkpoints/broad-instruct/ablation_rank_sweep_32/seed_42/epoch_2
2026-09-06 07:03:29,899 INFO [train_graft] Training tier=broad-instruct method=graft_proposed_qlora_nf4 seed=42 quantized=True layers=[0, 1, 2, 3, 4, 5, 6, 7, 8, 9, 10, 11, 12, 13, 14, 15, 16, 17, 18, 19, 20, 21, 22, 23]
2026-09-06 07:07:54,201 INFO [training] Saved checkpoint /workspace/Finetune_AgriFair/checkpoints/broad-instruct/graft_proposed_qlora_nf4/seed_42/epoch_0
2026-09-06 07:12:02,979 INFO [training] Saved checkpoint /workspace/Finetune_AgriFair/checkpoints/broad-instruct/graft_proposed_qlora_nf4/seed_42/epoch_1
2026-09-06 07:16:10,382 INFO [training] Saved checkpoint /workspace/Finetune_AgriFair/checkpoints/broad-instruct/graft_proposed_qlora_nf4/seed_42/epoch_2
2026-09-06 07:16:11,234 INFO [train_graft] Training tier=broad-instruct method=graft_proposed_loao_social_group seed=42 quantized=False layers=[0, 1, 2, 3, 4, 5, 6, 7, 8, 9, 10, 11, 12, 13, 14, 15, 16, 17, 18, 19, 20, 21, 22, 23]
2026-09-06 07:17:52,971 INFO [training] Saved checkpoint /workspace/Finetune_AgriFair/checkpoints/broad-instruct/graft_proposed_loao_social_group/seed_42/epoch_0
2026-09-06 07:19:27,980 INFO [training] Saved checkpoint /workspace/Finetune_AgriFair/checkpoints/broad-instruct/graft_proposed_loao_social_group/seed_42/epoch_1
2026-09-06 07:21:02,781 INFO [training] Saved checkpoint /workspace/Finetune_AgriFair/checkpoints/broad-instruct/graft_proposed_loao_social_group/seed_42/epoch_2
2026-09-06 07:21:04,373 INFO [train_graft] Training tier=broad-instruct method=reference_vanilla_lora_loao_social_group seed=42 quantized=False layers=[0, 1, 2, 3, 4, 5, 6, 7, 8, 9, 10, 11, 12, 13, 14, 15, 16, 17, 18, 19, 20, 21, 22, 23, 24, 25, 26, 27, 28, 29, 30, 31, 32, 33, 34, 35]
2026-09-06 07:22:01,911 INFO [artifact_sync] Snapshot pushed: 148 files to branch gpu-run-artifacts.
2026-09-06 07:22:52,685 INFO [training] Saved checkpoint /workspace/Finetune_AgriFair/checkpoints/broad-instruct/reference_vanilla_lora_loao_social_group/seed_42/epoch_0
2026-09-06 07:24:36,077 INFO [training] Saved checkpoint /workspace/Finetune_AgriFair/checkpoints/broad-instruct/reference_vanilla_lora_loao_social_group/seed_42/epoch_1
2026-09-06 07:26:19,183 INFO [training] Saved checkpoint /workspace/Finetune_AgriFair/checkpoints/broad-instruct/reference_vanilla_lora_loao_social_group/seed_42/epoch_2
2026-09-06 07:26:19,964 INFO [train_graft] Training tier=broad-instruct method=graft_proposed_loao_landholding seed=42 quantized=False layers=[0, 1, 2, 3, 4, 5, 6, 7, 8, 9, 10, 11, 12, 13, 14, 15, 16, 17, 18, 19, 20, 21, 22, 23]
2026-09-06 07:27:53,061 INFO [training] Saved checkpoint /workspace/Finetune_AgriFair/checkpoints/broad-instruct/graft_proposed_loao_landholding/seed_42/epoch_0
2026-09-06 07:29:18,898 INFO [training] Saved checkpoint /workspace/Finetune_AgriFair/checkpoints/broad-instruct/graft_proposed_loao_landholding/seed_42/epoch_1
2026-09-06 07:30:44,677 INFO [training] Saved checkpoint /workspace/Finetune_AgriFair/checkpoints/broad-instruct/graft_proposed_loao_landholding/seed_42/epoch_2
2026-09-06 07:30:45,742 INFO [train_graft] Training tier=broad-instruct method=reference_vanilla_lora_loao_landholding seed=42 quantized=False layers=[0, 1, 2, 3, 4, 5, 6, 7, 8, 9, 10, 11, 12, 13, 14, 15, 16, 17, 18, 19, 20, 21, 22, 23, 24, 25, 26, 27, 28, 29, 30, 31, 32, 33, 34, 35]
2026-09-06 07:32:24,980 INFO [training] Saved checkpoint /workspace/Finetune_AgriFair/checkpoints/broad-instruct/reference_vanilla_lora_loao_landholding/seed_42/epoch_0
2026-09-06 07:33:58,878 INFO [training] Saved checkpoint /workspace/Finetune_AgriFair/checkpoints/broad-instruct/reference_vanilla_lora_loao_landholding/seed_42/epoch_1
2026-09-06 07:35:32,783 INFO [training] Saved checkpoint /workspace/Finetune_AgriFair/checkpoints/broad-instruct/reference_vanilla_lora_loao_landholding/seed_42/epoch_2
2026-09-06 07:35:33,655 INFO [train_graft] Training tier=broad-instruct method=graft_proposed_loao_gender seed=42 quantized=False layers=[0, 1, 2, 3, 4, 5, 6, 7, 8, 9, 10, 11, 12, 13, 14, 15, 16, 17, 18, 19, 20, 21, 22, 23]
2026-09-06 07:38:12,339 INFO [training] Saved checkpoint /workspace/Finetune_AgriFair/checkpoints/broad-instruct/graft_proposed_loao_gender/seed_42/epoch_0
2026-09-06 07:40:43,242 INFO [training] Saved checkpoint /workspace/Finetune_AgriFair/checkpoints/broad-instruct/graft_proposed_loao_gender/seed_42/epoch_1
2026-09-06 07:43:17,294 INFO [training] Saved checkpoint /workspace/Finetune_AgriFair/checkpoints/broad-instruct/graft_proposed_loao_gender/seed_42/epoch_2
2026-09-06 07:43:18,704 INFO [train_graft] Training tier=broad-instruct method=reference_vanilla_lora_loao_gender seed=42 quantized=False layers=[0, 1, 2, 3, 4, 5, 6, 7, 8, 9, 10, 11, 12, 13, 14, 15, 16, 17, 18, 19, 20, 21, 22, 23, 24, 25, 26, 27, 28, 29, 30, 31, 32, 33, 34, 35]
2026-09-06 07:46:20,079 INFO [training] Saved checkpoint /workspace/Finetune_AgriFair/checkpoints/broad-instruct/reference_vanilla_lora_loao_gender/seed_42/epoch_0
2026-09-06 07:49:13,289 INFO [training] Saved checkpoint /workspace/Finetune_AgriFair/checkpoints/broad-instruct/reference_vanilla_lora_loao_gender/seed_42/epoch_1
2026-09-06 07:52:04,153 INFO [training] Saved checkpoint /workspace/Finetune_AgriFair/checkpoints/broad-instruct/reference_vanilla_lora_loao_gender/seed_42/epoch_2
2026-09-06 07:52:04,681 INFO [artifact_sync] Snapshot pushed: 148 files to branch gpu-run-artifacts.
2026-09-06 07:52:04,827 INFO [train_graft] Training tier=general-instruct method=graft_proposed seed=42 quantized=False layers=[0, 1, 2, 3, 4, 5, 6, 7, 8, 9, 10, 11, 12, 13, 14, 15, 16, 17, 18, 19, 20, 21, 22, 23, 24, 25, 26, 27, 28, 29]
2026-09-06 08:05:19,570 INFO [training] Saved checkpoint /workspace/Finetune_AgriFair/checkpoints/general-instruct/graft_proposed/seed_42/epoch_0
2026-09-06 08:17:28,060 INFO [training] Saved checkpoint /workspace/Finetune_AgriFair/checkpoints/general-instruct/graft_proposed/seed_42/epoch_1
2026-09-06 08:22:07,498 INFO [artifact_sync] Snapshot pushed: 148 files to branch gpu-run-artifacts.
2026-09-06 08:29:58,623 INFO [training] Saved checkpoint /workspace/Finetune_AgriFair/checkpoints/general-instruct/graft_proposed/seed_42/epoch_2
2026-09-06 08:29:59,949 INFO [train_graft] Matched-budget reference set from graft_proposed on general-instruct: 0.8000 percent trainable.
2026-09-06 08:29:59,950 INFO [train_graft] Training tier=general-instruct method=graft_proposed seed=43 quantized=False layers=[0, 1, 2, 3, 4, 5, 6, 7, 8, 9, 10, 11, 12, 13, 14, 15, 16, 17, 18, 19, 20, 21, 22, 23, 24, 25, 26, 27, 28, 29]
2026-09-06 08:41:44,750 INFO [training] Saved checkpoint /workspace/Finetune_AgriFair/checkpoints/general-instruct/graft_proposed/seed_43/epoch_0
2026-09-06 08:52:10,440 INFO [artifact_sync] Snapshot pushed: 148 files to branch gpu-run-artifacts.
2026-09-06 08:52:58,339 INFO [training] Saved checkpoint /workspace/Finetune_AgriFair/checkpoints/general-instruct/graft_proposed/seed_43/epoch_1
2026-09-06 09:05:03,211 INFO [training] Saved checkpoint /workspace/Finetune_AgriFair/checkpoints/general-instruct/graft_proposed/seed_43/epoch_2
2026-09-06 09:05:06,021 INFO [train_graft] Training tier=general-instruct method=graft_proposed seed=44 quantized=False layers=[0, 1, 2, 3, 4, 5, 6, 7, 8, 9, 10, 11, 12, 13, 14, 15, 16, 17, 18, 19, 20, 21, 22, 23, 24, 25, 26, 27, 28, 29]
2026-09-06 09:17:50,372 INFO [training] Saved checkpoint /workspace/Finetune_AgriFair/checkpoints/general-instruct/graft_proposed/seed_44/epoch_0
2026-09-06 09:22:13,168 INFO [artifact_sync] Snapshot pushed: 148 files to branch gpu-run-artifacts.
2026-09-06 09:29:07,357 INFO [training] Saved checkpoint /workspace/Finetune_AgriFair/checkpoints/general-instruct/graft_proposed/seed_44/epoch_1
2026-09-06 09:40:17,013 INFO [training] Saved checkpoint /workspace/Finetune_AgriFair/checkpoints/general-instruct/graft_proposed/seed_44/epoch_2
2026-09-06 09:40:18,402 INFO [train_graft] Training tier=general-instruct method=ablation_placement_uniform seed=42 quantized=False layers=[0, 1, 2, 3, 4, 5, 6, 7, 8, 9, 10, 11, 12, 13, 14, 15, 16, 17, 18, 19, 20, 21, 22, 23, 24, 25, 26, 27, 28, 29, 30, 31, 32, 33, 34, 35, 36, 37, 38, 39, 40, 41, 42, 43, 44, 45, 46, 47]
2026-09-06 09:40:40,853 INFO [training] Matched budget OK: trainable budget 0.8000% vs reference 0.8000% (delta 0.0000pp = 0.0% relative, tol 0.0800pp)
2026-09-06 09:52:15,921 INFO [artifact_sync] Snapshot pushed: 148 files to branch gpu-run-artifacts.
2026-09-06 09:54:49,178 INFO [training] Saved checkpoint /workspace/Finetune_AgriFair/checkpoints/general-instruct/ablation_placement_uniform/seed_42/epoch_0
2026-09-06 10:09:07,753 INFO [training] Saved checkpoint /workspace/Finetune_AgriFair/checkpoints/general-instruct/ablation_placement_uniform/seed_42/epoch_1
2026-09-06 10:22:18,681 INFO [artifact_sync] Snapshot pushed: 148 files to branch gpu-run-artifacts.
2026-09-06 10:22:33,627 INFO [training] Saved checkpoint /workspace/Finetune_AgriFair/checkpoints/general-instruct/ablation_placement_uniform/seed_42/epoch_2
2026-09-06 10:22:35,454 INFO [train_graft] Training tier=general-instruct method=ablation_placement_random seed=42 quantized=False layers=[0, 1, 2, 3, 5, 6, 9, 10, 11, 12, 13, 14, 16, 17, 19, 20, 21, 22, 23, 24, 25, 26, 27, 33, 37, 40, 41, 42, 46, 47]
2026-09-06 10:22:49,774 INFO [training] Matched budget OK: trainable budget 0.8000% vs reference 0.8000% (delta 0.0000pp = 0.0% relative, tol 0.0800pp)
2026-09-06 10:33:57,958 INFO [training] Saved checkpoint /workspace/Finetune_AgriFair/checkpoints/general-instruct/ablation_placement_random/seed_42/epoch_0
2026-09-06 10:45:31,539 INFO [training] Saved checkpoint /workspace/Finetune_AgriFair/checkpoints/general-instruct/ablation_placement_random/seed_42/epoch_1
2026-09-06 10:52:21,459 INFO [artifact_sync] Snapshot pushed: 148 files to branch gpu-run-artifacts.
2026-09-06 10:57:35,249 INFO [training] Saved checkpoint /workspace/Finetune_AgriFair/checkpoints/general-instruct/ablation_placement_random/seed_42/epoch_2
2026-09-06 10:57:36,607 INFO [train_graft] Training tier=general-instruct method=ablation_placement_random_draw2 seed=42 quantized=False layers=[1, 2, 3, 4, 8, 9, 10, 11, 14, 16, 17, 18, 19, 20, 22, 24, 28, 31, 32, 34, 35, 36, 37, 38, 41, 42, 43, 44, 46, 47]
2026-09-06 10:57:51,679 INFO [training] Matched budget OK: trainable budget 0.8000% vs reference 0.8000% (delta 0.0000pp = 0.0% relative, tol 0.0800pp)
2026-09-06 11:09:26,939 INFO [training] Saved checkpoint /workspace/Finetune_AgriFair/checkpoints/general-instruct/ablation_placement_random_draw2/seed_42/epoch_0
2026-09-06 11:15:02,053 INFO [push_models_to_huggingface] Found 43 adapters across 3 tiers.
2026-09-06 11:15:06,322 INFO [push_models_to_huggingface] Staged 6771.7 MB at /workspace/Finetune_AgriFair/results/huggingface_upload
2026-09-06 11:15:06,322 INFO [push_models_to_huggingface] Dry run: nothing uploaded. Repository would be Debk/AgriFair-GRAFT-adapters (private).
2026-09-06 11:15:41,006 INFO [push_models_to_huggingface] Found 43 adapters across 3 tiers.
2026-09-06 11:15:46,150 INFO [push_models_to_huggingface] Staged 6771.7 MB at /tmp/agrifair_hf_upload
2026-09-06 11:16:45,655 INFO [push_models_to_huggingface] Pushed 43 adapters to https://huggingface.co/Debk/AgriFair-GRAFT-adapters (private).
2026-09-06 11:21:05,442 INFO [training] Saved checkpoint /workspace/Finetune_AgriFair/checkpoints/general-instruct/ablation_placement_random_draw2/seed_42/epoch_1
2026-09-06 11:22:24,068 INFO [artifact_sync] Snapshot pushed: 148 files to branch gpu-run-artifacts.
2026-09-06 11:32:35,500 INFO [training] Saved checkpoint /workspace/Finetune_AgriFair/checkpoints/general-instruct/ablation_placement_random_draw2/seed_42/epoch_2
2026-09-06 11:32:36,997 INFO [train_graft] Training tier=general-instruct method=ablation_placement_random_draw3 seed=42 quantized=False layers=[1, 2, 4, 6, 7, 8, 10, 11, 12, 13, 17, 18, 20, 21, 22, 23, 24, 25, 26, 28, 30, 32, 34, 36, 37, 40, 43, 45, 46, 47]
2026-09-06 11:32:52,271 INFO [training] Matched budget OK: trainable budget 0.8000% vs reference 0.8000% (delta 0.0000pp = 0.0% relative, tol 0.0800pp)
2026-09-06 11:47:51,045 INFO [training] Saved checkpoint /workspace/Finetune_AgriFair/checkpoints/general-instruct/ablation_placement_random_draw3/seed_42/epoch_0
2026-09-06 11:52:26,729 INFO [artifact_sync] Snapshot pushed: 148 files to branch gpu-run-artifacts.
2026-09-06 11:59:04,723 INFO [training] Saved checkpoint /workspace/Finetune_AgriFair/checkpoints/general-instruct/ablation_placement_random_draw3/seed_42/epoch_1
2026-09-06 12:10:19,145 INFO [training] Saved checkpoint /workspace/Finetune_AgriFair/checkpoints/general-instruct/ablation_placement_random_draw3/seed_42/epoch_2
2026-09-06 12:10:20,885 INFO [train_graft] Training tier=general-instruct method=ablation_no_rationale_loss seed=42 quantized=False layers=[0, 1, 2, 3, 4, 5, 6, 7, 8, 9, 10, 11, 12, 13, 14, 15, 16, 17, 18, 19, 20, 21, 22, 23, 24, 25, 26, 27, 28, 29]
2026-09-06 12:10:34,684 INFO [training] Matched budget OK: trainable budget 0.8000% vs reference 0.8000% (delta 0.0000pp = 0.0% relative, tol 0.0800pp)
2026-09-06 12:15:07,166 INFO [push_models_to_huggingface] Found 45 adapters across 3 tiers.
2026-09-06 12:15:12,242 INFO [push_models_to_huggingface] Staged 7521.9 MB at /tmp/agrifair_hf_upload
2026-09-06 12:15:33,870 INFO [push_models_to_huggingface] Pushed 45 adapters to https://huggingface.co/Debk/AgriFair-GRAFT-adapters (private).
2026-09-06 12:21:53,637 INFO [training] Saved checkpoint /workspace/Finetune_AgriFair/checkpoints/general-instruct/ablation_no_rationale_loss/seed_42/epoch_0
2026-09-06 12:22:29,242 INFO [artifact_sync] Snapshot pushed: 148 files to branch gpu-run-artifacts.
2026-09-06 12:33:10,382 INFO [training] Saved checkpoint /workspace/Finetune_AgriFair/checkpoints/general-instruct/ablation_no_rationale_loss/seed_42/epoch_1
2026-09-06 12:44:28,441 INFO [training] Saved checkpoint /workspace/Finetune_AgriFair/checkpoints/general-instruct/ablation_no_rationale_loss/seed_42/epoch_2
2026-09-06 12:44:30,002 INFO [train_graft] Training tier=general-instruct method=ablation_no_condition_adaptive seed=42 quantized=False layers=[0, 1, 2, 3, 4, 5, 6, 7, 8, 9, 10, 11, 12, 13, 14, 15, 16, 17, 18, 19, 20, 21, 22, 23, 24, 25, 26, 27, 28, 29]
2026-09-06 12:44:45,186 INFO [training] Matched budget OK: trainable budget 0.8000% vs reference 0.8000% (delta 0.0000pp = 0.0% relative, tol 0.0800pp)
2026-09-06 12:52:32,193 INFO [artifact_sync] Snapshot pushed: 148 files to branch gpu-run-artifacts.
2026-09-06 12:56:01,443 INFO [training] Saved checkpoint /workspace/Finetune_AgriFair/checkpoints/general-instruct/ablation_no_condition_adaptive/seed_42/epoch_0
2026-09-06 13:07:15,512 INFO [training] Saved checkpoint /workspace/Finetune_AgriFair/checkpoints/general-instruct/ablation_no_condition_adaptive/seed_42/epoch_1
2026-09-06 13:11:16,848 INFO [push_models_to_huggingface] Found 46 adapters across 3 tiers.
2026-09-06 13:11:21,634 INFO [push_models_to_huggingface] Staged 7896.9 MB at /tmp/agrifair_hf_upload
2026-09-06 13:11:41,631 INFO [push_models_to_huggingface] Pushed 46 adapters to https://huggingface.co/Debk/AgriFair-GRAFT-adapters (private).
2026-09-06 13:18:38,905 INFO [training] Saved checkpoint /workspace/Finetune_AgriFair/checkpoints/general-instruct/ablation_no_condition_adaptive/seed_42/epoch_2
2026-09-06 13:18:40,429 INFO [train_graft] Training tier=general-instruct method=ablation_rank_sweep_8 seed=42 quantized=False layers=[0, 1, 2, 3, 4, 5, 6, 7, 8, 9, 10, 11, 12, 13, 14, 15, 16, 17, 18, 19, 20, 21, 22, 23, 24, 25, 26, 27, 28, 29]
2026-09-06 13:22:34,856 INFO [artifact_sync] Snapshot pushed: 148 files to branch gpu-run-artifacts.
2026-09-06 13:30:06,583 INFO [training] Saved checkpoint /workspace/Finetune_AgriFair/checkpoints/general-instruct/ablation_rank_sweep_8/seed_42/epoch_0
2026-09-06 13:41:19,891 INFO [training] Saved checkpoint /workspace/Finetune_AgriFair/checkpoints/general-instruct/ablation_rank_sweep_8/seed_42/epoch_1
2026-09-06 13:52:29,677 INFO [training] Saved checkpoint /workspace/Finetune_AgriFair/checkpoints/general-instruct/ablation_rank_sweep_8/seed_42/epoch_2
2026-09-06 13:52:30,472 INFO [train_graft] Training tier=general-instruct method=ablation_rank_sweep_16 seed=42 quantized=False layers=[0, 1, 2, 3, 4, 5, 6, 7, 8, 9, 10, 11, 12, 13, 14, 15, 16, 17, 18, 19, 20, 21, 22, 23, 24, 25, 26, 27, 28, 29]
2026-09-06 13:52:37,656 INFO [artifact_sync] Snapshot pushed: 148 files to branch gpu-run-artifacts.
2026-09-06 14:03:50,047 INFO [training] Saved checkpoint /workspace/Finetune_AgriFair/checkpoints/general-instruct/ablation_rank_sweep_16/seed_42/epoch_0
2026-09-06 14:07:19,085 INFO [push_models_to_huggingface] Found 48 adapters across 3 tiers.
2026-09-06 14:07:24,397 INFO [push_models_to_huggingface] Staged 8350.2 MB at /tmp/agrifair_hf_upload
2026-09-06 14:07:45,704 INFO [push_models_to_huggingface] Pushed 48 adapters to https://huggingface.co/Debk/AgriFair-GRAFT-adapters (private).
2026-09-06 14:14:53,024 INFO [training] Saved checkpoint /workspace/Finetune_AgriFair/checkpoints/general-instruct/ablation_rank_sweep_16/seed_42/epoch_1
2026-09-06 14:22:40,600 INFO [artifact_sync] Snapshot pushed: 148 files to branch gpu-run-artifacts.
2026-09-06 14:25:57,309 INFO [training] Saved checkpoint /workspace/Finetune_AgriFair/checkpoints/general-instruct/ablation_rank_sweep_16/seed_42/epoch_2
2026-09-06 14:25:58,415 INFO [train_graft] Training tier=general-instruct method=ablation_rank_sweep_32 seed=42 quantized=False layers=[0, 1, 2, 3, 4, 5, 6, 7, 8, 9, 10, 11, 12, 13, 14, 15, 16, 17, 18, 19, 20, 21, 22, 23, 24, 25, 26, 27, 28, 29]
2026-09-06 14:37:19,587 INFO [training] Saved checkpoint /workspace/Finetune_AgriFair/checkpoints/general-instruct/ablation_rank_sweep_32/seed_42/epoch_0
2026-09-06 14:48:31,114 INFO [training] Saved checkpoint /workspace/Finetune_AgriFair/checkpoints/general-instruct/ablation_rank_sweep_32/seed_42/epoch_1
2026-09-06 14:52:43,314 INFO [artifact_sync] Snapshot pushed: 148 files to branch gpu-run-artifacts.
2026-09-06 14:59:49,491 INFO [training] Saved checkpoint /workspace/Finetune_AgriFair/checkpoints/general-instruct/ablation_rank_sweep_32/seed_42/epoch_2
2026-09-06 14:59:51,090 INFO [train_graft] Training tier=general-instruct method=graft_proposed_qlora_nf4 seed=42 quantized=True layers=[0, 1, 2, 3, 4, 5, 6, 7, 8, 9, 10, 11, 12, 13, 14, 15, 16, 17, 18, 19, 20, 21, 22, 23, 24, 25, 26, 27, 28, 29]
2026-09-06 15:03:15,600 INFO [push_models_to_huggingface] Found 50 adapters across 3 tiers.
2026-09-06 15:03:21,170 INFO [push_models_to_huggingface] Staged 8818.7 MB at /tmp/agrifair_hf_upload
2026-09-06 15:03:41,631 INFO [push_models_to_huggingface] Pushed 50 adapters to https://huggingface.co/Debk/AgriFair-GRAFT-adapters (private).
2026-09-06 15:15:22,556 INFO [training] Saved checkpoint /workspace/Finetune_AgriFair/checkpoints/general-instruct/graft_proposed_qlora_nf4/seed_42/epoch_0
2026-09-06 15:22:46,032 INFO [artifact_sync] Snapshot pushed: 148 files to branch gpu-run-artifacts.
2026-09-06 15:30:14,723 INFO [training] Saved checkpoint /workspace/Finetune_AgriFair/checkpoints/general-instruct/graft_proposed_qlora_nf4/seed_42/epoch_1
2026-09-06 15:44:59,532 INFO [training] Saved checkpoint /workspace/Finetune_AgriFair/checkpoints/general-instruct/graft_proposed_qlora_nf4/seed_42/epoch_2
2026-09-06 15:45:01,064 INFO [train_graft] Training tier=general-instruct method=graft_proposed_loao_social_group seed=42 quantized=False layers=[0, 1, 2, 3, 4, 5, 6, 7, 8, 9, 10, 11, 12, 13, 14, 15, 16, 17, 18, 19, 20, 21, 22, 23, 24, 25, 26, 27]
2026-09-06 15:51:33,235 INFO [training] Saved checkpoint /workspace/Finetune_AgriFair/checkpoints/general-instruct/graft_proposed_loao_social_group/seed_42/epoch_0
2026-09-06 15:52:48,737 INFO [artifact_sync] Snapshot pushed: 148 files to branch gpu-run-artifacts.
2026-09-06 15:57:48,042 INFO [training] Saved checkpoint /workspace/Finetune_AgriFair/checkpoints/general-instruct/graft_proposed_loao_social_group/seed_42/epoch_1
2026-09-06 15:59:01,764 INFO [push_models_to_huggingface] Found 51 adapters across 3 tiers.
2026-09-06 15:59:08,296 INFO [push_models_to_huggingface] Staged 9193.8 MB at /tmp/agrifair_hf_upload
2026-09-06 15:59:29,379 INFO [push_models_to_huggingface] Pushed 51 adapters to https://huggingface.co/Debk/AgriFair-GRAFT-adapters (private).
2026-09-06 16:04:02,636 INFO [training] Saved checkpoint /workspace/Finetune_AgriFair/checkpoints/general-instruct/graft_proposed_loao_social_group/seed_42/epoch_2
2026-09-06 16:04:04,081 INFO [train_graft] Training tier=general-instruct method=reference_vanilla_lora_loao_social_group seed=42 quantized=False layers=[0, 1, 2, 3, 4, 5, 6, 7, 8, 9, 10, 11, 12, 13, 14, 15, 16, 17, 18, 19, 20, 21, 22, 23, 24, 25, 26, 27, 28, 29, 30, 31, 32, 33, 34, 35, 36, 37, 38, 39, 40, 41, 42, 43, 44, 45, 46, 47]
2026-09-06 16:12:02,800 INFO [training] Saved checkpoint /workspace/Finetune_AgriFair/checkpoints/general-instruct/reference_vanilla_lora_loao_social_group/seed_42/epoch_0
2026-09-06 16:19:55,115 INFO [training] Saved checkpoint /workspace/Finetune_AgriFair/checkpoints/general-instruct/reference_vanilla_lora_loao_social_group/seed_42/epoch_1
2026-09-06 16:22:51,270 INFO [artifact_sync] Snapshot pushed: 148 files to branch gpu-run-artifacts.
2026-09-06 16:27:49,827 INFO [training] Saved checkpoint /workspace/Finetune_AgriFair/checkpoints/general-instruct/reference_vanilla_lora_loao_social_group/seed_42/epoch_2
2026-09-06 16:27:51,598 INFO [train_graft] Training tier=general-instruct method=graft_proposed_loao_landholding seed=42 quantized=False layers=[0, 1, 2, 3, 4, 5, 6, 7, 8, 9, 10, 11, 12, 13, 14, 15, 16, 17, 18, 19, 20, 21, 22, 23, 24, 25, 26, 27, 28, 29]
2026-09-06 16:34:11,995 INFO [training] Saved checkpoint /workspace/Finetune_AgriFair/checkpoints/general-instruct/graft_proposed_loao_landholding/seed_42/epoch_0
2026-09-06 16:40:02,362 INFO [training] Saved checkpoint /workspace/Finetune_AgriFair/checkpoints/general-instruct/graft_proposed_loao_landholding/seed_42/epoch_1
2026-09-06 16:45:55,764 INFO [training] Saved checkpoint /workspace/Finetune_AgriFair/checkpoints/general-instruct/graft_proposed_loao_landholding/seed_42/epoch_2
2026-09-06 16:45:57,198 INFO [train_graft] Training tier=general-instruct method=reference_vanilla_lora_loao_landholding seed=42 quantized=False layers=[0, 1, 2, 3, 4, 5, 6, 7, 8, 9, 10, 11, 12, 13, 14, 15, 16, 17, 18, 19, 20, 21, 22, 23, 24, 25, 26, 27, 28, 29, 30, 31, 32, 33, 34, 35, 36, 37, 38, 39, 40, 41, 42, 43, 44, 45, 46, 47]
2026-09-06 16:52:54,121 INFO [artifact_sync] Snapshot pushed: 148 files to branch gpu-run-artifacts.
2026-09-06 16:53:21,818 INFO [training] Saved checkpoint /workspace/Finetune_AgriFair/checkpoints/general-instruct/reference_vanilla_lora_loao_landholding/seed_42/epoch_0
2026-09-06 16:54:52,973 INFO [push_models_to_huggingface] Found 54 adapters across 3 tiers.
2026-09-06 16:55:03,420 INFO [push_models_to_huggingface] Staged 10070.4 MB at /tmp/agrifair_hf_upload
2026-09-06 16:55:35,696 INFO [push_models_to_huggingface] Pushed 54 adapters to https://huggingface.co/Debk/AgriFair-GRAFT-adapters (private).
2026-09-06 17:00:31,834 INFO [training] Saved checkpoint /workspace/Finetune_AgriFair/checkpoints/general-instruct/reference_vanilla_lora_loao_landholding/seed_42/epoch_1
2026-09-06 17:07:42,658 INFO [training] Saved checkpoint /workspace/Finetune_AgriFair/checkpoints/general-instruct/reference_vanilla_lora_loao_landholding/seed_42/epoch_2
2026-09-06 17:07:43,783 INFO [train_graft] Training tier=general-instruct method=graft_proposed_loao_gender seed=42 quantized=False layers=[0, 1, 2, 3, 4, 5, 6, 7, 8, 9, 10, 11, 12, 13, 14, 15, 16, 17, 18, 19, 20, 21, 22, 23, 24, 25, 26, 27, 28, 29]
2026-09-06 17:18:12,664 INFO [training] Saved checkpoint /workspace/Finetune_AgriFair/checkpoints/general-instruct/graft_proposed_loao_gender/seed_42/epoch_0
2026-09-06 17:22:56,882 INFO [artifact_sync] Snapshot pushed: 148 files to branch gpu-run-artifacts.
2026-09-06 17:28:41,272 INFO [training] Saved checkpoint /workspace/Finetune_AgriFair/checkpoints/general-instruct/graft_proposed_loao_gender/seed_42/epoch_1
2026-09-06 17:39:07,200 INFO [training] Saved checkpoint /workspace/Finetune_AgriFair/checkpoints/general-instruct/graft_proposed_loao_gender/seed_42/epoch_2
2026-09-06 17:39:09,231 INFO [train_graft] Training tier=general-instruct method=reference_vanilla_lora_loao_gender seed=42 quantized=False layers=[0, 1, 2, 3, 4, 5, 6, 7, 8, 9, 10, 11, 12, 13, 14, 15, 16, 17, 18, 19, 20, 21, 22, 23, 24, 25, 26, 27, 28, 29, 30, 31, 32, 33, 34, 35, 36, 37, 38, 39, 40, 41, 42, 43, 44, 45, 46, 47]
2026-09-06 17:51:19,896 INFO [push_models_to_huggingface] Found 56 adapters across 3 tiers.
2026-09-06 17:51:32,233 INFO [push_models_to_huggingface] Staged 10577.1 MB at /tmp/agrifair_hf_upload
2026-09-06 17:51:56,221 INFO [training] Saved checkpoint /workspace/Finetune_AgriFair/checkpoints/general-instruct/reference_vanilla_lora_loao_gender/seed_42/epoch_0
2026-09-06 17:51:56,267 INFO [push_models_to_huggingface] Pushed 56 adapters to https://huggingface.co/Debk/AgriFair-GRAFT-adapters (private).
2026-09-06 17:52:59,817 INFO [artifact_sync] Snapshot pushed: 148 files to branch gpu-run-artifacts.
2026-09-06 18:04:54,730 INFO [training] Saved checkpoint /workspace/Finetune_AgriFair/checkpoints/general-instruct/reference_vanilla_lora_loao_gender/seed_42/epoch_1
2026-09-06 18:17:32,341 INFO [training] Saved checkpoint /workspace/Finetune_AgriFair/checkpoints/general-instruct/reference_vanilla_lora_loao_gender/seed_42/epoch_2
2026-09-06 18:17:34,082 INFO [train_graft] Training tier=general-instruct-2 method=graft_proposed seed=42 quantized=False layers=[0, 1, 2, 3, 4, 5, 6, 7, 8, 9, 10, 11, 12, 13, 14, 15, 16, 17]
2026-09-06 18:21:53,580 INFO [training] Saved checkpoint /workspace/Finetune_AgriFair/checkpoints/general-instruct-2/graft_proposed/seed_42/epoch_0
2026-09-06 18:23:02,627 INFO [artifact_sync] Snapshot pushed: 148 files to branch gpu-run-artifacts.
2026-09-06 18:25:56,373 INFO [training] Saved checkpoint /workspace/Finetune_AgriFair/checkpoints/general-instruct-2/graft_proposed/seed_42/epoch_1
2026-09-06 18:30:02,987 INFO [training] Saved checkpoint /workspace/Finetune_AgriFair/checkpoints/general-instruct-2/graft_proposed/seed_42/epoch_2
2026-09-06 18:30:04,354 INFO [train_graft] Matched-budget reference set from graft_proposed on general-instruct-2: 0.7009 percent trainable.
2026-09-06 18:30:04,354 INFO [train_graft] Training tier=general-instruct-2 method=graft_proposed seed=43 quantized=False layers=[0, 1, 2, 3, 4, 5, 6, 7, 8, 9, 10, 11, 12, 13, 14, 15, 16, 17]
2026-09-06 18:34:20,090 INFO [training] Saved checkpoint /workspace/Finetune_AgriFair/checkpoints/general-instruct-2/graft_proposed/seed_43/epoch_0
2026-09-06 18:38:31,366 INFO [training] Saved checkpoint /workspace/Finetune_AgriFair/checkpoints/general-instruct-2/graft_proposed/seed_43/epoch_1
2026-09-06 18:42:41,211 INFO [training] Saved checkpoint /workspace/Finetune_AgriFair/checkpoints/general-instruct-2/graft_proposed/seed_43/epoch_2
2026-09-06 18:42:42,881 INFO [train_graft] Training tier=general-instruct-2 method=graft_proposed seed=44 quantized=False layers=[0, 1, 2, 3, 4, 5, 6, 7, 8, 9, 10, 11, 12, 13, 14, 15, 16, 17]
2026-09-06 18:47:01,200 INFO [training] Saved checkpoint /workspace/Finetune_AgriFair/checkpoints/general-instruct-2/graft_proposed/seed_44/epoch_0
2026-09-06 18:47:31,359 INFO [push_models_to_huggingface] Found 59 adapters across 4 tiers.
2026-09-06 18:47:39,314 INFO [push_models_to_huggingface] Staged 11139.8 MB at /tmp/agrifair_hf_upload
2026-09-06 18:48:04,132 INFO [push_models_to_huggingface] Pushed 59 adapters to https://huggingface.co/Debk/AgriFair-GRAFT-adapters (private).
2026-09-06 18:50:57,461 INFO [training] Saved checkpoint /workspace/Finetune_AgriFair/checkpoints/general-instruct-2/graft_proposed/seed_44/epoch_1
2026-09-06 18:53:05,474 INFO [artifact_sync] Snapshot pushed: 148 files to branch gpu-run-artifacts.
2026-09-06 18:54:52,049 INFO [training] Saved checkpoint /workspace/Finetune_AgriFair/checkpoints/general-instruct-2/graft_proposed/seed_44/epoch_2
2026-09-06 18:54:52,959 INFO [train_graft] Training tier=general-instruct-2 method=ablation_placement_uniform seed=42 quantized=False layers=[0, 1, 2, 3, 4, 5, 6, 7, 8, 9, 10, 11, 12, 13, 14, 15, 16, 17, 18, 19, 20, 21, 22, 23, 24, 25, 26, 27, 28, 29, 30, 31, 32, 33, 34, 35]
2026-09-06 18:55:02,492 INFO [training] Matched budget OK: trainable budget 0.7009% vs reference 0.7009% (delta 0.0000pp = 0.0% relative, tol 0.0701pp)
2026-09-06 19:00:21,206 INFO [training] Saved checkpoint /workspace/Finetune_AgriFair/checkpoints/general-instruct-2/ablation_placement_uniform/seed_42/epoch_0
2026-09-06 19:06:23,062 INFO [training] Saved checkpoint /workspace/Finetune_AgriFair/checkpoints/general-instruct-2/ablation_placement_uniform/seed_42/epoch_1
2026-09-06 19:12:29,071 INFO [training] Saved checkpoint /workspace/Finetune_AgriFair/checkpoints/general-instruct-2/ablation_placement_uniform/seed_42/epoch_2
2026-09-06 19:12:31,993 INFO [train_graft] Training tier=general-instruct-2 method=ablation_placement_random seed=42 quantized=False layers=[0, 4, 5, 6, 8, 10, 12, 13, 14, 18, 22, 24, 25, 26, 27, 28, 29, 35]
2026-09-06 19:12:49,248 INFO [training] Matched budget OK: trainable budget 0.7009% vs reference 0.7009% (delta 0.0000pp = 0.0% relative, tol 0.0701pp)
2026-09-06 19:17:28,090 INFO [training] Saved checkpoint /workspace/Finetune_AgriFair/checkpoints/general-instruct-2/ablation_placement_random/seed_42/epoch_0
2026-09-06 19:22:22,976 INFO [training] Saved checkpoint /workspace/Finetune_AgriFair/checkpoints/general-instruct-2/ablation_placement_random/seed_42/epoch_1
2026-09-06 19:23:08,073 INFO [artifact_sync] Snapshot pushed: 148 files to branch gpu-run-artifacts.
2026-09-06 19:27:19,959 INFO [training] Saved checkpoint /workspace/Finetune_AgriFair/checkpoints/general-instruct-2/ablation_placement_random/seed_42/epoch_2
2026-09-06 19:27:20,939 INFO [train_graft] Training tier=general-instruct-2 method=ablation_placement_random_draw2 seed=42 quantized=False layers=[3, 4, 5, 6, 7, 8, 11, 12, 15, 16, 18, 19, 25, 26, 27, 29, 30, 33]
2026-09-06 19:27:33,452 INFO [training] Matched budget OK: trainable budget 0.7009% vs reference 0.7009% (delta 0.0000pp = 0.0% relative, tol 0.0701pp)
2026-09-06 19:32:13,670 INFO [training] Saved checkpoint /workspace/Finetune_AgriFair/checkpoints/general-instruct-2/ablation_placement_random_draw2/seed_42/epoch_0
2026-09-06 19:37:01,008 INFO [training] Saved checkpoint /workspace/Finetune_AgriFair/checkpoints/general-instruct-2/ablation_placement_random_draw2/seed_42/epoch_1
2026-09-06 19:41:49,371 INFO [training] Saved checkpoint /workspace/Finetune_AgriFair/checkpoints/general-instruct-2/ablation_placement_random_draw2/seed_42/epoch_2
2026-09-06 19:41:51,157 INFO [train_graft] Training tier=general-instruct-2 method=ablation_placement_random_draw3 seed=42 quantized=False layers=[2, 3, 4, 5, 8, 9, 10, 16, 18, 19, 20, 21, 22, 25, 26, 29, 30, 33]
2026-09-06 19:42:06,457 INFO [training] Matched budget OK: trainable budget 0.7009% vs reference 0.7009% (delta 0.0000pp = 0.0% relative, tol 0.0701pp)
2026-09-06 19:43:34,629 INFO [push_models_to_huggingface] Found 63 adapters across 4 tiers.
2026-09-06 19:43:47,689 INFO [push_models_to_huggingface] Staged 12003.9 MB at /tmp/agrifair_hf_upload
2026-09-06 19:44:22,112 INFO [push_models_to_huggingface] Pushed 63 adapters to https://huggingface.co/Debk/AgriFair-GRAFT-adapters (private).
2026-09-06 19:46:29,973 INFO [training] Saved checkpoint /workspace/Finetune_AgriFair/checkpoints/general-instruct-2/ablation_placement_random_draw3/seed_42/epoch_0
2026-09-06 19:50:25,987 INFO [training] Saved checkpoint /workspace/Finetune_AgriFair/checkpoints/general-instruct-2/ablation_placement_random_draw3/seed_42/epoch_1
2026-09-06 19:53:10,888 INFO [artifact_sync] Snapshot pushed: 148 files to branch gpu-run-artifacts.
2026-09-06 19:54:28,990 INFO [training] Saved checkpoint /workspace/Finetune_AgriFair/checkpoints/general-instruct-2/ablation_placement_random_draw3/seed_42/epoch_2
2026-09-06 19:54:30,080 INFO [train_graft] Training tier=general-instruct-2 method=ablation_no_rationale_loss seed=42 quantized=False layers=[0, 1, 2, 3, 4, 5, 6, 7, 8, 9, 10, 11, 12, 13, 14, 15, 16, 17]
2026-09-06 19:54:39,651 INFO [training] Matched budget OK: trainable budget 0.7009% vs reference 0.7009% (delta 0.0000pp = 0.0% relative, tol 0.0701pp)
2026-09-06 19:58:15,985 INFO [training] Saved checkpoint /workspace/Finetune_AgriFair/checkpoints/general-instruct-2/ablation_no_rationale_loss/seed_42/epoch_0
2026-09-06 20:01:45,661 INFO [training] Saved checkpoint /workspace/Finetune_AgriFair/checkpoints/general-instruct-2/ablation_no_rationale_loss/seed_42/epoch_1
2026-09-06 20:05:19,869 INFO [training] Saved checkpoint /workspace/Finetune_AgriFair/checkpoints/general-instruct-2/ablation_no_rationale_loss/seed_42/epoch_2
2026-09-06 20:05:20,623 INFO [train_graft] Training tier=general-instruct-2 method=ablation_no_condition_adaptive seed=42 quantized=False layers=[0, 1, 2, 3, 4, 5, 6, 7, 8, 9, 10, 11, 12, 13, 14, 15, 16, 17]
2026-09-06 20:05:29,269 INFO [training] Matched budget OK: trainable budget 0.7009% vs reference 0.7009% (delta 0.0000pp = 0.0% relative, tol 0.0701pp)
2026-09-06 20:09:20,275 INFO [training] Saved checkpoint /workspace/Finetune_AgriFair/checkpoints/general-instruct-2/ablation_no_condition_adaptive/seed_42/epoch_0
2026-09-06 20:13:12,481 INFO [training] Saved checkpoint /workspace/Finetune_AgriFair/checkpoints/general-instruct-2/ablation_no_condition_adaptive/seed_42/epoch_1
2026-09-06 20:17:04,172 INFO [training] Saved checkpoint /workspace/Finetune_AgriFair/checkpoints/general-instruct-2/ablation_no_condition_adaptive/seed_42/epoch_2
2026-09-06 20:17:05,077 INFO [train_graft] Training tier=general-instruct-2 method=ablation_rank_sweep_8 seed=42 quantized=False layers=[0, 1, 2, 3, 4, 5, 6, 7, 8, 9, 10, 11, 12, 13, 14, 15, 16, 17]
2026-09-06 20:20:57,970 INFO [training] Saved checkpoint /workspace/Finetune_AgriFair/checkpoints/general-instruct-2/ablation_rank_sweep_8/seed_42/epoch_0
2026-09-06 20:23:13,680 INFO [artifact_sync] Snapshot pushed: 148 files to branch gpu-run-artifacts.
2026-09-06 20:24:45,652 INFO [training] Saved checkpoint /workspace/Finetune_AgriFair/checkpoints/general-instruct-2/ablation_rank_sweep_8/seed_42/epoch_1
2026-09-06 20:28:30,962 INFO [training] Saved checkpoint /workspace/Finetune_AgriFair/checkpoints/general-instruct-2/ablation_rank_sweep_8/seed_42/epoch_2
2026-09-06 20:28:31,441 INFO [train_graft] Training tier=general-instruct-2 method=ablation_rank_sweep_16 seed=42 quantized=False layers=[0, 1, 2, 3, 4, 5, 6, 7, 8, 9, 10, 11, 12, 13, 14, 15, 16, 17]
2026-09-06 20:32:25,490 INFO [training] Saved checkpoint /workspace/Finetune_AgriFair/checkpoints/general-instruct-2/ablation_rank_sweep_16/seed_42/epoch_0
2026-09-06 20:36:11,898 INFO [training] Saved checkpoint /workspace/Finetune_AgriFair/checkpoints/general-instruct-2/ablation_rank_sweep_16/seed_42/epoch_1
2026-09-06 20:39:57,796 INFO [training] Saved checkpoint /workspace/Finetune_AgriFair/checkpoints/general-instruct-2/ablation_rank_sweep_16/seed_42/epoch_2
2026-09-06 20:39:58,502 INFO [train_graft] Training tier=general-instruct-2 method=ablation_rank_sweep_32 seed=42 quantized=False layers=[0, 1, 2, 3, 4, 5, 6, 7, 8, 9, 10, 11, 12, 13, 14, 15, 16, 17]
2026-09-06 20:40:10,037 INFO [push_models_to_huggingface] Found 68 adapters across 4 tiers.
2026-09-06 20:40:17,249 INFO [push_models_to_huggingface] Staged 12776.9 MB at /tmp/agrifair_hf_upload
2026-09-06 20:42:46,678 INFO [push_models_to_huggingface] Pushed 68 adapters to https://huggingface.co/Debk/AgriFair-GRAFT-adapters (private).
2026-09-06 20:43:54,741 INFO [training] Saved checkpoint /workspace/Finetune_AgriFair/checkpoints/general-instruct-2/ablation_rank_sweep_32/seed_42/epoch_0
2026-09-06 20:47:43,833 INFO [training] Saved checkpoint /workspace/Finetune_AgriFair/checkpoints/general-instruct-2/ablation_rank_sweep_32/seed_42/epoch_1
2026-09-06 20:51:32,945 INFO [training] Saved checkpoint /workspace/Finetune_AgriFair/checkpoints/general-instruct-2/ablation_rank_sweep_32/seed_42/epoch_2
2026-09-06 20:51:33,915 INFO [train_graft] Training tier=general-instruct-2 method=graft_proposed_qlora_nf4 seed=42 quantized=True layers=[0, 1, 2, 3, 4, 5, 6, 7, 8, 9, 10, 11, 12, 13, 14, 15, 16, 17]
2026-09-06 20:53:16,208 INFO [artifact_sync] Snapshot pushed: 148 files to branch gpu-run-artifacts.
2026-09-06 20:57:50,666 INFO [training] Saved checkpoint /workspace/Finetune_AgriFair/checkpoints/general-instruct-2/graft_proposed_qlora_nf4/seed_42/epoch_0
2026-09-06 21:03:49,861 INFO [training] Saved checkpoint /workspace/Finetune_AgriFair/checkpoints/general-instruct-2/graft_proposed_qlora_nf4/seed_42/epoch_1
2026-09-06 21:09:49,919 INFO [training] Saved checkpoint /workspace/Finetune_AgriFair/checkpoints/general-instruct-2/graft_proposed_qlora_nf4/seed_42/epoch_2
2026-09-06 21:09:51,435 INFO [train_graft] Training tier=general-instruct-2 method=graft_proposed_loao_social_group seed=42 quantized=False layers=[0, 1, 2, 3, 4, 5, 6, 7, 8, 9, 10, 11, 12, 13, 14, 15, 16, 17]
2026-09-06 21:12:12,299 INFO [training] Saved checkpoint /workspace/Finetune_AgriFair/checkpoints/general-instruct-2/graft_proposed_loao_social_group/seed_42/epoch_0
2026-09-06 21:14:24,681 INFO [training] Saved checkpoint /workspace/Finetune_AgriFair/checkpoints/general-instruct-2/graft_proposed_loao_social_group/seed_42/epoch_1
2026-09-06 21:16:36,875 INFO [training] Saved checkpoint /workspace/Finetune_AgriFair/checkpoints/general-instruct-2/graft_proposed_loao_social_group/seed_42/epoch_2
2026-09-06 21:16:37,888 INFO [train_graft] Training tier=general-instruct-2 method=reference_vanilla_lora_loao_social_group seed=42 quantized=False layers=[0, 1, 2, 3, 4, 5, 6, 7, 8, 9, 10, 11, 12, 13, 14, 15, 16, 17, 18, 19, 20, 21, 22, 23, 24, 25, 26, 27, 28, 29, 30, 31, 32, 33, 34, 35]
2026-09-06 21:19:27,795 INFO [training] Saved checkpoint /workspace/Finetune_AgriFair/checkpoints/general-instruct-2/reference_vanilla_lora_loao_social_group/seed_42/epoch_0
2026-09-06 21:22:12,387 INFO [training] Saved checkpoint /workspace/Finetune_AgriFair/checkpoints/general-instruct-2/reference_vanilla_lora_loao_social_group/seed_42/epoch_1
2026-09-06 21:23:18,994 INFO [artifact_sync] Snapshot pushed: 148 files to branch gpu-run-artifacts.
2026-09-06 21:24:57,013 INFO [training] Saved checkpoint /workspace/Finetune_AgriFair/checkpoints/general-instruct-2/reference_vanilla_lora_loao_social_group/seed_42/epoch_2
2026-09-06 21:24:58,203 INFO [train_graft] Training tier=general-instruct-2 method=graft_proposed_loao_landholding seed=42 quantized=False layers=[0, 1, 2, 3, 4, 5, 6, 7, 8, 9, 10, 11, 12, 13, 14, 15, 16, 17]
2026-09-06 21:27:06,565 INFO [training] Saved checkpoint /workspace/Finetune_AgriFair/checkpoints/general-instruct-2/graft_proposed_loao_landholding/seed_42/epoch_0
2026-09-06 21:29:07,359 INFO [training] Saved checkpoint /workspace/Finetune_AgriFair/checkpoints/general-instruct-2/graft_proposed_loao_landholding/seed_42/epoch_1
2026-09-06 21:31:08,678 INFO [training] Saved checkpoint /workspace/Finetune_AgriFair/checkpoints/general-instruct-2/graft_proposed_loao_landholding/seed_42/epoch_2
2026-09-06 21:31:09,785 INFO [train_graft] Training tier=general-instruct-2 method=reference_vanilla_lora_loao_landholding seed=42 quantized=False layers=[0, 1, 2, 3, 4, 5, 6, 7, 8, 9, 10, 11, 12, 13, 14, 15, 16, 17, 18, 19, 20, 21, 22, 23, 24, 25, 26, 27, 28, 29, 30, 31, 32, 33, 34, 35]
2026-09-06 21:33:45,675 INFO [training] Saved checkpoint /workspace/Finetune_AgriFair/checkpoints/general-instruct-2/reference_vanilla_lora_loao_landholding/seed_42/epoch_0
2026-09-06 21:36:16,077 INFO [training] Saved checkpoint /workspace/Finetune_AgriFair/checkpoints/general-instruct-2/reference_vanilla_lora_loao_landholding/seed_42/epoch_1
2026-09-06 21:38:17,645 INFO [push_models_to_huggingface] Found 73 adapters across 4 tiers.
2026-09-06 21:38:26,165 INFO [push_models_to_huggingface] Staged 13678.3 MB at /tmp/agrifair_hf_upload
2026-09-06 21:38:46,098 INFO [training] Saved checkpoint /workspace/Finetune_AgriFair/checkpoints/general-instruct-2/reference_vanilla_lora_loao_landholding/seed_42/epoch_2
2026-09-06 21:38:46,981 INFO [train_graft] Training tier=general-instruct-2 method=graft_proposed_loao_gender seed=42 quantized=False layers=[0, 1, 2, 3, 4, 5, 6, 7, 8, 9, 10, 11, 12, 13, 14, 15, 16, 17]
2026-09-06 21:41:10,705 INFO [push_models_to_huggingface] Pushed 73 adapters to https://huggingface.co/Debk/AgriFair-GRAFT-adapters (private).
2026-09-06 21:42:27,436 INFO [training] Saved checkpoint /workspace/Finetune_AgriFair/checkpoints/general-instruct-2/graft_proposed_loao_gender/seed_42/epoch_0
2026-09-06 21:46:01,770 INFO [training] Saved checkpoint /workspace/Finetune_AgriFair/checkpoints/general-instruct-2/graft_proposed_loao_gender/seed_42/epoch_1
2026-09-06 21:49:34,267 INFO [training] Saved checkpoint /workspace/Finetune_AgriFair/checkpoints/general-instruct-2/graft_proposed_loao_gender/seed_42/epoch_2
2026-09-06 21:49:35,115 INFO [train_graft] Training tier=general-instruct-2 method=reference_vanilla_lora_loao_gender seed=42 quantized=False layers=[0, 1, 2, 3, 4, 5, 6, 7, 8, 9, 10, 11, 12, 13, 14, 15, 16, 17, 18, 19, 20, 21, 22, 23, 24, 25, 26, 27, 28, 29, 30, 31, 32, 33, 34, 35]
2026-09-06 21:53:21,881 INFO [artifact_sync] Snapshot pushed: 148 files to branch gpu-run-artifacts.
2026-09-06 21:54:10,293 INFO [training] Saved checkpoint /workspace/Finetune_AgriFair/checkpoints/general-instruct-2/reference_vanilla_lora_loao_gender/seed_42/epoch_0
2026-09-06 21:58:53,038 INFO [training] Saved checkpoint /workspace/Finetune_AgriFair/checkpoints/general-instruct-2/reference_vanilla_lora_loao_gender/seed_42/epoch_1
2026-09-06 22:03:17,493 INFO [training] Saved checkpoint /workspace/Finetune_AgriFair/checkpoints/general-instruct-2/reference_vanilla_lora_loao_gender/seed_42/epoch_2
2026-09-06 22:03:18,332 INFO [run_all] --- train_graft done in 66352.6 s ---
2026-09-06 22:03:18,332 INFO [run_all] === train_baselines ===
2026-09-06 22:03:18,353 INFO [train_baselines] Baseline budgets for small-instruct are reported, not asserted; see trainable_parameter_percentage in the results tables.
2026-09-06 22:03:18,354 INFO [train_baselines] Training baseline tier=small-instruct method=baseline_fairnet seed=42
2026-09-06 22:05:24,451 INFO [training] Saved checkpoint /workspace/Finetune_AgriFair/checkpoints/small-instruct/baseline_fairnet/seed_42/epoch_0
2026-09-06 22:07:20,688 INFO [training] Saved checkpoint /workspace/Finetune_AgriFair/checkpoints/small-instruct/baseline_fairnet/seed_42/epoch_1
2026-09-06 22:09:17,719 INFO [training] Saved checkpoint /workspace/Finetune_AgriFair/checkpoints/small-instruct/baseline_fairnet/seed_42/epoch_2
2026-09-06 22:09:18,577 INFO [train_baselines] Training baseline tier=small-instruct method=baseline_fairnet seed=43
2026-09-06 22:11:20,907 INFO [training] Saved checkpoint /workspace/Finetune_AgriFair/checkpoints/small-instruct/baseline_fairnet/seed_43/epoch_0
2026-09-06 22:13:17,863 INFO [training] Saved checkpoint /workspace/Finetune_AgriFair/checkpoints/small-instruct/baseline_fairnet/seed_43/epoch_1
2026-09-06 22:15:14,740 INFO [training] Saved checkpoint /workspace/Finetune_AgriFair/checkpoints/small-instruct/baseline_fairnet/seed_43/epoch_2
2026-09-06 22:15:15,588 INFO [train_baselines] Training baseline tier=small-instruct method=baseline_fairnet seed=44
2026-09-06 22:17:16,465 INFO [training] Saved checkpoint /workspace/Finetune_AgriFair/checkpoints/small-instruct/baseline_fairnet/seed_44/epoch_0
2026-09-06 22:19:12,051 INFO [training] Saved checkpoint /workspace/Finetune_AgriFair/checkpoints/small-instruct/baseline_fairnet/seed_44/epoch_1
2026-09-06 22:21:10,626 INFO [training] Saved checkpoint /workspace/Finetune_AgriFair/checkpoints/small-instruct/baseline_fairnet/seed_44/epoch_2
2026-09-06 22:21:11,484 INFO [train_baselines] Training baseline tier=small-instruct method=baseline_igu_lora seed=42
2026-09-06 22:22:45,733 INFO [training] Saved checkpoint /workspace/Finetune_AgriFair/checkpoints/small-instruct/baseline_igu_lora/seed_42/epoch_0
2026-09-06 22:23:24,774 INFO [artifact_sync] Snapshot pushed: 149 files to branch gpu-run-artifacts.
2026-09-06 22:24:15,426 INFO [training] Saved checkpoint /workspace/Finetune_AgriFair/checkpoints/small-instruct/baseline_igu_lora/seed_42/epoch_1
2026-09-06 22:25:45,522 INFO [training] Saved checkpoint /workspace/Finetune_AgriFair/checkpoints/small-instruct/baseline_igu_lora/seed_42/epoch_2
2026-09-06 22:25:46,105 INFO [train_baselines] Training baseline tier=small-instruct method=baseline_pedal seed=42
2026-09-06 22:27:51,139 INFO [training] Saved checkpoint /workspace/Finetune_AgriFair/checkpoints/small-instruct/baseline_pedal/seed_42/epoch_0
2026-09-06 22:29:52,513 INFO [training] Saved checkpoint /workspace/Finetune_AgriFair/checkpoints/small-instruct/baseline_pedal/seed_42/epoch_1
2026-09-06 22:31:51,693 INFO [training] Saved checkpoint /workspace/Finetune_AgriFair/checkpoints/small-instruct/baseline_pedal/seed_42/epoch_2
2026-09-06 22:31:52,628 INFO [train_baselines] Training baseline tier=small-instruct method=baseline_dart seed=42
2026-09-06 22:34:27,106 INFO [training] Saved checkpoint /workspace/Finetune_AgriFair/checkpoints/small-instruct/baseline_dart/seed_42/epoch_0
2026-09-06 22:36:41,581 INFO [push_models_to_huggingface] Found 81 adapters across 4 tiers.
2026-09-06 22:36:48,906 INFO [training] Saved checkpoint /workspace/Finetune_AgriFair/checkpoints/small-instruct/baseline_dart/seed_42/epoch_1
2026-09-06 22:37:02,806 INFO [push_models_to_huggingface] Staged 14573.5 MB at /tmp/agrifair_hf_upload
2026-09-06 22:37:36,788 INFO [push_models_to_huggingface] Pushed 81 adapters to https://huggingface.co/Debk/AgriFair-GRAFT-adapters (private).
2026-09-06 22:39:09,200 INFO [training] Saved checkpoint /workspace/Finetune_AgriFair/checkpoints/small-instruct/baseline_dart/seed_42/epoch_2
2026-09-06 22:39:24,931 INFO [dart_baseline] DART audit tier=small-instruct seed=42: 2 drift cases (mild 0, moderate 0, severe 2, extreme 0) -> repair set 6.
2026-09-06 22:39:24,932 INFO [training] Repair phase: 6 oversampled repair examples, 1 epochs.
2026-09-06 22:41:30,091 INFO [train_baselines] Training baseline tier=small-instruct method=baseline_dart seed=43
2026-09-06 22:44:04,408 INFO [training] Saved checkpoint /workspace/Finetune_AgriFair/checkpoints/small-instruct/baseline_dart/seed_43/epoch_0
2026-09-06 22:46:24,308 INFO [training] Saved checkpoint /workspace/Finetune_AgriFair/checkpoints/small-instruct/baseline_dart/seed_43/epoch_1
2026-09-06 22:48:45,903 INFO [training] Saved checkpoint /workspace/Finetune_AgriFair/checkpoints/small-instruct/baseline_dart/seed_43/epoch_2
2026-09-06 22:49:01,954 INFO [dart_baseline] DART audit tier=small-instruct seed=43: 2 drift cases (mild 0, moderate 0, severe 2, extreme 0) -> repair set 6.
2026-09-06 22:49:01,955 INFO [training] Repair phase: 6 oversampled repair examples, 1 epochs.
2026-09-06 22:51:07,403 INFO [train_baselines] Training baseline tier=small-instruct method=baseline_dart seed=44
2026-09-06 22:53:27,843 INFO [artifact_sync] Snapshot pushed: 151 files to branch gpu-run-artifacts.
2026-09-06 22:53:41,701 INFO [training] Saved checkpoint /workspace/Finetune_AgriFair/checkpoints/small-instruct/baseline_dart/seed_44/epoch_0
2026-09-06 22:56:01,608 INFO [training] Saved checkpoint /workspace/Finetune_AgriFair/checkpoints/small-instruct/baseline_dart/seed_44/epoch_1
2026-09-06 22:58:21,703 INFO [training] Saved checkpoint /workspace/Finetune_AgriFair/checkpoints/small-instruct/baseline_dart/seed_44/epoch_2
2026-09-06 22:58:37,390 INFO [dart_baseline] DART audit tier=small-instruct seed=44: 8 drift cases (mild 0, moderate 1, severe 2, extreme 5) -> repair set 28.
2026-09-06 22:58:37,390 INFO [training] Repair phase: 28 oversampled repair examples, 1 epochs.
2026-09-06 23:00:44,702 INFO [train_baselines] Training baseline tier=small-instruct method=baseline_regift seed=42
2026-09-06 23:03:09,803 INFO [training] Saved checkpoint /workspace/Finetune_AgriFair/checkpoints/small-instruct/baseline_regift/seed_42/epoch_0
2026-09-06 23:05:29,716 INFO [training] Saved checkpoint /workspace/Finetune_AgriFair/checkpoints/small-instruct/baseline_regift/seed_42/epoch_1
2026-09-06 23:07:50,016 INFO [training] Saved checkpoint /workspace/Finetune_AgriFair/checkpoints/small-instruct/baseline_regift/seed_42/epoch_2
2026-09-06 23:07:58,474 INFO [train_baselines] LFTF located 9/28 blocks for small-instruct.
2026-09-06 23:07:58,496 INFO [train_baselines] Training baseline tier=small-instruct method=baseline_lftf seed=42
2026-09-06 23:09:26,592 INFO [training] Saved checkpoint /workspace/Finetune_AgriFair/checkpoints/small-instruct/baseline_lftf/seed_42/epoch_0
2026-09-06 23:10:46,301 INFO [training] Saved checkpoint /workspace/Finetune_AgriFair/checkpoints/small-instruct/baseline_lftf/seed_42/epoch_1
2026-09-06 23:12:05,898 INFO [training] Saved checkpoint /workspace/Finetune_AgriFair/checkpoints/small-instruct/baseline_lftf/seed_42/epoch_2
2026-09-06 23:12:06,467 INFO [train_baselines] Training baseline tier=small-instruct method=reference_vanilla_lora seed=42
2026-09-06 23:14:06,266 INFO [training] Saved checkpoint /workspace/Finetune_AgriFair/checkpoints/small-instruct/reference_vanilla_lora/seed_42/epoch_0
2026-09-06 23:16:02,073 INFO [training] Saved checkpoint /workspace/Finetune_AgriFair/checkpoints/small-instruct/reference_vanilla_lora/seed_42/epoch_1
2026-09-06 23:17:58,180 INFO [training] Saved checkpoint /workspace/Finetune_AgriFair/checkpoints/small-instruct/reference_vanilla_lora/seed_42/epoch_2
2026-09-06 23:17:58,786 INFO [train_baselines] Training baseline tier=small-instruct method=reference_vanilla_lora seed=43
2026-09-06 23:19:58,061 INFO [training] Saved checkpoint /workspace/Finetune_AgriFair/checkpoints/small-instruct/reference_vanilla_lora/seed_43/epoch_0
2026-09-06 23:21:54,351 INFO [training] Saved checkpoint /workspace/Finetune_AgriFair/checkpoints/small-instruct/reference_vanilla_lora/seed_43/epoch_1
2026-09-06 23:23:30,652 INFO [artifact_sync] Snapshot pushed: 153 files to branch gpu-run-artifacts.
2026-09-06 23:23:51,283 INFO [training] Saved checkpoint /workspace/Finetune_AgriFair/checkpoints/small-instruct/reference_vanilla_lora/seed_43/epoch_2
2026-09-06 23:23:51,961 INFO [train_baselines] Training baseline tier=small-instruct method=reference_vanilla_lora seed=44
2026-09-06 23:25:52,398 INFO [training] Saved checkpoint /workspace/Finetune_AgriFair/checkpoints/small-instruct/reference_vanilla_lora/seed_44/epoch_0
2026-09-06 23:27:49,257 INFO [training] Saved checkpoint /workspace/Finetune_AgriFair/checkpoints/small-instruct/reference_vanilla_lora/seed_44/epoch_1
2026-09-06 23:29:45,871 INFO [training] Saved checkpoint /workspace/Finetune_AgriFair/checkpoints/small-instruct/reference_vanilla_lora/seed_44/epoch_2
2026-09-06 23:29:46,440 INFO [train_baselines] Training baseline tier=small-instruct method=reference_vanilla_qlora seed=42
2026-09-06 23:32:42,754 INFO [training] Saved checkpoint /workspace/Finetune_AgriFair/checkpoints/small-instruct/reference_vanilla_qlora/seed_42/epoch_0
2026-09-06 23:33:11,771 INFO [push_models_to_huggingface] Found 89 adapters across 4 tiers.
2026-09-06 23:33:22,428 INFO [push_models_to_huggingface] Staged 15223.6 MB at /tmp/agrifair_hf_upload
2026-09-06 23:35:29,271 INFO [training] Saved checkpoint /workspace/Finetune_AgriFair/checkpoints/small-instruct/reference_vanilla_qlora/seed_42/epoch_1
2026-09-06 23:36:04,315 INFO [push_models_to_huggingface] Pushed 89 adapters to https://huggingface.co/Debk/AgriFair-GRAFT-adapters (private).
2026-09-06 23:38:16,677 INFO [training] Saved checkpoint /workspace/Finetune_AgriFair/checkpoints/small-instruct/reference_vanilla_qlora/seed_42/epoch_2
2026-09-06 23:38:27,818 INFO [train_baselines] Wrote FairSteer steering vector for small-instruct (layer 14, dim=3072).
2026-09-06 23:38:27,842 INFO [train_baselines] Baseline budgets for broad-instruct are reported, not asserted; see trainable_parameter_percentage in the results tables.
2026-09-06 23:38:27,844 INFO [train_baselines] Training baseline tier=broad-instruct method=baseline_fairnet seed=42
2026-09-06 23:41:18,489 INFO [training] Saved checkpoint /workspace/Finetune_AgriFair/checkpoints/broad-instruct/baseline_fairnet/seed_42/epoch_0
2026-09-06 23:43:59,839 INFO [training] Saved checkpoint /workspace/Finetune_AgriFair/checkpoints/broad-instruct/baseline_fairnet/seed_42/epoch_1
2026-09-06 23:46:41,566 INFO [training] Saved checkpoint /workspace/Finetune_AgriFair/checkpoints/broad-instruct/baseline_fairnet/seed_42/epoch_2
2026-09-06 23:46:42,686 INFO [train_baselines] Training baseline tier=broad-instruct method=baseline_fairnet seed=43
2026-09-06 23:49:32,574 INFO [training] Saved checkpoint /workspace/Finetune_AgriFair/checkpoints/broad-instruct/baseline_fairnet/seed_43/epoch_0
2026-09-06 23:52:12,914 INFO [training] Saved checkpoint /workspace/Finetune_AgriFair/checkpoints/broad-instruct/baseline_fairnet/seed_43/epoch_1
2026-09-06 23:53:33,587 INFO [artifact_sync] Snapshot pushed: 154 files to branch gpu-run-artifacts.
2026-09-06 23:54:55,787 INFO [training] Saved checkpoint /workspace/Finetune_AgriFair/checkpoints/broad-instruct/baseline_fairnet/seed_43/epoch_2
2026-09-06 23:54:56,950 INFO [train_baselines] Training baseline tier=broad-instruct method=baseline_fairnet seed=44
2026-09-06 23:57:46,332 INFO [training] Saved checkpoint /workspace/Finetune_AgriFair/checkpoints/broad-instruct/baseline_fairnet/seed_44/epoch_0
2026-09-07 00:00:26,494 INFO [training] Saved checkpoint /workspace/Finetune_AgriFair/checkpoints/broad-instruct/baseline_fairnet/seed_44/epoch_1
2026-09-07 00:03:07,018 INFO [training] Saved checkpoint /workspace/Finetune_AgriFair/checkpoints/broad-instruct/baseline_fairnet/seed_44/epoch_2
2026-09-07 00:03:08,581 INFO [train_baselines] Training baseline tier=broad-instruct method=baseline_igu_lora seed=42
2026-09-07 00:05:35,173 INFO [training] Saved checkpoint /workspace/Finetune_AgriFair/checkpoints/broad-instruct/baseline_igu_lora/seed_42/epoch_0
2026-09-07 00:08:03,705 INFO [training] Saved checkpoint /workspace/Finetune_AgriFair/checkpoints/broad-instruct/baseline_igu_lora/seed_42/epoch_1
2026-09-07 00:10:52,704 INFO [training] Saved checkpoint /workspace/Finetune_AgriFair/checkpoints/broad-instruct/baseline_igu_lora/seed_42/epoch_2
2026-09-07 00:10:53,995 INFO [train_baselines] Training baseline tier=broad-instruct method=baseline_pedal seed=42
2026-09-07 00:13:41,388 INFO [training] Saved checkpoint /workspace/Finetune_AgriFair/checkpoints/broad-instruct/baseline_pedal/seed_42/epoch_0
2026-09-07 00:16:20,654 INFO [training] Saved checkpoint /workspace/Finetune_AgriFair/checkpoints/broad-instruct/baseline_pedal/seed_42/epoch_1
2026-09-07 00:18:59,781 INFO [training] Saved checkpoint /workspace/Finetune_AgriFair/checkpoints/broad-instruct/baseline_pedal/seed_42/epoch_2
2026-09-07 00:19:00,875 INFO [train_baselines] Training baseline tier=broad-instruct method=baseline_dart seed=42
2026-09-07 00:22:29,193 INFO [training] Saved checkpoint /workspace/Finetune_AgriFair/checkpoints/broad-instruct/baseline_dart/seed_42/epoch_0
2026-09-07 00:23:36,394 INFO [artifact_sync] Snapshot pushed: 154 files to branch gpu-run-artifacts.
2026-09-07 00:25:34,584 INFO [training] Saved checkpoint /workspace/Finetune_AgriFair/checkpoints/broad-instruct/baseline_dart/seed_42/epoch_1
2026-09-07 00:28:41,368 INFO [training] Saved checkpoint /workspace/Finetune_AgriFair/checkpoints/broad-instruct/baseline_dart/seed_42/epoch_2
2026-09-07 00:29:02,538 INFO [dart_baseline] DART audit tier=broad-instruct seed=42: 2 drift cases (mild 0, moderate 0, severe 2, extreme 0) -> repair set 6.
2026-09-07 00:29:02,538 INFO [training] Repair phase: 6 oversampled repair examples, 1 epochs.
2026-09-07 00:31:35,283 INFO [push_models_to_huggingface] Found 95 adapters across 4 tiers.
2026-09-07 00:31:46,860 INFO [push_models_to_huggingface] Staged 16340.4 MB at /tmp/agrifair_hf_upload
2026-09-07 00:31:47,372 INFO [train_baselines] Training baseline tier=broad-instruct method=baseline_dart seed=43
2026-09-07 00:32:27,779 INFO [push_models_to_huggingface] Pushed 95 adapters to https://huggingface.co/Debk/AgriFair-GRAFT-adapters (private).
2026-09-07 00:35:13,685 INFO [training] Saved checkpoint /workspace/Finetune_AgriFair/checkpoints/broad-instruct/baseline_dart/seed_43/epoch_0
2026-09-07 00:38:17,967 INFO [training] Saved checkpoint /workspace/Finetune_AgriFair/checkpoints/broad-instruct/baseline_dart/seed_43/epoch_1
2026-09-07 00:41:22,932 INFO [training] Saved checkpoint /workspace/Finetune_AgriFair/checkpoints/broad-instruct/baseline_dart/seed_43/epoch_2
2026-09-07 00:41:44,396 INFO [dart_baseline] DART audit tier=broad-instruct seed=43: 2 drift cases (mild 0, moderate 0, severe 2, extreme 0) -> repair set 6.
2026-09-07 00:41:44,396 INFO [training] Repair phase: 6 oversampled repair examples, 1 epochs.
2026-09-07 00:44:28,362 INFO [train_baselines] Training baseline tier=broad-instruct method=baseline_dart seed=44
2026-09-07 00:47:54,125 INFO [training] Saved checkpoint /workspace/Finetune_AgriFair/checkpoints/broad-instruct/baseline_dart/seed_44/epoch_0
2026-09-07 00:51:00,085 INFO [training] Saved checkpoint /workspace/Finetune_AgriFair/checkpoints/broad-instruct/baseline_dart/seed_44/epoch_1
2026-09-07 00:53:39,745 INFO [artifact_sync] Snapshot pushed: 156 files to branch gpu-run-artifacts.
2026-09-07 00:54:29,576 INFO [training] Saved checkpoint /workspace/Finetune_AgriFair/checkpoints/broad-instruct/baseline_dart/seed_44/epoch_2
2026-09-07 00:54:51,060 INFO [dart_baseline] DART audit tier=broad-instruct seed=44: 6 drift cases (mild 0, moderate 0, severe 2, extreme 4) -> repair set 22.
2026-09-07 00:54:51,060 INFO [training] Repair phase: 22 oversampled repair examples, 1 epochs.
2026-09-07 00:57:38,344 INFO [train_baselines] Training baseline tier=broad-instruct method=baseline_regift seed=42
2026-09-07 01:00:51,172 INFO [training] Saved checkpoint /workspace/Finetune_AgriFair/checkpoints/broad-instruct/baseline_regift/seed_42/epoch_0
2026-09-07 01:03:56,384 INFO [training] Saved checkpoint /workspace/Finetune_AgriFair/checkpoints/broad-instruct/baseline_regift/seed_42/epoch_1
2026-09-07 01:07:01,057 INFO [training] Saved checkpoint /workspace/Finetune_AgriFair/checkpoints/broad-instruct/baseline_regift/seed_42/epoch_2
2026-09-07 01:07:12,621 INFO [train_baselines] LFTF located 15/36 blocks for broad-instruct.
2026-09-07 01:07:12,656 INFO [train_baselines] Training baseline tier=broad-instruct method=baseline_lftf seed=42
2026-09-07 01:09:14,020 INFO [training] Saved checkpoint /workspace/Finetune_AgriFair/checkpoints/broad-instruct/baseline_lftf/seed_42/epoch_0
2026-09-07 01:11:09,457 INFO [training] Saved checkpoint /workspace/Finetune_AgriFair/checkpoints/broad-instruct/baseline_lftf/seed_42/epoch_1
2026-09-07 01:13:06,631 INFO [training] Saved checkpoint /workspace/Finetune_AgriFair/checkpoints/broad-instruct/baseline_lftf/seed_42/epoch_2
2026-09-07 01:13:08,180 INFO [train_baselines] Training baseline tier=broad-instruct method=reference_vanilla_lora seed=42
2026-09-07 01:15:48,467 INFO [training] Saved checkpoint /workspace/Finetune_AgriFair/checkpoints/broad-instruct/reference_vanilla_lora/seed_42/epoch_0
2026-09-07 01:18:24,792 INFO [training] Saved checkpoint /workspace/Finetune_AgriFair/checkpoints/broad-instruct/reference_vanilla_lora/seed_42/epoch_1
2026-09-07 01:21:02,886 INFO [training] Saved checkpoint /workspace/Finetune_AgriFair/checkpoints/broad-instruct/reference_vanilla_lora/seed_42/epoch_2
2026-09-07 01:21:03,468 INFO [train_baselines] Training baseline tier=broad-instruct method=reference_vanilla_lora seed=43
2026-09-07 01:23:42,821 INFO [artifact_sync] Snapshot pushed: 158 files to branch gpu-run-artifacts.
2026-09-07 01:23:44,794 INFO [training] Saved checkpoint /workspace/Finetune_AgriFair/checkpoints/broad-instruct/reference_vanilla_lora/seed_43/epoch_0
2026-09-07 01:26:21,979 INFO [training] Saved checkpoint /workspace/Finetune_AgriFair/checkpoints/broad-instruct/reference_vanilla_lora/seed_43/epoch_1
2026-09-07 01:27:58,410 INFO [push_models_to_huggingface] Found 101 adapters across 4 tiers.
2026-09-07 01:28:09,766 INFO [push_models_to_huggingface] Staged 17469.8 MB at /tmp/agrifair_hf_upload
2026-09-07 01:28:48,718 INFO [push_models_to_huggingface] Pushed 101 adapters to https://huggingface.co/Debk/AgriFair-GRAFT-adapters (private).
2026-09-07 01:28:59,986 INFO [training] Saved checkpoint /workspace/Finetune_AgriFair/checkpoints/broad-instruct/reference_vanilla_lora/seed_43/epoch_2
2026-09-07 01:29:00,759 INFO [train_baselines] Training baseline tier=broad-instruct method=reference_vanilla_lora seed=44
2026-09-07 01:31:41,981 INFO [training] Saved checkpoint /workspace/Finetune_AgriFair/checkpoints/broad-instruct/reference_vanilla_lora/seed_44/epoch_0
2026-09-07 01:34:18,587 INFO [training] Saved checkpoint /workspace/Finetune_AgriFair/checkpoints/broad-instruct/reference_vanilla_lora/seed_44/epoch_1
2026-09-07 01:36:55,373 INFO [training] Saved checkpoint /workspace/Finetune_AgriFair/checkpoints/broad-instruct/reference_vanilla_lora/seed_44/epoch_2
2026-09-07 01:36:55,959 INFO [train_baselines] Training baseline tier=broad-instruct method=reference_vanilla_qlora seed=42
2026-09-07 01:40:40,395 INFO [training] Saved checkpoint /workspace/Finetune_AgriFair/checkpoints/broad-instruct/reference_vanilla_qlora/seed_42/epoch_0
2026-09-07 01:44:12,992 INFO [training] Saved checkpoint /workspace/Finetune_AgriFair/checkpoints/broad-instruct/reference_vanilla_qlora/seed_42/epoch_1
2026-09-07 01:47:45,797 INFO [training] Saved checkpoint /workspace/Finetune_AgriFair/checkpoints/broad-instruct/reference_vanilla_qlora/seed_42/epoch_2
2026-09-07 01:48:01,045 INFO [train_baselines] Wrote FairSteer steering vector for broad-instruct (layer 18, dim=2560).
2026-09-07 01:48:01,073 INFO [train_baselines] Baseline budgets for general-instruct are reported, not asserted; see trainable_parameter_percentage in the results tables.
2026-09-07 01:48:01,075 INFO [train_baselines] Training baseline tier=general-instruct method=baseline_fairnet seed=42
2026-09-07 01:53:46,008 INFO [artifact_sync] Snapshot pushed: 159 files to branch gpu-run-artifacts.
2026-09-07 02:02:03,190 INFO [training] Saved checkpoint /workspace/Finetune_AgriFair/checkpoints/general-instruct/baseline_fairnet/seed_42/epoch_0
2026-09-07 02:15:30,581 INFO [training] Saved checkpoint /workspace/Finetune_AgriFair/checkpoints/general-instruct/baseline_fairnet/seed_42/epoch_1
2026-09-07 02:23:49,187 INFO [artifact_sync] Snapshot pushed: 159 files to branch gpu-run-artifacts.
2026-09-07 02:24:21,616 INFO [push_models_to_huggingface] Found 104 adapters across 4 tiers.
2026-09-07 02:24:35,654 INFO [push_models_to_huggingface] Staged 17659.0 MB at /tmp/agrifair_hf_upload
2026-09-07 02:25:01,944 INFO [push_models_to_huggingface] Pushed 104 adapters to https://huggingface.co/Debk/AgriFair-GRAFT-adapters (private).
2026-09-07 02:29:04,236 INFO [training] Saved checkpoint /workspace/Finetune_AgriFair/checkpoints/general-instruct/baseline_fairnet/seed_42/epoch_2
2026-09-07 02:29:05,732 INFO [train_baselines] Training baseline tier=general-instruct method=baseline_fairnet seed=43
2026-09-07 02:42:56,652 INFO [training] Saved checkpoint /workspace/Finetune_AgriFair/checkpoints/general-instruct/baseline_fairnet/seed_43/epoch_0
2026-09-07 02:53:52,258 INFO [artifact_sync] Snapshot pushed: 159 files to branch gpu-run-artifacts.
2026-09-07 02:56:27,364 INFO [training] Saved checkpoint /workspace/Finetune_AgriFair/checkpoints/general-instruct/baseline_fairnet/seed_43/epoch_1
2026-09-07 03:09:58,544 INFO [training] Saved checkpoint /workspace/Finetune_AgriFair/checkpoints/general-instruct/baseline_fairnet/seed_43/epoch_2
2026-09-07 03:10:00,278 INFO [train_baselines] Training baseline tier=general-instruct method=baseline_fairnet seed=44
2026-09-07 03:20:34,327 INFO [push_models_to_huggingface] Found 106 adapters across 4 tiers.
2026-09-07 03:20:48,663 INFO [push_models_to_huggingface] Staged 18409.3 MB at /tmp/agrifair_hf_upload
2026-09-07 03:21:31,218 INFO [push_models_to_huggingface] Pushed 106 adapters to https://huggingface.co/Debk/AgriFair-GRAFT-adapters (private).
2026-09-07 03:23:53,525 INFO [training] Saved checkpoint /workspace/Finetune_AgriFair/checkpoints/general-instruct/baseline_fairnet/seed_44/epoch_0
2026-09-07 03:23:56,246 INFO [artifact_sync] Snapshot pushed: 159 files to branch gpu-run-artifacts.
2026-09-07 03:37:27,543 INFO [training] Saved checkpoint /workspace/Finetune_AgriFair/checkpoints/general-instruct/baseline_fairnet/seed_44/epoch_1
2026-09-07 03:51:00,539 INFO [training] Saved checkpoint /workspace/Finetune_AgriFair/checkpoints/general-instruct/baseline_fairnet/seed_44/epoch_2
2026-09-07 03:51:02,131 INFO [train_baselines] Training baseline tier=general-instruct method=baseline_igu_lora seed=42
2026-09-07 03:53:59,593 INFO [artifact_sync] Snapshot pushed: 159 files to branch gpu-run-artifacts.
2026-09-07 03:58:00,157 INFO [push_models_to_huggingface] Found 107 adapters across 4 tiers.
2026-09-07 03:58:10,928 INFO [push_models_to_huggingface] Staged 18784.5 MB at /tmp/agrifair_hf_upload
2026-09-07 03:58:44,226 INFO [push_models_to_huggingface] Pushed 107 adapters to https://huggingface.co/Debk/AgriFair-GRAFT-adapters (private).
2026-09-07 04:02:34,160 INFO [training] Saved checkpoint /workspace/Finetune_AgriFair/checkpoints/general-instruct/baseline_igu_lora/seed_42/epoch_0
2026-09-07 04:13:52,053 INFO [training] Saved checkpoint /workspace/Finetune_AgriFair/checkpoints/general-instruct/baseline_igu_lora/seed_42/epoch_1
2026-09-07 04:24:02,640 INFO [artifact_sync] Snapshot pushed: 159 files to branch gpu-run-artifacts.
2026-09-07 04:25:09,750 INFO [training] Saved checkpoint /workspace/Finetune_AgriFair/checkpoints/general-instruct/baseline_igu_lora/seed_42/epoch_2
2026-09-07 04:25:11,095 INFO [train_baselines] Training baseline tier=general-instruct method=baseline_pedal seed=42
2026-09-07 04:39:58,571 INFO [training] Saved checkpoint /workspace/Finetune_AgriFair/checkpoints/general-instruct/baseline_pedal/seed_42/epoch_0
2026-09-07 04:53:30,138 INFO [training] Saved checkpoint /workspace/Finetune_AgriFair/checkpoints/general-instruct/baseline_pedal/seed_42/epoch_1
2026-09-07 04:54:05,631 INFO [artifact_sync] Snapshot pushed: 159 files to branch gpu-run-artifacts.
2026-09-07 04:54:17,516 INFO [push_models_to_huggingface] Found 108 adapters across 4 tiers.
2026-09-07 04:54:34,024 INFO [push_models_to_huggingface] Staged 19159.5 MB at /tmp/agrifair_hf_upload
2026-09-07 04:55:11,890 INFO [push_models_to_huggingface] Pushed 108 adapters to https://huggingface.co/Debk/AgriFair-GRAFT-adapters (private).
2026-09-07 05:07:05,947 INFO [training] Saved checkpoint /workspace/Finetune_AgriFair/checkpoints/general-instruct/baseline_pedal/seed_42/epoch_2
2026-09-07 05:07:07,247 INFO [train_baselines] Training baseline tier=general-instruct method=baseline_dart seed=42
2026-09-07 05:21:59,522 INFO [training] Saved checkpoint /workspace/Finetune_AgriFair/checkpoints/general-instruct/baseline_dart/seed_42/epoch_0
2026-09-07 05:24:08,530 INFO [artifact_sync] Snapshot pushed: 159 files to branch gpu-run-artifacts.
2026-09-07 05:35:36,447 INFO [training] Saved checkpoint /workspace/Finetune_AgriFair/checkpoints/general-instruct/baseline_dart/seed_42/epoch_1
2026-09-07 05:49:28,955 INFO [training] Saved checkpoint /workspace/Finetune_AgriFair/checkpoints/general-instruct/baseline_dart/seed_42/epoch_2
2026-09-07 05:50:08,204 INFO [dart_baseline] DART audit tier=general-instruct seed=42: 0 drift cases (mild 0, moderate 0, severe 0, extreme 0) -> repair set 0.
2026-09-07 05:50:10,121 INFO [train_baselines] Training baseline tier=general-instruct method=baseline_dart seed=43
2026-09-07 05:50:42,975 INFO [push_models_to_huggingface] Found 110 adapters across 4 tiers.
2026-09-07 05:51:03,476 INFO [push_models_to_huggingface] Staged 19909.8 MB at /tmp/agrifair_hf_upload
2026-09-07 05:51:36,619 INFO [push_models_to_huggingface] Pushed 110 adapters to https://huggingface.co/Debk/AgriFair-GRAFT-adapters (private).
2026-09-07 05:54:11,702 INFO [artifact_sync] Snapshot pushed: 160 files to branch gpu-run-artifacts.
2026-09-07 06:04:40,863 INFO [training] Saved checkpoint /workspace/Finetune_AgriFair/checkpoints/general-instruct/baseline_dart/seed_43/epoch_0
2026-09-07 06:18:22,358 INFO [training] Saved checkpoint /workspace/Finetune_AgriFair/checkpoints/general-instruct/baseline_dart/seed_43/epoch_1
2026-09-07 06:24:14,649 INFO [artifact_sync] Snapshot pushed: 160 files to branch gpu-run-artifacts.
2026-09-07 06:31:50,871 INFO [training] Saved checkpoint /workspace/Finetune_AgriFair/checkpoints/general-instruct/baseline_dart/seed_43/epoch_2
2026-09-07 06:32:29,924 INFO [dart_baseline] DART audit tier=general-instruct seed=43: 1 drift cases (mild 0, moderate 1, severe 0, extreme 0) -> repair set 2.
2026-09-07 06:32:29,925 INFO [training] Repair phase: 2 oversampled repair examples, 1 epochs.
2026-09-07 06:45:01,886 INFO [train_baselines] Training baseline tier=general-instruct method=baseline_dart seed=44
2026-09-07 06:47:12,332 INFO [push_models_to_huggingface] Found 111 adapters across 4 tiers.
2026-09-07 06:47:28,297 INFO [push_models_to_huggingface] Staged 20285.0 MB at /tmp/agrifair_hf_upload
2026-09-07 06:48:06,728 INFO [push_models_to_huggingface] Pushed 111 adapters to https://huggingface.co/Debk/AgriFair-GRAFT-adapters (private).
2026-09-07 06:54:17,685 INFO [artifact_sync] Snapshot pushed: 161 files to branch gpu-run-artifacts.
2026-09-07 06:59:13,851 INFO [training] Saved checkpoint /workspace/Finetune_AgriFair/checkpoints/general-instruct/baseline_dart/seed_44/epoch_0
2026-09-07 07:12:50,227 INFO [training] Saved checkpoint /workspace/Finetune_AgriFair/checkpoints/general-instruct/baseline_dart/seed_44/epoch_1
2026-09-07 07:24:20,870 INFO [artifact_sync] Snapshot pushed: 161 files to branch gpu-run-artifacts.
2026-09-07 07:26:21,264 INFO [training] Saved checkpoint /workspace/Finetune_AgriFair/checkpoints/general-instruct/baseline_dart/seed_44/epoch_2
2026-09-07 07:27:00,538 INFO [dart_baseline] DART audit tier=general-instruct seed=44: 7 drift cases (mild 0, moderate 1, severe 0, extreme 6) -> repair set 26.
2026-09-07 07:27:00,538 INFO [training] Repair phase: 26 oversampled repair examples, 1 epochs.
2026-09-07 07:39:28,433 INFO [train_baselines] Training baseline tier=general-instruct method=baseline_regift seed=42
2026-09-07 07:43:38,078 INFO [push_models_to_huggingface] Found 112 adapters across 4 tiers.
2026-09-07 07:43:52,504 INFO [push_models_to_huggingface] Staged 20660.1 MB at /tmp/agrifair_hf_upload
2026-09-07 07:46:28,242 INFO [push_models_to_huggingface] Pushed 112 adapters to https://huggingface.co/Debk/AgriFair-GRAFT-adapters (private).
2026-09-07 07:53:20,257 INFO [training] Saved checkpoint /workspace/Finetune_AgriFair/checkpoints/general-instruct/baseline_regift/seed_42/epoch_0
2026-09-07 07:54:24,001 INFO [artifact_sync] Snapshot pushed: 162 files to branch gpu-run-artifacts.
2026-09-07 08:06:51,463 INFO [training] Saved checkpoint /workspace/Finetune_AgriFair/checkpoints/general-instruct/baseline_regift/seed_42/epoch_1
2026-09-07 08:20:21,463 INFO [training] Saved checkpoint /workspace/Finetune_AgriFair/checkpoints/general-instruct/baseline_regift/seed_42/epoch_2
2026-09-07 08:20:29,099 WARNING [model_registry] AutoModelForImageTextToText with attn_implementation=eager rejected for google/gemma-3-12b-it (OutOfMemoryError); trying the next option.
2026-09-07 08:20:30,770 WARNING [model_registry] AutoModelForImageTextToText with attn_implementation=sdpa rejected for google/gemma-3-12b-it (OutOfMemoryError); trying the next option.
2026-09-07 08:20:36,102 WARNING [model_registry] AutoModelForCausalLM with attn_implementation=eager rejected for google/gemma-3-12b-it (OutOfMemoryError); trying the next option.
2026-09-07 08:20:37,715 WARNING [model_registry] AutoModelForCausalLM with attn_implementation=sdpa rejected for google/gemma-3-12b-it (OutOfMemoryError); trying the next option.
2026-09-07 08:20:42,369 WARNING [model_registry] AutoModel with attn_implementation=eager rejected for google/gemma-3-12b-it (OutOfMemoryError); trying the next option.
2026-09-07 08:20:43,724 WARNING [model_registry] AutoModel with attn_implementation=sdpa rejected for google/gemma-3-12b-it (OutOfMemoryError); trying the next option.
2026-09-07 08:20:43,724 WARNING [train_baselines] LFTF: could not load general-instruct (CUDA out of memory. Tried to allocate 1.88 GiB. GPU 0 has a total capacity of 39.49 GiB of which 68.56 MiB is free. Including non-PyTorch memory, this process has 39.42 GiB memory in use. Of the allocated memory 38.84 GiB is allocated by PyTorch, and 23.45 MiB is reserved by PyTorch but unallocated. If reserved but unallocated memory is large try setting PYTORCH_CUDA_ALLOC_CONF=expandable_segments:True to avoid fragmentation.  See documentation for Memory Management  (https://pytorch.org/docs/stable/notes/cuda.html#environment-variables)).
2026-09-07 08:20:43,725 INFO [train_baselines] Training baseline tier=general-instruct method=baseline_lftf seed=42
2026-09-07 08:24:27,441 INFO [artifact_sync] Snapshot pushed: 162 files to branch gpu-run-artifacts.
2026-09-07 08:34:43,733 INFO [training] Saved checkpoint /workspace/Finetune_AgriFair/checkpoints/general-instruct/baseline_lftf/seed_42/epoch_0
2026-09-07 08:42:04,870 INFO [push_models_to_huggingface] Found 113 adapters across 4 tiers.
2026-09-07 08:42:20,148 INFO [push_models_to_huggingface] Staged 21035.2 MB at /tmp/agrifair_hf_upload
2026-09-07 08:42:56,329 INFO [push_models_to_huggingface] Pushed 113 adapters to https://huggingface.co/Debk/AgriFair-GRAFT-adapters (private).
2026-09-07 08:48:42,754 INFO [training] Saved checkpoint /workspace/Finetune_AgriFair/checkpoints/general-instruct/baseline_lftf/seed_42/epoch_1
2026-09-07 08:54:30,714 INFO [artifact_sync] Snapshot pushed: 162 files to branch gpu-run-artifacts.
2026-09-07 09:02:33,362 INFO [training] Saved checkpoint /workspace/Finetune_AgriFair/checkpoints/general-instruct/baseline_lftf/seed_42/epoch_2
2026-09-07 09:02:35,160 INFO [train_baselines] Training baseline tier=general-instruct method=reference_vanilla_lora seed=42
2026-09-07 09:17:44,628 INFO [training] Saved checkpoint /workspace/Finetune_AgriFair/checkpoints/general-instruct/reference_vanilla_lora/seed_42/epoch_0
2026-09-07 09:24:33,835 INFO [artifact_sync] Snapshot pushed: 162 files to branch gpu-run-artifacts.
2026-09-07 09:32:37,459 INFO [training] Saved checkpoint /workspace/Finetune_AgriFair/checkpoints/general-instruct/reference_vanilla_lora/seed_42/epoch_1
2026-09-07 09:41:05,294 INFO [push_models_to_huggingface] Found 114 adapters across 4 tiers.
2026-09-07 09:41:22,192 INFO [push_models_to_huggingface] Staged 21410.4 MB at /tmp/agrifair_hf_upload
2026-09-07 09:42:02,019 INFO [push_models_to_huggingface] Pushed 114 adapters to https://huggingface.co/Debk/AgriFair-GRAFT-adapters (private).
2026-09-07 09:46:39,829 INFO [training] Saved checkpoint /workspace/Finetune_AgriFair/checkpoints/general-instruct/reference_vanilla_lora/seed_42/epoch_2
2026-09-07 09:46:40,852 INFO [train_baselines] Training baseline tier=general-instruct method=reference_vanilla_lora seed=43
2026-09-07 09:54:37,236 INFO [artifact_sync] Snapshot pushed: 162 files to branch gpu-run-artifacts.
2026-09-07 10:00:15,411 INFO [training] Saved checkpoint /workspace/Finetune_AgriFair/checkpoints/general-instruct/reference_vanilla_lora/seed_43/epoch_0
2026-09-07 10:13:56,631 INFO [training] Saved checkpoint /workspace/Finetune_AgriFair/checkpoints/general-instruct/reference_vanilla_lora/seed_43/epoch_1
2026-09-07 10:24:40,423 INFO [artifact_sync] Snapshot pushed: 162 files to branch gpu-run-artifacts.
2026-09-07 10:27:31,123 INFO [training] Saved checkpoint /workspace/Finetune_AgriFair/checkpoints/general-instruct/reference_vanilla_lora/seed_43/epoch_2
2026-09-07 10:27:32,158 INFO [train_baselines] Training baseline tier=general-instruct method=reference_vanilla_lora seed=44
2026-09-07 10:37:33,431 INFO [push_models_to_huggingface] Found 116 adapters across 4 tiers.
2026-09-07 10:37:46,603 INFO [push_models_to_huggingface] Staged 21671.8 MB at /tmp/agrifair_hf_upload
2026-09-07 10:38:22,263 INFO [push_models_to_huggingface] Pushed 116 adapters to https://huggingface.co/Debk/AgriFair-GRAFT-adapters (private).
2026-09-07 10:42:35,337 INFO [training] Saved checkpoint /workspace/Finetune_AgriFair/checkpoints/general-instruct/reference_vanilla_lora/seed_44/epoch_0
2026-09-07 10:54:43,496 INFO [artifact_sync] Snapshot pushed: 162 files to branch gpu-run-artifacts.
2026-09-07 10:57:30,117 INFO [training] Saved checkpoint /workspace/Finetune_AgriFair/checkpoints/general-instruct/reference_vanilla_lora/seed_44/epoch_1
2026-09-07 11:12:37,221 INFO [training] Saved checkpoint /workspace/Finetune_AgriFair/checkpoints/general-instruct/reference_vanilla_lora/seed_44/epoch_2
2026-09-07 11:12:38,217 INFO [train_baselines] Training baseline tier=general-instruct method=reference_vanilla_qlora seed=42
2026-09-07 11:24:46,487 INFO [artifact_sync] Snapshot pushed: 162 files to branch gpu-run-artifacts.
2026-09-07 11:30:28,747 INFO [training] Saved checkpoint /workspace/Finetune_AgriFair/checkpoints/general-instruct/reference_vanilla_qlora/seed_42/epoch_0
2026-09-07 11:33:53,421 INFO [push_models_to_huggingface] Found 117 adapters across 4 tiers.
2026-09-07 11:34:09,264 INFO [push_models_to_huggingface] Staged 21802.5 MB at /tmp/agrifair_hf_upload
2026-09-07 11:34:44,902 INFO [push_models_to_huggingface] Pushed 117 adapters to https://huggingface.co/Debk/AgriFair-GRAFT-adapters (private).
2026-09-07 11:49:06,628 INFO [training] Saved checkpoint /workspace/Finetune_AgriFair/checkpoints/general-instruct/reference_vanilla_qlora/seed_42/epoch_1
2026-09-07 11:54:49,537 INFO [artifact_sync] Snapshot pushed: 162 files to branch gpu-run-artifacts.
2026-09-07 12:06:03,528 INFO [training] Saved checkpoint /workspace/Finetune_AgriFair/checkpoints/general-instruct/reference_vanilla_qlora/seed_42/epoch_2
2026-09-07 12:06:35,804 INFO [train_baselines] Wrote FairSteer steering vector for general-instruct (layer 24, dim=3840).
2026-09-07 12:06:35,880 INFO [train_baselines] Baseline budgets for general-instruct-2 are reported, not asserted; see trainable_parameter_percentage in the results tables.
2026-09-07 12:06:35,883 INFO [train_baselines] Training baseline tier=general-instruct-2 method=baseline_fairnet seed=42
2026-09-07 12:06:49,435 WARNING [model_registry] AutoModelForCausalLM with attn_implementation=flash_attention_2 rejected for mistralai/Ministral-8B-Instruct-2410 (OutOfMemoryError); trying the next option.
2026-09-07 12:06:57,507 WARNING [model_registry] AutoModelForCausalLM with attn_implementation=sdpa rejected for mistralai/Ministral-8B-Instruct-2410 (OutOfMemoryError); trying the next option.
2026-09-07 12:07:07,638 WARNING [model_registry] AutoModelForCausalLM with attn_implementation=eager rejected for mistralai/Ministral-8B-Instruct-2410 (OutOfMemoryError); trying the next option.
2026-09-07 12:07:08,034 WARNING [model_registry] AutoModelForImageTextToText with attn_implementation=flash_attention_2 rejected for mistralai/Ministral-8B-Instruct-2410 (ValueError); trying the next option.
2026-09-07 12:07:08,036 WARNING [model_registry] AutoModelForImageTextToText with attn_implementation=sdpa rejected for mistralai/Ministral-8B-Instruct-2410 (ValueError); trying the next option.
2026-09-07 12:07:08,037 WARNING [model_registry] AutoModelForImageTextToText with attn_implementation=eager rejected for mistralai/Ministral-8B-Instruct-2410 (ValueError); trying the next option.
2026-09-07 12:07:18,179 WARNING [model_registry] AutoModel with attn_implementation=flash_attention_2 rejected for mistralai/Ministral-8B-Instruct-2410 (OutOfMemoryError); trying the next option.
2026-09-07 12:07:25,786 WARNING [model_registry] AutoModel with attn_implementation=sdpa rejected for mistralai/Ministral-8B-Instruct-2410 (OutOfMemoryError); trying the next option.
2026-09-07 12:07:35,294 WARNING [model_registry] AutoModel with attn_implementation=eager rejected for mistralai/Ministral-8B-Instruct-2410 (OutOfMemoryError); trying the next option.
2026-09-07 12:07:35,294 ERROR [train_baselines] Baseline failed (tier=general-instruct-2 method=baseline_fairnet seed=42): CUDA out of memory. Tried to allocate 96.00 MiB. GPU 0 has a total capacity of 39.49 GiB of which 82.56 MiB is free. Including non-PyTorch memory, this process has 39.41 GiB memory in use. Of the allocated memory 38.69 GiB is allocated by PyTorch, and 164.76 MiB is reserved by PyTorch but unallocated. If reserved but unallocated memory is large try setting PYTORCH_CUDA_ALLOC_CONF=expandable_segments:True to avoid fragmentation.  See documentation for Memory Management  (https://pytorch.org/docs/stable/notes/cuda.html#environment-variables)
2026-09-07 12:07:36,548 INFO [train_baselines] Training baseline tier=general-instruct-2 method=baseline_fairnet seed=43
2026-09-07 12:12:37,205 INFO [training] Saved checkpoint /workspace/Finetune_AgriFair/checkpoints/general-instruct-2/baseline_fairnet/seed_43/epoch_0
2026-09-07 12:17:22,709 INFO [training] Saved checkpoint /workspace/Finetune_AgriFair/checkpoints/general-instruct-2/baseline_fairnet/seed_43/epoch_1
2026-09-07 12:22:26,597 INFO [training] Saved checkpoint /workspace/Finetune_AgriFair/checkpoints/general-instruct-2/baseline_fairnet/seed_43/epoch_2
2026-09-07 12:22:28,933 INFO [train_baselines] Training baseline tier=general-instruct-2 method=baseline_fairnet seed=44
2026-09-07 12:24:52,611 INFO [artifact_sync] Snapshot pushed: 163 files to branch gpu-run-artifacts.
2026-09-07 12:27:46,511 INFO [training] Saved checkpoint /workspace/Finetune_AgriFair/checkpoints/general-instruct-2/baseline_fairnet/seed_44/epoch_0
2026-09-07 12:30:17,114 INFO [push_models_to_huggingface] Found 119 adapters across 4 tiers.
2026-09-07 12:30:31,285 INFO [push_models_to_huggingface] Staged 22149.2 MB at /tmp/agrifair_hf_upload
2026-09-07 12:31:07,454 INFO [push_models_to_huggingface] Pushed 119 adapters to https://huggingface.co/Debk/AgriFair-GRAFT-adapters (private).
2026-09-07 12:32:52,573 INFO [training] Saved checkpoint /workspace/Finetune_AgriFair/checkpoints/general-instruct-2/baseline_fairnet/seed_44/epoch_1
2026-09-07 12:37:52,186 INFO [training] Saved checkpoint /workspace/Finetune_AgriFair/checkpoints/general-instruct-2/baseline_fairnet/seed_44/epoch_2
2026-09-07 12:37:53,905 INFO [train_baselines] Training baseline tier=general-instruct-2 method=baseline_igu_lora seed=42
2026-09-07 12:41:44,562 INFO [training] Saved checkpoint /workspace/Finetune_AgriFair/checkpoints/general-instruct-2/baseline_igu_lora/seed_42/epoch_0
2026-09-07 12:45:26,859 INFO [training] Saved checkpoint /workspace/Finetune_AgriFair/checkpoints/general-instruct-2/baseline_igu_lora/seed_42/epoch_1
2026-09-07 12:49:15,379 INFO [training] Saved checkpoint /workspace/Finetune_AgriFair/checkpoints/general-instruct-2/baseline_igu_lora/seed_42/epoch_2
2026-09-07 12:49:16,618 INFO [train_baselines] Training baseline tier=general-instruct-2 method=baseline_pedal seed=42
2026-09-07 12:54:33,785 INFO [training] Saved checkpoint /workspace/Finetune_AgriFair/checkpoints/general-instruct-2/baseline_pedal/seed_42/epoch_0
2026-09-07 12:54:55,860 INFO [artifact_sync] Snapshot pushed: 163 files to branch gpu-run-artifacts.
2026-09-07 12:59:37,769 INFO [training] Saved checkpoint /workspace/Finetune_AgriFair/checkpoints/general-instruct-2/baseline_pedal/seed_42/epoch_1
2026-09-07 13:04:37,369 INFO [training] Saved checkpoint /workspace/Finetune_AgriFair/checkpoints/general-instruct-2/baseline_pedal/seed_42/epoch_2
2026-09-07 13:04:38,948 INFO [train_baselines] Training baseline tier=general-instruct-2 method=baseline_dart seed=42
2026-09-07 13:10:08,671 INFO [training] Saved checkpoint /workspace/Finetune_AgriFair/checkpoints/general-instruct-2/baseline_dart/seed_42/epoch_0
2026-09-07 13:15:13,184 INFO [training] Saved checkpoint /workspace/Finetune_AgriFair/checkpoints/general-instruct-2/baseline_dart/seed_42/epoch_1
2026-09-07 13:20:16,879 INFO [training] Saved checkpoint /workspace/Finetune_AgriFair/checkpoints/general-instruct-2/baseline_dart/seed_42/epoch_2
2026-09-07 13:22:37,227 INFO [dart_baseline] DART audit tier=general-instruct-2 seed=42: 5 drift cases (mild 0, moderate 1, severe 4, extreme 0) -> repair set 14.
2026-09-07 13:22:37,227 INFO [training] Repair phase: 14 oversampled repair examples, 1 epochs.
2026-09-07 13:24:58,890 INFO [artifact_sync] Snapshot pushed: 164 files to branch gpu-run-artifacts.
2026-09-07 13:27:11,517 INFO [train_baselines] Training baseline tier=general-instruct-2 method=baseline_dart seed=43
2026-09-07 13:27:48,949 INFO [push_models_to_huggingface] Found 123 adapters across 4 tiers.
2026-09-07 13:28:02,328 INFO [push_models_to_huggingface] Staged 23013.4 MB at /tmp/agrifair_hf_upload
2026-09-07 13:28:45,161 INFO [push_models_to_huggingface] Pushed 123 adapters to https://huggingface.co/Debk/AgriFair-GRAFT-adapters (private).
2026-09-07 13:32:39,186 INFO [training] Saved checkpoint /workspace/Finetune_AgriFair/checkpoints/general-instruct-2/baseline_dart/seed_43/epoch_0
2026-09-07 13:37:39,886 INFO [training] Saved checkpoint /workspace/Finetune_AgriFair/checkpoints/general-instruct-2/baseline_dart/seed_43/epoch_1
2026-09-07 13:42:40,049 INFO [training] Saved checkpoint /workspace/Finetune_AgriFair/checkpoints/general-instruct-2/baseline_dart/seed_43/epoch_2
2026-09-07 13:44:55,075 INFO [dart_baseline] DART audit tier=general-instruct-2 seed=43: 12 drift cases (mild 0, moderate 1, severe 10, extreme 1) -> repair set 36.
2026-09-07 13:44:55,075 INFO [training] Repair phase: 36 oversampled repair examples, 1 epochs.
2026-09-07 13:49:33,910 INFO [train_baselines] Training baseline tier=general-instruct-2 method=baseline_dart seed=44
2026-09-07 13:54:54,080 INFO [training] Saved checkpoint /workspace/Finetune_AgriFair/checkpoints/general-instruct-2/baseline_dart/seed_44/epoch_0
2026-09-07 13:55:01,922 INFO [artifact_sync] Snapshot pushed: 165 files to branch gpu-run-artifacts.
2026-09-07 13:59:53,155 INFO [training] Saved checkpoint /workspace/Finetune_AgriFair/checkpoints/general-instruct-2/baseline_dart/seed_44/epoch_1
2026-09-07 14:04:54,968 INFO [training] Saved checkpoint /workspace/Finetune_AgriFair/checkpoints/general-instruct-2/baseline_dart/seed_44/epoch_2
2026-09-07 14:05:21,748 INFO [dart_baseline] DART audit tier=general-instruct-2 seed=44: 28 drift cases (mild 0, moderate 7, severe 9, extreme 12) -> repair set 89.
2026-09-07 14:05:21,748 INFO [training] Repair phase: 89 oversampled repair examples, 1 epochs.
2026-09-07 14:10:14,346 INFO [train_baselines] Training baseline tier=general-instruct-2 method=baseline_regift seed=42
2026-09-07 14:15:23,477 INFO [training] Saved checkpoint /workspace/Finetune_AgriFair/checkpoints/general-instruct-2/baseline_regift/seed_42/epoch_0
2026-09-07 14:20:20,583 INFO [training] Saved checkpoint /workspace/Finetune_AgriFair/checkpoints/general-instruct-2/baseline_regift/seed_42/epoch_1
2026-09-07 14:24:16,746 INFO [push_models_to_huggingface] Found 125 adapters across 4 tiers.
2026-09-07 14:24:30,444 INFO [push_models_to_huggingface] Staged 23445.6 MB at /tmp/agrifair_hf_upload
2026-09-07 14:25:03,280 INFO [push_models_to_huggingface] Pushed 125 adapters to https://huggingface.co/Debk/AgriFair-GRAFT-adapters (private).
2026-09-07 14:25:05,332 INFO [artifact_sync] Snapshot pushed: 166 files to branch gpu-run-artifacts.
2026-09-07 14:25:20,856 INFO [training] Saved checkpoint /workspace/Finetune_AgriFair/checkpoints/general-instruct-2/baseline_regift/seed_42/epoch_2
2026-09-07 14:25:34,022 INFO [train_baselines] LFTF located 1/36 blocks for general-instruct-2.
2026-09-07 14:25:34,049 INFO [train_baselines] Training baseline tier=general-instruct-2 method=baseline_lftf seed=42
2026-09-07 14:28:00,454 INFO [training] Saved checkpoint /workspace/Finetune_AgriFair/checkpoints/general-instruct-2/baseline_lftf/seed_42/epoch_0
2026-09-07 14:30:21,611 INFO [training] Saved checkpoint /workspace/Finetune_AgriFair/checkpoints/general-instruct-2/baseline_lftf/seed_42/epoch_1
2026-09-07 14:32:41,410 INFO [training] Saved checkpoint /workspace/Finetune_AgriFair/checkpoints/general-instruct-2/baseline_lftf/seed_42/epoch_2
2026-09-07 14:32:41,863 INFO [train_baselines] Training baseline tier=general-instruct-2 method=reference_vanilla_lora seed=42
2026-09-07 14:37:33,092 INFO [training] Saved checkpoint /workspace/Finetune_AgriFair/checkpoints/general-instruct-2/reference_vanilla_lora/seed_42/epoch_0
2026-09-07 14:42:14,984 INFO [training] Saved checkpoint /workspace/Finetune_AgriFair/checkpoints/general-instruct-2/reference_vanilla_lora/seed_42/epoch_1
2026-09-07 14:47:01,580 INFO [training] Saved checkpoint /workspace/Finetune_AgriFair/checkpoints/general-instruct-2/reference_vanilla_lora/seed_42/epoch_2
2026-09-07 14:47:02,415 INFO [train_baselines] Training baseline tier=general-instruct-2 method=reference_vanilla_lora seed=43
2026-09-07 14:51:52,889 INFO [training] Saved checkpoint /workspace/Finetune_AgriFair/checkpoints/general-instruct-2/reference_vanilla_lora/seed_43/epoch_0
2026-09-07 14:55:08,430 INFO [artifact_sync] Snapshot pushed: 167 files to branch gpu-run-artifacts.
2026-09-07 14:56:34,697 INFO [training] Saved checkpoint /workspace/Finetune_AgriFair/checkpoints/general-instruct-2/reference_vanilla_lora/seed_43/epoch_1
2026-09-07 15:01:22,297 INFO [training] Saved checkpoint /workspace/Finetune_AgriFair/checkpoints/general-instruct-2/reference_vanilla_lora/seed_43/epoch_2
2026-09-07 15:01:23,111 INFO [train_baselines] Training baseline tier=general-instruct-2 method=reference_vanilla_lora seed=44
2026-09-07 15:06:14,786 INFO [training] Saved checkpoint /workspace/Finetune_AgriFair/checkpoints/general-instruct-2/reference_vanilla_lora/seed_44/epoch_0
2026-09-07 15:11:02,382 INFO [training] Saved checkpoint /workspace/Finetune_AgriFair/checkpoints/general-instruct-2/reference_vanilla_lora/seed_44/epoch_1
2026-09-07 15:15:55,692 INFO [training] Saved checkpoint /workspace/Finetune_AgriFair/checkpoints/general-instruct-2/reference_vanilla_lora/seed_44/epoch_2
2026-09-07 15:15:56,604 INFO [train_baselines] Training baseline tier=general-instruct-2 method=reference_vanilla_qlora seed=42
2026-09-07 15:20:34,919 INFO [push_models_to_huggingface] Found 130 adapters across 4 tiers.
2026-09-07 15:20:50,969 INFO [push_models_to_huggingface] Staged 23930.1 MB at /tmp/agrifair_hf_upload
2026-09-07 15:22:29,586 INFO [training] Saved checkpoint /workspace/Finetune_AgriFair/checkpoints/general-instruct-2/reference_vanilla_qlora/seed_42/epoch_0
2026-09-07 15:23:32,714 INFO [push_models_to_huggingface] Pushed 130 adapters to https://huggingface.co/Debk/AgriFair-GRAFT-adapters (private).
2026-09-07 15:25:11,448 INFO [artifact_sync] Snapshot pushed: 167 files to branch gpu-run-artifacts.
2026-09-07 15:28:58,385 INFO [training] Saved checkpoint /workspace/Finetune_AgriFair/checkpoints/general-instruct-2/reference_vanilla_qlora/seed_42/epoch_1
2026-09-07 15:35:27,181 INFO [training] Saved checkpoint /workspace/Finetune_AgriFair/checkpoints/general-instruct-2/reference_vanilla_qlora/seed_42/epoch_2
2026-09-07 15:35:40,627 INFO [train_baselines] Wrote FairSteer steering vector for general-instruct-2 (layer 18, dim=4096).
2026-09-07 15:35:40,692 INFO [run_all] --- train_baselines done in 63142.4 s ---
2026-09-07 15:35:40,693 INFO [run_all] === evaluate_all ===
2026-09-07 15:43:34,981 INFO [evaluate_all] Evaluated tier=small-instruct method=frozen_base seed=42 balanced_awareness=0.386 erasure=0.437 fabrication=0.503
2026-09-07 15:52:20,082 INFO [evaluate_all] Evaluated tier=small-instruct method=ablation_no_condition_adaptive seed=42 balanced_awareness=0.941 erasure=0.003 fabrication=0.087
2026-09-07 15:54:08,399 INFO [evaluate_all] Evaluated tier=small-instruct method=ablation_no_rationale_loss seed=42 balanced_awareness=0.941 erasure=0.030 fabrication=0.040
2026-09-07 15:55:14,471 INFO [artifact_sync] Snapshot pushed: 179 files to branch gpu-run-artifacts.
2026-09-07 16:03:52,493 INFO [evaluate_all] Evaluated tier=small-instruct method=ablation_placement_random seed=42 balanced_awareness=0.959 erasure=0.005 fabrication=0.056
2026-09-07 16:12:51,805 INFO [evaluate_all] Evaluated tier=small-instruct method=ablation_placement_random_draw2 seed=42 balanced_awareness=0.953 erasure=0.011 fabrication=0.061
2026-09-07 16:19:07,216 INFO [push_models_to_huggingface] Found 131 adapters across 4 tiers.
2026-09-07 16:19:23,243 INFO [push_models_to_huggingface] Staged 24013.4 MB at /tmp/agrifair_hf_upload
2026-09-07 16:19:59,191 INFO [push_models_to_huggingface] Pushed 131 adapters to https://huggingface.co/Debk/AgriFair-GRAFT-adapters (private).
2026-09-07 16:21:46,980 INFO [evaluate_all] Evaluated tier=small-instruct method=ablation_placement_random_draw3 seed=42 balanced_awareness=0.953 erasure=0.011 fabrication=0.061
2026-09-07 16:25:17,507 INFO [artifact_sync] Snapshot pushed: 188 files to branch gpu-run-artifacts.
2026-09-07 16:32:54,662 INFO [evaluate_all] Evaluated tier=small-instruct method=ablation_placement_uniform seed=42 balanced_awareness=0.947 erasure=0.008 fabrication=0.061
2026-09-07 16:41:46,867 INFO [evaluate_all] Evaluated tier=small-instruct method=ablation_rank_sweep_16 seed=42 balanced_awareness=0.948 erasure=0.005 fabrication=0.077
2026-09-07 16:50:38,024 INFO [evaluate_all] Evaluated tier=small-instruct method=ablation_rank_sweep_32 seed=42 balanced_awareness=0.933 erasure=0.011 fabrication=0.071
2026-09-07 16:55:20,409 INFO [artifact_sync] Snapshot pushed: 197 files to branch gpu-run-artifacts.
2026-09-07 16:59:23,504 INFO [evaluate_all] Evaluated tier=small-instruct method=ablation_rank_sweep_8 seed=42 balanced_awareness=0.945 erasure=0.038 fabrication=0.050
2026-09-07 17:10:32,046 INFO [evaluate_all] Evaluated tier=small-instruct method=baseline_dart seed=42 balanced_awareness=0.938 erasure=0.000 fabrication=0.082
2026-09-07 17:21:31,972 INFO [evaluate_all] Evaluated tier=small-instruct method=baseline_dart seed=43 balanced_awareness=0.943 erasure=0.019 fabrication=0.053
2026-09-07 17:25:23,538 INFO [artifact_sync] Snapshot pushed: 206 files to branch gpu-run-artifacts.
2026-09-07 17:32:36,334 INFO [evaluate_all] Evaluated tier=small-instruct method=baseline_dart seed=44 balanced_awareness=0.944 erasure=0.067 fabrication=0.029
2026-09-07 17:34:54,301 INFO [evaluate_all] Evaluated tier=small-instruct method=baseline_fairnet seed=42 balanced_awareness=0.935 erasure=0.013 fabrication=0.061
2026-09-07 17:37:11,395 INFO [evaluate_all] Evaluated tier=small-instruct method=baseline_fairnet seed=43 balanced_awareness=0.951 erasure=0.011 fabrication=0.063
2026-09-07 17:39:26,868 INFO [evaluate_all] Evaluated tier=small-instruct method=baseline_fairnet seed=44 balanced_awareness=0.937 erasure=0.046 fabrication=0.058
2026-09-07 17:41:15,823 INFO [evaluate_all] Evaluated tier=small-instruct method=baseline_igu_lora seed=42 balanced_awareness=0.932 erasure=0.013 fabrication=0.074
2026-09-07 17:42:53,532 INFO [evaluate_all] Evaluated tier=small-instruct method=baseline_lftf seed=42 balanced_awareness=0.880 erasure=0.084 fabrication=0.090
2026-09-07 17:45:09,184 INFO [evaluate_all] Evaluated tier=small-instruct method=baseline_pedal seed=42 balanced_awareness=0.940 erasure=0.003 fabrication=0.074
2026-09-07 17:55:26,746 INFO [artifact_sync] Snapshot pushed: 228 files to branch gpu-run-artifacts.
2026-09-07 17:57:02,925 INFO [evaluate_all] Evaluated tier=small-instruct method=baseline_regift seed=42 balanced_awareness=0.941 erasure=0.011 fabrication=0.063
2026-09-07 18:05:43,833 INFO [evaluate_all] Evaluated tier=small-instruct method=graft_proposed seed=42 balanced_awareness=0.933 erasure=0.019 fabrication=0.063
2026-09-07 18:14:22,391 INFO [evaluate_all] Evaluated tier=small-instruct method=graft_proposed seed=43 balanced_awareness=0.951 erasure=0.005 fabrication=0.058
2026-09-07 18:23:12,420 INFO [evaluate_all] Evaluated tier=small-instruct method=graft_proposed seed=44 balanced_awareness=0.953 erasure=0.022 fabrication=0.058
2026-09-07 18:24:34,041 INFO [evaluate_all] Evaluated tier=small-instruct method=graft_proposed_loao_gender seed=42 balanced_awareness=0.182 erasure=0.900 fabrication=0.000
2026-09-07 18:25:29,984 INFO [artifact_sync] Snapshot pushed: 240 files to branch gpu-run-artifacts.
2026-09-07 18:28:22,342 INFO [evaluate_all] Evaluated tier=small-instruct method=graft_proposed_loao_landholding seed=42 balanced_awareness=0.499 erasure=0.000 fabrication=0.359
2026-09-07 18:32:43,720 INFO [evaluate_all] Evaluated tier=small-instruct method=graft_proposed_loao_social_group seed=42 balanced_awareness=0.130 erasure=0.390 fabrication=0.099
2026-09-07 18:43:10,026 INFO [evaluate_all] Evaluated tier=small-instruct method=graft_proposed_qlora_nf4 seed=42 balanced_awareness=0.949 erasure=0.008 fabrication=0.061
2026-09-07 18:45:28,833 INFO [evaluate_all] Evaluated tier=small-instruct method=reference_vanilla_lora seed=42 balanced_awareness=0.951 erasure=0.003 fabrication=0.058
2026-09-07 18:47:44,832 INFO [evaluate_all] Evaluated tier=small-instruct method=reference_vanilla_lora seed=43 balanced_awareness=0.941 erasure=0.051 fabrication=0.050
2026-09-07 18:49:59,882 INFO [evaluate_all] Evaluated tier=small-instruct method=reference_vanilla_lora seed=44 balanced_awareness=0.853 erasure=0.199 fabrication=0.050
2026-09-07 18:50:44,983 INFO [evaluate_all] Evaluated tier=small-instruct method=reference_vanilla_lora_loao_gender seed=42 balanced_awareness=0.000 erasure=0.950 fabrication=0.000
2026-09-07 18:51:45,608 INFO [evaluate_all] Evaluated tier=small-instruct method=reference_vanilla_lora_loao_landholding seed=42 balanced_awareness=0.551 erasure=0.000 fabrication=0.372
2026-09-07 18:52:48,864 INFO [evaluate_all] Evaluated tier=small-instruct method=reference_vanilla_lora_loao_social_group seed=42 balanced_awareness=0.140 erasure=0.797 fabrication=0.005
2026-09-07 18:55:27,496 INFO [evaluate_all] Evaluated tier=small-instruct method=reference_vanilla_qlora seed=42 balanced_awareness=0.948 erasure=0.013 fabrication=0.061
2026-09-07 18:55:33,089 INFO [artifact_sync] Snapshot pushed: 260 files to branch gpu-run-artifacts.
2026-09-07 18:56:44,074 INFO [evaluate_all] Evaluated tier=small-instruct method=baseline_fairsteer seed=42 balanced_awareness=0.376 erasure=0.356 fabrication=0.614
2026-09-07 19:05:34,454 INFO [evaluate_all] Evaluated tier=broad-instruct method=frozen_base seed=42 balanced_awareness=0.343 erasure=0.051 fabrication=0.780
2026-09-07 19:19:00,855 INFO [evaluate_all] Evaluated tier=broad-instruct method=ablation_no_condition_adaptive seed=42 balanced_awareness=0.937 erasure=0.000 fabrication=0.082
2026-09-07 19:21:42,870 INFO [evaluate_all] Evaluated tier=broad-instruct method=ablation_no_rationale_loss seed=42 balanced_awareness=0.911 erasure=0.003 fabrication=0.132
2026-09-07 19:25:36,573 INFO [artifact_sync] Snapshot pushed: 272 files to branch gpu-run-artifacts.
2026-09-07 19:38:21,974 INFO [evaluate_all] Evaluated tier=broad-instruct method=ablation_placement_random seed=42 balanced_awareness=0.952 erasure=0.003 fabrication=0.063
2026-09-07 19:52:19,218 INFO [evaluate_all] Evaluated tier=broad-instruct method=ablation_placement_random_draw2 seed=42 balanced_awareness=0.945 erasure=0.013 fabrication=0.063
2026-09-07 19:55:40,234 INFO [artifact_sync] Snapshot pushed: 278 files to branch gpu-run-artifacts.
2026-09-07 20:07:09,326 INFO [evaluate_all] Evaluated tier=broad-instruct method=ablation_placement_random_draw3 seed=42 balanced_awareness=0.938 erasure=0.005 fabrication=0.077
2026-09-07 20:23:42,227 INFO [evaluate_all] Evaluated tier=broad-instruct method=ablation_placement_uniform seed=42 balanced_awareness=0.920 erasure=0.000 fabrication=0.111
2026-09-07 20:25:43,740 INFO [artifact_sync] Snapshot pushed: 284 files to branch gpu-run-artifacts.
2026-09-07 20:37:47,511 INFO [evaluate_all] Evaluated tier=broad-instruct method=ablation_rank_sweep_16 seed=42 balanced_awareness=0.940 erasure=0.000 fabrication=0.093
2026-09-07 20:50:46,860 INFO [evaluate_all] Evaluated tier=broad-instruct method=ablation_rank_sweep_32 seed=42 balanced_awareness=0.927 erasure=0.005 fabrication=0.108
2026-09-07 20:55:47,328 INFO [artifact_sync] Snapshot pushed: 290 files to branch gpu-run-artifacts.
2026-09-07 21:03:37,432 INFO [evaluate_all] Evaluated tier=broad-instruct method=ablation_rank_sweep_8 seed=42 balanced_awareness=0.940 erasure=0.000 fabrication=0.095
2026-09-07 21:18:39,784 INFO [evaluate_all] Evaluated tier=broad-instruct method=baseline_dart seed=42 balanced_awareness=0.933 erasure=0.011 fabrication=0.079
2026-09-07 21:25:50,950 INFO [artifact_sync] Snapshot pushed: 296 files to branch gpu-run-artifacts.
2026-09-07 21:33:44,805 INFO [evaluate_all] Evaluated tier=broad-instruct method=baseline_dart seed=43 balanced_awareness=0.936 erasure=0.040 fabrication=0.050
2026-09-07 21:49:09,542 INFO [evaluate_all] Evaluated tier=broad-instruct method=baseline_dart seed=44 balanced_awareness=0.944 erasure=0.013 fabrication=0.061
2026-09-07 21:52:11,086 INFO [evaluate_all] Evaluated tier=broad-instruct method=baseline_fairnet seed=42 balanced_awareness=0.925 erasure=0.024 fabrication=0.103
2026-09-07 21:55:12,217 INFO [evaluate_all] Evaluated tier=broad-instruct method=baseline_fairnet seed=43 balanced_awareness=0.913 erasure=0.065 fabrication=0.058
2026-09-07 21:55:54,426 INFO [artifact_sync] Snapshot pushed: 308 files to branch gpu-run-artifacts.
2026-09-07 21:58:13,179 INFO [evaluate_all] Evaluated tier=broad-instruct method=baseline_fairnet seed=44 balanced_awareness=0.903 erasure=0.008 fabrication=0.127
2026-09-07 22:00:50,252 INFO [evaluate_all] Evaluated tier=broad-instruct method=baseline_igu_lora seed=42 balanced_awareness=0.951 erasure=0.019 fabrication=0.050
2026-09-07 22:03:09,466 INFO [evaluate_all] Evaluated tier=broad-instruct method=baseline_lftf seed=42 balanced_awareness=0.924 erasure=0.049 fabrication=0.066
2026-09-07 22:06:11,412 INFO [evaluate_all] Evaluated tier=broad-instruct method=baseline_pedal seed=42 balanced_awareness=0.929 erasure=0.013 fabrication=0.098
2026-09-07 22:21:06,393 INFO [evaluate_all] Evaluated tier=broad-instruct method=baseline_regift seed=42 balanced_awareness=0.955 erasure=0.008 fabrication=0.058
2026-09-07 22:25:57,958 INFO [artifact_sync] Snapshot pushed: 323 files to branch gpu-run-artifacts.
2026-09-07 22:34:04,846 INFO [evaluate_all] Evaluated tier=broad-instruct method=graft_proposed seed=42 balanced_awareness=0.937 erasure=0.008 fabrication=0.074
2026-09-07 22:47:04,613 INFO [evaluate_all] Evaluated tier=broad-instruct method=graft_proposed seed=43 balanced_awareness=0.958 erasure=0.003 fabrication=0.058
2026-09-07 22:56:01,762 INFO [artifact_sync] Snapshot pushed: 329 files to branch gpu-run-artifacts.
2026-09-07 23:00:12,815 INFO [evaluate_all] Evaluated tier=broad-instruct method=graft_proposed seed=44 balanced_awareness=0.911 erasure=0.000 fabrication=0.138
2026-09-07 23:02:15,131 INFO [evaluate_all] Evaluated tier=broad-instruct method=graft_proposed_loao_gender seed=42 balanced_awareness=0.333 erasure=0.725 fabrication=0.000
2026-09-07 23:10:14,191 INFO [evaluate_all] Evaluated tier=broad-instruct method=graft_proposed_loao_landholding seed=42 balanced_awareness=0.551 erasure=0.000 fabrication=0.417
2026-09-07 23:17:03,503 INFO [evaluate_all] Evaluated tier=broad-instruct method=graft_proposed_loao_social_group seed=42 balanced_awareness=0.012 erasure=0.948 fabrication=0.021
2026-09-07 23:26:05,586 INFO [artifact_sync] Snapshot pushed: 335 files to branch gpu-run-artifacts.
2026-09-07 23:41:23,985 INFO [evaluate_all] Evaluated tier=broad-instruct method=graft_proposed_qlora_nf4 seed=42 balanced_awareness=0.911 erasure=0.003 fabrication=0.095
2026-09-07 23:45:41,659 INFO [evaluate_all] Evaluated tier=broad-instruct method=reference_vanilla_lora seed=42 balanced_awareness=0.936 erasure=0.011 fabrication=0.079
2026-09-07 23:49:22,724 INFO [evaluate_all] Evaluated tier=broad-instruct method=reference_vanilla_lora seed=43 balanced_awareness=0.949 erasure=0.008 fabrication=0.056
2026-09-07 23:52:44,966 INFO [evaluate_all] Evaluated tier=broad-instruct method=reference_vanilla_lora seed=44 balanced_awareness=0.919 erasure=0.040 fabrication=0.093
2026-09-07 23:53:52,256 INFO [evaluate_all] Evaluated tier=broad-instruct method=reference_vanilla_lora_loao_gender seed=42 balanced_awareness=0.049 erasure=0.800 fabrication=0.000
2026-09-07 23:55:27,138 INFO [evaluate_all] Evaluated tier=broad-instruct method=reference_vanilla_lora_loao_landholding seed=42 balanced_awareness=0.617 erasure=0.050 fabrication=0.462
2026-09-07 23:56:11,560 INFO [artifact_sync] Snapshot pushed: 349 files to branch gpu-run-artifacts.
2026-09-07 23:56:57,140 INFO [evaluate_all] Evaluated tier=broad-instruct method=reference_vanilla_lora_loao_social_group seed=42 balanced_awareness=0.012 erasure=0.994 fabrication=0.000
2026-09-08 00:00:28,562 INFO [evaluate_all] Evaluated tier=broad-instruct method=reference_vanilla_qlora seed=42 balanced_awareness=0.949 erasure=0.003 fabrication=0.069
2026-09-08 00:02:16,554 INFO [evaluate_all] Evaluated tier=broad-instruct method=baseline_fairsteer seed=42 balanced_awareness=0.011 erasure=0.000 fabrication=0.995
2026-09-08 00:14:07,233 INFO [evaluate_all] Evaluated tier=general-instruct method=frozen_base seed=42 balanced_awareness=0.245 erasure=0.032 fabrication=0.854
2026-09-08 00:26:15,549 INFO [artifact_sync] Snapshot pushed: 359 files to branch gpu-run-artifacts.
2026-09-08 00:40:58,218 INFO [evaluate_all] Evaluated tier=general-instruct method=ablation_no_condition_adaptive seed=42 balanced_awareness=0.936 erasure=0.024 fabrication=0.069
2026-09-08 00:45:56,833 INFO [evaluate_all] Evaluated tier=general-instruct method=ablation_no_rationale_loss seed=42 balanced_awareness=0.932 erasure=0.013 fabrication=0.082
2026-09-08 00:56:19,492 INFO [artifact_sync] Snapshot pushed: 365 files to branch gpu-run-artifacts.
2026-09-08 01:07:46,048 INFO [evaluate_all] Evaluated tier=general-instruct method=ablation_placement_random seed=42 balanced_awareness=0.933 erasure=0.016 fabrication=0.063
2026-09-08 01:26:22,147 INFO [evaluate_all] Evaluated tier=general-instruct method=ablation_placement_random_draw2 seed=42 balanced_awareness=0.946 erasure=0.000 fabrication=0.079
2026-09-08 01:26:23,335 INFO [artifact_sync] Snapshot pushed: 371 files to branch gpu-run-artifacts.
2026-09-08 01:44:34,472 INFO [evaluate_all] Evaluated tier=general-instruct method=ablation_placement_random_draw3 seed=42 balanced_awareness=0.936 erasure=0.005 fabrication=0.098
2026-09-08 01:56:27,220 INFO [artifact_sync] Snapshot pushed: 374 files to branch gpu-run-artifacts.
2026-09-08 02:06:37,604 INFO [evaluate_all] Evaluated tier=general-instruct method=ablation_placement_uniform seed=42 balanced_awareness=0.936 erasure=0.000 fabrication=0.085
2026-09-08 02:26:01,548 INFO [evaluate_all] Evaluated tier=general-instruct method=ablation_rank_sweep_16 seed=42 balanced_awareness=0.948 erasure=0.013 fabrication=0.063
2026-09-08 02:26:31,199 INFO [artifact_sync] Snapshot pushed: 380 files to branch gpu-run-artifacts.
2026-09-08 02:43:52,543 INFO [evaluate_all] Evaluated tier=general-instruct method=ablation_rank_sweep_32 seed=42 balanced_awareness=0.894 erasure=0.013 fabrication=0.127
2026-09-08 02:56:35,262 INFO [artifact_sync] Snapshot pushed: 383 files to branch gpu-run-artifacts.
2026-09-08 03:02:40,330 INFO [evaluate_all] Evaluated tier=general-instruct method=ablation_rank_sweep_8 seed=42 balanced_awareness=0.952 erasure=0.016 fabrication=0.066
2026-09-08 03:25:48,806 INFO [evaluate_all] Evaluated tier=general-instruct method=baseline_dart seed=42 balanced_awareness=0.934 erasure=0.030 fabrication=0.058
2026-09-08 03:26:39,356 INFO [artifact_sync] Snapshot pushed: 389 files to branch gpu-run-artifacts.
2026-09-08 03:48:40,813 INFO [evaluate_all] Evaluated tier=general-instruct method=baseline_dart seed=43 balanced_awareness=0.950 erasure=0.005 fabrication=0.066
2026-09-08 03:56:43,355 INFO [artifact_sync] Snapshot pushed: 392 files to branch gpu-run-artifacts.
2026-09-08 04:11:45,867 INFO [evaluate_all] Evaluated tier=general-instruct method=baseline_dart seed=44 balanced_awareness=0.953 erasure=0.027 fabrication=0.053
2026-09-08 04:17:58,951 INFO [evaluate_all] Evaluated tier=general-instruct method=baseline_fairnet seed=42 balanced_awareness=0.932 erasure=0.011 fabrication=0.069
2026-09-08 04:24:15,420 INFO [evaluate_all] Evaluated tier=general-instruct method=baseline_fairnet seed=43 balanced_awareness=0.929 erasure=0.011 fabrication=0.095
2026-09-08 04:26:47,567 INFO [artifact_sync] Snapshot pushed: 401 files to branch gpu-run-artifacts.
2026-09-08 04:30:34,116 INFO [evaluate_all] Evaluated tier=general-instruct method=baseline_fairnet seed=44 balanced_awareness=0.901 erasure=0.032 fabrication=0.093
2026-09-08 04:35:50,299 INFO [evaluate_all] Evaluated tier=general-instruct method=baseline_igu_lora seed=42 balanced_awareness=0.926 erasure=0.035 fabrication=0.061
2026-09-08 04:42:05,486 INFO [evaluate_all] Evaluated tier=general-instruct method=baseline_lftf seed=42 balanced_awareness=0.928 erasure=0.046 fabrication=0.040
2026-09-08 04:48:24,521 INFO [evaluate_all] Evaluated tier=general-instruct method=baseline_pedal seed=42 balanced_awareness=0.907 erasure=0.000 fabrication=0.127
2026-09-08 04:56:51,785 INFO [artifact_sync] Snapshot pushed: 413 files to branch gpu-run-artifacts.
2026-09-08 05:11:54,075 INFO [evaluate_all] Evaluated tier=general-instruct method=baseline_regift seed=42 balanced_awareness=0.948 erasure=0.057 fabrication=0.026
2026-09-08 05:26:55,962 INFO [artifact_sync] Snapshot pushed: 416 files to branch gpu-run-artifacts.
2026-09-08 05:31:28,014 INFO [evaluate_all] Evaluated tier=general-instruct method=graft_proposed seed=42 balanced_awareness=0.924 erasure=0.005 fabrication=0.090
2026-09-08 05:57:00,098 INFO [artifact_sync] Snapshot pushed: 420 files to branch gpu-run-artifacts.
2026-09-08 06:02:10,596 INFO [evaluate_all] Evaluated tier=general-instruct method=graft_proposed seed=43 balanced_awareness=0.946 erasure=0.005 fabrication=0.071
2026-09-08 06:27:04,196 INFO [artifact_sync] Snapshot pushed: 423 files to branch gpu-run-artifacts.
2026-09-08 06:30:02,206 INFO [evaluate_all] Evaluated tier=general-instruct method=graft_proposed seed=44 balanced_awareness=0.853 erasure=0.003 fabrication=0.235
2026-09-08 06:33:20,526 INFO [evaluate_all] Evaluated tier=general-instruct method=graft_proposed_loao_gender seed=42 balanced_awareness=0.261 erasure=0.750 fabrication=0.000
2026-09-08 06:42:01,252 INFO [evaluate_all] Evaluated tier=general-instruct method=graft_proposed_loao_landholding seed=42 balanced_awareness=0.290 erasure=0.050 fabrication=0.436
2026-09-08 06:50:59,868 INFO [evaluate_all] Evaluated tier=general-instruct method=graft_proposed_loao_social_group seed=42 balanced_awareness=0.216 erasure=0.500 fabrication=0.047
2026-09-08 06:57:08,506 INFO [artifact_sync] Snapshot pushed: 428 files to branch gpu-run-artifacts.
2026-09-08 07:12:36,625 INFO [evaluate_all] Evaluated tier=general-instruct method=graft_proposed_qlora_nf4 seed=42 balanced_awareness=0.929 erasure=0.005 fabrication=0.093
2026-09-08 07:18:27,305 INFO [evaluate_all] Evaluated tier=general-instruct method=reference_vanilla_lora seed=42 balanced_awareness=0.949 erasure=0.005 fabrication=0.074
2026-09-08 07:24:04,092 INFO [evaluate_all] Evaluated tier=general-instruct method=reference_vanilla_lora seed=43 balanced_awareness=0.929 erasure=0.013 fabrication=0.095
2026-09-08 07:27:13,035 INFO [artifact_sync] Snapshot pushed: 438 files to branch gpu-run-artifacts.
2026-09-08 07:29:43,555 INFO [evaluate_all] Evaluated tier=general-instruct method=reference_vanilla_lora seed=44 balanced_awareness=0.882 erasure=0.024 fabrication=0.114
2026-09-08 07:31:42,471 INFO [evaluate_all] Evaluated tier=general-instruct method=reference_vanilla_lora_loao_gender seed=42 balanced_awareness=0.667 erasure=0.500 fabrication=0.000
2026-09-08 07:34:17,468 INFO [evaluate_all] Evaluated tier=general-instruct method=reference_vanilla_lora_loao_landholding seed=42 balanced_awareness=0.432 erasure=0.365 fabrication=0.147
2026-09-08 07:36:57,807 INFO [evaluate_all] Evaluated tier=general-instruct method=reference_vanilla_lora_loao_social_group seed=42 balanced_awareness=0.489 erasure=0.663 fabrication=0.021
2026-09-08 07:43:21,926 INFO [evaluate_all] Evaluated tier=general-instruct method=reference_vanilla_qlora seed=42 balanced_awareness=0.954 erasure=0.019 fabrication=0.061
2026-09-08 07:47:08,809 INFO [evaluate_all] Evaluated tier=general-instruct method=baseline_fairsteer seed=42 balanced_awareness=0.000 erasure=0.000 fabrication=1.000
2026-09-08 07:54:02,572 INFO [evaluate_all] Evaluated tier=general-instruct-2 method=frozen_base seed=42 balanced_awareness=0.429 erasure=0.385 fabrication=0.593
2026-09-08 07:57:17,387 INFO [artifact_sync] Snapshot pushed: 452 files to branch gpu-run-artifacts.
2026-09-08 08:06:27,341 INFO [evaluate_all] Evaluated tier=general-instruct-2 method=ablation_no_condition_adaptive seed=42 balanced_awareness=0.910 erasure=0.013 fabrication=0.111
2026-09-08 08:09:15,785 INFO [evaluate_all] Evaluated tier=general-instruct-2 method=ablation_no_rationale_loss seed=42 balanced_awareness=0.888 erasure=0.043 fabrication=0.124
2026-09-08 08:21:55,106 INFO [evaluate_all] Evaluated tier=general-instruct-2 method=ablation_placement_random seed=42 balanced_awareness=0.939 erasure=0.003 fabrication=0.069
2026-09-08 08:27:21,995 INFO [artifact_sync] Snapshot pushed: 461 files to branch gpu-run-artifacts.
2026-09-08 08:34:29,980 INFO [evaluate_all] Evaluated tier=general-instruct-2 method=ablation_placement_random_draw2 seed=42 balanced_awareness=0.919 erasure=0.035 fabrication=0.063
2026-09-08 08:47:54,239 INFO [evaluate_all] Evaluated tier=general-instruct-2 method=ablation_placement_random_draw3 seed=42 balanced_awareness=0.933 erasure=0.046 fabrication=0.056
2026-09-08 08:57:26,979 INFO [artifact_sync] Snapshot pushed: 467 files to branch gpu-run-artifacts.
2026-09-08 09:10:01,416 INFO [evaluate_all] Evaluated tier=general-instruct-2 method=ablation_placement_uniform seed=42 balanced_awareness=0.948 erasure=0.013 fabrication=0.066
2026-09-08 09:22:13,298 INFO [evaluate_all] Evaluated tier=general-instruct-2 method=ablation_rank_sweep_16 seed=42 balanced_awareness=0.929 erasure=0.005 fabrication=0.108
2026-09-08 09:27:31,808 INFO [artifact_sync] Snapshot pushed: 473 files to branch gpu-run-artifacts.
2026-09-08 09:34:38,857 INFO [evaluate_all] Evaluated tier=general-instruct-2 method=ablation_rank_sweep_32 seed=42 balanced_awareness=0.940 erasure=0.011 fabrication=0.061
2026-09-08 09:46:52,063 INFO [evaluate_all] Evaluated tier=general-instruct-2 method=ablation_rank_sweep_8 seed=42 balanced_awareness=0.950 erasure=0.005 fabrication=0.071
2026-09-08 09:57:36,338 INFO [artifact_sync] Snapshot pushed: 479 files to branch gpu-run-artifacts.
2026-09-08 10:11:05,643 INFO [evaluate_all] Evaluated tier=general-instruct-2 method=baseline_dart seed=42 balanced_awareness=0.821 erasure=0.011 fabrication=0.246
2026-09-08 10:27:41,148 INFO [artifact_sync] Snapshot pushed: 483 files to branch gpu-run-artifacts.
2026-09-08 10:35:32,268 INFO [evaluate_all] Evaluated tier=general-instruct-2 method=baseline_dart seed=43 balanced_awareness=0.914 erasure=0.016 fabrication=0.103
2026-09-08 10:51:19,039 INFO [evaluate_all] Evaluated tier=general-instruct-2 method=baseline_dart seed=44 balanced_awareness=0.920 erasure=0.016 fabrication=0.098
2026-09-08 10:54:49,105 INFO [evaluate_all] Evaluated tier=general-instruct-2 method=baseline_fairnet seed=43 balanced_awareness=0.907 erasure=0.065 fabrication=0.071
2026-09-08 10:57:46,169 INFO [artifact_sync] Snapshot pushed: 492 files to branch gpu-run-artifacts.
2026-09-08 10:58:19,959 INFO [evaluate_all] Evaluated tier=general-instruct-2 method=baseline_fairnet seed=44 balanced_awareness=0.897 erasure=0.030 fabrication=0.098
2026-09-08 11:01:08,422 INFO [evaluate_all] Evaluated tier=general-instruct-2 method=baseline_igu_lora seed=42 balanced_awareness=0.917 erasure=0.043 fabrication=0.071
2026-09-08 11:03:13,513 INFO [evaluate_all] Evaluated tier=general-instruct-2 method=baseline_lftf seed=42 balanced_awareness=0.700 erasure=0.259 fabrication=0.190
2026-09-08 11:06:47,131 INFO [evaluate_all] Evaluated tier=general-instruct-2 method=baseline_pedal seed=42 balanced_awareness=0.897 erasure=0.019 fabrication=0.108
2026-09-08 11:23:40,010 INFO [evaluate_all] Evaluated tier=general-instruct-2 method=baseline_regift seed=42 balanced_awareness=0.912 erasure=0.030 fabrication=0.093
2026-09-08 11:27:50,948 INFO [artifact_sync] Snapshot pushed: 506 files to branch gpu-run-artifacts.
2026-09-08 11:41:53,878 INFO [evaluate_all] Evaluated tier=general-instruct-2 method=graft_proposed seed=42 balanced_awareness=0.910 erasure=0.046 fabrication=0.085
2026-09-08 11:54:38,879 INFO [evaluate_all] Evaluated tier=general-instruct-2 method=graft_proposed seed=43 balanced_awareness=0.929 erasure=0.013 fabrication=0.087
2026-09-08 11:57:55,911 INFO [artifact_sync] Snapshot pushed: 512 files to branch gpu-run-artifacts.
2026-09-08 12:07:00,600 INFO [evaluate_all] Evaluated tier=general-instruct-2 method=graft_proposed seed=44 balanced_awareness=0.899 erasure=0.019 fabrication=0.124
2026-09-08 12:08:56,294 INFO [evaluate_all] Evaluated tier=general-instruct-2 method=graft_proposed_loao_gender seed=42 balanced_awareness=0.182 erasure=0.900 fabrication=0.000
2026-09-08 12:14:20,916 INFO [evaluate_all] Evaluated tier=general-instruct-2 method=graft_proposed_loao_landholding seed=42 balanced_awareness=0.128 erasure=0.579 fabrication=0.167
2026-09-08 12:20:34,898 INFO [evaluate_all] Evaluated tier=general-instruct-2 method=graft_proposed_loao_social_group seed=42 balanced_awareness=0.159 erasure=0.233 fabrication=0.115
2026-09-08 12:28:01,153 INFO [artifact_sync] Snapshot pushed: 518 files to branch gpu-run-artifacts.
2026-09-08 12:35:43,343 INFO [evaluate_all] Evaluated tier=general-instruct-2 method=graft_proposed_qlora_nf4 seed=42 balanced_awareness=0.936 erasure=0.035 fabrication=0.066
2026-09-08 12:39:13,236 INFO [evaluate_all] Evaluated tier=general-instruct-2 method=reference_vanilla_lora seed=42 balanced_awareness=0.910 erasure=0.019 fabrication=0.103
2026-09-08 12:42:43,740 INFO [evaluate_all] Evaluated tier=general-instruct-2 method=reference_vanilla_lora seed=43 balanced_awareness=0.908 erasure=0.011 fabrication=0.106
2026-09-08 12:46:15,296 INFO [evaluate_all] Evaluated tier=general-instruct-2 method=reference_vanilla_lora seed=44 balanced_awareness=0.902 erasure=0.019 fabrication=0.122
2026-09-08 12:47:34,091 INFO [evaluate_all] Evaluated tier=general-instruct-2 method=reference_vanilla_lora_loao_gender seed=42 balanced_awareness=0.333 erasure=0.800 fabrication=0.000
2026-09-08 12:49:16,837 INFO [evaluate_all] Evaluated tier=general-instruct-2 method=reference_vanilla_lora_loao_landholding seed=42 balanced_awareness=0.345 erasure=0.195 fabrication=0.276
2026-09-08 12:51:00,912 INFO [evaluate_all] Evaluated tier=general-instruct-2 method=reference_vanilla_lora_loao_social_group seed=42 balanced_awareness=0.157 erasure=0.366 fabrication=0.214
2026-09-08 12:55:04,311 INFO [evaluate_all] Evaluated tier=general-instruct-2 method=reference_vanilla_qlora seed=42 balanced_awareness=0.931 erasure=0.038 fabrication=0.050
2026-09-08 12:57:02,701 INFO [evaluate_all] Evaluated tier=general-instruct-2 method=baseline_fairsteer seed=42 balanced_awareness=0.478 erasure=0.442 fabrication=0.500
2026-09-08 12:57:02,874 INFO [run_all] --- evaluate_all done in 76882.2 s ---
2026-09-08 12:57:02,874 INFO [run_all] === evaluate_agriadvice_drift ===
2026-09-08 12:58:06,125 INFO [artifact_sync] Snapshot pushed: 539 files to branch gpu-run-artifacts.
2026-09-08 13:20:29,035 INFO [evaluate_agriadvice_drift] tier=small-instruct method=frozen_base drift(emb)=0.372 jaccard=0.631 flip=0.762
2026-09-08 13:28:11,177 INFO [artifact_sync] Snapshot pushed: 541 files to branch gpu-run-artifacts.
2026-09-08 13:50:45,857 INFO [evaluate_agriadvice_drift] tier=small-instruct method=ablation_no_condition_adaptive drift(emb)=0.354 jaccard=0.495 flip=0.625
2026-09-08 13:58:16,214 INFO [artifact_sync] Snapshot pushed: 542 files to branch gpu-run-artifacts.
2026-09-08 14:23:26,923 INFO [evaluate_agriadvice_drift] tier=small-instruct method=ablation_no_rationale_loss drift(emb)=0.335 jaccard=0.480 flip=0.598
2026-09-08 14:28:21,546 INFO [artifact_sync] Snapshot pushed: 543 files to branch gpu-run-artifacts.
2026-09-08 14:54:38,371 INFO [evaluate_agriadvice_drift] tier=small-instruct method=ablation_placement_random drift(emb)=0.339 jaccard=0.494 flip=0.615
2026-09-08 14:58:27,223 INFO [artifact_sync] Snapshot pushed: 544 files to branch gpu-run-artifacts.
2026-09-08 15:27:17,013 INFO [evaluate_agriadvice_drift] tier=small-instruct method=ablation_placement_random_draw2 drift(emb)=0.372 jaccard=0.544 flip=0.661
2026-09-08 15:28:33,724 INFO [artifact_sync] Snapshot pushed: 545 files to branch gpu-run-artifacts.
2026-09-08 15:32:46,715 INFO [estimate_gpu_hours] small-instruct       33 training runs, 35 evaluation targets, 35 advice targets.
2026-09-08 15:32:46,715 INFO [estimate_gpu_hours] broad-instruct       33 training runs, 35 evaluation targets, 35 advice targets.
2026-09-08 15:32:46,715 INFO [estimate_gpu_hours] general-instruct     33 training runs, 35 evaluation targets, 35 advice targets.
2026-09-08 15:32:46,715 INFO [estimate_gpu_hours] general-instruct-2   33 training runs, 35 evaluation targets, 35 advice targets.
2026-09-08 15:32:46,715 INFO [estimate_gpu_hours] Per training run: about 1.72 million tokens.
2026-09-08 15:32:47,470 WARNING [artifact_sync] Could not fetch the artifacts branch: From https://github.com/DevDaring/Finetune_AgriFair
 ! [rejected]        gpu-run-artifacts -> origin/gpu-run-artifacts  (non-fast-forward)

2026-09-08 15:32:47,470 INFO [restore_artifacts] Restore skipped/failed (not a git repo or no branch yet)
2026-09-08 15:32:47,844 INFO [run_all] === measure_base_competence ===
2026-09-08 15:32:49,615 INFO [measure_base_competence] Answer-extraction judge chain: deepseek-key-1 -> deepseek-key-2 -> mistral-key-1 -> mistral-key-2
2026-09-08 15:32:49,616 INFO [measure_base_competence] Loading model tier=small-instruct (smoke=False)
2026-09-08 15:33:27,386 INFO [measure_base_competence] tier=small-instruct balanced awareness=0.332 erasure=0.620 fabrication=0.336 (gap_erasure_dominant)
2026-09-08 15:33:27,452 INFO [measure_base_competence] Loading model tier=broad-instruct (smoke=False)
2026-09-08 15:34:12,950 INFO [measure_base_competence] tier=broad-instruct balanced awareness=0.402 erasure=0.124 fabrication=0.720 (gap_fabrication_dominant)
2026-09-08 15:34:13,026 INFO [measure_base_competence] Loading model tier=general-instruct (smoke=False)
2026-09-08 15:34:50,810 INFO [estimate_gpu_hours] small-instruct       33 training runs, 35 evaluation targets, 12 advice targets.
2026-09-08 15:34:50,810 INFO [estimate_gpu_hours] broad-instruct       33 training runs, 35 evaluation targets, 12 advice targets.
2026-09-08 15:34:50,810 INFO [estimate_gpu_hours] general-instruct     33 training runs, 35 evaluation targets, 12 advice targets.
2026-09-08 15:34:50,810 INFO [estimate_gpu_hours] general-instruct-2   33 training runs, 35 evaluation targets, 12 advice targets.
2026-09-08 15:34:50,810 INFO [estimate_gpu_hours] Per training run: about 1.72 million tokens.
2026-09-08 15:34:51,554 WARNING [artifact_sync] Could not fetch the artifacts branch: From https://github.com/DevDaring/Finetune_AgriFair
 ! [rejected]        gpu-run-artifacts -> origin/gpu-run-artifacts  (non-fast-forward)

2026-09-08 15:34:51,555 INFO [restore_artifacts] Restore skipped/failed (not a git repo or no branch yet)
2026-09-08 15:34:51,952 INFO [run_all] === measure_base_competence ===
2026-09-08 15:34:53,249 INFO [measure_base_competence] Answer-extraction judge chain: deepseek-key-1 -> deepseek-key-2 -> mistral-key-1 -> mistral-key-2
2026-09-08 15:34:53,250 INFO [measure_base_competence] Loading model tier=small-instruct (smoke=False)
2026-09-08 15:35:29,864 INFO [measure_base_competence] tier=small-instruct balanced awareness=0.332 erasure=0.620 fabrication=0.336 (gap_erasure_dominant)
2026-09-08 15:35:29,923 INFO [measure_base_competence] Loading model tier=broad-instruct (smoke=False)
2026-09-08 15:36:14,556 INFO [measure_base_competence] tier=broad-instruct balanced awareness=0.402 erasure=0.124 fabrication=0.720 (gap_fabrication_dominant)
2026-09-08 15:36:14,622 INFO [measure_base_competence] Loading model tier=general-instruct (smoke=False)
2026-09-08 15:37:47,879 INFO [measure_base_competence] tier=general-instruct balanced awareness=0.179 erasure=0.008 fabrication=0.899 (gap_fabrication_dominant)
2026-09-08 15:37:48,074 INFO [measure_base_competence] Loading model tier=general-instruct-2 (smoke=False)
2026-09-08 15:38:42,160 INFO [measure_base_competence] tier=general-instruct-2 balanced awareness=0.467 erasure=0.420 fabrication=0.529 (bipolar_no_dominant_polarity)
2026-09-08 15:38:42,333 INFO [run_all] --- measure_base_competence done in 230.4 s ---
2026-09-08 15:38:42,333 INFO [run_all] === probe_subject_models ===
2026-09-08 15:38:42,337 INFO [probe_subject_models] Answer-extraction judge chain: deepseek-key-1 -> deepseek-key-2 -> mistral-key-1 -> mistral-key-2
2026-09-08 15:39:01,388 INFO [probe_subject_models] tier=small-instruct erasure=41 fabrication=21 swap-flips=44
2026-09-08 15:39:27,039 INFO [probe_subject_models] tier=broad-instruct erasure=11 fabrication=38 swap-flips=40
2026-09-08 15:40:19,921 INFO [probe_subject_models] tier=general-instruct erasure=4 fabrication=48 swap-flips=42
2026-09-08 15:40:50,820 INFO [probe_subject_models] tier=general-instruct-2 erasure=18 fabrication=28 swap-flips=47
2026-09-08 15:40:50,987 INFO [run_all] --- probe_subject_models done in 128.7 s ---
2026-09-08 15:40:50,987 INFO [run_all] === attribution_integrated_gradients ===
2026-09-08 15:40:53,607 INFO [attribution_integrated_gradients] tier=small-instruct held_out_axis=None attributing over 64 items, 50 Riemann steps.
2026-09-08 15:46:48,790 INFO [attribution_integrated_gradients] tier=small-instruct held_out=None top layers (normalized): [('1', 1.0), ('0', 0.8882873535820129), ('2', 0.7449382885302), ('3', 0.7425833000041782), ('4', 0.7034553889633952)]; ranking stability rho=1.000
2026-09-08 15:46:48,792 INFO [attribution_integrated_gradients] tier=small-instruct held_out_axis=social_group attributing over 44 items, 50 Riemann steps.
2026-09-08 15:51:04,115 INFO [attribution_integrated_gradients] tier=small-instruct held_out=social_group top layers (normalized): [('1', 1.0), ('0', 0.8866866784706587), ('2', 0.7465475717312804), ('3', 0.7453930554320224), ('4', 0.708622103888972)]; ranking stability rho=0.999
2026-09-08 15:51:04,118 INFO [attribution_integrated_gradients] tier=small-instruct held_out_axis=landholding attributing over 51 items, 50 Riemann steps.
2026-09-08 15:55:55,035 INFO [attribution_integrated_gradients] tier=small-instruct held_out=landholding top layers (normalized): [('1', 1.0), ('0', 0.8893542899667503), ('2', 0.7386234752873697), ('3', 0.7385255438350763), ('4', 0.6970024775644075)]; ranking stability rho=1.000
2026-09-08 15:55:55,037 INFO [attribution_integrated_gradients] tier=small-instruct held_out_axis=gender attributing over 64 items, 50 Riemann steps.
2026-09-08 15:58:39,255 INFO [artifact_sync] Snapshot pushed: 545 files to branch gpu-run-artifacts.
2026-09-08 16:01:45,100 INFO [attribution_integrated_gradients] tier=small-instruct held_out=gender top layers (normalized): [('1', 1.0), ('0', 0.8865943924040293), ('2', 0.7404155717671344), ('3', 0.738722420705696), ('4', 0.6984314213001297)]; ranking stability rho=0.999
2026-09-08 16:01:48,333 INFO [attribution_integrated_gradients] tier=broad-instruct held_out_axis=None attributing over 64 items, 50 Riemann steps.
2026-09-08 16:10:55,691 INFO [attribution_integrated_gradients] tier=broad-instruct held_out=None top layers (normalized): [('14', 1.0), ('13', 0.9474029145140314), ('15', 0.9258985023691529), ('12', 0.89815745930272), ('11', 0.8379851878398236)]; ranking stability rho=1.000
2026-09-08 16:10:55,694 INFO [attribution_integrated_gradients] tier=broad-instruct held_out_axis=social_group attributing over 41 items, 50 Riemann steps.
2026-09-08 16:16:36,148 INFO [attribution_integrated_gradients] tier=broad-instruct held_out=social_group top layers (normalized): [('14', 1.0), ('13', 0.9460006176114787), ('15', 0.9284359438439965), ('12', 0.8939298677445011), ('11', 0.8334187978953532)]; ranking stability rho=0.999
2026-09-08 16:16:36,151 INFO [attribution_integrated_gradients] tier=broad-instruct held_out_axis=landholding attributing over 42 items, 50 Riemann steps.
2026-09-08 16:22:25,073 INFO [attribution_integrated_gradients] tier=broad-instruct held_out=landholding top layers (normalized): [('14', 1.0), ('13', 0.9500392449732122), ('15', 0.9257457755424006), ('12', 0.9064722839512146), ('11', 0.8465988362571226)]; ranking stability rho=1.000
2026-09-08 16:22:25,076 INFO [attribution_integrated_gradients] tier=broad-instruct held_out_axis=gender attributing over 64 items, 50 Riemann steps.
2026-09-08 16:28:44,833 INFO [artifact_sync] Snapshot pushed: 545 files to branch gpu-run-artifacts.
2026-09-08 16:31:21,750 INFO [attribution_integrated_gradients] tier=broad-instruct held_out=gender top layers (normalized): [('14', 1.0), ('13', 0.9448443062649119), ('15', 0.9247179256990189), ('12', 0.8944208493340122), ('11', 0.8333534319200029)]; ranking stability rho=1.000
2026-09-08 16:31:38,478 INFO [attribution_integrated_gradients] tier=general-instruct held_out_axis=None attributing over 64 items, 50 Riemann steps.
2026-09-08 16:47:16,897 INFO [attribution_integrated_gradients] tier=general-instruct held_out=None top layers (normalized): [('16', 1.0), ('15', 0.984341987711606), ('17', 0.9777255070132582), ('14', 0.9739434584183029), ('13', 0.9267365162232455)]; ranking stability rho=0.999
2026-09-08 16:47:16,900 INFO [attribution_integrated_gradients] tier=general-instruct held_out_axis=social_group attributing over 44 items, 50 Riemann steps.
2026-09-08 16:57:59,488 INFO [attribution_integrated_gradients] tier=general-instruct held_out=social_group top layers (normalized): [('16', 1.0), ('15', 0.9848537852055382), ('17', 0.9747546002111555), ('14', 0.9746693914604766), ('13', 0.9188681417868105)]; ranking stability rho=0.999
2026-09-08 16:57:59,491 INFO [attribution_integrated_gradients] tier=general-instruct held_out_axis=landholding attributing over 41 items, 50 Riemann steps.
2026-09-08 16:58:50,315 INFO [artifact_sync] Snapshot pushed: 545 files to branch gpu-run-artifacts.
2026-09-08 17:08:13,396 INFO [attribution_integrated_gradients] tier=general-instruct held_out=landholding top layers (normalized): [('16', 1.0), ('15', 0.984903191506776), ('17', 0.9805762202764284), ('14', 0.9762836375129481), ('13', 0.9396535084309134)]; ranking stability rho=0.999
2026-09-08 17:08:13,399 INFO [attribution_integrated_gradients] tier=general-instruct held_out_axis=gender attributing over 63 items, 50 Riemann steps.
2026-09-08 17:23:56,142 INFO [attribution_integrated_gradients] tier=general-instruct held_out=gender top layers (normalized): [('16', 1.0), ('15', 0.982691145997654), ('17', 0.9781519867980293), ('14', 0.9731899019260052), ('13', 0.9260234697324493)]; ranking stability rho=0.999
2026-09-08 17:24:06,608 INFO [attribution_integrated_gradients] tier=general-instruct-2 held_out_axis=None attributing over 64 items, 50 Riemann steps.
2026-09-08 17:29:00,564 INFO [artifact_sync] Snapshot pushed: 545 files to branch gpu-run-artifacts.
2026-09-08 17:32:01,274 INFO [attribution_integrated_gradients] tier=general-instruct-2 held_out=None top layers (normalized): [('2', 1.0), ('1', 0.9718704051450048), ('0', 0.8796725721015525), ('4', 0.8501747328932863), ('5', 0.8425310585938253)]; ranking stability rho=1.000
2026-09-08 17:32:01,277 INFO [attribution_integrated_gradients] tier=general-instruct-2 held_out_axis=social_group attributing over 39 items, 50 Riemann steps.
2026-09-08 17:36:50,368 INFO [attribution_integrated_gradients] tier=general-instruct-2 held_out=social_group top layers (normalized): [('2', 1.0), ('1', 0.9659583157995842), ('0', 0.8885893698324102), ('4', 0.8413707878540315), ('3', 0.8352353014409479)]; ranking stability rho=1.000
2026-09-08 17:36:50,371 INFO [attribution_integrated_gradients] tier=general-instruct-2 held_out_axis=landholding attributing over 40 items, 50 Riemann steps.
2026-09-08 17:41:50,223 INFO [attribution_integrated_gradients] tier=general-instruct-2 held_out=landholding top layers (normalized): [('2', 1.0), ('1', 0.974600739604046), ('4', 0.8691968144908823), ('5', 0.8659035545297086), ('0', 0.8638299938494761)]; ranking stability rho=0.999
2026-09-08 17:41:50,226 INFO [attribution_integrated_gradients] tier=general-instruct-2 held_out_axis=gender attributing over 64 items, 50 Riemann steps.
2026-09-08 17:49:47,433 INFO [attribution_integrated_gradients] tier=general-instruct-2 held_out=gender top layers (normalized): [('2', 1.0), ('1', 0.9712066584225137), ('0', 0.8767852586412062), ('4', 0.8559200484109715), ('5', 0.8505195296541445)]; ranking stability rho=1.000
2026-09-08 17:49:47,783 INFO [run_all] --- attribution_integrated_gradients done in 7736.8 s ---
2026-09-08 17:49:47,784 INFO [run_all] === configure_layer_selective_lora ===
2026-09-08 17:49:47,798 INFO [configure_layer_selective_lora] tier=small-instruct held_out=None attribution layers=[0, 1, 2, 3, 4, 5, 6, 7, 8, 9, 10, 11, 12, 13] ranks=[57, 64, 48, 48, 45, 40, 37, 35, 29, 25, 22, 18, 13, 11] (budget 3444), uniform layers=28 budget 3444, random budget 3444
2026-09-08 17:49:47,801 INFO [configure_layer_selective_lora] tier=small-instruct held_out=social_group attribution layers=[0, 1, 2, 3, 4, 5, 6, 7, 8, 9, 10, 11, 12, 13] ranks=[57, 64, 48, 48, 45, 40, 38, 36, 29, 25, 22, 18, 13, 11] (budget 3458), uniform layers=28 budget 3458, random budget 3458
2026-09-08 17:49:47,803 INFO [configure_layer_selective_lora] tier=small-instruct held_out=landholding attribution layers=[0, 1, 2, 3, 4, 5, 6, 7, 8, 9, 10, 11, 12, 13] ranks=[57, 64, 47, 47, 45, 40, 37, 35, 29, 26, 22, 19, 14, 12] (budget 3458), uniform layers=28 budget 3458, random budget 3458
2026-09-08 17:49:47,806 INFO [configure_layer_selective_lora] tier=small-instruct held_out=gender attribution layers=[0, 1, 2, 3, 4, 5, 6, 7, 8, 9, 10, 11, 12, 13] ranks=[57, 64, 47, 47, 45, 40, 37, 35, 29, 25, 22, 18, 13, 11] (budget 3430), uniform layers=28 budget 3430, random budget 3430
2026-09-08 17:49:47,809 INFO [configure_layer_selective_lora] tier=broad-instruct held_out=None attribution layers=[0, 1, 2, 3, 4, 5, 6, 7, 8, 9, 10, 11, 12, 13, 14, 15, 16, 17, 18, 19, 20, 21, 22, 23] ranks=[36, 24, 28, 31, 38, 43, 42, 44, 45, 46, 53, 54, 57, 61, 64, 59, 52, 48, 43, 33, 26, 21, 17, 13] (budget 6846), uniform layers=36 budget 6846, random budget 6846
2026-09-08 17:49:47,812 INFO [configure_layer_selective_lora] tier=broad-instruct held_out=social_group attribution layers=[0, 1, 2, 3, 4, 5, 6, 7, 8, 9, 10, 11, 12, 13, 14, 15, 16, 17, 18, 19, 20, 21, 22, 23] ranks=[37, 25, 29, 32, 38, 43, 43, 45, 46, 46, 53, 53, 57, 61, 64, 59, 53, 49, 43, 33, 26, 21, 17, 13] (budget 6902), uniform layers=36 budget 6902, random budget 6902
2026-09-08 17:49:47,816 INFO [configure_layer_selective_lora] tier=broad-instruct held_out=landholding attribution layers=[0, 1, 2, 3, 4, 5, 6, 7, 8, 9, 10, 11, 12, 13, 14, 15, 16, 17, 18, 19, 20, 21, 22, 23] ranks=[35, 24, 27, 31, 37, 42, 42, 44, 45, 46, 53, 54, 58, 61, 64, 59, 52, 48, 44, 33, 26, 21, 17, 13] (budget 6832), uniform layers=36 budget 6832, random budget 6832
2026-09-08 17:49:47,819 INFO [configure_layer_selective_lora] tier=broad-instruct held_out=gender attribution layers=[0, 1, 2, 3, 4, 5, 6, 7, 8, 9, 10, 11, 12, 13, 14, 15, 16, 17, 18, 19, 20, 21, 22, 23] ranks=[36, 24, 28, 32, 38, 43, 42, 44, 45, 46, 53, 53, 57, 60, 64, 59, 52, 48, 44, 33, 26, 21, 17, 13] (budget 6846), uniform layers=36 budget 6846, random budget 6846
2026-09-08 17:49:47,823 INFO [configure_layer_selective_lora] tier=general-instruct held_out=None attribution layers=[0, 1, 2, 3, 4, 5, 6, 7, 8, 9, 10, 11, 12, 13, 14, 15, 16, 17, 18, 19, 20, 21, 22, 23, 24, 25, 26, 27, 28, 29] ranks=[53, 22, 29, 21, 29, 35, 47, 32, 39, 50, 52, 57, 57, 59, 62, 63, 64, 63, 56, 49, 40, 33, 30, 27, 21, 17, 14, 12, 10, 10] (budget 8071), uniform layers=48 budget 8071, random budget 8071
2026-09-08 17:49:47,828 INFO [configure_layer_selective_lora] tier=general-instruct held_out=social_group attribution layers=[0, 1, 2, 3, 4, 5, 6, 7, 8, 9, 10, 11, 12, 13, 14, 15, 16, 17, 18, 19, 20, 21, 22, 23, 24, 25, 26, 27] ranks=[49, 20, 27, 20, 27, 33, 45, 32, 38, 49, 51, 56, 57, 59, 62, 63, 64, 62, 56, 50, 40, 34, 30, 26, 20, 16, 13, 11] (budget 7770), uniform layers=48 budget 7770, random budget 7770
2026-09-08 17:49:47,832 INFO [configure_layer_selective_lora] tier=general-instruct held_out=landholding attribution layers=[0, 1, 2, 3, 4, 5, 6, 7, 8, 9, 10, 11, 12, 13, 14, 15, 16, 17, 18, 19, 20, 21, 22, 23, 24, 25, 26, 27, 28, 29] ranks=[57, 23, 31, 23, 31, 37, 49, 33, 40, 52, 54, 59, 57, 60, 62, 63, 64, 63, 55, 48, 39, 33, 30, 27, 22, 19, 15, 13, 12, 12] (budget 8281), uniform layers=48 budget 8281, random budget 8281
2026-09-08 17:49:47,836 INFO [configure_layer_selective_lora] tier=general-instruct held_out=gender attribution layers=[0, 1, 2, 3, 4, 5, 6, 7, 8, 9, 10, 11, 12, 13, 14, 15, 16, 17, 18, 19, 20, 21, 22, 23, 24, 25, 26, 27, 28, 29] ranks=[53, 22, 29, 21, 29, 35, 47, 32, 39, 50, 52, 57, 57, 59, 62, 63, 64, 63, 56, 49, 40, 33, 31, 27, 21, 18, 14, 12, 11, 10] (budget 8092), uniform layers=48 budget 8092, random budget 8092
2026-09-08 17:49:47,839 INFO [configure_layer_selective_lora] tier=general-instruct-2 held_out=None attribution layers=[0, 1, 2, 3, 4, 5, 6, 7, 8, 9, 10, 11, 12, 13, 14, 15, 16, 17] ranks=[56, 62, 64, 54, 54, 54, 50, 50, 47, 46, 39, 36, 32, 31, 25, 21, 16, 10] (budget 5229), uniform layers=36 budget 5229, random budget 5229
2026-09-08 17:49:47,842 INFO [configure_layer_selective_lora] tier=general-instruct-2 held_out=social_group attribution layers=[0, 1, 2, 3, 4, 5, 6, 7, 8, 9, 10, 11, 12, 13, 14, 15, 16, 17] ranks=[57, 62, 64, 53, 54, 53, 50, 50, 47, 45, 38, 35, 32, 30, 25, 20, 16, 10] (budget 5187), uniform layers=36 budget 5187, random budget 5187
2026-09-08 17:49:47,844 INFO [configure_layer_selective_lora] tier=general-instruct-2 held_out=landholding attribution layers=[0, 1, 2, 3, 4, 5, 6, 7, 8, 9, 10, 11, 12, 13, 14, 15, 16, 17] ranks=[55, 62, 64, 54, 56, 55, 52, 52, 49, 48, 41, 37, 34, 32, 26, 21, 17, 10] (budget 5355), uniform layers=36 budget 5355, random budget 5355
2026-09-08 17:49:47,850 INFO [configure_layer_selective_lora] tier=general-instruct-2 held_out=gender attribution layers=[0, 1, 2, 3, 4, 5, 6, 7, 8, 9, 10, 11, 12, 13, 14, 15, 16, 17] ranks=[56, 62, 64, 54, 55, 54, 51, 51, 48, 47, 39, 36, 33, 31, 25, 21, 16, 10] (budget 5271), uniform layers=36 budget 5271, random budget 5271
2026-09-08 17:49:47,850 INFO [run_all] --- configure_layer_selective_lora done in 0.1 s ---
2026-09-08 17:49:47,850 INFO [run_all] === train_graft ===
2026-09-08 17:49:47,873 INFO [train_graft] tier=small-instruct method=graft_proposed seed=42 already trained; skipping (FORCE_RETRAIN=1 to redo).
2026-09-08 17:49:47,873 INFO [train_graft] tier=small-instruct method=graft_proposed seed=43 already trained; skipping (FORCE_RETRAIN=1 to redo).
2026-09-08 17:49:47,873 INFO [train_graft] tier=small-instruct method=graft_proposed seed=44 already trained; skipping (FORCE_RETRAIN=1 to redo).
2026-09-08 17:49:47,873 INFO [train_graft] tier=small-instruct method=ablation_placement_uniform seed=42 already trained; skipping (FORCE_RETRAIN=1 to redo).
2026-09-08 17:49:47,873 INFO [train_graft] tier=small-instruct method=ablation_placement_random seed=42 already trained; skipping (FORCE_RETRAIN=1 to redo).
2026-09-08 17:49:47,873 INFO [train_graft] tier=small-instruct method=ablation_placement_random_draw2 seed=42 already trained; skipping (FORCE_RETRAIN=1 to redo).
2026-09-08 17:49:47,873 INFO [train_graft] tier=small-instruct method=ablation_placement_random_draw3 seed=42 already trained; skipping (FORCE_RETRAIN=1 to redo).
2026-09-08 17:49:47,874 INFO [train_graft] tier=small-instruct method=ablation_no_rationale_loss seed=42 already trained; skipping (FORCE_RETRAIN=1 to redo).
2026-09-08 17:49:47,874 INFO [train_graft] tier=small-instruct method=ablation_no_condition_adaptive seed=42 already trained; skipping (FORCE_RETRAIN=1 to redo).
2026-09-08 17:49:47,874 INFO [train_graft] tier=small-instruct method=ablation_rank_sweep_8 seed=42 already trained; skipping (FORCE_RETRAIN=1 to redo).
2026-09-08 17:49:47,874 INFO [train_graft] tier=small-instruct method=ablation_rank_sweep_16 seed=42 already trained; skipping (FORCE_RETRAIN=1 to redo).
2026-09-08 17:49:47,874 INFO [train_graft] tier=small-instruct method=ablation_rank_sweep_32 seed=42 already trained; skipping (FORCE_RETRAIN=1 to redo).
2026-09-08 17:49:47,874 INFO [train_graft] tier=small-instruct method=graft_proposed_qlora_nf4 seed=42 already trained; skipping (FORCE_RETRAIN=1 to redo).
2026-09-08 17:49:47,875 INFO [train_graft] tier=small-instruct method=graft_proposed_loao_social_group seed=42 already trained; skipping (FORCE_RETRAIN=1 to redo).
2026-09-08 17:49:47,875 INFO [train_graft] tier=small-instruct method=reference_vanilla_lora_loao_social_group seed=42 already trained; skipping (FORCE_RETRAIN=1 to redo).
2026-09-08 17:49:47,876 INFO [train_graft] tier=small-instruct method=graft_proposed_loao_landholding seed=42 already trained; skipping (FORCE_RETRAIN=1 to redo).
2026-09-08 17:49:47,876 INFO [train_graft] tier=small-instruct method=reference_vanilla_lora_loao_landholding seed=42 already trained; skipping (FORCE_RETRAIN=1 to redo).
2026-09-08 17:49:47,877 INFO [train_graft] tier=small-instruct method=graft_proposed_loao_gender seed=42 already trained; skipping (FORCE_RETRAIN=1 to redo).
2026-09-08 17:49:47,877 INFO [train_graft] tier=small-instruct method=reference_vanilla_lora_loao_gender seed=42 already trained; skipping (FORCE_RETRAIN=1 to redo).
2026-09-08 17:49:47,878 INFO [train_graft] tier=broad-instruct method=graft_proposed seed=42 already trained; skipping (FORCE_RETRAIN=1 to redo).
2026-09-08 17:49:47,878 INFO [train_graft] tier=broad-instruct method=graft_proposed seed=43 already trained; skipping (FORCE_RETRAIN=1 to redo).
2026-09-08 17:49:47,878 INFO [train_graft] tier=broad-instruct method=graft_proposed seed=44 already trained; skipping (FORCE_RETRAIN=1 to redo).
2026-09-08 17:49:47,878 INFO [train_graft] tier=broad-instruct method=ablation_placement_uniform seed=42 already trained; skipping (FORCE_RETRAIN=1 to redo).
2026-09-08 17:49:47,878 INFO [train_graft] tier=broad-instruct method=ablation_placement_random seed=42 already trained; skipping (FORCE_RETRAIN=1 to redo).
2026-09-08 17:49:47,879 INFO [train_graft] tier=broad-instruct method=ablation_placement_random_draw2 seed=42 already trained; skipping (FORCE_RETRAIN=1 to redo).
2026-09-08 17:49:47,879 INFO [train_graft] tier=broad-instruct method=ablation_placement_random_draw3 seed=42 already trained; skipping (FORCE_RETRAIN=1 to redo).
2026-09-08 17:49:47,879 INFO [train_graft] tier=broad-instruct method=ablation_no_rationale_loss seed=42 already trained; skipping (FORCE_RETRAIN=1 to redo).
2026-09-08 17:49:47,879 INFO [train_graft] tier=broad-instruct method=ablation_no_condition_adaptive seed=42 already trained; skipping (FORCE_RETRAIN=1 to redo).
2026-09-08 17:49:47,879 INFO [train_graft] tier=broad-instruct method=ablation_rank_sweep_8 seed=42 already trained; skipping (FORCE_RETRAIN=1 to redo).
2026-09-08 17:49:47,879 INFO [train_graft] tier=broad-instruct method=ablation_rank_sweep_16 seed=42 already trained; skipping (FORCE_RETRAIN=1 to redo).
2026-09-08 17:49:47,880 INFO [train_graft] tier=broad-instruct method=ablation_rank_sweep_32 seed=42 already trained; skipping (FORCE_RETRAIN=1 to redo).
2026-09-08 17:49:47,880 INFO [train_graft] tier=broad-instruct method=graft_proposed_qlora_nf4 seed=42 already trained; skipping (FORCE_RETRAIN=1 to redo).
2026-09-08 17:49:47,881 INFO [train_graft] tier=broad-instruct method=graft_proposed_loao_social_group seed=42 already trained; skipping (FORCE_RETRAIN=1 to redo).
2026-09-08 17:49:47,881 INFO [train_graft] tier=broad-instruct method=reference_vanilla_lora_loao_social_group seed=42 already trained; skipping (FORCE_RETRAIN=1 to redo).
2026-09-08 17:49:47,882 INFO [train_graft] tier=broad-instruct method=graft_proposed_loao_landholding seed=42 already trained; skipping (FORCE_RETRAIN=1 to redo).
2026-09-08 17:49:47,882 INFO [train_graft] tier=broad-instruct method=reference_vanilla_lora_loao_landholding seed=42 already trained; skipping (FORCE_RETRAIN=1 to redo).
2026-09-08 17:49:47,883 INFO [train_graft] tier=broad-instruct method=graft_proposed_loao_gender seed=42 already trained; skipping (FORCE_RETRAIN=1 to redo).
2026-09-08 17:49:47,883 INFO [train_graft] tier=broad-instruct method=reference_vanilla_lora_loao_gender seed=42 already trained; skipping (FORCE_RETRAIN=1 to redo).
2026-09-08 17:49:47,884 INFO [train_graft] tier=general-instruct method=graft_proposed seed=42 already trained; skipping (FORCE_RETRAIN=1 to redo).
2026-09-08 17:49:47,884 INFO [train_graft] tier=general-instruct method=graft_proposed seed=43 already trained; skipping (FORCE_RETRAIN=1 to redo).
2026-09-08 17:49:47,885 INFO [train_graft] tier=general-instruct method=graft_proposed seed=44 already trained; skipping (FORCE_RETRAIN=1 to redo).
2026-09-08 17:49:47,885 INFO [train_graft] tier=general-instruct method=ablation_placement_uniform seed=42 already trained; skipping (FORCE_RETRAIN=1 to redo).
2026-09-08 17:49:47,885 INFO [train_graft] tier=general-instruct method=ablation_placement_random seed=42 already trained; skipping (FORCE_RETRAIN=1 to redo).
2026-09-08 17:49:47,885 INFO [train_graft] tier=general-instruct method=ablation_placement_random_draw2 seed=42 already trained; skipping (FORCE_RETRAIN=1 to redo).
2026-09-08 17:49:47,885 INFO [train_graft] tier=general-instruct method=ablation_placement_random_draw3 seed=42 already trained; skipping (FORCE_RETRAIN=1 to redo).
2026-09-08 17:49:47,885 INFO [train_graft] tier=general-instruct method=ablation_no_rationale_loss seed=42 already trained; skipping (FORCE_RETRAIN=1 to redo).
2026-09-08 17:49:47,885 INFO [train_graft] tier=general-instruct method=ablation_no_condition_adaptive seed=42 already trained; skipping (FORCE_RETRAIN=1 to redo).
2026-09-08 17:49:47,886 INFO [train_graft] tier=general-instruct method=ablation_rank_sweep_8 seed=42 already trained; skipping (FORCE_RETRAIN=1 to redo).
2026-09-08 17:49:47,886 INFO [train_graft] tier=general-instruct method=ablation_rank_sweep_16 seed=42 already trained; skipping (FORCE_RETRAIN=1 to redo).
2026-09-08 17:49:47,886 INFO [train_graft] tier=general-instruct method=ablation_rank_sweep_32 seed=42 already trained; skipping (FORCE_RETRAIN=1 to redo).
2026-09-08 17:49:47,886 INFO [train_graft] tier=general-instruct method=graft_proposed_qlora_nf4 seed=42 already trained; skipping (FORCE_RETRAIN=1 to redo).
2026-09-08 17:49:47,887 INFO [train_graft] tier=general-instruct method=graft_proposed_loao_social_group seed=42 already trained; skipping (FORCE_RETRAIN=1 to redo).
2026-09-08 17:49:47,887 INFO [train_graft] tier=general-instruct method=reference_vanilla_lora_loao_social_group seed=42 already trained; skipping (FORCE_RETRAIN=1 to redo).
2026-09-08 17:49:47,889 INFO [train_graft] tier=general-instruct method=graft_proposed_loao_landholding seed=42 already trained; skipping (FORCE_RETRAIN=1 to redo).
2026-09-08 17:49:47,889 INFO [train_graft] tier=general-instruct method=reference_vanilla_lora_loao_landholding seed=42 already trained; skipping (FORCE_RETRAIN=1 to redo).
2026-09-08 17:49:47,890 INFO [train_graft] tier=general-instruct method=graft_proposed_loao_gender seed=42 already trained; skipping (FORCE_RETRAIN=1 to redo).
2026-09-08 17:49:47,890 INFO [train_graft] tier=general-instruct method=reference_vanilla_lora_loao_gender seed=42 already trained; skipping (FORCE_RETRAIN=1 to redo).
2026-09-08 17:49:47,891 INFO [train_graft] tier=general-instruct-2 method=graft_proposed seed=42 already trained; skipping (FORCE_RETRAIN=1 to redo).
2026-09-08 17:49:47,891 INFO [train_graft] tier=general-instruct-2 method=graft_proposed seed=43 already trained; skipping (FORCE_RETRAIN=1 to redo).
2026-09-08 17:49:47,891 INFO [train_graft] tier=general-instruct-2 method=graft_proposed seed=44 already trained; skipping (FORCE_RETRAIN=1 to redo).
2026-09-08 17:49:47,891 INFO [train_graft] tier=general-instruct-2 method=ablation_placement_uniform seed=42 already trained; skipping (FORCE_RETRAIN=1 to redo).
2026-09-08 17:49:47,891 INFO [train_graft] tier=general-instruct-2 method=ablation_placement_random seed=42 already trained; skipping (FORCE_RETRAIN=1 to redo).
2026-09-08 17:49:47,891 INFO [train_graft] tier=general-instruct-2 method=ablation_placement_random_draw2 seed=42 already trained; skipping (FORCE_RETRAIN=1 to redo).
2026-09-08 17:49:47,892 INFO [train_graft] tier=general-instruct-2 method=ablation_placement_random_draw3 seed=42 already trained; skipping (FORCE_RETRAIN=1 to redo).
2026-09-08 17:49:47,892 INFO [train_graft] tier=general-instruct-2 method=ablation_no_rationale_loss seed=42 already trained; skipping (FORCE_RETRAIN=1 to redo).
2026-09-08 17:49:47,892 INFO [train_graft] tier=general-instruct-2 method=ablation_no_condition_adaptive seed=42 already trained; skipping (FORCE_RETRAIN=1 to redo).
2026-09-08 17:49:47,892 INFO [train_graft] tier=general-instruct-2 method=ablation_rank_sweep_8 seed=42 already trained; skipping (FORCE_RETRAIN=1 to redo).
2026-09-08 17:49:47,892 INFO [train_graft] tier=general-instruct-2 method=ablation_rank_sweep_16 seed=42 already trained; skipping (FORCE_RETRAIN=1 to redo).
2026-09-08 17:49:47,893 INFO [train_graft] tier=general-instruct-2 method=ablation_rank_sweep_32 seed=42 already trained; skipping (FORCE_RETRAIN=1 to redo).
2026-09-08 17:49:47,893 INFO [train_graft] tier=general-instruct-2 method=graft_proposed_qlora_nf4 seed=42 already trained; skipping (FORCE_RETRAIN=1 to redo).
2026-09-08 17:49:47,894 INFO [train_graft] tier=general-instruct-2 method=graft_proposed_loao_social_group seed=42 already trained; skipping (FORCE_RETRAIN=1 to redo).
2026-09-08 17:49:47,894 INFO [train_graft] tier=general-instruct-2 method=reference_vanilla_lora_loao_social_group seed=42 already trained; skipping (FORCE_RETRAIN=1 to redo).
2026-09-08 17:49:47,895 INFO [train_graft] tier=general-instruct-2 method=graft_proposed_loao_landholding seed=42 already trained; skipping (FORCE_RETRAIN=1 to redo).
2026-09-08 17:49:47,895 INFO [train_graft] tier=general-instruct-2 method=reference_vanilla_lora_loao_landholding seed=42 already trained; skipping (FORCE_RETRAIN=1 to redo).
2026-09-08 17:49:47,896 INFO [train_graft] tier=general-instruct-2 method=graft_proposed_loao_gender seed=42 already trained; skipping (FORCE_RETRAIN=1 to redo).
2026-09-08 17:49:47,896 INFO [train_graft] tier=general-instruct-2 method=reference_vanilla_lora_loao_gender seed=42 already trained; skipping (FORCE_RETRAIN=1 to redo).
2026-09-08 17:49:47,898 INFO [run_all] --- train_graft done in 0.0 s ---
2026-09-08 17:49:47,899 INFO [run_all] === train_baselines ===
2026-09-08 17:49:47,918 INFO [train_baselines] Baseline budgets for small-instruct are reported, not asserted; see trainable_parameter_percentage in the results tables.
2026-09-08 17:49:47,918 INFO [train_baselines] tier=small-instruct method=baseline_fairnet seed=42 already trained; skipping.
2026-09-08 17:49:47,918 INFO [train_baselines] tier=small-instruct method=baseline_fairnet seed=43 already trained; skipping.
2026-09-08 17:49:47,918 INFO [train_baselines] tier=small-instruct method=baseline_fairnet seed=44 already trained; skipping.
2026-09-08 17:49:47,919 INFO [train_baselines] tier=small-instruct method=baseline_igu_lora seed=42 already trained; skipping.
2026-09-08 17:49:47,919 INFO [train_baselines] tier=small-instruct method=baseline_pedal seed=42 already trained; skipping.
2026-09-08 17:49:47,919 INFO [train_baselines] tier=small-instruct method=baseline_dart seed=42 already trained; skipping.
2026-09-08 17:49:47,919 INFO [train_baselines] tier=small-instruct method=baseline_dart seed=43 already trained; skipping.
2026-09-08 17:49:47,919 INFO [train_baselines] tier=small-instruct method=baseline_dart seed=44 already trained; skipping.
2026-09-08 17:49:47,919 INFO [train_baselines] tier=small-instruct method=baseline_regift seed=42 already trained; skipping.
2026-09-08 17:49:56,043 INFO [train_baselines] LFTF located 9/28 blocks for small-instruct.
2026-09-08 17:49:56,065 INFO [train_baselines] tier=small-instruct method=baseline_lftf seed=42 already trained; skipping.
2026-09-08 17:49:56,065 INFO [train_baselines] tier=small-instruct method=reference_vanilla_lora seed=42 already trained; skipping.
2026-09-08 17:49:56,065 INFO [train_baselines] tier=small-instruct method=reference_vanilla_lora seed=43 already trained; skipping.
2026-09-08 17:49:56,066 INFO [train_baselines] tier=small-instruct method=reference_vanilla_lora seed=44 already trained; skipping.
2026-09-08 17:49:56,066 INFO [train_baselines] tier=small-instruct method=reference_vanilla_qlora seed=42 already trained; skipping.
2026-09-08 17:50:03,937 INFO [train_baselines] Wrote FairSteer steering vector for small-instruct (layer 14, dim=3072).
2026-09-08 17:50:03,961 INFO [train_baselines] Baseline budgets for broad-instruct are reported, not asserted; see trainable_parameter_percentage in the results tables.
2026-09-08 17:50:03,963 INFO [train_baselines] tier=broad-instruct method=baseline_fairnet seed=42 already trained; skipping.
2026-09-08 17:50:03,963 INFO [train_baselines] tier=broad-instruct method=baseline_fairnet seed=43 already trained; skipping.
2026-09-08 17:50:03,963 INFO [train_baselines] tier=broad-instruct method=baseline_fairnet seed=44 already trained; skipping.
2026-09-08 17:50:03,963 INFO [train_baselines] tier=broad-instruct method=baseline_igu_lora seed=42 already trained; skipping.
2026-09-08 17:50:03,963 INFO [train_baselines] tier=broad-instruct method=baseline_pedal seed=42 already trained; skipping.
2026-09-08 17:50:03,963 INFO [train_baselines] tier=broad-instruct method=baseline_dart seed=42 already trained; skipping.
2026-09-08 17:50:03,964 INFO [train_baselines] tier=broad-instruct method=baseline_dart seed=43 already trained; skipping.
2026-09-08 17:50:03,964 INFO [train_baselines] tier=broad-instruct method=baseline_dart seed=44 already trained; skipping.
2026-09-08 17:50:03,964 INFO [train_baselines] tier=broad-instruct method=baseline_regift seed=42 already trained; skipping.
2026-09-08 17:50:15,052 INFO [train_baselines] LFTF located 15/36 blocks for broad-instruct.
2026-09-08 17:50:15,079 INFO [train_baselines] tier=broad-instruct method=baseline_lftf seed=42 already trained; skipping.
2026-09-08 17:50:15,079 INFO [train_baselines] tier=broad-instruct method=reference_vanilla_lora seed=42 already trained; skipping.
2026-09-08 17:50:15,079 INFO [train_baselines] tier=broad-instruct method=reference_vanilla_lora seed=43 already trained; skipping.
2026-09-08 17:50:15,079 INFO [train_baselines] tier=broad-instruct method=reference_vanilla_lora seed=44 already trained; skipping.
2026-09-08 17:50:15,079 INFO [train_baselines] tier=broad-instruct method=reference_vanilla_qlora seed=42 already trained; skipping.
2026-09-08 17:50:26,014 INFO [train_baselines] Wrote FairSteer steering vector for broad-instruct (layer 18, dim=2560).
2026-09-08 17:50:26,040 INFO [train_baselines] Baseline budgets for general-instruct are reported, not asserted; see trainable_parameter_percentage in the results tables.
2026-09-08 17:50:26,042 INFO [train_baselines] tier=general-instruct method=baseline_fairnet seed=42 already trained; skipping.
2026-09-08 17:50:26,042 INFO [train_baselines] tier=general-instruct method=baseline_fairnet seed=43 already trained; skipping.
2026-09-08 17:50:26,042 INFO [train_baselines] tier=general-instruct method=baseline_fairnet seed=44 already trained; skipping.
2026-09-08 17:50:26,042 INFO [train_baselines] tier=general-instruct method=baseline_igu_lora seed=42 already trained; skipping.
2026-09-08 17:50:26,042 INFO [train_baselines] tier=general-instruct method=baseline_pedal seed=42 already trained; skipping.
2026-09-08 17:50:26,042 INFO [train_baselines] tier=general-instruct method=baseline_dart seed=42 already trained; skipping.
2026-09-08 17:50:26,042 INFO [train_baselines] tier=general-instruct method=baseline_dart seed=43 already trained; skipping.
2026-09-08 17:50:26,042 INFO [train_baselines] tier=general-instruct method=baseline_dart seed=44 already trained; skipping.
2026-09-08 17:50:26,043 INFO [train_baselines] tier=general-instruct method=baseline_regift seed=42 already trained; skipping.
2026-09-08 17:50:54,620 INFO [train_baselines] LFTF located 20/48 blocks for general-instruct.
2026-09-08 17:50:54,668 INFO [train_baselines] tier=general-instruct method=baseline_lftf seed=42 already trained; skipping.
2026-09-08 17:50:54,669 INFO [train_baselines] tier=general-instruct method=reference_vanilla_lora seed=42 already trained; skipping.
2026-09-08 17:50:54,669 INFO [train_baselines] tier=general-instruct method=reference_vanilla_lora seed=43 already trained; skipping.
2026-09-08 17:50:54,669 INFO [train_baselines] tier=general-instruct method=reference_vanilla_lora seed=44 already trained; skipping.
2026-09-08 17:50:54,669 INFO [train_baselines] tier=general-instruct method=reference_vanilla_qlora seed=42 already trained; skipping.
2026-09-08 17:51:23,244 INFO [train_baselines] Wrote FairSteer steering vector for general-instruct (layer 24, dim=3840).
2026-09-08 17:51:23,292 INFO [train_baselines] Baseline budgets for general-instruct-2 are reported, not asserted; see trainable_parameter_percentage in the results tables.
2026-09-08 17:51:23,294 INFO [train_baselines] Training baseline tier=general-instruct-2 method=baseline_fairnet seed=42
2026-09-08 17:56:24,784 INFO [training] Saved checkpoint /workspace/Finetune_AgriFair/checkpoints/general-instruct-2/baseline_fairnet/seed_42/epoch_0
2026-09-08 17:59:05,848 INFO [artifact_sync] Snapshot pushed: 546 files to branch gpu-run-artifacts.
2026-09-08 18:01:06,869 INFO [training] Saved checkpoint /workspace/Finetune_AgriFair/checkpoints/general-instruct-2/baseline_fairnet/seed_42/epoch_1
2026-09-08 18:05:46,668 INFO [training] Saved checkpoint /workspace/Finetune_AgriFair/checkpoints/general-instruct-2/baseline_fairnet/seed_42/epoch_2
2026-09-08 18:05:48,261 INFO [train_baselines] tier=general-instruct-2 method=baseline_fairnet seed=43 already trained; skipping.
2026-09-08 18:05:48,262 INFO [train_baselines] tier=general-instruct-2 method=baseline_fairnet seed=44 already trained; skipping.
2026-09-08 18:05:48,262 INFO [train_baselines] tier=general-instruct-2 method=baseline_igu_lora seed=42 already trained; skipping.
2026-09-08 18:05:48,262 INFO [train_baselines] tier=general-instruct-2 method=baseline_pedal seed=42 already trained; skipping.
2026-09-08 18:05:48,263 INFO [train_baselines] tier=general-instruct-2 method=baseline_dart seed=42 already trained; skipping.
2026-09-08 18:05:48,263 INFO [train_baselines] tier=general-instruct-2 method=baseline_dart seed=43 already trained; skipping.
2026-09-08 18:05:48,263 INFO [train_baselines] tier=general-instruct-2 method=baseline_dart seed=44 already trained; skipping.
2026-09-08 18:05:48,263 INFO [train_baselines] tier=general-instruct-2 method=baseline_regift seed=42 already trained; skipping.
2026-09-08 18:06:05,664 INFO [train_baselines] LFTF located 1/36 blocks for general-instruct-2.
2026-09-08 18:06:05,695 INFO [train_baselines] tier=general-instruct-2 method=baseline_lftf seed=42 already trained; skipping.
2026-09-08 18:06:05,696 INFO [train_baselines] tier=general-instruct-2 method=reference_vanilla_lora seed=42 already trained; skipping.
2026-09-08 18:06:05,696 INFO [train_baselines] tier=general-instruct-2 method=reference_vanilla_lora seed=43 already trained; skipping.
2026-09-08 18:06:05,697 INFO [train_baselines] tier=general-instruct-2 method=reference_vanilla_lora seed=44 already trained; skipping.
2026-09-08 18:06:05,697 INFO [train_baselines] tier=general-instruct-2 method=reference_vanilla_qlora seed=42 already trained; skipping.
2026-09-08 18:06:24,331 INFO [train_baselines] Wrote FairSteer steering vector for general-instruct-2 (layer 18, dim=4096).
2026-09-08 18:06:24,383 INFO [run_all] --- train_baselines done in 996.5 s ---
2026-09-08 18:06:24,384 INFO [run_all] === evaluate_all ===
2026-09-08 18:06:30,438 INFO [evaluate_all] Reusing cached predictions for tier=small-instruct method=frozen_base seed=42.
2026-09-08 18:08:23,635 INFO [evaluate_all] Evaluated tier=small-instruct method=frozen_base seed=42 balanced_awareness=0.386 erasure=0.437 fabrication=0.503
2026-09-08 18:08:32,298 INFO [evaluate_all] Reusing cached predictions for tier=small-instruct method=ablation_no_condition_adaptive seed=42.
2026-09-08 18:10:37,753 INFO [evaluate_all] Evaluated tier=small-instruct method=ablation_no_condition_adaptive seed=42 balanced_awareness=0.941 erasure=0.003 fabrication=0.087
2026-09-08 18:10:46,621 INFO [evaluate_all] Reusing cached predictions for tier=small-instruct method=ablation_no_rationale_loss seed=42.
2026-09-08 18:11:49,965 INFO [evaluate_all] Evaluated tier=small-instruct method=ablation_no_rationale_loss seed=42 balanced_awareness=0.941 erasure=0.030 fabrication=0.040
2026-09-08 18:11:59,300 INFO [evaluate_all] Reusing cached predictions for tier=small-instruct method=ablation_placement_random seed=42.
2026-09-08 18:14:06,592 INFO [evaluate_all] Evaluated tier=small-instruct method=ablation_placement_random seed=42 balanced_awareness=0.959 erasure=0.005 fabrication=0.056
2026-09-08 18:14:15,686 INFO [evaluate_all] Reusing cached predictions for tier=small-instruct method=ablation_placement_random_draw2 seed=42.
2026-09-08 18:16:24,580 INFO [evaluate_all] Evaluated tier=small-instruct method=ablation_placement_random_draw2 seed=42 balanced_awareness=0.953 erasure=0.011 fabrication=0.061
2026-09-08 18:16:32,609 INFO [evaluate_all] Reusing cached predictions for tier=small-instruct method=ablation_placement_random_draw3 seed=42.
2026-09-08 18:18:40,143 INFO [evaluate_all] Evaluated tier=small-instruct method=ablation_placement_random_draw3 seed=42 balanced_awareness=0.953 erasure=0.011 fabrication=0.061
2026-09-08 18:18:50,009 INFO [evaluate_all] Reusing cached predictions for tier=small-instruct method=ablation_placement_uniform seed=42.
2026-09-08 18:21:13,608 INFO [evaluate_all] Evaluated tier=small-instruct method=ablation_placement_uniform seed=42 balanced_awareness=0.947 erasure=0.008 fabrication=0.061
2026-09-08 18:21:21,097 INFO [evaluate_all] Reusing cached predictions for tier=small-instruct method=ablation_rank_sweep_16 seed=42.
2026-09-08 18:23:25,560 INFO [evaluate_all] Evaluated tier=small-instruct method=ablation_rank_sweep_16 seed=42 balanced_awareness=0.948 erasure=0.005 fabrication=0.077
2026-09-08 18:23:33,992 INFO [evaluate_all] Reusing cached predictions for tier=small-instruct method=ablation_rank_sweep_32 seed=42.
2026-09-08 18:25:38,809 INFO [evaluate_all] Evaluated tier=small-instruct method=ablation_rank_sweep_32 seed=42 balanced_awareness=0.933 erasure=0.011 fabrication=0.071
2026-09-08 18:25:45,879 INFO [evaluate_all] Reusing cached predictions for tier=small-instruct method=ablation_rank_sweep_8 seed=42.
2026-09-08 18:27:47,622 INFO [evaluate_all] Evaluated tier=small-instruct method=ablation_rank_sweep_8 seed=42 balanced_awareness=0.945 erasure=0.038 fabrication=0.050
2026-09-08 18:27:57,832 INFO [evaluate_all] Reusing cached predictions for tier=small-instruct method=baseline_dart seed=42.
2026-09-08 18:29:11,485 INFO [artifact_sync] Snapshot pushed: 546 files to branch gpu-run-artifacts.
2026-09-08 18:30:22,849 INFO [evaluate_all] Evaluated tier=small-instruct method=baseline_dart seed=42 balanced_awareness=0.938 erasure=0.000 fabrication=0.082
2026-09-08 18:30:33,474 INFO [evaluate_all] Reusing cached predictions for tier=small-instruct method=baseline_dart seed=43.
2026-09-08 18:32:56,401 INFO [evaluate_all] Evaluated tier=small-instruct method=baseline_dart seed=43 balanced_awareness=0.943 erasure=0.019 fabrication=0.053
2026-09-08 18:33:05,672 INFO [evaluate_all] Reusing cached predictions for tier=small-instruct method=baseline_dart seed=44.
2026-09-08 18:35:32,577 INFO [evaluate_all] Evaluated tier=small-instruct method=baseline_dart seed=44 balanced_awareness=0.944 erasure=0.067 fabrication=0.029
2026-09-08 18:35:43,551 INFO [evaluate_all] Reusing cached predictions for tier=small-instruct method=baseline_fairnet seed=42.
2026-09-08 18:37:06,587 INFO [evaluate_all] Evaluated tier=small-instruct method=baseline_fairnet seed=42 balanced_awareness=0.935 erasure=0.013 fabrication=0.061
2026-09-08 18:37:16,705 INFO [evaluate_all] Reusing cached predictions for tier=small-instruct method=baseline_fairnet seed=43.
2026-09-08 18:38:39,172 INFO [evaluate_all] Evaluated tier=small-instruct method=baseline_fairnet seed=43 balanced_awareness=0.951 erasure=0.011 fabrication=0.063
2026-09-08 18:38:49,135 INFO [evaluate_all] Reusing cached predictions for tier=small-instruct method=baseline_fairnet seed=44.
2026-09-08 18:40:11,098 INFO [evaluate_all] Evaluated tier=small-instruct method=baseline_fairnet seed=44 balanced_awareness=0.937 erasure=0.046 fabrication=0.058
2026-09-08 18:40:19,300 INFO [evaluate_all] Reusing cached predictions for tier=small-instruct method=baseline_igu_lora seed=42.
2026-09-08 18:41:24,682 INFO [evaluate_all] Evaluated tier=small-instruct method=baseline_igu_lora seed=42 balanced_awareness=0.932 erasure=0.013 fabrication=0.074
2026-09-08 18:41:33,186 INFO [evaluate_all] Reusing cached predictions for tier=small-instruct method=baseline_lftf seed=42.
2026-09-08 18:42:32,349 INFO [evaluate_all] Evaluated tier=small-instruct method=baseline_lftf seed=42 balanced_awareness=0.880 erasure=0.084 fabrication=0.090
2026-09-08 18:42:42,205 INFO [evaluate_all] Reusing cached predictions for tier=small-instruct method=baseline_pedal seed=42.
2026-09-08 18:44:04,666 INFO [evaluate_all] Evaluated tier=small-instruct method=baseline_pedal seed=42 balanced_awareness=0.940 erasure=0.003 fabrication=0.074
2026-09-08 18:44:14,217 INFO [evaluate_all] Reusing cached predictions for tier=small-instruct method=baseline_regift seed=42.
2026-09-08 18:46:58,918 INFO [evaluate_all] Evaluated tier=small-instruct method=baseline_regift seed=42 balanced_awareness=0.941 erasure=0.011 fabrication=0.063
2026-09-08 18:47:07,001 INFO [evaluate_all] Reusing cached predictions for tier=small-instruct method=graft_proposed seed=42.
2026-09-08 18:49:17,407 INFO [evaluate_all] Evaluated tier=small-instruct method=graft_proposed seed=42 balanced_awareness=0.933 erasure=0.019 fabrication=0.063
2026-09-08 18:49:26,456 INFO [evaluate_all] Reusing cached predictions for tier=small-instruct method=graft_proposed seed=43.
2026-09-08 18:51:29,656 INFO [evaluate_all] Evaluated tier=small-instruct method=graft_proposed seed=43 balanced_awareness=0.951 erasure=0.005 fabrication=0.058
2026-09-08 18:51:38,432 INFO [evaluate_all] Reusing cached predictions for tier=small-instruct method=graft_proposed seed=44.
2026-09-08 18:53:41,234 INFO [evaluate_all] Evaluated tier=small-instruct method=graft_proposed seed=44 balanced_awareness=0.953 erasure=0.022 fabrication=0.058
2026-09-08 18:53:49,804 INFO [evaluate_all] Reusing cached predictions for tier=small-instruct method=graft_proposed_loao_gender seed=42.
2026-09-08 18:54:23,817 INFO [evaluate_all] Evaluated tier=small-instruct method=graft_proposed_loao_gender seed=42 balanced_awareness=0.182 erasure=0.900 fabrication=0.000
2026-09-08 18:54:31,986 INFO [evaluate_all] Reusing cached predictions for tier=small-instruct method=graft_proposed_loao_landholding seed=42.
2026-09-08 18:55:23,525 INFO [evaluate_all] Evaluated tier=small-instruct method=graft_proposed_loao_landholding seed=42 balanced_awareness=0.499 erasure=0.000 fabrication=0.359
2026-09-08 18:55:31,629 INFO [evaluate_all] Reusing cached predictions for tier=small-instruct method=graft_proposed_loao_social_group seed=42.
2026-09-08 18:56:25,712 INFO [evaluate_all] Evaluated tier=small-instruct method=graft_proposed_loao_social_group seed=42 balanced_awareness=0.130 erasure=0.390 fabrication=0.099
2026-09-08 18:56:43,321 INFO [evaluate_all] Reusing cached predictions for tier=small-instruct method=graft_proposed_qlora_nf4 seed=42.
2026-09-08 18:59:01,912 INFO [evaluate_all] Evaluated tier=small-instruct method=graft_proposed_qlora_nf4 seed=42 balanced_awareness=0.949 erasure=0.008 fabrication=0.061
2026-09-08 18:59:09,299 INFO [evaluate_all] Reusing cached predictions for tier=small-instruct method=reference_vanilla_lora seed=42.
2026-09-08 18:59:16,923 INFO [artifact_sync] Snapshot pushed: 546 files to branch gpu-run-artifacts.
2026-09-08 19:00:30,225 INFO [evaluate_all] Evaluated tier=small-instruct method=reference_vanilla_lora seed=42 balanced_awareness=0.951 erasure=0.003 fabrication=0.058
2026-09-08 19:00:37,801 INFO [evaluate_all] Reusing cached predictions for tier=small-instruct method=reference_vanilla_lora seed=43.
2026-09-08 19:01:59,473 INFO [evaluate_all] Evaluated tier=small-instruct method=reference_vanilla_lora seed=43 balanced_awareness=0.941 erasure=0.051 fabrication=0.050
2026-09-08 19:02:07,297 INFO [evaluate_all] Reusing cached predictions for tier=small-instruct method=reference_vanilla_lora seed=44.
2026-09-08 19:03:27,965 INFO [evaluate_all] Evaluated tier=small-instruct method=reference_vanilla_lora seed=44 balanced_awareness=0.853 erasure=0.199 fabrication=0.050
2026-09-08 19:03:35,796 INFO [evaluate_all] Reusing cached predictions for tier=small-instruct method=reference_vanilla_lora_loao_gender seed=42.
2026-09-08 19:04:11,365 INFO [evaluate_all] Evaluated tier=small-instruct method=reference_vanilla_lora_loao_gender seed=42 balanced_awareness=0.000 erasure=0.950 fabrication=0.000
2026-09-08 19:04:18,785 INFO [evaluate_all] Reusing cached predictions for tier=small-instruct method=reference_vanilla_lora_loao_landholding seed=42.
2026-09-08 19:04:54,498 INFO [evaluate_all] Evaluated tier=small-instruct method=reference_vanilla_lora_loao_landholding seed=42 balanced_awareness=0.551 erasure=0.000 fabrication=0.372
2026-09-08 19:05:01,895 INFO [evaluate_all] Reusing cached predictions for tier=small-instruct method=reference_vanilla_lora_loao_social_group seed=42.
2026-09-08 19:05:37,802 INFO [evaluate_all] Evaluated tier=small-instruct method=reference_vanilla_lora_loao_social_group seed=42 balanced_awareness=0.140 erasure=0.797 fabrication=0.005
2026-09-08 19:05:53,715 INFO [evaluate_all] Reusing cached predictions for tier=small-instruct method=reference_vanilla_qlora seed=42.
2026-09-08 19:07:25,968 INFO [evaluate_all] Evaluated tier=small-instruct method=reference_vanilla_qlora seed=42 balanced_awareness=0.948 erasure=0.013 fabrication=0.061
2026-09-08 19:07:31,454 INFO [evaluate_all] Reusing cached predictions for tier=small-instruct method=baseline_fairsteer seed=42.
2026-09-08 19:08:16,655 INFO [evaluate_all] Evaluated tier=small-instruct method=baseline_fairsteer seed=42 balanced_awareness=0.376 erasure=0.356 fabrication=0.614
2026-09-08 19:08:23,525 INFO [evaluate_all] Reusing cached predictions for tier=broad-instruct method=frozen_base seed=42.
2026-09-08 19:10:26,002 INFO [evaluate_all] Evaluated tier=broad-instruct method=frozen_base seed=42 balanced_awareness=0.343 erasure=0.051 fabrication=0.780
2026-09-08 19:10:38,326 INFO [evaluate_all] Reusing cached predictions for tier=broad-instruct method=ablation_no_condition_adaptive seed=42.
2026-09-08 19:13:16,879 INFO [evaluate_all] Evaluated tier=broad-instruct method=ablation_no_condition_adaptive seed=42 balanced_awareness=0.937 erasure=0.000 fabrication=0.082
2026-09-08 19:13:29,718 INFO [evaluate_all] Reusing cached predictions for tier=broad-instruct method=ablation_no_rationale_loss seed=42.
2026-09-08 19:15:05,170 INFO [evaluate_all] Evaluated tier=broad-instruct method=ablation_no_rationale_loss seed=42 balanced_awareness=0.911 erasure=0.003 fabrication=0.132
2026-09-08 19:15:17,823 INFO [evaluate_all] Reusing cached predictions for tier=broad-instruct method=ablation_placement_random seed=42.
2026-09-08 19:17:56,070 INFO [evaluate_all] Evaluated tier=broad-instruct method=ablation_placement_random seed=42 balanced_awareness=0.952 erasure=0.003 fabrication=0.063
2026-09-08 19:18:08,232 INFO [evaluate_all] Reusing cached predictions for tier=broad-instruct method=ablation_placement_random_draw2 seed=42.
2026-09-08 19:20:50,350 INFO [evaluate_all] Evaluated tier=broad-instruct method=ablation_placement_random_draw2 seed=42 balanced_awareness=0.945 erasure=0.013 fabrication=0.063
2026-09-08 19:21:02,438 INFO [evaluate_all] Reusing cached predictions for tier=broad-instruct method=ablation_placement_random_draw3 seed=42.
2026-09-08 19:24:01,600 INFO [evaluate_all] Evaluated tier=broad-instruct method=ablation_placement_random_draw3 seed=42 balanced_awareness=0.938 erasure=0.005 fabrication=0.077
2026-09-08 19:24:14,244 INFO [evaluate_all] Reusing cached predictions for tier=broad-instruct method=ablation_placement_uniform seed=42.
2026-09-08 19:27:14,251 INFO [evaluate_all] Evaluated tier=broad-instruct method=ablation_placement_uniform seed=42 balanced_awareness=0.920 erasure=0.000 fabrication=0.111
2026-09-08 19:27:24,105 INFO [evaluate_all] Reusing cached predictions for tier=broad-instruct method=ablation_rank_sweep_16 seed=42.
2026-09-08 19:29:22,273 INFO [artifact_sync] Snapshot pushed: 546 files to branch gpu-run-artifacts.
2026-09-08 19:30:09,039 INFO [evaluate_all] Evaluated tier=broad-instruct method=ablation_rank_sweep_16 seed=42 balanced_awareness=0.940 erasure=0.000 fabrication=0.093
2026-09-08 19:30:20,528 INFO [evaluate_all] Reusing cached predictions for tier=broad-instruct method=ablation_rank_sweep_32 seed=42.
2026-09-08 19:33:00,016 INFO [evaluate_all] Evaluated tier=broad-instruct method=ablation_rank_sweep_32 seed=42 balanced_awareness=0.927 erasure=0.005 fabrication=0.108
2026-09-08 19:33:07,917 INFO [evaluate_all] Reusing cached predictions for tier=broad-instruct method=ablation_rank_sweep_8 seed=42.
2026-09-08 19:35:52,768 INFO [evaluate_all] Evaluated tier=broad-instruct method=ablation_rank_sweep_8 seed=42 balanced_awareness=0.940 erasure=0.000 fabrication=0.095
2026-09-08 19:36:06,193 INFO [evaluate_all] Reusing cached predictions for tier=broad-instruct method=baseline_dart seed=42.
2026-09-08 19:39:08,347 INFO [evaluate_all] Evaluated tier=broad-instruct method=baseline_dart seed=42 balanced_awareness=0.933 erasure=0.011 fabrication=0.079
2026-09-08 19:39:21,747 INFO [evaluate_all] Reusing cached predictions for tier=broad-instruct method=baseline_dart seed=43.
2026-09-08 19:42:27,539 INFO [evaluate_all] Evaluated tier=broad-instruct method=baseline_dart seed=43 balanced_awareness=0.936 erasure=0.040 fabrication=0.050
2026-09-08 19:42:41,842 INFO [evaluate_all] Reusing cached predictions for tier=broad-instruct method=baseline_dart seed=44.
2026-09-08 19:46:10,731 INFO [evaluate_all] Evaluated tier=broad-instruct method=baseline_dart seed=44 balanced_awareness=0.944 erasure=0.013 fabrication=0.061
2026-09-08 19:46:26,523 INFO [evaluate_all] Reusing cached predictions for tier=broad-instruct method=baseline_fairnet seed=42.
2026-09-08 19:48:22,908 INFO [evaluate_all] Evaluated tier=broad-instruct method=baseline_fairnet seed=42 balanced_awareness=0.925 erasure=0.024 fabrication=0.103
2026-09-08 19:48:36,055 INFO [evaluate_all] Reusing cached predictions for tier=broad-instruct method=baseline_fairnet seed=43.
2026-09-08 19:50:29,769 INFO [evaluate_all] Evaluated tier=broad-instruct method=baseline_fairnet seed=43 balanced_awareness=0.913 erasure=0.065 fabrication=0.058
2026-09-08 19:50:43,142 INFO [evaluate_all] Reusing cached predictions for tier=broad-instruct method=baseline_fairnet seed=44.
2026-09-08 19:52:32,172 INFO [evaluate_all] Evaluated tier=broad-instruct method=baseline_fairnet seed=44 balanced_awareness=0.903 erasure=0.008 fabrication=0.127
2026-09-08 19:52:44,623 INFO [evaluate_all] Reusing cached predictions for tier=broad-instruct method=baseline_igu_lora seed=42.
2026-09-08 19:54:20,310 INFO [evaluate_all] Evaluated tier=broad-instruct method=baseline_igu_lora seed=42 balanced_awareness=0.951 erasure=0.019 fabrication=0.050
2026-09-08 19:54:31,523 INFO [evaluate_all] Reusing cached predictions for tier=broad-instruct method=baseline_lftf seed=42.
2026-09-08 19:55:58,011 INFO [evaluate_all] Evaluated tier=broad-instruct method=baseline_lftf seed=42 balanced_awareness=0.924 erasure=0.049 fabrication=0.066
2026-09-08 19:56:11,445 INFO [evaluate_all] Reusing cached predictions for tier=broad-instruct method=baseline_pedal seed=42.
2026-09-08 19:58:02,799 INFO [evaluate_all] Evaluated tier=broad-instruct method=baseline_pedal seed=42 balanced_awareness=0.929 erasure=0.013 fabrication=0.098
2026-09-08 19:58:16,237 INFO [evaluate_all] Reusing cached predictions for tier=broad-instruct method=baseline_regift seed=42.
2026-09-08 19:59:27,870 INFO [artifact_sync] Snapshot pushed: 546 files to branch gpu-run-artifacts.
2026-09-08 20:01:22,639 INFO [evaluate_all] Evaluated tier=broad-instruct method=baseline_regift seed=42 balanced_awareness=0.955 erasure=0.008 fabrication=0.058
2026-09-08 20:01:34,640 INFO [evaluate_all] Reusing cached predictions for tier=broad-instruct method=graft_proposed seed=42.
2026-09-08 20:04:22,593 INFO [evaluate_all] Evaluated tier=broad-instruct method=graft_proposed seed=42 balanced_awareness=0.937 erasure=0.008 fabrication=0.074
2026-09-08 20:04:34,716 INFO [evaluate_all] Reusing cached predictions for tier=broad-instruct method=graft_proposed seed=43.
2026-09-08 20:07:27,932 INFO [evaluate_all] Evaluated tier=broad-instruct method=graft_proposed seed=43 balanced_awareness=0.958 erasure=0.003 fabrication=0.058
2026-09-08 20:07:40,216 INFO [evaluate_all] Reusing cached predictions for tier=broad-instruct method=graft_proposed seed=44.
2026-09-08 20:10:34,158 INFO [evaluate_all] Evaluated tier=broad-instruct method=graft_proposed seed=44 balanced_awareness=0.911 erasure=0.000 fabrication=0.138
2026-09-08 20:10:45,936 INFO [evaluate_all] Reusing cached predictions for tier=broad-instruct method=graft_proposed_loao_gender seed=42.
2026-09-08 20:11:32,921 INFO [evaluate_all] Evaluated tier=broad-instruct method=graft_proposed_loao_gender seed=42 balanced_awareness=0.333 erasure=0.725 fabrication=0.000
2026-09-08 20:11:44,911 INFO [evaluate_all] Reusing cached predictions for tier=broad-instruct method=graft_proposed_loao_landholding seed=42.
2026-09-08 20:12:52,270 INFO [evaluate_all] Evaluated tier=broad-instruct method=graft_proposed_loao_landholding seed=42 balanced_awareness=0.551 erasure=0.000 fabrication=0.417
2026-09-08 20:13:04,329 INFO [evaluate_all] Reusing cached predictions for tier=broad-instruct method=graft_proposed_loao_social_group seed=42.
2026-09-08 20:14:16,685 INFO [evaluate_all] Evaluated tier=broad-instruct method=graft_proposed_loao_social_group seed=42 balanced_awareness=0.012 erasure=0.948 fabrication=0.021
2026-09-08 20:14:40,327 INFO [evaluate_all] Reusing cached predictions for tier=broad-instruct method=graft_proposed_qlora_nf4 seed=42.
2026-09-08 20:25:45,995 INFO [evaluate_all] Evaluated tier=broad-instruct method=graft_proposed_qlora_nf4 seed=42 balanced_awareness=0.911 erasure=0.003 fabrication=0.095
2026-09-08 20:25:54,830 INFO [evaluate_all] Reusing cached predictions for tier=broad-instruct method=reference_vanilla_lora seed=42.
2026-09-08 20:27:44,406 INFO [evaluate_all] Evaluated tier=broad-instruct method=reference_vanilla_lora seed=42 balanced_awareness=0.936 erasure=0.011 fabrication=0.079
2026-09-08 20:27:53,022 INFO [evaluate_all] Reusing cached predictions for tier=broad-instruct method=reference_vanilla_lora seed=43.
2026-09-08 20:29:33,084 INFO [artifact_sync] Snapshot pushed: 546 files to branch gpu-run-artifacts.
2026-09-08 20:29:42,060 INFO [evaluate_all] Evaluated tier=broad-instruct method=reference_vanilla_lora seed=43 balanced_awareness=0.949 erasure=0.008 fabrication=0.056
2026-09-08 20:29:50,632 INFO [evaluate_all] Reusing cached predictions for tier=broad-instruct method=reference_vanilla_lora seed=44.
2026-09-08 20:31:38,311 INFO [evaluate_all] Evaluated tier=broad-instruct method=reference_vanilla_lora seed=44 balanced_awareness=0.919 erasure=0.040 fabrication=0.093
2026-09-08 20:31:47,126 INFO [evaluate_all] Reusing cached predictions for tier=broad-instruct method=reference_vanilla_lora_loao_gender seed=42.
2026-09-08 20:32:38,267 INFO [evaluate_all] Evaluated tier=broad-instruct method=reference_vanilla_lora_loao_gender seed=42 balanced_awareness=0.049 erasure=0.800 fabrication=0.000
2026-09-08 20:32:47,233 INFO [evaluate_all] Reusing cached predictions for tier=broad-instruct method=reference_vanilla_lora_loao_landholding seed=42.
2026-09-08 20:33:44,697 INFO [evaluate_all] Evaluated tier=broad-instruct method=reference_vanilla_lora_loao_landholding seed=42 balanced_awareness=0.617 erasure=0.050 fabrication=0.462
2026-09-08 20:33:49,718 INFO [evaluate_all] Reusing cached predictions for tier=broad-instruct method=reference_vanilla_lora_loao_social_group seed=42.
2026-09-08 20:34:42,072 INFO [evaluate_all] Evaluated tier=broad-instruct method=reference_vanilla_lora_loao_social_group seed=42 balanced_awareness=0.012 erasure=0.994 fabrication=0.000
2026-09-08 20:34:55,116 INFO [evaluate_all] Reusing cached predictions for tier=broad-instruct method=reference_vanilla_qlora seed=42.
2026-09-08 20:36:59,933 INFO [evaluate_all] Evaluated tier=broad-instruct method=reference_vanilla_qlora seed=42 balanced_awareness=0.949 erasure=0.003 fabrication=0.069
2026-09-08 20:37:08,316 INFO [evaluate_all] Reusing cached predictions for tier=broad-instruct method=baseline_fairsteer seed=42.
2026-09-08 20:38:14,245 INFO [evaluate_all] Evaluated tier=broad-instruct method=baseline_fairsteer seed=42 balanced_awareness=0.011 erasure=0.000 fabrication=0.995
2026-09-08 20:38:33,696 INFO [evaluate_all] Reusing cached predictions for tier=general-instruct method=frozen_base seed=42.
2026-09-08 20:42:17,358 INFO [evaluate_all] Evaluated tier=general-instruct method=frozen_base seed=42 balanced_awareness=0.245 erasure=0.032 fabrication=0.854
2026-09-08 20:42:33,903 INFO [evaluate_all] Reusing cached predictions for tier=general-instruct method=ablation_no_condition_adaptive seed=42.
2026-09-08 20:53:51,087 INFO [evaluate_all] Evaluated tier=general-instruct method=ablation_no_condition_adaptive seed=42 balanced_awareness=0.936 erasure=0.024 fabrication=0.069
2026-09-08 20:54:07,980 INFO [evaluate_all] Reusing cached predictions for tier=general-instruct method=ablation_no_rationale_loss seed=42.
2026-09-08 20:57:02,596 INFO [evaluate_all] Evaluated tier=general-instruct method=ablation_no_rationale_loss seed=42 balanced_awareness=0.932 erasure=0.013 fabrication=0.082
2026-09-08 20:57:20,479 INFO [evaluate_all] Reusing cached predictions for tier=general-instruct method=ablation_placement_random seed=42.
2026-09-08 20:59:38,597 INFO [artifact_sync] Snapshot pushed: 546 files to branch gpu-run-artifacts.
2026-09-08 21:01:42,344 INFO [evaluate_all] Evaluated tier=general-instruct method=ablation_placement_random seed=42 balanced_awareness=0.933 erasure=0.016 fabrication=0.063
2026-09-08 21:01:59,581 INFO [evaluate_all] Reusing cached predictions for tier=general-instruct method=ablation_placement_random_draw2 seed=42.
2026-09-08 21:06:31,627 INFO [evaluate_all] Evaluated tier=general-instruct method=ablation_placement_random_draw2 seed=42 balanced_awareness=0.946 erasure=0.000 fabrication=0.079
2026-09-08 21:06:47,880 INFO [evaluate_all] Reusing cached predictions for tier=general-instruct method=ablation_placement_random_draw3 seed=42.
2026-09-08 21:11:23,708 INFO [evaluate_all] Evaluated tier=general-instruct method=ablation_placement_random_draw3 seed=42 balanced_awareness=0.936 erasure=0.005 fabrication=0.098
2026-09-08 21:11:46,869 INFO [evaluate_all] Reusing cached predictions for tier=general-instruct method=ablation_placement_uniform seed=42.
2026-09-08 21:16:32,693 INFO [evaluate_all] Evaluated tier=general-instruct method=ablation_placement_uniform seed=42 balanced_awareness=0.936 erasure=0.000 fabrication=0.085
2026-09-08 21:16:47,271 INFO [evaluate_all] Reusing cached predictions for tier=general-instruct method=ablation_rank_sweep_16 seed=42.
2026-09-08 21:21:07,214 INFO [evaluate_all] Evaluated tier=general-instruct method=ablation_rank_sweep_16 seed=42 balanced_awareness=0.948 erasure=0.013 fabrication=0.063
2026-09-08 21:21:23,076 INFO [evaluate_all] Reusing cached predictions for tier=general-instruct method=ablation_rank_sweep_32 seed=42.
2026-09-08 21:25:37,141 INFO [evaluate_all] Evaluated tier=general-instruct method=ablation_rank_sweep_32 seed=42 balanced_awareness=0.894 erasure=0.013 fabrication=0.127
2026-09-08 21:25:55,556 INFO [evaluate_all] Reusing cached predictions for tier=general-instruct method=ablation_rank_sweep_8 seed=42.
2026-09-08 21:29:43,966 INFO [artifact_sync] Snapshot pushed: 546 files to branch gpu-run-artifacts.
2026-09-08 21:30:03,760 INFO [evaluate_all] Evaluated tier=general-instruct method=ablation_rank_sweep_8 seed=42 balanced_awareness=0.952 erasure=0.016 fabrication=0.066
2026-09-08 21:30:35,804 INFO [evaluate_all] Reusing cached predictions for tier=general-instruct method=baseline_dart seed=42.
2026-09-08 21:35:20,097 INFO [evaluate_all] Evaluated tier=general-instruct method=baseline_dart seed=42 balanced_awareness=0.934 erasure=0.030 fabrication=0.058
2026-09-08 21:35:54,304 INFO [evaluate_all] Reusing cached predictions for tier=general-instruct method=baseline_dart seed=43.
2026-09-08 21:41:19,618 INFO [evaluate_all] Evaluated tier=general-instruct method=baseline_dart seed=43 balanced_awareness=0.950 erasure=0.005 fabrication=0.066
2026-09-08 21:41:52,705 INFO [evaluate_all] Reusing cached predictions for tier=general-instruct method=baseline_dart seed=44.
2026-09-08 21:46:34,947 INFO [evaluate_all] Evaluated tier=general-instruct method=baseline_dart seed=44 balanced_awareness=0.953 erasure=0.027 fabrication=0.053
2026-09-08 21:47:09,018 INFO [evaluate_all] Reusing cached predictions for tier=general-instruct method=baseline_fairnet seed=42.
2026-09-08 21:50:31,145 INFO [evaluate_all] Evaluated tier=general-instruct method=baseline_fairnet seed=42 balanced_awareness=0.932 erasure=0.011 fabrication=0.069
2026-09-08 21:50:57,774 INFO [evaluate_all] Reusing cached predictions for tier=general-instruct method=baseline_fairnet seed=43.
2026-09-08 21:54:19,496 INFO [evaluate_all] Evaluated tier=general-instruct method=baseline_fairnet seed=43 balanced_awareness=0.929 erasure=0.011 fabrication=0.095
2026-09-08 21:54:52,979 INFO [evaluate_all] Reusing cached predictions for tier=general-instruct method=baseline_fairnet seed=44.
2026-09-08 21:58:16,077 INFO [evaluate_all] Evaluated tier=general-instruct method=baseline_fairnet seed=44 balanced_awareness=0.901 erasure=0.032 fabrication=0.093
2026-09-08 21:58:39,065 INFO [evaluate_all] Reusing cached predictions for tier=general-instruct method=baseline_igu_lora seed=42.
2026-09-08 21:59:49,453 INFO [artifact_sync] Snapshot pushed: 546 files to branch gpu-run-artifacts.
2026-09-08 22:01:35,729 INFO [evaluate_all] Evaluated tier=general-instruct method=baseline_igu_lora seed=42 balanced_awareness=0.926 erasure=0.035 fabrication=0.061
2026-09-08 22:02:07,214 INFO [evaluate_all] Reusing cached predictions for tier=general-instruct method=baseline_pedal seed=42.
2026-09-08 22:05:36,228 INFO [evaluate_all] Evaluated tier=general-instruct method=baseline_pedal seed=42 balanced_awareness=0.907 erasure=0.000 fabrication=0.127
2026-09-08 22:06:08,603 INFO [evaluate_all] Reusing cached predictions for tier=general-instruct method=baseline_regift seed=42.
2026-09-08 22:10:53,810 INFO [evaluate_all] Evaluated tier=general-instruct method=baseline_regift seed=42 balanced_awareness=0.948 erasure=0.057 fabrication=0.026
2026-09-08 22:11:17,189 INFO [evaluate_all] Reusing cached predictions for tier=general-instruct method=graft_proposed seed=42.
2026-09-08 22:15:33,112 INFO [evaluate_all] Evaluated tier=general-instruct method=graft_proposed seed=42 balanced_awareness=0.924 erasure=0.005 fabrication=0.090
2026-09-08 22:15:56,162 INFO [evaluate_all] Reusing cached predictions for tier=general-instruct method=graft_proposed seed=43.
2026-09-08 22:29:54,722 INFO [artifact_sync] Snapshot pushed: 546 files to branch gpu-run-artifacts.
2026-09-08 22:30:05,856 INFO [evaluate_all] Evaluated tier=general-instruct method=graft_proposed seed=43 balanced_awareness=0.946 erasure=0.005 fabrication=0.071
2026-09-08 22:30:32,746 INFO [evaluate_all] Reusing cached predictions for tier=general-instruct method=graft_proposed seed=44.
2026-09-08 22:43:20,775 INFO [evaluate_all] Evaluated tier=general-instruct method=graft_proposed seed=44 balanced_awareness=0.853 erasure=0.003 fabrication=0.235
2026-09-08 22:43:45,108 INFO [evaluate_all] Reusing cached predictions for tier=general-instruct method=graft_proposed_loao_gender seed=42.
2026-09-08 22:45:12,247 INFO [evaluate_all] Evaluated tier=general-instruct method=graft_proposed_loao_gender seed=42 balanced_awareness=0.261 erasure=0.750 fabrication=0.000
2026-09-08 22:45:36,386 INFO [evaluate_all] Reusing cached predictions for tier=general-instruct method=graft_proposed_loao_landholding seed=42.
2026-09-08 22:47:35,285 INFO [evaluate_all] Evaluated tier=general-instruct method=graft_proposed_loao_landholding seed=42 balanced_awareness=0.290 erasure=0.050 fabrication=0.436
2026-09-08 22:47:58,871 INFO [evaluate_all] Reusing cached predictions for tier=general-instruct method=graft_proposed_loao_social_group seed=42.
2026-09-08 22:49:44,338 INFO [evaluate_all] Evaluated tier=general-instruct method=graft_proposed_loao_social_group seed=42 balanced_awareness=0.216 erasure=0.500 fabrication=0.047
2026-09-08 22:50:30,887 INFO [evaluate_all] Reusing cached predictions for tier=general-instruct method=graft_proposed_qlora_nf4 seed=42.
2026-09-08 22:55:01,595 INFO [evaluate_all] Evaluated tier=general-instruct method=graft_proposed_qlora_nf4 seed=42 balanced_awareness=0.929 erasure=0.005 fabrication=0.093
2026-09-08 22:55:20,815 INFO [evaluate_all] Reusing cached predictions for tier=general-instruct method=reference_vanilla_lora seed=42.
2026-09-08 22:58:46,569 INFO [evaluate_all] Evaluated tier=general-instruct method=reference_vanilla_lora seed=42 balanced_awareness=0.949 erasure=0.005 fabrication=0.074
2026-09-08 22:58:56,940 INFO [evaluate_all] Reusing cached predictions for tier=general-instruct method=reference_vanilla_lora seed=43.
2026-09-08 22:59:59,862 INFO [artifact_sync] Snapshot pushed: 546 files to branch gpu-run-artifacts.
2026-09-08 23:02:23,418 INFO [evaluate_all] Evaluated tier=general-instruct method=reference_vanilla_lora seed=43 balanced_awareness=0.929 erasure=0.013 fabrication=0.095
2026-09-08 23:02:34,400 INFO [evaluate_all] Reusing cached predictions for tier=general-instruct method=reference_vanilla_lora seed=44.
2026-09-08 23:05:59,859 INFO [evaluate_all] Evaluated tier=general-instruct method=reference_vanilla_lora seed=44 balanced_awareness=0.882 erasure=0.024 fabrication=0.114
2026-09-08 23:06:11,106 INFO [evaluate_all] Reusing cached predictions for tier=general-instruct method=reference_vanilla_lora_loao_gender seed=42.
2026-09-08 23:07:44,456 INFO [evaluate_all] Evaluated tier=general-instruct method=reference_vanilla_lora_loao_gender seed=42 balanced_awareness=0.667 erasure=0.500 fabrication=0.000
2026-09-08 23:07:55,074 INFO [evaluate_all] Reusing cached predictions for tier=general-instruct method=reference_vanilla_lora_loao_landholding seed=42.
2026-09-08 23:09:27,859 INFO [evaluate_all] Evaluated tier=general-instruct method=reference_vanilla_lora_loao_landholding seed=42 balanced_awareness=0.432 erasure=0.365 fabrication=0.147
2026-09-08 23:09:39,003 INFO [evaluate_all] Reusing cached predictions for tier=general-instruct method=reference_vanilla_lora_loao_social_group seed=42.
2026-09-08 23:11:12,567 INFO [evaluate_all] Evaluated tier=general-instruct method=reference_vanilla_lora_loao_social_group seed=42 balanced_awareness=0.489 erasure=0.663 fabrication=0.021
2026-09-08 23:11:38,919 INFO [evaluate_all] Reusing cached predictions for tier=general-instruct method=reference_vanilla_qlora seed=42.
2026-09-08 23:15:25,621 INFO [evaluate_all] Evaluated tier=general-instruct method=reference_vanilla_qlora seed=42 balanced_awareness=0.954 erasure=0.019 fabrication=0.061
2026-09-08 23:15:39,885 INFO [evaluate_all] Reusing cached predictions for tier=general-instruct method=baseline_fairsteer seed=42.
2026-09-08 23:17:58,615 INFO [evaluate_all] Evaluated tier=general-instruct method=baseline_fairsteer seed=42 balanced_awareness=0.000 erasure=0.000 fabrication=1.000
2026-09-08 23:18:03,876 INFO [evaluate_all] Reusing cached predictions for tier=general-instruct-2 method=frozen_base seed=42.
2026-09-08 23:20:16,743 INFO [evaluate_all] Evaluated tier=general-instruct-2 method=frozen_base seed=42 balanced_awareness=0.429 erasure=0.385 fabrication=0.593
2026-09-08 23:20:27,028 INFO [evaluate_all] Reusing cached predictions for tier=general-instruct-2 method=ablation_no_condition_adaptive seed=42.
2026-09-08 23:23:12,495 INFO [evaluate_all] Evaluated tier=general-instruct-2 method=ablation_no_condition_adaptive seed=42 balanced_awareness=0.910 erasure=0.013 fabrication=0.111
2026-09-08 23:23:22,231 INFO [evaluate_all] Reusing cached predictions for tier=general-instruct-2 method=ablation_no_rationale_loss seed=42.
2026-09-08 23:25:04,304 INFO [evaluate_all] Evaluated tier=general-instruct-2 method=ablation_no_rationale_loss seed=42 balanced_awareness=0.888 erasure=0.043 fabrication=0.124
2026-09-08 23:25:13,998 INFO [evaluate_all] Reusing cached predictions for tier=general-instruct-2 method=ablation_placement_random seed=42.
2026-09-08 23:28:02,663 INFO [evaluate_all] Evaluated tier=general-instruct-2 method=ablation_placement_random seed=42 balanced_awareness=0.939 erasure=0.003 fabrication=0.069
2026-09-08 23:28:12,715 INFO [evaluate_all] Reusing cached predictions for tier=general-instruct-2 method=ablation_placement_random_draw2 seed=42.
2026-09-08 23:30:05,196 INFO [artifact_sync] Snapshot pushed: 546 files to branch gpu-run-artifacts.
2026-09-08 23:31:01,743 INFO [evaluate_all] Evaluated tier=general-instruct-2 method=ablation_placement_random_draw2 seed=42 balanced_awareness=0.919 erasure=0.035 fabrication=0.063
2026-09-08 23:31:11,519 INFO [evaluate_all] Reusing cached predictions for tier=general-instruct-2 method=ablation_placement_random_draw3 seed=42.
2026-09-08 23:34:55,499 INFO [evaluate_all] Evaluated tier=general-instruct-2 method=ablation_placement_random_draw3 seed=42 balanced_awareness=0.933 erasure=0.046 fabrication=0.056
2026-09-08 23:35:07,751 INFO [evaluate_all] Reusing cached predictions for tier=general-instruct-2 method=ablation_placement_uniform seed=42.
2026-09-08 23:45:03,983 INFO [evaluate_all] Evaluated tier=general-instruct-2 method=ablation_placement_uniform seed=42 balanced_awareness=0.948 erasure=0.013 fabrication=0.066
2026-09-08 23:45:11,604 INFO [evaluate_all] Reusing cached predictions for tier=general-instruct-2 method=ablation_rank_sweep_16 seed=42.
2026-09-08 23:48:03,084 INFO [evaluate_all] Evaluated tier=general-instruct-2 method=ablation_rank_sweep_16 seed=42 balanced_awareness=0.929 erasure=0.005 fabrication=0.108
2026-09-08 23:48:12,415 INFO [evaluate_all] Reusing cached predictions for tier=general-instruct-2 method=ablation_rank_sweep_32 seed=42.
2026-09-08 23:51:01,255 INFO [evaluate_all] Evaluated tier=general-instruct-2 method=ablation_rank_sweep_32 seed=42 balanced_awareness=0.940 erasure=0.011 fabrication=0.061
2026-09-08 23:51:07,592 INFO [evaluate_all] Reusing cached predictions for tier=general-instruct-2 method=ablation_rank_sweep_8 seed=42.
2026-09-08 23:53:56,358 INFO [evaluate_all] Evaluated tier=general-instruct-2 method=ablation_rank_sweep_8 seed=42 balanced_awareness=0.950 erasure=0.005 fabrication=0.071
2026-09-08 23:54:08,532 INFO [evaluate_all] Reusing cached predictions for tier=general-instruct-2 method=baseline_dart seed=42.
2026-09-09 00:00:10,504 INFO [artifact_sync] Snapshot pushed: 546 files to branch gpu-run-artifacts.
2026-09-09 00:06:40,094 INFO [evaluate_all] Evaluated tier=general-instruct-2 method=baseline_dart seed=42 balanced_awareness=0.821 erasure=0.011 fabrication=0.246
2026-09-09 00:06:52,340 INFO [evaluate_all] Reusing cached predictions for tier=general-instruct-2 method=baseline_dart seed=43.
2026-09-09 00:19:16,993 INFO [evaluate_all] Evaluated tier=general-instruct-2 method=baseline_dart seed=43 balanced_awareness=0.914 erasure=0.016 fabrication=0.103
2026-09-09 00:19:29,635 INFO [evaluate_all] Reusing cached predictions for tier=general-instruct-2 method=baseline_dart seed=44.
2026-09-09 00:22:58,330 INFO [evaluate_all] Evaluated tier=general-instruct-2 method=baseline_dart seed=44 balanced_awareness=0.920 erasure=0.016 fabrication=0.098
2026-09-09 00:26:32,980 INFO [evaluate_all] Evaluated tier=general-instruct-2 method=baseline_fairnet seed=42 balanced_awareness=0.788 erasure=0.032 fabrication=0.272
2026-09-09 00:26:45,334 INFO [evaluate_all] Reusing cached predictions for tier=general-instruct-2 method=baseline_fairnet seed=43.
2026-09-09 00:28:53,317 INFO [evaluate_all] Evaluated tier=general-instruct-2 method=baseline_fairnet seed=43 balanced_awareness=0.907 erasure=0.065 fabrication=0.071
2026-09-09 00:29:05,923 INFO [evaluate_all] Reusing cached predictions for tier=general-instruct-2 method=baseline_fairnet seed=44.
2026-09-09 00:30:16,893 INFO [artifact_sync] Snapshot pushed: 549 files to branch gpu-run-artifacts.
2026-09-09 00:31:15,551 INFO [evaluate_all] Evaluated tier=general-instruct-2 method=baseline_fairnet seed=44 balanced_awareness=0.897 erasure=0.030 fabrication=0.098
2026-09-09 00:31:26,114 INFO [evaluate_all] Reusing cached predictions for tier=general-instruct-2 method=baseline_igu_lora seed=42.
2026-09-09 00:33:09,776 INFO [evaluate_all] Evaluated tier=general-instruct-2 method=baseline_igu_lora seed=42 balanced_awareness=0.917 erasure=0.043 fabrication=0.071
2026-09-09 00:33:15,695 INFO [evaluate_all] Reusing cached predictions for tier=general-instruct-2 method=baseline_lftf seed=42.
2026-09-09 00:34:32,557 INFO [evaluate_all] Evaluated tier=general-instruct-2 method=baseline_lftf seed=42 balanced_awareness=0.700 erasure=0.259 fabrication=0.190
2026-09-09 00:34:52,329 INFO [evaluate_all] Reusing cached predictions for tier=general-instruct-2 method=baseline_pedal seed=42.
2026-09-09 00:37:01,133 INFO [evaluate_all] Evaluated tier=general-instruct-2 method=baseline_pedal seed=42 balanced_awareness=0.897 erasure=0.019 fabrication=0.108
2026-09-09 00:37:13,144 INFO [evaluate_all] Reusing cached predictions for tier=general-instruct-2 method=baseline_regift seed=42.
2026-09-09 00:41:46,642 INFO [evaluate_all] Evaluated tier=general-instruct-2 method=baseline_regift seed=42 balanced_awareness=0.912 erasure=0.030 fabrication=0.093
2026-09-09 00:42:03,021 INFO [evaluate_all] Reusing cached predictions for tier=general-instruct-2 method=graft_proposed seed=42.
2026-09-09 00:51:03,277 INFO [evaluate_all] Evaluated tier=general-instruct-2 method=graft_proposed seed=42 balanced_awareness=0.910 erasure=0.046 fabrication=0.085
2026-09-09 00:51:13,012 INFO [evaluate_all] Reusing cached predictions for tier=general-instruct-2 method=graft_proposed seed=43.
2026-09-09 00:54:15,598 INFO [evaluate_all] Evaluated tier=general-instruct-2 method=graft_proposed seed=43 balanced_awareness=0.929 erasure=0.013 fabrication=0.087
2026-09-09 00:54:31,725 INFO [evaluate_all] Reusing cached predictions for tier=general-instruct-2 method=graft_proposed seed=44.
2026-09-09 00:57:31,257 INFO [evaluate_all] Evaluated tier=general-instruct-2 method=graft_proposed seed=44 balanced_awareness=0.899 erasure=0.019 fabrication=0.124
2026-09-09 00:57:48,219 INFO [evaluate_all] Reusing cached predictions for tier=general-instruct-2 method=graft_proposed_loao_gender seed=42.
2026-09-09 00:58:38,483 INFO [evaluate_all] Evaluated tier=general-instruct-2 method=graft_proposed_loao_gender seed=42 balanced_awareness=0.182 erasure=0.900 fabrication=0.000
2026-09-09 00:58:48,519 INFO [evaluate_all] Reusing cached predictions for tier=general-instruct-2 method=graft_proposed_loao_landholding seed=42.
2026-09-09 01:00:00,676 INFO [evaluate_all] Evaluated tier=general-instruct-2 method=graft_proposed_loao_landholding seed=42 balanced_awareness=0.128 erasure=0.579 fabrication=0.167
2026-09-09 01:00:16,812 INFO [evaluate_all] Reusing cached predictions for tier=general-instruct-2 method=graft_proposed_loao_social_group seed=42.
2026-09-09 01:00:22,325 INFO [artifact_sync] Snapshot pushed: 549 files to branch gpu-run-artifacts.
2026-09-09 01:01:50,974 INFO [evaluate_all] Evaluated tier=general-instruct-2 method=graft_proposed_loao_social_group seed=42 balanced_awareness=0.159 erasure=0.233 fabrication=0.115
2026-09-09 01:02:23,001 INFO [evaluate_all] Reusing cached predictions for tier=general-instruct-2 method=graft_proposed_qlora_nf4 seed=42.
2026-09-09 01:05:54,062 INFO [evaluate_all] Evaluated tier=general-instruct-2 method=graft_proposed_qlora_nf4 seed=42 balanced_awareness=0.936 erasure=0.035 fabrication=0.066
2026-09-09 01:06:06,828 INFO [evaluate_all] Reusing cached predictions for tier=general-instruct-2 method=reference_vanilla_lora seed=42.
2026-09-09 01:08:15,632 INFO [evaluate_all] Evaluated tier=general-instruct-2 method=reference_vanilla_lora seed=42 balanced_awareness=0.910 erasure=0.019 fabrication=0.103
2026-09-09 01:08:28,130 INFO [evaluate_all] Reusing cached predictions for tier=general-instruct-2 method=reference_vanilla_lora seed=43.
2026-09-09 01:10:35,891 INFO [evaluate_all] Evaluated tier=general-instruct-2 method=reference_vanilla_lora seed=43 balanced_awareness=0.908 erasure=0.011 fabrication=0.106
2026-09-09 01:10:48,550 INFO [evaluate_all] Reusing cached predictions for tier=general-instruct-2 method=reference_vanilla_lora seed=44.
2026-09-09 01:12:57,844 INFO [evaluate_all] Evaluated tier=general-instruct-2 method=reference_vanilla_lora seed=44 balanced_awareness=0.902 erasure=0.019 fabrication=0.122
2026-09-09 01:13:10,406 INFO [evaluate_all] Reusing cached predictions for tier=general-instruct-2 method=reference_vanilla_lora_loao_gender seed=42.
2026-09-09 01:14:06,089 INFO [evaluate_all] Evaluated tier=general-instruct-2 method=reference_vanilla_lora_loao_gender seed=42 balanced_awareness=0.333 erasure=0.800 fabrication=0.000
2026-09-09 01:14:18,911 INFO [evaluate_all] Reusing cached predictions for tier=general-instruct-2 method=reference_vanilla_lora_loao_landholding seed=42.
2026-09-09 01:15:15,198 INFO [evaluate_all] Evaluated tier=general-instruct-2 method=reference_vanilla_lora_loao_landholding seed=42 balanced_awareness=0.345 erasure=0.195 fabrication=0.276
2026-09-09 01:15:28,534 INFO [evaluate_all] Reusing cached predictions for tier=general-instruct-2 method=reference_vanilla_lora_loao_social_group seed=42.
2026-09-09 01:16:28,172 INFO [evaluate_all] Evaluated tier=general-instruct-2 method=reference_vanilla_lora_loao_social_group seed=42 balanced_awareness=0.157 erasure=0.366 fabrication=0.214
2026-09-09 01:16:57,333 INFO [evaluate_all] Reusing cached predictions for tier=general-instruct-2 method=reference_vanilla_qlora seed=42.
2026-09-09 01:19:23,636 INFO [evaluate_all] Evaluated tier=general-instruct-2 method=reference_vanilla_qlora seed=42 balanced_awareness=0.931 erasure=0.038 fabrication=0.050
2026-09-09 01:19:35,509 INFO [evaluate_all] Reusing cached predictions for tier=general-instruct-2 method=baseline_fairsteer seed=42.
2026-09-09 01:20:49,183 INFO [evaluate_all] Evaluated tier=general-instruct-2 method=baseline_fairsteer seed=42 balanced_awareness=0.478 erasure=0.442 fabrication=0.500
2026-09-09 01:20:49,367 INFO [run_all] --- evaluate_all done in 26065.0 s ---
2026-09-09 01:20:49,367 INFO [run_all] === evaluate_agriadvice_drift ===
2026-09-09 01:30:27,418 INFO [artifact_sync] Snapshot pushed: 548 files to branch gpu-run-artifacts.
2026-09-09 01:44:36,600 INFO [evaluate_agriadvice_drift] tier=small-instruct method=frozen_base drift(emb)=0.378 jaccard=0.632 flip=0.782
2026-09-09 02:00:32,567 INFO [artifact_sync] Snapshot pushed: 549 files to branch gpu-run-artifacts.
2026-09-09 02:22:59,509 INFO [evaluate_agriadvice_drift] tier=small-instruct method=baseline_dart drift(emb)=0.318 jaccard=0.394 flip=0.472
2026-09-09 02:30:37,842 INFO [artifact_sync] Snapshot pushed: 550 files to branch gpu-run-artifacts.
2026-09-09 03:00:43,335 INFO [artifact_sync] Snapshot pushed: 550 files to branch gpu-run-artifacts.
2026-09-09 03:04:48,260 INFO [evaluate_agriadvice_drift] tier=small-instruct method=baseline_fairnet drift(emb)=0.355 jaccard=0.523 flip=0.655
2026-09-09 03:30:48,924 INFO [artifact_sync] Snapshot pushed: 551 files to branch gpu-run-artifacts.
2026-09-09 03:35:23,156 INFO [evaluate_agriadvice_drift] tier=small-instruct method=baseline_igu_lora drift(emb)=0.325 jaccard=0.446 flip=0.551
2026-09-09 04:00:54,226 INFO [artifact_sync] Snapshot pushed: 552 files to branch gpu-run-artifacts.
2026-09-09 04:04:30,855 INFO [evaluate_agriadvice_drift] tier=small-instruct method=baseline_lftf drift(emb)=0.412 jaccard=0.595 flip=0.706
2026-09-09 04:30:59,598 INFO [artifact_sync] Snapshot pushed: 553 files to branch gpu-run-artifacts.
2026-09-09 04:45:33,317 INFO [evaluate_agriadvice_drift] tier=small-instruct method=baseline_pedal drift(emb)=0.384 jaccard=0.536 flip=0.679
2026-09-09 05:01:04,933 INFO [artifact_sync] Snapshot pushed: 554 files to branch gpu-run-artifacts.
2026-09-09 05:25:35,299 INFO [evaluate_agriadvice_drift] tier=small-instruct method=baseline_regift drift(emb)=0.291 jaccard=0.400 flip=0.519
2026-09-09 05:31:10,385 INFO [artifact_sync] Snapshot pushed: 555 files to branch gpu-run-artifacts.
2026-09-09 05:57:06,937 INFO [evaluate_agriadvice_drift] tier=small-instruct method=graft_proposed drift(emb)=0.355 jaccard=0.499 flip=0.659
2026-09-09 06:01:15,850 INFO [artifact_sync] Snapshot pushed: 556 files to branch gpu-run-artifacts.
2026-09-09 06:31:21,383 INFO [artifact_sync] Snapshot pushed: 556 files to branch gpu-run-artifacts.
2026-09-09 06:35:16,697 INFO [evaluate_agriadvice_drift] tier=small-instruct method=graft_proposed_qlora_nf4 drift(emb)=0.385 jaccard=0.514 flip=0.649
2026-09-09 07:01:27,289 INFO [artifact_sync] Snapshot pushed: 557 files to branch gpu-run-artifacts.
2026-09-09 07:17:10,622 INFO [evaluate_agriadvice_drift] tier=small-instruct method=reference_vanilla_lora drift(emb)=0.357 jaccard=0.481 flip=0.615
2026-09-09 07:31:33,400 INFO [artifact_sync] Snapshot pushed: 558 files to branch gpu-run-artifacts.
2026-09-09 08:01:39,713 INFO [artifact_sync] Snapshot pushed: 558 files to branch gpu-run-artifacts.
2026-09-09 08:09:02,370 INFO [evaluate_agriadvice_drift] tier=small-instruct method=reference_vanilla_qlora drift(emb)=0.357 jaccard=0.496 flip=0.630
2026-09-09 08:31:46,663 INFO [artifact_sync] Snapshot pushed: 559 files to branch gpu-run-artifacts.
2026-09-09 08:36:23,852 INFO [evaluate_agriadvice_drift] tier=small-instruct method=baseline_fairsteer drift(emb)=0.380 jaccard=0.629 flip=0.789
2026-09-09 09:01:53,327 INFO [artifact_sync] Snapshot pushed: 560 files to branch gpu-run-artifacts.
2026-09-09 09:15:37,565 INFO [evaluate_agriadvice_drift] tier=broad-instruct method=frozen_base drift(emb)=0.461 jaccard=0.717 flip=0.912
2026-09-09 09:31:59,945 INFO [artifact_sync] Snapshot pushed: 561 files to branch gpu-run-artifacts.
2026-09-09 10:02:06,445 INFO [artifact_sync] Snapshot pushed: 561 files to branch gpu-run-artifacts.
2026-09-09 10:21:41,314 INFO [evaluate_agriadvice_drift] tier=broad-instruct method=baseline_dart drift(emb)=0.389 jaccard=0.543 flip=0.701
2026-09-09 10:32:13,055 INFO [artifact_sync] Snapshot pushed: 562 files to branch gpu-run-artifacts.
2026-09-09 11:02:19,940 INFO [artifact_sync] Snapshot pushed: 562 files to branch gpu-run-artifacts.
2026-09-09 11:26:34,383 INFO [evaluate_agriadvice_drift] tier=broad-instruct method=baseline_fairnet drift(emb)=0.319 jaccard=0.463 flip=0.580
2026-09-09 11:32:26,535 INFO [artifact_sync] Snapshot pushed: 563 files to branch gpu-run-artifacts.
2026-09-09 12:02:33,026 INFO [artifact_sync] Snapshot pushed: 563 files to branch gpu-run-artifacts.
2026-09-09 12:21:03,069 INFO [evaluate_agriadvice_drift] tier=broad-instruct method=baseline_igu_lora drift(emb)=0.350 jaccard=0.464 flip=0.595
2026-09-09 12:32:40,394 INFO [artifact_sync] Snapshot pushed: 564 files to branch gpu-run-artifacts.
2026-09-09 13:02:47,531 INFO [artifact_sync] Snapshot pushed: 564 files to branch gpu-run-artifacts.
2026-09-09 13:08:22,605 INFO [evaluate_agriadvice_drift] tier=broad-instruct method=baseline_lftf drift(emb)=0.401 jaccard=0.517 flip=0.642
2026-09-09 13:32:54,746 INFO [artifact_sync] Snapshot pushed: 565 files to branch gpu-run-artifacts.
2026-09-09 14:03:01,935 INFO [artifact_sync] Snapshot pushed: 565 files to branch gpu-run-artifacts.
2026-09-09 14:07:21,721 INFO [evaluate_agriadvice_drift] tier=broad-instruct method=baseline_pedal drift(emb)=0.304 jaccard=0.393 flip=0.484
2026-09-09 14:33:09,266 INFO [artifact_sync] Snapshot pushed: 566 files to branch gpu-run-artifacts.
2026-09-09 14:56:51,156 INFO [evaluate_agriadvice_drift] tier=broad-instruct method=baseline_regift drift(emb)=0.295 jaccard=0.374 flip=0.475
2026-09-09 15:03:16,567 INFO [artifact_sync] Snapshot pushed: 567 files to branch gpu-run-artifacts.
2026-09-09 15:33:24,945 INFO [artifact_sync] Snapshot pushed: 567 files to branch gpu-run-artifacts.
2026-09-09 15:45:36,447 INFO [evaluate_agriadvice_drift] tier=broad-instruct method=graft_proposed drift(emb)=0.362 jaccard=0.486 flip=0.614
2026-09-09 16:03:32,262 INFO [artifact_sync] Snapshot pushed: 568 files to branch gpu-run-artifacts.
2026-09-09 16:33:39,544 INFO [artifact_sync] Snapshot pushed: 568 files to branch gpu-run-artifacts.
2026-09-09 16:34:40,556 INFO [evaluate_agriadvice_drift] tier=broad-instruct method=graft_proposed_qlora_nf4 drift(emb)=0.347 jaccard=0.453 flip=0.605
2026-09-09 17:03:46,972 INFO [artifact_sync] Snapshot pushed: 569 files to branch gpu-run-artifacts.
2026-09-09 17:32:13,546 INFO [evaluate_agriadvice_drift] tier=broad-instruct method=reference_vanilla_lora drift(emb)=0.347 jaccard=0.464 flip=0.613
2026-09-09 17:33:54,058 INFO [artifact_sync] Snapshot pushed: 570 files to branch gpu-run-artifacts.
2026-09-09 18:04:01,379 INFO [artifact_sync] Snapshot pushed: 570 files to branch gpu-run-artifacts.
2026-09-09 18:34:08,436 INFO [artifact_sync] Snapshot pushed: 570 files to branch gpu-run-artifacts.
2026-09-09 18:41:06,907 INFO [evaluate_agriadvice_drift] tier=broad-instruct method=reference_vanilla_qlora drift(emb)=0.364 jaccard=0.476 flip=0.616
2026-09-09 19:04:15,669 INFO [artifact_sync] Snapshot pushed: 571 files to branch gpu-run-artifacts.
2026-09-09 19:18:17,472 INFO [evaluate_agriadvice_drift] tier=broad-instruct method=baseline_fairsteer drift(emb)=0.432 jaccard=0.708 flip=0.895
2026-09-09 19:34:22,435 INFO [artifact_sync] Snapshot pushed: 572 files to branch gpu-run-artifacts.
2026-09-09 20:04:34,089 INFO [artifact_sync] Snapshot pushed: 572 files to branch gpu-run-artifacts.
2026-09-09 20:04:40,668 INFO [evaluate_agriadvice_drift] tier=general-instruct method=frozen_base drift(emb)=0.550 jaccard=0.740 flip=0.960
2026-09-09 20:34:41,438 INFO [artifact_sync] Snapshot pushed: 573 files to branch gpu-run-artifacts.
2026-09-09 21:04:48,208 INFO [artifact_sync] Snapshot pushed: 573 files to branch gpu-run-artifacts.
2026-09-09 21:17:58,148 INFO [evaluate_agriadvice_drift] tier=general-instruct method=baseline_dart drift(emb)=0.401 jaccard=0.575 flip=0.724
2026-09-09 21:34:55,278 INFO [artifact_sync] Snapshot pushed: 574 files to branch gpu-run-artifacts.
2026-09-09 22:05:02,012 INFO [artifact_sync] Snapshot pushed: 574 files to branch gpu-run-artifacts.
2026-09-09 22:34:24,668 INFO [evaluate_agriadvice_drift] tier=general-instruct method=baseline_fairnet drift(emb)=0.390 jaccard=0.603 flip=0.719
2026-09-09 22:35:09,759 INFO [artifact_sync] Snapshot pushed: 575 files to branch gpu-run-artifacts.
2026-09-09 23:05:16,618 INFO [artifact_sync] Snapshot pushed: 575 files to branch gpu-run-artifacts.
2026-09-09 23:32:38,166 INFO [evaluate_agriadvice_drift] tier=general-instruct method=baseline_igu_lora drift(emb)=0.344 jaccard=0.474 flip=0.616
2026-09-09 23:35:23,613 INFO [artifact_sync] Snapshot pushed: 576 files to branch gpu-run-artifacts.
2026-09-10 00:05:30,582 INFO [artifact_sync] Snapshot pushed: 576 files to branch gpu-run-artifacts.
2026-09-10 00:35:37,539 INFO [artifact_sync] Snapshot pushed: 576 files to branch gpu-run-artifacts.
2026-09-10 00:39:21,708 INFO [evaluate_agriadvice_drift] tier=general-instruct method=baseline_pedal drift(emb)=0.328 jaccard=0.458 flip=0.585
2026-09-10 01:05:44,756 INFO [artifact_sync] Snapshot pushed: 577 files to branch gpu-run-artifacts.
2026-09-10 01:35:51,545 INFO [artifact_sync] Snapshot pushed: 577 files to branch gpu-run-artifacts.
2026-09-10 01:52:36,565 INFO [evaluate_agriadvice_drift] tier=general-instruct method=baseline_regift drift(emb)=0.354 jaccard=0.581 flip=0.686
2026-09-10 02:05:58,604 INFO [artifact_sync] Snapshot pushed: 578 files to branch gpu-run-artifacts.
2026-09-10 02:36:05,909 INFO [artifact_sync] Snapshot pushed: 578 files to branch gpu-run-artifacts.
2026-09-10 02:54:54,399 INFO [evaluate_agriadvice_drift] tier=general-instruct method=graft_proposed drift(emb)=0.382 jaccard=0.513 flip=0.652
2026-09-10 03:06:13,107 INFO [artifact_sync] Snapshot pushed: 579 files to branch gpu-run-artifacts.
2026-09-10 03:36:20,479 INFO [artifact_sync] Snapshot pushed: 579 files to branch gpu-run-artifacts.
2026-09-10 03:52:15,345 INFO [evaluate_agriadvice_drift] tier=general-instruct method=graft_proposed_qlora_nf4 drift(emb)=0.329 jaccard=0.449 flip=0.583
2026-09-10 04:06:27,376 INFO [artifact_sync] Snapshot pushed: 580 files to branch gpu-run-artifacts.
2026-09-10 04:27:10,460 INFO [evaluate_agriadvice_drift] tier=general-instruct method=reference_vanilla_lora drift(emb)=0.307 jaccard=0.392 flip=0.500
2026-09-10 04:36:34,776 INFO [artifact_sync] Snapshot pushed: 581 files to branch gpu-run-artifacts.
2026-09-10 05:06:42,044 INFO [artifact_sync] Snapshot pushed: 581 files to branch gpu-run-artifacts.
2026-09-10 05:36:48,954 INFO [artifact_sync] Snapshot pushed: 581 files to branch gpu-run-artifacts.
2026-09-10 05:38:26,565 INFO [evaluate_agriadvice_drift] tier=general-instruct method=reference_vanilla_qlora drift(emb)=0.368 jaccard=0.508 flip=0.625
2026-09-10 06:06:56,016 INFO [artifact_sync] Snapshot pushed: 582 files to branch gpu-run-artifacts.
2026-09-10 06:22:07,370 INFO [evaluate_agriadvice_drift] tier=general-instruct method=baseline_fairsteer drift(emb)=0.513 jaccard=0.727 flip=0.940
2026-09-10 06:37:03,320 INFO [artifact_sync] Snapshot pushed: 583 files to branch gpu-run-artifacts.
2026-09-10 06:52:37,281 INFO [evaluate_agriadvice_drift] tier=general-instruct-2 method=frozen_base drift(emb)=0.331 jaccard=0.562 flip=0.679
2026-09-10 07:07:10,870 INFO [artifact_sync] Snapshot pushed: 584 files to branch gpu-run-artifacts.
2026-09-10 07:32:20,345 INFO [evaluate_agriadvice_drift] tier=general-instruct-2 method=baseline_dart drift(emb)=0.214 jaccard=0.294 flip=0.385
2026-09-10 07:37:18,536 INFO [artifact_sync] Snapshot pushed: 585 files to branch gpu-run-artifacts.
2026-09-10 08:07:26,227 INFO [artifact_sync] Snapshot pushed: 585 files to branch gpu-run-artifacts.
2026-09-10 08:14:44,598 INFO [evaluate_agriadvice_drift] tier=general-instruct-2 method=baseline_fairnet drift(emb)=0.265 jaccard=0.375 flip=0.482
2026-09-10 08:37:34,034 INFO [artifact_sync] Snapshot pushed: 586 files to branch gpu-run-artifacts.
2026-09-10 08:48:04,314 INFO [evaluate_agriadvice_drift] tier=general-instruct-2 method=baseline_igu_lora drift(emb)=0.253 jaccard=0.353 flip=0.445
2026-09-10 09:07:41,696 INFO [artifact_sync] Snapshot pushed: 587 files to branch gpu-run-artifacts.
2026-09-10 09:17:26,290 INFO [evaluate_agriadvice_drift] tier=general-instruct-2 method=baseline_lftf drift(emb)=0.362 jaccard=0.528 flip=0.639
2026-09-10 09:37:49,283 INFO [artifact_sync] Snapshot pushed: 588 files to branch gpu-run-artifacts.
2026-09-10 10:07:56,748 INFO [artifact_sync] Snapshot pushed: 588 files to branch gpu-run-artifacts.
2026-09-10 10:09:47,111 INFO [evaluate_agriadvice_drift] tier=general-instruct-2 method=baseline_pedal drift(emb)=0.230 jaccard=0.352 flip=0.416
2026-09-10 10:38:04,676 INFO [artifact_sync] Snapshot pushed: 589 files to branch gpu-run-artifacts.
2026-09-10 10:56:23,231 INFO [evaluate_agriadvice_drift] tier=general-instruct-2 method=baseline_regift drift(emb)=0.283 jaccard=0.386 flip=0.487
2026-09-10 11:08:12,498 INFO [artifact_sync] Snapshot pushed: 590 files to branch gpu-run-artifacts.
2026-09-10 11:27:00,241 INFO [evaluate_agriadvice_drift] tier=general-instruct-2 method=graft_proposed drift(emb)=0.252 jaccard=0.360 flip=0.446
2026-09-10 11:38:20,195 INFO [artifact_sync] Snapshot pushed: 591 files to branch gpu-run-artifacts.
2026-09-10 12:02:55,834 INFO [evaluate_agriadvice_drift] tier=general-instruct-2 method=graft_proposed_qlora_nf4 drift(emb)=0.232 jaccard=0.314 flip=0.391
2026-09-10 12:08:28,032 INFO [artifact_sync] Snapshot pushed: 592 files to branch gpu-run-artifacts.
2026-09-10 12:38:36,134 INFO [artifact_sync] Snapshot pushed: 592 files to branch gpu-run-artifacts.
2026-09-10 12:54:49,814 INFO [evaluate_agriadvice_drift] tier=general-instruct-2 method=reference_vanilla_lora drift(emb)=0.328 jaccard=0.510 flip=0.645
2026-09-10 13:08:44,535 INFO [artifact_sync] Snapshot pushed: 593 files to branch gpu-run-artifacts.
2026-09-10 13:38:52,559 INFO [artifact_sync] Snapshot pushed: 593 files to branch gpu-run-artifacts.
2026-09-10 13:54:49,502 INFO [evaluate_agriadvice_drift] tier=general-instruct-2 method=reference_vanilla_qlora drift(emb)=0.303 jaccard=0.452 flip=0.574
2026-09-10 14:09:00,961 INFO [artifact_sync] Snapshot pushed: 594 files to branch gpu-run-artifacts.
2026-09-10 14:25:13,996 INFO [evaluate_agriadvice_drift] tier=general-instruct-2 method=baseline_fairsteer drift(emb)=0.318 jaccard=0.560 flip=0.637
2026-09-10 14:25:14,225 INFO [run_all] --- evaluate_agriadvice_drift done in 133464.9 s ---
2026-09-10 14:25:14,228 INFO [run_all] === verify_bias_subspace ===
2026-09-10 14:25:49,139 INFO [verify_bias_subspace] tier=small-instruct method=frozen_base probe_mcq=0.756 probe_advice=1.000
2026-09-10 14:28:07,310 INFO [verify_bias_subspace] tier=small-instruct method=baseline_dart probe_mcq=0.836 probe_advice=1.000
2026-09-10 14:30:37,408 INFO [train_baselines] Baseline budgets for general-instruct are reported, not asserted; see trainable_parameter_percentage in the results tables.
2026-09-10 14:30:37,410 INFO [train_baselines] tier=general-instruct method=baseline_fairnet seed=42 already trained; skipping.
2026-09-10 14:30:37,410 INFO [train_baselines] tier=general-instruct method=baseline_fairnet seed=43 already trained; skipping.
2026-09-10 14:30:37,410 INFO [train_baselines] tier=general-instruct method=baseline_fairnet seed=44 already trained; skipping.
2026-09-10 14:30:37,410 INFO [train_baselines] tier=general-instruct method=baseline_igu_lora seed=42 already trained; skipping.
2026-09-10 14:30:37,411 INFO [train_baselines] tier=general-instruct method=baseline_pedal seed=42 already trained; skipping.
2026-09-10 14:30:37,411 INFO [train_baselines] tier=general-instruct method=baseline_dart seed=42 already trained; skipping.
2026-09-10 14:30:37,411 INFO [train_baselines] tier=general-instruct method=baseline_dart seed=43 already trained; skipping.
2026-09-10 14:30:37,411 INFO [train_baselines] tier=general-instruct method=baseline_dart seed=44 already trained; skipping.
2026-09-10 14:30:37,411 INFO [train_baselines] tier=general-instruct method=baseline_regift seed=42 already trained; skipping.
2026-09-10 14:31:12,242 INFO [train_baselines] LFTF located 20/48 blocks for general-instruct.
2026-09-10 14:31:12,343 INFO [train_baselines] Training baseline tier=general-instruct method=baseline_lftf seed=42
2026-09-10 14:41:44,383 INFO [training] Saved checkpoint /workspace/Finetune_AgriFair/checkpoints/general-instruct/baseline_lftf/seed_42/epoch_0
2026-09-10 14:51:49,867 INFO [training] Saved checkpoint /workspace/Finetune_AgriFair/checkpoints/general-instruct/baseline_lftf/seed_42/epoch_1
2026-09-10 15:01:55,461 INFO [training] Saved checkpoint /workspace/Finetune_AgriFair/checkpoints/general-instruct/baseline_lftf/seed_42/epoch_2
2026-09-10 15:01:56,592 INFO [train_baselines] tier=general-instruct method=reference_vanilla_lora seed=42 already trained; skipping.
2026-09-10 15:01:56,594 INFO [train_baselines] tier=general-instruct method=reference_vanilla_lora seed=43 already trained; skipping.
2026-09-10 15:01:56,594 INFO [train_baselines] tier=general-instruct method=reference_vanilla_lora seed=44 already trained; skipping.
2026-09-10 15:01:56,594 INFO [train_baselines] tier=general-instruct method=reference_vanilla_qlora seed=42 already trained; skipping.
2026-09-10 15:02:24,845 INFO [train_baselines] Wrote FairSteer steering vector for general-instruct (layer 24, dim=3840).
2026-09-10 15:02:50,095 INFO [evaluate_all] Reusing cached predictions for tier=general-instruct method=frozen_base seed=42.
2026-09-10 15:06:28,089 INFO [evaluate_all] Evaluated tier=general-instruct method=frozen_base seed=42 balanced_awareness=0.245 erasure=0.032 fabrication=0.854
2026-09-10 15:06:56,401 INFO [evaluate_all] Reusing cached predictions for tier=general-instruct method=ablation_no_condition_adaptive seed=42.
2026-09-10 15:18:25,955 INFO [evaluate_all] Evaluated tier=general-instruct method=ablation_no_condition_adaptive seed=42 balanced_awareness=0.936 erasure=0.024 fabrication=0.069
2026-09-10 15:18:51,213 INFO [evaluate_all] Reusing cached predictions for tier=general-instruct method=ablation_no_rationale_loss seed=42.
2026-09-10 15:21:45,320 INFO [evaluate_all] Evaluated tier=general-instruct method=ablation_no_rationale_loss seed=42 balanced_awareness=0.932 erasure=0.013 fabrication=0.082
2026-09-10 15:22:11,031 INFO [evaluate_all] Reusing cached predictions for tier=general-instruct method=ablation_placement_random seed=42.
2026-09-10 15:26:32,002 INFO [evaluate_all] Evaluated tier=general-instruct method=ablation_placement_random seed=42 balanced_awareness=0.933 erasure=0.016 fabrication=0.063
2026-09-10 15:26:59,978 INFO [evaluate_all] Reusing cached predictions for tier=general-instruct method=ablation_placement_random_draw2 seed=42.
2026-09-10 15:31:30,942 INFO [evaluate_all] Evaluated tier=general-instruct method=ablation_placement_random_draw2 seed=42 balanced_awareness=0.946 erasure=0.000 fabrication=0.079
2026-09-10 15:31:55,394 INFO [evaluate_all] Reusing cached predictions for tier=general-instruct method=ablation_placement_random_draw3 seed=42.
2026-09-10 15:36:19,322 INFO [evaluate_all] Evaluated tier=general-instruct method=ablation_placement_random_draw3 seed=42 balanced_awareness=0.936 erasure=0.005 fabrication=0.098
2026-09-10 15:36:50,711 INFO [evaluate_all] Reusing cached predictions for tier=general-instruct method=ablation_placement_uniform seed=42.
2026-09-10 15:41:44,077 INFO [evaluate_all] Evaluated tier=general-instruct method=ablation_placement_uniform seed=42 balanced_awareness=0.936 erasure=0.000 fabrication=0.085
2026-09-10 15:42:05,487 INFO [evaluate_all] Reusing cached predictions for tier=general-instruct method=ablation_rank_sweep_16 seed=42.
2026-09-10 15:46:31,994 INFO [evaluate_all] Evaluated tier=general-instruct method=ablation_rank_sweep_16 seed=42 balanced_awareness=0.948 erasure=0.013 fabrication=0.063
2026-09-10 15:46:56,577 INFO [evaluate_all] Reusing cached predictions for tier=general-instruct method=ablation_rank_sweep_32 seed=42.
2026-09-10 15:51:15,041 INFO [evaluate_all] Evaluated tier=general-instruct method=ablation_rank_sweep_32 seed=42 balanced_awareness=0.894 erasure=0.013 fabrication=0.127
2026-09-10 15:51:34,663 INFO [evaluate_all] Reusing cached predictions for tier=general-instruct method=ablation_rank_sweep_8 seed=42.
2026-09-10 15:55:58,697 INFO [evaluate_all] Evaluated tier=general-instruct method=ablation_rank_sweep_8 seed=42 balanced_awareness=0.952 erasure=0.016 fabrication=0.066
2026-09-10 15:56:33,441 INFO [evaluate_all] Reusing cached predictions for tier=general-instruct method=baseline_dart seed=42.
2026-09-10 16:01:49,325 INFO [evaluate_all] Evaluated tier=general-instruct method=baseline_dart seed=42 balanced_awareness=0.934 erasure=0.030 fabrication=0.058
2026-09-10 16:02:23,841 INFO [evaluate_all] Reusing cached predictions for tier=general-instruct method=baseline_dart seed=43.
2026-09-10 16:07:19,675 INFO [evaluate_all] Evaluated tier=general-instruct method=baseline_dart seed=43 balanced_awareness=0.950 erasure=0.005 fabrication=0.066
2026-09-10 16:07:53,412 INFO [evaluate_all] Reusing cached predictions for tier=general-instruct method=baseline_dart seed=44.
2026-09-10 16:12:49,131 INFO [evaluate_all] Evaluated tier=general-instruct method=baseline_dart seed=44 balanced_awareness=0.953 erasure=0.027 fabrication=0.053
2026-09-10 16:13:23,109 INFO [evaluate_all] Reusing cached predictions for tier=general-instruct method=baseline_fairnet seed=42.
2026-09-10 16:16:47,445 INFO [evaluate_all] Evaluated tier=general-instruct method=baseline_fairnet seed=42 balanced_awareness=0.932 erasure=0.011 fabrication=0.069
2026-09-10 16:17:20,463 INFO [evaluate_all] Reusing cached predictions for tier=general-instruct method=baseline_fairnet seed=43.
2026-09-10 16:20:46,392 INFO [evaluate_all] Evaluated tier=general-instruct method=baseline_fairnet seed=43 balanced_awareness=0.929 erasure=0.011 fabrication=0.095
2026-09-10 16:21:20,480 INFO [evaluate_all] Reusing cached predictions for tier=general-instruct method=baseline_fairnet seed=44.
2026-09-10 16:24:44,774 INFO [evaluate_all] Evaluated tier=general-instruct method=baseline_fairnet seed=44 balanced_awareness=0.901 erasure=0.032 fabrication=0.093
2026-09-10 16:25:08,871 INFO [evaluate_all] Reusing cached predictions for tier=general-instruct method=baseline_igu_lora seed=42.
2026-09-10 16:28:05,505 INFO [evaluate_all] Evaluated tier=general-instruct method=baseline_igu_lora seed=42 balanced_awareness=0.926 erasure=0.035 fabrication=0.061
2026-09-10 16:32:37,766 INFO [evaluate_all] Evaluated tier=general-instruct method=baseline_lftf seed=42 balanced_awareness=0.940 erasure=0.011 fabrication=0.071
2026-09-10 16:33:11,589 INFO [evaluate_all] Reusing cached predictions for tier=general-instruct method=baseline_pedal seed=42.
2026-09-10 16:36:36,713 INFO [evaluate_all] Evaluated tier=general-instruct method=baseline_pedal seed=42 balanced_awareness=0.907 erasure=0.000 fabrication=0.127
2026-09-10 16:37:10,189 INFO [evaluate_all] Reusing cached predictions for tier=general-instruct method=baseline_regift seed=42.
2026-09-10 16:41:59,328 INFO [evaluate_all] Evaluated tier=general-instruct method=baseline_regift seed=42 balanced_awareness=0.948 erasure=0.057 fabrication=0.026
2026-09-10 16:42:23,360 INFO [evaluate_all] Reusing cached predictions for tier=general-instruct method=graft_proposed seed=42.
2026-09-10 16:46:41,013 INFO [evaluate_all] Evaluated tier=general-instruct method=graft_proposed seed=42 balanced_awareness=0.924 erasure=0.005 fabrication=0.090
2026-09-10 16:47:04,783 INFO [evaluate_all] Reusing cached predictions for tier=general-instruct method=graft_proposed seed=43.
2026-09-10 17:01:13,548 INFO [evaluate_all] Evaluated tier=general-instruct method=graft_proposed seed=43 balanced_awareness=0.946 erasure=0.005 fabrication=0.071
2026-09-10 17:01:37,881 INFO [evaluate_all] Reusing cached predictions for tier=general-instruct method=graft_proposed seed=44.
2026-09-10 17:02:39,656 WARNING [model_registry] AutoModelForCausalLM with attn_implementation=flash_attention_2 rejected for meta-llama/Llama-3.2-3B-Instruct (OutOfMemoryError); trying the next option.
2026-09-10 17:02:44,132 WARNING [model_registry] AutoModelForCausalLM with attn_implementation=sdpa rejected for meta-llama/Llama-3.2-3B-Instruct (OutOfMemoryError); trying the next option.
2026-09-10 17:02:50,152 WARNING [model_registry] AutoModelForCausalLM with attn_implementation=eager rejected for meta-llama/Llama-3.2-3B-Instruct (OutOfMemoryError); trying the next option.
2026-09-10 17:02:50,266 WARNING [model_registry] AutoModelForImageTextToText with attn_implementation=flash_attention_2 rejected for meta-llama/Llama-3.2-3B-Instruct (ValueError); trying the next option.
2026-09-10 17:02:50,306 WARNING [model_registry] AutoModelForImageTextToText with attn_implementation=sdpa rejected for meta-llama/Llama-3.2-3B-Instruct (ValueError); trying the next option.
2026-09-10 17:02:50,307 WARNING [model_registry] AutoModelForImageTextToText with attn_implementation=eager rejected for meta-llama/Llama-3.2-3B-Instruct (ValueError); trying the next option.
2026-09-10 17:02:55,195 WARNING [model_registry] AutoModel with attn_implementation=flash_attention_2 rejected for meta-llama/Llama-3.2-3B-Instruct (OutOfMemoryError); trying the next option.
2026-09-10 17:02:59,015 WARNING [model_registry] AutoModel with attn_implementation=sdpa rejected for meta-llama/Llama-3.2-3B-Instruct (OutOfMemoryError); trying the next option.
2026-09-10 17:03:03,765 WARNING [model_registry] AutoModel with attn_implementation=eager rejected for meta-llama/Llama-3.2-3B-Instruct (OutOfMemoryError); trying the next option.
2026-09-10 17:03:03,765 ERROR [verify_bias_subspace] verify load failed for frozen_base (CUDA out of memory. Tried to allocate 48.00 MiB. GPU 0 has a total capacity of 39.49 GiB of which 37.00 MiB is free. Process 182571 has 33.87 GiB memory in use. Including non-PyTorch memory, this process has 5.58 GiB memory in use. Of the allocated memory 5.09 GiB is allocated by PyTorch, and 6.22 MiB is reserved by PyTorch but unallocated. If reserved but unallocated memory is large try setting PYTORCH_CUDA_ALLOC_CONF=expandable_segments:True to avoid fragmentation.  See documentation for Memory Management  (https://pytorch.org/docs/stable/notes/cuda.html#environment-variables)); skipping.
2026-09-10 17:03:04,564 WARNING [model_registry] AutoModelForCausalLM with attn_implementation=flash_attention_2 rejected for meta-llama/Llama-3.2-3B-Instruct (OutOfMemoryError); trying the next option.
2026-09-10 17:03:08,174 WARNING [model_registry] AutoModelForCausalLM with attn_implementation=sdpa rejected for meta-llama/Llama-3.2-3B-Instruct (OutOfMemoryError); trying the next option.
2026-09-10 17:03:12,365 WARNING [model_registry] AutoModelForCausalLM with attn_implementation=eager rejected for meta-llama/Llama-3.2-3B-Instruct (OutOfMemoryError); trying the next option.
2026-09-10 17:03:12,367 WARNING [model_registry] AutoModelForImageTextToText with attn_implementation=flash_attention_2 rejected for meta-llama/Llama-3.2-3B-Instruct (ValueError); trying the next option.
2026-09-10 17:03:12,368 WARNING [model_registry] AutoModelForImageTextToText with attn_implementation=sdpa rejected for meta-llama/Llama-3.2-3B-Instruct (ValueError); trying the next option.
2026-09-10 17:03:12,369 WARNING [model_registry] AutoModelForImageTextToText with attn_implementation=eager rejected for meta-llama/Llama-3.2-3B-Instruct (ValueError); trying the next option.
2026-09-10 17:03:13,173 WARNING [model_registry] AutoModel with attn_implementation=flash_attention_2 rejected for meta-llama/Llama-3.2-3B-Instruct (OutOfMemoryError); trying the next option.
2026-09-10 17:03:13,473 WARNING [model_registry] AutoModel with attn_implementation=sdpa rejected for meta-llama/Llama-3.2-3B-Instruct (OutOfMemoryError); trying the next option.
2026-09-10 17:03:14,069 WARNING [model_registry] AutoModel with attn_implementation=eager rejected for meta-llama/Llama-3.2-3B-Instruct (OutOfMemoryError); trying the next option.
2026-09-10 17:03:14,069 ERROR [verify_bias_subspace] verify load failed for baseline_dart (CUDA out of memory. Tried to allocate 752.00 MiB. GPU 0 has a total capacity of 39.49 GiB of which 37.00 MiB is free. Process 182571 has 33.87 GiB memory in use. Including non-PyTorch memory, this process has 5.58 GiB memory in use. Of the allocated memory 5.09 GiB is allocated by PyTorch, and 6.22 MiB is reserved by PyTorch but unallocated. If reserved but unallocated memory is large try setting PYTORCH_CUDA_ALLOC_CONF=expandable_segments:True to avoid fragmentation.  See documentation for Memory Management  (https://pytorch.org/docs/stable/notes/cuda.html#environment-variables)); skipping.
2026-09-10 17:03:16,459 WARNING [model_registry] AutoModelForCausalLM with attn_implementation=flash_attention_2 rejected for meta-llama/Llama-3.2-3B-Instruct (OutOfMemoryError); trying the next option.
2026-09-10 17:03:17,008 WARNING [model_registry] AutoModelForCausalLM with attn_implementation=sdpa rejected for meta-llama/Llama-3.2-3B-Instruct (OutOfMemoryError); trying the next option.
2026-09-10 17:03:18,657 WARNING [model_registry] AutoModelForCausalLM with attn_implementation=eager rejected for meta-llama/Llama-3.2-3B-Instruct (OutOfMemoryError); trying the next option.
2026-09-10 17:03:18,698 WARNING [model_registry] AutoModelForImageTextToText with attn_implementation=flash_attention_2 rejected for meta-llama/Llama-3.2-3B-Instruct (ValueError); trying the next option.
2026-09-10 17:03:18,699 WARNING [model_registry] AutoModelForImageTextToText with attn_implementation=sdpa rejected for meta-llama/Llama-3.2-3B-Instruct (ValueError); trying the next option.
2026-09-10 17:03:18,700 WARNING [model_registry] AutoModelForImageTextToText with attn_implementation=eager rejected for meta-llama/Llama-3.2-3B-Instruct (ValueError); trying the next option.
2026-09-10 17:03:20,437 WARNING [model_registry] AutoModel with attn_implementation=flash_attention_2 rejected for meta-llama/Llama-3.2-3B-Instruct (OutOfMemoryError); trying the next option.
2026-09-10 17:03:20,803 WARNING [model_registry] AutoModel with attn_implementation=sdpa rejected for meta-llama/Llama-3.2-3B-Instruct (OutOfMemoryError); trying the next option.
2026-09-10 17:03:22,628 WARNING [model_registry] AutoModel with attn_implementation=eager rejected for meta-llama/Llama-3.2-3B-Instruct (OutOfMemoryError); trying the next option.
2026-09-10 17:03:22,628 ERROR [verify_bias_subspace] verify load failed for baseline_fairnet (CUDA out of memory. Tried to allocate 48.00 MiB. GPU 0 has a total capacity of 39.49 GiB of which 37.00 MiB is free. Process 182571 has 33.87 GiB memory in use. Including non-PyTorch memory, this process has 5.58 GiB memory in use. Of the allocated memory 5.09 GiB is allocated by PyTorch, and 6.22 MiB is reserved by PyTorch but unallocated. If reserved but unallocated memory is large try setting PYTORCH_CUDA_ALLOC_CONF=expandable_segments:True to avoid fragmentation.  See documentation for Memory Management  (https://pytorch.org/docs/stable/notes/cuda.html#environment-variables)); skipping.
2026-09-10 17:03:23,264 WARNING [model_registry] AutoModelForCausalLM with attn_implementation=flash_attention_2 rejected for meta-llama/Llama-3.2-3B-Instruct (OutOfMemoryError); trying the next option.
2026-09-10 17:03:24,072 WARNING [model_registry] AutoModelForCausalLM with attn_implementation=sdpa rejected for meta-llama/Llama-3.2-3B-Instruct (OutOfMemoryError); trying the next option.
2026-09-10 17:03:24,457 WARNING [model_registry] AutoModelForCausalLM with attn_implementation=eager rejected for meta-llama/Llama-3.2-3B-Instruct (OutOfMemoryError); trying the next option.
2026-09-10 17:03:24,459 WARNING [model_registry] AutoModelForImageTextToText with attn_implementation=flash_attention_2 rejected for meta-llama/Llama-3.2-3B-Instruct (ValueError); trying the next option.
2026-09-10 17:03:24,460 WARNING [model_registry] AutoModelForImageTextToText with attn_implementation=sdpa rejected for meta-llama/Llama-3.2-3B-Instruct (ValueError); trying the next option.
2026-09-10 17:03:24,461 WARNING [model_registry] AutoModelForImageTextToText with attn_implementation=eager rejected for meta-llama/Llama-3.2-3B-Instruct (ValueError); trying the next option.
2026-09-10 17:03:24,668 WARNING [model_registry] AutoModel with attn_implementation=flash_attention_2 rejected for meta-llama/Llama-3.2-3B-Instruct (OutOfMemoryError); trying the next option.
2026-09-10 17:03:25,165 WARNING [model_registry] AutoModel with attn_implementation=sdpa rejected for meta-llama/Llama-3.2-3B-Instruct (OutOfMemoryError); trying the next option.
2026-09-10 17:03:25,368 WARNING [model_registry] AutoModel with attn_implementation=eager rejected for meta-llama/Llama-3.2-3B-Instruct (OutOfMemoryError); trying the next option.
2026-09-10 17:03:25,369 ERROR [verify_bias_subspace] verify load failed for baseline_igu_lora (CUDA out of memory. Tried to allocate 752.00 MiB. GPU 0 has a total capacity of 39.49 GiB of which 37.00 MiB is free. Process 182571 has 33.87 GiB memory in use. Including non-PyTorch memory, this process has 5.58 GiB memory in use. Of the allocated memory 5.09 GiB is allocated by PyTorch, and 6.22 MiB is reserved by PyTorch but unallocated. If reserved but unallocated memory is large try setting PYTORCH_CUDA_ALLOC_CONF=expandable_segments:True to avoid fragmentation.  See documentation for Memory Management  (https://pytorch.org/docs/stable/notes/cuda.html#environment-variables)); skipping.
2026-09-10 17:03:27,815 WARNING [model_registry] AutoModelForCausalLM with attn_implementation=flash_attention_2 rejected for meta-llama/Llama-3.2-3B-Instruct (OutOfMemoryError); trying the next option.
2026-09-10 17:03:28,412 WARNING [model_registry] AutoModelForCausalLM with attn_implementation=sdpa rejected for meta-llama/Llama-3.2-3B-Instruct (OutOfMemoryError); trying the next option.
2026-09-10 17:03:30,332 WARNING [model_registry] AutoModelForCausalLM with attn_implementation=eager rejected for meta-llama/Llama-3.2-3B-Instruct (OutOfMemoryError); trying the next option.
2026-09-10 17:03:30,362 WARNING [model_registry] AutoModelForImageTextToText with attn_implementation=flash_attention_2 rejected for meta-llama/Llama-3.2-3B-Instruct (ValueError); trying the next option.
2026-09-10 17:03:30,363 WARNING [model_registry] AutoModelForImageTextToText with attn_implementation=sdpa rejected for meta-llama/Llama-3.2-3B-Instruct (ValueError); trying the next option.
2026-09-10 17:03:30,364 WARNING [model_registry] AutoModelForImageTextToText with attn_implementation=eager rejected for meta-llama/Llama-3.2-3B-Instruct (ValueError); trying the next option.
2026-09-10 17:03:32,132 WARNING [model_registry] AutoModel with attn_implementation=flash_attention_2 rejected for meta-llama/Llama-3.2-3B-Instruct (OutOfMemoryError); trying the next option.
2026-09-10 17:03:32,800 WARNING [model_registry] AutoModel with attn_implementation=sdpa rejected for meta-llama/Llama-3.2-3B-Instruct (OutOfMemoryError); trying the next option.
2026-09-10 17:03:34,476 WARNING [model_registry] AutoModel with attn_implementation=eager rejected for meta-llama/Llama-3.2-3B-Instruct (OutOfMemoryError); trying the next option.
2026-09-10 17:03:34,477 ERROR [verify_bias_subspace] verify load failed for baseline_lftf (CUDA out of memory. Tried to allocate 48.00 MiB. GPU 0 has a total capacity of 39.49 GiB of which 37.00 MiB is free. Process 182571 has 33.87 GiB memory in use. Including non-PyTorch memory, this process has 5.58 GiB memory in use. Of the allocated memory 5.09 GiB is allocated by PyTorch, and 6.22 MiB is reserved by PyTorch but unallocated. If reserved but unallocated memory is large try setting PYTORCH_CUDA_ALLOC_CONF=expandable_segments:True to avoid fragmentation.  See documentation for Memory Management  (https://pytorch.org/docs/stable/notes/cuda.html#environment-variables)); skipping.
2026-09-10 17:03:35,160 WARNING [model_registry] AutoModelForCausalLM with attn_implementation=flash_attention_2 rejected for meta-llama/Llama-3.2-3B-Instruct (OutOfMemoryError); trying the next option.
2026-09-10 17:03:35,672 WARNING [model_registry] AutoModelForCausalLM with attn_implementation=sdpa rejected for meta-llama/Llama-3.2-3B-Instruct (OutOfMemoryError); trying the next option.
2026-09-10 17:03:35,864 WARNING [model_registry] AutoModelForCausalLM with attn_implementation=eager rejected for meta-llama/Llama-3.2-3B-Instruct (OutOfMemoryError); trying the next option.
2026-09-10 17:03:35,866 WARNING [model_registry] AutoModelForImageTextToText with attn_implementation=flash_attention_2 rejected for meta-llama/Llama-3.2-3B-Instruct (ValueError); trying the next option.
2026-09-10 17:03:35,867 WARNING [model_registry] AutoModelForImageTextToText with attn_implementation=sdpa rejected for meta-llama/Llama-3.2-3B-Instruct (ValueError); trying the next option.
2026-09-10 17:03:35,868 WARNING [model_registry] AutoModelForImageTextToText with attn_implementation=eager rejected for meta-llama/Llama-3.2-3B-Instruct (ValueError); trying the next option.
2026-09-10 17:03:36,071 WARNING [model_registry] AutoModel with attn_implementation=flash_attention_2 rejected for meta-llama/Llama-3.2-3B-Instruct (OutOfMemoryError); trying the next option.
2026-09-10 17:03:36,460 WARNING [model_registry] AutoModel with attn_implementation=sdpa rejected for meta-llama/Llama-3.2-3B-Instruct (OutOfMemoryError); trying the next option.
2026-09-10 17:03:36,664 WARNING [model_registry] AutoModel with attn_implementation=eager rejected for meta-llama/Llama-3.2-3B-Instruct (OutOfMemoryError); trying the next option.
2026-09-10 17:03:36,664 ERROR [verify_bias_subspace] verify load failed for baseline_pedal (CUDA out of memory. Tried to allocate 752.00 MiB. GPU 0 has a total capacity of 39.49 GiB of which 37.00 MiB is free. Process 182571 has 33.87 GiB memory in use. Including non-PyTorch memory, this process has 5.58 GiB memory in use. Of the allocated memory 5.09 GiB is allocated by PyTorch, and 6.22 MiB is reserved by PyTorch but unallocated. If reserved but unallocated memory is large try setting PYTORCH_CUDA_ALLOC_CONF=expandable_segments:True to avoid fragmentation.  See documentation for Memory Management  (https://pytorch.org/docs/stable/notes/cuda.html#environment-variables)); skipping.
2026-09-10 17:03:38,829 WARNING [model_registry] AutoModelForCausalLM with attn_implementation=flash_attention_2 rejected for meta-llama/Llama-3.2-3B-Instruct (OutOfMemoryError); trying the next option.
2026-09-10 17:03:39,601 WARNING [model_registry] AutoModelForCausalLM with attn_implementation=sdpa rejected for meta-llama/Llama-3.2-3B-Instruct (OutOfMemoryError); trying the next option.
2026-09-10 17:03:41,273 WARNING [model_registry] AutoModelForCausalLM with attn_implementation=eager rejected for meta-llama/Llama-3.2-3B-Instruct (OutOfMemoryError); trying the next option.
2026-09-10 17:03:41,310 WARNING [model_registry] AutoModelForImageTextToText with attn_implementation=flash_attention_2 rejected for meta-llama/Llama-3.2-3B-Instruct (ValueError); trying the next option.
2026-09-10 17:03:41,311 WARNING [model_registry] AutoModelForImageTextToText with attn_implementation=sdpa rejected for meta-llama/Llama-3.2-3B-Instruct (ValueError); trying the next option.
2026-09-10 17:03:41,312 WARNING [model_registry] AutoModelForImageTextToText with attn_implementation=eager rejected for meta-llama/Llama-3.2-3B-Instruct (ValueError); trying the next option.
2026-09-10 17:03:42,900 WARNING [model_registry] AutoModel with attn_implementation=flash_attention_2 rejected for meta-llama/Llama-3.2-3B-Instruct (OutOfMemoryError); trying the next option.
2026-09-10 17:03:43,211 WARNING [model_registry] AutoModel with attn_implementation=sdpa rejected for meta-llama/Llama-3.2-3B-Instruct (OutOfMemoryError); trying the next option.
2026-09-10 17:03:45,292 WARNING [model_registry] AutoModel with attn_implementation=eager rejected for meta-llama/Llama-3.2-3B-Instruct (OutOfMemoryError); trying the next option.
2026-09-10 17:03:45,292 ERROR [verify_bias_subspace] verify load failed for baseline_regift (CUDA out of memory. Tried to allocate 48.00 MiB. GPU 0 has a total capacity of 39.49 GiB of which 37.00 MiB is free. Process 182571 has 33.87 GiB memory in use. Including non-PyTorch memory, this process has 5.58 GiB memory in use. Of the allocated memory 5.09 GiB is allocated by PyTorch, and 6.22 MiB is reserved by PyTorch but unallocated. If reserved but unallocated memory is large try setting PYTORCH_CUDA_ALLOC_CONF=expandable_segments:True to avoid fragmentation.  See documentation for Memory Management  (https://pytorch.org/docs/stable/notes/cuda.html#environment-variables)); skipping.
2026-09-10 17:03:46,371 WARNING [model_registry] AutoModelForCausalLM with attn_implementation=flash_attention_2 rejected for meta-llama/Llama-3.2-3B-Instruct (OutOfMemoryError); trying the next option.
2026-09-10 17:03:47,068 WARNING [model_registry] AutoModelForCausalLM with attn_implementation=sdpa rejected for meta-llama/Llama-3.2-3B-Instruct (OutOfMemoryError); trying the next option.
2026-09-10 17:03:47,577 WARNING [model_registry] AutoModelForCausalLM with attn_implementation=eager rejected for meta-llama/Llama-3.2-3B-Instruct (OutOfMemoryError); trying the next option.
2026-09-10 17:03:47,579 WARNING [model_registry] AutoModelForImageTextToText with attn_implementation=flash_attention_2 rejected for meta-llama/Llama-3.2-3B-Instruct (ValueError); trying the next option.
2026-09-10 17:03:47,580 WARNING [model_registry] AutoModelForImageTextToText with attn_implementation=sdpa rejected for meta-llama/Llama-3.2-3B-Instruct (ValueError); trying the next option.
2026-09-10 17:03:47,581 WARNING [model_registry] AutoModelForImageTextToText with attn_implementation=eager rejected for meta-llama/Llama-3.2-3B-Instruct (ValueError); trying the next option.
2026-09-10 17:03:48,356 WARNING [model_registry] AutoModel with attn_implementation=flash_attention_2 rejected for meta-llama/Llama-3.2-3B-Instruct (OutOfMemoryError); trying the next option.
2026-09-10 17:03:48,852 WARNING [model_registry] AutoModel with attn_implementation=sdpa rejected for meta-llama/Llama-3.2-3B-Instruct (OutOfMemoryError); trying the next option.
2026-09-10 17:03:49,068 WARNING [model_registry] AutoModel with attn_implementation=eager rejected for meta-llama/Llama-3.2-3B-Instruct (OutOfMemoryError); trying the next option.
2026-09-10 17:03:49,068 ERROR [verify_bias_subspace] verify load failed for graft_proposed (CUDA out of memory. Tried to allocate 752.00 MiB. GPU 0 has a total capacity of 39.49 GiB of which 37.00 MiB is free. Process 182571 has 33.87 GiB memory in use. Including non-PyTorch memory, this process has 5.58 GiB memory in use. Of the allocated memory 5.09 GiB is allocated by PyTorch, and 6.22 MiB is reserved by PyTorch but unallocated. If reserved but unallocated memory is large try setting PYTORCH_CUDA_ALLOC_CONF=expandable_segments:True to avoid fragmentation.  See documentation for Memory Management  (https://pytorch.org/docs/stable/notes/cuda.html#environment-variables)); skipping.
2026-09-10 17:03:51,175 WARNING [model_registry] AutoModelForCausalLM with attn_implementation=flash_attention_2 rejected for meta-llama/Llama-3.2-3B-Instruct (OutOfMemoryError); trying the next option.
2026-09-10 17:03:54,703 WARNING [model_registry] AutoModelForCausalLM with attn_implementation=sdpa rejected for meta-llama/Llama-3.2-3B-Instruct (OutOfMemoryError); trying the next option.
2026-09-10 17:04:00,124 WARNING [model_registry] AutoModelForCausalLM with attn_implementation=eager rejected for meta-llama/Llama-3.2-3B-Instruct (OutOfMemoryError); trying the next option.
2026-09-10 17:04:00,153 WARNING [model_registry] AutoModelForImageTextToText with attn_implementation=flash_attention_2 rejected for meta-llama/Llama-3.2-3B-Instruct (ValueError); trying the next option.
2026-09-10 17:04:00,155 WARNING [model_registry] AutoModelForImageTextToText with attn_implementation=sdpa rejected for meta-llama/Llama-3.2-3B-Instruct (ValueError); trying the next option.
2026-09-10 17:04:00,156 WARNING [model_registry] AutoModelForImageTextToText with attn_implementation=eager rejected for meta-llama/Llama-3.2-3B-Instruct (ValueError); trying the next option.
2026-09-10 17:04:04,483 WARNING [model_registry] AutoModel with attn_implementation=flash_attention_2 rejected for meta-llama/Llama-3.2-3B-Instruct (OutOfMemoryError); trying the next option.
2026-09-10 17:04:08,404 WARNING [model_registry] AutoModel with attn_implementation=sdpa rejected for meta-llama/Llama-3.2-3B-Instruct (OutOfMemoryError); trying the next option.
2026-09-10 17:04:13,352 WARNING [model_registry] AutoModel with attn_implementation=eager rejected for meta-llama/Llama-3.2-3B-Instruct (OutOfMemoryError); trying the next option.
2026-09-10 17:04:13,352 ERROR [verify_bias_subspace] verify load failed for graft_proposed_loao_gender (CUDA out of memory. Tried to allocate 48.00 MiB. GPU 0 has a total capacity of 39.49 GiB of which 37.00 MiB is free. Process 182571 has 33.87 GiB memory in use. Including non-PyTorch memory, this process has 5.58 GiB memory in use. Of the allocated memory 5.09 GiB is allocated by PyTorch, and 6.22 MiB is reserved by PyTorch but unallocated. If reserved but unallocated memory is large try setting PYTORCH_CUDA_ALLOC_CONF=expandable_segments:True to avoid fragmentation.  See documentation for Memory Management  (https://pytorch.org/docs/stable/notes/cuda.html#environment-variables)); skipping.
2026-09-10 17:04:17,060 WARNING [model_registry] AutoModelForCausalLM with attn_implementation=flash_attention_2 rejected for meta-llama/Llama-3.2-3B-Instruct (OutOfMemoryError); trying the next option.
2026-09-10 17:04:21,153 WARNING [model_registry] AutoModelForCausalLM with attn_implementation=sdpa rejected for meta-llama/Llama-3.2-3B-Instruct (OutOfMemoryError); trying the next option.
2026-09-10 17:04:24,674 WARNING [model_registry] AutoModelForCausalLM with attn_implementation=eager rejected for meta-llama/Llama-3.2-3B-Instruct (OutOfMemoryError); trying the next option.
2026-09-10 17:04:24,679 WARNING [model_registry] AutoModelForImageTextToText with attn_implementation=flash_attention_2 rejected for meta-llama/Llama-3.2-3B-Instruct (ValueError); trying the next option.
2026-09-10 17:04:24,679 WARNING [model_registry] AutoModelForImageTextToText with attn_implementation=sdpa rejected for meta-llama/Llama-3.2-3B-Instruct (ValueError); trying the next option.
2026-09-10 17:04:24,680 WARNING [model_registry] AutoModelForImageTextToText with attn_implementation=eager rejected for meta-llama/Llama-3.2-3B-Instruct (ValueError); trying the next option.
2026-09-10 17:04:27,564 WARNING [model_registry] AutoModel with attn_implementation=flash_attention_2 rejected for meta-llama/Llama-3.2-3B-Instruct (OutOfMemoryError); trying the next option.
2026-09-10 17:04:31,065 WARNING [model_registry] AutoModel with attn_implementation=sdpa rejected for meta-llama/Llama-3.2-3B-Instruct (OutOfMemoryError); trying the next option.
2026-09-10 17:04:33,900 WARNING [model_registry] AutoModel with attn_implementation=eager rejected for meta-llama/Llama-3.2-3B-Instruct (OutOfMemoryError); trying the next option.
2026-09-10 17:04:33,900 ERROR [verify_bias_subspace] verify load failed for graft_proposed_loao_landholding (CUDA out of memory. Tried to allocate 752.00 MiB. GPU 0 has a total capacity of 39.49 GiB of which 37.00 MiB is free. Process 182571 has 33.87 GiB memory in use. Including non-PyTorch memory, this process has 5.58 GiB memory in use. Of the allocated memory 5.09 GiB is allocated by PyTorch, and 6.22 MiB is reserved by PyTorch but unallocated. If reserved but unallocated memory is large try setting PYTORCH_CUDA_ALLOC_CONF=expandable_segments:True to avoid fragmentation.  See documentation for Memory Management  (https://pytorch.org/docs/stable/notes/cuda.html#environment-variables)); skipping.
2026-09-10 17:04:38,907 WARNING [model_registry] AutoModelForCausalLM with attn_implementation=flash_attention_2 rejected for meta-llama/Llama-3.2-3B-Instruct (OutOfMemoryError); trying the next option.
2026-09-10 17:04:42,784 WARNING [model_registry] AutoModelForCausalLM with attn_implementation=sdpa rejected for meta-llama/Llama-3.2-3B-Instruct (OutOfMemoryError); trying the next option.
2026-09-10 17:04:47,476 WARNING [model_registry] AutoModelForCausalLM with attn_implementation=eager rejected for meta-llama/Llama-3.2-3B-Instruct (OutOfMemoryError); trying the next option.
2026-09-10 17:04:47,504 WARNING [model_registry] AutoModelForImageTextToText with attn_implementation=flash_attention_2 rejected for meta-llama/Llama-3.2-3B-Instruct (ValueError); trying the next option.
2026-09-10 17:04:47,505 WARNING [model_registry] AutoModelForImageTextToText with attn_implementation=sdpa rejected for meta-llama/Llama-3.2-3B-Instruct (ValueError); trying the next option.
2026-09-10 17:04:47,506 WARNING [model_registry] AutoModelForImageTextToText with attn_implementation=eager rejected for meta-llama/Llama-3.2-3B-Instruct (ValueError); trying the next option.
2026-09-10 17:04:51,687 WARNING [model_registry] AutoModel with attn_implementation=flash_attention_2 rejected for meta-llama/Llama-3.2-3B-Instruct (OutOfMemoryError); trying the next option.
2026-09-10 17:04:55,715 WARNING [model_registry] AutoModel with attn_implementation=sdpa rejected for meta-llama/Llama-3.2-3B-Instruct (OutOfMemoryError); trying the next option.
2026-09-10 17:05:00,972 WARNING [model_registry] AutoModel with attn_implementation=eager rejected for meta-llama/Llama-3.2-3B-Instruct (OutOfMemoryError); trying the next option.
2026-09-10 17:05:00,972 ERROR [verify_bias_subspace] verify load failed for graft_proposed_loao_social_group (CUDA out of memory. Tried to allocate 48.00 MiB. GPU 0 has a total capacity of 39.49 GiB of which 37.00 MiB is free. Process 182571 has 33.87 GiB memory in use. Including non-PyTorch memory, this process has 5.58 GiB memory in use. Of the allocated memory 5.09 GiB is allocated by PyTorch, and 6.22 MiB is reserved by PyTorch but unallocated. If reserved but unallocated memory is large try setting PYTORCH_CUDA_ALLOC_CONF=expandable_segments:True to avoid fragmentation.  See documentation for Memory Management  (https://pytorch.org/docs/stable/notes/cuda.html#environment-variables)); skipping.
2026-09-10 17:08:35,897 INFO [verify_bias_subspace] tier=small-instruct method=graft_proposed_qlora_nf4 probe_mcq=0.798 probe_advice=0.995
2026-09-10 17:08:38,376 WARNING [model_registry] AutoModelForCausalLM with attn_implementation=flash_attention_2 rejected for meta-llama/Llama-3.2-3B-Instruct (OutOfMemoryError); trying the next option.
2026-09-10 17:08:39,174 WARNING [model_registry] AutoModelForCausalLM with attn_implementation=sdpa rejected for meta-llama/Llama-3.2-3B-Instruct (OutOfMemoryError); trying the next option.
2026-09-10 17:08:41,164 WARNING [model_registry] AutoModelForCausalLM with attn_implementation=eager rejected for meta-llama/Llama-3.2-3B-Instruct (OutOfMemoryError); trying the next option.
2026-09-10 17:08:41,189 WARNING [model_registry] AutoModelForImageTextToText with attn_implementation=flash_attention_2 rejected for meta-llama/Llama-3.2-3B-Instruct (ValueError); trying the next option.
2026-09-10 17:08:41,191 WARNING [model_registry] AutoModelForImageTextToText with attn_implementation=sdpa rejected for meta-llama/Llama-3.2-3B-Instruct (ValueError); trying the next option.
2026-09-10 17:08:41,192 WARNING [model_registry] AutoModelForImageTextToText with attn_implementation=eager rejected for meta-llama/Llama-3.2-3B-Instruct (ValueError); trying the next option.
2026-09-10 17:08:43,167 WARNING [model_registry] AutoModel with attn_implementation=flash_attention_2 rejected for meta-llama/Llama-3.2-3B-Instruct (OutOfMemoryError); trying the next option.
2026-09-10 17:08:43,690 WARNING [model_registry] AutoModel with attn_implementation=sdpa rejected for meta-llama/Llama-3.2-3B-Instruct (OutOfMemoryError); trying the next option.
2026-09-10 17:08:45,564 WARNING [model_registry] AutoModel with attn_implementation=eager rejected for meta-llama/Llama-3.2-3B-Instruct (OutOfMemoryError); trying the next option.
2026-09-10 17:08:45,564 ERROR [verify_bias_subspace] verify load failed for reference_vanilla_lora (CUDA out of memory. Tried to allocate 48.00 MiB. GPU 0 has a total capacity of 39.49 GiB of which 22.94 MiB is free. Process 182571 has 33.87 GiB memory in use. Including non-PyTorch memory, this process has 5.59 GiB memory in use. Of the allocated memory 5.02 GiB is allocated by PyTorch, and 26.24 MiB is reserved by PyTorch but unallocated. If reserved but unallocated memory is large try setting PYTORCH_CUDA_ALLOC_CONF=expandable_segments:True to avoid fragmentation.  See documentation for Memory Management  (https://pytorch.org/docs/stable/notes/cuda.html#environment-variables)); skipping.
2026-09-10 17:08:47,051 WARNING [model_registry] AutoModelForCausalLM with attn_implementation=flash_attention_2 rejected for meta-llama/Llama-3.2-3B-Instruct (OutOfMemoryError); trying the next option.
2026-09-10 17:08:47,661 WARNING [model_registry] AutoModelForCausalLM with attn_implementation=sdpa rejected for meta-llama/Llama-3.2-3B-Instruct (OutOfMemoryError); trying the next option.
2026-09-10 17:08:48,345 WARNING [model_registry] AutoModelForCausalLM with attn_implementation=eager rejected for meta-llama/Llama-3.2-3B-Instruct (OutOfMemoryError); trying the next option.
2026-09-10 17:08:48,347 WARNING [model_registry] AutoModelForImageTextToText with attn_implementation=flash_attention_2 rejected for meta-llama/Llama-3.2-3B-Instruct (ValueError); trying the next option.
2026-09-10 17:08:48,348 WARNING [model_registry] AutoModelForImageTextToText with attn_implementation=sdpa rejected for meta-llama/Llama-3.2-3B-Instruct (ValueError); trying the next option.
2026-09-10 17:08:48,349 WARNING [model_registry] AutoModelForImageTextToText with attn_implementation=eager rejected for meta-llama/Llama-3.2-3B-Instruct (ValueError); trying the next option.
2026-09-10 17:08:48,972 WARNING [model_registry] AutoModel with attn_implementation=flash_attention_2 rejected for meta-llama/Llama-3.2-3B-Instruct (OutOfMemoryError); trying the next option.
2026-09-10 17:08:49,463 WARNING [model_registry] AutoModel with attn_implementation=sdpa rejected for meta-llama/Llama-3.2-3B-Instruct (OutOfMemoryError); trying the next option.
2026-09-10 17:08:49,969 WARNING [model_registry] AutoModel with attn_implementation=eager rejected for meta-llama/Llama-3.2-3B-Instruct (OutOfMemoryError); trying the next option.
2026-09-10 17:08:49,969 ERROR [verify_bias_subspace] verify load failed for reference_vanilla_lora_loao_gender (CUDA out of memory. Tried to allocate 752.00 MiB. GPU 0 has a total capacity of 39.49 GiB of which 22.94 MiB is free. Process 182571 has 33.87 GiB memory in use. Including non-PyTorch memory, this process has 5.59 GiB memory in use. Of the allocated memory 5.02 GiB is allocated by PyTorch, and 26.24 MiB is reserved by PyTorch but unallocated. If reserved but unallocated memory is large try setting PYTORCH_CUDA_ALLOC_CONF=expandable_segments:True to avoid fragmentation.  See documentation for Memory Management  (https://pytorch.org/docs/stable/notes/cuda.html#environment-variables)); skipping.
2026-09-10 17:08:52,571 WARNING [model_registry] AutoModelForCausalLM with attn_implementation=flash_attention_2 rejected for meta-llama/Llama-3.2-3B-Instruct (OutOfMemoryError); trying the next option.
2026-09-10 17:08:53,220 WARNING [model_registry] AutoModelForCausalLM with attn_implementation=sdpa rejected for meta-llama/Llama-3.2-3B-Instruct (OutOfMemoryError); trying the next option.
2026-09-10 17:08:55,028 WARNING [model_registry] AutoModelForCausalLM with attn_implementation=eager rejected for meta-llama/Llama-3.2-3B-Instruct (OutOfMemoryError); trying the next option.
2026-09-10 17:08:55,045 WARNING [model_registry] AutoModelForImageTextToText with attn_implementation=flash_attention_2 rejected for meta-llama/Llama-3.2-3B-Instruct (ValueError); trying the next option.
2026-09-10 17:08:55,047 WARNING [model_registry] AutoModelForImageTextToText with attn_implementation=sdpa rejected for meta-llama/Llama-3.2-3B-Instruct (ValueError); trying the next option.
2026-09-10 17:08:55,047 WARNING [model_registry] AutoModelForImageTextToText with attn_implementation=eager rejected for meta-llama/Llama-3.2-3B-Instruct (ValueError); trying the next option.
2026-09-10 17:08:56,555 WARNING [model_registry] AutoModel with attn_implementation=flash_attention_2 rejected for meta-llama/Llama-3.2-3B-Instruct (OutOfMemoryError); trying the next option.
2026-09-10 17:08:56,894 WARNING [model_registry] AutoModel with attn_implementation=sdpa rejected for meta-llama/Llama-3.2-3B-Instruct (OutOfMemoryError); trying the next option.
2026-09-10 17:08:58,780 WARNING [model_registry] AutoModel with attn_implementation=eager rejected for meta-llama/Llama-3.2-3B-Instruct (OutOfMemoryError); trying the next option.
2026-09-10 17:08:58,780 ERROR [verify_bias_subspace] verify load failed for reference_vanilla_lora_loao_landholding (CUDA out of memory. Tried to allocate 48.00 MiB. GPU 0 has a total capacity of 39.49 GiB of which 22.94 MiB is free. Process 182571 has 33.87 GiB memory in use. Including non-PyTorch memory, this process has 5.59 GiB memory in use. Of the allocated memory 5.02 GiB is allocated by PyTorch, and 26.24 MiB is reserved by PyTorch but unallocated. If reserved but unallocated memory is large try setting PYTORCH_CUDA_ALLOC_CONF=expandable_segments:True to avoid fragmentation.  See documentation for Memory Management  (https://pytorch.org/docs/stable/notes/cuda.html#environment-variables)); skipping.
2026-09-10 17:09:00,147 WARNING [model_registry] AutoModelForCausalLM with attn_implementation=flash_attention_2 rejected for meta-llama/Llama-3.2-3B-Instruct (OutOfMemoryError); trying the next option.
2026-09-10 17:09:00,761 WARNING [model_registry] AutoModelForCausalLM with attn_implementation=sdpa rejected for meta-llama/Llama-3.2-3B-Instruct (OutOfMemoryError); trying the next option.
2026-09-10 17:09:01,461 WARNING [model_registry] AutoModelForCausalLM with attn_implementation=eager rejected for meta-llama/Llama-3.2-3B-Instruct (OutOfMemoryError); trying the next option.
2026-09-10 17:09:01,464 WARNING [model_registry] AutoModelForImageTextToText with attn_implementation=flash_attention_2 rejected for meta-llama/Llama-3.2-3B-Instruct (ValueError); trying the next option.
2026-09-10 17:09:01,465 WARNING [model_registry] AutoModelForImageTextToText with attn_implementation=sdpa rejected for meta-llama/Llama-3.2-3B-Instruct (ValueError); trying the next option.
2026-09-10 17:09:01,466 WARNING [model_registry] AutoModelForImageTextToText with attn_implementation=eager rejected for meta-llama/Llama-3.2-3B-Instruct (ValueError); trying the next option.
2026-09-10 17:09:01,951 WARNING [model_registry] AutoModel with attn_implementation=flash_attention_2 rejected for meta-llama/Llama-3.2-3B-Instruct (OutOfMemoryError); trying the next option.
2026-09-10 17:09:02,273 WARNING [model_registry] AutoModel with attn_implementation=sdpa rejected for meta-llama/Llama-3.2-3B-Instruct (OutOfMemoryError); trying the next option.
2026-09-10 17:09:02,852 WARNING [model_registry] AutoModel with attn_implementation=eager rejected for meta-llama/Llama-3.2-3B-Instruct (OutOfMemoryError); trying the next option.
2026-09-10 17:09:02,852 ERROR [verify_bias_subspace] verify load failed for reference_vanilla_lora_loao_social_group (CUDA out of memory. Tried to allocate 752.00 MiB. GPU 0 has a total capacity of 39.49 GiB of which 22.94 MiB is free. Process 182571 has 33.87 GiB memory in use. Including non-PyTorch memory, this process has 5.59 GiB memory in use. Of the allocated memory 5.02 GiB is allocated by PyTorch, and 26.24 MiB is reserved by PyTorch but unallocated. If reserved but unallocated memory is large try setting PYTORCH_CUDA_ALLOC_CONF=expandable_segments:True to avoid fragmentation.  See documentation for Memory Management  (https://pytorch.org/docs/stable/notes/cuda.html#environment-variables)); skipping.
2026-09-10 17:13:02,590 INFO [verify_bias_subspace] tier=small-instruct method=reference_vanilla_qlora probe_mcq=0.722 probe_advice=0.997
2026-09-10 17:13:05,039 WARNING [model_registry] AutoModelForCausalLM with attn_implementation=flash_attention_2 rejected for meta-llama/Llama-3.2-3B-Instruct (OutOfMemoryError); trying the next option.
2026-09-10 17:13:05,801 WARNING [model_registry] AutoModelForCausalLM with attn_implementation=sdpa rejected for meta-llama/Llama-3.2-3B-Instruct (OutOfMemoryError); trying the next option.
2026-09-10 17:13:07,800 WARNING [model_registry] AutoModelForCausalLM with attn_implementation=eager rejected for meta-llama/Llama-3.2-3B-Instruct (OutOfMemoryError); trying the next option.
2026-09-10 17:13:07,821 WARNING [model_registry] AutoModelForImageTextToText with attn_implementation=flash_attention_2 rejected for meta-llama/Llama-3.2-3B-Instruct (ValueError); trying the next option.
2026-09-10 17:13:07,822 WARNING [model_registry] AutoModelForImageTextToText with attn_implementation=sdpa rejected for meta-llama/Llama-3.2-3B-Instruct (ValueError); trying the next option.
2026-09-10 17:13:07,823 WARNING [model_registry] AutoModelForImageTextToText with attn_implementation=eager rejected for meta-llama/Llama-3.2-3B-Instruct (ValueError); trying the next option.
2026-09-10 17:13:09,652 WARNING [model_registry] AutoModel with attn_implementation=flash_attention_2 rejected for meta-llama/Llama-3.2-3B-Instruct (OutOfMemoryError); trying the next option.
2026-09-10 17:13:10,279 WARNING [model_registry] AutoModel with attn_implementation=sdpa rejected for meta-llama/Llama-3.2-3B-Instruct (OutOfMemoryError); trying the next option.
2026-09-10 17:13:12,052 WARNING [model_registry] AutoModel with attn_implementation=eager rejected for meta-llama/Llama-3.2-3B-Instruct (OutOfMemoryError); trying the next option.
2026-09-10 17:13:12,052 ERROR [verify_bias_subspace] verify load failed for baseline_fairsteer (CUDA out of memory. Tried to allocate 48.00 MiB. GPU 0 has a total capacity of 39.49 GiB of which 22.94 MiB is free. Process 182571 has 33.87 GiB memory in use. Including non-PyTorch memory, this process has 5.59 GiB memory in use. Of the allocated memory 5.02 GiB is allocated by PyTorch, and 26.24 MiB is reserved by PyTorch but unallocated. If reserved but unallocated memory is large try setting PYTORCH_CUDA_ALLOC_CONF=expandable_segments:True to avoid fragmentation.  See documentation for Memory Management  (https://pytorch.org/docs/stable/notes/cuda.html#environment-variables)); skipping.
2026-09-10 17:13:13,272 WARNING [model_registry] AutoModelForCausalLM with attn_implementation=flash_attention_2 rejected for Qwen/Qwen3-4B-Instruct-2507 (OutOfMemoryError); trying the next option.
2026-09-10 17:13:13,957 WARNING [model_registry] AutoModelForCausalLM with attn_implementation=sdpa rejected for Qwen/Qwen3-4B-Instruct-2507 (OutOfMemoryError); trying the next option.
2026-09-10 17:13:14,773 WARNING [model_registry] AutoModelForCausalLM with attn_implementation=eager rejected for Qwen/Qwen3-4B-Instruct-2507 (OutOfMemoryError); trying the next option.
2026-09-10 17:13:14,775 WARNING [model_registry] AutoModelForImageTextToText with attn_implementation=flash_attention_2 rejected for Qwen/Qwen3-4B-Instruct-2507 (ValueError); trying the next option.
2026-09-10 17:13:14,776 WARNING [model_registry] AutoModelForImageTextToText with attn_implementation=sdpa rejected for Qwen/Qwen3-4B-Instruct-2507 (ValueError); trying the next option.
2026-09-10 17:13:14,777 WARNING [model_registry] AutoModelForImageTextToText with attn_implementation=eager rejected for Qwen/Qwen3-4B-Instruct-2507 (ValueError); trying the next option.
2026-09-10 17:13:15,280 WARNING [model_registry] AutoModel with attn_implementation=flash_attention_2 rejected for Qwen/Qwen3-4B-Instruct-2507 (OutOfMemoryError); trying the next option.
2026-09-10 17:13:15,774 WARNING [model_registry] AutoModel with attn_implementation=sdpa rejected for Qwen/Qwen3-4B-Instruct-2507 (OutOfMemoryError); trying the next option.
2026-09-10 17:13:16,574 WARNING [model_registry] AutoModel with attn_implementation=eager rejected for Qwen/Qwen3-4B-Instruct-2507 (OutOfMemoryError); trying the next option.
2026-09-10 17:13:16,574 ERROR [verify_bias_subspace] verify load failed for frozen_base (CUDA out of memory. Tried to allocate 742.00 MiB. GPU 0 has a total capacity of 39.49 GiB of which 22.94 MiB is free. Process 182571 has 33.87 GiB memory in use. Including non-PyTorch memory, this process has 5.59 GiB memory in use. Of the allocated memory 5.02 GiB is allocated by PyTorch, and 26.24 MiB is reserved by PyTorch but unallocated. If reserved but unallocated memory is large try setting PYTORCH_CUDA_ALLOC_CONF=expandable_segments:True to avoid fragmentation.  See documentation for Memory Management  (https://pytorch.org/docs/stable/notes/cuda.html#environment-variables)); skipping.
2026-09-10 17:13:18,991 WARNING [model_registry] AutoModelForCausalLM with attn_implementation=flash_attention_2 rejected for Qwen/Qwen3-4B-Instruct-2507 (OutOfMemoryError); trying the next option.
2026-09-10 17:13:20,137 WARNING [model_registry] AutoModelForCausalLM with attn_implementation=sdpa rejected for Qwen/Qwen3-4B-Instruct-2507 (OutOfMemoryError); trying the next option.
2026-09-10 17:13:22,136 WARNING [model_registry] AutoModelForCausalLM with attn_implementation=eager rejected for Qwen/Qwen3-4B-Instruct-2507 (OutOfMemoryError); trying the next option.
2026-09-10 17:13:22,208 WARNING [model_registry] AutoModelForImageTextToText with attn_implementation=flash_attention_2 rejected for Qwen/Qwen3-4B-Instruct-2507 (ValueError); trying the next option.
2026-09-10 17:13:22,210 WARNING [model_registry] AutoModelForImageTextToText with attn_implementation=sdpa rejected for Qwen/Qwen3-4B-Instruct-2507 (ValueError); trying the next option.
2026-09-10 17:13:22,211 WARNING [model_registry] AutoModelForImageTextToText with attn_implementation=eager rejected for Qwen/Qwen3-4B-Instruct-2507 (ValueError); trying the next option.
2026-09-10 17:13:24,328 WARNING [model_registry] AutoModel with attn_implementation=flash_attention_2 rejected for Qwen/Qwen3-4B-Instruct-2507 (OutOfMemoryError); trying the next option.
2026-09-10 17:13:25,051 WARNING [model_registry] AutoModel with attn_implementation=sdpa rejected for Qwen/Qwen3-4B-Instruct-2507 (OutOfMemoryError); trying the next option.
2026-09-10 17:13:26,622 WARNING [model_registry] AutoModel with attn_implementation=eager rejected for Qwen/Qwen3-4B-Instruct-2507 (OutOfMemoryError); trying the next option.
2026-09-10 17:13:26,622 ERROR [verify_bias_subspace] verify load failed for baseline_dart (CUDA out of memory. Tried to allocate 48.00 MiB. GPU 0 has a total capacity of 39.49 GiB of which 22.94 MiB is free. Process 182571 has 33.87 GiB memory in use. Including non-PyTorch memory, this process has 5.59 GiB memory in use. Of the allocated memory 5.02 GiB is allocated by PyTorch, and 25.88 MiB is reserved by PyTorch but unallocated. If reserved but unallocated memory is large try setting PYTORCH_CUDA_ALLOC_CONF=expandable_segments:True to avoid fragmentation.  See documentation for Memory Management  (https://pytorch.org/docs/stable/notes/cuda.html#environment-variables)); skipping.
2026-09-10 17:13:27,784 WARNING [model_registry] AutoModelForCausalLM with attn_implementation=flash_attention_2 rejected for Qwen/Qwen3-4B-Instruct-2507 (OutOfMemoryError); trying the next option.
2026-09-10 17:13:28,457 WARNING [model_registry] AutoModelForCausalLM with attn_implementation=sdpa rejected for Qwen/Qwen3-4B-Instruct-2507 (OutOfMemoryError); trying the next option.
2026-09-10 17:13:29,077 WARNING [model_registry] AutoModelForCausalLM with attn_implementation=eager rejected for Qwen/Qwen3-4B-Instruct-2507 (OutOfMemoryError); trying the next option.
2026-09-10 17:13:29,079 WARNING [model_registry] AutoModelForImageTextToText with attn_implementation=flash_attention_2 rejected for Qwen/Qwen3-4B-Instruct-2507 (ValueError); trying the next option.
2026-09-10 17:13:29,080 WARNING [model_registry] AutoModelForImageTextToText with attn_implementation=sdpa rejected for Qwen/Qwen3-4B-Instruct-2507 (ValueError); trying the next option.
2026-09-10 17:13:29,081 WARNING [model_registry] AutoModelForImageTextToText with attn_implementation=eager rejected for Qwen/Qwen3-4B-Instruct-2507 (ValueError); trying the next option.
2026-09-10 17:13:29,460 WARNING [model_registry] AutoModel with attn_implementation=flash_attention_2 rejected for Qwen/Qwen3-4B-Instruct-2507 (OutOfMemoryError); trying the next option.
2026-09-10 17:13:29,869 WARNING [model_registry] AutoModel with attn_implementation=sdpa rejected for Qwen/Qwen3-4B-Instruct-2507 (OutOfMemoryError); trying the next option.
2026-09-10 17:13:30,373 WARNING [model_registry] AutoModel with attn_implementation=eager rejected for Qwen/Qwen3-4B-Instruct-2507 (OutOfMemoryError); trying the next option.
2026-09-10 17:13:30,373 ERROR [verify_bias_subspace] verify load failed for baseline_fairnet (CUDA out of memory. Tried to allocate 742.00 MiB. GPU 0 has a total capacity of 39.49 GiB of which 22.94 MiB is free. Process 182571 has 33.87 GiB memory in use. Including non-PyTorch memory, this process has 5.59 GiB memory in use. Of the allocated memory 5.02 GiB is allocated by PyTorch, and 25.88 MiB is reserved by PyTorch but unallocated. If reserved but unallocated memory is large try setting PYTORCH_CUDA_ALLOC_CONF=expandable_segments:True to avoid fragmentation.  See documentation for Memory Management  (https://pytorch.org/docs/stable/notes/cuda.html#environment-variables)); skipping.
2026-09-10 17:13:32,827 WARNING [model_registry] AutoModelForCausalLM with attn_implementation=flash_attention_2 rejected for Qwen/Qwen3-4B-Instruct-2507 (OutOfMemoryError); trying the next option.
2026-09-10 17:13:33,569 WARNING [model_registry] AutoModelForCausalLM with attn_implementation=sdpa rejected for Qwen/Qwen3-4B-Instruct-2507 (OutOfMemoryError); trying the next option.
2026-09-10 17:13:35,756 WARNING [model_registry] AutoModelForCausalLM with attn_implementation=eager rejected for Qwen/Qwen3-4B-Instruct-2507 (OutOfMemoryError); trying the next option.
2026-09-10 17:13:35,820 WARNING [model_registry] AutoModelForImageTextToText with attn_implementation=flash_attention_2 rejected for Qwen/Qwen3-4B-Instruct-2507 (ValueError); trying the next option.
2026-09-10 17:13:35,821 WARNING [model_registry] AutoModelForImageTextToText with attn_implementation=sdpa rejected for Qwen/Qwen3-4B-Instruct-2507 (ValueError); trying the next option.
2026-09-10 17:13:35,822 WARNING [model_registry] AutoModelForImageTextToText with attn_implementation=eager rejected for Qwen/Qwen3-4B-Instruct-2507 (ValueError); trying the next option.
2026-09-10 17:13:37,555 WARNING [model_registry] AutoModel with attn_implementation=flash_attention_2 rejected for Qwen/Qwen3-4B-Instruct-2507 (OutOfMemoryError); trying the next option.
2026-09-10 17:13:38,042 WARNING [model_registry] AutoModel with attn_implementation=sdpa rejected for Qwen/Qwen3-4B-Instruct-2507 (OutOfMemoryError); trying the next option.
2026-09-10 17:13:39,668 WARNING [model_registry] AutoModel with attn_implementation=eager rejected for Qwen/Qwen3-4B-Instruct-2507 (OutOfMemoryError); trying the next option.
2026-09-10 17:13:39,668 ERROR [verify_bias_subspace] verify load failed for baseline_igu_lora (CUDA out of memory. Tried to allocate 48.00 MiB. GPU 0 has a total capacity of 39.49 GiB of which 22.94 MiB is free. Process 182571 has 33.87 GiB memory in use. Including non-PyTorch memory, this process has 5.59 GiB memory in use. Of the allocated memory 5.02 GiB is allocated by PyTorch, and 25.88 MiB is reserved by PyTorch but unallocated. If reserved but unallocated memory is large try setting PYTORCH_CUDA_ALLOC_CONF=expandable_segments:True to avoid fragmentation.  See documentation for Memory Management  (https://pytorch.org/docs/stable/notes/cuda.html#environment-variables)); skipping.
2026-09-10 17:13:40,775 WARNING [model_registry] AutoModelForCausalLM with attn_implementation=flash_attention_2 rejected for Qwen/Qwen3-4B-Instruct-2507 (OutOfMemoryError); trying the next option.
2026-09-10 17:13:41,465 WARNING [model_registry] AutoModelForCausalLM with attn_implementation=sdpa rejected for Qwen/Qwen3-4B-Instruct-2507 (OutOfMemoryError); trying the next option.
2026-09-10 17:13:42,085 WARNING [model_registry] AutoModelForCausalLM with attn_implementation=eager rejected for Qwen/Qwen3-4B-Instruct-2507 (OutOfMemoryError); trying the next option.
2026-09-10 17:13:42,087 WARNING [model_registry] AutoModelForImageTextToText with attn_implementation=flash_attention_2 rejected for Qwen/Qwen3-4B-Instruct-2507 (ValueError); trying the next option.
2026-09-10 17:13:42,089 WARNING [model_registry] AutoModelForImageTextToText with attn_implementation=sdpa rejected for Qwen/Qwen3-4B-Instruct-2507 (ValueError); trying the next option.
2026-09-10 17:13:42,090 WARNING [model_registry] AutoModelForImageTextToText with attn_implementation=eager rejected for Qwen/Qwen3-4B-Instruct-2507 (ValueError); trying the next option.
2026-09-10 17:13:42,464 WARNING [model_registry] AutoModel with attn_implementation=flash_attention_2 rejected for Qwen/Qwen3-4B-Instruct-2507 (OutOfMemoryError); trying the next option.
2026-09-10 17:13:42,869 WARNING [model_registry] AutoModel with attn_implementation=sdpa rejected for Qwen/Qwen3-4B-Instruct-2507 (OutOfMemoryError); trying the next option.
2026-09-10 17:13:43,381 WARNING [model_registry] AutoModel with attn_implementation=eager rejected for Qwen/Qwen3-4B-Instruct-2507 (OutOfMemoryError); trying the next option.
2026-09-10 17:13:43,381 ERROR [verify_bias_subspace] verify load failed for baseline_lftf (CUDA out of memory. Tried to allocate 742.00 MiB. GPU 0 has a total capacity of 39.49 GiB of which 22.94 MiB is free. Process 182571 has 33.87 GiB memory in use. Including non-PyTorch memory, this process has 5.59 GiB memory in use. Of the allocated memory 5.02 GiB is allocated by PyTorch, and 25.88 MiB is reserved by PyTorch but unallocated. If reserved but unallocated memory is large try setting PYTORCH_CUDA_ALLOC_CONF=expandable_segments:True to avoid fragmentation.  See documentation for Memory Management  (https://pytorch.org/docs/stable/notes/cuda.html#environment-variables)); skipping.
2026-09-10 17:13:45,843 WARNING [model_registry] AutoModelForCausalLM with attn_implementation=flash_attention_2 rejected for Qwen/Qwen3-4B-Instruct-2507 (OutOfMemoryError); trying the next option.
2026-09-10 17:13:46,875 WARNING [model_registry] AutoModelForCausalLM with attn_implementation=sdpa rejected for Qwen/Qwen3-4B-Instruct-2507 (OutOfMemoryError); trying the next option.
2026-09-10 17:13:48,924 WARNING [model_registry] AutoModelForCausalLM with attn_implementation=eager rejected for Qwen/Qwen3-4B-Instruct-2507 (OutOfMemoryError); trying the next option.
2026-09-10 17:13:48,988 WARNING [model_registry] AutoModelForImageTextToText with attn_implementation=flash_attention_2 rejected for Qwen/Qwen3-4B-Instruct-2507 (ValueError); trying the next option.
2026-09-10 17:13:48,989 WARNING [model_registry] AutoModelForImageTextToText with attn_implementation=sdpa rejected for Qwen/Qwen3-4B-Instruct-2507 (ValueError); trying the next option.
2026-09-10 17:13:48,990 WARNING [model_registry] AutoModelForImageTextToText with attn_implementation=eager rejected for Qwen/Qwen3-4B-Instruct-2507 (ValueError); trying the next option.
2026-09-10 17:13:50,875 WARNING [model_registry] AutoModel with attn_implementation=flash_attention_2 rejected for Qwen/Qwen3-4B-Instruct-2507 (OutOfMemoryError); trying the next option.
2026-09-10 17:13:51,363 WARNING [model_registry] AutoModel with attn_implementation=sdpa rejected for Qwen/Qwen3-4B-Instruct-2507 (OutOfMemoryError); trying the next option.
2026-09-10 17:13:53,244 WARNING [model_registry] AutoModel with attn_implementation=eager rejected for Qwen/Qwen3-4B-Instruct-2507 (OutOfMemoryError); trying the next option.
2026-09-10 17:13:53,245 ERROR [verify_bias_subspace] verify load failed for baseline_pedal (CUDA out of memory. Tried to allocate 48.00 MiB. GPU 0 has a total capacity of 39.49 GiB of which 22.94 MiB is free. Process 182571 has 33.87 GiB memory in use. Including non-PyTorch memory, this process has 5.59 GiB memory in use. Of the allocated memory 5.02 GiB is allocated by PyTorch, and 25.88 MiB is reserved by PyTorch but unallocated. If reserved but unallocated memory is large try setting PYTORCH_CUDA_ALLOC_CONF=expandable_segments:True to avoid fragmentation.  See documentation for Memory Management  (https://pytorch.org/docs/stable/notes/cuda.html#environment-variables)); skipping.
2026-09-10 17:13:54,671 WARNING [model_registry] AutoModelForCausalLM with attn_implementation=flash_attention_2 rejected for Qwen/Qwen3-4B-Instruct-2507 (OutOfMemoryError); trying the next option.
2026-09-10 17:13:55,369 WARNING [model_registry] AutoModelForCausalLM with attn_implementation=sdpa rejected for Qwen/Qwen3-4B-Instruct-2507 (OutOfMemoryError); trying the next option.
2026-09-10 17:13:56,181 WARNING [model_registry] AutoModelForCausalLM with attn_implementation=eager rejected for Qwen/Qwen3-4B-Instruct-2507 (OutOfMemoryError); trying the next option.
2026-09-10 17:13:56,183 WARNING [model_registry] AutoModelForImageTextToText with attn_implementation=flash_attention_2 rejected for Qwen/Qwen3-4B-Instruct-2507 (ValueError); trying the next option.
2026-09-10 17:13:56,184 WARNING [model_registry] AutoModelForImageTextToText with attn_implementation=sdpa rejected for Qwen/Qwen3-4B-Instruct-2507 (ValueError); trying the next option.
2026-09-10 17:13:56,185 WARNING [model_registry] AutoModelForImageTextToText with attn_implementation=eager rejected for Qwen/Qwen3-4B-Instruct-2507 (ValueError); trying the next option.
2026-09-10 17:13:56,768 WARNING [model_registry] AutoModel with attn_implementation=flash_attention_2 rejected for Qwen/Qwen3-4B-Instruct-2507 (OutOfMemoryError); trying the next option.
2026-09-10 17:13:57,170 WARNING [model_registry] AutoModel with attn_implementation=sdpa rejected for Qwen/Qwen3-4B-Instruct-2507 (OutOfMemoryError); trying the next option.
2026-09-10 17:13:57,789 WARNING [model_registry] AutoModel with attn_implementation=eager rejected for Qwen/Qwen3-4B-Instruct-2507 (OutOfMemoryError); trying the next option.
2026-09-10 17:13:57,789 ERROR [verify_bias_subspace] verify load failed for baseline_regift (CUDA out of memory. Tried to allocate 742.00 MiB. GPU 0 has a total capacity of 39.49 GiB of which 22.94 MiB is free. Process 182571 has 33.87 GiB memory in use. Including non-PyTorch memory, this process has 5.59 GiB memory in use. Of the allocated memory 5.02 GiB is allocated by PyTorch, and 25.88 MiB is reserved by PyTorch but unallocated. If reserved but unallocated memory is large try setting PYTORCH_CUDA_ALLOC_CONF=expandable_segments:True to avoid fragmentation.  See documentation for Memory Management  (https://pytorch.org/docs/stable/notes/cuda.html#environment-variables)); skipping.
2026-09-10 17:14:00,471 WARNING [model_registry] AutoModelForCausalLM with attn_implementation=flash_attention_2 rejected for Qwen/Qwen3-4B-Instruct-2507 (OutOfMemoryError); trying the next option.
2026-09-10 17:14:01,361 WARNING [model_registry] AutoModelForCausalLM with attn_implementation=sdpa rejected for Qwen/Qwen3-4B-Instruct-2507 (OutOfMemoryError); trying the next option.
2026-09-10 17:14:03,384 WARNING [model_registry] AutoModelForCausalLM with attn_implementation=eager rejected for Qwen/Qwen3-4B-Instruct-2507 (OutOfMemoryError); trying the next option.
2026-09-10 17:14:03,449 WARNING [model_registry] AutoModelForImageTextToText with attn_implementation=flash_attention_2 rejected for Qwen/Qwen3-4B-Instruct-2507 (ValueError); trying the next option.
2026-09-10 17:14:03,450 WARNING [model_registry] AutoModelForImageTextToText with attn_implementation=sdpa rejected for Qwen/Qwen3-4B-Instruct-2507 (ValueError); trying the next option.
2026-09-10 17:14:03,451 WARNING [model_registry] AutoModelForImageTextToText with attn_implementation=eager rejected for Qwen/Qwen3-4B-Instruct-2507 (ValueError); trying the next option.
2026-09-10 17:14:05,220 WARNING [model_registry] AutoModel with attn_implementation=flash_attention_2 rejected for Qwen/Qwen3-4B-Instruct-2507 (OutOfMemoryError); trying the next option.
2026-09-10 17:14:05,744 WARNING [model_registry] AutoModel with attn_implementation=sdpa rejected for Qwen/Qwen3-4B-Instruct-2507 (OutOfMemoryError); trying the next option.
2026-09-10 17:14:07,502 WARNING [model_registry] AutoModel with attn_implementation=eager rejected for Qwen/Qwen3-4B-Instruct-2507 (OutOfMemoryError); trying the next option.
2026-09-10 17:14:07,503 ERROR [verify_bias_subspace] verify load failed for graft_proposed (CUDA out of memory. Tried to allocate 48.00 MiB. GPU 0 has a total capacity of 39.49 GiB of which 22.94 MiB is free. Process 182571 has 33.87 GiB memory in use. Including non-PyTorch memory, this process has 5.59 GiB memory in use. Of the allocated memory 5.02 GiB is allocated by PyTorch, and 25.88 MiB is reserved by PyTorch but unallocated. If reserved but unallocated memory is large try setting PYTORCH_CUDA_ALLOC_CONF=expandable_segments:True to avoid fragmentation.  See documentation for Memory Management  (https://pytorch.org/docs/stable/notes/cuda.html#environment-variables)); skipping.
2026-09-10 17:14:08,887 WARNING [model_registry] AutoModelForCausalLM with attn_implementation=flash_attention_2 rejected for Qwen/Qwen3-4B-Instruct-2507 (OutOfMemoryError); trying the next option.
2026-09-10 17:14:09,490 WARNING [model_registry] AutoModelForCausalLM with attn_implementation=sdpa rejected for Qwen/Qwen3-4B-Instruct-2507 (OutOfMemoryError); trying the next option.
2026-09-10 17:14:10,098 WARNING [model_registry] AutoModelForCausalLM with attn_implementation=eager rejected for Qwen/Qwen3-4B-Instruct-2507 (OutOfMemoryError); trying the next option.
2026-09-10 17:14:10,102 WARNING [model_registry] AutoModelForImageTextToText with attn_implementation=flash_attention_2 rejected for Qwen/Qwen3-4B-Instruct-2507 (ValueError); trying the next option.
2026-09-10 17:14:10,104 WARNING [model_registry] AutoModelForImageTextToText with attn_implementation=sdpa rejected for Qwen/Qwen3-4B-Instruct-2507 (ValueError); trying the next option.
2026-09-10 17:14:10,104 WARNING [model_registry] AutoModelForImageTextToText with attn_implementation=eager rejected for Qwen/Qwen3-4B-Instruct-2507 (ValueError); trying the next option.
2026-09-10 17:14:10,471 WARNING [model_registry] AutoModel with attn_implementation=flash_attention_2 rejected for Qwen/Qwen3-4B-Instruct-2507 (OutOfMemoryError); trying the next option.
2026-09-10 17:14:10,866 WARNING [model_registry] AutoModel with attn_implementation=sdpa rejected for Qwen/Qwen3-4B-Instruct-2507 (OutOfMemoryError); trying the next option.
2026-09-10 17:14:11,265 WARNING [model_registry] AutoModel with attn_implementation=eager rejected for Qwen/Qwen3-4B-Instruct-2507 (OutOfMemoryError); trying the next option.
2026-09-10 17:14:11,266 ERROR [verify_bias_subspace] verify load failed for graft_proposed_loao_gender (CUDA out of memory. Tried to allocate 742.00 MiB. GPU 0 has a total capacity of 39.49 GiB of which 22.94 MiB is free. Process 182571 has 33.87 GiB memory in use. Including non-PyTorch memory, this process has 5.59 GiB memory in use. Of the allocated memory 5.02 GiB is allocated by PyTorch, and 25.88 MiB is reserved by PyTorch but unallocated. If reserved but unallocated memory is large try setting PYTORCH_CUDA_ALLOC_CONF=expandable_segments:True to avoid fragmentation.  See documentation for Memory Management  (https://pytorch.org/docs/stable/notes/cuda.html#environment-variables)); skipping.
2026-09-10 17:14:13,852 WARNING [model_registry] AutoModelForCausalLM with attn_implementation=flash_attention_2 rejected for Qwen/Qwen3-4B-Instruct-2507 (OutOfMemoryError); trying the next option.
2026-09-10 17:14:14,564 WARNING [model_registry] AutoModelForCausalLM with attn_implementation=sdpa rejected for Qwen/Qwen3-4B-Instruct-2507 (OutOfMemoryError); trying the next option.
2026-09-10 17:14:16,668 WARNING [model_registry] AutoModelForCausalLM with attn_implementation=eager rejected for Qwen/Qwen3-4B-Instruct-2507 (OutOfMemoryError); trying the next option.
2026-09-10 17:14:16,744 WARNING [model_registry] AutoModelForImageTextToText with attn_implementation=flash_attention_2 rejected for Qwen/Qwen3-4B-Instruct-2507 (ValueError); trying the next option.
2026-09-10 17:14:16,746 WARNING [model_registry] AutoModelForImageTextToText with attn_implementation=sdpa rejected for Qwen/Qwen3-4B-Instruct-2507 (ValueError); trying the next option.
2026-09-10 17:14:16,746 WARNING [model_registry] AutoModelForImageTextToText with attn_implementation=eager rejected for Qwen/Qwen3-4B-Instruct-2507 (ValueError); trying the next option.
2026-09-10 17:14:18,471 WARNING [model_registry] AutoModel with attn_implementation=flash_attention_2 rejected for Qwen/Qwen3-4B-Instruct-2507 (OutOfMemoryError); trying the next option.
2026-09-10 17:14:19,135 WARNING [model_registry] AutoModel with attn_implementation=sdpa rejected for Qwen/Qwen3-4B-Instruct-2507 (OutOfMemoryError); trying the next option.
2026-09-10 17:14:20,722 WARNING [model_registry] AutoModel with attn_implementation=eager rejected for Qwen/Qwen3-4B-Instruct-2507 (OutOfMemoryError); trying the next option.
2026-09-10 17:14:20,722 ERROR [verify_bias_subspace] verify load failed for graft_proposed_loao_landholding (CUDA out of memory. Tried to allocate 48.00 MiB. GPU 0 has a total capacity of 39.49 GiB of which 22.94 MiB is free. Process 182571 has 33.87 GiB memory in use. Including non-PyTorch memory, this process has 5.59 GiB memory in use. Of the allocated memory 5.02 GiB is allocated by PyTorch, and 25.88 MiB is reserved by PyTorch but unallocated. If reserved but unallocated memory is large try setting PYTORCH_CUDA_ALLOC_CONF=expandable_segments:True to avoid fragmentation.  See documentation for Memory Management  (https://pytorch.org/docs/stable/notes/cuda.html#environment-variables)); skipping.
2026-09-10 17:14:22,197 WARNING [model_registry] AutoModelForCausalLM with attn_implementation=flash_attention_2 rejected for Qwen/Qwen3-4B-Instruct-2507 (OutOfMemoryError); trying the next option.
2026-09-10 17:14:22,902 WARNING [model_registry] AutoModelForCausalLM with attn_implementation=sdpa rejected for Qwen/Qwen3-4B-Instruct-2507 (OutOfMemoryError); trying the next option.
2026-09-10 17:14:23,501 WARNING [model_registry] AutoModelForCausalLM with attn_implementation=eager rejected for Qwen/Qwen3-4B-Instruct-2507 (OutOfMemoryError); trying the next option.
2026-09-10 17:14:23,505 WARNING [model_registry] AutoModelForImageTextToText with attn_implementation=flash_attention_2 rejected for Qwen/Qwen3-4B-Instruct-2507 (ValueError); trying the next option.
2026-09-10 17:14:23,506 WARNING [model_registry] AutoModelForImageTextToText with attn_implementation=sdpa rejected for Qwen/Qwen3-4B-Instruct-2507 (ValueError); trying the next option.
2026-09-10 17:14:23,507 WARNING [model_registry] AutoModelForImageTextToText with attn_implementation=eager rejected for Qwen/Qwen3-4B-Instruct-2507 (ValueError); trying the next option.
2026-09-10 17:14:23,879 WARNING [model_registry] AutoModel with attn_implementation=flash_attention_2 rejected for Qwen/Qwen3-4B-Instruct-2507 (OutOfMemoryError); trying the next option.
2026-09-10 17:14:24,362 WARNING [model_registry] AutoModel with attn_implementation=sdpa rejected for Qwen/Qwen3-4B-Instruct-2507 (OutOfMemoryError); trying the next option.
2026-09-10 17:14:24,773 WARNING [model_registry] AutoModel with attn_implementation=eager rejected for Qwen/Qwen3-4B-Instruct-2507 (OutOfMemoryError); trying the next option.
2026-09-10 17:14:24,774 ERROR [verify_bias_subspace] verify load failed for graft_proposed_loao_social_group (CUDA out of memory. Tried to allocate 742.00 MiB. GPU 0 has a total capacity of 39.49 GiB of which 22.94 MiB is free. Process 182571 has 33.87 GiB memory in use. Including non-PyTorch memory, this process has 5.59 GiB memory in use. Of the allocated memory 5.02 GiB is allocated by PyTorch, and 25.88 MiB is reserved by PyTorch but unallocated. If reserved but unallocated memory is large try setting PYTORCH_CUDA_ALLOC_CONF=expandable_segments:True to avoid fragmentation.  See documentation for Memory Management  (https://pytorch.org/docs/stable/notes/cuda.html#environment-variables)); skipping.
2026-09-10 17:17:32,517 INFO [evaluate_all] Evaluated tier=general-instruct method=graft_proposed seed=44 balanced_awareness=0.853 erasure=0.003 fabrication=0.235
2026-09-10 17:17:57,889 INFO [evaluate_all] Reusing cached predictions for tier=general-instruct method=graft_proposed_loao_gender seed=42.
2026-09-10 17:19:07,463 INFO [verify_bias_subspace] tier=broad-instruct method=graft_proposed_qlora_nf4 probe_mcq=0.516 probe_advice=1.000
2026-09-10 17:19:10,131 WARNING [model_registry] AutoModelForCausalLM with attn_implementation=flash_attention_2 rejected for Qwen/Qwen3-4B-Instruct-2507 (OutOfMemoryError); trying the next option.
2026-09-10 17:19:10,941 WARNING [model_registry] AutoModelForCausalLM with attn_implementation=sdpa rejected for Qwen/Qwen3-4B-Instruct-2507 (OutOfMemoryError); trying the next option.
2026-09-10 17:19:12,916 WARNING [model_registry] AutoModelForCausalLM with attn_implementation=eager rejected for Qwen/Qwen3-4B-Instruct-2507 (OutOfMemoryError); trying the next option.
2026-09-10 17:19:12,982 WARNING [model_registry] AutoModelForImageTextToText with attn_implementation=flash_attention_2 rejected for Qwen/Qwen3-4B-Instruct-2507 (ValueError); trying the next option.
2026-09-10 17:19:12,984 WARNING [model_registry] AutoModelForImageTextToText with attn_implementation=sdpa rejected for Qwen/Qwen3-4B-Instruct-2507 (ValueError); trying the next option.
2026-09-10 17:19:12,985 WARNING [model_registry] AutoModelForImageTextToText with attn_implementation=eager rejected for Qwen/Qwen3-4B-Instruct-2507 (ValueError); trying the next option.
2026-09-10 17:19:14,731 WARNING [model_registry] AutoModel with attn_implementation=flash_attention_2 rejected for Qwen/Qwen3-4B-Instruct-2507 (OutOfMemoryError); trying the next option.
2026-09-10 17:19:15,256 WARNING [model_registry] AutoModel with attn_implementation=sdpa rejected for Qwen/Qwen3-4B-Instruct-2507 (OutOfMemoryError); trying the next option.
2026-09-10 17:19:17,208 WARNING [model_registry] AutoModel with attn_implementation=eager rejected for Qwen/Qwen3-4B-Instruct-2507 (OutOfMemoryError); trying the next option.
2026-09-10 17:19:17,209 ERROR [verify_bias_subspace] verify load failed for reference_vanilla_lora (CUDA out of memory. Tried to allocate 48.00 MiB. GPU 0 has a total capacity of 39.49 GiB of which 26.94 MiB is free. Process 182571 has 33.87 GiB memory in use. Including non-PyTorch memory, this process has 5.59 GiB memory in use. Of the allocated memory 5.02 GiB is allocated by PyTorch, and 25.88 MiB is reserved by PyTorch but unallocated. If reserved but unallocated memory is large try setting PYTORCH_CUDA_ALLOC_CONF=expandable_segments:True to avoid fragmentation.  See documentation for Memory Management  (https://pytorch.org/docs/stable/notes/cuda.html#environment-variables)); skipping.
2026-09-10 17:19:18,456 WARNING [model_registry] AutoModelForCausalLM with attn_implementation=flash_attention_2 rejected for Qwen/Qwen3-4B-Instruct-2507 (OutOfMemoryError); trying the next option.
2026-09-10 17:19:19,170 WARNING [model_registry] AutoModelForCausalLM with attn_implementation=sdpa rejected for Qwen/Qwen3-4B-Instruct-2507 (OutOfMemoryError); trying the next option.
2026-09-10 17:19:19,878 WARNING [model_registry] AutoModelForCausalLM with attn_implementation=eager rejected for Qwen/Qwen3-4B-Instruct-2507 (OutOfMemoryError); trying the next option.
2026-09-10 17:19:19,881 WARNING [model_registry] AutoModelForImageTextToText with attn_implementation=flash_attention_2 rejected for Qwen/Qwen3-4B-Instruct-2507 (ValueError); trying the next option.
2026-09-10 17:19:19,882 WARNING [model_registry] AutoModelForImageTextToText with attn_implementation=sdpa rejected for Qwen/Qwen3-4B-Instruct-2507 (ValueError); trying the next option.
2026-09-10 17:19:19,883 WARNING [model_registry] AutoModelForImageTextToText with attn_implementation=eager rejected for Qwen/Qwen3-4B-Instruct-2507 (ValueError); trying the next option.
2026-09-10 17:19:20,276 WARNING [model_registry] AutoModel with attn_implementation=flash_attention_2 rejected for Qwen/Qwen3-4B-Instruct-2507 (OutOfMemoryError); trying the next option.
2026-09-10 17:19:20,795 WARNING [model_registry] AutoModel with attn_implementation=sdpa rejected for Qwen/Qwen3-4B-Instruct-2507 (OutOfMemoryError); trying the next option.
2026-09-10 17:19:21,273 WARNING [model_registry] AutoModel with attn_implementation=eager rejected for Qwen/Qwen3-4B-Instruct-2507 (OutOfMemoryError); trying the next option.
2026-09-10 17:19:21,273 ERROR [verify_bias_subspace] verify load failed for reference_vanilla_lora_loao_gender (CUDA out of memory. Tried to allocate 742.00 MiB. GPU 0 has a total capacity of 39.49 GiB of which 26.94 MiB is free. Process 182571 has 33.87 GiB memory in use. Including non-PyTorch memory, this process has 5.59 GiB memory in use. Of the allocated memory 5.02 GiB is allocated by PyTorch, and 25.88 MiB is reserved by PyTorch but unallocated. If reserved but unallocated memory is large try setting PYTORCH_CUDA_ALLOC_CONF=expandable_segments:True to avoid fragmentation.  See documentation for Memory Management  (https://pytorch.org/docs/stable/notes/cuda.html#environment-variables)); skipping.
2026-09-10 17:19:24,551 WARNING [model_registry] AutoModelForCausalLM with attn_implementation=flash_attention_2 rejected for Qwen/Qwen3-4B-Instruct-2507 (OutOfMemoryError); trying the next option.
2026-09-10 17:19:25,550 WARNING [model_registry] AutoModelForCausalLM with attn_implementation=sdpa rejected for Qwen/Qwen3-4B-Instruct-2507 (OutOfMemoryError); trying the next option.
2026-09-10 17:19:27,950 WARNING [model_registry] AutoModelForCausalLM with attn_implementation=eager rejected for Qwen/Qwen3-4B-Instruct-2507 (OutOfMemoryError); trying the next option.
2026-09-10 17:19:28,028 WARNING [model_registry] AutoModelForImageTextToText with attn_implementation=flash_attention_2 rejected for Qwen/Qwen3-4B-Instruct-2507 (ValueError); trying the next option.
2026-09-10 17:19:28,030 WARNING [model_registry] AutoModelForImageTextToText with attn_implementation=sdpa rejected for Qwen/Qwen3-4B-Instruct-2507 (ValueError); trying the next option.
2026-09-10 17:19:28,031 WARNING [model_registry] AutoModelForImageTextToText with attn_implementation=eager rejected for Qwen/Qwen3-4B-Instruct-2507 (ValueError); trying the next option.
2026-09-10 17:19:30,126 WARNING [model_registry] AutoModel with attn_implementation=flash_attention_2 rejected for Qwen/Qwen3-4B-Instruct-2507 (OutOfMemoryError); trying the next option.
2026-09-10 17:19:30,657 WARNING [model_registry] AutoModel with attn_implementation=sdpa rejected for Qwen/Qwen3-4B-Instruct-2507 (OutOfMemoryError); trying the next option.
2026-09-10 17:19:32,788 WARNING [model_registry] AutoModel with attn_implementation=eager rejected for Qwen/Qwen3-4B-Instruct-2507 (OutOfMemoryError); trying the next option.
2026-09-10 17:19:32,789 ERROR [verify_bias_subspace] verify load failed for reference_vanilla_lora_loao_landholding (CUDA out of memory. Tried to allocate 48.00 MiB. GPU 0 has a total capacity of 39.49 GiB of which 26.94 MiB is free. Process 182571 has 33.87 GiB memory in use. Including non-PyTorch memory, this process has 5.59 GiB memory in use. Of the allocated memory 5.02 GiB is allocated by PyTorch, and 25.88 MiB is reserved by PyTorch but unallocated. If reserved but unallocated memory is large try setting PYTORCH_CUDA_ALLOC_CONF=expandable_segments:True to avoid fragmentation.  See documentation for Memory Management  (https://pytorch.org/docs/stable/notes/cuda.html#environment-variables)); skipping.
2026-09-10 17:19:34,165 WARNING [model_registry] AutoModelForCausalLM with attn_implementation=flash_attention_2 rejected for Qwen/Qwen3-4B-Instruct-2507 (OutOfMemoryError); trying the next option.
2026-09-10 17:19:34,858 WARNING [model_registry] AutoModelForCausalLM with attn_implementation=sdpa rejected for Qwen/Qwen3-4B-Instruct-2507 (OutOfMemoryError); trying the next option.
2026-09-10 17:19:35,561 WARNING [model_registry] AutoModelForCausalLM with attn_implementation=eager rejected for Qwen/Qwen3-4B-Instruct-2507 (OutOfMemoryError); trying the next option.
2026-09-10 17:19:35,563 WARNING [model_registry] AutoModelForImageTextToText with attn_implementation=flash_attention_2 rejected for Qwen/Qwen3-4B-Instruct-2507 (ValueError); trying the next option.
2026-09-10 17:19:35,564 WARNING [model_registry] AutoModelForImageTextToText with attn_implementation=sdpa rejected for Qwen/Qwen3-4B-Instruct-2507 (ValueError); trying the next option.
2026-09-10 17:19:35,565 WARNING [model_registry] AutoModelForImageTextToText with attn_implementation=eager rejected for Qwen/Qwen3-4B-Instruct-2507 (ValueError); trying the next option.
2026-09-10 17:19:35,986 WARNING [model_registry] AutoModel with attn_implementation=flash_attention_2 rejected for Qwen/Qwen3-4B-Instruct-2507 (OutOfMemoryError); trying the next option.
2026-09-10 17:19:36,482 WARNING [model_registry] AutoModel with attn_implementation=sdpa rejected for Qwen/Qwen3-4B-Instruct-2507 (OutOfMemoryError); trying the next option.
2026-09-10 17:19:36,970 WARNING [model_registry] AutoModel with attn_implementation=eager rejected for Qwen/Qwen3-4B-Instruct-2507 (OutOfMemoryError); trying the next option.
2026-09-10 17:19:36,970 ERROR [verify_bias_subspace] verify load failed for reference_vanilla_lora_loao_social_group (CUDA out of memory. Tried to allocate 742.00 MiB. GPU 0 has a total capacity of 39.49 GiB of which 26.94 MiB is free. Process 182571 has 33.87 GiB memory in use. Including non-PyTorch memory, this process has 5.59 GiB memory in use. Of the allocated memory 5.02 GiB is allocated by PyTorch, and 25.88 MiB is reserved by PyTorch but unallocated. If reserved but unallocated memory is large try setting PYTORCH_CUDA_ALLOC_CONF=expandable_segments:True to avoid fragmentation.  See documentation for Memory Management  (https://pytorch.org/docs/stable/notes/cuda.html#environment-variables)); skipping.
2026-09-10 17:19:59,061 INFO [evaluate_all] Evaluated tier=general-instruct method=graft_proposed_loao_gender seed=42 balanced_awareness=0.261 erasure=0.750 fabrication=0.000
2026-09-10 17:20:24,283 INFO [evaluate_all] Reusing cached predictions for tier=general-instruct method=graft_proposed_loao_landholding seed=42.
2026-09-10 17:23:13,411 INFO [evaluate_all] Evaluated tier=general-instruct method=graft_proposed_loao_landholding seed=42 balanced_awareness=0.290 erasure=0.050 fabrication=0.436
2026-09-10 17:23:37,856 INFO [evaluate_all] Reusing cached predictions for tier=general-instruct method=graft_proposed_loao_social_group seed=42.
2026-09-10 17:25:44,735 INFO [verify_bias_subspace] tier=broad-instruct method=reference_vanilla_qlora probe_mcq=0.718 probe_advice=1.000
2026-09-10 17:25:47,294 WARNING [model_registry] AutoModelForCausalLM with attn_implementation=flash_attention_2 rejected for Qwen/Qwen3-4B-Instruct-2507 (OutOfMemoryError); trying the next option.
2026-09-10 17:25:47,936 WARNING [model_registry] AutoModelForCausalLM with attn_implementation=sdpa rejected for Qwen/Qwen3-4B-Instruct-2507 (OutOfMemoryError); trying the next option.
2026-09-10 17:25:50,106 WARNING [model_registry] AutoModelForCausalLM with attn_implementation=eager rejected for Qwen/Qwen3-4B-Instruct-2507 (OutOfMemoryError); trying the next option.
2026-09-10 17:25:50,173 WARNING [model_registry] AutoModelForImageTextToText with attn_implementation=flash_attention_2 rejected for Qwen/Qwen3-4B-Instruct-2507 (ValueError); trying the next option.
2026-09-10 17:25:50,175 WARNING [model_registry] AutoModelForImageTextToText with attn_implementation=sdpa rejected for Qwen/Qwen3-4B-Instruct-2507 (ValueError); trying the next option.
2026-09-10 17:25:50,176 WARNING [model_registry] AutoModelForImageTextToText with attn_implementation=eager rejected for Qwen/Qwen3-4B-Instruct-2507 (ValueError); trying the next option.
2026-09-10 17:25:51,620 WARNING [model_registry] AutoModel with attn_implementation=flash_attention_2 rejected for Qwen/Qwen3-4B-Instruct-2507 (OutOfMemoryError); trying the next option.
2026-09-10 17:25:52,066 WARNING [model_registry] AutoModel with attn_implementation=sdpa rejected for Qwen/Qwen3-4B-Instruct-2507 (OutOfMemoryError); trying the next option.
2026-09-10 17:25:53,616 WARNING [model_registry] AutoModel with attn_implementation=eager rejected for Qwen/Qwen3-4B-Instruct-2507 (OutOfMemoryError); trying the next option.
2026-09-10 17:25:53,617 ERROR [verify_bias_subspace] verify load failed for baseline_fairsteer (CUDA out of memory. Tried to allocate 20.00 MiB. GPU 0 has a total capacity of 39.49 GiB of which 2.94 MiB is free. Process 182571 has 33.85 GiB memory in use. Including non-PyTorch memory, this process has 5.63 GiB memory in use. Of the allocated memory 5.07 GiB is allocated by PyTorch, and 13.38 MiB is reserved by PyTorch but unallocated. If reserved but unallocated memory is large try setting PYTORCH_CUDA_ALLOC_CONF=expandable_segments:True to avoid fragmentation.  See documentation for Memory Management  (https://pytorch.org/docs/stable/notes/cuda.html#environment-variables)); skipping.
2026-09-10 17:25:56,503 WARNING [model_registry] AutoModelForImageTextToText with attn_implementation=eager rejected for google/gemma-3-12b-it (OutOfMemoryError); trying the next option.
2026-09-10 17:25:58,110 WARNING [model_registry] AutoModelForImageTextToText with attn_implementation=sdpa rejected for google/gemma-3-12b-it (OutOfMemoryError); trying the next option.
2026-09-10 17:25:59,812 WARNING [model_registry] AutoModelForCausalLM with attn_implementation=eager rejected for google/gemma-3-12b-it (OutOfMemoryError); trying the next option.
2026-09-10 17:26:01,499 WARNING [model_registry] AutoModelForCausalLM with attn_implementation=sdpa rejected for google/gemma-3-12b-it (OutOfMemoryError); trying the next option.
2026-09-10 17:26:02,520 WARNING [model_registry] AutoModel with attn_implementation=eager rejected for google/gemma-3-12b-it (OutOfMemoryError); trying the next option.
2026-09-10 17:26:03,618 WARNING [model_registry] AutoModel with attn_implementation=sdpa rejected for google/gemma-3-12b-it (OutOfMemoryError); trying the next option.
2026-09-10 17:26:03,619 ERROR [verify_bias_subspace] verify load failed for frozen_base (CUDA out of memory. Tried to allocate 1.88 GiB. GPU 0 has a total capacity of 39.49 GiB of which 2.94 MiB is free. Process 182571 has 33.85 GiB memory in use. Including non-PyTorch memory, this process has 5.63 GiB memory in use. Of the allocated memory 5.07 GiB is allocated by PyTorch, and 13.38 MiB is reserved by PyTorch but unallocated. If reserved but unallocated memory is large try setting PYTORCH_CUDA_ALLOC_CONF=expandable_segments:True to avoid fragmentation.  See documentation for Memory Management  (https://pytorch.org/docs/stable/notes/cuda.html#environment-variables)); skipping.
2026-09-10 17:26:07,879 WARNING [model_registry] AutoModelForImageTextToText with attn_implementation=eager rejected for google/gemma-3-12b-it (OutOfMemoryError); trying the next option.
2026-09-10 17:26:07,885 INFO [evaluate_all] Evaluated tier=general-instruct method=graft_proposed_loao_social_group seed=42 balanced_awareness=0.216 erasure=0.500 fabrication=0.047
2026-09-10 17:27:19,385 INFO [evaluate_all] Reusing cached predictions for tier=general-instruct method=graft_proposed_qlora_nf4 seed=42.
2026-09-10 17:27:29,281 WARNING [inference] Generation ran out of memory; retrying at batch size 8.
2026-09-10 17:27:35,911 WARNING [inference] Generation ran out of memory; retrying at batch size 4.
2026-09-10 17:27:38,151 WARNING [inference] Generation ran out of memory; retrying at batch size 2.
2026-09-10 17:32:22,541 INFO [verify_bias_subspace] tier=general-instruct method=baseline_dart probe_mcq=0.823 probe_advice=0.997
2026-09-10 17:38:57,892 INFO [verify_bias_subspace] tier=general-instruct method=baseline_fairnet probe_mcq=0.832 probe_advice=0.997
2026-09-10 17:39:13,547 INFO [evaluate_all] Evaluated tier=general-instruct method=graft_proposed_qlora_nf4 seed=42 balanced_awareness=0.929 erasure=0.005 fabrication=0.093
2026-09-10 17:39:27,608 WARNING [model_registry] AutoModelForImageTextToText with attn_implementation=eager rejected for google/gemma-3-12b-it (OutOfMemoryError); trying the next option.
2026-09-10 17:39:37,523 WARNING [model_registry] AutoModelForImageTextToText with attn_implementation=sdpa rejected for google/gemma-3-12b-it (OutOfMemoryError); trying the next option.
2026-09-10 17:39:49,018 WARNING [model_registry] AutoModelForCausalLM with attn_implementation=eager rejected for google/gemma-3-12b-it (OutOfMemoryError); trying the next option.
2026-09-10 17:39:57,507 WARNING [model_registry] AutoModelForCausalLM with attn_implementation=sdpa rejected for google/gemma-3-12b-it (OutOfMemoryError); trying the next option.
2026-09-10 17:40:02,242 WARNING [model_registry] AutoModel with attn_implementation=eager rejected for google/gemma-3-12b-it (OutOfMemoryError); trying the next option.
2026-09-10 17:40:03,180 WARNING [model_registry] AutoModel with attn_implementation=sdpa rejected for google/gemma-3-12b-it (OutOfMemoryError); trying the next option.
2026-09-10 17:40:03,180 ERROR [evaluate_all] Eval load failed tier=general-instruct method=reference_vanilla_lora (CUDA out of memory. Tried to allocate 1.88 GiB. GPU 0 has a total capacity of 39.49 GiB of which 80.94 MiB is free. Including non-PyTorch memory, this process has 15.35 GiB memory in use. Process 183996 has 24.06 GiB memory in use. Of the allocated memory 14.80 GiB is allocated by PyTorch, and 27.53 MiB is reserved by PyTorch but unallocated. If reserved but unallocated memory is large try setting PYTORCH_CUDA_ALLOC_CONF=expandable_segments:True to avoid fragmentation.  See documentation for Memory Management  (https://pytorch.org/docs/stable/notes/cuda.html#environment-variables)); skipping.
2026-09-10 17:40:17,320 WARNING [model_registry] AutoModelForImageTextToText with attn_implementation=eager rejected for google/gemma-3-12b-it (OutOfMemoryError); trying the next option.
2026-09-10 17:40:26,371 WARNING [model_registry] AutoModelForImageTextToText with attn_implementation=sdpa rejected for google/gemma-3-12b-it (OutOfMemoryError); trying the next option.
2026-09-10 17:40:45,423 WARNING [model_registry] AutoModelForCausalLM with attn_implementation=eager rejected for google/gemma-3-12b-it (OutOfMemoryError); trying the next option.
2026-09-10 17:40:54,727 WARNING [model_registry] AutoModelForCausalLM with attn_implementation=sdpa rejected for google/gemma-3-12b-it (OutOfMemoryError); trying the next option.
2026-09-10 17:41:06,959 WARNING [model_registry] AutoModel with attn_implementation=eager rejected for google/gemma-3-12b-it (OutOfMemoryError); trying the next option.
2026-09-10 17:41:15,503 WARNING [model_registry] AutoModel with attn_implementation=sdpa rejected for google/gemma-3-12b-it (OutOfMemoryError); trying the next option.
2026-09-10 17:41:15,504 ERROR [evaluate_all] Eval load failed tier=general-instruct method=reference_vanilla_lora (CUDA out of memory. Tried to allocate 1.88 GiB. GPU 0 has a total capacity of 39.49 GiB of which 80.94 MiB is free. Including non-PyTorch memory, this process has 15.35 GiB memory in use. Process 183996 has 24.06 GiB memory in use. Of the allocated memory 14.80 GiB is allocated by PyTorch, and 27.53 MiB is reserved by PyTorch but unallocated. If reserved but unallocated memory is large try setting PYTORCH_CUDA_ALLOC_CONF=expandable_segments:True to avoid fragmentation.  See documentation for Memory Management  (https://pytorch.org/docs/stable/notes/cuda.html#environment-variables)); skipping.
2026-09-10 17:41:29,244 WARNING [model_registry] AutoModelForImageTextToText with attn_implementation=eager rejected for google/gemma-3-12b-it (OutOfMemoryError); trying the next option.
2026-09-10 17:41:38,610 WARNING [model_registry] AutoModelForImageTextToText with attn_implementation=sdpa rejected for google/gemma-3-12b-it (OutOfMemoryError); trying the next option.
2026-09-10 17:41:51,276 WARNING [model_registry] AutoModelForCausalLM with attn_implementation=eager rejected for google/gemma-3-12b-it (OutOfMemoryError); trying the next option.
2026-09-10 17:42:00,011 WARNING [model_registry] AutoModelForCausalLM with attn_implementation=sdpa rejected for google/gemma-3-12b-it (OutOfMemoryError); trying the next option.
2026-09-10 17:42:12,255 WARNING [model_registry] AutoModel with attn_implementation=eager rejected for google/gemma-3-12b-it (OutOfMemoryError); trying the next option.
2026-09-10 17:42:20,672 WARNING [model_registry] AutoModel with attn_implementation=sdpa rejected for google/gemma-3-12b-it (OutOfMemoryError); trying the next option.
2026-09-10 17:42:20,673 ERROR [evaluate_all] Eval load failed tier=general-instruct method=reference_vanilla_lora (CUDA out of memory. Tried to allocate 1.88 GiB. GPU 0 has a total capacity of 39.49 GiB of which 80.94 MiB is free. Including non-PyTorch memory, this process has 15.35 GiB memory in use. Process 183996 has 24.06 GiB memory in use. Of the allocated memory 14.80 GiB is allocated by PyTorch, and 27.53 MiB is reserved by PyTorch but unallocated. If reserved but unallocated memory is large try setting PYTORCH_CUDA_ALLOC_CONF=expandable_segments:True to avoid fragmentation.  See documentation for Memory Management  (https://pytorch.org/docs/stable/notes/cuda.html#environment-variables)); skipping.
2026-09-10 17:42:34,415 WARNING [verify_bias_subspace] Attribution re-run failed for baseline_igu_lora (CUDA out of memory. Tried to allocate 12.00 MiB. GPU 0 has a total capacity of 39.49 GiB of which 16.94 MiB is free. Process 182571 has 15.35 GiB memory in use. Including non-PyTorch memory, this process has 24.12 GiB memory in use. Of the allocated memory 23.55 GiB is allocated by PyTorch, and 18.43 MiB is reserved by PyTorch but unallocated. If reserved but unallocated memory is large try setting PYTORCH_CUDA_ALLOC_CONF=expandable_segments:True to avoid fragmentation.  See documentation for Memory Management  (https://pytorch.org/docs/stable/notes/cuda.html#environment-variables)); left blank.
2026-09-10 17:42:34,417 INFO [verify_bias_subspace] tier=general-instruct method=baseline_igu_lora probe_mcq=0.668 probe_advice=1.000
2026-09-10 17:42:37,799 WARNING [model_registry] AutoModelForImageTextToText with attn_implementation=eager rejected for google/gemma-3-12b-it (OutOfMemoryError); trying the next option.
2026-09-10 17:42:46,336 WARNING [model_registry] AutoModelForImageTextToText with attn_implementation=sdpa rejected for google/gemma-3-12b-it (OutOfMemoryError); trying the next option.
2026-09-10 17:42:48,663 WARNING [model_registry] AutoModelForImageTextToText with attn_implementation=eager rejected for google/gemma-3-12b-it (OutOfMemoryError); trying the next option.
2026-09-10 17:42:53,279 WARNING [model_registry] AutoModelForImageTextToText with attn_implementation=sdpa rejected for google/gemma-3-12b-it (OutOfMemoryError); trying the next option.
2026-09-10 17:43:02,677 WARNING [model_registry] AutoModelForCausalLM with attn_implementation=eager rejected for google/gemma-3-12b-it (OutOfMemoryError); trying the next option.
2026-09-10 17:43:04,436 WARNING [model_registry] AutoModelForCausalLM with attn_implementation=sdpa rejected for google/gemma-3-12b-it (OutOfMemoryError); trying the next option.
2026-09-10 17:43:05,050 WARNING [model_registry] AutoModelForCausalLM with attn_implementation=eager rejected for google/gemma-3-12b-it (OutOfMemoryError); trying the next option.
2026-09-10 17:43:15,035 WARNING [model_registry] AutoModelForCausalLM with attn_implementation=sdpa rejected for google/gemma-3-12b-it (OutOfMemoryError); trying the next option.
2026-09-10 17:43:18,746 WARNING [model_registry] AutoModel with attn_implementation=eager rejected for google/gemma-3-12b-it (OutOfMemoryError); trying the next option.
2026-09-10 17:43:22,169 WARNING [model_registry] AutoModel with attn_implementation=sdpa rejected for google/gemma-3-12b-it (OutOfMemoryError); trying the next option.
2026-09-10 17:43:22,170 ERROR [verify_bias_subspace] verify load failed for baseline_lftf (CUDA out of memory. Tried to allocate 1.88 GiB. GPU 0 has a total capacity of 39.49 GiB of which 66.94 MiB is free. Process 182571 has 21.29 GiB memory in use. Including non-PyTorch memory, this process has 18.13 GiB memory in use. Of the allocated memory 17.56 GiB is allocated by PyTorch, and 25.35 MiB is reserved by PyTorch but unallocated. If reserved but unallocated memory is large try setting PYTORCH_CUDA_ALLOC_CONF=expandable_segments:True to avoid fragmentation.  See documentation for Memory Management  (https://pytorch.org/docs/stable/notes/cuda.html#environment-variables)); skipping.
2026-09-10 17:43:30,702 WARNING [model_registry] AutoModel with attn_implementation=eager rejected for google/gemma-3-12b-it (OutOfMemoryError); trying the next option.
2026-09-10 17:43:30,859 WARNING [model_registry] AutoModelForImageTextToText with attn_implementation=eager rejected for google/gemma-3-12b-it (OutOfMemoryError); trying the next option.
2026-09-10 17:43:34,744 WARNING [model_registry] AutoModelForImageTextToText with attn_implementation=sdpa rejected for google/gemma-3-12b-it (OutOfMemoryError); trying the next option.
2026-09-10 17:43:43,587 WARNING [model_registry] AutoModel with attn_implementation=sdpa rejected for google/gemma-3-12b-it (OutOfMemoryError); trying the next option.
2026-09-10 17:43:43,588 ERROR [evaluate_all] Eval load failed tier=general-instruct method=reference_vanilla_lora_loao_gender (CUDA out of memory. Tried to allocate 1.88 GiB. GPU 0 has a total capacity of 39.49 GiB of which 26.94 MiB is free. Including non-PyTorch memory, this process has 22.44 GiB memory in use. Process 183996 has 17.02 GiB memory in use. Of the allocated memory 21.90 GiB is allocated by PyTorch, and 21.52 MiB is reserved by PyTorch but unallocated. If reserved but unallocated memory is large try setting PYTORCH_CUDA_ALLOC_CONF=expandable_segments:True to avoid fragmentation.  See documentation for Memory Management  (https://pytorch.org/docs/stable/notes/cuda.html#environment-variables)); skipping.
2026-09-10 17:43:48,377 WARNING [model_registry] AutoModelForCausalLM with attn_implementation=eager rejected for google/gemma-3-12b-it (OutOfMemoryError); trying the next option.
2026-09-10 17:43:53,259 WARNING [model_registry] AutoModelForCausalLM with attn_implementation=sdpa rejected for google/gemma-3-12b-it (OutOfMemoryError); trying the next option.
2026-09-10 17:44:00,845 WARNING [model_registry] AutoModel with attn_implementation=eager rejected for google/gemma-3-12b-it (OutOfMemoryError); trying the next option.
2026-09-10 17:44:02,019 WARNING [model_registry] AutoModel with attn_implementation=sdpa rejected for google/gemma-3-12b-it (OutOfMemoryError); trying the next option.
2026-09-10 17:44:02,020 ERROR [verify_bias_subspace] verify load failed for baseline_pedal (CUDA out of memory. Tried to allocate 1.88 GiB. GPU 0 has a total capacity of 39.49 GiB of which 26.94 MiB is free. Process 182571 has 22.44 GiB memory in use. Including non-PyTorch memory, this process has 17.02 GiB memory in use. Of the allocated memory 16.46 GiB is allocated by PyTorch, and 10.42 MiB is reserved by PyTorch but unallocated. If reserved but unallocated memory is large try setting PYTORCH_CUDA_ALLOC_CONF=expandable_segments:True to avoid fragmentation.  See documentation for Memory Management  (https://pytorch.org/docs/stable/notes/cuda.html#environment-variables)); skipping.
2026-09-10 17:44:08,432 INFO [evaluate_all] Reusing cached predictions for tier=general-instruct method=reference_vanilla_lora_loao_landholding seed=42.
2026-09-10 17:44:08,962 WARNING [inference] Generation ran out of memory; retrying at batch size 8.
2026-09-10 17:44:12,515 WARNING [model_registry] AutoModelForImageTextToText with attn_implementation=eager rejected for google/gemma-3-12b-it (OutOfMemoryError); trying the next option.
2026-09-10 17:44:14,285 WARNING [model_registry] AutoModelForImageTextToText with attn_implementation=sdpa rejected for google/gemma-3-12b-it (OutOfMemoryError); trying the next option.
2026-09-10 17:44:19,781 WARNING [inference] Generation ran out of memory; retrying at batch size 4.
2026-09-10 17:44:20,583 WARNING [model_registry] AutoModelForCausalLM with attn_implementation=eager rejected for google/gemma-3-12b-it (OutOfMemoryError); trying the next option.
2026-09-10 17:44:22,700 WARNING [model_registry] AutoModelForCausalLM with attn_implementation=sdpa rejected for google/gemma-3-12b-it (OutOfMemoryError); trying the next option.
2026-09-10 17:44:27,837 WARNING [model_registry] AutoModel with attn_implementation=eager rejected for google/gemma-3-12b-it (OutOfMemoryError); trying the next option.
2026-09-10 17:44:29,021 WARNING [model_registry] AutoModel with attn_implementation=sdpa rejected for google/gemma-3-12b-it (OutOfMemoryError); trying the next option.
2026-09-10 17:44:29,021 ERROR [verify_bias_subspace] verify load failed for baseline_regift (CUDA out of memory. Tried to allocate 1.88 GiB. GPU 0 has a total capacity of 39.49 GiB of which 30.94 MiB is free. Process 182571 has 24.06 GiB memory in use. Including non-PyTorch memory, this process has 15.40 GiB memory in use. Of the allocated memory 14.83 GiB is allocated by PyTorch, and 15.53 MiB is reserved by PyTorch but unallocated. If reserved but unallocated memory is large try setting PYTORCH_CUDA_ALLOC_CONF=expandable_segments:True to avoid fragmentation.  See documentation for Memory Management  (https://pytorch.org/docs/stable/notes/cuda.html#environment-variables)); skipping.
2026-09-10 17:44:35,427 WARNING [model_registry] AutoModelForImageTextToText with attn_implementation=eager rejected for google/gemma-3-12b-it (OutOfMemoryError); trying the next option.
2026-09-10 17:44:37,339 WARNING [model_registry] AutoModelForImageTextToText with attn_implementation=sdpa rejected for google/gemma-3-12b-it (OutOfMemoryError); trying the next option.
2026-09-10 17:44:42,641 WARNING [model_registry] AutoModelForCausalLM with attn_implementation=eager rejected for google/gemma-3-12b-it (OutOfMemoryError); trying the next option.
2026-09-10 17:44:44,850 WARNING [model_registry] AutoModelForCausalLM with attn_implementation=sdpa rejected for google/gemma-3-12b-it (OutOfMemoryError); trying the next option.
2026-09-10 17:44:49,371 WARNING [model_registry] AutoModel with attn_implementation=eager rejected for google/gemma-3-12b-it (OutOfMemoryError); trying the next option.
2026-09-10 17:44:50,904 WARNING [model_registry] AutoModel with attn_implementation=sdpa rejected for google/gemma-3-12b-it (OutOfMemoryError); trying the next option.
2026-09-10 17:44:50,905 ERROR [verify_bias_subspace] verify load failed for graft_proposed (CUDA out of memory. Tried to allocate 1.88 GiB. GPU 0 has a total capacity of 39.49 GiB of which 30.94 MiB is free. Process 182571 has 26.15 GiB memory in use. Including non-PyTorch memory, this process has 13.31 GiB memory in use. Of the allocated memory 12.74 GiB is allocated by PyTorch, and 13.19 MiB is reserved by PyTorch but unallocated. If reserved but unallocated memory is large try setting PYTORCH_CUDA_ALLOC_CONF=expandable_segments:True to avoid fragmentation.  See documentation for Memory Management  (https://pytorch.org/docs/stable/notes/cuda.html#environment-variables)); skipping.
2026-09-10 17:44:57,531 WARNING [model_registry] AutoModelForImageTextToText with attn_implementation=eager rejected for google/gemma-3-12b-it (OutOfMemoryError); trying the next option.
2026-09-10 17:44:59,557 WARNING [model_registry] AutoModelForImageTextToText with attn_implementation=sdpa rejected for google/gemma-3-12b-it (OutOfMemoryError); trying the next option.
2026-09-10 17:45:04,394 WARNING [model_registry] AutoModelForCausalLM with attn_implementation=eager rejected for google/gemma-3-12b-it (OutOfMemoryError); trying the next option.
2026-09-10 17:45:06,417 WARNING [model_registry] AutoModelForCausalLM with attn_implementation=sdpa rejected for google/gemma-3-12b-it (OutOfMemoryError); trying the next option.
2026-09-10 17:45:10,930 WARNING [model_registry] AutoModel with attn_implementation=eager rejected for google/gemma-3-12b-it (OutOfMemoryError); trying the next option.
2026-09-10 17:45:12,254 WARNING [model_registry] AutoModel with attn_implementation=sdpa rejected for google/gemma-3-12b-it (OutOfMemoryError); trying the next option.
2026-09-10 17:45:12,255 ERROR [verify_bias_subspace] verify load failed for graft_proposed_loao_gender (CUDA out of memory. Tried to allocate 1.88 GiB. GPU 0 has a total capacity of 39.49 GiB of which 30.94 MiB is free. Process 182571 has 26.15 GiB memory in use. Including non-PyTorch memory, this process has 13.31 GiB memory in use. Of the allocated memory 12.74 GiB is allocated by PyTorch, and 13.19 MiB is reserved by PyTorch but unallocated. If reserved but unallocated memory is large try setting PYTORCH_CUDA_ALLOC_CONF=expandable_segments:True to avoid fragmentation.  See documentation for Memory Management  (https://pytorch.org/docs/stable/notes/cuda.html#environment-variables)); skipping.
2026-09-10 17:45:18,931 WARNING [model_registry] AutoModelForImageTextToText with attn_implementation=eager rejected for google/gemma-3-12b-it (OutOfMemoryError); trying the next option.
2026-09-10 17:45:21,355 WARNING [model_registry] AutoModelForImageTextToText with attn_implementation=sdpa rejected for google/gemma-3-12b-it (OutOfMemoryError); trying the next option.
2026-09-10 17:45:26,890 WARNING [model_registry] AutoModelForCausalLM with attn_implementation=eager rejected for google/gemma-3-12b-it (OutOfMemoryError); trying the next option.
2026-09-10 17:45:29,191 WARNING [model_registry] AutoModelForCausalLM with attn_implementation=sdpa rejected for google/gemma-3-12b-it (OutOfMemoryError); trying the next option.
2026-09-10 17:45:33,905 WARNING [model_registry] AutoModel with attn_implementation=eager rejected for google/gemma-3-12b-it (OutOfMemoryError); trying the next option.
2026-09-10 17:45:35,524 WARNING [model_registry] AutoModel with attn_implementation=sdpa rejected for google/gemma-3-12b-it (OutOfMemoryError); trying the next option.
2026-09-10 17:45:35,525 ERROR [verify_bias_subspace] verify load failed for graft_proposed_loao_landholding (CUDA out of memory. Tried to allocate 1.88 GiB. GPU 0 has a total capacity of 39.49 GiB of which 30.94 MiB is free. Process 182571 has 26.15 GiB memory in use. Including non-PyTorch memory, this process has 13.31 GiB memory in use. Of the allocated memory 12.74 GiB is allocated by PyTorch, and 13.19 MiB is reserved by PyTorch but unallocated. If reserved but unallocated memory is large try setting PYTORCH_CUDA_ALLOC_CONF=expandable_segments:True to avoid fragmentation.  See documentation for Memory Management  (https://pytorch.org/docs/stable/notes/cuda.html#environment-variables)); skipping.
2026-09-10 17:45:41,847 WARNING [model_registry] AutoModelForImageTextToText with attn_implementation=eager rejected for google/gemma-3-12b-it (OutOfMemoryError); trying the next option.
2026-09-10 17:45:43,814 WARNING [model_registry] AutoModelForImageTextToText with attn_implementation=sdpa rejected for google/gemma-3-12b-it (OutOfMemoryError); trying the next option.
2026-09-10 17:45:48,777 WARNING [model_registry] AutoModelForCausalLM with attn_implementation=eager rejected for google/gemma-3-12b-it (OutOfMemoryError); trying the next option.
2026-09-10 17:45:50,673 WARNING [model_registry] AutoModelForCausalLM with attn_implementation=sdpa rejected for google/gemma-3-12b-it (OutOfMemoryError); trying the next option.
2026-09-10 17:45:55,073 WARNING [model_registry] AutoModel with attn_implementation=eager rejected for google/gemma-3-12b-it (OutOfMemoryError); trying the next option.
2026-09-10 17:45:56,343 WARNING [model_registry] AutoModel with attn_implementation=sdpa rejected for google/gemma-3-12b-it (OutOfMemoryError); trying the next option.
2026-09-10 17:45:56,344 ERROR [verify_bias_subspace] verify load failed for graft_proposed_loao_social_group (CUDA out of memory. Tried to allocate 1.88 GiB. GPU 0 has a total capacity of 39.49 GiB of which 30.94 MiB is free. Process 182571 has 26.15 GiB memory in use. Including non-PyTorch memory, this process has 13.31 GiB memory in use. Of the allocated memory 12.74 GiB is allocated by PyTorch, and 13.19 MiB is reserved by PyTorch but unallocated. If reserved but unallocated memory is large try setting PYTORCH_CUDA_ALLOC_CONF=expandable_segments:True to avoid fragmentation.  See documentation for Memory Management  (https://pytorch.org/docs/stable/notes/cuda.html#environment-variables)); skipping.
2026-09-10 17:49:19,937 INFO [evaluate_all] Evaluated tier=general-instruct method=reference_vanilla_lora_loao_landholding seed=42 balanced_awareness=0.432 erasure=0.365 fabrication=0.147
2026-09-10 17:49:41,380 INFO [evaluate_all] Reusing cached predictions for tier=general-instruct method=reference_vanilla_lora_loao_social_group seed=42.
2026-09-10 17:49:54,092 WARNING [inference] Generation ran out of memory; retrying at batch size 8.
2026-09-10 17:49:58,891 WARNING [inference] Generation ran out of memory; retrying at batch size 4.
2026-09-10 17:53:37,181 INFO [verify_bias_subspace] tier=general-instruct method=graft_proposed_qlora_nf4 probe_mcq=0.840 probe_advice=0.997
2026-09-10 17:53:43,333 WARNING [model_registry] AutoModelForImageTextToText with attn_implementation=eager rejected for google/gemma-3-12b-it (OutOfMemoryError); trying the next option.
2026-09-10 17:53:45,168 WARNING [model_registry] AutoModelForImageTextToText with attn_implementation=sdpa rejected for google/gemma-3-12b-it (OutOfMemoryError); trying the next option.
2026-09-10 17:53:49,739 WARNING [model_registry] AutoModelForCausalLM with attn_implementation=eager rejected for google/gemma-3-12b-it (OutOfMemoryError); trying the next option.
2026-09-10 17:53:51,546 WARNING [model_registry] AutoModelForCausalLM with attn_implementation=sdpa rejected for google/gemma-3-12b-it (OutOfMemoryError); trying the next option.
2026-09-10 17:53:55,633 WARNING [model_registry] AutoModel with attn_implementation=eager rejected for google/gemma-3-12b-it (OutOfMemoryError); trying the next option.
2026-09-10 17:53:56,855 WARNING [model_registry] AutoModel with attn_implementation=sdpa rejected for google/gemma-3-12b-it (OutOfMemoryError); trying the next option.
2026-09-10 17:53:56,856 ERROR [verify_bias_subspace] verify load failed for reference_vanilla_lora (CUDA out of memory. Tried to allocate 1.88 GiB. GPU 0 has a total capacity of 39.49 GiB of which 10.94 MiB is free. Process 182571 has 27.46 GiB memory in use. Including non-PyTorch memory, this process has 12.02 GiB memory in use. Of the allocated memory 11.45 GiB is allocated by PyTorch, and 20.78 MiB is reserved by PyTorch but unallocated. If reserved but unallocated memory is large try setting PYTORCH_CUDA_ALLOC_CONF=expandable_segments:True to avoid fragmentation.  See documentation for Memory Management  (https://pytorch.org/docs/stable/notes/cuda.html#environment-variables)); skipping.
2026-09-10 17:54:02,573 WARNING [model_registry] AutoModelForImageTextToText with attn_implementation=eager rejected for google/gemma-3-12b-it (OutOfMemoryError); trying the next option.
2026-09-10 17:54:04,343 WARNING [model_registry] AutoModelForImageTextToText with attn_implementation=sdpa rejected for google/gemma-3-12b-it (OutOfMemoryError); trying the next option.
2026-09-10 17:54:08,964 WARNING [model_registry] AutoModelForCausalLM with attn_implementation=eager rejected for google/gemma-3-12b-it (OutOfMemoryError); trying the next option.
2026-09-10 17:54:10,686 WARNING [model_registry] AutoModelForCausalLM with attn_implementation=sdpa rejected for google/gemma-3-12b-it (OutOfMemoryError); trying the next option.
2026-09-10 17:54:14,568 WARNING [model_registry] AutoModel with attn_implementation=eager rejected for google/gemma-3-12b-it (OutOfMemoryError); trying the next option.
2026-09-10 17:54:15,747 WARNING [model_registry] AutoModel with attn_implementation=sdpa rejected for google/gemma-3-12b-it (OutOfMemoryError); trying the next option.
2026-09-10 17:54:15,747 ERROR [verify_bias_subspace] verify load failed for reference_vanilla_lora_loao_gender (CUDA out of memory. Tried to allocate 1.88 GiB. GPU 0 has a total capacity of 39.49 GiB of which 10.94 MiB is free. Process 182571 has 27.46 GiB memory in use. Including non-PyTorch memory, this process has 12.02 GiB memory in use. Of the allocated memory 11.45 GiB is allocated by PyTorch, and 20.78 MiB is reserved by PyTorch but unallocated. If reserved but unallocated memory is large try setting PYTORCH_CUDA_ALLOC_CONF=expandable_segments:True to avoid fragmentation.  See documentation for Memory Management  (https://pytorch.org/docs/stable/notes/cuda.html#environment-variables)); skipping.
2026-09-10 17:54:21,457 WARNING [model_registry] AutoModelForImageTextToText with attn_implementation=eager rejected for google/gemma-3-12b-it (OutOfMemoryError); trying the next option.
2026-09-10 17:54:23,493 WARNING [model_registry] AutoModelForImageTextToText with attn_implementation=sdpa rejected for google/gemma-3-12b-it (OutOfMemoryError); trying the next option.
2026-09-10 17:54:26,959 INFO [evaluate_all] Evaluated tier=general-instruct method=reference_vanilla_lora_loao_social_group seed=42 balanced_awareness=0.489 erasure=0.663 fabrication=0.021
2026-09-10 17:55:20,276 INFO [evaluate_all] Reusing cached predictions for tier=general-instruct method=reference_vanilla_qlora seed=42.
2026-09-10 17:55:39,488 WARNING [inference] Generation ran out of memory; retrying at batch size 8.
2026-09-10 17:57:34,075 WARNING [verify_bias_subspace] Attribution re-run failed for reference_vanilla_lora_loao_landholding (CUDA out of memory. Tried to allocate 12.00 MiB. GPU 0 has a total capacity of 39.49 GiB of which 8.94 MiB is free. Process 182571 has 14.04 GiB memory in use. Including non-PyTorch memory, this process has 25.44 GiB memory in use. Of the allocated memory 24.83 GiB is allocated by PyTorch, and 56.51 MiB is reserved by PyTorch but unallocated. If reserved but unallocated memory is large try setting PYTORCH_CUDA_ALLOC_CONF=expandable_segments:True to avoid fragmentation.  See documentation for Memory Management  (https://pytorch.org/docs/stable/notes/cuda.html#environment-variables)); left blank.
2026-09-10 17:57:34,082 INFO [verify_bias_subspace] tier=general-instruct method=reference_vanilla_lora_loao_landholding probe_mcq=0.815 probe_advice=0.997
2026-09-10 18:00:32,036 WARNING [verify_bias_subspace] Attribution re-run failed for reference_vanilla_lora_loao_social_group (CUDA out of memory. Tried to allocate 12.00 MiB. GPU 0 has a total capacity of 39.49 GiB of which 8.94 MiB is free. Process 182571 has 14.04 GiB memory in use. Including non-PyTorch memory, this process has 25.44 GiB memory in use. Of the allocated memory 24.83 GiB is allocated by PyTorch, and 56.51 MiB is reserved by PyTorch but unallocated. If reserved but unallocated memory is large try setting PYTORCH_CUDA_ALLOC_CONF=expandable_segments:True to avoid fragmentation.  See documentation for Memory Management  (https://pytorch.org/docs/stable/notes/cuda.html#environment-variables)); left blank.
2026-09-10 18:00:32,043 INFO [verify_bias_subspace] tier=general-instruct method=reference_vanilla_lora_loao_social_group probe_mcq=0.866 probe_advice=1.000
2026-09-10 18:01:52,308 INFO [evaluate_all] Evaluated tier=general-instruct method=reference_vanilla_qlora seed=42 balanced_awareness=0.954 erasure=0.019 fabrication=0.061
2026-09-10 18:02:08,502 WARNING [model_registry] AutoModelForImageTextToText with attn_implementation=eager rejected for google/gemma-3-12b-it (OutOfMemoryError); trying the next option.
2026-09-10 18:02:18,919 WARNING [model_registry] AutoModelForImageTextToText with attn_implementation=sdpa rejected for google/gemma-3-12b-it (OutOfMemoryError); trying the next option.
2026-09-10 18:02:34,496 INFO [evaluate_all] Reusing cached predictions for tier=general-instruct method=baseline_fairsteer seed=42.
2026-09-10 18:02:45,148 WARNING [inference] Generation ran out of memory; retrying at batch size 8.
2026-09-10 18:02:46,750 WARNING [inference] Generation ran out of memory; retrying at batch size 4.
2026-09-10 18:07:36,990 INFO [evaluate_all] Evaluated tier=general-instruct method=baseline_fairsteer seed=42 balanced_awareness=0.000 erasure=0.000 fabrication=1.000
2026-09-10 18:09:27,004 INFO [verify_bias_subspace] tier=general-instruct method=reference_vanilla_qlora probe_mcq=0.777 probe_advice=0.997
2026-09-10 18:09:33,783 WARNING [model_registry] AutoModelForImageTextToText with attn_implementation=eager rejected for google/gemma-3-12b-it (OutOfMemoryError); trying the next option.
2026-09-10 18:09:35,802 WARNING [model_registry] AutoModelForImageTextToText with attn_implementation=sdpa rejected for google/gemma-3-12b-it (OutOfMemoryError); trying the next option.
2026-09-10 18:09:41,062 WARNING [model_registry] AutoModelForCausalLM with attn_implementation=eager rejected for google/gemma-3-12b-it (OutOfMemoryError); trying the next option.
2026-09-10 18:09:43,073 WARNING [model_registry] AutoModelForCausalLM with attn_implementation=sdpa rejected for google/gemma-3-12b-it (OutOfMemoryError); trying the next option.
2026-09-10 18:09:47,650 WARNING [model_registry] AutoModel with attn_implementation=eager rejected for google/gemma-3-12b-it (OutOfMemoryError); trying the next option.
2026-09-10 18:09:49,074 WARNING [model_registry] AutoModel with attn_implementation=sdpa rejected for google/gemma-3-12b-it (OutOfMemoryError); trying the next option.
2026-09-10 18:09:49,075 ERROR [verify_bias_subspace] verify load failed for baseline_fairsteer (CUDA out of memory. Tried to allocate 1.88 GiB. GPU 0 has a total capacity of 39.49 GiB of which 84.94 MiB is free. Including non-PyTorch memory, this process has 13.95 GiB memory in use. Process 185244 has 25.45 GiB memory in use. Of the allocated memory 13.38 GiB is allocated by PyTorch, and 20.65 MiB is reserved by PyTorch but unallocated. If reserved but unallocated memory is large try setting PYTORCH_CUDA_ALLOC_CONF=expandable_segments:True to avoid fragmentation.  See documentation for Memory Management  (https://pytorch.org/docs/stable/notes/cuda.html#environment-variables)); skipping.
2026-09-10 18:09:53,769 WARNING [model_registry] AutoModelForCausalLM with attn_implementation=flash_attention_2 rejected for mistralai/Ministral-8B-Instruct-2410 (OutOfMemoryError); trying the next option.
2026-09-10 18:09:55,090 WARNING [model_registry] AutoModelForCausalLM with attn_implementation=sdpa rejected for mistralai/Ministral-8B-Instruct-2410 (OutOfMemoryError); trying the next option.
2026-09-10 18:09:59,117 WARNING [model_registry] AutoModelForCausalLM with attn_implementation=eager rejected for mistralai/Ministral-8B-Instruct-2410 (OutOfMemoryError); trying the next option.
2026-09-10 18:09:59,302 WARNING [model_registry] AutoModelForImageTextToText with attn_implementation=flash_attention_2 rejected for mistralai/Ministral-8B-Instruct-2410 (ValueError); trying the next option.
2026-09-10 18:09:59,303 WARNING [model_registry] AutoModelForImageTextToText with attn_implementation=sdpa rejected for mistralai/Ministral-8B-Instruct-2410 (ValueError); trying the next option.
2026-09-10 18:09:59,304 WARNING [model_registry] AutoModelForImageTextToText with attn_implementation=eager rejected for mistralai/Ministral-8B-Instruct-2410 (ValueError); trying the next option.
2026-09-10 18:10:03,035 WARNING [model_registry] AutoModel with attn_implementation=flash_attention_2 rejected for mistralai/Ministral-8B-Instruct-2410 (OutOfMemoryError); trying the next option.
2026-09-10 18:10:03,857 WARNING [model_registry] AutoModel with attn_implementation=sdpa rejected for mistralai/Ministral-8B-Instruct-2410 (OutOfMemoryError); trying the next option.
2026-09-10 18:10:07,422 WARNING [model_registry] AutoModel with attn_implementation=eager rejected for mistralai/Ministral-8B-Instruct-2410 (OutOfMemoryError); trying the next option.
2026-09-10 18:10:07,422 ERROR [verify_bias_subspace] verify load failed for frozen_base (CUDA out of memory. Tried to allocate 96.00 MiB. GPU 0 has a total capacity of 39.49 GiB of which 4.94 MiB is free. Including non-PyTorch memory, this process has 14.03 GiB memory in use. Process 185244 has 25.45 GiB memory in use. Of the allocated memory 13.47 GiB is allocated by PyTorch, and 9.46 MiB is reserved by PyTorch but unallocated. If reserved but unallocated memory is large try setting PYTORCH_CUDA_ALLOC_CONF=expandable_segments:True to avoid fragmentation.  See documentation for Memory Management  (https://pytorch.org/docs/stable/notes/cuda.html#environment-variables)); skipping.
2026-09-10 18:10:09,094 WARNING [model_registry] AutoModelForCausalLM with attn_implementation=flash_attention_2 rejected for mistralai/Ministral-8B-Instruct-2410 (OutOfMemoryError); trying the next option.
2026-09-10 18:10:16,601 WARNING [model_registry] AutoModelForCausalLM with attn_implementation=sdpa rejected for mistralai/Ministral-8B-Instruct-2410 (OutOfMemoryError); trying the next option.
2026-09-10 18:10:24,473 WARNING [model_registry] AutoModelForCausalLM with attn_implementation=eager rejected for mistralai/Ministral-8B-Instruct-2410 (OutOfMemoryError); trying the next option.
2026-09-10 18:10:24,475 WARNING [model_registry] AutoModelForImageTextToText with attn_implementation=flash_attention_2 rejected for mistralai/Ministral-8B-Instruct-2410 (ValueError); trying the next option.
2026-09-10 18:10:24,476 WARNING [model_registry] AutoModelForImageTextToText with attn_implementation=sdpa rejected for mistralai/Ministral-8B-Instruct-2410 (ValueError); trying the next option.
2026-09-10 18:10:24,477 WARNING [model_registry] AutoModelForImageTextToText with attn_implementation=eager rejected for mistralai/Ministral-8B-Instruct-2410 (ValueError); trying the next option.
2026-09-10 18:10:25,254 WARNING [model_registry] AutoModel with attn_implementation=flash_attention_2 rejected for mistralai/Ministral-8B-Instruct-2410 (OutOfMemoryError); trying the next option.
2026-09-10 18:10:32,989 WARNING [model_registry] AutoModel with attn_implementation=sdpa rejected for mistralai/Ministral-8B-Instruct-2410 (OutOfMemoryError); trying the next option.
2026-09-10 18:10:33,967 WARNING [model_registry] AutoModel with attn_implementation=eager rejected for mistralai/Ministral-8B-Instruct-2410 (OutOfMemoryError); trying the next option.
2026-09-10 18:10:33,967 ERROR [verify_bias_subspace] verify load failed for baseline_dart (CUDA out of memory. Tried to allocate 1024.00 MiB. GPU 0 has a total capacity of 39.49 GiB of which 4.94 MiB is free. Including non-PyTorch memory, this process has 14.03 GiB memory in use. Process 185244 has 25.45 GiB memory in use. Of the allocated memory 13.47 GiB is allocated by PyTorch, and 9.46 MiB is reserved by PyTorch but unallocated. If reserved but unallocated memory is large try setting PYTORCH_CUDA_ALLOC_CONF=expandable_segments:True to avoid fragmentation.  See documentation for Memory Management  (https://pytorch.org/docs/stable/notes/cuda.html#environment-variables)); skipping.
2026-09-10 18:10:39,180 WARNING [model_registry] AutoModelForCausalLM with attn_implementation=flash_attention_2 rejected for mistralai/Ministral-8B-Instruct-2410 (OutOfMemoryError); trying the next option.
2026-09-10 18:10:40,681 WARNING [model_registry] AutoModelForCausalLM with attn_implementation=sdpa rejected for mistralai/Ministral-8B-Instruct-2410 (OutOfMemoryError); trying the next option.
2026-09-10 18:10:44,797 WARNING [model_registry] AutoModelForCausalLM with attn_implementation=eager rejected for mistralai/Ministral-8B-Instruct-2410 (OutOfMemoryError); trying the next option.
2026-09-10 18:10:44,987 WARNING [model_registry] AutoModelForImageTextToText with attn_implementation=flash_attention_2 rejected for mistralai/Ministral-8B-Instruct-2410 (ValueError); trying the next option.
2026-09-10 18:10:44,989 WARNING [model_registry] AutoModelForImageTextToText with attn_implementation=sdpa rejected for mistralai/Ministral-8B-Instruct-2410 (ValueError); trying the next option.
2026-09-10 18:10:44,990 WARNING [model_registry] AutoModelForImageTextToText with attn_implementation=eager rejected for mistralai/Ministral-8B-Instruct-2410 (ValueError); trying the next option.
2026-09-10 18:10:48,880 WARNING [model_registry] AutoModel with attn_implementation=flash_attention_2 rejected for mistralai/Ministral-8B-Instruct-2410 (OutOfMemoryError); trying the next option.
2026-09-10 18:10:49,561 WARNING [model_registry] AutoModel with attn_implementation=sdpa rejected for mistralai/Ministral-8B-Instruct-2410 (OutOfMemoryError); trying the next option.
2026-09-10 18:10:53,498 WARNING [model_registry] AutoModel with attn_implementation=eager rejected for mistralai/Ministral-8B-Instruct-2410 (OutOfMemoryError); trying the next option.
2026-09-10 18:10:53,498 ERROR [verify_bias_subspace] verify load failed for baseline_fairnet (CUDA out of memory. Tried to allocate 96.00 MiB. GPU 0 has a total capacity of 39.49 GiB of which 4.94 MiB is free. Including non-PyTorch memory, this process has 14.03 GiB memory in use. Process 185244 has 25.45 GiB memory in use. Of the allocated memory 13.47 GiB is allocated by PyTorch, and 9.46 MiB is reserved by PyTorch but unallocated. If reserved but unallocated memory is large try setting PYTORCH_CUDA_ALLOC_CONF=expandable_segments:True to avoid fragmentation.  See documentation for Memory Management  (https://pytorch.org/docs/stable/notes/cuda.html#environment-variables)); skipping.
2026-09-10 18:10:55,273 WARNING [model_registry] AutoModelForCausalLM with attn_implementation=flash_attention_2 rejected for mistralai/Ministral-8B-Instruct-2410 (OutOfMemoryError); trying the next option.
2026-09-10 18:10:56,416 WARNING [model_registry] AutoModelForCausalLM with attn_implementation=sdpa rejected for mistralai/Ministral-8B-Instruct-2410 (OutOfMemoryError); trying the next option.
2026-09-10 18:10:57,319 WARNING [model_registry] AutoModelForCausalLM with attn_implementation=eager rejected for mistralai/Ministral-8B-Instruct-2410 (OutOfMemoryError); trying the next option.
2026-09-10 18:10:57,322 WARNING [model_registry] AutoModelForImageTextToText with attn_implementation=flash_attention_2 rejected for mistralai/Ministral-8B-Instruct-2410 (ValueError); trying the next option.
2026-09-10 18:10:57,324 WARNING [model_registry] AutoModelForImageTextToText with attn_implementation=sdpa rejected for mistralai/Ministral-8B-Instruct-2410 (ValueError); trying the next option.
2026-09-10 18:10:57,324 WARNING [model_registry] AutoModelForImageTextToText with attn_implementation=eager rejected for mistralai/Ministral-8B-Instruct-2410 (ValueError); trying the next option.
2026-09-10 18:10:58,264 WARNING [model_registry] AutoModel with attn_implementation=flash_attention_2 rejected for mistralai/Ministral-8B-Instruct-2410 (OutOfMemoryError); trying the next option.
2026-09-10 18:10:59,173 WARNING [model_registry] AutoModel with attn_implementation=sdpa rejected for mistralai/Ministral-8B-Instruct-2410 (OutOfMemoryError); trying the next option.
2026-09-10 18:10:59,247 WARNING [inference] Generation ran out of memory; retrying at batch size 8.
2026-09-10 18:10:59,762 WARNING [model_registry] AutoModel with attn_implementation=eager rejected for mistralai/Ministral-8B-Instruct-2410 (OutOfMemoryError); trying the next option.
2026-09-10 18:10:59,762 ERROR [verify_bias_subspace] verify load failed for baseline_igu_lora (CUDA out of memory. Tried to allocate 1024.00 MiB. GPU 0 has a total capacity of 39.49 GiB of which 26.94 MiB is free. Including non-PyTorch memory, this process has 14.03 GiB memory in use. Process 185244 has 25.43 GiB memory in use. Of the allocated memory 13.47 GiB is allocated by PyTorch, and 9.46 MiB is reserved by PyTorch but unallocated. If reserved but unallocated memory is large try setting PYTORCH_CUDA_ALLOC_CONF=expandable_segments:True to avoid fragmentation.  See documentation for Memory Management  (https://pytorch.org/docs/stable/notes/cuda.html#environment-variables)); skipping.
2026-09-10 18:11:05,112 WARNING [model_registry] AutoModelForCausalLM with attn_implementation=flash_attention_2 rejected for mistralai/Ministral-8B-Instruct-2410 (OutOfMemoryError); trying the next option.
2026-09-10 18:11:06,446 WARNING [model_registry] AutoModelForCausalLM with attn_implementation=sdpa rejected for mistralai/Ministral-8B-Instruct-2410 (OutOfMemoryError); trying the next option.
2026-09-10 18:11:10,309 WARNING [model_registry] AutoModelForCausalLM with attn_implementation=eager rejected for mistralai/Ministral-8B-Instruct-2410 (OutOfMemoryError); trying the next option.
2026-09-10 18:11:10,641 WARNING [model_registry] AutoModelForImageTextToText with attn_implementation=flash_attention_2 rejected for mistralai/Ministral-8B-Instruct-2410 (ValueError); trying the next option.
2026-09-10 18:11:10,643 WARNING [model_registry] AutoModelForImageTextToText with attn_implementation=sdpa rejected for mistralai/Ministral-8B-Instruct-2410 (ValueError); trying the next option.
2026-09-10 18:11:10,643 WARNING [model_registry] AutoModelForImageTextToText with attn_implementation=eager rejected for mistralai/Ministral-8B-Instruct-2410 (ValueError); trying the next option.
2026-09-10 18:11:14,271 WARNING [model_registry] AutoModel with attn_implementation=flash_attention_2 rejected for mistralai/Ministral-8B-Instruct-2410 (OutOfMemoryError); trying the next option.
2026-09-10 18:11:15,100 WARNING [model_registry] AutoModel with attn_implementation=sdpa rejected for mistralai/Ministral-8B-Instruct-2410 (OutOfMemoryError); trying the next option.
2026-09-10 18:11:18,641 WARNING [model_registry] AutoModel with attn_implementation=eager rejected for mistralai/Ministral-8B-Instruct-2410 (OutOfMemoryError); trying the next option.
2026-09-10 18:11:18,641 ERROR [verify_bias_subspace] verify load failed for baseline_lftf (CUDA out of memory. Tried to allocate 96.00 MiB. GPU 0 has a total capacity of 39.49 GiB of which 26.94 MiB is free. Including non-PyTorch memory, this process has 14.03 GiB memory in use. Process 185244 has 25.43 GiB memory in use. Of the allocated memory 13.47 GiB is allocated by PyTorch, and 9.46 MiB is reserved by PyTorch but unallocated. If reserved but unallocated memory is large try setting PYTORCH_CUDA_ALLOC_CONF=expandable_segments:True to avoid fragmentation.  See documentation for Memory Management  (https://pytorch.org/docs/stable/notes/cuda.html#environment-variables)); skipping.
2026-09-10 18:11:20,631 WARNING [model_registry] AutoModelForCausalLM with attn_implementation=flash_attention_2 rejected for mistralai/Ministral-8B-Instruct-2410 (OutOfMemoryError); trying the next option.
2026-09-10 18:11:21,730 WARNING [model_registry] AutoModelForCausalLM with attn_implementation=sdpa rejected for mistralai/Ministral-8B-Instruct-2410 (OutOfMemoryError); trying the next option.
2026-09-10 18:11:22,726 WARNING [model_registry] AutoModelForCausalLM with attn_implementation=eager rejected for mistralai/Ministral-8B-Instruct-2410 (OutOfMemoryError); trying the next option.
2026-09-10 18:11:22,730 WARNING [model_registry] AutoModelForImageTextToText with attn_implementation=flash_attention_2 rejected for mistralai/Ministral-8B-Instruct-2410 (ValueError); trying the next option.
2026-09-10 18:11:22,731 WARNING [model_registry] AutoModelForImageTextToText with attn_implementation=sdpa rejected for mistralai/Ministral-8B-Instruct-2410 (ValueError); trying the next option.
2026-09-10 18:11:22,732 WARNING [model_registry] AutoModelForImageTextToText with attn_implementation=eager rejected for mistralai/Ministral-8B-Instruct-2410 (ValueError); trying the next option.
2026-09-10 18:11:23,568 WARNING [model_registry] AutoModel with attn_implementation=flash_attention_2 rejected for mistralai/Ministral-8B-Instruct-2410 (OutOfMemoryError); trying the next option.
2026-09-10 18:11:24,376 WARNING [model_registry] AutoModel with attn_implementation=sdpa rejected for mistralai/Ministral-8B-Instruct-2410 (OutOfMemoryError); trying the next option.
2026-09-10 18:11:24,970 WARNING [model_registry] AutoModel with attn_implementation=eager rejected for mistralai/Ministral-8B-Instruct-2410 (OutOfMemoryError); trying the next option.
2026-09-10 18:11:24,971 ERROR [verify_bias_subspace] verify load failed for baseline_pedal (CUDA out of memory. Tried to allocate 1024.00 MiB. GPU 0 has a total capacity of 39.49 GiB of which 26.94 MiB is free. Including non-PyTorch memory, this process has 14.03 GiB memory in use. Process 185244 has 25.43 GiB memory in use. Of the allocated memory 13.47 GiB is allocated by PyTorch, and 9.46 MiB is reserved by PyTorch but unallocated. If reserved but unallocated memory is large try setting PYTORCH_CUDA_ALLOC_CONF=expandable_segments:True to avoid fragmentation.  See documentation for Memory Management  (https://pytorch.org/docs/stable/notes/cuda.html#environment-variables)); skipping.
2026-09-10 18:11:30,205 WARNING [model_registry] AutoModelForCausalLM with attn_implementation=flash_attention_2 rejected for mistralai/Ministral-8B-Instruct-2410 (OutOfMemoryError); trying the next option.
2026-09-10 18:11:31,548 WARNING [model_registry] AutoModelForCausalLM with attn_implementation=sdpa rejected for mistralai/Ministral-8B-Instruct-2410 (OutOfMemoryError); trying the next option.
2026-09-10 18:11:35,469 WARNING [model_registry] AutoModelForCausalLM with attn_implementation=eager rejected for mistralai/Ministral-8B-Instruct-2410 (OutOfMemoryError); trying the next option.
2026-09-10 18:11:35,766 WARNING [model_registry] AutoModelForImageTextToText with attn_implementation=flash_attention_2 rejected for mistralai/Ministral-8B-Instruct-2410 (ValueError); trying the next option.
2026-09-10 18:11:35,768 WARNING [model_registry] AutoModelForImageTextToText with attn_implementation=sdpa rejected for mistralai/Ministral-8B-Instruct-2410 (ValueError); trying the next option.
2026-09-10 18:11:35,769 WARNING [model_registry] AutoModelForImageTextToText with attn_implementation=eager rejected for mistralai/Ministral-8B-Instruct-2410 (ValueError); trying the next option.
2026-09-10 18:11:39,423 WARNING [model_registry] AutoModel with attn_implementation=flash_attention_2 rejected for mistralai/Ministral-8B-Instruct-2410 (OutOfMemoryError); trying the next option.
2026-09-10 18:11:40,267 WARNING [model_registry] AutoModel with attn_implementation=sdpa rejected for mistralai/Ministral-8B-Instruct-2410 (OutOfMemoryError); trying the next option.
2026-09-10 18:11:44,057 WARNING [model_registry] AutoModel with attn_implementation=eager rejected for mistralai/Ministral-8B-Instruct-2410 (OutOfMemoryError); trying the next option.
2026-09-10 18:11:44,057 ERROR [verify_bias_subspace] verify load failed for baseline_regift (CUDA out of memory. Tried to allocate 96.00 MiB. GPU 0 has a total capacity of 39.49 GiB of which 26.94 MiB is free. Including non-PyTorch memory, this process has 14.03 GiB memory in use. Process 185244 has 25.43 GiB memory in use. Of the allocated memory 13.47 GiB is allocated by PyTorch, and 9.46 MiB is reserved by PyTorch but unallocated. If reserved but unallocated memory is large try setting PYTORCH_CUDA_ALLOC_CONF=expandable_segments:True to avoid fragmentation.  See documentation for Memory Management  (https://pytorch.org/docs/stable/notes/cuda.html#environment-variables)); skipping.
2026-09-10 18:11:46,035 WARNING [model_registry] AutoModelForCausalLM with attn_implementation=flash_attention_2 rejected for mistralai/Ministral-8B-Instruct-2410 (OutOfMemoryError); trying the next option.
2026-09-10 18:11:47,226 WARNING [model_registry] AutoModelForCausalLM with attn_implementation=sdpa rejected for mistralai/Ministral-8B-Instruct-2410 (OutOfMemoryError); trying the next option.
2026-09-10 18:11:48,226 WARNING [model_registry] AutoModelForCausalLM with attn_implementation=eager rejected for mistralai/Ministral-8B-Instruct-2410 (OutOfMemoryError); trying the next option.
2026-09-10 18:11:48,230 WARNING [model_registry] AutoModelForImageTextToText with attn_implementation=flash_attention_2 rejected for mistralai/Ministral-8B-Instruct-2410 (ValueError); trying the next option.
2026-09-10 18:11:48,231 WARNING [model_registry] AutoModelForImageTextToText with attn_implementation=sdpa rejected for mistralai/Ministral-8B-Instruct-2410 (ValueError); trying the next option.
2026-09-10 18:11:48,232 WARNING [model_registry] AutoModelForImageTextToText with attn_implementation=eager rejected for mistralai/Ministral-8B-Instruct-2410 (ValueError); trying the next option.
2026-09-10 18:11:49,052 WARNING [model_registry] AutoModel with attn_implementation=flash_attention_2 rejected for mistralai/Ministral-8B-Instruct-2410 (OutOfMemoryError); trying the next option.
2026-09-10 18:11:49,968 WARNING [model_registry] AutoModel with attn_implementation=sdpa rejected for mistralai/Ministral-8B-Instruct-2410 (OutOfMemoryError); trying the next option.
2026-09-10 18:11:50,486 WARNING [model_registry] AutoModel with attn_implementation=eager rejected for mistralai/Ministral-8B-Instruct-2410 (OutOfMemoryError); trying the next option.
2026-09-10 18:11:50,486 ERROR [verify_bias_subspace] verify load failed for graft_proposed (CUDA out of memory. Tried to allocate 1024.00 MiB. GPU 0 has a total capacity of 39.49 GiB of which 26.94 MiB is free. Including non-PyTorch memory, this process has 14.03 GiB memory in use. Process 185244 has 25.43 GiB memory in use. Of the allocated memory 13.47 GiB is allocated by PyTorch, and 9.46 MiB is reserved by PyTorch but unallocated. If reserved but unallocated memory is large try setting PYTORCH_CUDA_ALLOC_CONF=expandable_segments:True to avoid fragmentation.  See documentation for Memory Management  (https://pytorch.org/docs/stable/notes/cuda.html#environment-variables)); skipping.
2026-09-10 18:11:56,403 WARNING [model_registry] AutoModelForCausalLM with attn_implementation=flash_attention_2 rejected for mistralai/Ministral-8B-Instruct-2410 (OutOfMemoryError); trying the next option.
2026-09-10 18:11:57,824 WARNING [model_registry] AutoModelForCausalLM with attn_implementation=sdpa rejected for mistralai/Ministral-8B-Instruct-2410 (OutOfMemoryError); trying the next option.
2026-09-10 18:12:07,750 ERROR [verify_bias_subspace] verify load failed for graft_proposed_loao_gender (CUDA out of memory. Tried to allocate 20.00 MiB. GPU 0 has a total capacity of 39.49 GiB of which 18.94 MiB is free. Including non-PyTorch memory, this process has 15.90 GiB memory in use. Process 185244 has 23.57 GiB memory in use. Of the allocated memory 15.34 GiB is allocated by PyTorch, and 2.26 MiB is reserved by PyTorch but unallocated. If reserved but unallocated memory is large try setting PYTORCH_CUDA_ALLOC_CONF=expandable_segments:True to avoid fragmentation.  See documentation for Memory Management  (https://pytorch.org/docs/stable/notes/cuda.html#environment-variables)); skipping.
2026-09-10 18:12:15,055 WARNING [inference] Generation ran out of memory; retrying at batch size 4.
2026-09-10 18:12:27,574 WARNING [inference] Generation ran out of memory; retrying at batch size 2.
2026-09-10 18:12:48,361 WARNING [inference] Generation ran out of memory; retrying at batch size 1.
2026-09-10 18:13:37,095 WARNING [verify_bias_subspace] Attribution re-run failed for graft_proposed_loao_landholding (CUDA out of memory. Tried to allocate 20.00 MiB. GPU 0 has a total capacity of 39.49 GiB of which 10.94 MiB is free. Including non-PyTorch memory, this process has 16.10 GiB memory in use. Process 185244 has 23.38 GiB memory in use. Of the allocated memory 15.54 GiB is allocated by PyTorch, and 9.80 MiB is reserved by PyTorch but unallocated. If reserved but unallocated memory is large try setting PYTORCH_CUDA_ALLOC_CONF=expandable_segments:True to avoid fragmentation.  See documentation for Memory Management  (https://pytorch.org/docs/stable/notes/cuda.html#environment-variables)); left blank.
2026-09-10 18:13:37,097 INFO [verify_bias_subspace] tier=general-instruct-2 method=graft_proposed_loao_landholding probe_mcq=0.823 probe_advice=1.000
2026-09-10 18:15:05,788 WARNING [verify_bias_subspace] Attribution re-run failed for graft_proposed_loao_social_group (CUDA out of memory. Tried to allocate 20.00 MiB. GPU 0 has a total capacity of 39.49 GiB of which 16.94 MiB is free. Including non-PyTorch memory, this process has 15.97 GiB memory in use. Process 185244 has 23.50 GiB memory in use. Of the allocated memory 15.41 GiB is allocated by PyTorch, and 10.06 MiB is reserved by PyTorch but unallocated. If reserved but unallocated memory is large try setting PYTORCH_CUDA_ALLOC_CONF=expandable_segments:True to avoid fragmentation.  See documentation for Memory Management  (https://pytorch.org/docs/stable/notes/cuda.html#environment-variables)); left blank.
2026-09-10 18:15:05,791 INFO [verify_bias_subspace] tier=general-instruct-2 method=graft_proposed_loao_social_group probe_mcq=0.752 probe_advice=1.000
2026-09-10 18:19:36,288 INFO [verify_bias_subspace] tier=general-instruct-2 method=graft_proposed_qlora_nf4 probe_mcq=0.752 probe_advice=1.000
2026-09-10 18:21:21,892 WARNING [verify_bias_subspace] Attribution re-run failed for reference_vanilla_lora (CUDA out of memory. Tried to allocate 20.00 MiB. GPU 0 has a total capacity of 39.49 GiB of which 4.94 MiB is free. Including non-PyTorch memory, this process has 15.96 GiB memory in use. Process 185244 has 23.52 GiB memory in use. Of the allocated memory 15.40 GiB is allocated by PyTorch, and 9.68 MiB is reserved by PyTorch but unallocated. If reserved but unallocated memory is large try setting PYTORCH_CUDA_ALLOC_CONF=expandable_segments:True to avoid fragmentation.  See documentation for Memory Management  (https://pytorch.org/docs/stable/notes/cuda.html#environment-variables)); left blank.
2026-09-10 18:21:21,894 INFO [verify_bias_subspace] tier=general-instruct-2 method=reference_vanilla_lora probe_mcq=0.789 probe_advice=1.000
2026-09-10 18:23:06,109 WARNING [verify_bias_subspace] Attribution re-run failed for reference_vanilla_lora_loao_gender (CUDA out of memory. Tried to allocate 20.00 MiB. GPU 0 has a total capacity of 39.49 GiB of which 4.94 MiB is free. Including non-PyTorch memory, this process has 15.96 GiB memory in use. Process 185244 has 23.52 GiB memory in use. Of the allocated memory 15.40 GiB is allocated by PyTorch, and 10.56 MiB is reserved by PyTorch but unallocated. If reserved but unallocated memory is large try setting PYTORCH_CUDA_ALLOC_CONF=expandable_segments:True to avoid fragmentation.  See documentation for Memory Management  (https://pytorch.org/docs/stable/notes/cuda.html#environment-variables)); left blank.
2026-09-10 18:23:06,111 INFO [verify_bias_subspace] tier=general-instruct-2 method=reference_vanilla_lora_loao_gender probe_mcq=0.807 probe_advice=1.000
2026-09-10 18:24:51,002 WARNING [verify_bias_subspace] Attribution re-run failed for reference_vanilla_lora_loao_landholding (CUDA out of memory. Tried to allocate 20.00 MiB. GPU 0 has a total capacity of 39.49 GiB of which 4.94 MiB is free. Including non-PyTorch memory, this process has 15.96 GiB memory in use. Process 185244 has 23.52 GiB memory in use. Of the allocated memory 15.40 GiB is allocated by PyTorch, and 9.68 MiB is reserved by PyTorch but unallocated. If reserved but unallocated memory is large try setting PYTORCH_CUDA_ALLOC_CONF=expandable_segments:True to avoid fragmentation.  See documentation for Memory Management  (https://pytorch.org/docs/stable/notes/cuda.html#environment-variables)); left blank.
2026-09-10 18:24:51,005 INFO [verify_bias_subspace] tier=general-instruct-2 method=reference_vanilla_lora_loao_landholding probe_mcq=0.794 probe_advice=1.000
2026-09-10 18:26:35,688 WARNING [verify_bias_subspace] Attribution re-run failed for reference_vanilla_lora_loao_social_group (CUDA out of memory. Tried to allocate 20.00 MiB. GPU 0 has a total capacity of 39.49 GiB of which 4.94 MiB is free. Including non-PyTorch memory, this process has 15.96 GiB memory in use. Process 185244 has 23.52 GiB memory in use. Of the allocated memory 15.40 GiB is allocated by PyTorch, and 9.68 MiB is reserved by PyTorch but unallocated. If reserved but unallocated memory is large try setting PYTORCH_CUDA_ALLOC_CONF=expandable_segments:True to avoid fragmentation.  See documentation for Memory Management  (https://pytorch.org/docs/stable/notes/cuda.html#environment-variables)); left blank.
2026-09-10 18:26:35,690 INFO [verify_bias_subspace] tier=general-instruct-2 method=reference_vanilla_lora_loao_social_group probe_mcq=0.823 probe_advice=1.000
2026-09-10 18:31:37,546 INFO [verify_bias_subspace] tier=general-instruct-2 method=reference_vanilla_qlora probe_mcq=0.768 probe_advice=1.000
2026-09-10 18:32:41,841 INFO [verify_bias_subspace] tier=general-instruct-2 method=baseline_fairsteer probe_mcq=0.811 probe_advice=1.000
2026-09-10 18:33:40,375 INFO [patchscope_bias_verification] tier=small-instruct method=frozen_base condition=diff mean P(Roughly equal)=0.177 over 14 layers
2026-09-10 18:34:25,889 INFO [patchscope_bias_verification] tier=small-instruct method=frozen_base condition=equal mean P(Roughly equal)=0.172 over 14 layers
2026-09-10 18:35:53,734 INFO [patchscope_bias_verification] tier=small-instruct method=baseline_dart condition=diff mean P(Roughly equal)=0.415 over 14 layers
2026-09-10 18:37:08,231 INFO [patchscope_bias_verification] tier=small-instruct method=baseline_dart condition=equal mean P(Roughly equal)=0.404 over 14 layers
2026-09-10 18:38:34,342 INFO [patchscope_bias_verification] tier=small-instruct method=baseline_fairnet condition=diff mean P(Roughly equal)=0.470 over 14 layers
2026-09-10 18:39:49,472 INFO [patchscope_bias_verification] tier=small-instruct method=baseline_fairnet condition=equal mean P(Roughly equal)=0.469 over 14 layers
2026-09-10 18:40:58,734 INFO [patchscope_bias_verification] tier=small-instruct method=baseline_igu_lora condition=diff mean P(Roughly equal)=0.311 over 14 layers
2026-09-10 18:41:58,252 INFO [patchscope_bias_verification] tier=small-instruct method=baseline_igu_lora condition=equal mean P(Roughly equal)=0.311 over 14 layers
2026-09-10 18:43:01,280 INFO [patchscope_bias_verification] tier=small-instruct method=baseline_lftf condition=diff mean P(Roughly equal)=0.232 over 14 layers
2026-09-10 18:43:55,245 INFO [patchscope_bias_verification] tier=small-instruct method=baseline_lftf condition=equal mean P(Roughly equal)=0.228 over 14 layers
2026-09-10 18:45:21,955 INFO [patchscope_bias_verification] tier=small-instruct method=baseline_pedal condition=diff mean P(Roughly equal)=0.410 over 14 layers
2026-09-10 18:46:37,610 INFO [patchscope_bias_verification] tier=small-instruct method=baseline_pedal condition=equal mean P(Roughly equal)=0.398 over 14 layers
2026-09-10 18:48:04,187 INFO [patchscope_bias_verification] tier=small-instruct method=baseline_regift condition=diff mean P(Roughly equal)=0.513 over 14 layers
2026-09-10 18:49:19,139 INFO [patchscope_bias_verification] tier=small-instruct method=baseline_regift condition=equal mean P(Roughly equal)=0.513 over 14 layers
2026-09-10 18:50:27,844 INFO [patchscope_bias_verification] tier=small-instruct method=graft_proposed condition=diff mean P(Roughly equal)=0.438 over 14 layers
2026-09-10 18:51:27,437 INFO [patchscope_bias_verification] tier=small-instruct method=graft_proposed condition=equal mean P(Roughly equal)=0.441 over 14 layers
2026-09-10 18:52:35,887 INFO [patchscope_bias_verification] tier=small-instruct method=graft_proposed_loao_gender condition=diff mean P(Roughly equal)=0.308 over 14 layers
2026-09-10 18:53:35,547 INFO [patchscope_bias_verification] tier=small-instruct method=graft_proposed_loao_gender condition=equal mean P(Roughly equal)=0.308 over 14 layers
2026-09-10 18:54:43,907 INFO [patchscope_bias_verification] tier=small-instruct method=graft_proposed_loao_landholding condition=diff mean P(Roughly equal)=0.472 over 14 layers
2026-09-10 18:55:43,749 INFO [patchscope_bias_verification] tier=small-instruct method=graft_proposed_loao_landholding condition=equal mean P(Roughly equal)=0.474 over 14 layers
2026-09-10 18:56:53,274 INFO [patchscope_bias_verification] tier=small-instruct method=graft_proposed_loao_social_group condition=diff mean P(Roughly equal)=0.514 over 14 layers
2026-09-10 18:57:53,004 INFO [patchscope_bias_verification] tier=small-instruct method=graft_proposed_loao_social_group condition=equal mean P(Roughly equal)=0.516 over 14 layers
2026-09-10 18:59:24,066 INFO [patchscope_bias_verification] tier=small-instruct method=graft_proposed_qlora_nf4 condition=diff mean P(Roughly equal)=0.321 over 14 layers
2026-09-10 19:00:36,187 INFO [patchscope_bias_verification] tier=small-instruct method=graft_proposed_qlora_nf4 condition=equal mean P(Roughly equal)=0.322 over 14 layers
2026-09-10 19:01:59,724 INFO [patchscope_bias_verification] tier=small-instruct method=reference_vanilla_lora condition=diff mean P(Roughly equal)=0.345 over 14 layers
2026-09-10 19:03:14,313 INFO [patchscope_bias_verification] tier=small-instruct method=reference_vanilla_lora condition=equal mean P(Roughly equal)=0.363 over 14 layers
2026-09-10 19:04:37,782 INFO [patchscope_bias_verification] tier=small-instruct method=reference_vanilla_lora_loao_gender condition=diff mean P(Roughly equal)=0.446 over 14 layers
2026-09-10 19:05:52,119 INFO [patchscope_bias_verification] tier=small-instruct method=reference_vanilla_lora_loao_gender condition=equal mean P(Roughly equal)=0.443 over 14 layers
2026-09-10 19:07:15,549 INFO [patchscope_bias_verification] tier=small-instruct method=reference_vanilla_lora_loao_landholding condition=diff mean P(Roughly equal)=0.448 over 14 layers
2026-09-10 19:08:30,929 INFO [patchscope_bias_verification] tier=small-instruct method=reference_vanilla_lora_loao_landholding condition=equal mean P(Roughly equal)=0.452 over 14 layers
2026-09-10 19:09:54,301 INFO [patchscope_bias_verification] tier=small-instruct method=reference_vanilla_lora_loao_social_group condition=diff mean P(Roughly equal)=0.556 over 14 layers
2026-09-10 19:09:59,108 INFO [artifact_sync] Snapshot pushed: 599 files to branch gpu-run-artifacts.
2026-09-10 19:10:10,976 INFO [artifact_sync] Snapshot pushed: 599 files to branch gpu-run-artifacts.
2026-09-10 19:11:08,675 INFO [patchscope_bias_verification] tier=small-instruct method=reference_vanilla_lora_loao_social_group condition=equal mean P(Roughly equal)=0.561 over 14 layers
2026-09-10 19:12:53,475 INFO [patchscope_bias_verification] tier=small-instruct method=reference_vanilla_qlora condition=diff mean P(Roughly equal)=0.555 over 14 layers
2026-09-10 19:14:20,359 INFO [patchscope_bias_verification] tier=small-instruct method=reference_vanilla_qlora condition=equal mean P(Roughly equal)=0.572 over 14 layers
2026-09-10 19:16:07,500 INFO [patchscope_bias_verification] tier=broad-instruct method=frozen_base condition=diff mean P(Roughly equal)=0.359 over 24 layers
2026-09-10 19:17:47,663 INFO [patchscope_bias_verification] tier=broad-instruct method=frozen_base condition=equal mean P(Roughly equal)=0.355 over 24 layers
2026-09-10 19:20:52,166 INFO [patchscope_bias_verification] tier=broad-instruct method=baseline_dart condition=diff mean P(Roughly equal)=0.522 over 24 layers
2026-09-10 19:23:40,438 INFO [patchscope_bias_verification] tier=broad-instruct method=baseline_dart condition=equal mean P(Roughly equal)=0.584 over 24 layers
2026-09-10 19:26:44,305 INFO [patchscope_bias_verification] tier=broad-instruct method=baseline_fairnet condition=diff mean P(Roughly equal)=0.506 over 24 layers
2026-09-10 19:29:33,101 INFO [patchscope_bias_verification] tier=broad-instruct method=baseline_fairnet condition=equal mean P(Roughly equal)=0.525 over 24 layers
2026-09-10 19:32:11,903 INFO [patchscope_bias_verification] tier=broad-instruct method=baseline_igu_lora condition=diff mean P(Roughly equal)=0.370 over 24 layers
2026-09-10 19:34:39,231 INFO [patchscope_bias_verification] tier=broad-instruct method=baseline_igu_lora condition=equal mean P(Roughly equal)=0.381 over 24 layers
2026-09-10 19:36:59,851 INFO [patchscope_bias_verification] tier=broad-instruct method=baseline_lftf condition=diff mean P(Roughly equal)=0.445 over 24 layers
2026-09-10 19:39:08,864 INFO [patchscope_bias_verification] tier=broad-instruct method=baseline_lftf condition=equal mean P(Roughly equal)=0.460 over 24 layers
2026-09-10 19:40:07,771 INFO [artifact_sync] Snapshot pushed: 599 files to branch gpu-run-artifacts.
2026-09-10 19:42:12,912 INFO [patchscope_bias_verification] tier=broad-instruct method=baseline_pedal condition=diff mean P(Roughly equal)=0.330 over 24 layers
2026-09-10 19:45:01,340 INFO [patchscope_bias_verification] tier=broad-instruct method=baseline_pedal condition=equal mean P(Roughly equal)=0.348 over 24 layers
2026-09-10 19:48:09,070 INFO [patchscope_bias_verification] tier=broad-instruct method=baseline_regift condition=diff mean P(Roughly equal)=0.455 over 24 layers
2026-09-10 19:50:56,823 INFO [patchscope_bias_verification] tier=broad-instruct method=baseline_regift condition=equal mean P(Roughly equal)=0.495 over 24 layers
2026-09-10 19:53:37,084 INFO [patchscope_bias_verification] tier=broad-instruct method=graft_proposed condition=diff mean P(Roughly equal)=0.470 over 24 layers
2026-09-10 19:56:03,100 INFO [patchscope_bias_verification] tier=broad-instruct method=graft_proposed condition=equal mean P(Roughly equal)=0.530 over 24 layers
2026-09-10 19:58:43,191 INFO [patchscope_bias_verification] tier=broad-instruct method=graft_proposed_loao_gender condition=diff mean P(Roughly equal)=0.529 over 24 layers
2026-09-10 20:01:11,393 INFO [patchscope_bias_verification] tier=broad-instruct method=graft_proposed_loao_gender condition=equal mean P(Roughly equal)=0.550 over 24 layers
2026-09-10 20:03:52,999 INFO [patchscope_bias_verification] tier=broad-instruct method=graft_proposed_loao_landholding condition=diff mean P(Roughly equal)=0.479 over 24 layers
2026-09-10 20:06:20,751 INFO [patchscope_bias_verification] tier=broad-instruct method=graft_proposed_loao_landholding condition=equal mean P(Roughly equal)=0.512 over 24 layers
2026-09-10 20:09:01,225 INFO [patchscope_bias_verification] tier=broad-instruct method=graft_proposed_loao_social_group condition=diff mean P(Roughly equal)=0.429 over 24 layers
2026-09-10 20:10:16,376 INFO [artifact_sync] Snapshot pushed: 599 files to branch gpu-run-artifacts.
2026-09-10 20:11:27,736 INFO [patchscope_bias_verification] tier=broad-instruct method=graft_proposed_loao_social_group condition=equal mean P(Roughly equal)=0.462 over 24 layers
2026-09-10 20:14:36,216 INFO [patchscope_bias_verification] tier=broad-instruct method=graft_proposed_qlora_nf4 condition=diff mean P(Roughly equal)=0.502 over 24 layers
2026-09-10 20:17:20,917 INFO [patchscope_bias_verification] tier=broad-instruct method=graft_proposed_qlora_nf4 condition=equal mean P(Roughly equal)=0.522 over 24 layers
2026-09-10 20:20:17,930 INFO [patchscope_bias_verification] tier=broad-instruct method=reference_vanilla_lora condition=diff mean P(Roughly equal)=0.402 over 24 layers
2026-09-10 20:23:06,935 INFO [patchscope_bias_verification] tier=broad-instruct method=reference_vanilla_lora condition=equal mean P(Roughly equal)=0.467 over 24 layers
2026-09-10 20:26:03,901 INFO [patchscope_bias_verification] tier=broad-instruct method=reference_vanilla_lora_loao_gender condition=diff mean P(Roughly equal)=0.462 over 24 layers
2026-09-10 20:28:58,532 INFO [patchscope_bias_verification] tier=broad-instruct method=reference_vanilla_lora_loao_gender condition=equal mean P(Roughly equal)=0.502 over 24 layers
2026-09-10 20:31:53,720 INFO [patchscope_bias_verification] tier=broad-instruct method=reference_vanilla_lora_loao_landholding condition=diff mean P(Roughly equal)=0.469 over 24 layers
2026-09-10 20:34:42,191 INFO [patchscope_bias_verification] tier=broad-instruct method=reference_vanilla_lora_loao_landholding condition=equal mean P(Roughly equal)=0.501 over 24 layers
2026-09-10 20:37:37,954 INFO [patchscope_bias_verification] tier=broad-instruct method=reference_vanilla_lora_loao_social_group condition=diff mean P(Roughly equal)=0.512 over 24 layers
2026-09-10 20:40:24,954 INFO [artifact_sync] Snapshot pushed: 599 files to branch gpu-run-artifacts.
2026-09-10 20:40:27,181 INFO [patchscope_bias_verification] tier=broad-instruct method=reference_vanilla_lora_loao_social_group condition=equal mean P(Roughly equal)=0.554 over 24 layers
2026-09-10 20:43:52,795 INFO [patchscope_bias_verification] tier=broad-instruct method=reference_vanilla_qlora condition=diff mean P(Roughly equal)=0.414 over 24 layers
2026-09-10 20:47:04,398 INFO [patchscope_bias_verification] tier=broad-instruct method=reference_vanilla_qlora condition=equal mean P(Roughly equal)=0.445 over 24 layers
2026-09-10 20:47:19,520 WARNING [model_registry] AutoModelForImageTextToText with attn_implementation=eager rejected for google/gemma-3-12b-it (OutOfMemoryError); trying the next option.
2026-09-10 20:47:28,983 WARNING [model_registry] AutoModelForImageTextToText with attn_implementation=sdpa rejected for google/gemma-3-12b-it (OutOfMemoryError); trying the next option.
2026-09-10 20:47:42,779 WARNING [model_registry] AutoModelForCausalLM with attn_implementation=eager rejected for google/gemma-3-12b-it (OutOfMemoryError); trying the next option.
2026-09-10 20:47:51,981 WARNING [model_registry] AutoModelForCausalLM with attn_implementation=sdpa rejected for google/gemma-3-12b-it (OutOfMemoryError); trying the next option.
2026-09-10 20:48:04,647 WARNING [model_registry] AutoModel with attn_implementation=eager rejected for google/gemma-3-12b-it (OutOfMemoryError); trying the next option.
2026-09-10 20:48:13,214 WARNING [model_registry] AutoModel with attn_implementation=sdpa rejected for google/gemma-3-12b-it (OutOfMemoryError); trying the next option.
2026-09-10 20:48:13,214 ERROR [patchscope_bias_verification] patchscope load failed for frozen_base (CUDA out of memory. Tried to allocate 1.88 GiB. GPU 0 has a total capacity of 39.49 GiB of which 116.94 MiB is free. Process 185244 has 23.52 GiB memory in use. Including non-PyTorch memory, this process has 15.85 GiB memory in use. Of the allocated memory 15.33 GiB is allocated by PyTorch, and 7.50 MiB is reserved by PyTorch but unallocated. If reserved but unallocated memory is large try setting PYTORCH_CUDA_ALLOC_CONF=expandable_segments:True to avoid fragmentation.  See documentation for Memory Management  (https://pytorch.org/docs/stable/notes/cuda.html#environment-variables)); skipping.
2026-09-10 20:48:27,588 WARNING [model_registry] AutoModelForImageTextToText with attn_implementation=eager rejected for google/gemma-3-12b-it (OutOfMemoryError); trying the next option.
2026-09-10 20:48:36,445 WARNING [model_registry] AutoModelForImageTextToText with attn_implementation=sdpa rejected for google/gemma-3-12b-it (OutOfMemoryError); trying the next option.
2026-09-10 20:48:49,478 WARNING [model_registry] AutoModelForCausalLM with attn_implementation=eager rejected for google/gemma-3-12b-it (OutOfMemoryError); trying the next option.
2026-09-10 20:48:58,335 WARNING [model_registry] AutoModelForCausalLM with attn_implementation=sdpa rejected for google/gemma-3-12b-it (OutOfMemoryError); trying the next option.
2026-09-10 20:49:10,954 WARNING [model_registry] AutoModel with attn_implementation=eager rejected for google/gemma-3-12b-it (OutOfMemoryError); trying the next option.
2026-09-10 20:49:19,324 WARNING [model_registry] AutoModel with attn_implementation=sdpa rejected for google/gemma-3-12b-it (OutOfMemoryError); trying the next option.
2026-09-10 20:49:19,325 ERROR [patchscope_bias_verification] patchscope load failed for baseline_dart (CUDA out of memory. Tried to allocate 1.88 GiB. GPU 0 has a total capacity of 39.49 GiB of which 116.94 MiB is free. Process 185244 has 23.52 GiB memory in use. Including non-PyTorch memory, this process has 15.85 GiB memory in use. Of the allocated memory 15.33 GiB is allocated by PyTorch, and 7.50 MiB is reserved by PyTorch but unallocated. If reserved but unallocated memory is large try setting PYTORCH_CUDA_ALLOC_CONF=expandable_segments:True to avoid fragmentation.  See documentation for Memory Management  (https://pytorch.org/docs/stable/notes/cuda.html#environment-variables)); skipping.
2026-09-10 20:49:33,872 WARNING [model_registry] AutoModelForImageTextToText with attn_implementation=eager rejected for google/gemma-3-12b-it (OutOfMemoryError); trying the next option.
2026-09-10 20:49:42,738 WARNING [model_registry] AutoModelForImageTextToText with attn_implementation=sdpa rejected for google/gemma-3-12b-it (OutOfMemoryError); trying the next option.
2026-09-10 20:49:56,031 WARNING [model_registry] AutoModelForCausalLM with attn_implementation=eager rejected for google/gemma-3-12b-it (OutOfMemoryError); trying the next option.
2026-09-10 20:50:05,025 WARNING [model_registry] AutoModelForCausalLM with attn_implementation=sdpa rejected for google/gemma-3-12b-it (OutOfMemoryError); trying the next option.
2026-09-10 20:50:22,094 WARNING [model_registry] AutoModel with attn_implementation=eager rejected for google/gemma-3-12b-it (OutOfMemoryError); trying the next option.
2026-09-10 20:50:30,528 WARNING [model_registry] AutoModel with attn_implementation=sdpa rejected for google/gemma-3-12b-it (OutOfMemoryError); trying the next option.
2026-09-10 20:50:30,528 ERROR [patchscope_bias_verification] patchscope load failed for baseline_fairnet (CUDA out of memory. Tried to allocate 1.88 GiB. GPU 0 has a total capacity of 39.49 GiB of which 116.94 MiB is free. Process 185244 has 23.52 GiB memory in use. Including non-PyTorch memory, this process has 15.85 GiB memory in use. Of the allocated memory 15.33 GiB is allocated by PyTorch, and 7.50 MiB is reserved by PyTorch but unallocated. If reserved but unallocated memory is large try setting PYTORCH_CUDA_ALLOC_CONF=expandable_segments:True to avoid fragmentation.  See documentation for Memory Management  (https://pytorch.org/docs/stable/notes/cuda.html#environment-variables)); skipping.
2026-09-10 20:50:50,667 WARNING [model_registry] AutoModelForImageTextToText with attn_implementation=eager rejected for google/gemma-3-12b-it (OutOfMemoryError); trying the next option.
2026-09-10 20:50:59,639 WARNING [model_registry] AutoModelForImageTextToText with attn_implementation=sdpa rejected for google/gemma-3-12b-it (OutOfMemoryError); trying the next option.
2026-09-10 20:51:16,430 WARNING [model_registry] AutoModelForCausalLM with attn_implementation=eager rejected for google/gemma-3-12b-it (OutOfMemoryError); trying the next option.
2026-09-10 20:51:25,692 WARNING [model_registry] AutoModelForCausalLM with attn_implementation=sdpa rejected for google/gemma-3-12b-it (OutOfMemoryError); trying the next option.
2026-09-10 20:51:39,342 WARNING [model_registry] AutoModel with attn_implementation=eager rejected for google/gemma-3-12b-it (OutOfMemoryError); trying the next option.
2026-09-10 20:51:48,320 WARNING [model_registry] AutoModel with attn_implementation=sdpa rejected for google/gemma-3-12b-it (OutOfMemoryError); trying the next option.
2026-09-10 20:51:48,321 ERROR [patchscope_bias_verification] patchscope load failed for baseline_igu_lora (CUDA out of memory. Tried to allocate 1.88 GiB. GPU 0 has a total capacity of 39.49 GiB of which 116.94 MiB is free. Process 185244 has 23.52 GiB memory in use. Including non-PyTorch memory, this process has 15.85 GiB memory in use. Of the allocated memory 15.33 GiB is allocated by PyTorch, and 7.50 MiB is reserved by PyTorch but unallocated. If reserved but unallocated memory is large try setting PYTORCH_CUDA_ALLOC_CONF=expandable_segments:True to avoid fragmentation.  See documentation for Memory Management  (https://pytorch.org/docs/stable/notes/cuda.html#environment-variables)); skipping.
2026-09-10 20:52:07,701 WARNING [model_registry] AutoModelForImageTextToText with attn_implementation=eager rejected for google/gemma-3-12b-it (OutOfMemoryError); trying the next option.
2026-09-10 20:52:17,058 WARNING [model_registry] AutoModelForImageTextToText with attn_implementation=sdpa rejected for google/gemma-3-12b-it (OutOfMemoryError); trying the next option.
2026-09-10 20:52:30,999 WARNING [model_registry] AutoModelForCausalLM with attn_implementation=eager rejected for google/gemma-3-12b-it (OutOfMemoryError); trying the next option.
2026-09-10 20:52:40,978 WARNING [model_registry] AutoModelForCausalLM with attn_implementation=sdpa rejected for google/gemma-3-12b-it (OutOfMemoryError); trying the next option.
2026-09-10 20:52:53,879 WARNING [model_registry] AutoModel with attn_implementation=eager rejected for google/gemma-3-12b-it (OutOfMemoryError); trying the next option.
2026-09-10 20:53:02,341 WARNING [model_registry] AutoModel with attn_implementation=sdpa rejected for google/gemma-3-12b-it (OutOfMemoryError); trying the next option.
2026-09-10 20:53:02,342 ERROR [patchscope_bias_verification] patchscope load failed for baseline_lftf (CUDA out of memory. Tried to allocate 1.88 GiB. GPU 0 has a total capacity of 39.49 GiB of which 116.94 MiB is free. Process 185244 has 23.52 GiB memory in use. Including non-PyTorch memory, this process has 15.85 GiB memory in use. Of the allocated memory 15.33 GiB is allocated by PyTorch, and 7.50 MiB is reserved by PyTorch but unallocated. If reserved but unallocated memory is large try setting PYTORCH_CUDA_ALLOC_CONF=expandable_segments:True to avoid fragmentation.  See documentation for Memory Management  (https://pytorch.org/docs/stable/notes/cuda.html#environment-variables)); skipping.
2026-09-10 20:53:22,448 WARNING [model_registry] AutoModelForImageTextToText with attn_implementation=eager rejected for google/gemma-3-12b-it (OutOfMemoryError); trying the next option.
2026-09-10 20:53:31,417 WARNING [model_registry] AutoModelForImageTextToText with attn_implementation=sdpa rejected for google/gemma-3-12b-it (OutOfMemoryError); trying the next option.
2026-09-10 20:53:44,826 WARNING [model_registry] AutoModelForCausalLM with attn_implementation=eager rejected for google/gemma-3-12b-it (OutOfMemoryError); trying the next option.
2026-09-10 20:53:58,258 WARNING [model_registry] AutoModelForCausalLM with attn_implementation=sdpa rejected for google/gemma-3-12b-it (OutOfMemoryError); trying the next option.
2026-09-10 20:54:12,138 WARNING [model_registry] AutoModel with attn_implementation=eager rejected for google/gemma-3-12b-it (OutOfMemoryError); trying the next option.
2026-09-10 20:54:21,543 WARNING [model_registry] AutoModel with attn_implementation=sdpa rejected for google/gemma-3-12b-it (OutOfMemoryError); trying the next option.
2026-09-10 20:54:21,543 ERROR [patchscope_bias_verification] patchscope load failed for baseline_pedal (CUDA out of memory. Tried to allocate 1.88 GiB. GPU 0 has a total capacity of 39.49 GiB of which 116.94 MiB is free. Process 185244 has 23.52 GiB memory in use. Including non-PyTorch memory, this process has 15.85 GiB memory in use. Of the allocated memory 15.33 GiB is allocated by PyTorch, and 7.50 MiB is reserved by PyTorch but unallocated. If reserved but unallocated memory is large try setting PYTORCH_CUDA_ALLOC_CONF=expandable_segments:True to avoid fragmentation.  See documentation for Memory Management  (https://pytorch.org/docs/stable/notes/cuda.html#environment-variables)); skipping.
2026-09-10 20:54:39,992 WARNING [model_registry] AutoModelForImageTextToText with attn_implementation=eager rejected for google/gemma-3-12b-it (OutOfMemoryError); trying the next option.
2026-09-10 20:54:49,909 WARNING [model_registry] AutoModelForImageTextToText with attn_implementation=sdpa rejected for google/gemma-3-12b-it (OutOfMemoryError); trying the next option.
2026-09-10 20:55:04,030 WARNING [model_registry] AutoModelForCausalLM with attn_implementation=eager rejected for google/gemma-3-12b-it (OutOfMemoryError); trying the next option.
2026-09-10 20:55:13,969 WARNING [model_registry] AutoModelForCausalLM with attn_implementation=sdpa rejected for google/gemma-3-12b-it (OutOfMemoryError); trying the next option.
2026-09-10 20:55:27,322 WARNING [model_registry] AutoModel with attn_implementation=eager rejected for google/gemma-3-12b-it (OutOfMemoryError); trying the next option.
2026-09-10 20:55:36,549 WARNING [model_registry] AutoModel with attn_implementation=sdpa rejected for google/gemma-3-12b-it (OutOfMemoryError); trying the next option.
2026-09-10 20:55:36,550 ERROR [patchscope_bias_verification] patchscope load failed for baseline_regift (CUDA out of memory. Tried to allocate 1.88 GiB. GPU 0 has a total capacity of 39.49 GiB of which 116.94 MiB is free. Process 185244 has 23.52 GiB memory in use. Including non-PyTorch memory, this process has 15.85 GiB memory in use. Of the allocated memory 15.33 GiB is allocated by PyTorch, and 7.50 MiB is reserved by PyTorch but unallocated. If reserved but unallocated memory is large try setting PYTORCH_CUDA_ALLOC_CONF=expandable_segments:True to avoid fragmentation.  See documentation for Memory Management  (https://pytorch.org/docs/stable/notes/cuda.html#environment-variables)); skipping.
2026-09-10 20:55:51,960 WARNING [model_registry] AutoModelForImageTextToText with attn_implementation=eager rejected for google/gemma-3-12b-it (OutOfMemoryError); trying the next option.
2026-09-10 20:56:01,393 WARNING [model_registry] AutoModelForImageTextToText with attn_implementation=sdpa rejected for google/gemma-3-12b-it (OutOfMemoryError); trying the next option.
2026-09-10 20:56:19,350 WARNING [model_registry] AutoModelForCausalLM with attn_implementation=eager rejected for google/gemma-3-12b-it (OutOfMemoryError); trying the next option.
2026-09-10 20:56:28,787 WARNING [model_registry] AutoModelForCausalLM with attn_implementation=sdpa rejected for google/gemma-3-12b-it (OutOfMemoryError); trying the next option.
2026-09-10 20:56:41,882 WARNING [model_registry] AutoModel with attn_implementation=eager rejected for google/gemma-3-12b-it (OutOfMemoryError); trying the next option.
2026-09-10 20:56:50,397 WARNING [model_registry] AutoModel with attn_implementation=sdpa rejected for google/gemma-3-12b-it (OutOfMemoryError); trying the next option.
2026-09-10 20:56:50,398 ERROR [patchscope_bias_verification] patchscope load failed for graft_proposed (CUDA out of memory. Tried to allocate 1.88 GiB. GPU 0 has a total capacity of 39.49 GiB of which 116.94 MiB is free. Process 185244 has 23.52 GiB memory in use. Including non-PyTorch memory, this process has 15.85 GiB memory in use. Of the allocated memory 15.33 GiB is allocated by PyTorch, and 7.50 MiB is reserved by PyTorch but unallocated. If reserved but unallocated memory is large try setting PYTORCH_CUDA_ALLOC_CONF=expandable_segments:True to avoid fragmentation.  See documentation for Memory Management  (https://pytorch.org/docs/stable/notes/cuda.html#environment-variables)); skipping.
2026-09-10 20:57:05,446 WARNING [model_registry] AutoModelForImageTextToText with attn_implementation=eager rejected for google/gemma-3-12b-it (OutOfMemoryError); trying the next option.
2026-09-10 20:57:14,759 WARNING [model_registry] AutoModelForImageTextToText with attn_implementation=sdpa rejected for google/gemma-3-12b-it (OutOfMemoryError); trying the next option.
2026-09-10 20:57:32,952 WARNING [model_registry] AutoModelForCausalLM with attn_implementation=eager rejected for google/gemma-3-12b-it (OutOfMemoryError); trying the next option.
2026-09-10 20:57:41,938 WARNING [model_registry] AutoModelForCausalLM with attn_implementation=sdpa rejected for google/gemma-3-12b-it (OutOfMemoryError); trying the next option.
2026-09-10 20:57:54,571 WARNING [model_registry] AutoModel with attn_implementation=eager rejected for google/gemma-3-12b-it (OutOfMemoryError); trying the next option.
2026-09-10 20:58:03,812 WARNING [model_registry] AutoModel with attn_implementation=sdpa rejected for google/gemma-3-12b-it (OutOfMemoryError); trying the next option.
2026-09-10 20:58:03,813 ERROR [patchscope_bias_verification] patchscope load failed for graft_proposed_loao_gender (CUDA out of memory. Tried to allocate 1.88 GiB. GPU 0 has a total capacity of 39.49 GiB of which 116.94 MiB is free. Process 185244 has 23.52 GiB memory in use. Including non-PyTorch memory, this process has 15.85 GiB memory in use. Of the allocated memory 15.33 GiB is allocated by PyTorch, and 7.50 MiB is reserved by PyTorch but unallocated. If reserved but unallocated memory is large try setting PYTORCH_CUDA_ALLOC_CONF=expandable_segments:True to avoid fragmentation.  See documentation for Memory Management  (https://pytorch.org/docs/stable/notes/cuda.html#environment-variables)); skipping.
2026-09-10 20:58:18,464 WARNING [model_registry] AutoModelForImageTextToText with attn_implementation=eager rejected for google/gemma-3-12b-it (OutOfMemoryError); trying the next option.
2026-09-10 20:58:27,534 WARNING [model_registry] AutoModelForImageTextToText with attn_implementation=sdpa rejected for google/gemma-3-12b-it (OutOfMemoryError); trying the next option.
2026-09-10 20:58:40,702 WARNING [model_registry] AutoModelForCausalLM with attn_implementation=eager rejected for google/gemma-3-12b-it (OutOfMemoryError); trying the next option.
2026-09-10 20:58:49,649 WARNING [model_registry] AutoModelForCausalLM with attn_implementation=sdpa rejected for google/gemma-3-12b-it (OutOfMemoryError); trying the next option.
2026-09-10 20:59:02,198 WARNING [model_registry] AutoModel with attn_implementation=eager rejected for google/gemma-3-12b-it (OutOfMemoryError); trying the next option.
2026-09-10 20:59:10,653 WARNING [model_registry] AutoModel with attn_implementation=sdpa rejected for google/gemma-3-12b-it (OutOfMemoryError); trying the next option.
2026-09-10 20:59:10,653 ERROR [patchscope_bias_verification] patchscope load failed for graft_proposed_loao_landholding (CUDA out of memory. Tried to allocate 1.88 GiB. GPU 0 has a total capacity of 39.49 GiB of which 116.94 MiB is free. Process 185244 has 23.52 GiB memory in use. Including non-PyTorch memory, this process has 15.85 GiB memory in use. Of the allocated memory 15.33 GiB is allocated by PyTorch, and 7.50 MiB is reserved by PyTorch but unallocated. If reserved but unallocated memory is large try setting PYTORCH_CUDA_ALLOC_CONF=expandable_segments:True to avoid fragmentation.  See documentation for Memory Management  (https://pytorch.org/docs/stable/notes/cuda.html#environment-variables)); skipping.
2026-09-10 20:59:25,515 WARNING [model_registry] AutoModelForImageTextToText with attn_implementation=eager rejected for google/gemma-3-12b-it (OutOfMemoryError); trying the next option.
2026-09-10 20:59:38,921 WARNING [model_registry] AutoModelForImageTextToText with attn_implementation=sdpa rejected for google/gemma-3-12b-it (OutOfMemoryError); trying the next option.
2026-09-10 20:59:52,606 WARNING [model_registry] AutoModelForCausalLM with attn_implementation=eager rejected for google/gemma-3-12b-it (OutOfMemoryError); trying the next option.
2026-09-10 21:00:01,877 WARNING [model_registry] AutoModelForCausalLM with attn_implementation=sdpa rejected for google/gemma-3-12b-it (OutOfMemoryError); trying the next option.
2026-09-10 21:00:15,210 WARNING [model_registry] AutoModel with attn_implementation=eager rejected for google/gemma-3-12b-it (OutOfMemoryError); trying the next option.
2026-09-10 21:00:23,837 WARNING [model_registry] AutoModel with attn_implementation=sdpa rejected for google/gemma-3-12b-it (OutOfMemoryError); trying the next option.
2026-09-10 21:00:23,837 ERROR [patchscope_bias_verification] patchscope load failed for graft_proposed_loao_social_group (CUDA out of memory. Tried to allocate 1.88 GiB. GPU 0 has a total capacity of 39.49 GiB of which 116.94 MiB is free. Process 185244 has 23.52 GiB memory in use. Including non-PyTorch memory, this process has 15.85 GiB memory in use. Of the allocated memory 15.33 GiB is allocated by PyTorch, and 7.50 MiB is reserved by PyTorch but unallocated. If reserved but unallocated memory is large try setting PYTORCH_CUDA_ALLOC_CONF=expandable_segments:True to avoid fragmentation.  See documentation for Memory Management  (https://pytorch.org/docs/stable/notes/cuda.html#environment-variables)); skipping.
2026-09-10 21:09:35,747 INFO [evaluate_agriadvice_drift] Cleared 55 row(s) for tier(s) ['general-instruct']; kept 175 row(s) from other tiers.
2026-09-10 21:10:32,902 INFO [artifact_sync] Snapshot pushed: 600 files to branch gpu-run-artifacts.
2026-09-10 21:10:47,153 INFO [evaluate_agriadvice_drift] Cleared 0 row(s) for tier(s) ['general-instruct']; kept 175 row(s) from other tiers.
2026-09-10 21:11:06,378 WARNING [model_registry] AutoModelForImageTextToText with attn_implementation=eager rejected for google/gemma-3-12b-it (OutOfMemoryError); trying the next option.
2026-09-10 21:11:17,348 WARNING [model_registry] AutoModelForImageTextToText with attn_implementation=sdpa rejected for google/gemma-3-12b-it (OutOfMemoryError); trying the next option.
2026-09-10 21:11:32,155 WARNING [model_registry] AutoModelForCausalLM with attn_implementation=eager rejected for google/gemma-3-12b-it (OutOfMemoryError); trying the next option.
2026-09-10 21:11:43,381 WARNING [model_registry] AutoModelForCausalLM with attn_implementation=sdpa rejected for google/gemma-3-12b-it (OutOfMemoryError); trying the next option.
2026-09-10 21:11:47,555 INFO [evaluate_agriadvice_drift] Cleared 0 row(s) for tier(s) ['general-instruct']; kept 175 row(s) from other tiers.
2026-09-10 21:11:50,292 WARNING [model_registry] AutoModel with attn_implementation=eager rejected for google/gemma-3-12b-it (OutOfMemoryError); trying the next option.
2026-09-10 21:11:52,999 WARNING [model_registry] AutoModel with attn_implementation=sdpa rejected for google/gemma-3-12b-it (OutOfMemoryError); trying the next option.
2026-09-10 21:11:53,000 ERROR [evaluate_agriadvice_drift] Drift eval load failed (CUDA out of memory. Tried to allocate 1.88 GiB. GPU 0 has a total capacity of 39.49 GiB of which 25.00 MiB is free. Process 190635 has 26.47 GiB memory in use. Including non-PyTorch memory, this process has 12.98 GiB memory in use. Of the allocated memory 12.49 GiB is allocated by PyTorch, and 19.51 MiB is reserved by PyTorch but unallocated. If reserved but unallocated memory is large try setting PYTORCH_CUDA_ALLOC_CONF=expandable_segments:True to avoid fragmentation.  See documentation for Memory Management  (https://pytorch.org/docs/stable/notes/cuda.html#environment-variables)); skipping frozen_base.
2026-09-10 21:12:12,936 WARNING [model_registry] AutoModelForImageTextToText with attn_implementation=eager rejected for google/gemma-3-12b-it (AcceleratorError); trying the next option.
2026-09-10 21:12:26,688 WARNING [model_registry] AutoModelForImageTextToText with attn_implementation=sdpa rejected for google/gemma-3-12b-it (AcceleratorError); trying the next option.
2026-09-10 21:12:27,135 WARNING [model_registry] AutoModelForImageTextToText with attn_implementation=eager rejected for google/gemma-3-12b-it (OutOfMemoryError); trying the next option.
2026-09-10 21:40:40,827 INFO [artifact_sync] Snapshot pushed: 600 files to branch gpu-run-artifacts.
2026-09-10 21:52:10,325 INFO [evaluate_agriadvice_drift] tier=general-instruct method=frozen_base drift(emb)=0.550 jaccard=0.740 flip=0.960
2026-09-10 22:10:48,922 INFO [artifact_sync] Snapshot pushed: 600 files to branch gpu-run-artifacts.
2026-09-10 22:40:56,957 INFO [artifact_sync] Snapshot pushed: 600 files to branch gpu-run-artifacts.
2026-09-10 22:59:19,662 INFO [evaluate_agriadvice_drift] tier=general-instruct method=baseline_dart drift(emb)=0.401 jaccard=0.575 flip=0.724
2026-09-10 23:11:05,430 INFO [artifact_sync] Snapshot pushed: 600 files to branch gpu-run-artifacts.
2026-09-10 23:41:13,600 INFO [artifact_sync] Snapshot pushed: 600 files to branch gpu-run-artifacts.
2026-09-11 00:11:22,531 INFO [artifact_sync] Snapshot pushed: 600 files to branch gpu-run-artifacts.
2026-09-11 00:15:15,990 INFO [evaluate_agriadvice_drift] tier=general-instruct method=baseline_fairnet drift(emb)=0.390 jaccard=0.603 flip=0.719
2026-09-11 00:41:30,639 INFO [artifact_sync] Snapshot pushed: 600 files to branch gpu-run-artifacts.
2026-09-11 01:11:38,755 INFO [artifact_sync] Snapshot pushed: 600 files to branch gpu-run-artifacts.
2026-09-11 01:15:16,021 INFO [evaluate_agriadvice_drift] tier=general-instruct method=baseline_igu_lora drift(emb)=0.344 jaccard=0.474 flip=0.616
2026-09-11 01:41:46,718 INFO [artifact_sync] Snapshot pushed: 600 files to branch gpu-run-artifacts.
2026-09-11 02:04:10,484 INFO [evaluate_agriadvice_drift] tier=general-instruct method=baseline_lftf drift(emb)=0.558 jaccard=0.683 flip=0.838
2026-09-11 02:11:54,811 INFO [artifact_sync] Snapshot pushed: 602 files to branch gpu-run-artifacts.
2026-09-11 02:42:03,319 INFO [artifact_sync] Snapshot pushed: 602 files to branch gpu-run-artifacts.
2026-09-11 03:12:11,128 INFO [evaluate_agriadvice_drift] tier=general-instruct method=baseline_pedal drift(emb)=0.328 jaccard=0.458 flip=0.585
2026-09-11 03:12:11,367 INFO [artifact_sync] Snapshot pushed: 602 files to branch gpu-run-artifacts.
2026-09-11 03:42:19,272 INFO [artifact_sync] Snapshot pushed: 602 files to branch gpu-run-artifacts.
2026-09-11 04:12:27,428 INFO [artifact_sync] Snapshot pushed: 602 files to branch gpu-run-artifacts.
2026-09-11 04:29:20,026 INFO [evaluate_agriadvice_drift] tier=general-instruct method=baseline_regift drift(emb)=0.354 jaccard=0.581 flip=0.686
2026-09-11 04:42:35,778 INFO [artifact_sync] Snapshot pushed: 602 files to branch gpu-run-artifacts.
2026-09-11 05:12:43,729 INFO [artifact_sync] Snapshot pushed: 602 files to branch gpu-run-artifacts.
2026-09-11 05:33:06,709 INFO [evaluate_agriadvice_drift] tier=general-instruct method=graft_proposed drift(emb)=0.382 jaccard=0.513 flip=0.652
2026-09-11 05:42:51,915 INFO [artifact_sync] Snapshot pushed: 602 files to branch gpu-run-artifacts.
2026-09-11 06:13:00,076 INFO [artifact_sync] Snapshot pushed: 602 files to branch gpu-run-artifacts.
2026-09-11 06:32:43,240 INFO [evaluate_agriadvice_drift] tier=general-instruct method=graft_proposed_qlora_nf4 drift(emb)=0.329 jaccard=0.449 flip=0.583
2026-09-11 06:43:08,733 INFO [artifact_sync] Snapshot pushed: 602 files to branch gpu-run-artifacts.
2026-09-11 07:08:41,775 INFO [evaluate_agriadvice_drift] tier=general-instruct method=reference_vanilla_lora drift(emb)=0.307 jaccard=0.392 flip=0.500
2026-09-11 07:13:16,866 INFO [artifact_sync] Snapshot pushed: 602 files to branch gpu-run-artifacts.
2026-09-11 07:43:24,793 INFO [artifact_sync] Snapshot pushed: 602 files to branch gpu-run-artifacts.
2026-09-11 08:13:33,206 INFO [artifact_sync] Snapshot pushed: 602 files to branch gpu-run-artifacts.
2026-09-11 08:19:37,389 INFO [evaluate_agriadvice_drift] tier=general-instruct method=reference_vanilla_qlora drift(emb)=0.368 jaccard=0.508 flip=0.625
2026-09-11 08:43:41,766 INFO [artifact_sync] Snapshot pushed: 602 files to branch gpu-run-artifacts.
2026-09-11 09:04:50,943 INFO [evaluate_agriadvice_drift] tier=general-instruct method=baseline_fairsteer drift(emb)=0.513 jaccard=0.727 flip=0.940
2026-09-11 09:05:42,629 INFO [verify_bias_subspace] tier=small-instruct method=frozen_base probe_mcq=0.663 probe_advice=1.000
2026-09-11 09:07:57,656 INFO [verify_bias_subspace] tier=small-instruct method=baseline_dart probe_mcq=0.824 probe_advice=1.000
2026-09-11 09:10:10,334 INFO [verify_bias_subspace] tier=small-instruct method=baseline_fairnet probe_mcq=0.693 probe_advice=1.000
2026-09-11 09:11:52,402 INFO [verify_bias_subspace] tier=small-instruct method=baseline_igu_lora probe_mcq=0.722 probe_advice=0.995
2026-09-11 09:13:23,007 INFO [verify_bias_subspace] tier=small-instruct method=baseline_lftf probe_mcq=0.663 probe_advice=1.000
2026-09-11 09:13:49,947 INFO [artifact_sync] Snapshot pushed: 602 files to branch gpu-run-artifacts.
2026-09-11 09:15:35,284 INFO [verify_bias_subspace] tier=small-instruct method=baseline_pedal probe_mcq=0.803 probe_advice=1.000
2026-09-11 09:17:46,959 INFO [verify_bias_subspace] tier=small-instruct method=baseline_regift probe_mcq=0.832 probe_advice=1.000
2026-09-11 09:19:27,800 INFO [verify_bias_subspace] tier=small-instruct method=graft_proposed probe_mcq=0.844 probe_advice=1.000
2026-09-11 09:21:07,747 INFO [verify_bias_subspace] tier=small-instruct method=graft_proposed_loao_gender probe_mcq=0.740 probe_advice=1.000
2026-09-11 09:22:52,273 INFO [verify_bias_subspace] tier=small-instruct method=graft_proposed_loao_landholding probe_mcq=0.827 probe_advice=0.997
2026-09-11 09:24:32,729 INFO [verify_bias_subspace] tier=small-instruct method=graft_proposed_loao_social_group probe_mcq=0.844 probe_advice=1.000
2026-09-11 09:26:53,569 INFO [verify_bias_subspace] tier=small-instruct method=graft_proposed_qlora_nf4 probe_mcq=0.807 probe_advice=0.995
2026-09-11 09:29:04,363 INFO [verify_bias_subspace] tier=small-instruct method=reference_vanilla_lora probe_mcq=0.756 probe_advice=1.000
2026-09-11 09:31:14,221 INFO [verify_bias_subspace] tier=small-instruct method=reference_vanilla_lora_loao_gender probe_mcq=0.815 probe_advice=1.000
2026-09-11 09:33:22,962 INFO [verify_bias_subspace] tier=small-instruct method=reference_vanilla_lora_loao_landholding probe_mcq=0.806 probe_advice=1.000
2026-09-11 09:35:32,638 INFO [verify_bias_subspace] tier=small-instruct method=reference_vanilla_lora_loao_social_group probe_mcq=0.798 probe_advice=0.997
2026-09-11 09:38:25,769 INFO [verify_bias_subspace] tier=small-instruct method=reference_vanilla_qlora probe_mcq=0.731 probe_advice=0.997
2026-09-11 09:38:59,943 INFO [verify_bias_subspace] tier=small-instruct method=baseline_fairsteer probe_mcq=0.663 probe_advice=1.000
2026-09-11 09:39:47,845 INFO [verify_bias_subspace] tier=broad-instruct method=frozen_base probe_mcq=0.655 probe_advice=1.000
2026-09-11 09:42:54,921 INFO [verify_bias_subspace] tier=broad-instruct method=baseline_dart probe_mcq=0.563 probe_advice=1.000
2026-09-11 09:43:57,862 INFO [artifact_sync] Snapshot pushed: 602 files to branch gpu-run-artifacts.
2026-09-11 09:45:59,858 INFO [verify_bias_subspace] tier=broad-instruct method=baseline_fairnet probe_mcq=0.559 probe_advice=1.000
2026-09-11 09:48:37,718 INFO [verify_bias_subspace] tier=broad-instruct method=baseline_igu_lora probe_mcq=0.428 probe_advice=1.000
2026-09-11 09:50:55,578 INFO [verify_bias_subspace] tier=broad-instruct method=baseline_lftf probe_mcq=0.655 probe_advice=1.000
2026-09-11 09:53:58,258 INFO [verify_bias_subspace] tier=broad-instruct method=baseline_pedal probe_mcq=0.723 probe_advice=0.995
2026-09-11 09:57:02,560 INFO [verify_bias_subspace] tier=broad-instruct method=baseline_regift probe_mcq=0.634 probe_advice=1.000
2026-09-11 09:59:38,115 INFO [verify_bias_subspace] tier=broad-instruct method=graft_proposed probe_mcq=0.664 probe_advice=1.000
2026-09-11 10:02:13,416 INFO [verify_bias_subspace] tier=broad-instruct method=graft_proposed_loao_gender probe_mcq=0.487 probe_advice=1.000
2026-09-11 10:04:51,959 INFO [verify_bias_subspace] tier=broad-instruct method=graft_proposed_loao_landholding probe_mcq=0.496 probe_advice=1.000
2026-09-11 10:07:29,415 INFO [verify_bias_subspace] tier=broad-instruct method=graft_proposed_loao_social_group probe_mcq=0.714 probe_advice=0.985
2026-09-11 10:10:57,609 INFO [verify_bias_subspace] tier=broad-instruct method=graft_proposed_qlora_nf4 probe_mcq=0.516 probe_advice=1.000
2026-09-11 10:13:57,446 INFO [verify_bias_subspace] tier=broad-instruct method=reference_vanilla_lora probe_mcq=0.668 probe_advice=0.997
2026-09-11 10:14:12,651 INFO [artifact_sync] Snapshot pushed: 602 files to branch gpu-run-artifacts.
2026-09-11 10:16:55,663 INFO [verify_bias_subspace] tier=broad-instruct method=reference_vanilla_lora_loao_gender probe_mcq=0.584 probe_advice=1.000
2026-09-11 10:19:54,610 INFO [verify_bias_subspace] tier=broad-instruct method=reference_vanilla_lora_loao_landholding probe_mcq=0.626 probe_advice=0.997
2026-09-11 10:22:54,365 INFO [verify_bias_subspace] tier=broad-instruct method=reference_vanilla_lora_loao_social_group probe_mcq=0.546 probe_advice=0.995
2026-09-11 10:26:46,376 INFO [verify_bias_subspace] tier=broad-instruct method=reference_vanilla_qlora probe_mcq=0.718 probe_advice=1.000
2026-09-11 10:27:33,534 INFO [verify_bias_subspace] tier=broad-instruct method=baseline_fairsteer probe_mcq=0.655 probe_advice=1.000
2026-09-11 10:28:56,234 INFO [verify_bias_subspace] tier=general-instruct method=frozen_base probe_mcq=0.773 probe_advice=1.000
2026-09-11 10:33:45,708 INFO [verify_bias_subspace] tier=general-instruct method=baseline_dart probe_mcq=0.819 probe_advice=0.997
2026-09-11 10:38:46,990 INFO [verify_bias_subspace] tier=general-instruct method=baseline_fairnet probe_mcq=0.832 probe_advice=0.997
2026-09-11 10:43:20,925 INFO [verify_bias_subspace] tier=general-instruct method=baseline_igu_lora probe_mcq=0.668 probe_advice=1.000
2026-09-11 10:44:21,799 INFO [artifact_sync] Snapshot pushed: 602 files to branch gpu-run-artifacts.
2026-09-11 10:47:16,411 INFO [verify_bias_subspace] tier=general-instruct method=baseline_lftf probe_mcq=0.773 probe_advice=1.000
2026-09-11 10:52:20,829 INFO [verify_bias_subspace] tier=general-instruct method=baseline_pedal probe_mcq=0.802 probe_advice=0.997
2026-09-11 10:57:19,975 INFO [verify_bias_subspace] tier=general-instruct method=baseline_regift probe_mcq=0.811 probe_advice=0.997
2026-09-11 11:02:34,719 INFO [verify_bias_subspace] tier=general-instruct method=graft_proposed probe_mcq=0.840 probe_advice=0.997
2026-09-11 11:07:11,119 INFO [verify_bias_subspace] tier=general-instruct method=graft_proposed_loao_gender probe_mcq=0.752 probe_advice=0.997
2026-09-11 11:11:44,853 INFO [verify_bias_subspace] tier=general-instruct method=graft_proposed_loao_landholding probe_mcq=0.664 probe_advice=0.997
2026-09-11 11:14:30,253 INFO [artifact_sync] Snapshot pushed: 602 files to branch gpu-run-artifacts.
2026-09-11 11:16:03,859 INFO [verify_bias_subspace] tier=general-instruct method=graft_proposed_loao_social_group probe_mcq=0.744 probe_advice=0.992
2026-09-11 11:22:28,771 INFO [verify_bias_subspace] tier=general-instruct method=graft_proposed_qlora_nf4 probe_mcq=0.840 probe_advice=0.997
2026-09-11 11:27:21,718 INFO [verify_bias_subspace] tier=general-instruct method=reference_vanilla_lora probe_mcq=0.752 probe_advice=0.997
2026-09-11 11:32:07,709 INFO [verify_bias_subspace] tier=general-instruct method=reference_vanilla_lora_loao_gender probe_mcq=0.798 probe_advice=0.995
2026-09-11 11:36:54,938 INFO [verify_bias_subspace] tier=general-instruct method=reference_vanilla_lora_loao_landholding probe_mcq=0.815 probe_advice=0.997
2026-09-11 11:41:41,884 INFO [verify_bias_subspace] tier=general-instruct method=reference_vanilla_lora_loao_social_group probe_mcq=0.866 probe_advice=1.000
2026-09-11 11:44:38,052 INFO [artifact_sync] Snapshot pushed: 602 files to branch gpu-run-artifacts.
2026-09-11 11:47:54,696 INFO [verify_bias_subspace] tier=general-instruct method=reference_vanilla_qlora probe_mcq=0.777 probe_advice=0.997
2026-09-11 11:49:16,541 INFO [verify_bias_subspace] tier=general-instruct method=baseline_fairsteer probe_mcq=0.773 probe_advice=1.000
2026-09-11 11:50:04,147 INFO [verify_bias_subspace] tier=general-instruct-2 method=frozen_base probe_mcq=0.811 probe_advice=1.000
2026-09-11 11:53:02,914 INFO [verify_bias_subspace] tier=general-instruct-2 method=baseline_dart probe_mcq=0.857 probe_advice=1.000
2026-09-11 11:56:05,174 INFO [verify_bias_subspace] tier=general-instruct-2 method=baseline_fairnet probe_mcq=0.664 probe_advice=1.000
2026-09-11 11:58:36,194 INFO [verify_bias_subspace] tier=general-instruct-2 method=baseline_igu_lora probe_mcq=0.886 probe_advice=1.000
2026-09-11 12:00:15,094 INFO [verify_bias_subspace] tier=general-instruct-2 method=baseline_lftf probe_mcq=0.811 probe_advice=1.000
2026-09-11 12:03:42,044 INFO [verify_bias_subspace] tier=general-instruct-2 method=baseline_pedal probe_mcq=0.735 probe_advice=0.995
2026-09-11 12:06:56,812 INFO [verify_bias_subspace] tier=general-instruct-2 method=baseline_regift probe_mcq=0.785 probe_advice=1.000
2026-09-11 12:09:13,855 INFO [verify_bias_subspace] tier=general-instruct-2 method=graft_proposed probe_mcq=0.844 probe_advice=1.000
2026-09-11 12:11:33,701 INFO [verify_bias_subspace] tier=general-instruct-2 method=graft_proposed_loao_gender probe_mcq=0.752 probe_advice=1.000
2026-09-11 12:13:56,652 INFO [verify_bias_subspace] tier=general-instruct-2 method=graft_proposed_loao_landholding probe_mcq=0.823 probe_advice=1.000
2026-09-11 12:14:45,818 INFO [artifact_sync] Snapshot pushed: 602 files to branch gpu-run-artifacts.
2026-09-11 12:16:15,297 INFO [verify_bias_subspace] tier=general-instruct-2 method=graft_proposed_loao_social_group probe_mcq=0.752 probe_advice=1.000
2026-09-11 12:19:32,394 INFO [verify_bias_subspace] tier=general-instruct-2 method=graft_proposed_qlora_nf4 probe_mcq=0.752 probe_advice=1.000
2026-09-11 12:22:26,570 INFO [verify_bias_subspace] tier=general-instruct-2 method=reference_vanilla_lora probe_mcq=0.789 probe_advice=1.000
2026-09-11 12:25:19,615 INFO [verify_bias_subspace] tier=general-instruct-2 method=reference_vanilla_lora_loao_gender probe_mcq=0.807 probe_advice=1.000
2026-09-11 12:28:12,342 INFO [verify_bias_subspace] tier=general-instruct-2 method=reference_vanilla_lora_loao_landholding probe_mcq=0.794 probe_advice=1.000
2026-09-11 12:31:05,672 INFO [verify_bias_subspace] tier=general-instruct-2 method=reference_vanilla_lora_loao_social_group probe_mcq=0.823 probe_advice=1.000
2026-09-11 12:35:09,981 INFO [verify_bias_subspace] tier=general-instruct-2 method=reference_vanilla_qlora probe_mcq=0.768 probe_advice=1.000
2026-09-11 12:36:01,731 INFO [verify_bias_subspace] tier=general-instruct-2 method=baseline_fairsteer probe_mcq=0.811 probe_advice=1.000
2026-09-11 12:40:21,351 INFO [patchscope_bias_verification] tier=general-instruct method=frozen_base condition=diff mean P(Roughly equal)=0.037 over 30 layers
2026-09-11 12:43:17,324 INFO [patchscope_bias_verification] tier=general-instruct method=frozen_base condition=equal mean P(Roughly equal)=0.038 over 30 layers
2026-09-11 12:44:54,188 INFO [artifact_sync] Snapshot pushed: 602 files to branch gpu-run-artifacts.
2026-09-11 12:49:15,839 INFO [patchscope_bias_verification] tier=general-instruct method=baseline_dart condition=diff mean P(Roughly equal)=0.094 over 30 layers
2026-09-11 12:54:01,391 INFO [patchscope_bias_verification] tier=general-instruct method=baseline_dart condition=equal mean P(Roughly equal)=0.152 over 30 layers
2026-09-11 12:59:29,493 INFO [patchscope_bias_verification] tier=general-instruct method=baseline_fairnet condition=diff mean P(Roughly equal)=0.264 over 30 layers
2026-09-11 13:04:13,360 INFO [patchscope_bias_verification] tier=general-instruct method=baseline_fairnet condition=equal mean P(Roughly equal)=0.316 over 30 layers
2026-09-11 13:08:38,203 INFO [patchscope_bias_verification] tier=general-instruct method=baseline_igu_lora condition=diff mean P(Roughly equal)=0.151 over 30 layers
2026-09-11 13:12:48,315 INFO [patchscope_bias_verification] tier=general-instruct method=baseline_igu_lora condition=equal mean P(Roughly equal)=0.214 over 30 layers
2026-09-11 13:15:03,030 INFO [artifact_sync] Snapshot pushed: 602 files to branch gpu-run-artifacts.
2026-09-11 13:16:56,000 INFO [patchscope_bias_verification] tier=general-instruct method=baseline_lftf condition=diff mean P(Roughly equal)=0.092 over 30 layers
2026-09-11 13:20:35,101 INFO [patchscope_bias_verification] tier=general-instruct method=baseline_lftf condition=equal mean P(Roughly equal)=0.109 over 30 layers
2026-09-11 13:25:49,034 INFO [patchscope_bias_verification] tier=general-instruct method=baseline_pedal condition=diff mean P(Roughly equal)=0.230 over 30 layers
2026-09-11 13:30:29,592 INFO [patchscope_bias_verification] tier=general-instruct method=baseline_pedal condition=equal mean P(Roughly equal)=0.308 over 30 layers
2026-09-11 13:35:43,966 INFO [patchscope_bias_verification] tier=general-instruct method=baseline_regift condition=diff mean P(Roughly equal)=0.056 over 30 layers
2026-09-11 13:40:22,872 INFO [patchscope_bias_verification] tier=general-instruct method=baseline_regift condition=equal mean P(Roughly equal)=0.091 over 30 layers
2026-09-11 13:44:48,191 INFO [patchscope_bias_verification] tier=general-instruct method=graft_proposed condition=diff mean P(Roughly equal)=0.158 over 30 layers
2026-09-11 13:45:11,226 INFO [artifact_sync] Snapshot pushed: 602 files to branch gpu-run-artifacts.
2026-09-11 13:48:47,169 INFO [patchscope_bias_verification] tier=general-instruct method=graft_proposed condition=equal mean P(Roughly equal)=0.191 over 30 layers
2026-09-11 13:53:11,777 INFO [patchscope_bias_verification] tier=general-instruct method=graft_proposed_loao_gender condition=diff mean P(Roughly equal)=0.188 over 30 layers
2026-09-11 13:57:10,537 INFO [patchscope_bias_verification] tier=general-instruct method=graft_proposed_loao_gender condition=equal mean P(Roughly equal)=0.218 over 30 layers
2026-09-11 14:01:35,126 INFO [patchscope_bias_verification] tier=general-instruct method=graft_proposed_loao_landholding condition=diff mean P(Roughly equal)=0.289 over 30 layers
2026-09-11 14:05:36,422 INFO [patchscope_bias_verification] tier=general-instruct method=graft_proposed_loao_landholding condition=equal mean P(Roughly equal)=0.336 over 30 layers
2026-09-11 14:09:42,908 INFO [patchscope_bias_verification] tier=general-instruct method=graft_proposed_loao_social_group condition=diff mean P(Roughly equal)=0.247 over 28 layers
2026-09-11 14:13:21,285 INFO [patchscope_bias_verification] tier=general-instruct method=graft_proposed_loao_social_group condition=equal mean P(Roughly equal)=0.273 over 28 layers
2026-09-11 14:15:19,708 INFO [artifact_sync] Snapshot pushed: 602 files to branch gpu-run-artifacts.
2026-09-11 14:18:56,954 INFO [patchscope_bias_verification] tier=general-instruct method=graft_proposed_qlora_nf4 condition=diff mean P(Roughly equal)=0.220 over 30 layers
2026-09-11 14:23:43,249 INFO [patchscope_bias_verification] tier=general-instruct method=graft_proposed_qlora_nf4 condition=equal mean P(Roughly equal)=0.273 over 30 layers
2026-09-11 14:28:37,435 INFO [patchscope_bias_verification] tier=general-instruct method=reference_vanilla_lora condition=diff mean P(Roughly equal)=0.125 over 30 layers
2026-09-11 14:33:15,895 INFO [patchscope_bias_verification] tier=general-instruct method=reference_vanilla_lora condition=equal mean P(Roughly equal)=0.182 over 30 layers
2026-09-11 14:38:14,033 INFO [patchscope_bias_verification] tier=general-instruct method=reference_vanilla_lora_loao_gender condition=diff mean P(Roughly equal)=0.080 over 30 layers
2026-09-11 14:42:52,918 INFO [patchscope_bias_verification] tier=general-instruct method=reference_vanilla_lora_loao_gender condition=equal mean P(Roughly equal)=0.127 over 30 layers
2026-09-11 14:45:28,267 INFO [artifact_sync] Snapshot pushed: 602 files to branch gpu-run-artifacts.
2026-09-11 14:47:53,192 INFO [patchscope_bias_verification] tier=general-instruct method=reference_vanilla_lora_loao_landholding condition=diff mean P(Roughly equal)=0.194 over 30 layers
2026-09-11 14:52:32,084 INFO [patchscope_bias_verification] tier=general-instruct method=reference_vanilla_lora_loao_landholding condition=equal mean P(Roughly equal)=0.248 over 30 layers
2026-09-11 14:57:16,170 INFO [patchscope_bias_verification] tier=general-instruct method=reference_vanilla_lora_loao_social_group condition=diff mean P(Roughly equal)=0.206 over 28 layers
2026-09-11 15:01:38,062 INFO [patchscope_bias_verification] tier=general-instruct method=reference_vanilla_lora_loao_social_group condition=equal mean P(Roughly equal)=0.249 over 28 layers
2026-09-11 15:07:57,727 INFO [patchscope_bias_verification] tier=general-instruct method=reference_vanilla_qlora condition=diff mean P(Roughly equal)=0.100 over 30 layers
2026-09-11 15:13:36,591 INFO [patchscope_bias_verification] tier=general-instruct method=reference_vanilla_qlora condition=equal mean P(Roughly equal)=0.166 over 30 layers
2026-09-11 15:14:47,724 INFO [patchscope_bias_verification] tier=general-instruct-2 method=frozen_base condition=diff mean P(Roughly equal)=0.213 over 18 layers
2026-09-11 15:15:37,302 INFO [artifact_sync] Snapshot pushed: 602 files to branch gpu-run-artifacts.
2026-09-11 15:15:44,865 INFO [patchscope_bias_verification] tier=general-instruct-2 method=frozen_base condition=equal mean P(Roughly equal)=0.212 over 18 layers
2026-09-11 15:17:53,130 INFO [patchscope_bias_verification] tier=general-instruct-2 method=baseline_dart condition=diff mean P(Roughly equal)=0.229 over 18 layers
2026-09-11 15:19:41,961 INFO [patchscope_bias_verification] tier=general-instruct-2 method=baseline_dart condition=equal mean P(Roughly equal)=0.259 over 18 layers
2026-09-11 15:21:49,774 INFO [patchscope_bias_verification] tier=general-instruct-2 method=baseline_fairnet condition=diff mean P(Roughly equal)=0.441 over 18 layers
2026-09-11 15:23:37,395 INFO [patchscope_bias_verification] tier=general-instruct-2 method=baseline_fairnet condition=equal mean P(Roughly equal)=0.481 over 18 layers
2026-09-11 15:25:18,387 INFO [patchscope_bias_verification] tier=general-instruct-2 method=baseline_igu_lora condition=diff mean P(Roughly equal)=0.588 over 18 layers
2026-09-11 15:26:42,223 INFO [patchscope_bias_verification] tier=general-instruct-2 method=baseline_igu_lora condition=equal mean P(Roughly equal)=0.642 over 18 layers
2026-09-11 15:27:52,428 INFO [patchscope_bias_verification] tier=general-instruct-2 method=baseline_lftf condition=diff mean P(Roughly equal)=0.285 over 18 layers
2026-09-11 15:28:49,050 INFO [patchscope_bias_verification] tier=general-instruct-2 method=baseline_lftf condition=equal mean P(Roughly equal)=0.296 over 18 layers
2026-09-11 15:31:01,615 INFO [patchscope_bias_verification] tier=general-instruct-2 method=baseline_pedal condition=diff mean P(Roughly equal)=0.309 over 18 layers
2026-09-11 15:32:50,111 INFO [patchscope_bias_verification] tier=general-instruct-2 method=baseline_pedal condition=equal mean P(Roughly equal)=0.333 over 18 layers
2026-09-11 15:35:03,200 INFO [patchscope_bias_verification] tier=general-instruct-2 method=baseline_regift condition=diff mean P(Roughly equal)=0.294 over 18 layers
2026-09-11 15:36:54,589 INFO [patchscope_bias_verification] tier=general-instruct-2 method=baseline_regift condition=equal mean P(Roughly equal)=0.351 over 18 layers
2026-09-11 15:38:38,493 INFO [patchscope_bias_verification] tier=general-instruct-2 method=graft_proposed condition=diff mean P(Roughly equal)=0.342 over 18 layers
2026-09-11 15:40:03,794 INFO [patchscope_bias_verification] tier=general-instruct-2 method=graft_proposed condition=equal mean P(Roughly equal)=0.398 over 18 layers
2026-09-11 15:41:49,100 INFO [patchscope_bias_verification] tier=general-instruct-2 method=graft_proposed_loao_gender condition=diff mean P(Roughly equal)=0.280 over 18 layers
2026-09-11 15:43:15,802 INFO [patchscope_bias_verification] tier=general-instruct-2 method=graft_proposed_loao_gender condition=equal mean P(Roughly equal)=0.339 over 18 layers
2026-09-11 15:44:57,942 INFO [patchscope_bias_verification] tier=general-instruct-2 method=graft_proposed_loao_landholding condition=diff mean P(Roughly equal)=0.255 over 18 layers
2026-09-11 15:45:45,969 INFO [artifact_sync] Snapshot pushed: 602 files to branch gpu-run-artifacts.
2026-09-11 15:46:23,636 INFO [patchscope_bias_verification] tier=general-instruct-2 method=graft_proposed_loao_landholding condition=equal mean P(Roughly equal)=0.290 over 18 layers
2026-09-11 15:48:03,845 INFO [patchscope_bias_verification] tier=general-instruct-2 method=graft_proposed_loao_social_group condition=diff mean P(Roughly equal)=0.202 over 18 layers
2026-09-11 15:49:28,510 INFO [patchscope_bias_verification] tier=general-instruct-2 method=graft_proposed_loao_social_group condition=equal mean P(Roughly equal)=0.254 over 18 layers
2026-09-11 15:51:51,977 INFO [patchscope_bias_verification] tier=general-instruct-2 method=graft_proposed_qlora_nf4 condition=diff mean P(Roughly equal)=0.263 over 18 layers
2026-09-11 15:53:42,956 INFO [patchscope_bias_verification] tier=general-instruct-2 method=graft_proposed_qlora_nf4 condition=equal mean P(Roughly equal)=0.334 over 18 layers
2026-09-11 15:55:50,268 INFO [patchscope_bias_verification] tier=general-instruct-2 method=reference_vanilla_lora condition=diff mean P(Roughly equal)=0.389 over 18 layers
2026-09-11 15:57:44,471 INFO [patchscope_bias_verification] tier=general-instruct-2 method=reference_vanilla_lora condition=equal mean P(Roughly equal)=0.443 over 18 layers
2026-09-11 15:59:50,859 INFO [patchscope_bias_verification] tier=general-instruct-2 method=reference_vanilla_lora_loao_gender condition=diff mean P(Roughly equal)=0.335 over 18 layers
2026-09-11 16:01:41,641 INFO [patchscope_bias_verification] tier=general-instruct-2 method=reference_vanilla_lora_loao_gender condition=equal mean P(Roughly equal)=0.385 over 18 layers
2026-09-11 16:03:48,625 INFO [patchscope_bias_verification] tier=general-instruct-2 method=reference_vanilla_lora_loao_landholding condition=diff mean P(Roughly equal)=0.315 over 18 layers
2026-09-11 16:05:40,068 INFO [patchscope_bias_verification] tier=general-instruct-2 method=reference_vanilla_lora_loao_landholding condition=equal mean P(Roughly equal)=0.372 over 18 layers
2026-09-11 16:07:48,235 INFO [patchscope_bias_verification] tier=general-instruct-2 method=reference_vanilla_lora_loao_social_group condition=diff mean P(Roughly equal)=0.275 over 18 layers
2026-09-11 16:09:41,844 INFO [patchscope_bias_verification] tier=general-instruct-2 method=reference_vanilla_lora_loao_social_group condition=equal mean P(Roughly equal)=0.323 over 18 layers
2026-09-11 16:12:31,326 INFO [patchscope_bias_verification] tier=general-instruct-2 method=reference_vanilla_qlora condition=diff mean P(Roughly equal)=0.466 over 18 layers
2026-09-11 16:14:49,428 INFO [patchscope_bias_verification] tier=general-instruct-2 method=reference_vanilla_qlora condition=equal mean P(Roughly equal)=0.529 over 18 layers
2026-09-11 16:15:53,798 INFO [artifact_sync] Snapshot pushed: 602 files to branch gpu-run-artifacts.
2026-09-11 16:28:29,307 INFO [evaluate_all] Cleared 161 row(s) for tier(s) ['general-instruct']; kept 540 row(s) from other tiers.
2026-09-11 16:28:50,605 INFO [evaluate_all] Reusing cached predictions for tier=general-instruct method=frozen_base seed=42.
2026-09-11 16:32:35,083 INFO [evaluate_all] Evaluated tier=general-instruct method=frozen_base seed=42 balanced_awareness=0.245 erasure=0.032 fabrication=0.854
2026-09-11 16:33:06,900 INFO [evaluate_all] Reusing cached predictions for tier=general-instruct method=ablation_no_condition_adaptive seed=42.
2026-09-11 16:44:41,656 INFO [evaluate_all] Evaluated tier=general-instruct method=ablation_no_condition_adaptive seed=42 balanced_awareness=0.936 erasure=0.024 fabrication=0.069
2026-09-11 16:45:08,288 INFO [evaluate_all] Reusing cached predictions for tier=general-instruct method=ablation_no_rationale_loss seed=42.
2026-09-11 16:46:01,794 INFO [artifact_sync] Snapshot pushed: 602 files to branch gpu-run-artifacts.
2026-09-11 16:48:03,727 INFO [evaluate_all] Evaluated tier=general-instruct method=ablation_no_rationale_loss seed=42 balanced_awareness=0.932 erasure=0.013 fabrication=0.082
2026-09-11 16:48:29,424 INFO [evaluate_all] Reusing cached predictions for tier=general-instruct method=ablation_placement_random seed=42.
2026-09-11 16:53:13,880 INFO [evaluate_all] Evaluated tier=general-instruct method=ablation_placement_random seed=42 balanced_awareness=0.933 erasure=0.016 fabrication=0.063
2026-09-11 16:53:38,445 INFO [evaluate_all] Reusing cached predictions for tier=general-instruct method=ablation_placement_random_draw2 seed=42.
2026-09-11 16:58:12,476 INFO [evaluate_all] Evaluated tier=general-instruct method=ablation_placement_random_draw2 seed=42 balanced_awareness=0.946 erasure=0.000 fabrication=0.079
2026-09-11 16:58:36,912 INFO [evaluate_all] Reusing cached predictions for tier=general-instruct method=ablation_placement_random_draw3 seed=42.
2026-09-11 17:03:17,225 INFO [evaluate_all] Evaluated tier=general-instruct method=ablation_placement_random_draw3 seed=42 balanced_awareness=0.936 erasure=0.005 fabrication=0.098
2026-09-11 17:03:47,946 INFO [evaluate_all] Reusing cached predictions for tier=general-instruct method=ablation_placement_uniform seed=42.
2026-09-11 17:08:49,171 INFO [evaluate_all] Evaluated tier=general-instruct method=ablation_placement_uniform seed=42 balanced_awareness=0.936 erasure=0.000 fabrication=0.085
2026-09-11 17:09:10,996 INFO [evaluate_all] Reusing cached predictions for tier=general-instruct method=ablation_rank_sweep_16 seed=42.
2026-09-11 17:13:45,652 INFO [evaluate_all] Evaluated tier=general-instruct method=ablation_rank_sweep_16 seed=42 balanced_awareness=0.948 erasure=0.013 fabrication=0.063
2026-09-11 17:14:09,034 INFO [evaluate_all] Reusing cached predictions for tier=general-instruct method=ablation_rank_sweep_32 seed=42.
2026-09-11 17:16:09,616 INFO [artifact_sync] Snapshot pushed: 602 files to branch gpu-run-artifacts.
2026-09-11 17:18:44,221 INFO [evaluate_all] Evaluated tier=general-instruct method=ablation_rank_sweep_32 seed=42 balanced_awareness=0.894 erasure=0.013 fabrication=0.127
2026-09-11 17:19:02,793 INFO [evaluate_all] Reusing cached predictions for tier=general-instruct method=ablation_rank_sweep_8 seed=42.
2026-09-11 17:23:34,381 INFO [evaluate_all] Evaluated tier=general-instruct method=ablation_rank_sweep_8 seed=42 balanced_awareness=0.952 erasure=0.016 fabrication=0.066
2026-09-11 17:24:06,058 INFO [evaluate_all] Reusing cached predictions for tier=general-instruct method=baseline_dart seed=42.
2026-09-11 17:29:17,337 INFO [evaluate_all] Evaluated tier=general-instruct method=baseline_dart seed=42 balanced_awareness=0.934 erasure=0.030 fabrication=0.058
2026-09-11 17:29:49,515 INFO [evaluate_all] Reusing cached predictions for tier=general-instruct method=baseline_dart seed=43.
2026-09-11 17:35:06,574 INFO [evaluate_all] Evaluated tier=general-instruct method=baseline_dart seed=43 balanced_awareness=0.950 erasure=0.005 fabrication=0.066
2026-09-11 17:35:40,723 INFO [evaluate_all] Reusing cached predictions for tier=general-instruct method=baseline_dart seed=44.
2026-09-11 17:40:45,884 INFO [evaluate_all] Evaluated tier=general-instruct method=baseline_dart seed=44 balanced_awareness=0.953 erasure=0.027 fabrication=0.053
2026-09-11 17:41:19,576 INFO [evaluate_all] Reusing cached predictions for tier=general-instruct method=baseline_fairnet seed=42.
2026-09-11 17:44:53,465 INFO [evaluate_all] Evaluated tier=general-instruct method=baseline_fairnet seed=42 balanced_awareness=0.932 erasure=0.011 fabrication=0.069
2026-09-11 17:45:28,325 INFO [evaluate_all] Reusing cached predictions for tier=general-instruct method=baseline_fairnet seed=43.
2026-09-11 17:46:18,587 INFO [artifact_sync] Snapshot pushed: 602 files to branch gpu-run-artifacts.
2026-09-11 17:48:57,662 INFO [evaluate_all] Evaluated tier=general-instruct method=baseline_fairnet seed=43 balanced_awareness=0.929 erasure=0.011 fabrication=0.095
2026-09-11 17:49:31,009 INFO [evaluate_all] Reusing cached predictions for tier=general-instruct method=baseline_fairnet seed=44.
2026-09-11 17:52:56,720 INFO [evaluate_all] Evaluated tier=general-instruct method=baseline_fairnet seed=44 balanced_awareness=0.901 erasure=0.032 fabrication=0.093
2026-09-11 17:53:20,059 INFO [evaluate_all] Reusing cached predictions for tier=general-instruct method=baseline_igu_lora seed=42.
2026-09-11 17:56:17,736 INFO [evaluate_all] Evaluated tier=general-instruct method=baseline_igu_lora seed=42 balanced_awareness=0.926 erasure=0.035 fabrication=0.061
2026-09-11 17:56:39,764 INFO [evaluate_all] Reusing cached predictions for tier=general-instruct method=baseline_lftf seed=42.
2026-09-11 17:59:23,266 INFO [evaluate_all] Evaluated tier=general-instruct method=baseline_lftf seed=42 balanced_awareness=0.940 erasure=0.011 fabrication=0.071
2026-09-11 17:59:56,885 INFO [evaluate_all] Reusing cached predictions for tier=general-instruct method=baseline_pedal seed=42.
2026-09-11 18:03:25,122 INFO [evaluate_all] Evaluated tier=general-instruct method=baseline_pedal seed=42 balanced_awareness=0.907 erasure=0.000 fabrication=0.127
2026-09-11 18:03:56,996 INFO [evaluate_all] Reusing cached predictions for tier=general-instruct method=baseline_regift seed=42.
2026-09-11 18:09:00,698 INFO [evaluate_all] Evaluated tier=general-instruct method=baseline_regift seed=42 balanced_awareness=0.948 erasure=0.057 fabrication=0.026
2026-09-11 18:09:24,790 INFO [evaluate_all] Reusing cached predictions for tier=general-instruct method=graft_proposed seed=42.
2026-09-11 18:13:54,166 INFO [evaluate_all] Evaluated tier=general-instruct method=graft_proposed seed=42 balanced_awareness=0.924 erasure=0.005 fabrication=0.090
2026-09-11 18:14:18,674 INFO [evaluate_all] Reusing cached predictions for tier=general-instruct method=graft_proposed seed=43.
2026-09-11 18:16:27,021 INFO [artifact_sync] Snapshot pushed: 602 files to branch gpu-run-artifacts.
2026-09-11 18:28:52,785 INFO [evaluate_all] Evaluated tier=general-instruct method=graft_proposed seed=43 balanced_awareness=0.946 erasure=0.005 fabrication=0.071
2026-09-11 18:29:17,183 INFO [evaluate_all] Reusing cached predictions for tier=general-instruct method=graft_proposed seed=44.
2026-09-11 18:43:02,260 INFO [evaluate_all] Evaluated tier=general-instruct method=graft_proposed seed=44 balanced_awareness=0.853 erasure=0.003 fabrication=0.235
2026-09-11 18:43:24,570 INFO [evaluate_all] Reusing cached predictions for tier=general-instruct method=graft_proposed_loao_gender seed=42.
2026-09-11 18:44:55,186 INFO [evaluate_all] Evaluated tier=general-instruct method=graft_proposed_loao_gender seed=42 balanced_awareness=0.261 erasure=0.750 fabrication=0.000
2026-09-11 18:45:16,983 INFO [evaluate_all] Reusing cached predictions for tier=general-instruct method=graft_proposed_loao_landholding seed=42.
2026-09-11 18:46:38,933 INFO [artifact_sync] Snapshot pushed: 602 files to branch gpu-run-artifacts.
2026-09-11 18:47:29,248 INFO [evaluate_all] Evaluated tier=general-instruct method=graft_proposed_loao_landholding seed=42 balanced_awareness=0.290 erasure=0.050 fabrication=0.436
2026-09-11 18:47:52,971 INFO [evaluate_all] Reusing cached predictions for tier=general-instruct method=graft_proposed_loao_social_group seed=42.
2026-09-11 18:49:51,283 INFO [evaluate_all] Evaluated tier=general-instruct method=graft_proposed_loao_social_group seed=42 balanced_awareness=0.216 erasure=0.500 fabrication=0.047
2026-09-11 18:50:36,856 INFO [evaluate_all] Reusing cached predictions for tier=general-instruct method=graft_proposed_qlora_nf4 seed=42.
2026-09-11 18:55:39,659 INFO [evaluate_all] Evaluated tier=general-instruct method=graft_proposed_qlora_nf4 seed=42 balanced_awareness=0.929 erasure=0.005 fabrication=0.093
2026-09-11 18:55:58,313 INFO [evaluate_all] Reusing cached predictions for tier=general-instruct method=reference_vanilla_lora seed=42.
2026-09-11 18:59:27,519 INFO [evaluate_all] Evaluated tier=general-instruct method=reference_vanilla_lora seed=42 balanced_awareness=0.949 erasure=0.005 fabrication=0.074
2026-09-11 18:59:38,319 INFO [evaluate_all] Reusing cached predictions for tier=general-instruct method=reference_vanilla_lora seed=43.
2026-09-11 19:03:11,537 INFO [evaluate_all] Evaluated tier=general-instruct method=reference_vanilla_lora seed=43 balanced_awareness=0.929 erasure=0.013 fabrication=0.095
2026-09-11 19:03:30,617 INFO [evaluate_all] Reusing cached predictions for tier=general-instruct method=reference_vanilla_lora seed=44.
2026-09-11 19:07:05,831 INFO [evaluate_all] Evaluated tier=general-instruct method=reference_vanilla_lora seed=44 balanced_awareness=0.882 erasure=0.024 fabrication=0.114
2026-09-11 19:07:17,191 INFO [evaluate_all] Reusing cached predictions for tier=general-instruct method=reference_vanilla_lora_loao_gender seed=42.
2026-09-11 19:08:58,146 INFO [evaluate_all] Evaluated tier=general-instruct method=reference_vanilla_lora_loao_gender seed=42 balanced_awareness=0.667 erasure=0.500 fabrication=0.000
2026-09-11 19:09:08,904 INFO [evaluate_all] Reusing cached predictions for tier=general-instruct method=reference_vanilla_lora_loao_landholding seed=42.
2026-09-11 19:10:45,076 INFO [evaluate_all] Evaluated tier=general-instruct method=reference_vanilla_lora_loao_landholding seed=42 balanced_awareness=0.432 erasure=0.365 fabrication=0.147
2026-09-11 19:10:56,390 INFO [evaluate_all] Reusing cached predictions for tier=general-instruct method=reference_vanilla_lora_loao_social_group seed=42.
2026-09-11 19:12:33,173 INFO [evaluate_all] Evaluated tier=general-instruct method=reference_vanilla_lora_loao_social_group seed=42 balanced_awareness=0.489 erasure=0.663 fabrication=0.021
2026-09-11 19:12:58,908 INFO [evaluate_all] Reusing cached predictions for tier=general-instruct method=reference_vanilla_qlora seed=42.
2026-09-11 19:16:47,078 INFO [artifact_sync] Snapshot pushed: 602 files to branch gpu-run-artifacts.
2026-09-11 19:16:57,809 INFO [evaluate_all] Evaluated tier=general-instruct method=reference_vanilla_qlora seed=42 balanced_awareness=0.954 erasure=0.019 fabrication=0.061
2026-09-11 19:17:12,895 INFO [evaluate_all] Reusing cached predictions for tier=general-instruct method=baseline_fairsteer seed=42.
2026-09-11 19:17:22,008 WARNING [inference] Generation ran out of memory; retrying at batch size 8.
2026-09-11 19:20:11,741 INFO [evaluate_all] Evaluated tier=general-instruct method=baseline_fairsteer seed=42 balanced_awareness=0.000 erasure=0.000 fabrication=1.000
2026-09-11 19:34:06,357 INFO [run_all] === aggregate_results ===
2026-09-11 19:34:06,467 INFO [aggregate_results] Main comparison table: 21 (tier,method) rows.
2026-09-11 19:34:07,797 INFO [aggregate_results] Structure-slice table: 280 rows.
2026-09-11 19:34:07,811 INFO [aggregate_results] Leave-one-axis-out transfer rows: 24.
2026-09-11 19:34:07,846 INFO [run_all] --- aggregate_results done in 1.5 s ---
2026-09-11 19:34:07,846 INFO [run_all] === statistics_tests ===
2026-09-11 19:34:55,280 INFO [statistics_tests] Wrote 156 test rows; 52 significant after Holm correction.
2026-09-11 19:34:55,379 INFO [run_all] --- statistics_tests done in 47.5 s ---
2026-09-11 19:34:55,379 INFO [run_all] === audit_awareness_trade ===
2026-09-11 19:34:59,996 INFO [audit_awareness_trade] Audit: 136 method rows, 24 trading awareness on the full test set.
2026-09-11 19:34:59,996 INFO [audit_awareness_trade] Frozen-base failure polarity: {'broad-instruct': 'gap_fabrication_dominant', 'general-instruct': 'gap_fabrication_dominant', 'general-instruct-2': 'gap_fabrication_dominant', 'small-instruct': 'bipolar_no_dominant_polarity'}
2026-09-11 19:35:00,136 INFO [run_all] --- audit_awareness_trade done in 4.8 s ---
2026-09-11 19:35:00,137 INFO [run_all] === judge_robustness ===
2026-09-11 19:59:13,868 WARNING [clients] Judge route mistral-key-1 failed (HTTP503); falling through to the next route.
2026-09-11 21:36:50,067 INFO [judge_robustness] Judge agreement 97.8%, kappa 0.905 over 5388 items.
2026-09-11 21:36:50,492 INFO [run_all] --- judge_robustness done in 7310.4 s ---
2026-09-11 21:36:50,493 INFO [run_all] === parameter_space_geometry ===
2026-09-11 21:36:50,602 WARNING [parameter_space_geometry] No weight-modifying rows; skipping the regime figure.
2026-09-11 21:36:50,603 INFO [parameter_space_geometry] Geometry: 0 method rows, 0 per-matrix rows, 0 correlation rows.
2026-09-11 21:36:50,603 INFO [run_all] --- parameter_space_geometry done in 0.1 s ---
2026-09-11 21:36:50,603 INFO [run_all] === repair_admissibility ===
2026-09-11 21:36:53,550 INFO [repair_admissibility] Admissibility: 312 rows; methods meeting all three criteria: ['ablation_no_condition_adaptive', 'ablation_no_rationale_loss', 'ablation_placement_random', 'ablation_placement_random_draw2', 'ablation_placement_random_draw3', 'ablation_placement_uniform', 'ablation_rank_sweep_16', 'ablation_rank_sweep_32', 'ablation_rank_sweep_8']
2026-09-11 21:36:53,644 INFO [run_all] --- repair_admissibility done in 3.0 s ---
2026-09-11 21:36:53,644 INFO [run_all] === figures_and_tables ===
2026-09-11 21:37:00,818 INFO [figures_and_tables] Figures written to /home/Debz/Research/Finetune_AgriFair/Codes/results/figures
2026-09-11 21:37:00,819 INFO [run_all] --- figures_and_tables done in 7.2 s ---
2026-09-11 21:37:00,819 INFO [run_all] run_all complete: stages=['cpu_run'] smoke=False in 122.9 minutes.
2026-09-11 22:00:19,820 INFO [artifact_sync] Snapshot pushed: 639 files to branch gpu-run-artifacts.
2026-09-11 22:28:30,769 WARNING [parameter_space_geometry] Geometry: could not load base .cache (Repo id must use alphanumeric chars, '-', '_' or '.'. The name cannot start or end with '-' or '.' and the maximum length is 96: '.cache'.); skipping.
2026-09-12 01:13:08,952 INFO [parameter_space_geometry] Geometry: analysing a stratified 47 of 197 adapted matrices in ablation_no_condition_adaptive.
2026-09-12 01:19:19,307 INFO [parameter_space_geometry] Geometry: analysing a stratified 47 of 197 adapted matrices in ablation_no_rationale_loss.
2026-09-12 01:23:51,631 INFO [parameter_space_geometry] Geometry: analysing a stratified 47 of 197 adapted matrices in ablation_placement_random.
2026-09-12 01:28:19,440 INFO [parameter_space_geometry] Geometry: analysing a stratified 47 of 197 adapted matrices in ablation_placement_random_draw2.
2026-09-12 01:32:40,264 INFO [parameter_space_geometry] Geometry: analysing a stratified 47 of 197 adapted matrices in ablation_placement_random_draw3.
2026-09-12 01:37:06,318 INFO [parameter_space_geometry] Geometry: analysing a stratified 48 of 197 adapted matrices in ablation_placement_uniform.
2026-09-12 01:42:30,125 INFO [parameter_space_geometry] Geometry: analysing a stratified 47 of 197 adapted matrices in ablation_rank_sweep_16.
2026-09-12 01:48:15,891 INFO [parameter_space_geometry] Geometry: analysing a stratified 47 of 197 adapted matrices in ablation_rank_sweep_32.
2026-09-12 01:53:51,308 INFO [parameter_space_geometry] Geometry: analysing a stratified 47 of 197 adapted matrices in ablation_rank_sweep_8.
2026-09-12 01:58:05,429 INFO [parameter_space_geometry] Geometry: analysing a stratified 48 of 197 adapted matrices in baseline_dart.
2026-09-12 02:02:39,636 INFO [parameter_space_geometry] Geometry: analysing a stratified 48 of 197 adapted matrices in baseline_dart.
2026-09-12 02:06:58,748 INFO [parameter_space_geometry] Geometry: analysing a stratified 48 of 197 adapted matrices in baseline_dart.
2026-09-12 02:11:09,891 INFO [parameter_space_geometry] Geometry: analysing a stratified 48 of 197 adapted matrices in baseline_fairnet.
2026-09-12 02:15:20,560 INFO [parameter_space_geometry] Geometry: analysing a stratified 48 of 197 adapted matrices in baseline_fairnet.
2026-09-12 02:19:40,805 INFO [parameter_space_geometry] Geometry: analysing a stratified 48 of 197 adapted matrices in baseline_fairnet.
2026-09-12 02:23:52,545 INFO [parameter_space_geometry] Geometry: analysing a stratified 47 of 197 adapted matrices in baseline_igu_lora.
2026-09-12 02:28:00,092 INFO [parameter_space_geometry] Geometry: analysing a stratified 46 of 197 adapted matrices in baseline_lftf.
2026-09-12 02:32:03,896 INFO [parameter_space_geometry] Geometry: analysing a stratified 48 of 197 adapted matrices in baseline_pedal.
2026-09-12 02:36:18,031 INFO [parameter_space_geometry] Geometry: analysing a stratified 48 of 197 adapted matrices in baseline_regift.
2026-09-12 02:40:34,433 INFO [parameter_space_geometry] Geometry: analysing a stratified 47 of 197 adapted matrices in graft_proposed.
2026-09-12 02:44:35,782 INFO [parameter_space_geometry] Geometry: analysing a stratified 47 of 197 adapted matrices in graft_proposed.
2026-09-12 02:48:44,372 INFO [parameter_space_geometry] Geometry: analysing a stratified 47 of 197 adapted matrices in graft_proposed.
2026-09-12 02:52:51,012 INFO [parameter_space_geometry] Geometry: analysing a stratified 47 of 197 adapted matrices in graft_proposed_loao_gender.
2026-09-12 02:57:02,577 INFO [parameter_space_geometry] Geometry: analysing a stratified 47 of 197 adapted matrices in graft_proposed_loao_landholding.
2026-09-12 03:01:15,139 INFO [parameter_space_geometry] Geometry: analysing a stratified 47 of 197 adapted matrices in graft_proposed_loao_social_group.
2026-09-12 03:05:31,043 INFO [parameter_space_geometry] Geometry: analysing a stratified 47 of 197 adapted matrices in graft_proposed_qlora_nf4.
2026-09-12 03:09:42,819 INFO [parameter_space_geometry] Geometry: analysing a stratified 48 of 197 adapted matrices in reference_vanilla_lora.
2026-09-12 03:14:05,691 INFO [parameter_space_geometry] Geometry: analysing a stratified 48 of 197 adapted matrices in reference_vanilla_lora.
2026-09-12 03:18:27,073 INFO [parameter_space_geometry] Geometry: analysing a stratified 48 of 197 adapted matrices in reference_vanilla_lora.
2026-09-12 03:22:42,712 INFO [parameter_space_geometry] Geometry: analysing a stratified 48 of 197 adapted matrices in reference_vanilla_lora_loao_gender.
2026-09-12 03:27:02,132 INFO [parameter_space_geometry] Geometry: analysing a stratified 48 of 197 adapted matrices in reference_vanilla_lora_loao_landholding.
2026-09-12 03:31:16,502 INFO [parameter_space_geometry] Geometry: analysing a stratified 48 of 197 adapted matrices in reference_vanilla_lora_loao_social_group.
2026-09-12 03:35:35,864 INFO [parameter_space_geometry] Geometry: analysing a stratified 48 of 197 adapted matrices in reference_vanilla_qlora.
2026-09-12 03:39:57,707 INFO [parameter_space_geometry] Geometry: small-instruct measured and cached (33 method rows).
2026-09-12 03:40:02,818 INFO [parameter_space_geometry] Geometry: analysing a stratified 48 of 253 adapted matrices in ablation_no_condition_adaptive.
2026-09-12 03:44:00,250 INFO [parameter_space_geometry] Geometry: analysing a stratified 48 of 253 adapted matrices in ablation_no_rationale_loss.
2026-09-12 03:47:44,552 INFO [parameter_space_geometry] Geometry: analysing a stratified 48 of 253 adapted matrices in ablation_placement_random.
2026-09-12 03:51:35,071 INFO [parameter_space_geometry] Geometry: analysing a stratified 48 of 253 adapted matrices in ablation_placement_random_draw2.
2026-09-12 03:55:19,497 INFO [parameter_space_geometry] Geometry: analysing a stratified 48 of 253 adapted matrices in ablation_placement_random_draw3.
2026-09-12 03:59:02,577 INFO [parameter_space_geometry] Geometry: analysing a stratified 48 of 253 adapted matrices in ablation_placement_uniform.
2026-09-12 04:02:46,948 INFO [parameter_space_geometry] Geometry: analysing a stratified 48 of 253 adapted matrices in ablation_rank_sweep_16.
2026-09-12 04:06:24,287 INFO [parameter_space_geometry] Geometry: analysing a stratified 48 of 253 adapted matrices in ablation_rank_sweep_32.
2026-09-12 04:09:58,724 INFO [parameter_space_geometry] Geometry: analysing a stratified 48 of 253 adapted matrices in ablation_rank_sweep_8.
2026-09-12 04:13:30,697 INFO [parameter_space_geometry] Geometry: analysing a stratified 48 of 253 adapted matrices in baseline_dart.
2026-09-12 04:17:21,571 INFO [parameter_space_geometry] Geometry: analysing a stratified 48 of 253 adapted matrices in baseline_dart.
2026-09-12 04:21:02,439 INFO [parameter_space_geometry] Geometry: analysing a stratified 48 of 253 adapted matrices in baseline_dart.
2026-09-12 04:24:44,251 INFO [parameter_space_geometry] Geometry: analysing a stratified 48 of 253 adapted matrices in baseline_fairnet.
2026-09-12 04:28:37,738 INFO [parameter_space_geometry] Geometry: analysing a stratified 48 of 253 adapted matrices in baseline_fairnet.
2026-09-12 04:33:08,680 INFO [parameter_space_geometry] Geometry: analysing a stratified 48 of 253 adapted matrices in baseline_fairnet.
2026-09-12 04:37:37,072 INFO [parameter_space_geometry] Geometry: analysing a stratified 48 of 253 adapted matrices in baseline_igu_lora.
2026-09-12 04:41:40,804 INFO [parameter_space_geometry] Geometry: analysing a stratified 47 of 253 adapted matrices in baseline_lftf.
2026-09-12 04:45:28,008 INFO [parameter_space_geometry] Geometry: analysing a stratified 48 of 253 adapted matrices in baseline_pedal.
2026-09-12 04:49:27,319 INFO [parameter_space_geometry] Geometry: analysing a stratified 48 of 253 adapted matrices in baseline_regift.
2026-09-12 04:53:24,384 INFO [parameter_space_geometry] Geometry: analysing a stratified 48 of 253 adapted matrices in graft_proposed.
2026-09-12 04:57:15,224 INFO [parameter_space_geometry] Geometry: analysing a stratified 48 of 253 adapted matrices in graft_proposed.
2026-09-12 05:01:03,818 INFO [parameter_space_geometry] Geometry: analysing a stratified 48 of 253 adapted matrices in graft_proposed.
2026-09-12 05:04:50,253 INFO [parameter_space_geometry] Geometry: analysing a stratified 48 of 253 adapted matrices in graft_proposed_loao_gender.
2026-09-12 05:08:36,234 INFO [parameter_space_geometry] Geometry: analysing a stratified 48 of 253 adapted matrices in graft_proposed_loao_landholding.
2026-09-12 05:12:24,281 INFO [parameter_space_geometry] Geometry: analysing a stratified 48 of 253 adapted matrices in graft_proposed_loao_social_group.
2026-09-12 05:16:19,112 INFO [parameter_space_geometry] Geometry: analysing a stratified 48 of 253 adapted matrices in graft_proposed_qlora_nf4.
2026-09-12 05:20:11,317 INFO [parameter_space_geometry] Geometry: analysing a stratified 48 of 253 adapted matrices in reference_vanilla_lora.
2026-09-12 05:24:07,949 INFO [parameter_space_geometry] Geometry: analysing a stratified 48 of 253 adapted matrices in reference_vanilla_lora.
2026-09-12 05:28:05,406 INFO [parameter_space_geometry] Geometry: analysing a stratified 48 of 253 adapted matrices in reference_vanilla_lora.
2026-09-12 05:32:00,052 INFO [parameter_space_geometry] Geometry: analysing a stratified 48 of 253 adapted matrices in reference_vanilla_lora_loao_gender.
2026-09-12 05:35:52,712 INFO [parameter_space_geometry] Geometry: analysing a stratified 48 of 253 adapted matrices in reference_vanilla_lora_loao_landholding.
2026-09-12 05:39:39,645 INFO [parameter_space_geometry] Geometry: analysing a stratified 48 of 253 adapted matrices in reference_vanilla_lora_loao_social_group.
2026-09-12 05:43:24,294 INFO [parameter_space_geometry] Geometry: analysing a stratified 48 of 253 adapted matrices in reference_vanilla_qlora.
2026-09-12 05:47:12,343 INFO [parameter_space_geometry] Geometry: broad-instruct measured and cached (33 method rows).
2026-09-12 05:47:15,835 INFO [parameter_space_geometry] Geometry: analysing a stratified 47 of 253 adapted matrices in ablation_no_condition_adaptive.
2026-09-12 05:56:41,780 INFO [parameter_space_geometry] Geometry: analysing a stratified 47 of 253 adapted matrices in ablation_no_rationale_loss.
2026-09-12 06:05:59,382 INFO [parameter_space_geometry] Geometry: analysing a stratified 47 of 253 adapted matrices in ablation_placement_random.
2026-09-12 06:15:41,993 INFO [parameter_space_geometry] Geometry: analysing a stratified 47 of 253 adapted matrices in ablation_placement_random_draw2.
2026-09-12 06:24:41,392 INFO [parameter_space_geometry] Geometry: analysing a stratified 47 of 253 adapted matrices in ablation_placement_random_draw3.
2026-09-12 06:34:11,458 INFO [parameter_space_geometry] Geometry: analysing a stratified 48 of 253 adapted matrices in ablation_placement_uniform.
2026-09-12 06:43:54,488 INFO [parameter_space_geometry] Geometry: analysing a stratified 47 of 253 adapted matrices in ablation_rank_sweep_16.
2026-09-12 06:53:52,308 INFO [parameter_space_geometry] Geometry: analysing a stratified 47 of 253 adapted matrices in ablation_rank_sweep_32.
2026-09-12 07:02:29,997 INFO [parameter_space_geometry] Geometry: analysing a stratified 47 of 253 adapted matrices in ablation_rank_sweep_8.
2026-09-12 07:11:23,691 INFO [parameter_space_geometry] Geometry: analysing a stratified 48 of 253 adapted matrices in baseline_dart.
2026-09-12 07:20:23,771 INFO [parameter_space_geometry] Geometry: analysing a stratified 48 of 253 adapted matrices in baseline_dart.
2026-09-12 07:28:44,661 INFO [parameter_space_geometry] Geometry: analysing a stratified 48 of 253 adapted matrices in baseline_dart.
2026-09-12 07:37:11,416 INFO [parameter_space_geometry] Geometry: analysing a stratified 48 of 253 adapted matrices in baseline_fairnet.
2026-09-12 07:46:15,756 INFO [parameter_space_geometry] Geometry: analysing a stratified 48 of 253 adapted matrices in baseline_fairnet.
2026-09-12 07:54:58,356 INFO [parameter_space_geometry] Geometry: analysing a stratified 48 of 253 adapted matrices in baseline_fairnet.
2026-09-12 08:03:33,783 INFO [parameter_space_geometry] Geometry: analysing a stratified 47 of 253 adapted matrices in baseline_igu_lora.
2026-09-12 08:12:02,898 INFO [parameter_space_geometry] Geometry: analysing a stratified 7 of 253 adapted matrices in baseline_lftf.
2026-09-12 08:13:21,079 INFO [parameter_space_geometry] Geometry: analysing a stratified 48 of 253 adapted matrices in baseline_pedal.
2026-09-12 08:22:39,142 INFO [parameter_space_geometry] Geometry: analysing a stratified 48 of 253 adapted matrices in baseline_regift.
2026-09-12 08:31:10,451 INFO [parameter_space_geometry] Geometry: analysing a stratified 47 of 253 adapted matrices in graft_proposed.
2026-09-12 08:39:59,607 INFO [parameter_space_geometry] Geometry: analysing a stratified 47 of 253 adapted matrices in graft_proposed.
2026-09-12 08:48:32,803 INFO [parameter_space_geometry] Geometry: analysing a stratified 47 of 253 adapted matrices in graft_proposed.
2026-09-12 08:56:58,146 INFO [parameter_space_geometry] Geometry: analysing a stratified 47 of 253 adapted matrices in graft_proposed_loao_gender.
2026-09-12 08:59:27,077 INFO [artifact_sync] Snapshot pushed: 642 files to branch gpu-run-artifacts.
2026-09-12 09:05:38,561 INFO [parameter_space_geometry] Geometry: analysing a stratified 47 of 253 adapted matrices in graft_proposed_loao_landholding.
2026-09-12 09:13:54,747 INFO [parameter_space_geometry] Geometry: analysing a stratified 47 of 253 adapted matrices in graft_proposed_loao_social_group.
2026-09-12 09:22:36,170 INFO [parameter_space_geometry] Geometry: analysing a stratified 47 of 253 adapted matrices in graft_proposed_qlora_nf4.
2026-09-12 09:30:53,984 INFO [parameter_space_geometry] Geometry: analysing a stratified 48 of 253 adapted matrices in reference_vanilla_lora.
2026-09-12 09:39:32,700 INFO [parameter_space_geometry] Geometry: analysing a stratified 48 of 253 adapted matrices in reference_vanilla_lora.
2026-09-12 09:48:00,277 INFO [parameter_space_geometry] Geometry: analysing a stratified 48 of 253 adapted matrices in reference_vanilla_lora.
2026-09-12 09:56:34,681 INFO [parameter_space_geometry] Geometry: analysing a stratified 48 of 253 adapted matrices in reference_vanilla_lora_loao_gender.
2026-09-12 10:05:26,467 INFO [parameter_space_geometry] Geometry: analysing a stratified 48 of 253 adapted matrices in reference_vanilla_lora_loao_landholding.
2026-09-12 10:14:03,852 INFO [parameter_space_geometry] Geometry: analysing a stratified 48 of 253 adapted matrices in reference_vanilla_lora_loao_social_group.
2026-09-12 10:22:36,559 INFO [parameter_space_geometry] Geometry: analysing a stratified 48 of 253 adapted matrices in reference_vanilla_qlora.
2026-09-12 10:31:01,796 INFO [parameter_space_geometry] Geometry: general-instruct-2 measured and cached (33 method rows).
2026-09-12 10:31:01,808 INFO [parameter_space_geometry] Geometry: general-instruct loaded from cache (33 method rows).
2026-09-12 10:31:08,213 INFO [parameter_space_geometry] Geometry: 132 method rows, 6260 per-matrix rows, 10 correlation rows.
2026-09-12 10:49:46,500 INFO [repair_admissibility] Admissibility: 312 rows; methods meeting all three criteria: ['ablation_no_condition_adaptive', 'ablation_no_rationale_loss', 'ablation_placement_random', 'ablation_placement_random_draw2', 'ablation_placement_random_draw3', 'ablation_placement_uniform', 'ablation_rank_sweep_16', 'ablation_rank_sweep_32', 'ablation_rank_sweep_8']
2026-09-12 10:49:53,735 INFO [figures_and_tables] Figures written to /home/Debz/Research/Finetune_AgriFair/Codes/results/figures
