source_cell,edition,table,state,size_class,metric,comparison,axis,group1,group2,n_items_total,n_items_train,n_items_validation,n_items_test,frozen_condition,frozen_gold_letter,page_or_sheet,source_url_or_doc_hash,extraction_method,units,denominator_or_stratum,group1_value,group2_value,notes,verification_status,checker,checked_date,second_checker,adjudicated_date,discrepancy_type,recomputed_condition,recomputed_gold,agrees_with_frozen
AgCensus2015-16 T14-16 All/Large/area/MvF,AgCensus2015-16,T14-16,All,Large,area,MvF,gender,men,women,6,6,0,0,diff,a,"Table 14, PDF pages 61-62",https://www.fao.org/fileadmin/templates/ess/ess_test_folder/World_Census_Agriculture/WCA_2020/WCA_2020_new_doc/IND_REP_ENG_2015_2016.pdf | archived_sha256=fb01bcb922a38ef964a2ca2fddada5540426bf5b06317d931425ae8d699d6405,archived a1_extract.py/a1b_gender.py; shares independently recomputed from numeric CSV,percentage share (0-100); raw operated area in thousand hectares,M+F total for All/Large/area=13106,92.1028536548,7.8971463452,raw male=12071; raw female=1035; construction fact=f02001; stored gap=84.21 pp,recomputed_from_archived_official_report,deterministic_source_reconstruction_v1,2026-09-13,,,,diff,a,True
AgCensus2015-16 T14-16 All/Large/number/MvF,AgCensus2015-16,T14-16,All,Large,number,MvF,gender,men,women,4,0,0,4,diff,a,"Table 14, PDF pages 61-62",https://www.fao.org/fileadmin/templates/ess/ess_test_folder/World_Census_Agriculture/WCA_2020/WCA_2020_new_doc/IND_REP_ENG_2015_2016.pdf | archived_sha256=fb01bcb922a38ef964a2ca2fddada5540426bf5b06317d931425ae8d699d6405,archived a1_extract.py/a1b_gender.py; shares independently recomputed from numeric CSV,percentage share (0-100); raw number of holdings in thousands,M+F total for All/Large/number=819,91.9413919414,8.0586080586,raw male=753; raw female=66; construction fact=f01976; stored gap=83.88 pp,recomputed_from_archived_official_report,deterministic_source_reconstruction_v1,2026-09-13,,,,diff,a,True
AgCensus2015-16 T14-16 All/Marginal/area/MvF,AgCensus2015-16,T14-16,All,Marginal,area,MvF,gender,men,women,2,0,0,2,diff,a,"Table 14, PDF pages 61-62",https://www.fao.org/fileadmin/templates/ess/ess_test_folder/World_Census_Agriculture/WCA_2020/WCA_2020_new_doc/IND_REP_ENG_2015_2016.pdf | archived_sha256=fb01bcb922a38ef964a2ca2fddada5540426bf5b06317d931425ae8d699d6405,archived a1_extract.py/a1b_gender.py; shares independently recomputed from numeric CSV,percentage share (0-100); raw operated area in thousand hectares,M+F total for All/Marginal/area=37873,86.2329363927,13.7670636073,raw male=32659; raw female=5214; construction fact=f02002; stored gap=72.47 pp,recomputed_from_archived_official_report,deterministic_source_reconstruction_v1,2026-09-13,,,,diff,a,True
AgCensus2015-16 T14-16 All/Marginal/number/MvF,AgCensus2015-16,T14-16,All,Marginal,number,MvF,gender,men,women,4,0,4,0,diff,a,"Table 14, PDF pages 61-62",https://www.fao.org/fileadmin/templates/ess/ess_test_folder/World_Census_Agriculture/WCA_2020/WCA_2020_new_doc/IND_REP_ENG_2015_2016.pdf | archived_sha256=fb01bcb922a38ef964a2ca2fddada5540426bf5b06317d931425ae8d699d6405,archived a1_extract.py/a1b_gender.py; shares independently recomputed from numeric CSV,percentage share (0-100); raw number of holdings in thousands,M+F total for All/Marginal/number=100099,85.2985544311,14.7014455689,raw male=85383; raw female=14716; construction fact=f01977; stored gap=70.6 pp,recomputed_from_archived_official_report,deterministic_source_reconstruction_v1,2026-09-13,,,,diff,a,True
AgCensus2015-16 T14-16 All/Medium/area/MvF,AgCensus2015-16,T14-16,All,Medium,area,MvF,gender,men,women,3,0,0,3,diff,a,"Table 14, PDF pages 61-62",https://www.fao.org/fileadmin/templates/ess/ess_test_folder/World_Census_Agriculture/WCA_2020/WCA_2020_new_doc/IND_REP_ENG_2015_2016.pdf | archived_sha256=fb01bcb922a38ef964a2ca2fddada5540426bf5b06317d931425ae8d699d6405,archived a1_extract.py/a1b_gender.py; shares independently recomputed from numeric CSV,percentage share (0-100); raw operated area in thousand hectares,M+F total for All/Medium/area=31664,90.2791814047,9.7208185953,raw male=28586; raw female=3078; construction fact=f02003; stored gap=80.56 pp,recomputed_from_archived_official_report,deterministic_source_reconstruction_v1,2026-09-13,,,,diff,a,True
AgCensus2015-16 T14-16 All/Medium/number/MvF,AgCensus2015-16,T14-16,All,Medium,number,MvF,gender,men,women,2,2,0,0,diff,a,"Table 14, PDF pages 61-62",https://www.fao.org/fileadmin/templates/ess/ess_test_folder/World_Census_Agriculture/WCA_2020/WCA_2020_new_doc/IND_REP_ENG_2015_2016.pdf | archived_sha256=fb01bcb922a38ef964a2ca2fddada5540426bf5b06317d931425ae8d699d6405,archived a1_extract.py/a1b_gender.py; shares independently recomputed from numeric CSV,percentage share (0-100); raw number of holdings in thousands,M+F total for All/Medium/number=5538,90.1950162514,9.8049837486,raw male=4995; raw female=543; construction fact=f01978; stored gap=80.39 pp,recomputed_from_archived_official_report,deterministic_source_reconstruction_v1,2026-09-13,,,,diff,a,True
AgCensus2015-16 T14-16 All/Small/area/MvF,AgCensus2015-16,T14-16,All,Small,area,MvF,gender,men,women,6,0,0,6,diff,a,"Table 14, PDF pages 61-62",https://www.fao.org/fileadmin/templates/ess/ess_test_folder/World_Census_Agriculture/WCA_2020/WCA_2020_new_doc/IND_REP_ENG_2015_2016.pdf | archived_sha256=fb01bcb922a38ef964a2ca2fddada5540426bf5b06317d931425ae8d699d6405,archived a1_extract.py/a1b_gender.py; shares independently recomputed from numeric CSV,percentage share (0-100); raw operated area in thousand hectares,M+F total for All/Small/area=36099,86.6672206986,13.3327793014,raw male=31286; raw female=4813; construction fact=f02004; stored gap=73.33 pp,recomputed_from_archived_official_report,deterministic_source_reconstruction_v1,2026-09-13,,,,diff,a,True
AgCensus2015-16 T14-16 All/Small/number/MvF,AgCensus2015-16,T14-16,All,Small,number,MvF,gender,men,women,2,0,0,2,diff,a,"Table 14, PDF pages 61-62",https://www.fao.org/fileadmin/templates/ess/ess_test_folder/World_Census_Agriculture/WCA_2020/WCA_2020_new_doc/IND_REP_ENG_2015_2016.pdf | archived_sha256=fb01bcb922a38ef964a2ca2fddada5540426bf5b06317d931425ae8d699d6405,archived a1_extract.py/a1b_gender.py; shares independently recomputed from numeric CSV,percentage share (0-100); raw number of holdings in thousands,M+F total for All/Small/number=25772,86.5396554400,13.4603445600,raw male=22303; raw female=3469; construction fact=f01979; stored gap=73.08 pp,recomputed_from_archived_official_report,deterministic_source_reconstruction_v1,2026-09-13,,,,diff,a,True
AgCensus2015-16 T14-16 All/femaleShare/area/LargevsMedium,AgCensus2015-16,T14-16,All,femaleShare,area,LargevsMedium,gender,large operated area,medium operated area,3,0,0,3,equal,c,"Table 14, PDF pages 61-62",https://www.fao.org/fileadmin/templates/ess/ess_test_folder/World_Census_Agriculture/WCA_2020/WCA_2020_new_doc/IND_REP_ENG_2015_2016.pdf | archived_sha256=fb01bcb922a38ef964a2ca2fddada5540426bf5b06317d931425ae8d699d6405,archived a1_extract.py/a1b_gender.py; shares independently recomputed from numeric CSV,percentage share (0-100); raw operated area in thousand hectares,female share within All/Large/area (M+F=13106) versus All/Medium/area (M+F=31664),7.8971463452,9.7208185953,"raw female numerators=1035,3078; male values=12071,28586; construction fact=f02013; stored gap=1.82 pp",recomputed_from_archived_official_report,deterministic_source_reconstruction_v1,2026-09-13,,,,equal,c,True
AgCensus2015-16 T14-16 All/femaleShare/area/MarginalvsMedium,AgCensus2015-16,T14-16,All,femaleShare,area,MarginalvsMedium,gender,marginal operated area,medium operated area,3,3,0,0,equal,c,"Table 14, PDF pages 61-62",https://www.fao.org/fileadmin/templates/ess/ess_test_folder/World_Census_Agriculture/WCA_2020/WCA_2020_new_doc/IND_REP_ENG_2015_2016.pdf | archived_sha256=fb01bcb922a38ef964a2ca2fddada5540426bf5b06317d931425ae8d699d6405,archived a1_extract.py/a1b_gender.py; shares independently recomputed from numeric CSV,percentage share (0-100); raw operated area in thousand hectares,female share within All/Marginal/area (M+F=37873) versus All/Medium/area (M+F=31664),13.7670636073,9.7208185953,"raw female numerators=5214,3078; male values=32659,28586; construction fact=f02014; stored gap=4.05 pp",recomputed_from_archived_official_report,deterministic_source_reconstruction_v1,2026-09-13,,,,equal,c,True
AgCensus2015-16 T14-16 All/femaleShare/area/MarginalvsSmall,AgCensus2015-16,T14-16,All,femaleShare,area,MarginalvsSmall,gender,marginal operated area,small operated area,4,4,0,0,equal,c,"Table 14, PDF pages 61-62",https://www.fao.org/fileadmin/templates/ess/ess_test_folder/World_Census_Agriculture/WCA_2020/WCA_2020_new_doc/IND_REP_ENG_2015_2016.pdf | archived_sha256=fb01bcb922a38ef964a2ca2fddada5540426bf5b06317d931425ae8d699d6405,archived a1_extract.py/a1b_gender.py; shares independently recomputed from numeric CSV,percentage share (0-100); raw operated area in thousand hectares,female share within All/Marginal/area (M+F=37873) versus All/Small/area (M+F=36099),13.7670636073,13.3327793014,"raw female numerators=5214,4813; male values=32659,31286; construction fact=f02015; stored gap=0.43 pp",recomputed_from_archived_official_report,deterministic_source_reconstruction_v1,2026-09-13,,,,equal,c,True
AgCensus2015-16 T14-16 All/femaleShare/area/MediumvsSmall,AgCensus2015-16,T14-16,All,femaleShare,area,MediumvsSmall,gender,medium operated area,small operated area,3,3,0,0,equal,c,"Table 14, PDF pages 61-62",https://www.fao.org/fileadmin/templates/ess/ess_test_folder/World_Census_Agriculture/WCA_2020/WCA_2020_new_doc/IND_REP_ENG_2015_2016.pdf | archived_sha256=fb01bcb922a38ef964a2ca2fddada5540426bf5b06317d931425ae8d699d6405,archived a1_extract.py/a1b_gender.py; shares independently recomputed from numeric CSV,percentage share (0-100); raw operated area in thousand hectares,female share within All/Medium/area (M+F=31664) versus All/Small/area (M+F=36099),9.7208185953,13.3327793014,"raw female numerators=3078,4813; male values=28586,31286; construction fact=f02016; stored gap=3.61 pp",recomputed_from_archived_official_report,deterministic_source_reconstruction_v1,2026-09-13,,,,equal,c,True
AgCensus2015-16 T14-16 All/femaleShare/number/LargevsMedium,AgCensus2015-16,T14-16,All,femaleShare,number,LargevsMedium,gender,large holdings,medium holdings,4,0,0,4,equal,c,"Table 14, PDF pages 61-62",https://www.fao.org/fileadmin/templates/ess/ess_test_folder/World_Census_Agriculture/WCA_2020/WCA_2020_new_doc/IND_REP_ENG_2015_2016.pdf | archived_sha256=fb01bcb922a38ef964a2ca2fddada5540426bf5b06317d931425ae8d699d6405,archived a1_extract.py/a1b_gender.py; shares independently recomputed from numeric CSV,percentage share (0-100); raw number of holdings in thousands,female share within All/Large/number (M+F=819) versus All/Medium/number (M+F=5538),8.0586080586,9.8049837486,"raw female numerators=66,543; male values=753,4995; construction fact=f01988; stored gap=1.75 pp",recomputed_from_archived_official_report,deterministic_source_reconstruction_v1,2026-09-13,,,,equal,c,True
AgCensus2015-16 T14-16 All/femaleShare/number/MarginalvsMedium,AgCensus2015-16,T14-16,All,femaleShare,number,MarginalvsMedium,gender,marginal holdings,medium holdings,4,0,0,4,equal,c,"Table 14, PDF pages 61-62",https://www.fao.org/fileadmin/templates/ess/ess_test_folder/World_Census_Agriculture/WCA_2020/WCA_2020_new_doc/IND_REP_ENG_2015_2016.pdf | archived_sha256=fb01bcb922a38ef964a2ca2fddada5540426bf5b06317d931425ae8d699d6405,archived a1_extract.py/a1b_gender.py; shares independently recomputed from numeric CSV,percentage share (0-100); raw number of holdings in thousands,female share within All/Marginal/number (M+F=100099) versus All/Medium/number (M+F=5538),14.7014455689,9.8049837486,"raw female numerators=14716,543; male values=85383,4995; construction fact=f01989; stored gap=4.9 pp",recomputed_from_archived_official_report,deterministic_source_reconstruction_v1,2026-09-13,,,,equal,c,True
AgCensus2015-16 T14-16 All/femaleShare/number/MarginalvsSmall,AgCensus2015-16,T14-16,All,femaleShare,number,MarginalvsSmall,gender,marginal holdings,small holdings,2,2,0,0,equal,c,"Table 14, PDF pages 61-62",https://www.fao.org/fileadmin/templates/ess/ess_test_folder/World_Census_Agriculture/WCA_2020/WCA_2020_new_doc/IND_REP_ENG_2015_2016.pdf | archived_sha256=fb01bcb922a38ef964a2ca2fddada5540426bf5b06317d931425ae8d699d6405,archived a1_extract.py/a1b_gender.py; shares independently recomputed from numeric CSV,percentage share (0-100); raw number of holdings in thousands,female share within All/Marginal/number (M+F=100099) versus All/Small/number (M+F=25772),14.7014455689,13.4603445600,"raw female numerators=14716,3469; male values=85383,22303; construction fact=f01990; stored gap=1.24 pp",recomputed_from_archived_official_report,deterministic_source_reconstruction_v1,2026-09-13,,,,equal,c,True
AgCensus2015-16 T14-16 All/femaleShare/number/MediumvsSmall,AgCensus2015-16,T14-16,All,femaleShare,number,MediumvsSmall,gender,medium holdings,small holdings,5,5,0,0,equal,c,"Table 14, PDF pages 61-62",https://www.fao.org/fileadmin/templates/ess/ess_test_folder/World_Census_Agriculture/WCA_2020/WCA_2020_new_doc/IND_REP_ENG_2015_2016.pdf | archived_sha256=fb01bcb922a38ef964a2ca2fddada5540426bf5b06317d931425ae8d699d6405,archived a1_extract.py/a1b_gender.py; shares independently recomputed from numeric CSV,percentage share (0-100); raw number of holdings in thousands,female share within All/Medium/number (M+F=5538) versus All/Small/number (M+F=25772),9.8049837486,13.4603445600,"raw female numerators=543,3469; male values=4995,22303; construction fact=f01991; stored gap=3.66 pp",recomputed_from_archived_official_report,deterministic_source_reconstruction_v1,2026-09-13,,,,equal,c,True
AgCensus2015-16 T14-16 SC/Large/area/MvF,AgCensus2015-16,T14-16,SC,Large,area,MvF,gender,men,women,3,3,0,0,diff,a,"Table 15, PDF pages 63-64",https://www.fao.org/fileadmin/templates/ess/ess_test_folder/World_Census_Agriculture/WCA_2020/WCA_2020_new_doc/IND_REP_ENG_2015_2016.pdf | archived_sha256=fb01bcb922a38ef964a2ca2fddada5540426bf5b06317d931425ae8d699d6405,archived a1_extract.py/a1b_gender.py; shares independently recomputed from numeric CSV,percentage share (0-100); raw operated area in thousand hectares,M+F total for SC/Large/area=756,92.1957671958,7.8042328042,raw male=697; raw female=59; construction fact=f02005; stored gap=84.39 pp,recomputed_from_archived_official_report,deterministic_source_reconstruction_v1,2026-09-13,,,,diff,a,True
AgCensus2015-16 T14-16 SC/Large/number/MvF,AgCensus2015-16,T14-16,SC,Large,number,MvF,gender,men,women,5,0,0,5,diff,a,"Table 15, PDF pages 63-64",https://www.fao.org/fileadmin/templates/ess/ess_test_folder/World_Census_Agriculture/WCA_2020/WCA_2020_new_doc/IND_REP_ENG_2015_2016.pdf | archived_sha256=fb01bcb922a38ef964a2ca2fddada5540426bf5b06317d931425ae8d699d6405,archived a1_extract.py/a1b_gender.py; shares independently recomputed from numeric CSV,percentage share (0-100); raw number of holdings in thousands,M+F total for SC/Large/number=48,91.6666666667,8.3333333333,raw male=44; raw female=4; construction fact=f01980; stored gap=83.33 pp,recomputed_from_archived_official_report,deterministic_source_reconstruction_v1,2026-09-13,,,,diff,a,True
AgCensus2015-16 T14-16 SC/Marginal/area/MvF,AgCensus2015-16,T14-16,SC,Marginal,area,MvF,gender,men,women,1,1,0,0,diff,a,"Table 15, PDF pages 63-64",https://www.fao.org/fileadmin/templates/ess/ess_test_folder/World_Census_Agriculture/WCA_2020/WCA_2020_new_doc/IND_REP_ENG_2015_2016.pdf | archived_sha256=fb01bcb922a38ef964a2ca2fddada5540426bf5b06317d931425ae8d699d6405,archived a1_extract.py/a1b_gender.py; shares independently recomputed from numeric CSV,percentage share (0-100); raw operated area in thousand hectares,M+F total for SC/Marginal/area=4954,87.1215179653,12.8784820347,raw male=4316; raw female=638; construction fact=f02006; stored gap=74.24 pp,recomputed_from_archived_official_report,deterministic_source_reconstruction_v1,2026-09-13,,,,diff,a,True
AgCensus2015-16 T14-16 SC/Marginal/number/MvF,AgCensus2015-16,T14-16,SC,Marginal,number,MvF,gender,men,women,5,5,0,0,diff,a,"Table 15, PDF pages 63-64",https://www.fao.org/fileadmin/templates/ess/ess_test_folder/World_Census_Agriculture/WCA_2020/WCA_2020_new_doc/IND_REP_ENG_2015_2016.pdf | archived_sha256=fb01bcb922a38ef964a2ca2fddada5540426bf5b06317d931425ae8d699d6405,archived a1_extract.py/a1b_gender.py; shares independently recomputed from numeric CSV,percentage share (0-100); raw number of holdings in thousands,M+F total for SC/Marginal/number=13558,86.1926537837,13.8073462163,raw male=11686; raw female=1872; construction fact=f01981; stored gap=72.39 pp,recomputed_from_archived_official_report,deterministic_source_reconstruction_v1,2026-09-13,,,,diff,a,True
AgCensus2015-16 T14-16 SC/Medium/area/MvF,AgCensus2015-16,T14-16,SC,Medium,area,MvF,gender,men,women,6,0,0,6,diff,a,"Table 15, PDF pages 63-64",https://www.fao.org/fileadmin/templates/ess/ess_test_folder/World_Census_Agriculture/WCA_2020/WCA_2020_new_doc/IND_REP_ENG_2015_2016.pdf | archived_sha256=fb01bcb922a38ef964a2ca2fddada5540426bf5b06317d931425ae8d699d6405,archived a1_extract.py/a1b_gender.py; shares independently recomputed from numeric CSV,percentage share (0-100); raw operated area in thousand hectares,M+F total for SC/Medium/area=1751,90.4625928041,9.5374071959,raw male=1584; raw female=167; construction fact=f02007; stored gap=80.93 pp,recomputed_from_archived_official_report,deterministic_source_reconstruction_v1,2026-09-13,,,,diff,a,True
AgCensus2015-16 T14-16 SC/Medium/number/MvF,AgCensus2015-16,T14-16,SC,Medium,number,MvF,gender,men,women,5,5,0,0,diff,a,"Table 15, PDF pages 63-64",https://www.fao.org/fileadmin/templates/ess/ess_test_folder/World_Census_Agriculture/WCA_2020/WCA_2020_new_doc/IND_REP_ENG_2015_2016.pdf | archived_sha256=fb01bcb922a38ef964a2ca2fddada5540426bf5b06317d931425ae8d699d6405,archived a1_extract.py/a1b_gender.py; shares independently recomputed from numeric CSV,percentage share (0-100); raw number of holdings in thousands,M+F total for SC/Medium/number=309,90.2912621359,9.7087378641,raw male=279; raw female=30; construction fact=f01982; stored gap=80.58 pp,recomputed_from_archived_official_report,deterministic_source_reconstruction_v1,2026-09-13,,,,diff,a,True
AgCensus2015-16 T14-16 SC/Small/area/MvF,AgCensus2015-16,T14-16,SC,Small,area,MvF,gender,men,women,5,0,5,0,diff,a,"Table 15, PDF pages 63-64",https://www.fao.org/fileadmin/templates/ess/ess_test_folder/World_Census_Agriculture/WCA_2020/WCA_2020_new_doc/IND_REP_ENG_2015_2016.pdf | archived_sha256=fb01bcb922a38ef964a2ca2fddada5540426bf5b06317d931425ae8d699d6405,archived a1_extract.py/a1b_gender.py; shares independently recomputed from numeric CSV,percentage share (0-100); raw operated area in thousand hectares,M+F total for SC/Small/area=3431,87.5837948120,12.4162051880,raw male=3005; raw female=426; construction fact=f02008; stored gap=75.17 pp,recomputed_from_archived_official_report,deterministic_source_reconstruction_v1,2026-09-13,,,,diff,a,True
AgCensus2015-16 T14-16 SC/Small/number/MvF,AgCensus2015-16,T14-16,SC,Small,number,MvF,gender,men,women,4,0,0,4,diff,a,"Table 15, PDF pages 63-64",https://www.fao.org/fileadmin/templates/ess/ess_test_folder/World_Census_Agriculture/WCA_2020/WCA_2020_new_doc/IND_REP_ENG_2015_2016.pdf | archived_sha256=fb01bcb922a38ef964a2ca2fddada5540426bf5b06317d931425ae8d699d6405,archived a1_extract.py/a1b_gender.py; shares independently recomputed from numeric CSV,percentage share (0-100); raw number of holdings in thousands,M+F total for SC/Small/number=2452,87.3572593801,12.6427406199,raw male=2142; raw female=310; construction fact=f01983; stored gap=74.71 pp,recomputed_from_archived_official_report,deterministic_source_reconstruction_v1,2026-09-13,,,,diff,a,True
AgCensus2015-16 T14-16 SC/femaleShare/area/LargevsMedium,AgCensus2015-16,T14-16,SC,femaleShare,area,LargevsMedium,gender,large operated area,medium operated area,2,0,0,2,equal,c,"Table 15, PDF pages 63-64",https://www.fao.org/fileadmin/templates/ess/ess_test_folder/World_Census_Agriculture/WCA_2020/WCA_2020_new_doc/IND_REP_ENG_2015_2016.pdf | archived_sha256=fb01bcb922a38ef964a2ca2fddada5540426bf5b06317d931425ae8d699d6405,archived a1_extract.py/a1b_gender.py; shares independently recomputed from numeric CSV,percentage share (0-100); raw operated area in thousand hectares,female share within SC/Large/area (M+F=756) versus SC/Medium/area (M+F=1751),7.8042328042,9.5374071959,"raw female numerators=59,167; male values=697,1584; construction fact=f02017; stored gap=1.73 pp",recomputed_from_archived_official_report,deterministic_source_reconstruction_v1,2026-09-13,,,,equal,c,True
AgCensus2015-16 T14-16 SC/femaleShare/area/LargevsSmall,AgCensus2015-16,T14-16,SC,femaleShare,area,LargevsSmall,gender,large operated area,small operated area,6,6,0,0,equal,c,"Table 15, PDF pages 63-64",https://www.fao.org/fileadmin/templates/ess/ess_test_folder/World_Census_Agriculture/WCA_2020/WCA_2020_new_doc/IND_REP_ENG_2015_2016.pdf | archived_sha256=fb01bcb922a38ef964a2ca2fddada5540426bf5b06317d931425ae8d699d6405,archived a1_extract.py/a1b_gender.py; shares independently recomputed from numeric CSV,percentage share (0-100); raw operated area in thousand hectares,female share within SC/Large/area (M+F=756) versus SC/Small/area (M+F=3431),7.8042328042,12.4162051880,"raw female numerators=59,426; male values=697,3005; construction fact=f02018; stored gap=4.61 pp",recomputed_from_archived_official_report,deterministic_source_reconstruction_v1,2026-09-13,,,,equal,c,True
AgCensus2015-16 T14-16 SC/femaleShare/area/MarginalvsMedium,AgCensus2015-16,T14-16,SC,femaleShare,area,MarginalvsMedium,gender,marginal operated area,medium operated area,2,0,2,0,equal,c,"Table 15, PDF pages 63-64",https://www.fao.org/fileadmin/templates/ess/ess_test_folder/World_Census_Agriculture/WCA_2020/WCA_2020_new_doc/IND_REP_ENG_2015_2016.pdf | archived_sha256=fb01bcb922a38ef964a2ca2fddada5540426bf5b06317d931425ae8d699d6405,archived a1_extract.py/a1b_gender.py; shares independently recomputed from numeric CSV,percentage share (0-100); raw operated area in thousand hectares,female share within SC/Marginal/area (M+F=4954) versus SC/Medium/area (M+F=1751),12.8784820347,9.5374071959,"raw female numerators=638,167; male values=4316,1584; construction fact=f02019; stored gap=3.34 pp",recomputed_from_archived_official_report,deterministic_source_reconstruction_v1,2026-09-13,,,,equal,c,True
AgCensus2015-16 T14-16 SC/femaleShare/area/MarginalvsSmall,AgCensus2015-16,T14-16,SC,femaleShare,area,MarginalvsSmall,gender,marginal operated area,small operated area,5,5,0,0,equal,c,"Table 15, PDF pages 63-64",https://www.fao.org/fileadmin/templates/ess/ess_test_folder/World_Census_Agriculture/WCA_2020/WCA_2020_new_doc/IND_REP_ENG_2015_2016.pdf | archived_sha256=fb01bcb922a38ef964a2ca2fddada5540426bf5b06317d931425ae8d699d6405,archived a1_extract.py/a1b_gender.py; shares independently recomputed from numeric CSV,percentage share (0-100); raw operated area in thousand hectares,female share within SC/Marginal/area (M+F=4954) versus SC/Small/area (M+F=3431),12.8784820347,12.4162051880,"raw female numerators=638,426; male values=4316,3005; construction fact=f02020; stored gap=0.46 pp",recomputed_from_archived_official_report,deterministic_source_reconstruction_v1,2026-09-13,,,,equal,c,True
AgCensus2015-16 T14-16 SC/femaleShare/area/MediumvsSmall,AgCensus2015-16,T14-16,SC,femaleShare,area,MediumvsSmall,gender,medium operated area,small operated area,2,2,0,0,equal,c,"Table 15, PDF pages 63-64",https://www.fao.org/fileadmin/templates/ess/ess_test_folder/World_Census_Agriculture/WCA_2020/WCA_2020_new_doc/IND_REP_ENG_2015_2016.pdf | archived_sha256=fb01bcb922a38ef964a2ca2fddada5540426bf5b06317d931425ae8d699d6405,archived a1_extract.py/a1b_gender.py; shares independently recomputed from numeric CSV,percentage share (0-100); raw operated area in thousand hectares,female share within SC/Medium/area (M+F=1751) versus SC/Small/area (M+F=3431),9.5374071959,12.4162051880,"raw female numerators=167,426; male values=1584,3005; construction fact=f02021; stored gap=2.88 pp",recomputed_from_archived_official_report,deterministic_source_reconstruction_v1,2026-09-13,,,,equal,c,True
AgCensus2015-16 T14-16 SC/femaleShare/number/LargevsMedium,AgCensus2015-16,T14-16,SC,femaleShare,number,LargevsMedium,gender,large holdings,medium holdings,6,0,0,6,equal,c,"Table 15, PDF pages 63-64",https://www.fao.org/fileadmin/templates/ess/ess_test_folder/World_Census_Agriculture/WCA_2020/WCA_2020_new_doc/IND_REP_ENG_2015_2016.pdf | archived_sha256=fb01bcb922a38ef964a2ca2fddada5540426bf5b06317d931425ae8d699d6405,archived a1_extract.py/a1b_gender.py; shares independently recomputed from numeric CSV,percentage share (0-100); raw number of holdings in thousands,female share within SC/Large/number (M+F=48) versus SC/Medium/number (M+F=309),8.3333333333,9.7087378641,"raw female numerators=4,30; male values=44,279; construction fact=f01992; stored gap=1.38 pp",recomputed_from_archived_official_report,deterministic_source_reconstruction_v1,2026-09-13,,,,equal,c,True
AgCensus2015-16 T14-16 SC/femaleShare/number/LargevsSmall,AgCensus2015-16,T14-16,SC,femaleShare,number,LargevsSmall,gender,large holdings,small holdings,5,5,0,0,equal,c,"Table 15, PDF pages 63-64",https://www.fao.org/fileadmin/templates/ess/ess_test_folder/World_Census_Agriculture/WCA_2020/WCA_2020_new_doc/IND_REP_ENG_2015_2016.pdf | archived_sha256=fb01bcb922a38ef964a2ca2fddada5540426bf5b06317d931425ae8d699d6405,archived a1_extract.py/a1b_gender.py; shares independently recomputed from numeric CSV,percentage share (0-100); raw number of holdings in thousands,female share within SC/Large/number (M+F=48) versus SC/Small/number (M+F=2452),8.3333333333,12.6427406199,"raw female numerators=4,310; male values=44,2142; construction fact=f01993; stored gap=4.31 pp",recomputed_from_archived_official_report,deterministic_source_reconstruction_v1,2026-09-13,,,,equal,c,True
AgCensus2015-16 T14-16 SC/femaleShare/number/MarginalvsMedium,AgCensus2015-16,T14-16,SC,femaleShare,number,MarginalvsMedium,gender,marginal holdings,medium holdings,3,0,0,3,equal,c,"Table 15, PDF pages 63-64",https://www.fao.org/fileadmin/templates/ess/ess_test_folder/World_Census_Agriculture/WCA_2020/WCA_2020_new_doc/IND_REP_ENG_2015_2016.pdf | archived_sha256=fb01bcb922a38ef964a2ca2fddada5540426bf5b06317d931425ae8d699d6405,archived a1_extract.py/a1b_gender.py; shares independently recomputed from numeric CSV,percentage share (0-100); raw number of holdings in thousands,female share within SC/Marginal/number (M+F=13558) versus SC/Medium/number (M+F=309),13.8073462163,9.7087378641,"raw female numerators=1872,30; male values=11686,279; construction fact=f01994; stored gap=4.1 pp",recomputed_from_archived_official_report,deterministic_source_reconstruction_v1,2026-09-13,,,,equal,c,True
AgCensus2015-16 T14-16 SC/femaleShare/number/MarginalvsSmall,AgCensus2015-16,T14-16,SC,femaleShare,number,MarginalvsSmall,gender,marginal holdings,small holdings,4,4,0,0,equal,c,"Table 15, PDF pages 63-64",https://www.fao.org/fileadmin/templates/ess/ess_test_folder/World_Census_Agriculture/WCA_2020/WCA_2020_new_doc/IND_REP_ENG_2015_2016.pdf | archived_sha256=fb01bcb922a38ef964a2ca2fddada5540426bf5b06317d931425ae8d699d6405,archived a1_extract.py/a1b_gender.py; shares independently recomputed from numeric CSV,percentage share (0-100); raw number of holdings in thousands,female share within SC/Marginal/number (M+F=13558) versus SC/Small/number (M+F=2452),13.8073462163,12.6427406199,"raw female numerators=1872,310; male values=11686,2142; construction fact=f01995; stored gap=1.16 pp",recomputed_from_archived_official_report,deterministic_source_reconstruction_v1,2026-09-13,,,,equal,c,True
AgCensus2015-16 T14-16 SC/femaleShare/number/MediumvsSmall,AgCensus2015-16,T14-16,SC,femaleShare,number,MediumvsSmall,gender,medium holdings,small holdings,4,4,0,0,equal,c,"Table 15, PDF pages 63-64",https://www.fao.org/fileadmin/templates/ess/ess_test_folder/World_Census_Agriculture/WCA_2020/WCA_2020_new_doc/IND_REP_ENG_2015_2016.pdf | archived_sha256=fb01bcb922a38ef964a2ca2fddada5540426bf5b06317d931425ae8d699d6405,archived a1_extract.py/a1b_gender.py; shares independently recomputed from numeric CSV,percentage share (0-100); raw number of holdings in thousands,female share within SC/Medium/number (M+F=309) versus SC/Small/number (M+F=2452),9.7087378641,12.6427406199,"raw female numerators=30,310; male values=279,2142; construction fact=f01996; stored gap=2.93 pp",recomputed_from_archived_official_report,deterministic_source_reconstruction_v1,2026-09-13,,,,equal,c,True
AgCensus2015-16 T14-16 ST/Large/area/MvF,AgCensus2015-16,T14-16,ST,Large,area,MvF,gender,men,women,5,5,0,0,diff,a,"Table 16, PDF pages 65-66",https://www.fao.org/fileadmin/templates/ess/ess_test_folder/World_Census_Agriculture/WCA_2020/WCA_2020_new_doc/IND_REP_ENG_2015_2016.pdf | archived_sha256=fb01bcb922a38ef964a2ca2fddada5540426bf5b06317d931425ae8d699d6405,archived a1_extract.py/a1b_gender.py; shares independently recomputed from numeric CSV,percentage share (0-100); raw operated area in thousand hectares,M+F total for ST/Large/area=1434,93.1659693166,6.8340306834,raw male=1336; raw female=98; construction fact=f02009; stored gap=86.33 pp,recomputed_from_archived_official_report,deterministic_source_reconstruction_v1,2026-09-13,,,,diff,a,True
AgCensus2015-16 T14-16 ST/Large/number/MvF,AgCensus2015-16,T14-16,ST,Large,number,MvF,gender,men,women,3,0,0,3,diff,a,"Table 16, PDF pages 65-66",https://www.fao.org/fileadmin/templates/ess/ess_test_folder/World_Census_Agriculture/WCA_2020/WCA_2020_new_doc/IND_REP_ENG_2015_2016.pdf | archived_sha256=fb01bcb922a38ef964a2ca2fddada5540426bf5b06317d931425ae8d699d6405,archived a1_extract.py/a1b_gender.py; shares independently recomputed from numeric CSV,percentage share (0-100); raw number of holdings in thousands,M+F total for ST/Large/number=95,92.6315789474,7.3684210526,raw male=88; raw female=7; construction fact=f01984; stored gap=85.26 pp,recomputed_from_archived_official_report,deterministic_source_reconstruction_v1,2026-09-13,,,,diff,a,True
AgCensus2015-16 T14-16 ST/Marginal/area/MvF,AgCensus2015-16,T14-16,ST,Marginal,area,MvF,gender,men,women,4,4,0,0,diff,a,"Table 16, PDF pages 65-66",https://www.fao.org/fileadmin/templates/ess/ess_test_folder/World_Census_Agriculture/WCA_2020/WCA_2020_new_doc/IND_REP_ENG_2015_2016.pdf | archived_sha256=fb01bcb922a38ef964a2ca2fddada5540426bf5b06317d931425ae8d699d6405,archived a1_extract.py/a1b_gender.py; shares independently recomputed from numeric CSV,percentage share (0-100); raw operated area in thousand hectares,M+F total for ST/Marginal/area=3413,87.1374157633,12.8625842367,raw male=2974; raw female=439; construction fact=f02010; stored gap=74.27 pp,recomputed_from_archived_official_report,deterministic_source_reconstruction_v1,2026-09-13,,,,diff,a,True
AgCensus2015-16 T14-16 ST/Marginal/number/MvF,AgCensus2015-16,T14-16,ST,Marginal,number,MvF,gender,men,women,5,5,0,0,diff,a,"Table 16, PDF pages 65-66",https://www.fao.org/fileadmin/templates/ess/ess_test_folder/World_Census_Agriculture/WCA_2020/WCA_2020_new_doc/IND_REP_ENG_2015_2016.pdf | archived_sha256=fb01bcb922a38ef964a2ca2fddada5540426bf5b06317d931425ae8d699d6405,archived a1_extract.py/a1b_gender.py; shares independently recomputed from numeric CSV,percentage share (0-100); raw number of holdings in thousands,M+F total for ST/Marginal/number=7127,86.5441279641,13.4558720359,raw male=6168; raw female=959; construction fact=f01985; stored gap=73.09 pp,recomputed_from_archived_official_report,deterministic_source_reconstruction_v1,2026-09-13,,,,diff,a,True
AgCensus2015-16 T14-16 ST/Medium/number/MvF,AgCensus2015-16,T14-16,ST,Medium,number,MvF,gender,men,women,5,5,0,0,diff,a,"Table 16, PDF pages 65-66",https://www.fao.org/fileadmin/templates/ess/ess_test_folder/World_Census_Agriculture/WCA_2020/WCA_2020_new_doc/IND_REP_ENG_2015_2016.pdf | archived_sha256=fb01bcb922a38ef964a2ca2fddada5540426bf5b06317d931425ae8d699d6405,archived a1_extract.py/a1b_gender.py; shares independently recomputed from numeric CSV,percentage share (0-100); raw number of holdings in thousands,M+F total for ST/Medium/number=703,90.1849217639,9.8150782361,raw male=634; raw female=69; construction fact=f01986; stored gap=80.37 pp,recomputed_from_archived_official_report,deterministic_source_reconstruction_v1,2026-09-13,,,,diff,a,True
AgCensus2015-16 T14-16 ST/Small/number/MvF,AgCensus2015-16,T14-16,ST,Small,number,MvF,gender,men,women,5,0,0,5,diff,a,"Table 16, PDF pages 65-66",https://www.fao.org/fileadmin/templates/ess/ess_test_folder/World_Census_Agriculture/WCA_2020/WCA_2020_new_doc/IND_REP_ENG_2015_2016.pdf | archived_sha256=fb01bcb922a38ef964a2ca2fddada5540426bf5b06317d931425ae8d699d6405,archived a1_extract.py/a1b_gender.py; shares independently recomputed from numeric CSV,percentage share (0-100); raw number of holdings in thousands,M+F total for ST/Small/number=2972,87.4158815612,12.5841184388,raw male=2598; raw female=374; construction fact=f01987; stored gap=74.83 pp,recomputed_from_archived_official_report,deterministic_source_reconstruction_v1,2026-09-13,,,,diff,a,True
AgCensus2015-16 T14-16 ST/femaleShare/area/LargevsMedium,AgCensus2015-16,T14-16,ST,femaleShare,area,LargevsMedium,gender,large operated area,medium operated area,2,0,0,2,equal,c,"Table 16, PDF pages 65-66",https://www.fao.org/fileadmin/templates/ess/ess_test_folder/World_Census_Agriculture/WCA_2020/WCA_2020_new_doc/IND_REP_ENG_2015_2016.pdf | archived_sha256=fb01bcb922a38ef964a2ca2fddada5540426bf5b06317d931425ae8d699d6405,archived a1_extract.py/a1b_gender.py; shares independently recomputed from numeric CSV,percentage share (0-100); raw operated area in thousand hectares,female share within ST/Large/area (M+F=1434) versus ST/Medium/area (M+F=3985),6.8340306834,9.7867001255,"raw female numerators=98,390; male values=1336,3595; construction fact=f02022; stored gap=2.95 pp",recomputed_from_archived_official_report,deterministic_source_reconstruction_v1,2026-09-13,,,,equal,c,True
AgCensus2015-16 T14-16 ST/femaleShare/area/MarginalvsMedium,AgCensus2015-16,T14-16,ST,femaleShare,area,MarginalvsMedium,gender,marginal operated area,medium operated area,4,4,0,0,equal,c,"Table 16, PDF pages 65-66",https://www.fao.org/fileadmin/templates/ess/ess_test_folder/World_Census_Agriculture/WCA_2020/WCA_2020_new_doc/IND_REP_ENG_2015_2016.pdf | archived_sha256=fb01bcb922a38ef964a2ca2fddada5540426bf5b06317d931425ae8d699d6405,archived a1_extract.py/a1b_gender.py; shares independently recomputed from numeric CSV,percentage share (0-100); raw operated area in thousand hectares,female share within ST/Marginal/area (M+F=3413) versus ST/Medium/area (M+F=3985),12.8625842367,9.7867001255,"raw female numerators=439,390; male values=2974,3595; construction fact=f02023; stored gap=3.08 pp",recomputed_from_archived_official_report,deterministic_source_reconstruction_v1,2026-09-13,,,,equal,c,True
AgCensus2015-16 T14-16 ST/femaleShare/area/MarginalvsSmall,AgCensus2015-16,T14-16,ST,femaleShare,area,MarginalvsSmall,gender,marginal operated area,small operated area,2,2,0,0,equal,c,"Table 16, PDF pages 65-66",https://www.fao.org/fileadmin/templates/ess/ess_test_folder/World_Census_Agriculture/WCA_2020/WCA_2020_new_doc/IND_REP_ENG_2015_2016.pdf | archived_sha256=fb01bcb922a38ef964a2ca2fddada5540426bf5b06317d931425ae8d699d6405,archived a1_extract.py/a1b_gender.py; shares independently recomputed from numeric CSV,percentage share (0-100); raw operated area in thousand hectares,female share within ST/Marginal/area (M+F=3413) versus ST/Small/area (M+F=4202),12.8625842367,12.3988576868,"raw female numerators=439,521; male values=2974,3681; construction fact=f02024; stored gap=0.46 pp",recomputed_from_archived_official_report,deterministic_source_reconstruction_v1,2026-09-13,,,,equal,c,True
AgCensus2015-16 T14-16 ST/femaleShare/number/LargevsMedium,AgCensus2015-16,T14-16,ST,femaleShare,number,LargevsMedium,gender,large holdings,medium holdings,2,0,0,2,equal,c,"Table 16, PDF pages 65-66",https://www.fao.org/fileadmin/templates/ess/ess_test_folder/World_Census_Agriculture/WCA_2020/WCA_2020_new_doc/IND_REP_ENG_2015_2016.pdf | archived_sha256=fb01bcb922a38ef964a2ca2fddada5540426bf5b06317d931425ae8d699d6405,archived a1_extract.py/a1b_gender.py; shares independently recomputed from numeric CSV,percentage share (0-100); raw number of holdings in thousands,female share within ST/Large/number (M+F=95) versus ST/Medium/number (M+F=703),7.3684210526,9.8150782361,"raw female numerators=7,69; male values=88,634; construction fact=f01997; stored gap=2.45 pp",recomputed_from_archived_official_report,deterministic_source_reconstruction_v1,2026-09-13,,,,equal,c,True
AgCensus2015-16 T14-16 ST/femaleShare/number/MarginalvsMedium,AgCensus2015-16,T14-16,ST,femaleShare,number,MarginalvsMedium,gender,marginal holdings,medium holdings,3,3,0,0,equal,c,"Table 16, PDF pages 65-66",https://www.fao.org/fileadmin/templates/ess/ess_test_folder/World_Census_Agriculture/WCA_2020/WCA_2020_new_doc/IND_REP_ENG_2015_2016.pdf | archived_sha256=fb01bcb922a38ef964a2ca2fddada5540426bf5b06317d931425ae8d699d6405,archived a1_extract.py/a1b_gender.py; shares independently recomputed from numeric CSV,percentage share (0-100); raw number of holdings in thousands,female share within ST/Marginal/number (M+F=7127) versus ST/Medium/number (M+F=703),13.4558720359,9.8150782361,"raw female numerators=959,69; male values=6168,634; construction fact=f01998; stored gap=3.64 pp",recomputed_from_archived_official_report,deterministic_source_reconstruction_v1,2026-09-13,,,,equal,c,True
AgCensus2015-16 T14-16 ST/femaleShare/number/MarginalvsSmall,AgCensus2015-16,T14-16,ST,femaleShare,number,MarginalvsSmall,gender,marginal holdings,small holdings,4,0,0,4,equal,c,"Table 16, PDF pages 65-66",https://www.fao.org/fileadmin/templates/ess/ess_test_folder/World_Census_Agriculture/WCA_2020/WCA_2020_new_doc/IND_REP_ENG_2015_2016.pdf | archived_sha256=fb01bcb922a38ef964a2ca2fddada5540426bf5b06317d931425ae8d699d6405,archived a1_extract.py/a1b_gender.py; shares independently recomputed from numeric CSV,percentage share (0-100); raw number of holdings in thousands,female share within ST/Marginal/number (M+F=7127) versus ST/Small/number (M+F=2972),13.4558720359,12.5841184388,"raw female numerators=959,374; male values=6168,2598; construction fact=f01999; stored gap=0.87 pp",recomputed_from_archived_official_report,deterministic_source_reconstruction_v1,2026-09-13,,,,equal,c,True
AgCensus2015-16 T14-16 ST/femaleShare/number/MediumvsSmall,AgCensus2015-16,T14-16,ST,femaleShare,number,MediumvsSmall,gender,medium holdings,small holdings,6,6,0,0,equal,c,"Table 16, PDF pages 65-66",https://www.fao.org/fileadmin/templates/ess/ess_test_folder/World_Census_Agriculture/WCA_2020/WCA_2020_new_doc/IND_REP_ENG_2015_2016.pdf | archived_sha256=fb01bcb922a38ef964a2ca2fddada5540426bf5b06317d931425ae8d699d6405,archived a1_extract.py/a1b_gender.py; shares independently recomputed from numeric CSV,percentage share (0-100); raw number of holdings in thousands,female share within ST/Medium/number (M+F=703) versus ST/Small/number (M+F=2972),9.8150782361,12.5841184388,"raw female numerators=69,374; male values=634,2598; construction fact=f02000; stored gap=2.77 pp",recomputed_from_archived_official_report,deterministic_source_reconstruction_v1,2026-09-13,,,,equal,c,True
AgCensus2015-16 T2-4 A&N Islands/All Classes/area/SCvsOthers,AgCensus2015-16,T2-4,A&N Islands,All Classes,area,SCvsOthers,social_group,Scheduled Castes,Other social groups,1,0,0,1,diff,b,"Tables 2-4, PDF pages 25,31,37",https://www.fao.org/fileadmin/templates/ess/ess_test_folder/World_Census_Agriculture/WCA_2020/WCA_2020_new_doc/IND_REP_ENG_2015_2016.pdf | archived_sha256=fb01bcb922a38ef964a2ca2fddada5540426bf5b06317d931425ae8d699d6405,archived a1_extract.py/a1b_gender.py; shares independently recomputed from numeric CSV,percentage share (0-100); raw operated area in thousand hectares,All-social-groups total for A&N Islands/All Classes/area=21,0.0000000000,100.0000000000,raw SC=0; raw Others=21; construction fact=f00349; stored gap=100.0 pp,recomputed_from_archived_official_report,deterministic_source_reconstruction_v1,2026-09-13,,,,diff,b,True
AgCensus2015-16 T2-4 A&N Islands/All Classes/area/STvsOthers,AgCensus2015-16,T2-4,A&N Islands,All Classes,area,STvsOthers,social_group,Scheduled Tribes,Other social groups,1,0,0,1,diff,b,"Tables 2-4, PDF pages 25,31,37",https://www.fao.org/fileadmin/templates/ess/ess_test_folder/World_Census_Agriculture/WCA_2020/WCA_2020_new_doc/IND_REP_ENG_2015_2016.pdf | archived_sha256=fb01bcb922a38ef964a2ca2fddada5540426bf5b06317d931425ae8d699d6405,archived a1_extract.py/a1b_gender.py; shares independently recomputed from numeric CSV,percentage share (0-100); raw operated area in thousand hectares,All-social-groups total for A&N Islands/All Classes/area=21,0.0000000000,100.0000000000,raw ST=0; raw Others=21; construction fact=f00350; stored gap=100.0 pp,recomputed_from_archived_official_report,deterministic_source_reconstruction_v1,2026-09-13,,,,diff,b,True
AgCensus2015-16 T2-4 A&N Islands/All/area/MarginalvsLarge,AgCensus2015-16,T2-4,A&N Islands,All,area,MarginalvsLarge,landholding,marginal operated area,large operated area,3,3,0,0,equal,c,"Table 2, PDF pages 25,26,30",https://www.fao.org/fileadmin/templates/ess/ess_test_folder/World_Census_Agriculture/WCA_2020/WCA_2020_new_doc/IND_REP_ENG_2015_2016.pdf | archived_sha256=fb01bcb922a38ef964a2ca2fddada5540426bf5b06317d931425ae8d699d6405,archived a1_extract.py/a1b_gender.py; shares independently recomputed from numeric CSV,percentage share (0-100); raw operated area in thousand hectares,All Classes total for A&N Islands/All/area=21,9.5238095238,4.7619047619,raw Marginal=2; raw Large=1; construction fact=f01323; stored gap=4.76 pp,recomputed_from_archived_official_report,deterministic_source_reconstruction_v1,2026-09-13,,,,equal,c,True
AgCensus2015-16 T2-4 Andhra Pradesh/All Classes/area/SCvsOthers,AgCensus2015-16,T2-4,Andhra Pradesh,All Classes,area,SCvsOthers,social_group,Scheduled Castes,Other social groups,1,0,0,1,diff,b,"Tables 2-4, PDF pages 25,31,37",https://www.fao.org/fileadmin/templates/ess/ess_test_folder/World_Census_Agriculture/WCA_2020/WCA_2020_new_doc/IND_REP_ENG_2015_2016.pdf | archived_sha256=fb01bcb922a38ef964a2ca2fddada5540426bf5b06317d931425ae8d699d6405,archived a1_extract.py/a1b_gender.py; shares independently recomputed from numeric CSV,percentage share (0-100); raw operated area in thousand hectares,All-social-groups total for Andhra Pradesh/All Classes/area=8004,6.1719140430,88.4307846077,raw SC=494; raw Others=7078; construction fact=f00352; stored gap=82.26 pp,recomputed_from_archived_official_report,deterministic_source_reconstruction_v1,2026-09-13,,,,diff,b,True
AgCensus2015-16 T2-4 Andhra Pradesh/All Classes/area/SCvsST,AgCensus2015-16,T2-4,Andhra Pradesh,All Classes,area,SCvsST,social_group,Scheduled Castes,Scheduled Tribes,8,0,0,8,equal,c,"Tables 2-4, PDF pages 25,31,37",https://www.fao.org/fileadmin/templates/ess/ess_test_folder/World_Census_Agriculture/WCA_2020/WCA_2020_new_doc/IND_REP_ENG_2015_2016.pdf | archived_sha256=fb01bcb922a38ef964a2ca2fddada5540426bf5b06317d931425ae8d699d6405,archived a1_extract.py/a1b_gender.py; shares independently recomputed from numeric CSV,percentage share (0-100); raw operated area in thousand hectares,All-social-groups total for Andhra Pradesh/All Classes/area=8004,6.1719140430,5.3973013493,raw SC=494; raw ST=432; construction fact=f00351; stored gap=0.77 pp,recomputed_from_archived_official_report,deterministic_source_reconstruction_v1,2026-09-13,,,,equal,c,True
AgCensus2015-16 T2-4 Andhra Pradesh/All Classes/area/STvsOthers,AgCensus2015-16,T2-4,Andhra Pradesh,All Classes,area,STvsOthers,social_group,Scheduled Tribes,Other social groups,1,0,0,1,diff,b,"Tables 2-4, PDF pages 25,31,37",https://www.fao.org/fileadmin/templates/ess/ess_test_folder/World_Census_Agriculture/WCA_2020/WCA_2020_new_doc/IND_REP_ENG_2015_2016.pdf | archived_sha256=fb01bcb922a38ef964a2ca2fddada5540426bf5b06317d931425ae8d699d6405,archived a1_extract.py/a1b_gender.py; shares independently recomputed from numeric CSV,percentage share (0-100); raw operated area in thousand hectares,All-social-groups total for Andhra Pradesh/All Classes/area=8004,5.3973013493,88.4307846077,raw ST=432; raw Others=7078; construction fact=f00353; stored gap=83.03 pp,recomputed_from_archived_official_report,deterministic_source_reconstruction_v1,2026-09-13,,,,diff,b,True
AgCensus2015-16 T2-4 Andhra Pradesh/All Classes/number/SCvsOthers,AgCensus2015-16,T2-4,Andhra Pradesh,All Classes,number,SCvsOthers,social_group,Scheduled Castes,Other social groups,1,0,0,1,diff,b,"Tables 2-4, PDF pages 25,31,37",https://www.fao.org/fileadmin/templates/ess/ess_test_folder/World_Census_Agriculture/WCA_2020/WCA_2020_new_doc/IND_REP_ENG_2015_2016.pdf | archived_sha256=fb01bcb922a38ef964a2ca2fddada5540426bf5b06317d931425ae8d699d6405,archived a1_extract.py/a1b_gender.py; shares independently recomputed from numeric CSV,percentage share (0-100); raw number of holdings in thousands,All-social-groups total for Andhra Pradesh/All Classes/number=8524,8.5405912717,86.6963866729,raw SC=728; raw Others=7390; construction fact=f00001; stored gap=78.16 pp,recomputed_from_archived_official_report,deterministic_source_reconstruction_v1,2026-09-13,,,,diff,b,True
AgCensus2015-16 T2-4 Andhra Pradesh/All Classes/number/SCvsST,AgCensus2015-16,T2-4,Andhra Pradesh,All Classes,number,SCvsST,social_group,Scheduled Castes,Scheduled Tribes,8,8,0,0,equal,c,"Tables 2-4, PDF pages 25,31,37",https://www.fao.org/fileadmin/templates/ess/ess_test_folder/World_Census_Agriculture/WCA_2020/WCA_2020_new_doc/IND_REP_ENG_2015_2016.pdf | archived_sha256=fb01bcb922a38ef964a2ca2fddada5540426bf5b06317d931425ae8d699d6405,archived a1_extract.py/a1b_gender.py; shares independently recomputed from numeric CSV,percentage share (0-100); raw number of holdings in thousands,All-social-groups total for Andhra Pradesh/All Classes/number=8524,8.5405912717,4.7630220554,raw SC=728; raw ST=406; construction fact=f00000; stored gap=3.78 pp,recomputed_from_archived_official_report,deterministic_source_reconstruction_v1,2026-09-13,,,,equal,c,True
AgCensus2015-16 T2-4 Andhra Pradesh/All Classes/number/STvsOthers,AgCensus2015-16,T2-4,Andhra Pradesh,All Classes,number,STvsOthers,social_group,Scheduled Tribes,Other social groups,1,1,0,0,diff,b,"Tables 2-4, PDF pages 25,31,37",https://www.fao.org/fileadmin/templates/ess/ess_test_folder/World_Census_Agriculture/WCA_2020/WCA_2020_new_doc/IND_REP_ENG_2015_2016.pdf | archived_sha256=fb01bcb922a38ef964a2ca2fddada5540426bf5b06317d931425ae8d699d6405,archived a1_extract.py/a1b_gender.py; shares independently recomputed from numeric CSV,percentage share (0-100); raw number of holdings in thousands,All-social-groups total for Andhra Pradesh/All Classes/number=8524,4.7630220554,86.6963866729,raw ST=406; raw Others=7390; construction fact=f00002; stored gap=81.93 pp,recomputed_from_archived_official_report,deterministic_source_reconstruction_v1,2026-09-13,,,,diff,b,True
AgCensus2015-16 T2-4 Andhra Pradesh/All/area/MarginalvsSemi-medium,AgCensus2015-16,T2-4,Andhra Pradesh,All,area,MarginalvsSemi-medium,landholding,marginal operated area,semi-medium operated area,4,0,0,4,equal,c,"Table 2, PDF pages 25,26,28",https://www.fao.org/fileadmin/templates/ess/ess_test_folder/World_Census_Agriculture/WCA_2020/WCA_2020_new_doc/IND_REP_ENG_2015_2016.pdf | archived_sha256=fb01bcb922a38ef964a2ca2fddada5540426bf5b06317d931425ae8d699d6405,archived a1_extract.py/a1b_gender.py; shares independently recomputed from numeric CSV,percentage share (0-100); raw operated area in thousand hectares,All Classes total for Andhra Pradesh/All/area=8004,29.1854072964,25.2373813093,raw Marginal=2336; raw Semi-medium=2020; construction fact=f01329; stored gap=3.95 pp,recomputed_from_archived_official_report,deterministic_source_reconstruction_v1,2026-09-13,,,,equal,c,True
AgCensus2015-16 T2-4 Andhra Pradesh/All/area/MarginalvsSmall,AgCensus2015-16,T2-4,Andhra Pradesh,All,area,MarginalvsSmall,landholding,marginal operated area,small operated area,4,0,4,0,equal,c,"Table 2, PDF pages 25,26,27",https://www.fao.org/fileadmin/templates/ess/ess_test_folder/World_Census_Agriculture/WCA_2020/WCA_2020_new_doc/IND_REP_ENG_2015_2016.pdf | archived_sha256=fb01bcb922a38ef964a2ca2fddada5540426bf5b06317d931425ae8d699d6405,archived a1_extract.py/a1b_gender.py; shares independently recomputed from numeric CSV,percentage share (0-100); raw operated area in thousand hectares,All Classes total for Andhra Pradesh/All/area=8004,29.1854072964,29.1604197901,raw Marginal=2336; raw Small=2334; construction fact=f01328; stored gap=0.02 pp,recomputed_from_archived_official_report,deterministic_source_reconstruction_v1,2026-09-13,,,,equal,c,True
AgCensus2015-16 T2-4 Andhra Pradesh/All/area/SmallvsSemi-medium,AgCensus2015-16,T2-4,Andhra Pradesh,All,area,SmallvsSemi-medium,landholding,small operated area,semi-medium operated area,2,0,2,0,equal,c,"Table 2, PDF pages 25,27,28",https://www.fao.org/fileadmin/templates/ess/ess_test_folder/World_Census_Agriculture/WCA_2020/WCA_2020_new_doc/IND_REP_ENG_2015_2016.pdf | archived_sha256=fb01bcb922a38ef964a2ca2fddada5540426bf5b06317d931425ae8d699d6405,archived a1_extract.py/a1b_gender.py; shares independently recomputed from numeric CSV,percentage share (0-100); raw operated area in thousand hectares,All Classes total for Andhra Pradesh/All/area=8004,29.1604197901,25.2373813093,raw Small=2334; raw Semi-medium=2020; construction fact=f01332; stored gap=3.92 pp,recomputed_from_archived_official_report,deterministic_source_reconstruction_v1,2026-09-13,,,,equal,c,True
AgCensus2015-16 T2-4 Andhra Pradesh/All/number/MarginalvsMedium,AgCensus2015-16,T2-4,Andhra Pradesh,All,number,MarginalvsMedium,landholding,marginal holdings,medium holdings,1,1,0,0,diff,a,"Table 2, PDF pages 25,26,29",https://www.fao.org/fileadmin/templates/ess/ess_test_folder/World_Census_Agriculture/WCA_2020/WCA_2020_new_doc/IND_REP_ENG_2015_2016.pdf | archived_sha256=fb01bcb922a38ef964a2ca2fddada5540426bf5b06317d931425ae8d699d6405,archived a1_extract.py/a1b_gender.py; shares independently recomputed from numeric CSV,percentage share (0-100); raw number of holdings in thousands,All Classes total for Andhra Pradesh/All/number=8524,69.2632566870,2.2172688878,raw Marginal=5904; raw Medium=189; construction fact=f00751; stored gap=67.05 pp,recomputed_from_archived_official_report,deterministic_source_reconstruction_v1,2026-09-13,,,,diff,a,True
AgCensus2015-16 T2-4 Andhra Pradesh/All/number/MarginalvsSemi-medium,AgCensus2015-16,T2-4,Andhra Pradesh,All,number,MarginalvsSemi-medium,landholding,marginal holdings,semi-medium holdings,1,1,0,0,diff,a,"Table 2, PDF pages 25,26,28",https://www.fao.org/fileadmin/templates/ess/ess_test_folder/World_Census_Agriculture/WCA_2020/WCA_2020_new_doc/IND_REP_ENG_2015_2016.pdf | archived_sha256=fb01bcb922a38ef964a2ca2fddada5540426bf5b06317d931425ae8d699d6405,archived a1_extract.py/a1b_gender.py; shares independently recomputed from numeric CSV,percentage share (0-100); raw number of holdings in thousands,All Classes total for Andhra Pradesh/All/number=8524,69.2632566870,9.0333176912,raw Marginal=5904; raw Semi-medium=770; construction fact=f00750; stored gap=60.23 pp,recomputed_from_archived_official_report,deterministic_source_reconstruction_v1,2026-09-13,,,,diff,a,True
AgCensus2015-16 T2-4 Andhra Pradesh/All/number/MarginalvsSmall,AgCensus2015-16,T2-4,Andhra Pradesh,All,number,MarginalvsSmall,landholding,marginal holdings,small holdings,1,1,0,0,diff,a,"Table 2, PDF pages 25,26,27",https://www.fao.org/fileadmin/templates/ess/ess_test_folder/World_Census_Agriculture/WCA_2020/WCA_2020_new_doc/IND_REP_ENG_2015_2016.pdf | archived_sha256=fb01bcb922a38ef964a2ca2fddada5540426bf5b06317d931425ae8d699d6405,archived a1_extract.py/a1b_gender.py; shares independently recomputed from numeric CSV,percentage share (0-100); raw number of holdings in thousands,All Classes total for Andhra Pradesh/All/number=8524,69.2632566870,19.3101830127,raw Marginal=5904; raw Small=1646; construction fact=f00749; stored gap=49.95 pp,recomputed_from_archived_official_report,deterministic_source_reconstruction_v1,2026-09-13,,,,diff,a,True
AgCensus2015-16 T2-4 Andhra Pradesh/All/number/SmallvsLarge,AgCensus2015-16,T2-4,Andhra Pradesh,All,number,SmallvsLarge,landholding,small holdings,large holdings,1,1,0,0,diff,a,"Table 2, PDF pages 25,27,30",https://www.fao.org/fileadmin/templates/ess/ess_test_folder/World_Census_Agriculture/WCA_2020/WCA_2020_new_doc/IND_REP_ENG_2015_2016.pdf | archived_sha256=fb01bcb922a38ef964a2ca2fddada5540426bf5b06317d931425ae8d699d6405,archived a1_extract.py/a1b_gender.py; shares independently recomputed from numeric CSV,percentage share (0-100); raw number of holdings in thousands,All Classes total for Andhra Pradesh/All/number=8524,19.3101830127,0.1759737213,raw Small=1646; raw Large=15; construction fact=f00755; stored gap=19.13 pp,recomputed_from_archived_official_report,deterministic_source_reconstruction_v1,2026-09-13,,,,diff,a,True
AgCensus2015-16 T2-4 Andhra Pradesh/All/number/SmallvsSemi-medium,AgCensus2015-16,T2-4,Andhra Pradesh,All,number,SmallvsSemi-medium,landholding,small holdings,semi-medium holdings,1,0,0,1,diff,a,"Table 2, PDF pages 25,27,28",https://www.fao.org/fileadmin/templates/ess/ess_test_folder/World_Census_Agriculture/WCA_2020/WCA_2020_new_doc/IND_REP_ENG_2015_2016.pdf | archived_sha256=fb01bcb922a38ef964a2ca2fddada5540426bf5b06317d931425ae8d699d6405,archived a1_extract.py/a1b_gender.py; shares independently recomputed from numeric CSV,percentage share (0-100); raw number of holdings in thousands,All Classes total for Andhra Pradesh/All/number=8524,19.3101830127,9.0333176912,raw Small=1646; raw Semi-medium=770; construction fact=f00753; stored gap=10.28 pp,recomputed_from_archived_official_report,deterministic_source_reconstruction_v1,2026-09-13,,,,diff,a,True
AgCensus2015-16 T2-4 Andhra Pradesh/Large/area/SCvsOthers,AgCensus2015-16,T2-4,Andhra Pradesh,Large,area,SCvsOthers,social_group,Scheduled Castes,Other social groups,1,0,0,1,diff,b,"Tables 2-4, PDF pages 30,36,42",https://www.fao.org/fileadmin/templates/ess/ess_test_folder/World_Census_Agriculture/WCA_2020/WCA_2020_new_doc/IND_REP_ENG_2015_2016.pdf | archived_sha256=fb01bcb922a38ef964a2ca2fddada5540426bf5b06317d931425ae8d699d6405,archived a1_extract.py/a1b_gender.py; shares independently recomputed from numeric CSV,percentage share (0-100); raw operated area in thousand hectares,All-social-groups total for Andhra Pradesh/Large/area=276,1.8115942029,92.3913043478,raw SC=5; raw Others=255; construction fact=f00355; stored gap=90.58 pp,recomputed_from_archived_official_report,deterministic_source_reconstruction_v1,2026-09-13,,,,diff,b,True
AgCensus2015-16 T2-4 Andhra Pradesh/Large/area/SCvsST,AgCensus2015-16,T2-4,Andhra Pradesh,Large,area,SCvsST,social_group,Scheduled Castes,Scheduled Tribes,8,8,0,0,equal,c,"Tables 2-4, PDF pages 30,36,42",https://www.fao.org/fileadmin/templates/ess/ess_test_folder/World_Census_Agriculture/WCA_2020/WCA_2020_new_doc/IND_REP_ENG_2015_2016.pdf | archived_sha256=fb01bcb922a38ef964a2ca2fddada5540426bf5b06317d931425ae8d699d6405,archived a1_extract.py/a1b_gender.py; shares independently recomputed from numeric CSV,percentage share (0-100); raw operated area in thousand hectares,All-social-groups total for Andhra Pradesh/Large/area=276,1.8115942029,5.7971014493,raw SC=5; raw ST=16; construction fact=f00354; stored gap=3.99 pp,recomputed_from_archived_official_report,deterministic_source_reconstruction_v1,2026-09-13,,,,equal,c,True
AgCensus2015-16 T2-4 Andhra Pradesh/Large/area/STvsOthers,AgCensus2015-16,T2-4,Andhra Pradesh,Large,area,STvsOthers,social_group,Scheduled Tribes,Other social groups,1,0,0,1,diff,b,"Tables 2-4, PDF pages 30,36,42",https://www.fao.org/fileadmin/templates/ess/ess_test_folder/World_Census_Agriculture/WCA_2020/WCA_2020_new_doc/IND_REP_ENG_2015_2016.pdf | archived_sha256=fb01bcb922a38ef964a2ca2fddada5540426bf5b06317d931425ae8d699d6405,archived a1_extract.py/a1b_gender.py; shares independently recomputed from numeric CSV,percentage share (0-100); raw operated area in thousand hectares,All-social-groups total for Andhra Pradesh/Large/area=276,5.7971014493,92.3913043478,raw ST=16; raw Others=255; construction fact=f00356; stored gap=86.59 pp,recomputed_from_archived_official_report,deterministic_source_reconstruction_v1,2026-09-13,,,,diff,b,True
AgCensus2015-16 T2-4 Andhra Pradesh/Marginal/area/SCvsOthers,AgCensus2015-16,T2-4,Andhra Pradesh,Marginal,area,SCvsOthers,social_group,Scheduled Castes,Other social groups,1,1,0,0,diff,b,"Tables 2-4, PDF pages 26,32,38",https://www.fao.org/fileadmin/templates/ess/ess_test_folder/World_Census_Agriculture/WCA_2020/WCA_2020_new_doc/IND_REP_ENG_2015_2016.pdf | archived_sha256=fb01bcb922a38ef964a2ca2fddada5540426bf5b06317d931425ae8d699d6405,archived a1_extract.py/a1b_gender.py; shares independently recomputed from numeric CSV,percentage share (0-100); raw operated area in thousand hectares,All-social-groups total for Andhra Pradesh/Marginal/area=2336,9.3750000000,85.6164383562,raw SC=219; raw Others=2000; construction fact=f00358; stored gap=76.24 pp,recomputed_from_archived_official_report,deterministic_source_reconstruction_v1,2026-09-13,,,,diff,b,True
AgCensus2015-16 T2-4 Andhra Pradesh/Marginal/area/SCvsST,AgCensus2015-16,T2-4,Andhra Pradesh,Marginal,area,SCvsST,social_group,Scheduled Castes,Scheduled Tribes,8,0,8,0,equal,c,"Tables 2-4, PDF pages 26,32,38",https://www.fao.org/fileadmin/templates/ess/ess_test_folder/World_Census_Agriculture/WCA_2020/WCA_2020_new_doc/IND_REP_ENG_2015_2016.pdf | archived_sha256=fb01bcb922a38ef964a2ca2fddada5540426bf5b06317d931425ae8d699d6405,archived a1_extract.py/a1b_gender.py; shares independently recomputed from numeric CSV,percentage share (0-100); raw operated area in thousand hectares,All-social-groups total for Andhra Pradesh/Marginal/area=2336,9.3750000000,5.0085616438,raw SC=219; raw ST=117; construction fact=f00357; stored gap=4.37 pp,recomputed_from_archived_official_report,deterministic_source_reconstruction_v1,2026-09-13,,,,equal,c,True
AgCensus2015-16 T2-4 Andhra Pradesh/Marginal/area/STvsOthers,AgCensus2015-16,T2-4,Andhra Pradesh,Marginal,area,STvsOthers,social_group,Scheduled Tribes,Other social groups,1,1,0,0,diff,b,"Tables 2-4, PDF pages 26,32,38",https://www.fao.org/fileadmin/templates/ess/ess_test_folder/World_Census_Agriculture/WCA_2020/WCA_2020_new_doc/IND_REP_ENG_2015_2016.pdf | archived_sha256=fb01bcb922a38ef964a2ca2fddada5540426bf5b06317d931425ae8d699d6405,archived a1_extract.py/a1b_gender.py; shares independently recomputed from numeric CSV,percentage share (0-100); raw operated area in thousand hectares,All-social-groups total for Andhra Pradesh/Marginal/area=2336,5.0085616438,85.6164383562,raw ST=117; raw Others=2000; construction fact=f00359; stored gap=80.61 pp,recomputed_from_archived_official_report,deterministic_source_reconstruction_v1,2026-09-13,,,,diff,b,True
AgCensus2015-16 T2-4 Andhra Pradesh/Marginal/number/SCvsOthers,AgCensus2015-16,T2-4,Andhra Pradesh,Marginal,number,SCvsOthers,social_group,Scheduled Castes,Other social groups,1,0,0,1,diff,b,"Tables 2-4, PDF pages 26,32,38",https://www.fao.org/fileadmin/templates/ess/ess_test_folder/World_Census_Agriculture/WCA_2020/WCA_2020_new_doc/IND_REP_ENG_2015_2016.pdf | archived_sha256=fb01bcb922a38ef964a2ca2fddada5540426bf5b06317d931425ae8d699d6405,archived a1_extract.py/a1b_gender.py; shares independently recomputed from numeric CSV,percentage share (0-100); raw number of holdings in thousands,All-social-groups total for Andhra Pradesh/Marginal/number=5904,9.7222222222,85.8231707317,raw SC=574; raw Others=5067; construction fact=f00003; stored gap=76.1 pp,recomputed_from_archived_official_report,deterministic_source_reconstruction_v1,2026-09-13,,,,diff,b,True
AgCensus2015-16 T2-4 Andhra Pradesh/Medium/area/SCvsOthers,AgCensus2015-16,T2-4,Andhra Pradesh,Medium,area,SCvsOthers,social_group,Scheduled Castes,Other social groups,1,1,0,0,diff,b,"Tables 2-4, PDF pages 29,35,41",https://www.fao.org/fileadmin/templates/ess/ess_test_folder/World_Census_Agriculture/WCA_2020/WCA_2020_new_doc/IND_REP_ENG_2015_2016.pdf | archived_sha256=fb01bcb922a38ef964a2ca2fddada5540426bf5b06317d931425ae8d699d6405,archived a1_extract.py/a1b_gender.py; shares independently recomputed from numeric CSV,percentage share (0-100); raw operated area in thousand hectares,All-social-groups total for Andhra Pradesh/Medium/area=1038,2.3121387283,91.5221579961,raw SC=24; raw Others=950; construction fact=f00361; stored gap=89.21 pp,recomputed_from_archived_official_report,deterministic_source_reconstruction_v1,2026-09-13,,,,diff,b,True
AgCensus2015-16 T2-4 Andhra Pradesh/Medium/area/SCvsST,AgCensus2015-16,T2-4,Andhra Pradesh,Medium,area,SCvsST,social_group,Scheduled Castes,Scheduled Tribes,8,8,0,0,equal,c,"Tables 2-4, PDF pages 29,35,41",https://www.fao.org/fileadmin/templates/ess/ess_test_folder/World_Census_Agriculture/WCA_2020/WCA_2020_new_doc/IND_REP_ENG_2015_2016.pdf | archived_sha256=fb01bcb922a38ef964a2ca2fddada5540426bf5b06317d931425ae8d699d6405,archived a1_extract.py/a1b_gender.py; shares independently recomputed from numeric CSV,percentage share (0-100); raw operated area in thousand hectares,All-social-groups total for Andhra Pradesh/Medium/area=1038,2.3121387283,6.1657032755,raw SC=24; raw ST=64; construction fact=f00360; stored gap=3.85 pp,recomputed_from_archived_official_report,deterministic_source_reconstruction_v1,2026-09-13,,,,equal,c,True
AgCensus2015-16 T2-4 Andhra Pradesh/Medium/area/STvsOthers,AgCensus2015-16,T2-4,Andhra Pradesh,Medium,area,STvsOthers,social_group,Scheduled Tribes,Other social groups,1,0,0,1,diff,b,"Tables 2-4, PDF pages 29,35,41",https://www.fao.org/fileadmin/templates/ess/ess_test_folder/World_Census_Agriculture/WCA_2020/WCA_2020_new_doc/IND_REP_ENG_2015_2016.pdf | archived_sha256=fb01bcb922a38ef964a2ca2fddada5540426bf5b06317d931425ae8d699d6405,archived a1_extract.py/a1b_gender.py; shares independently recomputed from numeric CSV,percentage share (0-100); raw operated area in thousand hectares,All-social-groups total for Andhra Pradesh/Medium/area=1038,6.1657032755,91.5221579961,raw ST=64; raw Others=950; construction fact=f00362; stored gap=85.36 pp,recomputed_from_archived_official_report,deterministic_source_reconstruction_v1,2026-09-13,,,,diff,b,True
AgCensus2015-16 T2-4 Andhra Pradesh/Medium/number/SCvsOthers,AgCensus2015-16,T2-4,Andhra Pradesh,Medium,number,SCvsOthers,social_group,Scheduled Castes,Other social groups,1,1,0,0,diff,b,"Tables 2-4, PDF pages 29,35,41",https://www.fao.org/fileadmin/templates/ess/ess_test_folder/World_Census_Agriculture/WCA_2020/WCA_2020_new_doc/IND_REP_ENG_2015_2016.pdf | archived_sha256=fb01bcb922a38ef964a2ca2fddada5540426bf5b06317d931425ae8d699d6405,archived a1_extract.py/a1b_gender.py; shares independently recomputed from numeric CSV,percentage share (0-100); raw number of holdings in thousands,All-social-groups total for Andhra Pradesh/Medium/number=189,2.6455026455,91.0052910053,raw SC=5; raw Others=172; construction fact=f00006; stored gap=88.36 pp,recomputed_from_archived_official_report,deterministic_source_reconstruction_v1,2026-09-13,,,,diff,b,True
AgCensus2015-16 T2-4 Andhra Pradesh/Medium/number/SCvsST,AgCensus2015-16,T2-4,Andhra Pradesh,Medium,number,SCvsST,social_group,Scheduled Castes,Scheduled Tribes,8,8,0,0,equal,c,"Tables 2-4, PDF pages 29,35,41",https://www.fao.org/fileadmin/templates/ess/ess_test_folder/World_Census_Agriculture/WCA_2020/WCA_2020_new_doc/IND_REP_ENG_2015_2016.pdf | archived_sha256=fb01bcb922a38ef964a2ca2fddada5540426bf5b06317d931425ae8d699d6405,archived a1_extract.py/a1b_gender.py; shares independently recomputed from numeric CSV,percentage share (0-100); raw number of holdings in thousands,All-social-groups total for Andhra Pradesh/Medium/number=189,2.6455026455,6.3492063492,raw SC=5; raw ST=12; construction fact=f00005; stored gap=3.7 pp,recomputed_from_archived_official_report,deterministic_source_reconstruction_v1,2026-09-13,,,,equal,c,True
AgCensus2015-16 T2-4 Andhra Pradesh/Medium/number/STvsOthers,AgCensus2015-16,T2-4,Andhra Pradesh,Medium,number,STvsOthers,social_group,Scheduled Tribes,Other social groups,1,0,0,1,diff,b,"Tables 2-4, PDF pages 29,35,41",https://www.fao.org/fileadmin/templates/ess/ess_test_folder/World_Census_Agriculture/WCA_2020/WCA_2020_new_doc/IND_REP_ENG_2015_2016.pdf | archived_sha256=fb01bcb922a38ef964a2ca2fddada5540426bf5b06317d931425ae8d699d6405,archived a1_extract.py/a1b_gender.py; shares independently recomputed from numeric CSV,percentage share (0-100); raw number of holdings in thousands,All-social-groups total for Andhra Pradesh/Medium/number=189,6.3492063492,91.0052910053,raw ST=12; raw Others=172; construction fact=f00007; stored gap=84.66 pp,recomputed_from_archived_official_report,deterministic_source_reconstruction_v1,2026-09-13,,,,diff,b,True
AgCensus2015-16 T2-4 Andhra Pradesh/SC/number/MarginalvsLarge,AgCensus2015-16,T2-4,Andhra Pradesh,SC,number,MarginalvsLarge,landholding,marginal holdings,large holdings,1,1,0,0,diff,a,"Table 3, PDF pages 31,32,36",https://www.fao.org/fileadmin/templates/ess/ess_test_folder/World_Census_Agriculture/WCA_2020/WCA_2020_new_doc/IND_REP_ENG_2015_2016.pdf | archived_sha256=fb01bcb922a38ef964a2ca2fddada5540426bf5b06317d931425ae8d699d6405,archived a1_extract.py/a1b_gender.py; shares independently recomputed from numeric CSV,percentage share (0-100); raw number of holdings in thousands,All Classes total for Andhra Pradesh/SC/number=728,78.8461538462,0.0000000000,raw Marginal=574; raw Large=0; construction fact=f00973; stored gap=78.85 pp,recomputed_from_archived_official_report,deterministic_source_reconstruction_v1,2026-09-13,,,,diff,a,True
AgCensus2015-16 T2-4 Andhra Pradesh/SC/number/MarginalvsMedium,AgCensus2015-16,T2-4,Andhra Pradesh,SC,number,MarginalvsMedium,landholding,marginal holdings,medium holdings,1,0,0,1,diff,a,"Table 3, PDF pages 31,32,35",https://www.fao.org/fileadmin/templates/ess/ess_test_folder/World_Census_Agriculture/WCA_2020/WCA_2020_new_doc/IND_REP_ENG_2015_2016.pdf | archived_sha256=fb01bcb922a38ef964a2ca2fddada5540426bf5b06317d931425ae8d699d6405,archived a1_extract.py/a1b_gender.py; shares independently recomputed from numeric CSV,percentage share (0-100); raw number of holdings in thousands,All Classes total for Andhra Pradesh/SC/number=728,78.8461538462,0.6868131868,raw Marginal=574; raw Medium=5; construction fact=f00972; stored gap=78.16 pp,recomputed_from_archived_official_report,deterministic_source_reconstruction_v1,2026-09-13,,,,diff,a,True
AgCensus2015-16 T2-4 Andhra Pradesh/SC/number/MarginalvsSemi-medium,AgCensus2015-16,T2-4,Andhra Pradesh,SC,number,MarginalvsSemi-medium,landholding,marginal holdings,semi-medium holdings,1,0,0,1,diff,a,"Table 3, PDF pages 31,32,34",https://www.fao.org/fileadmin/templates/ess/ess_test_folder/World_Census_Agriculture/WCA_2020/WCA_2020_new_doc/IND_REP_ENG_2015_2016.pdf | archived_sha256=fb01bcb922a38ef964a2ca2fddada5540426bf5b06317d931425ae8d699d6405,archived a1_extract.py/a1b_gender.py; shares independently recomputed from numeric CSV,percentage share (0-100); raw number of holdings in thousands,All Classes total for Andhra Pradesh/SC/number=728,78.8461538462,5.0824175824,raw Marginal=574; raw Semi-medium=37; construction fact=f00971; stored gap=73.76 pp,recomputed_from_archived_official_report,deterministic_source_reconstruction_v1,2026-09-13,,,,diff,a,True
AgCensus2015-16 T2-4 Andhra Pradesh/SC/number/MarginalvsSmall,AgCensus2015-16,T2-4,Andhra Pradesh,SC,number,MarginalvsSmall,landholding,marginal holdings,small holdings,1,1,0,0,diff,a,"Table 3, PDF pages 31,32,33",https://www.fao.org/fileadmin/templates/ess/ess_test_folder/World_Census_Agriculture/WCA_2020/WCA_2020_new_doc/IND_REP_ENG_2015_2016.pdf | archived_sha256=fb01bcb922a38ef964a2ca2fddada5540426bf5b06317d931425ae8d699d6405,archived a1_extract.py/a1b_gender.py; shares independently recomputed from numeric CSV,percentage share (0-100); raw number of holdings in thousands,All Classes total for Andhra Pradesh/SC/number=728,78.8461538462,15.3846153846,raw Marginal=574; raw Small=112; construction fact=f00970; stored gap=63.46 pp,recomputed_from_archived_official_report,deterministic_source_reconstruction_v1,2026-09-13,,,,diff,a,True
AgCensus2015-16 T2-4 Andhra Pradesh/SC/number/Semi-mediumvsMedium,AgCensus2015-16,T2-4,Andhra Pradesh,SC,number,Semi-mediumvsMedium,landholding,semi-medium holdings,medium holdings,2,0,0,2,equal,c,"Table 3, PDF pages 31,34,35",https://www.fao.org/fileadmin/templates/ess/ess_test_folder/World_Census_Agriculture/WCA_2020/WCA_2020_new_doc/IND_REP_ENG_2015_2016.pdf | archived_sha256=fb01bcb922a38ef964a2ca2fddada5540426bf5b06317d931425ae8d699d6405,archived a1_extract.py/a1b_gender.py; shares independently recomputed from numeric CSV,percentage share (0-100); raw number of holdings in thousands,All Classes total for Andhra Pradesh/SC/number=728,5.0824175824,0.6868131868,raw Semi-medium=37; raw Medium=5; construction fact=f00977; stored gap=4.4 pp,recomputed_from_archived_official_report,deterministic_source_reconstruction_v1,2026-09-13,,,,equal,c,True
AgCensus2015-16 T2-4 Andhra Pradesh/SC/number/SmallvsLarge,AgCensus2015-16,T2-4,Andhra Pradesh,SC,number,SmallvsLarge,landholding,small holdings,large holdings,1,0,0,1,diff,a,"Table 3, PDF pages 31,33,36",https://www.fao.org/fileadmin/templates/ess/ess_test_folder/World_Census_Agriculture/WCA_2020/WCA_2020_new_doc/IND_REP_ENG_2015_2016.pdf | archived_sha256=fb01bcb922a38ef964a2ca2fddada5540426bf5b06317d931425ae8d699d6405,archived a1_extract.py/a1b_gender.py; shares independently recomputed from numeric CSV,percentage share (0-100); raw number of holdings in thousands,All Classes total for Andhra Pradesh/SC/number=728,15.3846153846,0.0000000000,raw Small=112; raw Large=0; construction fact=f00976; stored gap=15.38 pp,recomputed_from_archived_official_report,deterministic_source_reconstruction_v1,2026-09-13,,,,diff,a,True
AgCensus2015-16 T2-4 Andhra Pradesh/SC/number/SmallvsMedium,AgCensus2015-16,T2-4,Andhra Pradesh,SC,number,SmallvsMedium,landholding,small holdings,medium holdings,1,0,0,1,diff,a,"Table 3, PDF pages 31,33,35",https://www.fao.org/fileadmin/templates/ess/ess_test_folder/World_Census_Agriculture/WCA_2020/WCA_2020_new_doc/IND_REP_ENG_2015_2016.pdf | archived_sha256=fb01bcb922a38ef964a2ca2fddada5540426bf5b06317d931425ae8d699d6405,archived a1_extract.py/a1b_gender.py; shares independently recomputed from numeric CSV,percentage share (0-100); raw number of holdings in thousands,All Classes total for Andhra Pradesh/SC/number=728,15.3846153846,0.6868131868,raw Small=112; raw Medium=5; construction fact=f00975; stored gap=14.7 pp,recomputed_from_archived_official_report,deterministic_source_reconstruction_v1,2026-09-13,,,,diff,a,True
AgCensus2015-16 T2-4 Andhra Pradesh/SC/number/SmallvsSemi-medium,AgCensus2015-16,T2-4,Andhra Pradesh,SC,number,SmallvsSemi-medium,landholding,small holdings,semi-medium holdings,1,1,0,0,diff,a,"Table 3, PDF pages 31,33,34",https://www.fao.org/fileadmin/templates/ess/ess_test_folder/World_Census_Agriculture/WCA_2020/WCA_2020_new_doc/IND_REP_ENG_2015_2016.pdf | archived_sha256=fb01bcb922a38ef964a2ca2fddada5540426bf5b06317d931425ae8d699d6405,archived a1_extract.py/a1b_gender.py; shares independently recomputed from numeric CSV,percentage share (0-100); raw number of holdings in thousands,All Classes total for Andhra Pradesh/SC/number=728,15.3846153846,5.0824175824,raw Small=112; raw Semi-medium=37; construction fact=f00974; stored gap=10.3 pp,recomputed_from_archived_official_report,deterministic_source_reconstruction_v1,2026-09-13,,,,diff,a,True
AgCensus2015-16 T2-4 Andhra Pradesh/ST/area/MarginalvsSemi-medium,AgCensus2015-16,T2-4,Andhra Pradesh,ST,area,MarginalvsSemi-medium,landholding,marginal operated area,semi-medium operated area,4,4,0,0,equal,c,"Table 4, PDF pages 37,38,40",https://www.fao.org/fileadmin/templates/ess/ess_test_folder/World_Census_Agriculture/WCA_2020/WCA_2020_new_doc/IND_REP_ENG_2015_2016.pdf | archived_sha256=fb01bcb922a38ef964a2ca2fddada5540426bf5b06317d931425ae8d699d6405,archived a1_extract.py/a1b_gender.py; shares independently recomputed from numeric CSV,percentage share (0-100); raw operated area in thousand hectares,All Classes total for Andhra Pradesh/ST/area=432,27.0833333333,25.9259259259,raw Marginal=117; raw Semi-medium=112; construction fact=f01762; stored gap=1.16 pp,recomputed_from_archived_official_report,deterministic_source_reconstruction_v1,2026-09-13,,,,equal,c,True
AgCensus2015-16 T2-4 Andhra Pradesh/ST/area/MarginalvsSmall,AgCensus2015-16,T2-4,Andhra Pradesh,ST,area,MarginalvsSmall,landholding,marginal operated area,small operated area,2,2,0,0,equal,c,"Table 4, PDF pages 37,38,39",https://www.fao.org/fileadmin/templates/ess/ess_test_folder/World_Census_Agriculture/WCA_2020/WCA_2020_new_doc/IND_REP_ENG_2015_2016.pdf | archived_sha256=fb01bcb922a38ef964a2ca2fddada5540426bf5b06317d931425ae8d699d6405,archived a1_extract.py/a1b_gender.py; shares independently recomputed from numeric CSV,percentage share (0-100); raw operated area in thousand hectares,All Classes total for Andhra Pradesh/ST/area=432,27.0833333333,28.4722222222,raw Marginal=117; raw Small=123; construction fact=f01761; stored gap=1.39 pp,recomputed_from_archived_official_report,deterministic_source_reconstruction_v1,2026-09-13,,,,equal,c,True
AgCensus2015-16 T2-4 Andhra Pradesh/ST/area/SmallvsSemi-medium,AgCensus2015-16,T2-4,Andhra Pradesh,ST,area,SmallvsSemi-medium,landholding,small operated area,semi-medium operated area,4,4,0,0,equal,c,"Table 4, PDF pages 37,39,40",https://www.fao.org/fileadmin/templates/ess/ess_test_folder/World_Census_Agriculture/WCA_2020/WCA_2020_new_doc/IND_REP_ENG_2015_2016.pdf | archived_sha256=fb01bcb922a38ef964a2ca2fddada5540426bf5b06317d931425ae8d699d6405,archived a1_extract.py/a1b_gender.py; shares independently recomputed from numeric CSV,percentage share (0-100); raw operated area in thousand hectares,All Classes total for Andhra Pradesh/ST/area=432,28.4722222222,25.9259259259,raw Small=123; raw Semi-medium=112; construction fact=f01765; stored gap=2.55 pp,recomputed_from_archived_official_report,deterministic_source_reconstruction_v1,2026-09-13,,,,equal,c,True
AgCensus2015-16 T2-4 Andhra Pradesh/ST/number/MarginalvsLarge,AgCensus2015-16,T2-4,Andhra Pradesh,ST,number,MarginalvsLarge,landholding,marginal holdings,large holdings,1,0,1,0,diff,a,"Table 4, PDF pages 37,38,42",https://www.fao.org/fileadmin/templates/ess/ess_test_folder/World_Census_Agriculture/WCA_2020/WCA_2020_new_doc/IND_REP_ENG_2015_2016.pdf | archived_sha256=fb01bcb922a38ef964a2ca2fddada5540426bf5b06317d931425ae8d699d6405,archived a1_extract.py/a1b_gender.py; shares independently recomputed from numeric CSV,percentage share (0-100); raw number of holdings in thousands,All Classes total for Andhra Pradesh/ST/number=406,64.7783251232,0.2463054187,raw Marginal=263; raw Large=1; construction fact=f01119; stored gap=64.53 pp,recomputed_from_archived_official_report,deterministic_source_reconstruction_v1,2026-09-13,,,,diff,a,True
AgCensus2015-16 T2-4 Andhra Pradesh/ST/number/MarginalvsMedium,AgCensus2015-16,T2-4,Andhra Pradesh,ST,number,MarginalvsMedium,landholding,marginal holdings,medium holdings,1,1,0,0,diff,a,"Table 4, PDF pages 37,38,41",https://www.fao.org/fileadmin/templates/ess/ess_test_folder/World_Census_Agriculture/WCA_2020/WCA_2020_new_doc/IND_REP_ENG_2015_2016.pdf | archived_sha256=fb01bcb922a38ef964a2ca2fddada5540426bf5b06317d931425ae8d699d6405,archived a1_extract.py/a1b_gender.py; shares independently recomputed from numeric CSV,percentage share (0-100); raw number of holdings in thousands,All Classes total for Andhra Pradesh/ST/number=406,64.7783251232,2.9556650246,raw Marginal=263; raw Medium=12; construction fact=f01118; stored gap=61.82 pp,recomputed_from_archived_official_report,deterministic_source_reconstruction_v1,2026-09-13,,,,diff,a,True
AgCensus2015-16 T2-4 Andhra Pradesh/ST/number/MarginalvsSmall,AgCensus2015-16,T2-4,Andhra Pradesh,ST,number,MarginalvsSmall,landholding,marginal holdings,small holdings,1,1,0,0,diff,a,"Table 4, PDF pages 37,38,39",https://www.fao.org/fileadmin/templates/ess/ess_test_folder/World_Census_Agriculture/WCA_2020/WCA_2020_new_doc/IND_REP_ENG_2015_2016.pdf | archived_sha256=fb01bcb922a38ef964a2ca2fddada5540426bf5b06317d931425ae8d699d6405,archived a1_extract.py/a1b_gender.py; shares independently recomputed from numeric CSV,percentage share (0-100); raw number of holdings in thousands,All Classes total for Andhra Pradesh/ST/number=406,64.7783251232,21.6748768473,raw Marginal=263; raw Small=88; construction fact=f01116; stored gap=43.1 pp,recomputed_from_archived_official_report,deterministic_source_reconstruction_v1,2026-09-13,,,,diff,a,True
AgCensus2015-16 T2-4 Andhra Pradesh/ST/number/Semi-mediumvsLarge,AgCensus2015-16,T2-4,Andhra Pradesh,ST,number,Semi-mediumvsLarge,landholding,semi-medium holdings,large holdings,1,0,0,1,diff,a,"Table 4, PDF pages 37,40,42",https://www.fao.org/fileadmin/templates/ess/ess_test_folder/World_Census_Agriculture/WCA_2020/WCA_2020_new_doc/IND_REP_ENG_2015_2016.pdf | archived_sha256=fb01bcb922a38ef964a2ca2fddada5540426bf5b06317d931425ae8d699d6405,archived a1_extract.py/a1b_gender.py; shares independently recomputed from numeric CSV,percentage share (0-100); raw number of holdings in thousands,All Classes total for Andhra Pradesh/ST/number=406,10.3448275862,0.2463054187,raw Semi-medium=42; raw Large=1; construction fact=f01123; stored gap=10.1 pp,recomputed_from_archived_official_report,deterministic_source_reconstruction_v1,2026-09-13,,,,diff,a,True
AgCensus2015-16 T2-4 Andhra Pradesh/ST/number/SmallvsLarge,AgCensus2015-16,T2-4,Andhra Pradesh,ST,number,SmallvsLarge,landholding,small holdings,large holdings,1,0,0,1,diff,a,"Table 4, PDF pages 37,39,42",https://www.fao.org/fileadmin/templates/ess/ess_test_folder/World_Census_Agriculture/WCA_2020/WCA_2020_new_doc/IND_REP_ENG_2015_2016.pdf | archived_sha256=fb01bcb922a38ef964a2ca2fddada5540426bf5b06317d931425ae8d699d6405,archived a1_extract.py/a1b_gender.py; shares independently recomputed from numeric CSV,percentage share (0-100); raw number of holdings in thousands,All Classes total for Andhra Pradesh/ST/number=406,21.6748768473,0.2463054187,raw Small=88; raw Large=1; construction fact=f01122; stored gap=21.43 pp,recomputed_from_archived_official_report,deterministic_source_reconstruction_v1,2026-09-13,,,,diff,a,True
AgCensus2015-16 T2-4 Andhra Pradesh/ST/number/SmallvsMedium,AgCensus2015-16,T2-4,Andhra Pradesh,ST,number,SmallvsMedium,landholding,small holdings,medium holdings,1,1,0,0,diff,a,"Table 4, PDF pages 37,39,41",https://www.fao.org/fileadmin/templates/ess/ess_test_folder/World_Census_Agriculture/WCA_2020/WCA_2020_new_doc/IND_REP_ENG_2015_2016.pdf | archived_sha256=fb01bcb922a38ef964a2ca2fddada5540426bf5b06317d931425ae8d699d6405,archived a1_extract.py/a1b_gender.py; shares independently recomputed from numeric CSV,percentage share (0-100); raw number of holdings in thousands,All Classes total for Andhra Pradesh/ST/number=406,21.6748768473,2.9556650246,raw Small=88; raw Medium=12; construction fact=f01121; stored gap=18.72 pp,recomputed_from_archived_official_report,deterministic_source_reconstruction_v1,2026-09-13,,,,diff,a,True
AgCensus2015-16 T2-4 Andhra Pradesh/Semi-medium/area/SCvsOthers,AgCensus2015-16,T2-4,Andhra Pradesh,Semi-medium,area,SCvsOthers,social_group,Scheduled Castes,Other social groups,1,0,0,1,diff,b,"Tables 2-4, PDF pages 28,34,40",https://www.fao.org/fileadmin/templates/ess/ess_test_folder/World_Census_Agriculture/WCA_2020/WCA_2020_new_doc/IND_REP_ENG_2015_2016.pdf | archived_sha256=fb01bcb922a38ef964a2ca2fddada5540426bf5b06317d931425ae8d699d6405,archived a1_extract.py/a1b_gender.py; shares independently recomputed from numeric CSV,percentage share (0-100); raw operated area in thousand hectares,All-social-groups total for Andhra Pradesh/Semi-medium/area=2020,4.5049504950,89.9504950495,raw SC=91; raw Others=1817; construction fact=f00364; stored gap=85.45 pp,recomputed_from_archived_official_report,deterministic_source_reconstruction_v1,2026-09-13,,,,diff,b,True
AgCensus2015-16 T2-4 Andhra Pradesh/Semi-medium/area/SCvsST,AgCensus2015-16,T2-4,Andhra Pradesh,Semi-medium,area,SCvsST,social_group,Scheduled Castes,Scheduled Tribes,8,8,0,0,equal,c,"Tables 2-4, PDF pages 28,34,40",https://www.fao.org/fileadmin/templates/ess/ess_test_folder/World_Census_Agriculture/WCA_2020/WCA_2020_new_doc/IND_REP_ENG_2015_2016.pdf | archived_sha256=fb01bcb922a38ef964a2ca2fddada5540426bf5b06317d931425ae8d699d6405,archived a1_extract.py/a1b_gender.py; shares independently recomputed from numeric CSV,percentage share (0-100); raw operated area in thousand hectares,All-social-groups total for Andhra Pradesh/Semi-medium/area=2020,4.5049504950,5.5445544554,raw SC=91; raw ST=112; construction fact=f00363; stored gap=1.04 pp,recomputed_from_archived_official_report,deterministic_source_reconstruction_v1,2026-09-13,,,,equal,c,True
AgCensus2015-16 T2-4 Andhra Pradesh/Semi-medium/area/STvsOthers,AgCensus2015-16,T2-4,Andhra Pradesh,Semi-medium,area,STvsOthers,social_group,Scheduled Tribes,Other social groups,1,1,0,0,diff,b,"Tables 2-4, PDF pages 28,34,40",https://www.fao.org/fileadmin/templates/ess/ess_test_folder/World_Census_Agriculture/WCA_2020/WCA_2020_new_doc/IND_REP_ENG_2015_2016.pdf | archived_sha256=fb01bcb922a38ef964a2ca2fddada5540426bf5b06317d931425ae8d699d6405,archived a1_extract.py/a1b_gender.py; shares independently recomputed from numeric CSV,percentage share (0-100); raw operated area in thousand hectares,All-social-groups total for Andhra Pradesh/Semi-medium/area=2020,5.5445544554,89.9504950495,raw ST=112; raw Others=1817; construction fact=f00365; stored gap=84.41 pp,recomputed_from_archived_official_report,deterministic_source_reconstruction_v1,2026-09-13,,,,diff,b,True
AgCensus2015-16 T2-4 Andhra Pradesh/Semi-medium/number/SCvsST,AgCensus2015-16,T2-4,Andhra Pradesh,Semi-medium,number,SCvsST,social_group,Scheduled Castes,Scheduled Tribes,8,0,0,8,equal,c,"Tables 2-4, PDF pages 28,34,40",https://www.fao.org/fileadmin/templates/ess/ess_test_folder/World_Census_Agriculture/WCA_2020/WCA_2020_new_doc/IND_REP_ENG_2015_2016.pdf | archived_sha256=fb01bcb922a38ef964a2ca2fddada5540426bf5b06317d931425ae8d699d6405,archived a1_extract.py/a1b_gender.py; shares independently recomputed from numeric CSV,percentage share (0-100); raw number of holdings in thousands,All-social-groups total for Andhra Pradesh/Semi-medium/number=770,4.8051948052,5.4545454545,raw SC=37; raw ST=42; construction fact=f00008; stored gap=0.65 pp,recomputed_from_archived_official_report,deterministic_source_reconstruction_v1,2026-09-13,,,,equal,c,True
AgCensus2015-16 T2-4 Andhra Pradesh/Small/area/SCvsST,AgCensus2015-16,T2-4,Andhra Pradesh,Small,area,SCvsST,social_group,Scheduled Castes,Scheduled Tribes,8,0,0,8,equal,c,"Tables 2-4, PDF pages 27,33,39",https://www.fao.org/fileadmin/templates/ess/ess_test_folder/World_Census_Agriculture/WCA_2020/WCA_2020_new_doc/IND_REP_ENG_2015_2016.pdf | archived_sha256=fb01bcb922a38ef964a2ca2fddada5540426bf5b06317d931425ae8d699d6405,archived a1_extract.py/a1b_gender.py; shares independently recomputed from numeric CSV,percentage share (0-100); raw operated area in thousand hectares,All-social-groups total for Andhra Pradesh/Small/area=2334,6.6838046272,5.2699228792,raw SC=156; raw ST=123; construction fact=f00366; stored gap=1.41 pp,recomputed_from_archived_official_report,deterministic_source_reconstruction_v1,2026-09-13,,,,equal,c,True
AgCensus2015-16 T2-4 Andhra Pradesh/Small/area/STvsOthers,AgCensus2015-16,T2-4,Andhra Pradesh,Small,area,STvsOthers,social_group,Scheduled Tribes,Other social groups,1,1,0,0,diff,b,"Tables 2-4, PDF pages 27,33,39",https://www.fao.org/fileadmin/templates/ess/ess_test_folder/World_Census_Agriculture/WCA_2020/WCA_2020_new_doc/IND_REP_ENG_2015_2016.pdf | archived_sha256=fb01bcb922a38ef964a2ca2fddada5540426bf5b06317d931425ae8d699d6405,archived a1_extract.py/a1b_gender.py; shares independently recomputed from numeric CSV,percentage share (0-100); raw operated area in thousand hectares,All-social-groups total for Andhra Pradesh/Small/area=2334,5.2699228792,88.0462724936,raw ST=123; raw Others=2055; construction fact=f00368; stored gap=82.78 pp,recomputed_from_archived_official_report,deterministic_source_reconstruction_v1,2026-09-13,,,,diff,b,True
AgCensus2015-16 T2-4 Andhra Pradesh/Small/number/SCvsOthers,AgCensus2015-16,T2-4,Andhra Pradesh,Small,number,SCvsOthers,social_group,Scheduled Castes,Other social groups,1,0,0,1,diff,b,"Tables 2-4, PDF pages 27,33,39",https://www.fao.org/fileadmin/templates/ess/ess_test_folder/World_Census_Agriculture/WCA_2020/WCA_2020_new_doc/IND_REP_ENG_2015_2016.pdf | archived_sha256=fb01bcb922a38ef964a2ca2fddada5540426bf5b06317d931425ae8d699d6405,archived a1_extract.py/a1b_gender.py; shares independently recomputed from numeric CSV,percentage share (0-100); raw number of holdings in thousands,All-social-groups total for Andhra Pradesh/Small/number=1646,6.8043742406,87.8493317132,raw SC=112; raw Others=1446; construction fact=f00012; stored gap=81.04 pp,recomputed_from_archived_official_report,deterministic_source_reconstruction_v1,2026-09-13,,,,diff,b,True
AgCensus2015-16 T2-4 Andhra Pradesh/Small/number/SCvsST,AgCensus2015-16,T2-4,Andhra Pradesh,Small,number,SCvsST,social_group,Scheduled Castes,Scheduled Tribes,8,0,0,8,equal,c,"Tables 2-4, PDF pages 27,33,39",https://www.fao.org/fileadmin/templates/ess/ess_test_folder/World_Census_Agriculture/WCA_2020/WCA_2020_new_doc/IND_REP_ENG_2015_2016.pdf | archived_sha256=fb01bcb922a38ef964a2ca2fddada5540426bf5b06317d931425ae8d699d6405,archived a1_extract.py/a1b_gender.py; shares independently recomputed from numeric CSV,percentage share (0-100); raw number of holdings in thousands,All-social-groups total for Andhra Pradesh/Small/number=1646,6.8043742406,5.3462940462,raw SC=112; raw ST=88; construction fact=f00011; stored gap=1.46 pp,recomputed_from_archived_official_report,deterministic_source_reconstruction_v1,2026-09-13,,,,equal,c,True
AgCensus2015-16 T2-4 Andhra Pradesh/Small/number/STvsOthers,AgCensus2015-16,T2-4,Andhra Pradesh,Small,number,STvsOthers,social_group,Scheduled Tribes,Other social groups,1,1,0,0,diff,b,"Tables 2-4, PDF pages 27,33,39",https://www.fao.org/fileadmin/templates/ess/ess_test_folder/World_Census_Agriculture/WCA_2020/WCA_2020_new_doc/IND_REP_ENG_2015_2016.pdf | archived_sha256=fb01bcb922a38ef964a2ca2fddada5540426bf5b06317d931425ae8d699d6405,archived a1_extract.py/a1b_gender.py; shares independently recomputed from numeric CSV,percentage share (0-100); raw number of holdings in thousands,All-social-groups total for Andhra Pradesh/Small/number=1646,5.3462940462,87.8493317132,raw ST=88; raw Others=1446; construction fact=f00013; stored gap=82.5 pp,recomputed_from_archived_official_report,deterministic_source_reconstruction_v1,2026-09-13,,,,diff,b,True
AgCensus2015-16 T2-4 Arunachal Pradesh/All Classes/area/SCvsST,AgCensus2015-16,T2-4,Arunachal Pradesh,All Classes,area,SCvsST,social_group,Scheduled Castes,Scheduled Tribes,1,1,0,0,diff,b,"Tables 2-4, PDF pages 25,31,37",https://www.fao.org/fileadmin/templates/ess/ess_test_folder/World_Census_Agriculture/WCA_2020/WCA_2020_new_doc/IND_REP_ENG_2015_2016.pdf | archived_sha256=fb01bcb922a38ef964a2ca2fddada5540426bf5b06317d931425ae8d699d6405,archived a1_extract.py/a1b_gender.py; shares independently recomputed from numeric CSV,percentage share (0-100); raw operated area in thousand hectares,All-social-groups total for Arunachal Pradesh/All Classes/area=380,0.0000000000,98.9473684211,raw SC=0; raw ST=376; construction fact=f00369; stored gap=98.95 pp,recomputed_from_archived_official_report,deterministic_source_reconstruction_v1,2026-09-13,,,,diff,b,True
AgCensus2015-16 T2-4 Arunachal Pradesh/All Classes/area/STvsOthers,AgCensus2015-16,T2-4,Arunachal Pradesh,All Classes,area,STvsOthers,social_group,Scheduled Tribes,Other social groups,1,0,0,1,diff,a,"Tables 2-4, PDF pages 25,31,37",https://www.fao.org/fileadmin/templates/ess/ess_test_folder/World_Census_Agriculture/WCA_2020/WCA_2020_new_doc/IND_REP_ENG_2015_2016.pdf | archived_sha256=fb01bcb922a38ef964a2ca2fddada5540426bf5b06317d931425ae8d699d6405,archived a1_extract.py/a1b_gender.py; shares independently recomputed from numeric CSV,percentage share (0-100); raw operated area in thousand hectares,All-social-groups total for Arunachal Pradesh/All Classes/area=380,98.9473684211,1.0526315789,raw ST=376; raw Others=4; construction fact=f00370; stored gap=97.89 pp,recomputed_from_archived_official_report,deterministic_source_reconstruction_v1,2026-09-13,,,,diff,a,True
AgCensus2015-16 T2-4 Arunachal Pradesh/All Classes/number/SCvsST,AgCensus2015-16,T2-4,Arunachal Pradesh,All Classes,number,SCvsST,social_group,Scheduled Castes,Scheduled Tribes,1,0,1,0,diff,b,"Tables 2-4, PDF pages 25,31,37",https://www.fao.org/fileadmin/templates/ess/ess_test_folder/World_Census_Agriculture/WCA_2020/WCA_2020_new_doc/IND_REP_ENG_2015_2016.pdf | archived_sha256=fb01bcb922a38ef964a2ca2fddada5540426bf5b06317d931425ae8d699d6405,archived a1_extract.py/a1b_gender.py; shares independently recomputed from numeric CSV,percentage share (0-100); raw number of holdings in thousands,All-social-groups total for Arunachal Pradesh/All Classes/number=113,0.0000000000,97.3451327434,raw SC=0; raw ST=110; construction fact=f00014; stored gap=97.35 pp,recomputed_from_archived_official_report,deterministic_source_reconstruction_v1,2026-09-13,,,,diff,b,True
AgCensus2015-16 T2-4 Arunachal Pradesh/All Classes/number/STvsOthers,AgCensus2015-16,T2-4,Arunachal Pradesh,All Classes,number,STvsOthers,social_group,Scheduled Tribes,Other social groups,1,0,0,1,diff,a,"Tables 2-4, PDF pages 25,31,37",https://www.fao.org/fileadmin/templates/ess/ess_test_folder/World_Census_Agriculture/WCA_2020/WCA_2020_new_doc/IND_REP_ENG_2015_2016.pdf | archived_sha256=fb01bcb922a38ef964a2ca2fddada5540426bf5b06317d931425ae8d699d6405,archived a1_extract.py/a1b_gender.py; shares independently recomputed from numeric CSV,percentage share (0-100); raw number of holdings in thousands,All-social-groups total for Arunachal Pradesh/All Classes/number=113,97.3451327434,2.6548672566,raw ST=110; raw Others=3; construction fact=f00015; stored gap=94.69 pp,recomputed_from_archived_official_report,deterministic_source_reconstruction_v1,2026-09-13,,,,diff,a,True
AgCensus2015-16 T2-4 Arunachal Pradesh/All/area/MarginalvsSmall,AgCensus2015-16,T2-4,Arunachal Pradesh,All,area,MarginalvsSmall,landholding,marginal operated area,small operated area,4,4,0,0,equal,c,"Table 2, PDF pages 25,26,27",https://www.fao.org/fileadmin/templates/ess/ess_test_folder/World_Census_Agriculture/WCA_2020/WCA_2020_new_doc/IND_REP_ENG_2015_2016.pdf | archived_sha256=fb01bcb922a38ef964a2ca2fddada5540426bf5b06317d931425ae8d699d6405,archived a1_extract.py/a1b_gender.py; shares independently recomputed from numeric CSV,percentage share (0-100); raw operated area in thousand hectares,All Classes total for Arunachal Pradesh/All/area=380,3.6842105263,8.1578947368,raw Marginal=14; raw Small=31; construction fact=f01337; stored gap=4.47 pp,recomputed_from_archived_official_report,deterministic_source_reconstruction_v1,2026-09-13,,,,equal,c,True
AgCensus2015-16 T2-4 Arunachal Pradesh/All/number/MarginalvsLarge,AgCensus2015-16,T2-4,Arunachal Pradesh,All,number,MarginalvsLarge,landholding,marginal holdings,large holdings,1,1,0,0,diff,a,"Table 2, PDF pages 25,26,30",https://www.fao.org/fileadmin/templates/ess/ess_test_folder/World_Census_Agriculture/WCA_2020/WCA_2020_new_doc/IND_REP_ENG_2015_2016.pdf | archived_sha256=fb01bcb922a38ef964a2ca2fddada5540426bf5b06317d931425ae8d699d6405,archived a1_extract.py/a1b_gender.py; shares independently recomputed from numeric CSV,percentage share (0-100); raw number of holdings in thousands,All Classes total for Arunachal Pradesh/All/number=113,23.8938053097,6.1946902655,raw Marginal=27; raw Large=7; construction fact=f00759; stored gap=17.7 pp,recomputed_from_archived_official_report,deterministic_source_reconstruction_v1,2026-09-13,,,,diff,a,True
AgCensus2015-16 T2-4 Arunachal Pradesh/All/number/MarginalvsMedium,AgCensus2015-16,T2-4,Arunachal Pradesh,All,number,MarginalvsMedium,landholding,marginal holdings,medium holdings,3,3,0,0,equal,c,"Table 2, PDF pages 25,26,29",https://www.fao.org/fileadmin/templates/ess/ess_test_folder/World_Census_Agriculture/WCA_2020/WCA_2020_new_doc/IND_REP_ENG_2015_2016.pdf | archived_sha256=fb01bcb922a38ef964a2ca2fddada5540426bf5b06317d931425ae8d699d6405,archived a1_extract.py/a1b_gender.py; shares independently recomputed from numeric CSV,percentage share (0-100); raw number of holdings in thousands,All Classes total for Arunachal Pradesh/All/number=113,23.8938053097,23.0088495575,raw Marginal=27; raw Medium=26; construction fact=f00758; stored gap=0.88 pp,recomputed_from_archived_official_report,deterministic_source_reconstruction_v1,2026-09-13,,,,equal,c,True
AgCensus2015-16 T2-4 Arunachal Pradesh/All/number/MarginalvsSemi-medium,AgCensus2015-16,T2-4,Arunachal Pradesh,All,number,MarginalvsSemi-medium,landholding,marginal holdings,semi-medium holdings,4,0,0,4,equal,c,"Table 2, PDF pages 25,26,28",https://www.fao.org/fileadmin/templates/ess/ess_test_folder/World_Census_Agriculture/WCA_2020/WCA_2020_new_doc/IND_REP_ENG_2015_2016.pdf | archived_sha256=fb01bcb922a38ef964a2ca2fddada5540426bf5b06317d931425ae8d699d6405,archived a1_extract.py/a1b_gender.py; shares independently recomputed from numeric CSV,percentage share (0-100); raw number of holdings in thousands,All Classes total for Arunachal Pradesh/All/number=113,23.8938053097,25.6637168142,raw Marginal=27; raw Semi-medium=29; construction fact=f00757; stored gap=1.77 pp,recomputed_from_archived_official_report,deterministic_source_reconstruction_v1,2026-09-13,,,,equal,c,True
AgCensus2015-16 T2-4 Arunachal Pradesh/All/number/MarginalvsSmall,AgCensus2015-16,T2-4,Arunachal Pradesh,All,number,MarginalvsSmall,landholding,marginal holdings,small holdings,3,3,0,0,equal,c,"Table 2, PDF pages 25,26,27",https://www.fao.org/fileadmin/templates/ess/ess_test_folder/World_Census_Agriculture/WCA_2020/WCA_2020_new_doc/IND_REP_ENG_2015_2016.pdf | archived_sha256=fb01bcb922a38ef964a2ca2fddada5540426bf5b06317d931425ae8d699d6405,archived a1_extract.py/a1b_gender.py; shares independently recomputed from numeric CSV,percentage share (0-100); raw number of holdings in thousands,All Classes total for Arunachal Pradesh/All/number=113,23.8938053097,21.2389380531,raw Marginal=27; raw Small=24; construction fact=f00756; stored gap=2.65 pp,recomputed_from_archived_official_report,deterministic_source_reconstruction_v1,2026-09-13,,,,equal,c,True
AgCensus2015-16 T2-4 Arunachal Pradesh/All/number/MediumvsLarge,AgCensus2015-16,T2-4,Arunachal Pradesh,All,number,MediumvsLarge,landholding,medium holdings,large holdings,1,0,0,1,diff,a,"Table 2, PDF pages 25,29,30",https://www.fao.org/fileadmin/templates/ess/ess_test_folder/World_Census_Agriculture/WCA_2020/WCA_2020_new_doc/IND_REP_ENG_2015_2016.pdf | archived_sha256=fb01bcb922a38ef964a2ca2fddada5540426bf5b06317d931425ae8d699d6405,archived a1_extract.py/a1b_gender.py; shares independently recomputed from numeric CSV,percentage share (0-100); raw number of holdings in thousands,All Classes total for Arunachal Pradesh/All/number=113,23.0088495575,6.1946902655,raw Medium=26; raw Large=7; construction fact=f00765; stored gap=16.81 pp,recomputed_from_archived_official_report,deterministic_source_reconstruction_v1,2026-09-13,,,,diff,a,True
AgCensus2015-16 T2-4 Arunachal Pradesh/All/number/Semi-mediumvsMedium,AgCensus2015-16,T2-4,Arunachal Pradesh,All,number,Semi-mediumvsMedium,landholding,semi-medium holdings,medium holdings,2,2,0,0,equal,c,"Table 2, PDF pages 25,28,29",https://www.fao.org/fileadmin/templates/ess/ess_test_folder/World_Census_Agriculture/WCA_2020/WCA_2020_new_doc/IND_REP_ENG_2015_2016.pdf | archived_sha256=fb01bcb922a38ef964a2ca2fddada5540426bf5b06317d931425ae8d699d6405,archived a1_extract.py/a1b_gender.py; shares independently recomputed from numeric CSV,percentage share (0-100); raw number of holdings in thousands,All Classes total for Arunachal Pradesh/All/number=113,25.6637168142,23.0088495575,raw Semi-medium=29; raw Medium=26; construction fact=f00763; stored gap=2.65 pp,recomputed_from_archived_official_report,deterministic_source_reconstruction_v1,2026-09-13,,,,equal,c,True
AgCensus2015-16 T2-4 Arunachal Pradesh/All/number/SmallvsLarge,AgCensus2015-16,T2-4,Arunachal Pradesh,All,number,SmallvsLarge,landholding,small holdings,large holdings,1,1,0,0,diff,a,"Table 2, PDF pages 25,27,30",https://www.fao.org/fileadmin/templates/ess/ess_test_folder/World_Census_Agriculture/WCA_2020/WCA_2020_new_doc/IND_REP_ENG_2015_2016.pdf | archived_sha256=fb01bcb922a38ef964a2ca2fddada5540426bf5b06317d931425ae8d699d6405,archived a1_extract.py/a1b_gender.py; shares independently recomputed from numeric CSV,percentage share (0-100); raw number of holdings in thousands,All Classes total for Arunachal Pradesh/All/number=113,21.2389380531,6.1946902655,raw Small=24; raw Large=7; construction fact=f00762; stored gap=15.04 pp,recomputed_from_archived_official_report,deterministic_source_reconstruction_v1,2026-09-13,,,,diff,a,True
AgCensus2015-16 T2-4 Arunachal Pradesh/All/number/SmallvsMedium,AgCensus2015-16,T2-4,Arunachal Pradesh,All,number,SmallvsMedium,landholding,small holdings,medium holdings,3,0,0,3,equal,c,"Table 2, PDF pages 25,27,29",https://www.fao.org/fileadmin/templates/ess/ess_test_folder/World_Census_Agriculture/WCA_2020/WCA_2020_new_doc/IND_REP_ENG_2015_2016.pdf | archived_sha256=fb01bcb922a38ef964a2ca2fddada5540426bf5b06317d931425ae8d699d6405,archived a1_extract.py/a1b_gender.py; shares independently recomputed from numeric CSV,percentage share (0-100); raw number of holdings in thousands,All Classes total for Arunachal Pradesh/All/number=113,21.2389380531,23.0088495575,raw Small=24; raw Medium=26; construction fact=f00761; stored gap=1.77 pp,recomputed_from_archived_official_report,deterministic_source_reconstruction_v1,2026-09-13,,,,equal,c,True
AgCensus2015-16 T2-4 Arunachal Pradesh/All/number/SmallvsSemi-medium,AgCensus2015-16,T2-4,Arunachal Pradesh,All,number,SmallvsSemi-medium,landholding,small holdings,semi-medium holdings,2,0,0,2,equal,c,"Table 2, PDF pages 25,27,28",https://www.fao.org/fileadmin/templates/ess/ess_test_folder/World_Census_Agriculture/WCA_2020/WCA_2020_new_doc/IND_REP_ENG_2015_2016.pdf | archived_sha256=fb01bcb922a38ef964a2ca2fddada5540426bf5b06317d931425ae8d699d6405,archived a1_extract.py/a1b_gender.py; shares independently recomputed from numeric CSV,percentage share (0-100); raw number of holdings in thousands,All Classes total for Arunachal Pradesh/All/number=113,21.2389380531,25.6637168142,raw Small=24; raw Semi-medium=29; construction fact=f00760; stored gap=4.42 pp,recomputed_from_archived_official_report,deterministic_source_reconstruction_v1,2026-09-13,,,,equal,c,True
AgCensus2015-16 T2-4 Arunachal Pradesh/Large/area/SCvsST,AgCensus2015-16,T2-4,Arunachal Pradesh,Large,area,SCvsST,social_group,Scheduled Castes,Scheduled Tribes,1,1,0,0,diff,b,"Tables 2-4, PDF pages 30,36,42",https://www.fao.org/fileadmin/templates/ess/ess_test_folder/World_Census_Agriculture/WCA_2020/WCA_2020_new_doc/IND_REP_ENG_2015_2016.pdf | archived_sha256=fb01bcb922a38ef964a2ca2fddada5540426bf5b06317d931425ae8d699d6405,archived a1_extract.py/a1b_gender.py; shares independently recomputed from numeric CSV,percentage share (0-100); raw operated area in thousand hectares,All-social-groups total for Arunachal Pradesh/Large/area=104,0.0000000000,99.0384615385,raw SC=0; raw ST=103; construction fact=f00371; stored gap=99.04 pp,recomputed_from_archived_official_report,deterministic_source_reconstruction_v1,2026-09-13,,,,diff,b,True
AgCensus2015-16 T2-4 Arunachal Pradesh/Marginal/number/SCvsST,AgCensus2015-16,T2-4,Arunachal Pradesh,Marginal,number,SCvsST,social_group,Scheduled Castes,Scheduled Tribes,1,1,0,0,diff,b,"Tables 2-4, PDF pages 26,32,38",https://www.fao.org/fileadmin/templates/ess/ess_test_folder/World_Census_Agriculture/WCA_2020/WCA_2020_new_doc/IND_REP_ENG_2015_2016.pdf | archived_sha256=fb01bcb922a38ef964a2ca2fddada5540426bf5b06317d931425ae8d699d6405,archived a1_extract.py/a1b_gender.py; shares independently recomputed from numeric CSV,percentage share (0-100); raw number of holdings in thousands,All-social-groups total for Arunachal Pradesh/Marginal/number=27,0.0000000000,92.5925925926,raw SC=0; raw ST=25; construction fact=f00016; stored gap=92.59 pp,recomputed_from_archived_official_report,deterministic_source_reconstruction_v1,2026-09-13,,,,diff,b,True
AgCensus2015-16 T2-4 Arunachal Pradesh/Marginal/number/STvsOthers,AgCensus2015-16,T2-4,Arunachal Pradesh,Marginal,number,STvsOthers,social_group,Scheduled Tribes,Other social groups,1,1,0,0,diff,a,"Tables 2-4, PDF pages 26,32,38",https://www.fao.org/fileadmin/templates/ess/ess_test_folder/World_Census_Agriculture/WCA_2020/WCA_2020_new_doc/IND_REP_ENG_2015_2016.pdf | archived_sha256=fb01bcb922a38ef964a2ca2fddada5540426bf5b06317d931425ae8d699d6405,archived a1_extract.py/a1b_gender.py; shares independently recomputed from numeric CSV,percentage share (0-100); raw number of holdings in thousands,All-social-groups total for Arunachal Pradesh/Marginal/number=27,92.5925925926,7.4074074074,raw ST=25; raw Others=2; construction fact=f00017; stored gap=85.19 pp,recomputed_from_archived_official_report,deterministic_source_reconstruction_v1,2026-09-13,,,,diff,a,True
AgCensus2015-16 T2-4 Arunachal Pradesh/Medium/area/SCvsST,AgCensus2015-16,T2-4,Arunachal Pradesh,Medium,area,SCvsST,social_group,Scheduled Castes,Scheduled Tribes,1,0,0,1,diff,b,"Tables 2-4, PDF pages 29,35,41",https://www.fao.org/fileadmin/templates/ess/ess_test_folder/World_Census_Agriculture/WCA_2020/WCA_2020_new_doc/IND_REP_ENG_2015_2016.pdf | archived_sha256=fb01bcb922a38ef964a2ca2fddada5540426bf5b06317d931425ae8d699d6405,archived a1_extract.py/a1b_gender.py; shares independently recomputed from numeric CSV,percentage share (0-100); raw operated area in thousand hectares,All-social-groups total for Arunachal Pradesh/Medium/area=153,0.0000000000,100.0000000000,raw SC=0; raw ST=153; construction fact=f00373; stored gap=100.0 pp,recomputed_from_archived_official_report,deterministic_source_reconstruction_v1,2026-09-13,,,,diff,b,True
AgCensus2015-16 T2-4 Arunachal Pradesh/Medium/area/STvsOthers,AgCensus2015-16,T2-4,Arunachal Pradesh,Medium,area,STvsOthers,social_group,Scheduled Tribes,Other social groups,1,0,0,1,diff,a,"Tables 2-4, PDF pages 29,35,41",https://www.fao.org/fileadmin/templates/ess/ess_test_folder/World_Census_Agriculture/WCA_2020/WCA_2020_new_doc/IND_REP_ENG_2015_2016.pdf | archived_sha256=fb01bcb922a38ef964a2ca2fddada5540426bf5b06317d931425ae8d699d6405,archived a1_extract.py/a1b_gender.py; shares independently recomputed from numeric CSV,percentage share (0-100); raw operated area in thousand hectares,All-social-groups total for Arunachal Pradesh/Medium/area=153,100.0000000000,0.0000000000,raw ST=153; raw Others=0; construction fact=f00374; stored gap=100.0 pp,recomputed_from_archived_official_report,deterministic_source_reconstruction_v1,2026-09-13,,,,diff,a,True
AgCensus2015-16 T2-4 Arunachal Pradesh/Medium/number/SCvsST,AgCensus2015-16,T2-4,Arunachal Pradesh,Medium,number,SCvsST,social_group,Scheduled Castes,Scheduled Tribes,1,1,0,0,diff,b,"Tables 2-4, PDF pages 29,35,41",https://www.fao.org/fileadmin/templates/ess/ess_test_folder/World_Census_Agriculture/WCA_2020/WCA_2020_new_doc/IND_REP_ENG_2015_2016.pdf | archived_sha256=fb01bcb922a38ef964a2ca2fddada5540426bf5b06317d931425ae8d699d6405,archived a1_extract.py/a1b_gender.py; shares independently recomputed from numeric CSV,percentage share (0-100); raw number of holdings in thousands,All-social-groups total for Arunachal Pradesh/Medium/number=26,0.0000000000,100.0000000000,raw SC=0; raw ST=26; construction fact=f00018; stored gap=100.0 pp,recomputed_from_archived_official_report,deterministic_source_reconstruction_v1,2026-09-13,,,,diff,b,True
AgCensus2015-16 T2-4 Arunachal Pradesh/Medium/number/STvsOthers,AgCensus2015-16,T2-4,Arunachal Pradesh,Medium,number,STvsOthers,social_group,Scheduled Tribes,Other social groups,1,0,0,1,diff,a,"Tables 2-4, PDF pages 29,35,41",https://www.fao.org/fileadmin/templates/ess/ess_test_folder/World_Census_Agriculture/WCA_2020/WCA_2020_new_doc/IND_REP_ENG_2015_2016.pdf | archived_sha256=fb01bcb922a38ef964a2ca2fddada5540426bf5b06317d931425ae8d699d6405,archived a1_extract.py/a1b_gender.py; shares independently recomputed from numeric CSV,percentage share (0-100); raw number of holdings in thousands,All-social-groups total for Arunachal Pradesh/Medium/number=26,100.0000000000,0.0000000000,raw ST=26; raw Others=0; construction fact=f00019; stored gap=100.0 pp,recomputed_from_archived_official_report,deterministic_source_reconstruction_v1,2026-09-13,,,,diff,a,True
AgCensus2015-16 T2-4 Arunachal Pradesh/ST/area/MarginalvsSmall,AgCensus2015-16,T2-4,Arunachal Pradesh,ST,area,MarginalvsSmall,landholding,marginal operated area,small operated area,4,0,0,4,equal,c,"Table 4, PDF pages 37,38,39",https://www.fao.org/fileadmin/templates/ess/ess_test_folder/World_Census_Agriculture/WCA_2020/WCA_2020_new_doc/IND_REP_ENG_2015_2016.pdf | archived_sha256=fb01bcb922a38ef964a2ca2fddada5540426bf5b06317d931425ae8d699d6405,archived a1_extract.py/a1b_gender.py; shares independently recomputed from numeric CSV,percentage share (0-100); raw operated area in thousand hectares,All Classes total for Arunachal Pradesh/ST/area=376,3.7234042553,7.9787234043,raw Marginal=14; raw Small=30; construction fact=f01771; stored gap=4.26 pp,recomputed_from_archived_official_report,deterministic_source_reconstruction_v1,2026-09-13,,,,equal,c,True
AgCensus2015-16 T2-4 Arunachal Pradesh/ST/number/MarginalvsLarge,AgCensus2015-16,T2-4,Arunachal Pradesh,ST,number,MarginalvsLarge,landholding,marginal holdings,large holdings,1,0,0,1,diff,a,"Table 4, PDF pages 37,38,42",https://www.fao.org/fileadmin/templates/ess/ess_test_folder/World_Census_Agriculture/WCA_2020/WCA_2020_new_doc/IND_REP_ENG_2015_2016.pdf | archived_sha256=fb01bcb922a38ef964a2ca2fddada5540426bf5b06317d931425ae8d699d6405,archived a1_extract.py/a1b_gender.py; shares independently recomputed from numeric CSV,percentage share (0-100); raw number of holdings in thousands,All Classes total for Arunachal Pradesh/ST/number=110,22.7272727273,6.3636363636,raw Marginal=25; raw Large=7; construction fact=f01127; stored gap=16.36 pp,recomputed_from_archived_official_report,deterministic_source_reconstruction_v1,2026-09-13,,,,diff,a,True
AgCensus2015-16 T2-4 Arunachal Pradesh/ST/number/MarginalvsMedium,AgCensus2015-16,T2-4,Arunachal Pradesh,ST,number,MarginalvsMedium,landholding,marginal holdings,medium holdings,4,4,0,0,equal,c,"Table 4, PDF pages 37,38,41",https://www.fao.org/fileadmin/templates/ess/ess_test_folder/World_Census_Agriculture/WCA_2020/WCA_2020_new_doc/IND_REP_ENG_2015_2016.pdf | archived_sha256=fb01bcb922a38ef964a2ca2fddada5540426bf5b06317d931425ae8d699d6405,archived a1_extract.py/a1b_gender.py; shares independently recomputed from numeric CSV,percentage share (0-100); raw number of holdings in thousands,All Classes total for Arunachal Pradesh/ST/number=110,22.7272727273,23.6363636364,raw Marginal=25; raw Medium=26; construction fact=f01126; stored gap=0.91 pp,recomputed_from_archived_official_report,deterministic_source_reconstruction_v1,2026-09-13,,,,equal,c,True
AgCensus2015-16 T2-4 Arunachal Pradesh/ST/number/MarginalvsSemi-medium,AgCensus2015-16,T2-4,Arunachal Pradesh,ST,number,MarginalvsSemi-medium,landholding,marginal holdings,semi-medium holdings,4,4,0,0,equal,c,"Table 4, PDF pages 37,38,40",https://www.fao.org/fileadmin/templates/ess/ess_test_folder/World_Census_Agriculture/WCA_2020/WCA_2020_new_doc/IND_REP_ENG_2015_2016.pdf | archived_sha256=fb01bcb922a38ef964a2ca2fddada5540426bf5b06317d931425ae8d699d6405,archived a1_extract.py/a1b_gender.py; shares independently recomputed from numeric CSV,percentage share (0-100); raw number of holdings in thousands,All Classes total for Arunachal Pradesh/ST/number=110,22.7272727273,26.3636363636,raw Marginal=25; raw Semi-medium=29; construction fact=f01125; stored gap=3.64 pp,recomputed_from_archived_official_report,deterministic_source_reconstruction_v1,2026-09-13,,,,equal,c,True
AgCensus2015-16 T2-4 Arunachal Pradesh/ST/number/MarginalvsSmall,AgCensus2015-16,T2-4,Arunachal Pradesh,ST,number,MarginalvsSmall,landholding,marginal holdings,small holdings,3,3,0,0,equal,c,"Table 4, PDF pages 37,38,39",https://www.fao.org/fileadmin/templates/ess/ess_test_folder/World_Census_Agriculture/WCA_2020/WCA_2020_new_doc/IND_REP_ENG_2015_2016.pdf | archived_sha256=fb01bcb922a38ef964a2ca2fddada5540426bf5b06317d931425ae8d699d6405,archived a1_extract.py/a1b_gender.py; shares independently recomputed from numeric CSV,percentage share (0-100); raw number of holdings in thousands,All Classes total for Arunachal Pradesh/ST/number=110,22.7272727273,21.8181818182,raw Marginal=25; raw Small=24; construction fact=f01124; stored gap=0.91 pp,recomputed_from_archived_official_report,deterministic_source_reconstruction_v1,2026-09-13,,,,equal,c,True
AgCensus2015-16 T2-4 Arunachal Pradesh/ST/number/MediumvsLarge,AgCensus2015-16,T2-4,Arunachal Pradesh,ST,number,MediumvsLarge,landholding,medium holdings,large holdings,1,0,1,0,diff,a,"Table 4, PDF pages 37,41,42",https://www.fao.org/fileadmin/templates/ess/ess_test_folder/World_Census_Agriculture/WCA_2020/WCA_2020_new_doc/IND_REP_ENG_2015_2016.pdf | archived_sha256=fb01bcb922a38ef964a2ca2fddada5540426bf5b06317d931425ae8d699d6405,archived a1_extract.py/a1b_gender.py; shares independently recomputed from numeric CSV,percentage share (0-100); raw number of holdings in thousands,All Classes total for Arunachal Pradesh/ST/number=110,23.6363636364,6.3636363636,raw Medium=26; raw Large=7; construction fact=f01133; stored gap=17.27 pp,recomputed_from_archived_official_report,deterministic_source_reconstruction_v1,2026-09-13,,,,diff,a,True
AgCensus2015-16 T2-4 Arunachal Pradesh/ST/number/Semi-mediumvsMedium,AgCensus2015-16,T2-4,Arunachal Pradesh,ST,number,Semi-mediumvsMedium,landholding,semi-medium holdings,medium holdings,3,0,0,3,equal,c,"Table 4, PDF pages 37,40,41",https://www.fao.org/fileadmin/templates/ess/ess_test_folder/World_Census_Agriculture/WCA_2020/WCA_2020_new_doc/IND_REP_ENG_2015_2016.pdf | archived_sha256=fb01bcb922a38ef964a2ca2fddada5540426bf5b06317d931425ae8d699d6405,archived a1_extract.py/a1b_gender.py; shares independently recomputed from numeric CSV,percentage share (0-100); raw number of holdings in thousands,All Classes total for Arunachal Pradesh/ST/number=110,26.3636363636,23.6363636364,raw Semi-medium=29; raw Medium=26; construction fact=f01131; stored gap=2.73 pp,recomputed_from_archived_official_report,deterministic_source_reconstruction_v1,2026-09-13,,,,equal,c,True
AgCensus2015-16 T2-4 Arunachal Pradesh/ST/number/SmallvsLarge,AgCensus2015-16,T2-4,Arunachal Pradesh,ST,number,SmallvsLarge,landholding,small holdings,large holdings,1,0,0,1,diff,a,"Table 4, PDF pages 37,39,42",https://www.fao.org/fileadmin/templates/ess/ess_test_folder/World_Census_Agriculture/WCA_2020/WCA_2020_new_doc/IND_REP_ENG_2015_2016.pdf | archived_sha256=fb01bcb922a38ef964a2ca2fddada5540426bf5b06317d931425ae8d699d6405,archived a1_extract.py/a1b_gender.py; shares independently recomputed from numeric CSV,percentage share (0-100); raw number of holdings in thousands,All Classes total for Arunachal Pradesh/ST/number=110,21.8181818182,6.3636363636,raw Small=24; raw Large=7; construction fact=f01130; stored gap=15.45 pp,recomputed_from_archived_official_report,deterministic_source_reconstruction_v1,2026-09-13,,,,diff,a,True
AgCensus2015-16 T2-4 Arunachal Pradesh/ST/number/SmallvsMedium,AgCensus2015-16,T2-4,Arunachal Pradesh,ST,number,SmallvsMedium,landholding,small holdings,medium holdings,3,0,0,3,equal,c,"Table 4, PDF pages 37,39,41",https://www.fao.org/fileadmin/templates/ess/ess_test_folder/World_Census_Agriculture/WCA_2020/WCA_2020_new_doc/IND_REP_ENG_2015_2016.pdf | archived_sha256=fb01bcb922a38ef964a2ca2fddada5540426bf5b06317d931425ae8d699d6405,archived a1_extract.py/a1b_gender.py; shares independently recomputed from numeric CSV,percentage share (0-100); raw number of holdings in thousands,All Classes total for Arunachal Pradesh/ST/number=110,21.8181818182,23.6363636364,raw Small=24; raw Medium=26; construction fact=f01129; stored gap=1.82 pp,recomputed_from_archived_official_report,deterministic_source_reconstruction_v1,2026-09-13,,,,equal,c,True
AgCensus2015-16 T2-4 Arunachal Pradesh/ST/number/SmallvsSemi-medium,AgCensus2015-16,T2-4,Arunachal Pradesh,ST,number,SmallvsSemi-medium,landholding,small holdings,semi-medium holdings,4,0,4,0,equal,c,"Table 4, PDF pages 37,39,40",https://www.fao.org/fileadmin/templates/ess/ess_test_folder/World_Census_Agriculture/WCA_2020/WCA_2020_new_doc/IND_REP_ENG_2015_2016.pdf | archived_sha256=fb01bcb922a38ef964a2ca2fddada5540426bf5b06317d931425ae8d699d6405,archived a1_extract.py/a1b_gender.py; shares independently recomputed from numeric CSV,percentage share (0-100); raw number of holdings in thousands,All Classes total for Arunachal Pradesh/ST/number=110,21.8181818182,26.3636363636,raw Small=24; raw Semi-medium=29; construction fact=f01128; stored gap=4.55 pp,recomputed_from_archived_official_report,deterministic_source_reconstruction_v1,2026-09-13,,,,equal,c,True
AgCensus2015-16 T2-4 Arunachal Pradesh/Semi-medium/area/SCvsST,AgCensus2015-16,T2-4,Arunachal Pradesh,Semi-medium,area,SCvsST,social_group,Scheduled Castes,Scheduled Tribes,1,1,0,0,diff,b,"Tables 2-4, PDF pages 28,34,40",https://www.fao.org/fileadmin/templates/ess/ess_test_folder/World_Census_Agriculture/WCA_2020/WCA_2020_new_doc/IND_REP_ENG_2015_2016.pdf | archived_sha256=fb01bcb922a38ef964a2ca2fddada5540426bf5b06317d931425ae8d699d6405,archived a1_extract.py/a1b_gender.py; shares independently recomputed from numeric CSV,percentage share (0-100); raw operated area in thousand hectares,All-social-groups total for Arunachal Pradesh/Semi-medium/area=77,0.0000000000,100.0000000000,raw SC=0; raw ST=77; construction fact=f00375; stored gap=100.0 pp,recomputed_from_archived_official_report,deterministic_source_reconstruction_v1,2026-09-13,,,,diff,b,True
AgCensus2015-16 T2-4 Arunachal Pradesh/Semi-medium/area/STvsOthers,AgCensus2015-16,T2-4,Arunachal Pradesh,Semi-medium,area,STvsOthers,social_group,Scheduled Tribes,Other social groups,1,1,0,0,diff,a,"Tables 2-4, PDF pages 28,34,40",https://www.fao.org/fileadmin/templates/ess/ess_test_folder/World_Census_Agriculture/WCA_2020/WCA_2020_new_doc/IND_REP_ENG_2015_2016.pdf | archived_sha256=fb01bcb922a38ef964a2ca2fddada5540426bf5b06317d931425ae8d699d6405,archived a1_extract.py/a1b_gender.py; shares independently recomputed from numeric CSV,percentage share (0-100); raw operated area in thousand hectares,All-social-groups total for Arunachal Pradesh/Semi-medium/area=77,100.0000000000,0.0000000000,raw ST=77; raw Others=0; construction fact=f00376; stored gap=100.0 pp,recomputed_from_archived_official_report,deterministic_source_reconstruction_v1,2026-09-13,,,,diff,a,True
AgCensus2015-16 T2-4 Arunachal Pradesh/Semi-medium/number/SCvsST,AgCensus2015-16,T2-4,Arunachal Pradesh,Semi-medium,number,SCvsST,social_group,Scheduled Castes,Scheduled Tribes,1,0,0,1,diff,b,"Tables 2-4, PDF pages 28,34,40",https://www.fao.org/fileadmin/templates/ess/ess_test_folder/World_Census_Agriculture/WCA_2020/WCA_2020_new_doc/IND_REP_ENG_2015_2016.pdf | archived_sha256=fb01bcb922a38ef964a2ca2fddada5540426bf5b06317d931425ae8d699d6405,archived a1_extract.py/a1b_gender.py; shares independently recomputed from numeric CSV,percentage share (0-100); raw number of holdings in thousands,All-social-groups total for Arunachal Pradesh/Semi-medium/number=29,0.0000000000,100.0000000000,raw SC=0; raw ST=29; construction fact=f00020; stored gap=100.0 pp,recomputed_from_archived_official_report,deterministic_source_reconstruction_v1,2026-09-13,,,,diff,b,True
AgCensus2015-16 T2-4 Arunachal Pradesh/Semi-medium/number/STvsOthers,AgCensus2015-16,T2-4,Arunachal Pradesh,Semi-medium,number,STvsOthers,social_group,Scheduled Tribes,Other social groups,1,0,0,1,diff,a,"Tables 2-4, PDF pages 28,34,40",https://www.fao.org/fileadmin/templates/ess/ess_test_folder/World_Census_Agriculture/WCA_2020/WCA_2020_new_doc/IND_REP_ENG_2015_2016.pdf | archived_sha256=fb01bcb922a38ef964a2ca2fddada5540426bf5b06317d931425ae8d699d6405,archived a1_extract.py/a1b_gender.py; shares independently recomputed from numeric CSV,percentage share (0-100); raw number of holdings in thousands,All-social-groups total for Arunachal Pradesh/Semi-medium/number=29,100.0000000000,0.0000000000,raw ST=29; raw Others=0; construction fact=f00021; stored gap=100.0 pp,recomputed_from_archived_official_report,deterministic_source_reconstruction_v1,2026-09-13,,,,diff,a,True
AgCensus2015-16 T2-4 Arunachal Pradesh/Small/area/SCvsST,AgCensus2015-16,T2-4,Arunachal Pradesh,Small,area,SCvsST,social_group,Scheduled Castes,Scheduled Tribes,1,0,0,1,diff,b,"Tables 2-4, PDF pages 27,33,39",https://www.fao.org/fileadmin/templates/ess/ess_test_folder/World_Census_Agriculture/WCA_2020/WCA_2020_new_doc/IND_REP_ENG_2015_2016.pdf | archived_sha256=fb01bcb922a38ef964a2ca2fddada5540426bf5b06317d931425ae8d699d6405,archived a1_extract.py/a1b_gender.py; shares independently recomputed from numeric CSV,percentage share (0-100); raw operated area in thousand hectares,All-social-groups total for Arunachal Pradesh/Small/area=31,0.0000000000,96.7741935484,raw SC=0; raw ST=30; construction fact=f00377; stored gap=96.77 pp,recomputed_from_archived_official_report,deterministic_source_reconstruction_v1,2026-09-13,,,,diff,b,True
AgCensus2015-16 T2-4 Arunachal Pradesh/Small/area/STvsOthers,AgCensus2015-16,T2-4,Arunachal Pradesh,Small,area,STvsOthers,social_group,Scheduled Tribes,Other social groups,1,1,0,0,diff,a,"Tables 2-4, PDF pages 27,33,39",https://www.fao.org/fileadmin/templates/ess/ess_test_folder/World_Census_Agriculture/WCA_2020/WCA_2020_new_doc/IND_REP_ENG_2015_2016.pdf | archived_sha256=fb01bcb922a38ef964a2ca2fddada5540426bf5b06317d931425ae8d699d6405,archived a1_extract.py/a1b_gender.py; shares independently recomputed from numeric CSV,percentage share (0-100); raw operated area in thousand hectares,All-social-groups total for Arunachal Pradesh/Small/area=31,96.7741935484,3.2258064516,raw ST=30; raw Others=1; construction fact=f00378; stored gap=93.55 pp,recomputed_from_archived_official_report,deterministic_source_reconstruction_v1,2026-09-13,,,,diff,a,True
AgCensus2015-16 T2-4 Arunachal Pradesh/Small/number/SCvsST,AgCensus2015-16,T2-4,Arunachal Pradesh,Small,number,SCvsST,social_group,Scheduled Castes,Scheduled Tribes,1,1,0,0,diff,b,"Tables 2-4, PDF pages 27,33,39",https://www.fao.org/fileadmin/templates/ess/ess_test_folder/World_Census_Agriculture/WCA_2020/WCA_2020_new_doc/IND_REP_ENG_2015_2016.pdf | archived_sha256=fb01bcb922a38ef964a2ca2fddada5540426bf5b06317d931425ae8d699d6405,archived a1_extract.py/a1b_gender.py; shares independently recomputed from numeric CSV,percentage share (0-100); raw number of holdings in thousands,All-social-groups total for Arunachal Pradesh/Small/number=24,0.0000000000,100.0000000000,raw SC=0; raw ST=24; construction fact=f00022; stored gap=100.0 pp,recomputed_from_archived_official_report,deterministic_source_reconstruction_v1,2026-09-13,,,,diff,b,True
AgCensus2015-16 T2-4 Arunachal Pradesh/Small/number/STvsOthers,AgCensus2015-16,T2-4,Arunachal Pradesh,Small,number,STvsOthers,social_group,Scheduled Tribes,Other social groups,1,1,0,0,diff,a,"Tables 2-4, PDF pages 27,33,39",https://www.fao.org/fileadmin/templates/ess/ess_test_folder/World_Census_Agriculture/WCA_2020/WCA_2020_new_doc/IND_REP_ENG_2015_2016.pdf | archived_sha256=fb01bcb922a38ef964a2ca2fddada5540426bf5b06317d931425ae8d699d6405,archived a1_extract.py/a1b_gender.py; shares independently recomputed from numeric CSV,percentage share (0-100); raw number of holdings in thousands,All-social-groups total for Arunachal Pradesh/Small/number=24,100.0000000000,0.0000000000,raw ST=24; raw Others=0; construction fact=f00023; stored gap=100.0 pp,recomputed_from_archived_official_report,deterministic_source_reconstruction_v1,2026-09-13,,,,diff,a,True
AgCensus2015-16 T2-4 Assam/All Classes/area/SCvsOthers,AgCensus2015-16,T2-4,Assam,All Classes,area,SCvsOthers,social_group,Scheduled Castes,Other social groups,1,0,0,1,diff,b,"Tables 2-4, PDF pages 25,31,37",https://www.fao.org/fileadmin/templates/ess/ess_test_folder/World_Census_Agriculture/WCA_2020/WCA_2020_new_doc/IND_REP_ENG_2015_2016.pdf | archived_sha256=fb01bcb922a38ef964a2ca2fddada5540426bf5b06317d931425ae8d699d6405,archived a1_extract.py/a1b_gender.py; shares independently recomputed from numeric CSV,percentage share (0-100); raw operated area in thousand hectares,All-social-groups total for Assam/All Classes/area=2976,5.0739247312,77.7889784946,raw SC=151; raw Others=2315; construction fact=f00380; stored gap=72.72 pp,recomputed_from_archived_official_report,deterministic_source_reconstruction_v1,2026-09-13,,,,diff,b,True
AgCensus2015-16 T2-4 Assam/All Classes/area/SCvsST,AgCensus2015-16,T2-4,Assam,All Classes,area,SCvsST,social_group,Scheduled Castes,Scheduled Tribes,1,1,0,0,diff,b,"Tables 2-4, PDF pages 25,31,37",https://www.fao.org/fileadmin/templates/ess/ess_test_folder/World_Census_Agriculture/WCA_2020/WCA_2020_new_doc/IND_REP_ENG_2015_2016.pdf | archived_sha256=fb01bcb922a38ef964a2ca2fddada5540426bf5b06317d931425ae8d699d6405,archived a1_extract.py/a1b_gender.py; shares independently recomputed from numeric CSV,percentage share (0-100); raw operated area in thousand hectares,All-social-groups total for Assam/All Classes/area=2976,5.0739247312,17.1370967742,raw SC=151; raw ST=510; construction fact=f00379; stored gap=12.06 pp,recomputed_from_archived_official_report,deterministic_source_reconstruction_v1,2026-09-13,,,,diff,b,True
AgCensus2015-16 T2-4 Assam/All Classes/area/STvsOthers,AgCensus2015-16,T2-4,Assam,All Classes,area,STvsOthers,social_group,Scheduled Tribes,Other social groups,1,0,0,1,diff,b,"Tables 2-4, PDF pages 25,31,37",https://www.fao.org/fileadmin/templates/ess/ess_test_folder/World_Census_Agriculture/WCA_2020/WCA_2020_new_doc/IND_REP_ENG_2015_2016.pdf | archived_sha256=fb01bcb922a38ef964a2ca2fddada5540426bf5b06317d931425ae8d699d6405,archived a1_extract.py/a1b_gender.py; shares independently recomputed from numeric CSV,percentage share (0-100); raw operated area in thousand hectares,All-social-groups total for Assam/All Classes/area=2976,17.1370967742,77.7889784946,raw ST=510; raw Others=2315; construction fact=f00381; stored gap=60.65 pp,recomputed_from_archived_official_report,deterministic_source_reconstruction_v1,2026-09-13,,,,diff,b,True
AgCensus2015-16 T2-4 Assam/All Classes/number/SCvsOthers,AgCensus2015-16,T2-4,Assam,All Classes,number,SCvsOthers,social_group,Scheduled Castes,Other social groups,1,1,0,0,diff,b,"Tables 2-4, PDF pages 25,31,37",https://www.fao.org/fileadmin/templates/ess/ess_test_folder/World_Census_Agriculture/WCA_2020/WCA_2020_new_doc/IND_REP_ENG_2015_2016.pdf | archived_sha256=fb01bcb922a38ef964a2ca2fddada5540426bf5b06317d931425ae8d699d6405,archived a1_extract.py/a1b_gender.py; shares independently recomputed from numeric CSV,percentage share (0-100); raw number of holdings in thousands,All-social-groups total for Assam/All Classes/number=2742,5.2151714077,78.6287381473,raw SC=143; raw Others=2156; construction fact=f00025; stored gap=73.41 pp,recomputed_from_archived_official_report,deterministic_source_reconstruction_v1,2026-09-13,,,,diff,b,True
AgCensus2015-16 T2-4 Assam/All Classes/number/SCvsST,AgCensus2015-16,T2-4,Assam,All Classes,number,SCvsST,social_group,Scheduled Castes,Scheduled Tribes,1,1,0,0,diff,b,"Tables 2-4, PDF pages 25,31,37",https://www.fao.org/fileadmin/templates/ess/ess_test_folder/World_Census_Agriculture/WCA_2020/WCA_2020_new_doc/IND_REP_ENG_2015_2016.pdf | archived_sha256=fb01bcb922a38ef964a2ca2fddada5540426bf5b06317d931425ae8d699d6405,archived a1_extract.py/a1b_gender.py; shares independently recomputed from numeric CSV,percentage share (0-100); raw number of holdings in thousands,All-social-groups total for Assam/All Classes/number=2742,5.2151714077,16.1560904449,raw SC=143; raw ST=443; construction fact=f00024; stored gap=10.94 pp,recomputed_from_archived_official_report,deterministic_source_reconstruction_v1,2026-09-13,,,,diff,b,True
AgCensus2015-16 T2-4 Assam/All Classes/number/STvsOthers,AgCensus2015-16,T2-4,Assam,All Classes,number,STvsOthers,social_group,Scheduled Tribes,Other social groups,1,0,0,1,diff,b,"Tables 2-4, PDF pages 25,31,37",https://www.fao.org/fileadmin/templates/ess/ess_test_folder/World_Census_Agriculture/WCA_2020/WCA_2020_new_doc/IND_REP_ENG_2015_2016.pdf | archived_sha256=fb01bcb922a38ef964a2ca2fddada5540426bf5b06317d931425ae8d699d6405,archived a1_extract.py/a1b_gender.py; shares independently recomputed from numeric CSV,percentage share (0-100); raw number of holdings in thousands,All-social-groups total for Assam/All Classes/number=2742,16.1560904449,78.6287381473,raw ST=443; raw Others=2156; construction fact=f00026; stored gap=62.47 pp,recomputed_from_archived_official_report,deterministic_source_reconstruction_v1,2026-09-13,,,,diff,b,True
AgCensus2015-16 T2-4 Assam/All/area/MarginalvsSemi-medium,AgCensus2015-16,T2-4,Assam,All,area,MarginalvsSemi-medium,landholding,marginal operated area,semi-medium operated area,4,4,0,0,equal,c,"Table 2, PDF pages 25,26,28",https://www.fao.org/fileadmin/templates/ess/ess_test_folder/World_Census_Agriculture/WCA_2020/WCA_2020_new_doc/IND_REP_ENG_2015_2016.pdf | archived_sha256=fb01bcb922a38ef964a2ca2fddada5540426bf5b06317d931425ae8d699d6405,archived a1_extract.py/a1b_gender.py; shares independently recomputed from numeric CSV,percentage share (0-100); raw operated area in thousand hectares,All Classes total for Assam/All/area=2976,26.3776881720,27.0833333333,raw Marginal=785; raw Semi-medium=806; construction fact=f01347; stored gap=0.71 pp,recomputed_from_archived_official_report,deterministic_source_reconstruction_v1,2026-09-13,,,,equal,c,True
AgCensus2015-16 T2-4 Assam/All/area/MarginalvsSmall,AgCensus2015-16,T2-4,Assam,All,area,MarginalvsSmall,landholding,marginal operated area,small operated area,3,3,0,0,equal,c,"Table 2, PDF pages 25,26,27",https://www.fao.org/fileadmin/templates/ess/ess_test_folder/World_Census_Agriculture/WCA_2020/WCA_2020_new_doc/IND_REP_ENG_2015_2016.pdf | archived_sha256=fb01bcb922a38ef964a2ca2fddada5540426bf5b06317d931425ae8d699d6405,archived a1_extract.py/a1b_gender.py; shares independently recomputed from numeric CSV,percentage share (0-100); raw operated area in thousand hectares,All Classes total for Assam/All/area=2976,26.3776881720,23.3870967742,raw Marginal=785; raw Small=696; construction fact=f01346; stored gap=2.99 pp,recomputed_from_archived_official_report,deterministic_source_reconstruction_v1,2026-09-13,,,,equal,c,True
AgCensus2015-16 T2-4 Assam/All/area/MediumvsLarge,AgCensus2015-16,T2-4,Assam,All,area,MediumvsLarge,landholding,medium operated area,large operated area,3,3,0,0,equal,c,"Table 2, PDF pages 25,29,30",https://www.fao.org/fileadmin/templates/ess/ess_test_folder/World_Census_Agriculture/WCA_2020/WCA_2020_new_doc/IND_REP_ENG_2015_2016.pdf | archived_sha256=fb01bcb922a38ef964a2ca2fddada5540426bf5b06317d931425ae8d699d6405,archived a1_extract.py/a1b_gender.py; shares independently recomputed from numeric CSV,percentage share (0-100); raw operated area in thousand hectares,All Classes total for Assam/All/area=2976,13.7768817204,9.3750000000,raw Medium=410; raw Large=279; construction fact=f01354; stored gap=4.4 pp,recomputed_from_archived_official_report,deterministic_source_reconstruction_v1,2026-09-13,,,,equal,c,True
AgCensus2015-16 T2-4 Assam/All/area/SmallvsSemi-medium,AgCensus2015-16,T2-4,Assam,All,area,SmallvsSemi-medium,landholding,small operated area,semi-medium operated area,3,3,0,0,equal,c,"Table 2, PDF pages 25,27,28",https://www.fao.org/fileadmin/templates/ess/ess_test_folder/World_Census_Agriculture/WCA_2020/WCA_2020_new_doc/IND_REP_ENG_2015_2016.pdf | archived_sha256=fb01bcb922a38ef964a2ca2fddada5540426bf5b06317d931425ae8d699d6405,archived a1_extract.py/a1b_gender.py; shares independently recomputed from numeric CSV,percentage share (0-100); raw operated area in thousand hectares,All Classes total for Assam/All/area=2976,23.3870967742,27.0833333333,raw Small=696; raw Semi-medium=806; construction fact=f01350; stored gap=3.7 pp,recomputed_from_archived_official_report,deterministic_source_reconstruction_v1,2026-09-13,,,,equal,c,True
AgCensus2015-16 T2-4 Assam/All/number/MarginalvsLarge,AgCensus2015-16,T2-4,Assam,All,number,MarginalvsLarge,landholding,marginal holdings,large holdings,1,0,0,1,diff,a,"Table 2, PDF pages 25,26,30",https://www.fao.org/fileadmin/templates/ess/ess_test_folder/World_Census_Agriculture/WCA_2020/WCA_2020_new_doc/IND_REP_ENG_2015_2016.pdf | archived_sha256=fb01bcb922a38ef964a2ca2fddada5540426bf5b06317d931425ae8d699d6405,archived a1_extract.py/a1b_gender.py; shares independently recomputed from numeric CSV,percentage share (0-100); raw number of holdings in thousands,All Classes total for Assam/All/number=2742,68.1254558716,0.1458789205,raw Marginal=1868; raw Large=4; construction fact=f00769; stored gap=67.98 pp,recomputed_from_archived_official_report,deterministic_source_reconstruction_v1,2026-09-13,,,,diff,a,True
AgCensus2015-16 T2-4 Assam/All/number/MarginalvsSmall,AgCensus2015-16,T2-4,Assam,All,number,MarginalvsSmall,landholding,marginal holdings,small holdings,1,1,0,0,diff,a,"Table 2, PDF pages 25,26,27",https://www.fao.org/fileadmin/templates/ess/ess_test_folder/World_Census_Agriculture/WCA_2020/WCA_2020_new_doc/IND_REP_ENG_2015_2016.pdf | archived_sha256=fb01bcb922a38ef964a2ca2fddada5540426bf5b06317d931425ae8d699d6405,archived a1_extract.py/a1b_gender.py; shares independently recomputed from numeric CSV,percentage share (0-100); raw number of holdings in thousands,All Classes total for Assam/All/number=2742,68.1254558716,18.0525164114,raw Marginal=1868; raw Small=495; construction fact=f00766; stored gap=50.07 pp,recomputed_from_archived_official_report,deterministic_source_reconstruction_v1,2026-09-13,,,,diff,a,True
AgCensus2015-16 T2-4 Assam/All/number/Semi-mediumvsLarge,AgCensus2015-16,T2-4,Assam,All,number,Semi-mediumvsLarge,landholding,semi-medium holdings,large holdings,1,0,0,1,diff,a,"Table 2, PDF pages 25,28,30",https://www.fao.org/fileadmin/templates/ess/ess_test_folder/World_Census_Agriculture/WCA_2020/WCA_2020_new_doc/IND_REP_ENG_2015_2016.pdf | archived_sha256=fb01bcb922a38ef964a2ca2fddada5540426bf5b06317d931425ae8d699d6405,archived a1_extract.py/a1b_gender.py; shares independently recomputed from numeric CSV,percentage share (0-100); raw number of holdings in thousands,All Classes total for Assam/All/number=2742,10.7585703866,0.1458789205,raw Semi-medium=295; raw Large=4; construction fact=f00772; stored gap=10.61 pp,recomputed_from_archived_official_report,deterministic_source_reconstruction_v1,2026-09-13,,,,diff,a,True
AgCensus2015-16 T2-4 Assam/All/number/SmallvsLarge,AgCensus2015-16,T2-4,Assam,All,number,SmallvsLarge,landholding,small holdings,large holdings,1,0,0,1,diff,a,"Table 2, PDF pages 25,27,30",https://www.fao.org/fileadmin/templates/ess/ess_test_folder/World_Census_Agriculture/WCA_2020/WCA_2020_new_doc/IND_REP_ENG_2015_2016.pdf | archived_sha256=fb01bcb922a38ef964a2ca2fddada5540426bf5b06317d931425ae8d699d6405,archived a1_extract.py/a1b_gender.py; shares independently recomputed from numeric CSV,percentage share (0-100); raw number of holdings in thousands,All Classes total for Assam/All/number=2742,18.0525164114,0.1458789205,raw Small=495; raw Large=4; construction fact=f00771; stored gap=17.91 pp,recomputed_from_archived_official_report,deterministic_source_reconstruction_v1,2026-09-13,,,,diff,a,True
AgCensus2015-16 T2-4 Assam/All/number/SmallvsMedium,AgCensus2015-16,T2-4,Assam,All,number,SmallvsMedium,landholding,small holdings,medium holdings,1,1,0,0,diff,a,"Table 2, PDF pages 25,27,29",https://www.fao.org/fileadmin/templates/ess/ess_test_folder/World_Census_Agriculture/WCA_2020/WCA_2020_new_doc/IND_REP_ENG_2015_2016.pdf | archived_sha256=fb01bcb922a38ef964a2ca2fddada5540426bf5b06317d931425ae8d699d6405,archived a1_extract.py/a1b_gender.py; shares independently recomputed from numeric CSV,percentage share (0-100); raw number of holdings in thousands,All Classes total for Assam/All/number=2742,18.0525164114,2.8811086798,raw Small=495; raw Medium=79; construction fact=f00770; stored gap=15.17 pp,recomputed_from_archived_official_report,deterministic_source_reconstruction_v1,2026-09-13,,,,diff,a,True
AgCensus2015-16 T2-4 Assam/Large/area/SCvsOthers,AgCensus2015-16,T2-4,Assam,Large,area,SCvsOthers,social_group,Scheduled Castes,Other social groups,1,1,0,0,diff,b,"Tables 2-4, PDF pages 30,36,42",https://www.fao.org/fileadmin/templates/ess/ess_test_folder/World_Census_Agriculture/WCA_2020/WCA_2020_new_doc/IND_REP_ENG_2015_2016.pdf | archived_sha256=fb01bcb922a38ef964a2ca2fddada5540426bf5b06317d931425ae8d699d6405,archived a1_extract.py/a1b_gender.py; shares independently recomputed from numeric CSV,percentage share (0-100); raw operated area in thousand hectares,All-social-groups total for Assam/Large/area=279,0.3584229391,97.8494623656,raw SC=1; raw Others=273; construction fact=f00382; stored gap=97.49 pp,recomputed_from_archived_official_report,deterministic_source_reconstruction_v1,2026-09-13,,,,diff,b,True
AgCensus2015-16 T2-4 Assam/Large/area/STvsOthers,AgCensus2015-16,T2-4,Assam,Large,area,STvsOthers,social_group,Scheduled Tribes,Other social groups,1,1,0,0,diff,b,"Tables 2-4, PDF pages 30,36,42",https://www.fao.org/fileadmin/templates/ess/ess_test_folder/World_Census_Agriculture/WCA_2020/WCA_2020_new_doc/IND_REP_ENG_2015_2016.pdf | archived_sha256=fb01bcb922a38ef964a2ca2fddada5540426bf5b06317d931425ae8d699d6405,archived a1_extract.py/a1b_gender.py; shares independently recomputed from numeric CSV,percentage share (0-100); raw operated area in thousand hectares,All-social-groups total for Assam/Large/area=279,1.7921146953,97.8494623656,raw ST=5; raw Others=273; construction fact=f00383; stored gap=96.06 pp,recomputed_from_archived_official_report,deterministic_source_reconstruction_v1,2026-09-13,,,,diff,b,True
AgCensus2015-16 T2-4 Assam/Marginal/area/SCvsOthers,AgCensus2015-16,T2-4,Assam,Marginal,area,SCvsOthers,social_group,Scheduled Castes,Other social groups,1,1,0,0,diff,b,"Tables 2-4, PDF pages 26,32,38",https://www.fao.org/fileadmin/templates/ess/ess_test_folder/World_Census_Agriculture/WCA_2020/WCA_2020_new_doc/IND_REP_ENG_2015_2016.pdf | archived_sha256=fb01bcb922a38ef964a2ca2fddada5540426bf5b06317d931425ae8d699d6405,archived a1_extract.py/a1b_gender.py; shares independently recomputed from numeric CSV,percentage share (0-100); raw operated area in thousand hectares,All-social-groups total for Assam/Marginal/area=785,5.0955414013,79.6178343949,raw SC=40; raw Others=625; construction fact=f00385; stored gap=74.52 pp,recomputed_from_archived_official_report,deterministic_source_reconstruction_v1,2026-09-13,,,,diff,b,True
AgCensus2015-16 T2-4 Assam/Marginal/area/SCvsST,AgCensus2015-16,T2-4,Assam,Marginal,area,SCvsST,social_group,Scheduled Castes,Scheduled Tribes,1,1,0,0,diff,b,"Tables 2-4, PDF pages 26,32,38",https://www.fao.org/fileadmin/templates/ess/ess_test_folder/World_Census_Agriculture/WCA_2020/WCA_2020_new_doc/IND_REP_ENG_2015_2016.pdf | archived_sha256=fb01bcb922a38ef964a2ca2fddada5540426bf5b06317d931425ae8d699d6405,archived a1_extract.py/a1b_gender.py; shares independently recomputed from numeric CSV,percentage share (0-100); raw operated area in thousand hectares,All-social-groups total for Assam/Marginal/area=785,5.0955414013,15.2866242038,raw SC=40; raw ST=120; construction fact=f00384; stored gap=10.19 pp,recomputed_from_archived_official_report,deterministic_source_reconstruction_v1,2026-09-13,,,,diff,b,True
AgCensus2015-16 T2-4 Assam/Marginal/area/STvsOthers,AgCensus2015-16,T2-4,Assam,Marginal,area,STvsOthers,social_group,Scheduled Tribes,Other social groups,1,1,0,0,diff,b,"Tables 2-4, PDF pages 26,32,38",https://www.fao.org/fileadmin/templates/ess/ess_test_folder/World_Census_Agriculture/WCA_2020/WCA_2020_new_doc/IND_REP_ENG_2015_2016.pdf | archived_sha256=fb01bcb922a38ef964a2ca2fddada5540426bf5b06317d931425ae8d699d6405,archived a1_extract.py/a1b_gender.py; shares independently recomputed from numeric CSV,percentage share (0-100); raw operated area in thousand hectares,All-social-groups total for Assam/Marginal/area=785,15.2866242038,79.6178343949,raw ST=120; raw Others=625; construction fact=f00386; stored gap=64.33 pp,recomputed_from_archived_official_report,deterministic_source_reconstruction_v1,2026-09-13,,,,diff,b,True
AgCensus2015-16 T2-4 Assam/Marginal/number/SCvsOthers,AgCensus2015-16,T2-4,Assam,Marginal,number,SCvsOthers,social_group,Scheduled Castes,Other social groups,1,0,0,1,diff,b,"Tables 2-4, PDF pages 26,32,38",https://www.fao.org/fileadmin/templates/ess/ess_test_folder/World_Census_Agriculture/WCA_2020/WCA_2020_new_doc/IND_REP_ENG_2015_2016.pdf | archived_sha256=fb01bcb922a38ef964a2ca2fddada5540426bf5b06317d931425ae8d699d6405,archived a1_extract.py/a1b_gender.py; shares independently recomputed from numeric CSV,percentage share (0-100); raw number of holdings in thousands,All-social-groups total for Assam/Marginal/number=1868,4.9785867238,80.5674518201,raw SC=93; raw Others=1505; construction fact=f00027; stored gap=75.59 pp,recomputed_from_archived_official_report,deterministic_source_reconstruction_v1,2026-09-13,,,,diff,b,True
AgCensus2015-16 T2-4 Assam/Marginal/number/STvsOthers,AgCensus2015-16,T2-4,Assam,Marginal,number,STvsOthers,social_group,Scheduled Tribes,Other social groups,1,1,0,0,diff,b,"Tables 2-4, PDF pages 26,32,38",https://www.fao.org/fileadmin/templates/ess/ess_test_folder/World_Census_Agriculture/WCA_2020/WCA_2020_new_doc/IND_REP_ENG_2015_2016.pdf | archived_sha256=fb01bcb922a38ef964a2ca2fddada5540426bf5b06317d931425ae8d699d6405,archived a1_extract.py/a1b_gender.py; shares independently recomputed from numeric CSV,percentage share (0-100); raw number of holdings in thousands,All-social-groups total for Assam/Marginal/number=1868,14.4539614561,80.5674518201,raw ST=270; raw Others=1505; construction fact=f00028; stored gap=66.11 pp,recomputed_from_archived_official_report,deterministic_source_reconstruction_v1,2026-09-13,,,,diff,b,True
AgCensus2015-16 T2-4 Assam/Medium/area/SCvsOthers,AgCensus2015-16,T2-4,Assam,Medium,area,SCvsOthers,social_group,Scheduled Castes,Other social groups,1,0,0,1,diff,b,"Tables 2-4, PDF pages 29,35,41",https://www.fao.org/fileadmin/templates/ess/ess_test_folder/World_Census_Agriculture/WCA_2020/WCA_2020_new_doc/IND_REP_ENG_2015_2016.pdf | archived_sha256=fb01bcb922a38ef964a2ca2fddada5540426bf5b06317d931425ae8d699d6405,archived a1_extract.py/a1b_gender.py; shares independently recomputed from numeric CSV,percentage share (0-100); raw operated area in thousand hectares,All-social-groups total for Assam/Medium/area=410,5.3658536585,75.3658536585,raw SC=22; raw Others=309; construction fact=f00388; stored gap=70.0 pp,recomputed_from_archived_official_report,deterministic_source_reconstruction_v1,2026-09-13,,,,diff,b,True
AgCensus2015-16 T2-4 Assam/Medium/area/SCvsST,AgCensus2015-16,T2-4,Assam,Medium,area,SCvsST,social_group,Scheduled Castes,Scheduled Tribes,1,1,0,0,diff,b,"Tables 2-4, PDF pages 29,35,41",https://www.fao.org/fileadmin/templates/ess/ess_test_folder/World_Census_Agriculture/WCA_2020/WCA_2020_new_doc/IND_REP_ENG_2015_2016.pdf | archived_sha256=fb01bcb922a38ef964a2ca2fddada5540426bf5b06317d931425ae8d699d6405,archived a1_extract.py/a1b_gender.py; shares independently recomputed from numeric CSV,percentage share (0-100); raw operated area in thousand hectares,All-social-groups total for Assam/Medium/area=410,5.3658536585,19.2682926829,raw SC=22; raw ST=79; construction fact=f00387; stored gap=13.9 pp,recomputed_from_archived_official_report,deterministic_source_reconstruction_v1,2026-09-13,,,,diff,b,True
AgCensus2015-16 T2-4 Assam/Medium/number/SCvsST,AgCensus2015-16,T2-4,Assam,Medium,number,SCvsST,social_group,Scheduled Castes,Scheduled Tribes,1,0,1,0,diff,b,"Tables 2-4, PDF pages 29,35,41",https://www.fao.org/fileadmin/templates/ess/ess_test_folder/World_Census_Agriculture/WCA_2020/WCA_2020_new_doc/IND_REP_ENG_2015_2016.pdf | archived_sha256=fb01bcb922a38ef964a2ca2fddada5540426bf5b06317d931425ae8d699d6405,archived a1_extract.py/a1b_gender.py; shares independently recomputed from numeric CSV,percentage share (0-100); raw number of holdings in thousands,All-social-groups total for Assam/Medium/number=79,5.0632911392,18.9873417722,raw SC=4; raw ST=15; construction fact=f00029; stored gap=13.92 pp,recomputed_from_archived_official_report,deterministic_source_reconstruction_v1,2026-09-13,,,,diff,b,True
AgCensus2015-16 T2-4 Assam/Medium/number/STvsOthers,AgCensus2015-16,T2-4,Assam,Medium,number,STvsOthers,social_group,Scheduled Tribes,Other social groups,1,0,0,1,diff,b,"Tables 2-4, PDF pages 29,35,41",https://www.fao.org/fileadmin/templates/ess/ess_test_folder/World_Census_Agriculture/WCA_2020/WCA_2020_new_doc/IND_REP_ENG_2015_2016.pdf | archived_sha256=fb01bcb922a38ef964a2ca2fddada5540426bf5b06317d931425ae8d699d6405,archived a1_extract.py/a1b_gender.py; shares independently recomputed from numeric CSV,percentage share (0-100); raw number of holdings in thousands,All-social-groups total for Assam/Medium/number=79,18.9873417722,75.9493670886,raw ST=15; raw Others=60; construction fact=f00031; stored gap=56.96 pp,recomputed_from_archived_official_report,deterministic_source_reconstruction_v1,2026-09-13,,,,diff,b,True
AgCensus2015-16 T2-4 Assam/SC/area/MarginalvsSemi-medium,AgCensus2015-16,T2-4,Assam,SC,area,MarginalvsSemi-medium,landholding,marginal operated area,semi-medium operated area,2,0,0,2,equal,c,"Table 3, PDF pages 31,32,34",https://www.fao.org/fileadmin/templates/ess/ess_test_folder/World_Census_Agriculture/WCA_2020/WCA_2020_new_doc/IND_REP_ENG_2015_2016.pdf | archived_sha256=fb01bcb922a38ef964a2ca2fddada5540426bf5b06317d931425ae8d699d6405,archived a1_extract.py/a1b_gender.py; shares independently recomputed from numeric CSV,percentage share (0-100); raw operated area in thousand hectares,All Classes total for Assam/SC/area=151,26.4900662252,31.1258278146,raw Marginal=40; raw Semi-medium=47; construction fact=f01603; stored gap=4.64 pp,recomputed_from_archived_official_report,deterministic_source_reconstruction_v1,2026-09-13,,,,equal,c,True
AgCensus2015-16 T2-4 Assam/SC/area/MarginalvsSmall,AgCensus2015-16,T2-4,Assam,SC,area,MarginalvsSmall,landholding,marginal operated area,small operated area,2,2,0,0,equal,c,"Table 3, PDF pages 31,32,33",https://www.fao.org/fileadmin/templates/ess/ess_test_folder/World_Census_Agriculture/WCA_2020/WCA_2020_new_doc/IND_REP_ENG_2015_2016.pdf | archived_sha256=fb01bcb922a38ef964a2ca2fddada5540426bf5b06317d931425ae8d699d6405,archived a1_extract.py/a1b_gender.py; shares independently recomputed from numeric CSV,percentage share (0-100); raw operated area in thousand hectares,All Classes total for Assam/SC/area=151,26.4900662252,27.1523178808,raw Marginal=40; raw Small=41; construction fact=f01602; stored gap=0.66 pp,recomputed_from_archived_official_report,deterministic_source_reconstruction_v1,2026-09-13,,,,equal,c,True
AgCensus2015-16 T2-4 Assam/SC/area/SmallvsSemi-medium,AgCensus2015-16,T2-4,Assam,SC,area,SmallvsSemi-medium,landholding,small operated area,semi-medium operated area,2,2,0,0,equal,c,"Table 3, PDF pages 31,33,34",https://www.fao.org/fileadmin/templates/ess/ess_test_folder/World_Census_Agriculture/WCA_2020/WCA_2020_new_doc/IND_REP_ENG_2015_2016.pdf | archived_sha256=fb01bcb922a38ef964a2ca2fddada5540426bf5b06317d931425ae8d699d6405,archived a1_extract.py/a1b_gender.py; shares independently recomputed from numeric CSV,percentage share (0-100); raw operated area in thousand hectares,All Classes total for Assam/SC/area=151,27.1523178808,31.1258278146,raw Small=41; raw Semi-medium=47; construction fact=f01606; stored gap=3.97 pp,recomputed_from_archived_official_report,deterministic_source_reconstruction_v1,2026-09-13,,,,equal,c,True
AgCensus2015-16 T2-4 Assam/SC/number/MarginalvsLarge,AgCensus2015-16,T2-4,Assam,SC,number,MarginalvsLarge,landholding,marginal holdings,large holdings,1,1,0,0,diff,a,"Table 3, PDF pages 31,32,36",https://www.fao.org/fileadmin/templates/ess/ess_test_folder/World_Census_Agriculture/WCA_2020/WCA_2020_new_doc/IND_REP_ENG_2015_2016.pdf | archived_sha256=fb01bcb922a38ef964a2ca2fddada5540426bf5b06317d931425ae8d699d6405,archived a1_extract.py/a1b_gender.py; shares independently recomputed from numeric CSV,percentage share (0-100); raw number of holdings in thousands,All Classes total for Assam/SC/number=143,65.0349650350,0.0000000000,raw Marginal=93; raw Large=0; construction fact=f00981; stored gap=65.03 pp,recomputed_from_archived_official_report,deterministic_source_reconstruction_v1,2026-09-13,,,,diff,a,True
AgCensus2015-16 T2-4 Assam/SC/number/MarginalvsMedium,AgCensus2015-16,T2-4,Assam,SC,number,MarginalvsMedium,landholding,marginal holdings,medium holdings,1,0,0,1,diff,a,"Table 3, PDF pages 31,32,35",https://www.fao.org/fileadmin/templates/ess/ess_test_folder/World_Census_Agriculture/WCA_2020/WCA_2020_new_doc/IND_REP_ENG_2015_2016.pdf | archived_sha256=fb01bcb922a38ef964a2ca2fddada5540426bf5b06317d931425ae8d699d6405,archived a1_extract.py/a1b_gender.py; shares independently recomputed from numeric CSV,percentage share (0-100); raw number of holdings in thousands,All Classes total for Assam/SC/number=143,65.0349650350,2.7972027972,raw Marginal=93; raw Medium=4; construction fact=f00980; stored gap=62.24 pp,recomputed_from_archived_official_report,deterministic_source_reconstruction_v1,2026-09-13,,,,diff,a,True
AgCensus2015-16 T2-4 Assam/SC/number/MarginalvsSemi-medium,AgCensus2015-16,T2-4,Assam,SC,number,MarginalvsSemi-medium,landholding,marginal holdings,semi-medium holdings,1,0,0,1,diff,a,"Table 3, PDF pages 31,32,34",https://www.fao.org/fileadmin/templates/ess/ess_test_folder/World_Census_Agriculture/WCA_2020/WCA_2020_new_doc/IND_REP_ENG_2015_2016.pdf | archived_sha256=fb01bcb922a38ef964a2ca2fddada5540426bf5b06317d931425ae8d699d6405,archived a1_extract.py/a1b_gender.py; shares independently recomputed from numeric CSV,percentage share (0-100); raw number of holdings in thousands,All Classes total for Assam/SC/number=143,65.0349650350,11.8881118881,raw Marginal=93; raw Semi-medium=17; construction fact=f00979; stored gap=53.15 pp,recomputed_from_archived_official_report,deterministic_source_reconstruction_v1,2026-09-13,,,,diff,a,True
AgCensus2015-16 T2-4 Assam/SC/number/MarginalvsSmall,AgCensus2015-16,T2-4,Assam,SC,number,MarginalvsSmall,landholding,marginal holdings,small holdings,1,0,0,1,diff,a,"Table 3, PDF pages 31,32,33",https://www.fao.org/fileadmin/templates/ess/ess_test_folder/World_Census_Agriculture/WCA_2020/WCA_2020_new_doc/IND_REP_ENG_2015_2016.pdf | archived_sha256=fb01bcb922a38ef964a2ca2fddada5540426bf5b06317d931425ae8d699d6405,archived a1_extract.py/a1b_gender.py; shares independently recomputed from numeric CSV,percentage share (0-100); raw number of holdings in thousands,All Classes total for Assam/SC/number=143,65.0349650350,20.2797202797,raw Marginal=93; raw Small=29; construction fact=f00978; stored gap=44.76 pp,recomputed_from_archived_official_report,deterministic_source_reconstruction_v1,2026-09-13,,,,diff,a,True
AgCensus2015-16 T2-4 Assam/SC/number/Semi-mediumvsLarge,AgCensus2015-16,T2-4,Assam,SC,number,Semi-mediumvsLarge,landholding,semi-medium holdings,large holdings,1,0,0,1,diff,a,"Table 3, PDF pages 31,34,36",https://www.fao.org/fileadmin/templates/ess/ess_test_folder/World_Census_Agriculture/WCA_2020/WCA_2020_new_doc/IND_REP_ENG_2015_2016.pdf | archived_sha256=fb01bcb922a38ef964a2ca2fddada5540426bf5b06317d931425ae8d699d6405,archived a1_extract.py/a1b_gender.py; shares independently recomputed from numeric CSV,percentage share (0-100); raw number of holdings in thousands,All Classes total for Assam/SC/number=143,11.8881118881,0.0000000000,raw Semi-medium=17; raw Large=0; construction fact=f00984; stored gap=11.89 pp,recomputed_from_archived_official_report,deterministic_source_reconstruction_v1,2026-09-13,,,,diff,a,True
AgCensus2015-16 T2-4 Assam/SC/number/SmallvsLarge,AgCensus2015-16,T2-4,Assam,SC,number,SmallvsLarge,landholding,small holdings,large holdings,1,1,0,0,diff,a,"Table 3, PDF pages 31,33,36",https://www.fao.org/fileadmin/templates/ess/ess_test_folder/World_Census_Agriculture/WCA_2020/WCA_2020_new_doc/IND_REP_ENG_2015_2016.pdf | archived_sha256=fb01bcb922a38ef964a2ca2fddada5540426bf5b06317d931425ae8d699d6405,archived a1_extract.py/a1b_gender.py; shares independently recomputed from numeric CSV,percentage share (0-100); raw number of holdings in thousands,All Classes total for Assam/SC/number=143,20.2797202797,0.0000000000,raw Small=29; raw Large=0; construction fact=f00983; stored gap=20.28 pp,recomputed_from_archived_official_report,deterministic_source_reconstruction_v1,2026-09-13,,,,diff,a,True
AgCensus2015-16 T2-4 Assam/SC/number/SmallvsMedium,AgCensus2015-16,T2-4,Assam,SC,number,SmallvsMedium,landholding,small holdings,medium holdings,1,1,0,0,diff,a,"Table 3, PDF pages 31,33,35",https://www.fao.org/fileadmin/templates/ess/ess_test_folder/World_Census_Agriculture/WCA_2020/WCA_2020_new_doc/IND_REP_ENG_2015_2016.pdf | archived_sha256=fb01bcb922a38ef964a2ca2fddada5540426bf5b06317d931425ae8d699d6405,archived a1_extract.py/a1b_gender.py; shares independently recomputed from numeric CSV,percentage share (0-100); raw number of holdings in thousands,All Classes total for Assam/SC/number=143,20.2797202797,2.7972027972,raw Small=29; raw Medium=4; construction fact=f00982; stored gap=17.48 pp,recomputed_from_archived_official_report,deterministic_source_reconstruction_v1,2026-09-13,,,,diff,a,True
AgCensus2015-16 T2-4 Assam/ST/area/MarginalvsSmall,AgCensus2015-16,T2-4,Assam,ST,area,MarginalvsSmall,landholding,marginal operated area,small operated area,3,3,0,0,equal,c,"Table 4, PDF pages 37,38,39",https://www.fao.org/fileadmin/templates/ess/ess_test_folder/World_Census_Agriculture/WCA_2020/WCA_2020_new_doc/IND_REP_ENG_2015_2016.pdf | archived_sha256=fb01bcb922a38ef964a2ca2fddada5540426bf5b06317d931425ae8d699d6405,archived a1_extract.py/a1b_gender.py; shares independently recomputed from numeric CSV,percentage share (0-100); raw operated area in thousand hectares,All Classes total for Assam/ST/area=510,23.5294117647,26.8627450980,raw Marginal=120; raw Small=137; construction fact=f01780; stored gap=3.33 pp,recomputed_from_archived_official_report,deterministic_source_reconstruction_v1,2026-09-13,,,,equal,c,True
AgCensus2015-16 T2-4 Assam/ST/number/MarginalvsLarge,AgCensus2015-16,T2-4,Assam,ST,number,MarginalvsLarge,landholding,marginal holdings,large holdings,1,1,0,0,diff,a,"Table 4, PDF pages 37,38,42",https://www.fao.org/fileadmin/templates/ess/ess_test_folder/World_Census_Agriculture/WCA_2020/WCA_2020_new_doc/IND_REP_ENG_2015_2016.pdf | archived_sha256=fb01bcb922a38ef964a2ca2fddada5540426bf5b06317d931425ae8d699d6405,archived a1_extract.py/a1b_gender.py; shares independently recomputed from numeric CSV,percentage share (0-100); raw number of holdings in thousands,All Classes total for Assam/ST/number=443,60.9480812641,0.0000000000,raw Marginal=270; raw Large=0; construction fact=f01137; stored gap=60.95 pp,recomputed_from_archived_official_report,deterministic_source_reconstruction_v1,2026-09-13,,,,diff,a,True
AgCensus2015-16 T2-4 Assam/ST/number/MarginalvsMedium,AgCensus2015-16,T2-4,Assam,ST,number,MarginalvsMedium,landholding,marginal holdings,medium holdings,1,0,0,1,diff,a,"Table 4, PDF pages 37,38,41",https://www.fao.org/fileadmin/templates/ess/ess_test_folder/World_Census_Agriculture/WCA_2020/WCA_2020_new_doc/IND_REP_ENG_2015_2016.pdf | archived_sha256=fb01bcb922a38ef964a2ca2fddada5540426bf5b06317d931425ae8d699d6405,archived a1_extract.py/a1b_gender.py; shares independently recomputed from numeric CSV,percentage share (0-100); raw number of holdings in thousands,All Classes total for Assam/ST/number=443,60.9480812641,3.3860045147,raw Marginal=270; raw Medium=15; construction fact=f01136; stored gap=57.56 pp,recomputed_from_archived_official_report,deterministic_source_reconstruction_v1,2026-09-13,,,,diff,a,True
AgCensus2015-16 T2-4 Assam/ST/number/MarginalvsSemi-medium,AgCensus2015-16,T2-4,Assam,ST,number,MarginalvsSemi-medium,landholding,marginal holdings,semi-medium holdings,1,1,0,0,diff,a,"Table 4, PDF pages 37,38,40",https://www.fao.org/fileadmin/templates/ess/ess_test_folder/World_Census_Agriculture/WCA_2020/WCA_2020_new_doc/IND_REP_ENG_2015_2016.pdf | archived_sha256=fb01bcb922a38ef964a2ca2fddada5540426bf5b06317d931425ae8d699d6405,archived a1_extract.py/a1b_gender.py; shares independently recomputed from numeric CSV,percentage share (0-100); raw number of holdings in thousands,All Classes total for Assam/ST/number=443,60.9480812641,13.9954853273,raw Marginal=270; raw Semi-medium=62; construction fact=f01135; stored gap=46.95 pp,recomputed_from_archived_official_report,deterministic_source_reconstruction_v1,2026-09-13,,,,diff,a,True
AgCensus2015-16 T2-4 Assam/ST/number/MarginalvsSmall,AgCensus2015-16,T2-4,Assam,ST,number,MarginalvsSmall,landholding,marginal holdings,small holdings,1,1,0,0,diff,a,"Table 4, PDF pages 37,38,39",https://www.fao.org/fileadmin/templates/ess/ess_test_folder/World_Census_Agriculture/WCA_2020/WCA_2020_new_doc/IND_REP_ENG_2015_2016.pdf | archived_sha256=fb01bcb922a38ef964a2ca2fddada5540426bf5b06317d931425ae8d699d6405,archived a1_extract.py/a1b_gender.py; shares independently recomputed from numeric CSV,percentage share (0-100); raw number of holdings in thousands,All Classes total for Assam/ST/number=443,60.9480812641,21.6704288939,raw Marginal=270; raw Small=96; construction fact=f01134; stored gap=39.28 pp,recomputed_from_archived_official_report,deterministic_source_reconstruction_v1,2026-09-13,,,,diff,a,True
AgCensus2015-16 T2-4 Assam/ST/number/Semi-mediumvsLarge,AgCensus2015-16,T2-4,Assam,ST,number,Semi-mediumvsLarge,landholding,semi-medium holdings,large holdings,1,1,0,0,diff,a,"Table 4, PDF pages 37,40,42",https://www.fao.org/fileadmin/templates/ess/ess_test_folder/World_Census_Agriculture/WCA_2020/WCA_2020_new_doc/IND_REP_ENG_2015_2016.pdf | archived_sha256=fb01bcb922a38ef964a2ca2fddada5540426bf5b06317d931425ae8d699d6405,archived a1_extract.py/a1b_gender.py; shares independently recomputed from numeric CSV,percentage share (0-100); raw number of holdings in thousands,All Classes total for Assam/ST/number=443,13.9954853273,0.0000000000,raw Semi-medium=62; raw Large=0; construction fact=f01141; stored gap=14.0 pp,recomputed_from_archived_official_report,deterministic_source_reconstruction_v1,2026-09-13,,,,diff,a,True
AgCensus2015-16 T2-4 Assam/ST/number/Semi-mediumvsMedium,AgCensus2015-16,T2-4,Assam,ST,number,Semi-mediumvsMedium,landholding,semi-medium holdings,medium holdings,1,0,0,1,diff,a,"Table 4, PDF pages 37,40,41",https://www.fao.org/fileadmin/templates/ess/ess_test_folder/World_Census_Agriculture/WCA_2020/WCA_2020_new_doc/IND_REP_ENG_2015_2016.pdf | archived_sha256=fb01bcb922a38ef964a2ca2fddada5540426bf5b06317d931425ae8d699d6405,archived a1_extract.py/a1b_gender.py; shares independently recomputed from numeric CSV,percentage share (0-100); raw number of holdings in thousands,All Classes total for Assam/ST/number=443,13.9954853273,3.3860045147,raw Semi-medium=62; raw Medium=15; construction fact=f01140; stored gap=10.61 pp,recomputed_from_archived_official_report,deterministic_source_reconstruction_v1,2026-09-13,,,,diff,a,True
AgCensus2015-16 T2-4 Assam/ST/number/SmallvsLarge,AgCensus2015-16,T2-4,Assam,ST,number,SmallvsLarge,landholding,small holdings,large holdings,1,0,0,1,diff,a,"Table 4, PDF pages 37,39,42",https://www.fao.org/fileadmin/templates/ess/ess_test_folder/World_Census_Agriculture/WCA_2020/WCA_2020_new_doc/IND_REP_ENG_2015_2016.pdf | archived_sha256=fb01bcb922a38ef964a2ca2fddada5540426bf5b06317d931425ae8d699d6405,archived a1_extract.py/a1b_gender.py; shares independently recomputed from numeric CSV,percentage share (0-100); raw number of holdings in thousands,All Classes total for Assam/ST/number=443,21.6704288939,0.0000000000,raw Small=96; raw Large=0; construction fact=f01139; stored gap=21.67 pp,recomputed_from_archived_official_report,deterministic_source_reconstruction_v1,2026-09-13,,,,diff,a,True
AgCensus2015-16 T2-4 Assam/ST/number/SmallvsMedium,AgCensus2015-16,T2-4,Assam,ST,number,SmallvsMedium,landholding,small holdings,medium holdings,1,1,0,0,diff,a,"Table 4, PDF pages 37,39,41",https://www.fao.org/fileadmin/templates/ess/ess_test_folder/World_Census_Agriculture/WCA_2020/WCA_2020_new_doc/IND_REP_ENG_2015_2016.pdf | archived_sha256=fb01bcb922a38ef964a2ca2fddada5540426bf5b06317d931425ae8d699d6405,archived a1_extract.py/a1b_gender.py; shares independently recomputed from numeric CSV,percentage share (0-100); raw number of holdings in thousands,All Classes total for Assam/ST/number=443,21.6704288939,3.3860045147,raw Small=96; raw Medium=15; construction fact=f01138; stored gap=18.28 pp,recomputed_from_archived_official_report,deterministic_source_reconstruction_v1,2026-09-13,,,,diff,a,True
AgCensus2015-16 T2-4 Assam/Semi-medium/area/SCvsOthers,AgCensus2015-16,T2-4,Assam,Semi-medium,area,SCvsOthers,social_group,Scheduled Castes,Other social groups,1,0,0,1,diff,b,"Tables 2-4, PDF pages 28,34,40",https://www.fao.org/fileadmin/templates/ess/ess_test_folder/World_Census_Agriculture/WCA_2020/WCA_2020_new_doc/IND_REP_ENG_2015_2016.pdf | archived_sha256=fb01bcb922a38ef964a2ca2fddada5540426bf5b06317d931425ae8d699d6405,archived a1_extract.py/a1b_gender.py; shares independently recomputed from numeric CSV,percentage share (0-100); raw operated area in thousand hectares,All-social-groups total for Assam/Semi-medium/area=806,5.8312655087,73.0769230769,raw SC=47; raw Others=589; construction fact=f00391; stored gap=67.25 pp,recomputed_from_archived_official_report,deterministic_source_reconstruction_v1,2026-09-13,,,,diff,b,True
AgCensus2015-16 T2-4 Assam/Semi-medium/area/SCvsST,AgCensus2015-16,T2-4,Assam,Semi-medium,area,SCvsST,social_group,Scheduled Castes,Scheduled Tribes,1,0,0,1,diff,b,"Tables 2-4, PDF pages 28,34,40",https://www.fao.org/fileadmin/templates/ess/ess_test_folder/World_Census_Agriculture/WCA_2020/WCA_2020_new_doc/IND_REP_ENG_2015_2016.pdf | archived_sha256=fb01bcb922a38ef964a2ca2fddada5540426bf5b06317d931425ae8d699d6405,archived a1_extract.py/a1b_gender.py; shares independently recomputed from numeric CSV,percentage share (0-100); raw operated area in thousand hectares,All-social-groups total for Assam/Semi-medium/area=806,5.8312655087,21.0918114144,raw SC=47; raw ST=170; construction fact=f00390; stored gap=15.26 pp,recomputed_from_archived_official_report,deterministic_source_reconstruction_v1,2026-09-13,,,,diff,b,True
AgCensus2015-16 T2-4 Assam/Semi-medium/area/STvsOthers,AgCensus2015-16,T2-4,Assam,Semi-medium,area,STvsOthers,social_group,Scheduled Tribes,Other social groups,1,0,0,1,diff,b,"Tables 2-4, PDF pages 28,34,40",https://www.fao.org/fileadmin/templates/ess/ess_test_folder/World_Census_Agriculture/WCA_2020/WCA_2020_new_doc/IND_REP_ENG_2015_2016.pdf | archived_sha256=fb01bcb922a38ef964a2ca2fddada5540426bf5b06317d931425ae8d699d6405,archived a1_extract.py/a1b_gender.py; shares independently recomputed from numeric CSV,percentage share (0-100); raw operated area in thousand hectares,All-social-groups total for Assam/Semi-medium/area=806,21.0918114144,73.0769230769,raw ST=170; raw Others=589; construction fact=f00392; stored gap=51.99 pp,recomputed_from_archived_official_report,deterministic_source_reconstruction_v1,2026-09-13,,,,diff,b,True
AgCensus2015-16 T2-4 Assam/Semi-medium/number/SCvsOthers,AgCensus2015-16,T2-4,Assam,Semi-medium,number,SCvsOthers,social_group,Scheduled Castes,Other social groups,1,1,0,0,diff,b,"Tables 2-4, PDF pages 28,34,40",https://www.fao.org/fileadmin/templates/ess/ess_test_folder/World_Census_Agriculture/WCA_2020/WCA_2020_new_doc/IND_REP_ENG_2015_2016.pdf | archived_sha256=fb01bcb922a38ef964a2ca2fddada5540426bf5b06317d931425ae8d699d6405,archived a1_extract.py/a1b_gender.py; shares independently recomputed from numeric CSV,percentage share (0-100); raw number of holdings in thousands,All-social-groups total for Assam/Semi-medium/number=295,5.7627118644,73.2203389831,raw SC=17; raw Others=216; construction fact=f00033; stored gap=67.46 pp,recomputed_from_archived_official_report,deterministic_source_reconstruction_v1,2026-09-13,,,,diff,b,True
AgCensus2015-16 T2-4 Assam/Semi-medium/number/SCvsST,AgCensus2015-16,T2-4,Assam,Semi-medium,number,SCvsST,social_group,Scheduled Castes,Scheduled Tribes,1,0,0,1,diff,b,"Tables 2-4, PDF pages 28,34,40",https://www.fao.org/fileadmin/templates/ess/ess_test_folder/World_Census_Agriculture/WCA_2020/WCA_2020_new_doc/IND_REP_ENG_2015_2016.pdf | archived_sha256=fb01bcb922a38ef964a2ca2fddada5540426bf5b06317d931425ae8d699d6405,archived a1_extract.py/a1b_gender.py; shares independently recomputed from numeric CSV,percentage share (0-100); raw number of holdings in thousands,All-social-groups total for Assam/Semi-medium/number=295,5.7627118644,21.0169491525,raw SC=17; raw ST=62; construction fact=f00032; stored gap=15.25 pp,recomputed_from_archived_official_report,deterministic_source_reconstruction_v1,2026-09-13,,,,diff,b,True
AgCensus2015-16 T2-4 Assam/Semi-medium/number/STvsOthers,AgCensus2015-16,T2-4,Assam,Semi-medium,number,STvsOthers,social_group,Scheduled Tribes,Other social groups,1,1,0,0,diff,b,"Tables 2-4, PDF pages 28,34,40",https://www.fao.org/fileadmin/templates/ess/ess_test_folder/World_Census_Agriculture/WCA_2020/WCA_2020_new_doc/IND_REP_ENG_2015_2016.pdf | archived_sha256=fb01bcb922a38ef964a2ca2fddada5540426bf5b06317d931425ae8d699d6405,archived a1_extract.py/a1b_gender.py; shares independently recomputed from numeric CSV,percentage share (0-100); raw number of holdings in thousands,All-social-groups total for Assam/Semi-medium/number=295,21.0169491525,73.2203389831,raw ST=62; raw Others=216; construction fact=f00034; stored gap=52.2 pp,recomputed_from_archived_official_report,deterministic_source_reconstruction_v1,2026-09-13,,,,diff,b,True
AgCensus2015-16 T2-4 Assam/Small/area/SCvsOthers,AgCensus2015-16,T2-4,Assam,Small,area,SCvsOthers,social_group,Scheduled Castes,Other social groups,1,0,0,1,diff,b,"Tables 2-4, PDF pages 27,33,39",https://www.fao.org/fileadmin/templates/ess/ess_test_folder/World_Census_Agriculture/WCA_2020/WCA_2020_new_doc/IND_REP_ENG_2015_2016.pdf | archived_sha256=fb01bcb922a38ef964a2ca2fddada5540426bf5b06317d931425ae8d699d6405,archived a1_extract.py/a1b_gender.py; shares independently recomputed from numeric CSV,percentage share (0-100); raw operated area in thousand hectares,All-social-groups total for Assam/Small/area=696,5.8908045977,74.4252873563,raw SC=41; raw Others=518; construction fact=f00394; stored gap=68.53 pp,recomputed_from_archived_official_report,deterministic_source_reconstruction_v1,2026-09-13,,,,diff,b,True
AgCensus2015-16 T2-4 Assam/Small/area/SCvsST,AgCensus2015-16,T2-4,Assam,Small,area,SCvsST,social_group,Scheduled Castes,Scheduled Tribes,1,0,0,1,diff,b,"Tables 2-4, PDF pages 27,33,39",https://www.fao.org/fileadmin/templates/ess/ess_test_folder/World_Census_Agriculture/WCA_2020/WCA_2020_new_doc/IND_REP_ENG_2015_2016.pdf | archived_sha256=fb01bcb922a38ef964a2ca2fddada5540426bf5b06317d931425ae8d699d6405,archived a1_extract.py/a1b_gender.py; shares independently recomputed from numeric CSV,percentage share (0-100); raw operated area in thousand hectares,All-social-groups total for Assam/Small/area=696,5.8908045977,19.6839080460,raw SC=41; raw ST=137; construction fact=f00393; stored gap=13.79 pp,recomputed_from_archived_official_report,deterministic_source_reconstruction_v1,2026-09-13,,,,diff,b,True
AgCensus2015-16 T2-4 Assam/Small/area/STvsOthers,AgCensus2015-16,T2-4,Assam,Small,area,STvsOthers,social_group,Scheduled Tribes,Other social groups,1,0,0,1,diff,b,"Tables 2-4, PDF pages 27,33,39",https://www.fao.org/fileadmin/templates/ess/ess_test_folder/World_Census_Agriculture/WCA_2020/WCA_2020_new_doc/IND_REP_ENG_2015_2016.pdf | archived_sha256=fb01bcb922a38ef964a2ca2fddada5540426bf5b06317d931425ae8d699d6405,archived a1_extract.py/a1b_gender.py; shares independently recomputed from numeric CSV,percentage share (0-100); raw operated area in thousand hectares,All-social-groups total for Assam/Small/area=696,19.6839080460,74.4252873563,raw ST=137; raw Others=518; construction fact=f00395; stored gap=54.74 pp,recomputed_from_archived_official_report,deterministic_source_reconstruction_v1,2026-09-13,,,,diff,b,True
AgCensus2015-16 T2-4 Assam/Small/number/SCvsOthers,AgCensus2015-16,T2-4,Assam,Small,number,SCvsOthers,social_group,Scheduled Castes,Other social groups,1,0,0,1,diff,b,"Tables 2-4, PDF pages 27,33,39",https://www.fao.org/fileadmin/templates/ess/ess_test_folder/World_Census_Agriculture/WCA_2020/WCA_2020_new_doc/IND_REP_ENG_2015_2016.pdf | archived_sha256=fb01bcb922a38ef964a2ca2fddada5540426bf5b06317d931425ae8d699d6405,archived a1_extract.py/a1b_gender.py; shares independently recomputed from numeric CSV,percentage share (0-100); raw number of holdings in thousands,All-social-groups total for Assam/Small/number=495,5.8585858586,74.7474747475,raw SC=29; raw Others=370; construction fact=f00036; stored gap=68.89 pp,recomputed_from_archived_official_report,deterministic_source_reconstruction_v1,2026-09-13,,,,diff,b,True
AgCensus2015-16 T2-4 Assam/Small/number/SCvsST,AgCensus2015-16,T2-4,Assam,Small,number,SCvsST,social_group,Scheduled Castes,Scheduled Tribes,1,1,0,0,diff,b,"Tables 2-4, PDF pages 27,33,39",https://www.fao.org/fileadmin/templates/ess/ess_test_folder/World_Census_Agriculture/WCA_2020/WCA_2020_new_doc/IND_REP_ENG_2015_2016.pdf | archived_sha256=fb01bcb922a38ef964a2ca2fddada5540426bf5b06317d931425ae8d699d6405,archived a1_extract.py/a1b_gender.py; shares independently recomputed from numeric CSV,percentage share (0-100); raw number of holdings in thousands,All-social-groups total for Assam/Small/number=495,5.8585858586,19.3939393939,raw SC=29; raw ST=96; construction fact=f00035; stored gap=13.54 pp,recomputed_from_archived_official_report,deterministic_source_reconstruction_v1,2026-09-13,,,,diff,b,True
AgCensus2015-16 T2-4 Assam/Small/number/STvsOthers,AgCensus2015-16,T2-4,Assam,Small,number,STvsOthers,social_group,Scheduled Tribes,Other social groups,1,1,0,0,diff,b,"Tables 2-4, PDF pages 27,33,39",https://www.fao.org/fileadmin/templates/ess/ess_test_folder/World_Census_Agriculture/WCA_2020/WCA_2020_new_doc/IND_REP_ENG_2015_2016.pdf | archived_sha256=fb01bcb922a38ef964a2ca2fddada5540426bf5b06317d931425ae8d699d6405,archived a1_extract.py/a1b_gender.py; shares independently recomputed from numeric CSV,percentage share (0-100); raw number of holdings in thousands,All-social-groups total for Assam/Small/number=495,19.3939393939,74.7474747475,raw ST=96; raw Others=370; construction fact=f00037; stored gap=55.35 pp,recomputed_from_archived_official_report,deterministic_source_reconstruction_v1,2026-09-13,,,,diff,b,True
AgCensus2015-16 T2-4 Bihar/All Classes/area/SCvsOthers,AgCensus2015-16,T2-4,Bihar,All Classes,area,SCvsOthers,social_group,Scheduled Castes,Other social groups,1,0,0,1,diff,b,"Tables 2-4, PDF pages 25,31,37",https://www.fao.org/fileadmin/templates/ess/ess_test_folder/World_Census_Agriculture/WCA_2020/WCA_2020_new_doc/IND_REP_ENG_2015_2016.pdf | archived_sha256=fb01bcb922a38ef964a2ca2fddada5540426bf5b06317d931425ae8d699d6405,archived a1_extract.py/a1b_gender.py; shares independently recomputed from numeric CSV,percentage share (0-100); raw operated area in thousand hectares,All-social-groups total for Bihar/All Classes/area=6457,8.9205513396,89.4842806257,raw SC=576; raw Others=5778; construction fact=f00396; stored gap=80.56 pp,recomputed_from_archived_official_report,deterministic_source_reconstruction_v1,2026-09-13,,,,diff,b,True
AgCensus2015-16 T2-4 Bihar/All Classes/area/STvsOthers,AgCensus2015-16,T2-4,Bihar,All Classes,area,STvsOthers,social_group,Scheduled Tribes,Other social groups,1,0,0,1,diff,b,"Tables 2-4, PDF pages 25,31,37",https://www.fao.org/fileadmin/templates/ess/ess_test_folder/World_Census_Agriculture/WCA_2020/WCA_2020_new_doc/IND_REP_ENG_2015_2016.pdf | archived_sha256=fb01bcb922a38ef964a2ca2fddada5540426bf5b06317d931425ae8d699d6405,archived a1_extract.py/a1b_gender.py; shares independently recomputed from numeric CSV,percentage share (0-100); raw operated area in thousand hectares,All-social-groups total for Bihar/All Classes/area=6457,1.5951680347,89.4842806257,raw ST=103; raw Others=5778; construction fact=f00397; stored gap=87.89 pp,recomputed_from_archived_official_report,deterministic_source_reconstruction_v1,2026-09-13,,,,diff,b,True
AgCensus2015-16 T2-4 Bihar/All Classes/number/SCvsOthers,AgCensus2015-16,T2-4,Bihar,All Classes,number,SCvsOthers,social_group,Scheduled Castes,Other social groups,1,1,0,0,diff,b,"Tables 2-4, PDF pages 25,31,37",https://www.fao.org/fileadmin/templates/ess/ess_test_folder/World_Census_Agriculture/WCA_2020/WCA_2020_new_doc/IND_REP_ENG_2015_2016.pdf | archived_sha256=fb01bcb922a38ef964a2ca2fddada5540426bf5b06317d931425ae8d699d6405,archived a1_extract.py/a1b_gender.py; shares independently recomputed from numeric CSV,percentage share (0-100); raw number of holdings in thousands,All-social-groups total for Bihar/All Classes/number=16413,11.6675805764,87.0955949552,raw SC=1915; raw Others=14295; construction fact=f00039; stored gap=75.43 pp,recomputed_from_archived_official_report,deterministic_source_reconstruction_v1,2026-09-13,,,,diff,b,True
AgCensus2015-16 T2-4 Bihar/All Classes/number/SCvsST,AgCensus2015-16,T2-4,Bihar,All Classes,number,SCvsST,social_group,Scheduled Castes,Scheduled Tribes,1,0,0,1,diff,a,"Tables 2-4, PDF pages 25,31,37",https://www.fao.org/fileadmin/templates/ess/ess_test_folder/World_Census_Agriculture/WCA_2020/WCA_2020_new_doc/IND_REP_ENG_2015_2016.pdf | archived_sha256=fb01bcb922a38ef964a2ca2fddada5540426bf5b06317d931425ae8d699d6405,archived a1_extract.py/a1b_gender.py; shares independently recomputed from numeric CSV,percentage share (0-100); raw number of holdings in thousands,All-social-groups total for Bihar/All Classes/number=16413,11.6675805764,1.2368244684,raw SC=1915; raw ST=203; construction fact=f00038; stored gap=10.43 pp,recomputed_from_archived_official_report,deterministic_source_reconstruction_v1,2026-09-13,,,,diff,a,True
AgCensus2015-16 T2-4 Bihar/All Classes/number/STvsOthers,AgCensus2015-16,T2-4,Bihar,All Classes,number,STvsOthers,social_group,Scheduled Tribes,Other social groups,1,1,0,0,diff,b,"Tables 2-4, PDF pages 25,31,37",https://www.fao.org/fileadmin/templates/ess/ess_test_folder/World_Census_Agriculture/WCA_2020/WCA_2020_new_doc/IND_REP_ENG_2015_2016.pdf | archived_sha256=fb01bcb922a38ef964a2ca2fddada5540426bf5b06317d931425ae8d699d6405,archived a1_extract.py/a1b_gender.py; shares independently recomputed from numeric CSV,percentage share (0-100); raw number of holdings in thousands,All-social-groups total for Bihar/All Classes/number=16413,1.2368244684,87.0955949552,raw ST=203; raw Others=14295; construction fact=f00040; stored gap=85.86 pp,recomputed_from_archived_official_report,deterministic_source_reconstruction_v1,2026-09-13,,,,diff,b,True
AgCensus2015-16 T2-4 Bihar/All/area/SmallvsSemi-medium,AgCensus2015-16,T2-4,Bihar,All,area,SmallvsSemi-medium,landholding,small operated area,semi-medium operated area,2,2,0,0,equal,c,"Table 2, PDF pages 25,27,28",https://www.fao.org/fileadmin/templates/ess/ess_test_folder/World_Census_Agriculture/WCA_2020/WCA_2020_new_doc/IND_REP_ENG_2015_2016.pdf | archived_sha256=fb01bcb922a38ef964a2ca2fddada5540426bf5b06317d931425ae8d699d6405,archived a1_extract.py/a1b_gender.py; shares independently recomputed from numeric CSV,percentage share (0-100); raw operated area in thousand hectares,All Classes total for Bihar/All/area=6457,18.2437664550,16.6640854886,raw Small=1178; raw Semi-medium=1076; construction fact=f01359; stored gap=1.58 pp,recomputed_from_archived_official_report,deterministic_source_reconstruction_v1,2026-09-13,,,,equal,c,True
AgCensus2015-16 T2-4 Bihar/All/number/MarginalvsLarge,AgCensus2015-16,T2-4,Bihar,All,number,MarginalvsLarge,landholding,marginal holdings,large holdings,1,1,0,0,diff,a,"Table 2, PDF pages 25,26,30",https://www.fao.org/fileadmin/templates/ess/ess_test_folder/World_Census_Agriculture/WCA_2020/WCA_2020_new_doc/IND_REP_ENG_2015_2016.pdf | archived_sha256=fb01bcb922a38ef964a2ca2fddada5540426bf5b06317d931425ae8d699d6405,archived a1_extract.py/a1b_gender.py; shares independently recomputed from numeric CSV,percentage share (0-100); raw number of holdings in thousands,All Classes total for Bihar/All/number=16413,91.2142813623,0.0182781941,raw Marginal=14971; raw Large=3; construction fact=f00776; stored gap=91.2 pp,recomputed_from_archived_official_report,deterministic_source_reconstruction_v1,2026-09-13,,,,diff,a,True
AgCensus2015-16 T2-4 Bihar/All/number/MarginalvsMedium,AgCensus2015-16,T2-4,Bihar,All,number,MarginalvsMedium,landholding,marginal holdings,medium holdings,1,1,0,0,diff,a,"Table 2, PDF pages 25,26,29",https://www.fao.org/fileadmin/templates/ess/ess_test_folder/World_Census_Agriculture/WCA_2020/WCA_2020_new_doc/IND_REP_ENG_2015_2016.pdf | archived_sha256=fb01bcb922a38ef964a2ca2fddada5540426bf5b06317d931425ae8d699d6405,archived a1_extract.py/a1b_gender.py; shares independently recomputed from numeric CSV,percentage share (0-100); raw number of holdings in thousands,All Classes total for Bihar/All/number=16413,91.2142813623,0.4935112411,raw Marginal=14971; raw Medium=81; construction fact=f00775; stored gap=90.72 pp,recomputed_from_archived_official_report,deterministic_source_reconstruction_v1,2026-09-13,,,,diff,a,True
AgCensus2015-16 T2-4 Bihar/All/number/MarginalvsSmall,AgCensus2015-16,T2-4,Bihar,All,number,MarginalvsSmall,landholding,marginal holdings,small holdings,1,0,0,1,diff,a,"Table 2, PDF pages 25,26,27",https://www.fao.org/fileadmin/templates/ess/ess_test_folder/World_Census_Agriculture/WCA_2020/WCA_2020_new_doc/IND_REP_ENG_2015_2016.pdf | archived_sha256=fb01bcb922a38ef964a2ca2fddada5540426bf5b06317d931425ae8d699d6405,archived a1_extract.py/a1b_gender.py; shares independently recomputed from numeric CSV,percentage share (0-100); raw number of holdings in thousands,All Classes total for Bihar/All/number=16413,91.2142813623,5.7515384147,raw Marginal=14971; raw Small=944; construction fact=f00773; stored gap=85.46 pp,recomputed_from_archived_official_report,deterministic_source_reconstruction_v1,2026-09-13,,,,diff,a,True
AgCensus2015-16 T2-4 Bihar/All/number/SmallvsSemi-medium,AgCensus2015-16,T2-4,Bihar,All,number,SmallvsSemi-medium,landholding,small holdings,semi-medium holdings,3,0,0,3,equal,c,"Table 2, PDF pages 25,27,28",https://www.fao.org/fileadmin/templates/ess/ess_test_folder/World_Census_Agriculture/WCA_2020/WCA_2020_new_doc/IND_REP_ENG_2015_2016.pdf | archived_sha256=fb01bcb922a38ef964a2ca2fddada5540426bf5b06317d931425ae8d699d6405,archived a1_extract.py/a1b_gender.py; shares independently recomputed from numeric CSV,percentage share (0-100); raw number of holdings in thousands,All Classes total for Bihar/All/number=16413,5.7515384147,2.5223907878,raw Small=944; raw Semi-medium=414; construction fact=f00777; stored gap=3.23 pp,recomputed_from_archived_official_report,deterministic_source_reconstruction_v1,2026-09-13,,,,equal,c,True
AgCensus2015-16 T2-4 Bihar/Large/area/SCvsOthers,AgCensus2015-16,T2-4,Bihar,Large,area,SCvsOthers,social_group,Scheduled Castes,Other social groups,1,0,0,1,diff,b,"Tables 2-4, PDF pages 30,36,42",https://www.fao.org/fileadmin/templates/ess/ess_test_folder/World_Census_Agriculture/WCA_2020/WCA_2020_new_doc/IND_REP_ENG_2015_2016.pdf | archived_sha256=fb01bcb922a38ef964a2ca2fddada5540426bf5b06317d931425ae8d699d6405,archived a1_extract.py/a1b_gender.py; shares independently recomputed from numeric CSV,percentage share (0-100); raw operated area in thousand hectares,All-social-groups total for Bihar/Large/area=45,4.4444444444,93.3333333333,raw SC=2; raw Others=42; construction fact=f00398; stored gap=88.89 pp,recomputed_from_archived_official_report,deterministic_source_reconstruction_v1,2026-09-13,,,,diff,b,True
AgCensus2015-16 T2-4 Bihar/Marginal/area/SCvsOthers,AgCensus2015-16,T2-4,Bihar,Marginal,area,SCvsOthers,social_group,Scheduled Castes,Other social groups,1,1,0,0,diff,b,"Tables 2-4, PDF pages 26,32,38",https://www.fao.org/fileadmin/templates/ess/ess_test_folder/World_Census_Agriculture/WCA_2020/WCA_2020_new_doc/IND_REP_ENG_2015_2016.pdf | archived_sha256=fb01bcb922a38ef964a2ca2fddada5540426bf5b06317d931425ae8d699d6405,archived a1_extract.py/a1b_gender.py; shares independently recomputed from numeric CSV,percentage share (0-100); raw operated area in thousand hectares,All-social-groups total for Bihar/Marginal/area=3728,11.4002145923,87.1244635193,raw SC=425; raw Others=3248; construction fact=f00400; stored gap=75.72 pp,recomputed_from_archived_official_report,deterministic_source_reconstruction_v1,2026-09-13,,,,diff,b,True
AgCensus2015-16 T2-4 Bihar/Marginal/area/STvsOthers,AgCensus2015-16,T2-4,Bihar,Marginal,area,STvsOthers,social_group,Scheduled Tribes,Other social groups,1,1,0,0,diff,b,"Tables 2-4, PDF pages 26,32,38",https://www.fao.org/fileadmin/templates/ess/ess_test_folder/World_Census_Agriculture/WCA_2020/WCA_2020_new_doc/IND_REP_ENG_2015_2016.pdf | archived_sha256=fb01bcb922a38ef964a2ca2fddada5540426bf5b06317d931425ae8d699d6405,archived a1_extract.py/a1b_gender.py; shares independently recomputed from numeric CSV,percentage share (0-100); raw operated area in thousand hectares,All-social-groups total for Bihar/Marginal/area=3728,1.4753218884,87.1244635193,raw ST=55; raw Others=3248; construction fact=f00401; stored gap=85.65 pp,recomputed_from_archived_official_report,deterministic_source_reconstruction_v1,2026-09-13,,,,diff,b,True
AgCensus2015-16 T2-4 Bihar/Marginal/number/SCvsOthers,AgCensus2015-16,T2-4,Bihar,Marginal,number,SCvsOthers,social_group,Scheduled Castes,Other social groups,1,0,0,1,diff,b,"Tables 2-4, PDF pages 26,32,38",https://www.fao.org/fileadmin/templates/ess/ess_test_folder/World_Census_Agriculture/WCA_2020/WCA_2020_new_doc/IND_REP_ENG_2015_2016.pdf | archived_sha256=fb01bcb922a38ef964a2ca2fddada5540426bf5b06317d931425ae8d699d6405,archived a1_extract.py/a1b_gender.py; shares independently recomputed from numeric CSV,percentage share (0-100); raw number of holdings in thousands,All-social-groups total for Bihar/Marginal/number=14971,12.1768752922,86.6408389553,raw SC=1823; raw Others=12971; construction fact=f00042; stored gap=74.46 pp,recomputed_from_archived_official_report,deterministic_source_reconstruction_v1,2026-09-13,,,,diff,b,True
AgCensus2015-16 T2-4 Bihar/Marginal/number/SCvsST,AgCensus2015-16,T2-4,Bihar,Marginal,number,SCvsST,social_group,Scheduled Castes,Scheduled Tribes,1,1,0,0,diff,a,"Tables 2-4, PDF pages 26,32,38",https://www.fao.org/fileadmin/templates/ess/ess_test_folder/World_Census_Agriculture/WCA_2020/WCA_2020_new_doc/IND_REP_ENG_2015_2016.pdf | archived_sha256=fb01bcb922a38ef964a2ca2fddada5540426bf5b06317d931425ae8d699d6405,archived a1_extract.py/a1b_gender.py; shares independently recomputed from numeric CSV,percentage share (0-100); raw number of holdings in thousands,All-social-groups total for Bihar/Marginal/number=14971,12.1768752922,1.1822857525,raw SC=1823; raw ST=177; construction fact=f00041; stored gap=10.99 pp,recomputed_from_archived_official_report,deterministic_source_reconstruction_v1,2026-09-13,,,,diff,a,True
AgCensus2015-16 T2-4 Bihar/Marginal/number/STvsOthers,AgCensus2015-16,T2-4,Bihar,Marginal,number,STvsOthers,social_group,Scheduled Tribes,Other social groups,1,0,1,0,diff,b,"Tables 2-4, PDF pages 26,32,38",https://www.fao.org/fileadmin/templates/ess/ess_test_folder/World_Census_Agriculture/WCA_2020/WCA_2020_new_doc/IND_REP_ENG_2015_2016.pdf | archived_sha256=fb01bcb922a38ef964a2ca2fddada5540426bf5b06317d931425ae8d699d6405,archived a1_extract.py/a1b_gender.py; shares independently recomputed from numeric CSV,percentage share (0-100); raw number of holdings in thousands,All-social-groups total for Bihar/Marginal/number=14971,1.1822857525,86.6408389553,raw ST=177; raw Others=12971; construction fact=f00043; stored gap=85.46 pp,recomputed_from_archived_official_report,deterministic_source_reconstruction_v1,2026-09-13,,,,diff,b,True
AgCensus2015-16 T2-4 Bihar/Medium/area/SCvsOthers,AgCensus2015-16,T2-4,Bihar,Medium,area,SCvsOthers,social_group,Scheduled Castes,Other social groups,1,1,0,0,diff,b,"Tables 2-4, PDF pages 29,35,41",https://www.fao.org/fileadmin/templates/ess/ess_test_folder/World_Census_Agriculture/WCA_2020/WCA_2020_new_doc/IND_REP_ENG_2015_2016.pdf | archived_sha256=fb01bcb922a38ef964a2ca2fddada5540426bf5b06317d931425ae8d699d6405,archived a1_extract.py/a1b_gender.py; shares independently recomputed from numeric CSV,percentage share (0-100); raw operated area in thousand hectares,All-social-groups total for Bihar/Medium/area=431,3.0162412993,95.5916473318,raw SC=13; raw Others=412; construction fact=f00402; stored gap=92.58 pp,recomputed_from_archived_official_report,deterministic_source_reconstruction_v1,2026-09-13,,,,diff,b,True
AgCensus2015-16 T2-4 Bihar/Medium/area/STvsOthers,AgCensus2015-16,T2-4,Bihar,Medium,area,STvsOthers,social_group,Scheduled Tribes,Other social groups,1,1,0,0,diff,b,"Tables 2-4, PDF pages 29,35,41",https://www.fao.org/fileadmin/templates/ess/ess_test_folder/World_Census_Agriculture/WCA_2020/WCA_2020_new_doc/IND_REP_ENG_2015_2016.pdf | archived_sha256=fb01bcb922a38ef964a2ca2fddada5540426bf5b06317d931425ae8d699d6405,archived a1_extract.py/a1b_gender.py; shares independently recomputed from numeric CSV,percentage share (0-100); raw operated area in thousand hectares,All-social-groups total for Bihar/Medium/area=431,1.3921113689,95.5916473318,raw ST=6; raw Others=412; construction fact=f00403; stored gap=94.2 pp,recomputed_from_archived_official_report,deterministic_source_reconstruction_v1,2026-09-13,,,,diff,b,True
AgCensus2015-16 T2-4 Bihar/Medium/number/SCvsOthers,AgCensus2015-16,T2-4,Bihar,Medium,number,SCvsOthers,social_group,Scheduled Castes,Other social groups,1,1,0,0,diff,b,"Tables 2-4, PDF pages 29,35,41",https://www.fao.org/fileadmin/templates/ess/ess_test_folder/World_Census_Agriculture/WCA_2020/WCA_2020_new_doc/IND_REP_ENG_2015_2016.pdf | archived_sha256=fb01bcb922a38ef964a2ca2fddada5540426bf5b06317d931425ae8d699d6405,archived a1_extract.py/a1b_gender.py; shares independently recomputed from numeric CSV,percentage share (0-100); raw number of holdings in thousands,All-social-groups total for Bihar/Medium/number=81,2.4691358025,96.2962962963,raw SC=2; raw Others=78; construction fact=f00044; stored gap=93.83 pp,recomputed_from_archived_official_report,deterministic_source_reconstruction_v1,2026-09-13,,,,diff,b,True
AgCensus2015-16 T2-4 Bihar/Medium/number/STvsOthers,AgCensus2015-16,T2-4,Bihar,Medium,number,STvsOthers,social_group,Scheduled Tribes,Other social groups,1,0,0,1,diff,b,"Tables 2-4, PDF pages 29,35,41",https://www.fao.org/fileadmin/templates/ess/ess_test_folder/World_Census_Agriculture/WCA_2020/WCA_2020_new_doc/IND_REP_ENG_2015_2016.pdf | archived_sha256=fb01bcb922a38ef964a2ca2fddada5540426bf5b06317d931425ae8d699d6405,archived a1_extract.py/a1b_gender.py; shares independently recomputed from numeric CSV,percentage share (0-100); raw number of holdings in thousands,All-social-groups total for Bihar/Medium/number=81,1.2345679012,96.2962962963,raw ST=1; raw Others=78; construction fact=f00045; stored gap=95.06 pp,recomputed_from_archived_official_report,deterministic_source_reconstruction_v1,2026-09-13,,,,diff,b,True
AgCensus2015-16 T2-4 Bihar/ST/area/MediumvsLarge,AgCensus2015-16,T2-4,Bihar,ST,area,MediumvsLarge,landholding,medium operated area,large operated area,2,0,0,2,equal,c,"Table 4, PDF pages 37,41,42",https://www.fao.org/fileadmin/templates/ess/ess_test_folder/World_Census_Agriculture/WCA_2020/WCA_2020_new_doc/IND_REP_ENG_2015_2016.pdf | archived_sha256=fb01bcb922a38ef964a2ca2fddada5540426bf5b06317d931425ae8d699d6405,archived a1_extract.py/a1b_gender.py; shares independently recomputed from numeric CSV,percentage share (0-100); raw operated area in thousand hectares,All Classes total for Bihar/ST/area=103,5.8252427184,0.9708737864,raw Medium=6; raw Large=1; construction fact=f01796; stored gap=4.85 pp,recomputed_from_archived_official_report,deterministic_source_reconstruction_v1,2026-09-13,,,,equal,c,True
AgCensus2015-16 T2-4 Bihar/ST/area/SmallvsSemi-medium,AgCensus2015-16,T2-4,Bihar,ST,area,SmallvsSemi-medium,landholding,small operated area,semi-medium operated area,3,3,0,0,equal,c,"Table 4, PDF pages 37,39,40",https://www.fao.org/fileadmin/templates/ess/ess_test_folder/World_Census_Agriculture/WCA_2020/WCA_2020_new_doc/IND_REP_ENG_2015_2016.pdf | archived_sha256=fb01bcb922a38ef964a2ca2fddada5540426bf5b06317d931425ae8d699d6405,archived a1_extract.py/a1b_gender.py; shares independently recomputed from numeric CSV,percentage share (0-100); raw operated area in thousand hectares,All Classes total for Bihar/ST/area=103,21.3592233010,19.4174757282,raw Small=22; raw Semi-medium=20; construction fact=f01791; stored gap=1.94 pp,recomputed_from_archived_official_report,deterministic_source_reconstruction_v1,2026-09-13,,,,equal,c,True
AgCensus2015-16 T2-4 Bihar/ST/number/MarginalvsLarge,AgCensus2015-16,T2-4,Bihar,ST,number,MarginalvsLarge,landholding,marginal holdings,large holdings,1,1,0,0,diff,a,"Table 4, PDF pages 37,38,42",https://www.fao.org/fileadmin/templates/ess/ess_test_folder/World_Census_Agriculture/WCA_2020/WCA_2020_new_doc/IND_REP_ENG_2015_2016.pdf | archived_sha256=fb01bcb922a38ef964a2ca2fddada5540426bf5b06317d931425ae8d699d6405,archived a1_extract.py/a1b_gender.py; shares independently recomputed from numeric CSV,percentage share (0-100); raw number of holdings in thousands,All Classes total for Bihar/ST/number=203,87.1921182266,0.0000000000,raw Marginal=177; raw Large=0; construction fact=f01145; stored gap=87.19 pp,recomputed_from_archived_official_report,deterministic_source_reconstruction_v1,2026-09-13,,,,diff,a,True
AgCensus2015-16 T2-4 Bihar/ST/number/MarginalvsMedium,AgCensus2015-16,T2-4,Bihar,ST,number,MarginalvsMedium,landholding,marginal holdings,medium holdings,1,0,0,1,diff,a,"Table 4, PDF pages 37,38,41",https://www.fao.org/fileadmin/templates/ess/ess_test_folder/World_Census_Agriculture/WCA_2020/WCA_2020_new_doc/IND_REP_ENG_2015_2016.pdf | archived_sha256=fb01bcb922a38ef964a2ca2fddada5540426bf5b06317d931425ae8d699d6405,archived a1_extract.py/a1b_gender.py; shares independently recomputed from numeric CSV,percentage share (0-100); raw number of holdings in thousands,All Classes total for Bihar/ST/number=203,87.1921182266,0.4926108374,raw Marginal=177; raw Medium=1; construction fact=f01144; stored gap=86.7 pp,recomputed_from_archived_official_report,deterministic_source_reconstruction_v1,2026-09-13,,,,diff,a,True
AgCensus2015-16 T2-4 Bihar/ST/number/MarginalvsSemi-medium,AgCensus2015-16,T2-4,Bihar,ST,number,MarginalvsSemi-medium,landholding,marginal holdings,semi-medium holdings,1,1,0,0,diff,a,"Table 4, PDF pages 37,38,40",https://www.fao.org/fileadmin/templates/ess/ess_test_folder/World_Census_Agriculture/WCA_2020/WCA_2020_new_doc/IND_REP_ENG_2015_2016.pdf | archived_sha256=fb01bcb922a38ef964a2ca2fddada5540426bf5b06317d931425ae8d699d6405,archived a1_extract.py/a1b_gender.py; shares independently recomputed from numeric CSV,percentage share (0-100); raw number of holdings in thousands,All Classes total for Bihar/ST/number=203,87.1921182266,3.9408866995,raw Marginal=177; raw Semi-medium=8; construction fact=f01143; stored gap=83.25 pp,recomputed_from_archived_official_report,deterministic_source_reconstruction_v1,2026-09-13,,,,diff,a,True
AgCensus2015-16 T2-4 Bihar/ST/number/MarginalvsSmall,AgCensus2015-16,T2-4,Bihar,ST,number,MarginalvsSmall,landholding,marginal holdings,small holdings,1,1,0,0,diff,a,"Table 4, PDF pages 37,38,39",https://www.fao.org/fileadmin/templates/ess/ess_test_folder/World_Census_Agriculture/WCA_2020/WCA_2020_new_doc/IND_REP_ENG_2015_2016.pdf | archived_sha256=fb01bcb922a38ef964a2ca2fddada5540426bf5b06317d931425ae8d699d6405,archived a1_extract.py/a1b_gender.py; shares independently recomputed from numeric CSV,percentage share (0-100); raw number of holdings in thousands,All Classes total for Bihar/ST/number=203,87.1921182266,8.3743842365,raw Marginal=177; raw Small=17; construction fact=f01142; stored gap=78.82 pp,recomputed_from_archived_official_report,deterministic_source_reconstruction_v1,2026-09-13,,,,diff,a,True
AgCensus2015-16 T2-4 Bihar/ST/number/SmallvsSemi-medium,AgCensus2015-16,T2-4,Bihar,ST,number,SmallvsSemi-medium,landholding,small holdings,semi-medium holdings,4,4,0,0,equal,c,"Table 4, PDF pages 37,39,40",https://www.fao.org/fileadmin/templates/ess/ess_test_folder/World_Census_Agriculture/WCA_2020/WCA_2020_new_doc/IND_REP_ENG_2015_2016.pdf | archived_sha256=fb01bcb922a38ef964a2ca2fddada5540426bf5b06317d931425ae8d699d6405,archived a1_extract.py/a1b_gender.py; shares independently recomputed from numeric CSV,percentage share (0-100); raw number of holdings in thousands,All Classes total for Bihar/ST/number=203,8.3743842365,3.9408866995,raw Small=17; raw Semi-medium=8; construction fact=f01146; stored gap=4.43 pp,recomputed_from_archived_official_report,deterministic_source_reconstruction_v1,2026-09-13,,,,equal,c,True
AgCensus2015-16 T2-4 Bihar/Semi-medium/area/SCvsOthers,AgCensus2015-16,T2-4,Bihar,Semi-medium,area,SCvsOthers,social_group,Scheduled Castes,Other social groups,1,1,0,0,diff,b,"Tables 2-4, PDF pages 28,34,40",https://www.fao.org/fileadmin/templates/ess/ess_test_folder/World_Census_Agriculture/WCA_2020/WCA_2020_new_doc/IND_REP_ENG_2015_2016.pdf | archived_sha256=fb01bcb922a38ef964a2ca2fddada5540426bf5b06317d931425ae8d699d6405,archived a1_extract.py/a1b_gender.py; shares independently recomputed from numeric CSV,percentage share (0-100); raw operated area in thousand hectares,All-social-groups total for Bihar/Semi-medium/area=1076,4.4609665428,93.6802973978,raw SC=48; raw Others=1008; construction fact=f00404; stored gap=89.22 pp,recomputed_from_archived_official_report,deterministic_source_reconstruction_v1,2026-09-13,,,,diff,b,True
AgCensus2015-16 T2-4 Bihar/Semi-medium/area/STvsOthers,AgCensus2015-16,T2-4,Bihar,Semi-medium,area,STvsOthers,social_group,Scheduled Tribes,Other social groups,1,0,1,0,diff,b,"Tables 2-4, PDF pages 28,34,40",https://www.fao.org/fileadmin/templates/ess/ess_test_folder/World_Census_Agriculture/WCA_2020/WCA_2020_new_doc/IND_REP_ENG_2015_2016.pdf | archived_sha256=fb01bcb922a38ef964a2ca2fddada5540426bf5b06317d931425ae8d699d6405,archived a1_extract.py/a1b_gender.py; shares independently recomputed from numeric CSV,percentage share (0-100); raw operated area in thousand hectares,All-social-groups total for Bihar/Semi-medium/area=1076,1.8587360595,93.6802973978,raw ST=20; raw Others=1008; construction fact=f00405; stored gap=91.82 pp,recomputed_from_archived_official_report,deterministic_source_reconstruction_v1,2026-09-13,,,,diff,b,True
AgCensus2015-16 T2-4 Bihar/Semi-medium/number/SCvsOthers,AgCensus2015-16,T2-4,Bihar,Semi-medium,number,SCvsOthers,social_group,Scheduled Castes,Other social groups,1,1,0,0,diff,b,"Tables 2-4, PDF pages 28,34,40",https://www.fao.org/fileadmin/templates/ess/ess_test_folder/World_Census_Agriculture/WCA_2020/WCA_2020_new_doc/IND_REP_ENG_2015_2016.pdf | archived_sha256=fb01bcb922a38ef964a2ca2fddada5540426bf5b06317d931425ae8d699d6405,archived a1_extract.py/a1b_gender.py; shares independently recomputed from numeric CSV,percentage share (0-100); raw number of holdings in thousands,All-social-groups total for Bihar/Semi-medium/number=414,4.5893719807,93.4782608696,raw SC=19; raw Others=387; construction fact=f00046; stored gap=88.89 pp,recomputed_from_archived_official_report,deterministic_source_reconstruction_v1,2026-09-13,,,,diff,b,True
AgCensus2015-16 T2-4 Bihar/Semi-medium/number/STvsOthers,AgCensus2015-16,T2-4,Bihar,Semi-medium,number,STvsOthers,social_group,Scheduled Tribes,Other social groups,1,1,0,0,diff,b,"Tables 2-4, PDF pages 28,34,40",https://www.fao.org/fileadmin/templates/ess/ess_test_folder/World_Census_Agriculture/WCA_2020/WCA_2020_new_doc/IND_REP_ENG_2015_2016.pdf | archived_sha256=fb01bcb922a38ef964a2ca2fddada5540426bf5b06317d931425ae8d699d6405,archived a1_extract.py/a1b_gender.py; shares independently recomputed from numeric CSV,percentage share (0-100); raw number of holdings in thousands,All-social-groups total for Bihar/Semi-medium/number=414,1.9323671498,93.4782608696,raw ST=8; raw Others=387; construction fact=f00047; stored gap=91.55 pp,recomputed_from_archived_official_report,deterministic_source_reconstruction_v1,2026-09-13,,,,diff,b,True
AgCensus2015-16 T2-4 Bihar/Small/area/SCvsOthers,AgCensus2015-16,T2-4,Bihar,Small,area,SCvsOthers,social_group,Scheduled Castes,Other social groups,1,1,0,0,diff,b,"Tables 2-4, PDF pages 27,33,39",https://www.fao.org/fileadmin/templates/ess/ess_test_folder/World_Census_Agriculture/WCA_2020/WCA_2020_new_doc/IND_REP_ENG_2015_2016.pdf | archived_sha256=fb01bcb922a38ef964a2ca2fddada5540426bf5b06317d931425ae8d699d6405,archived a1_extract.py/a1b_gender.py; shares independently recomputed from numeric CSV,percentage share (0-100); raw operated area in thousand hectares,All-social-groups total for Bihar/Small/area=1178,7.5551782683,90.5772495756,raw SC=89; raw Others=1067; construction fact=f00406; stored gap=83.02 pp,recomputed_from_archived_official_report,deterministic_source_reconstruction_v1,2026-09-13,,,,diff,b,True
AgCensus2015-16 T2-4 Bihar/Small/area/STvsOthers,AgCensus2015-16,T2-4,Bihar,Small,area,STvsOthers,social_group,Scheduled Tribes,Other social groups,1,1,0,0,diff,b,"Tables 2-4, PDF pages 27,33,39",https://www.fao.org/fileadmin/templates/ess/ess_test_folder/World_Census_Agriculture/WCA_2020/WCA_2020_new_doc/IND_REP_ENG_2015_2016.pdf | archived_sha256=fb01bcb922a38ef964a2ca2fddada5540426bf5b06317d931425ae8d699d6405,archived a1_extract.py/a1b_gender.py; shares independently recomputed from numeric CSV,percentage share (0-100); raw operated area in thousand hectares,All-social-groups total for Bihar/Small/area=1178,1.8675721562,90.5772495756,raw ST=22; raw Others=1067; construction fact=f00407; stored gap=88.71 pp,recomputed_from_archived_official_report,deterministic_source_reconstruction_v1,2026-09-13,,,,diff,b,True
AgCensus2015-16 T2-4 Bihar/Small/number/SCvsOthers,AgCensus2015-16,T2-4,Bihar,Small,number,SCvsOthers,social_group,Scheduled Castes,Other social groups,1,0,0,1,diff,b,"Tables 2-4, PDF pages 27,33,39",https://www.fao.org/fileadmin/templates/ess/ess_test_folder/World_Census_Agriculture/WCA_2020/WCA_2020_new_doc/IND_REP_ENG_2015_2016.pdf | archived_sha256=fb01bcb922a38ef964a2ca2fddada5540426bf5b06317d931425ae8d699d6405,archived a1_extract.py/a1b_gender.py; shares independently recomputed from numeric CSV,percentage share (0-100); raw number of holdings in thousands,All-social-groups total for Bihar/Small/number=944,7.6271186441,90.5720338983,raw SC=72; raw Others=855; construction fact=f00048; stored gap=82.94 pp,recomputed_from_archived_official_report,deterministic_source_reconstruction_v1,2026-09-13,,,,diff,b,True
AgCensus2015-16 T2-4 Bihar/Small/number/STvsOthers,AgCensus2015-16,T2-4,Bihar,Small,number,STvsOthers,social_group,Scheduled Tribes,Other social groups,1,1,0,0,diff,b,"Tables 2-4, PDF pages 27,33,39",https://www.fao.org/fileadmin/templates/ess/ess_test_folder/World_Census_Agriculture/WCA_2020/WCA_2020_new_doc/IND_REP_ENG_2015_2016.pdf | archived_sha256=fb01bcb922a38ef964a2ca2fddada5540426bf5b06317d931425ae8d699d6405,archived a1_extract.py/a1b_gender.py; shares independently recomputed from numeric CSV,percentage share (0-100); raw number of holdings in thousands,All-social-groups total for Bihar/Small/number=944,1.8008474576,90.5720338983,raw ST=17; raw Others=855; construction fact=f00049; stored gap=88.77 pp,recomputed_from_archived_official_report,deterministic_source_reconstruction_v1,2026-09-13,,,,diff,b,True
AgCensus2015-16 T2-4 Chhattisgarh/All Classes/area/SCvsOthers,AgCensus2015-16,T2-4,Chhattisgarh,All Classes,area,SCvsOthers,social_group,Scheduled Castes,Other social groups,1,0,0,1,diff,b,"Tables 2-4, PDF pages 25,31,37",https://www.fao.org/fileadmin/templates/ess/ess_test_folder/World_Census_Agriculture/WCA_2020/WCA_2020_new_doc/IND_REP_ENG_2015_2016.pdf | archived_sha256=fb01bcb922a38ef964a2ca2fddada5540426bf5b06317d931425ae8d699d6405,archived a1_extract.py/a1b_gender.py; shares independently recomputed from numeric CSV,percentage share (0-100); raw operated area in thousand hectares,All-social-groups total for Chhattisgarh/All Classes/area=4992,8.0729166667,49.3790064103,raw SC=403; raw Others=2465; construction fact=f00409; stored gap=41.31 pp,recomputed_from_archived_official_report,deterministic_source_reconstruction_v1,2026-09-13,,,,diff,b,True
AgCensus2015-16 T2-4 Chhattisgarh/All Classes/area/SCvsST,AgCensus2015-16,T2-4,Chhattisgarh,All Classes,area,SCvsST,social_group,Scheduled Castes,Scheduled Tribes,1,1,0,0,diff,b,"Tables 2-4, PDF pages 25,31,37",https://www.fao.org/fileadmin/templates/ess/ess_test_folder/World_Census_Agriculture/WCA_2020/WCA_2020_new_doc/IND_REP_ENG_2015_2016.pdf | archived_sha256=fb01bcb922a38ef964a2ca2fddada5540426bf5b06317d931425ae8d699d6405,archived a1_extract.py/a1b_gender.py; shares independently recomputed from numeric CSV,percentage share (0-100); raw operated area in thousand hectares,All-social-groups total for Chhattisgarh/All Classes/area=4992,8.0729166667,42.5480769231,raw SC=403; raw ST=2124; construction fact=f00408; stored gap=34.48 pp,recomputed_from_archived_official_report,deterministic_source_reconstruction_v1,2026-09-13,,,,diff,b,True
AgCensus2015-16 T2-4 Chhattisgarh/All Classes/number/SCvsOthers,AgCensus2015-16,T2-4,Chhattisgarh,All Classes,number,SCvsOthers,social_group,Scheduled Castes,Other social groups,1,0,1,0,diff,b,"Tables 2-4, PDF pages 25,31,37",https://www.fao.org/fileadmin/templates/ess/ess_test_folder/World_Census_Agriculture/WCA_2020/WCA_2020_new_doc/IND_REP_ENG_2015_2016.pdf | archived_sha256=fb01bcb922a38ef964a2ca2fddada5540426bf5b06317d931425ae8d699d6405,archived a1_extract.py/a1b_gender.py; shares independently recomputed from numeric CSV,percentage share (0-100); raw number of holdings in thousands,All-social-groups total for Chhattisgarh/All Classes/number=4011,12.0917476938,56.5694340563,raw SC=485; raw Others=2269; construction fact=f00051; stored gap=44.48 pp,recomputed_from_archived_official_report,deterministic_source_reconstruction_v1,2026-09-13,,,,diff,b,True
AgCensus2015-16 T2-4 Chhattisgarh/All Classes/number/SCvsST,AgCensus2015-16,T2-4,Chhattisgarh,All Classes,number,SCvsST,social_group,Scheduled Castes,Scheduled Tribes,1,1,0,0,diff,b,"Tables 2-4, PDF pages 25,31,37",https://www.fao.org/fileadmin/templates/ess/ess_test_folder/World_Census_Agriculture/WCA_2020/WCA_2020_new_doc/IND_REP_ENG_2015_2016.pdf | archived_sha256=fb01bcb922a38ef964a2ca2fddada5540426bf5b06317d931425ae8d699d6405,archived a1_extract.py/a1b_gender.py; shares independently recomputed from numeric CSV,percentage share (0-100); raw number of holdings in thousands,All-social-groups total for Chhattisgarh/All Classes/number=4011,12.0917476938,31.3388182498,raw SC=485; raw ST=1257; construction fact=f00050; stored gap=19.25 pp,recomputed_from_archived_official_report,deterministic_source_reconstruction_v1,2026-09-13,,,,diff,b,True
AgCensus2015-16 T2-4 Chhattisgarh/All/area/MarginalvsMedium,AgCensus2015-16,T2-4,Chhattisgarh,All,area,MarginalvsMedium,landholding,marginal operated area,medium operated area,2,0,0,2,equal,c,"Table 2, PDF pages 25,26,29",https://www.fao.org/fileadmin/templates/ess/ess_test_folder/World_Census_Agriculture/WCA_2020/WCA_2020_new_doc/IND_REP_ENG_2015_2016.pdf | archived_sha256=fb01bcb922a38ef964a2ca2fddada5540426bf5b06317d931425ae8d699d6405,archived a1_extract.py/a1b_gender.py; shares independently recomputed from numeric CSV,percentage share (0-100); raw operated area in thousand hectares,All Classes total for Chhattisgarh/All/area=4992,20.8333333333,20.5528846154,raw Marginal=1040; raw Medium=1026; construction fact=f01364; stored gap=0.28 pp,recomputed_from_archived_official_report,deterministic_source_reconstruction_v1,2026-09-13,,,,equal,c,True
AgCensus2015-16 T2-4 Chhattisgarh/All/area/MarginalvsSmall,AgCensus2015-16,T2-4,Chhattisgarh,All,area,MarginalvsSmall,landholding,marginal operated area,small operated area,3,0,0,3,equal,c,"Table 2, PDF pages 25,26,27",https://www.fao.org/fileadmin/templates/ess/ess_test_folder/World_Census_Agriculture/WCA_2020/WCA_2020_new_doc/IND_REP_ENG_2015_2016.pdf | archived_sha256=fb01bcb922a38ef964a2ca2fddada5540426bf5b06317d931425ae8d699d6405,archived a1_extract.py/a1b_gender.py; shares independently recomputed from numeric CSV,percentage share (0-100); raw operated area in thousand hectares,All Classes total for Chhattisgarh/All/area=4992,20.8333333333,24.7996794872,raw Marginal=1040; raw Small=1238; construction fact=f01363; stored gap=3.97 pp,recomputed_from_archived_official_report,deterministic_source_reconstruction_v1,2026-09-13,,,,equal,c,True
AgCensus2015-16 T2-4 Chhattisgarh/All/area/SmallvsMedium,AgCensus2015-16,T2-4,Chhattisgarh,All,area,SmallvsMedium,landholding,small operated area,medium operated area,1,0,0,1,equal,c,"Table 2, PDF pages 25,27,29",https://www.fao.org/fileadmin/templates/ess/ess_test_folder/World_Census_Agriculture/WCA_2020/WCA_2020_new_doc/IND_REP_ENG_2015_2016.pdf | archived_sha256=fb01bcb922a38ef964a2ca2fddada5540426bf5b06317d931425ae8d699d6405,archived a1_extract.py/a1b_gender.py; shares independently recomputed from numeric CSV,percentage share (0-100); raw operated area in thousand hectares,All Classes total for Chhattisgarh/All/area=4992,24.7996794872,20.5528846154,raw Small=1238; raw Medium=1026; construction fact=f01367; stored gap=4.25 pp,recomputed_from_archived_official_report,deterministic_source_reconstruction_v1,2026-09-13,,,,equal,c,True
AgCensus2015-16 T2-4 Chhattisgarh/All/area/SmallvsSemi-medium,AgCensus2015-16,T2-4,Chhattisgarh,All,area,SmallvsSemi-medium,landholding,small operated area,semi-medium operated area,3,0,0,3,equal,c,"Table 2, PDF pages 25,27,28",https://www.fao.org/fileadmin/templates/ess/ess_test_folder/World_Census_Agriculture/WCA_2020/WCA_2020_new_doc/IND_REP_ENG_2015_2016.pdf | archived_sha256=fb01bcb922a38ef964a2ca2fddada5540426bf5b06317d931425ae8d699d6405,archived a1_extract.py/a1b_gender.py; shares independently recomputed from numeric CSV,percentage share (0-100); raw operated area in thousand hectares,All Classes total for Chhattisgarh/All/area=4992,24.7996794872,26.3621794872,raw Small=1238; raw Semi-medium=1316; construction fact=f01366; stored gap=1.56 pp,recomputed_from_archived_official_report,deterministic_source_reconstruction_v1,2026-09-13,,,,equal,c,True
AgCensus2015-16 T2-4 Chhattisgarh/All/number/MarginalvsLarge,AgCensus2015-16,T2-4,Chhattisgarh,All,number,MarginalvsLarge,landholding,marginal holdings,large holdings,1,0,0,1,diff,a,"Table 2, PDF pages 25,26,30",https://www.fao.org/fileadmin/templates/ess/ess_test_folder/World_Census_Agriculture/WCA_2020/WCA_2020_new_doc/IND_REP_ENG_2015_2016.pdf | archived_sha256=fb01bcb922a38ef964a2ca2fddada5540426bf5b06317d931425ae8d699d6405,archived a1_extract.py/a1b_gender.py; shares independently recomputed from numeric CSV,percentage share (0-100); raw number of holdings in thousands,All Classes total for Chhattisgarh/All/number=4011,60.6831214161,0.5734230865,raw Marginal=2434; raw Large=23; construction fact=f00781; stored gap=60.11 pp,recomputed_from_archived_official_report,deterministic_source_reconstruction_v1,2026-09-13,,,,diff,a,True
AgCensus2015-16 T2-4 Chhattisgarh/All/number/MarginalvsMedium,AgCensus2015-16,T2-4,Chhattisgarh,All,number,MarginalvsMedium,landholding,marginal holdings,medium holdings,1,1,0,0,diff,a,"Table 2, PDF pages 25,26,29",https://www.fao.org/fileadmin/templates/ess/ess_test_folder/World_Census_Agriculture/WCA_2020/WCA_2020_new_doc/IND_REP_ENG_2015_2016.pdf | archived_sha256=fb01bcb922a38ef964a2ca2fddada5540426bf5b06317d931425ae8d699d6405,archived a1_extract.py/a1b_gender.py; shares independently recomputed from numeric CSV,percentage share (0-100); raw number of holdings in thousands,All Classes total for Chhattisgarh/All/number=4011,60.6831214161,4.5125903765,raw Marginal=2434; raw Medium=181; construction fact=f00780; stored gap=56.17 pp,recomputed_from_archived_official_report,deterministic_source_reconstruction_v1,2026-09-13,,,,diff,a,True
AgCensus2015-16 T2-4 Chhattisgarh/All/number/MarginalvsSemi-medium,AgCensus2015-16,T2-4,Chhattisgarh,All,number,MarginalvsSemi-medium,landholding,marginal holdings,semi-medium holdings,1,1,0,0,diff,a,"Table 2, PDF pages 25,26,28",https://www.fao.org/fileadmin/templates/ess/ess_test_folder/World_Census_Agriculture/WCA_2020/WCA_2020_new_doc/IND_REP_ENG_2015_2016.pdf | archived_sha256=fb01bcb922a38ef964a2ca2fddada5540426bf5b06317d931425ae8d699d6405,archived a1_extract.py/a1b_gender.py; shares independently recomputed from numeric CSV,percentage share (0-100); raw number of holdings in thousands,All Classes total for Chhattisgarh/All/number=4011,60.6831214161,12.2911992022,raw Marginal=2434; raw Semi-medium=493; construction fact=f00779; stored gap=48.39 pp,recomputed_from_archived_official_report,deterministic_source_reconstruction_v1,2026-09-13,,,,diff,a,True
AgCensus2015-16 T2-4 Chhattisgarh/All/number/MarginalvsSmall,AgCensus2015-16,T2-4,Chhattisgarh,All,number,MarginalvsSmall,landholding,marginal holdings,small holdings,1,0,0,1,diff,a,"Table 2, PDF pages 25,26,27",https://www.fao.org/fileadmin/templates/ess/ess_test_folder/World_Census_Agriculture/WCA_2020/WCA_2020_new_doc/IND_REP_ENG_2015_2016.pdf | archived_sha256=fb01bcb922a38ef964a2ca2fddada5540426bf5b06317d931425ae8d699d6405,archived a1_extract.py/a1b_gender.py; shares independently recomputed from numeric CSV,percentage share (0-100); raw number of holdings in thousands,All Classes total for Chhattisgarh/All/number=4011,60.6831214161,21.9147344802,raw Marginal=2434; raw Small=879; construction fact=f00778; stored gap=38.77 pp,recomputed_from_archived_official_report,deterministic_source_reconstruction_v1,2026-09-13,,,,diff,a,True
AgCensus2015-16 T2-4 Chhattisgarh/All/number/Semi-mediumvsLarge,AgCensus2015-16,T2-4,Chhattisgarh,All,number,Semi-mediumvsLarge,landholding,semi-medium holdings,large holdings,1,0,0,1,diff,a,"Table 2, PDF pages 25,28,30",https://www.fao.org/fileadmin/templates/ess/ess_test_folder/World_Census_Agriculture/WCA_2020/WCA_2020_new_doc/IND_REP_ENG_2015_2016.pdf | archived_sha256=fb01bcb922a38ef964a2ca2fddada5540426bf5b06317d931425ae8d699d6405,archived a1_extract.py/a1b_gender.py; shares independently recomputed from numeric CSV,percentage share (0-100); raw number of holdings in thousands,All Classes total for Chhattisgarh/All/number=4011,12.2911992022,0.5734230865,raw Semi-medium=493; raw Large=23; construction fact=f00784; stored gap=11.72 pp,recomputed_from_archived_official_report,deterministic_source_reconstruction_v1,2026-09-13,,,,diff,a,True
AgCensus2015-16 T2-4 Chhattisgarh/All/number/SmallvsLarge,AgCensus2015-16,T2-4,Chhattisgarh,All,number,SmallvsLarge,landholding,small holdings,large holdings,1,1,0,0,diff,a,"Table 2, PDF pages 25,27,30",https://www.fao.org/fileadmin/templates/ess/ess_test_folder/World_Census_Agriculture/WCA_2020/WCA_2020_new_doc/IND_REP_ENG_2015_2016.pdf | archived_sha256=fb01bcb922a38ef964a2ca2fddada5540426bf5b06317d931425ae8d699d6405,archived a1_extract.py/a1b_gender.py; shares independently recomputed from numeric CSV,percentage share (0-100); raw number of holdings in thousands,All Classes total for Chhattisgarh/All/number=4011,21.9147344802,0.5734230865,raw Small=879; raw Large=23; construction fact=f00783; stored gap=21.34 pp,recomputed_from_archived_official_report,deterministic_source_reconstruction_v1,2026-09-13,,,,diff,a,True
AgCensus2015-16 T2-4 Chhattisgarh/All/number/SmallvsMedium,AgCensus2015-16,T2-4,Chhattisgarh,All,number,SmallvsMedium,landholding,small holdings,medium holdings,1,0,1,0,diff,a,"Table 2, PDF pages 25,27,29",https://www.fao.org/fileadmin/templates/ess/ess_test_folder/World_Census_Agriculture/WCA_2020/WCA_2020_new_doc/IND_REP_ENG_2015_2016.pdf | archived_sha256=fb01bcb922a38ef964a2ca2fddada5540426bf5b06317d931425ae8d699d6405,archived a1_extract.py/a1b_gender.py; shares independently recomputed from numeric CSV,percentage share (0-100); raw number of holdings in thousands,All Classes total for Chhattisgarh/All/number=4011,21.9147344802,4.5125903765,raw Small=879; raw Medium=181; construction fact=f00782; stored gap=17.4 pp,recomputed_from_archived_official_report,deterministic_source_reconstruction_v1,2026-09-13,,,,diff,a,True
AgCensus2015-16 T2-4 Chhattisgarh/Large/area/SCvsOthers,AgCensus2015-16,T2-4,Chhattisgarh,Large,area,SCvsOthers,social_group,Scheduled Castes,Other social groups,1,1,0,0,diff,b,"Tables 2-4, PDF pages 30,36,42",https://www.fao.org/fileadmin/templates/ess/ess_test_folder/World_Census_Agriculture/WCA_2020/WCA_2020_new_doc/IND_REP_ENG_2015_2016.pdf | archived_sha256=fb01bcb922a38ef964a2ca2fddada5540426bf5b06317d931425ae8d699d6405,archived a1_extract.py/a1b_gender.py; shares independently recomputed from numeric CSV,percentage share (0-100); raw operated area in thousand hectares,All-social-groups total for Chhattisgarh/Large/area=372,1.8817204301,35.4838709677,raw SC=7; raw Others=132; construction fact=f00411; stored gap=33.6 pp,recomputed_from_archived_official_report,deterministic_source_reconstruction_v1,2026-09-13,,,,diff,b,True
AgCensus2015-16 T2-4 Chhattisgarh/Large/area/STvsOthers,AgCensus2015-16,T2-4,Chhattisgarh,Large,area,STvsOthers,social_group,Scheduled Tribes,Other social groups,1,0,1,0,diff,a,"Tables 2-4, PDF pages 30,36,42",https://www.fao.org/fileadmin/templates/ess/ess_test_folder/World_Census_Agriculture/WCA_2020/WCA_2020_new_doc/IND_REP_ENG_2015_2016.pdf | archived_sha256=fb01bcb922a38ef964a2ca2fddada5540426bf5b06317d931425ae8d699d6405,archived a1_extract.py/a1b_gender.py; shares independently recomputed from numeric CSV,percentage share (0-100); raw operated area in thousand hectares,All-social-groups total for Chhattisgarh/Large/area=372,62.6344086022,35.4838709677,raw ST=233; raw Others=132; construction fact=f00412; stored gap=27.15 pp,recomputed_from_archived_official_report,deterministic_source_reconstruction_v1,2026-09-13,,,,diff,a,True
AgCensus2015-16 T2-4 Chhattisgarh/Large/number/SCvsOthers,AgCensus2015-16,T2-4,Chhattisgarh,Large,number,SCvsOthers,social_group,Scheduled Castes,Other social groups,1,0,1,0,diff,b,"Tables 2-4, PDF pages 30,36,42",https://www.fao.org/fileadmin/templates/ess/ess_test_folder/World_Census_Agriculture/WCA_2020/WCA_2020_new_doc/IND_REP_ENG_2015_2016.pdf | archived_sha256=fb01bcb922a38ef964a2ca2fddada5540426bf5b06317d931425ae8d699d6405,archived a1_extract.py/a1b_gender.py; shares independently recomputed from numeric CSV,percentage share (0-100); raw number of holdings in thousands,All-social-groups total for Chhattisgarh/Large/number=23,4.3478260870,34.7826086957,raw SC=1; raw Others=8; construction fact=f00054; stored gap=30.43 pp,recomputed_from_archived_official_report,deterministic_source_reconstruction_v1,2026-09-13,,,,diff,b,True
AgCensus2015-16 T2-4 Chhattisgarh/Large/number/SCvsST,AgCensus2015-16,T2-4,Chhattisgarh,Large,number,SCvsST,social_group,Scheduled Castes,Scheduled Tribes,1,1,0,0,diff,b,"Tables 2-4, PDF pages 30,36,42",https://www.fao.org/fileadmin/templates/ess/ess_test_folder/World_Census_Agriculture/WCA_2020/WCA_2020_new_doc/IND_REP_ENG_2015_2016.pdf | archived_sha256=fb01bcb922a38ef964a2ca2fddada5540426bf5b06317d931425ae8d699d6405,archived a1_extract.py/a1b_gender.py; shares independently recomputed from numeric CSV,percentage share (0-100); raw number of holdings in thousands,All-social-groups total for Chhattisgarh/Large/number=23,4.3478260870,60.8695652174,raw SC=1; raw ST=14; construction fact=f00053; stored gap=56.52 pp,recomputed_from_archived_official_report,deterministic_source_reconstruction_v1,2026-09-13,,,,diff,b,True
AgCensus2015-16 T2-4 Chhattisgarh/Large/number/STvsOthers,AgCensus2015-16,T2-4,Chhattisgarh,Large,number,STvsOthers,social_group,Scheduled Tribes,Other social groups,1,0,1,0,diff,a,"Tables 2-4, PDF pages 30,36,42",https://www.fao.org/fileadmin/templates/ess/ess_test_folder/World_Census_Agriculture/WCA_2020/WCA_2020_new_doc/IND_REP_ENG_2015_2016.pdf | archived_sha256=fb01bcb922a38ef964a2ca2fddada5540426bf5b06317d931425ae8d699d6405,archived a1_extract.py/a1b_gender.py; shares independently recomputed from numeric CSV,percentage share (0-100); raw number of holdings in thousands,All-social-groups total for Chhattisgarh/Large/number=23,60.8695652174,34.7826086957,raw ST=14; raw Others=8; construction fact=f00055; stored gap=26.09 pp,recomputed_from_archived_official_report,deterministic_source_reconstruction_v1,2026-09-13,,,,diff,a,True
AgCensus2015-16 T2-4 Chhattisgarh/Marginal/area/SCvsOthers,AgCensus2015-16,T2-4,Chhattisgarh,Marginal,area,SCvsOthers,social_group,Scheduled Castes,Other social groups,1,1,0,0,diff,b,"Tables 2-4, PDF pages 26,32,38",https://www.fao.org/fileadmin/templates/ess/ess_test_folder/World_Census_Agriculture/WCA_2020/WCA_2020_new_doc/IND_REP_ENG_2015_2016.pdf | archived_sha256=fb01bcb922a38ef964a2ca2fddada5540426bf5b06317d931425ae8d699d6405,archived a1_extract.py/a1b_gender.py; shares independently recomputed from numeric CSV,percentage share (0-100); raw operated area in thousand hectares,All-social-groups total for Chhattisgarh/Marginal/area=1040,13.8461538462,59.3269230769,raw SC=144; raw Others=617; construction fact=f00414; stored gap=45.48 pp,recomputed_from_archived_official_report,deterministic_source_reconstruction_v1,2026-09-13,,,,diff,b,True
AgCensus2015-16 T2-4 Chhattisgarh/Marginal/area/SCvsST,AgCensus2015-16,T2-4,Chhattisgarh,Marginal,area,SCvsST,social_group,Scheduled Castes,Scheduled Tribes,1,1,0,0,diff,b,"Tables 2-4, PDF pages 26,32,38",https://www.fao.org/fileadmin/templates/ess/ess_test_folder/World_Census_Agriculture/WCA_2020/WCA_2020_new_doc/IND_REP_ENG_2015_2016.pdf | archived_sha256=fb01bcb922a38ef964a2ca2fddada5540426bf5b06317d931425ae8d699d6405,archived a1_extract.py/a1b_gender.py; shares independently recomputed from numeric CSV,percentage share (0-100); raw operated area in thousand hectares,All-social-groups total for Chhattisgarh/Marginal/area=1040,13.8461538462,26.8269230769,raw SC=144; raw ST=279; construction fact=f00413; stored gap=12.98 pp,recomputed_from_archived_official_report,deterministic_source_reconstruction_v1,2026-09-13,,,,diff,b,True
AgCensus2015-16 T2-4 Chhattisgarh/Marginal/area/STvsOthers,AgCensus2015-16,T2-4,Chhattisgarh,Marginal,area,STvsOthers,social_group,Scheduled Tribes,Other social groups,1,0,0,1,diff,b,"Tables 2-4, PDF pages 26,32,38",https://www.fao.org/fileadmin/templates/ess/ess_test_folder/World_Census_Agriculture/WCA_2020/WCA_2020_new_doc/IND_REP_ENG_2015_2016.pdf | archived_sha256=fb01bcb922a38ef964a2ca2fddada5540426bf5b06317d931425ae8d699d6405,archived a1_extract.py/a1b_gender.py; shares independently recomputed from numeric CSV,percentage share (0-100); raw operated area in thousand hectares,All-social-groups total for Chhattisgarh/Marginal/area=1040,26.8269230769,59.3269230769,raw ST=279; raw Others=617; construction fact=f00415; stored gap=32.5 pp,recomputed_from_archived_official_report,deterministic_source_reconstruction_v1,2026-09-13,,,,diff,b,True
AgCensus2015-16 T2-4 Chhattisgarh/Marginal/number/SCvsOthers,AgCensus2015-16,T2-4,Chhattisgarh,Marginal,number,SCvsOthers,social_group,Scheduled Castes,Other social groups,1,0,0,1,diff,b,"Tables 2-4, PDF pages 26,32,38",https://www.fao.org/fileadmin/templates/ess/ess_test_folder/World_Census_Agriculture/WCA_2020/WCA_2020_new_doc/IND_REP_ENG_2015_2016.pdf | archived_sha256=fb01bcb922a38ef964a2ca2fddada5540426bf5b06317d931425ae8d699d6405,archived a1_extract.py/a1b_gender.py; shares independently recomputed from numeric CSV,percentage share (0-100); raw number of holdings in thousands,All-social-groups total for Chhattisgarh/Marginal/number=2434,14.6672144618,60.8052588332,raw SC=357; raw Others=1480; construction fact=f00056; stored gap=46.14 pp,recomputed_from_archived_official_report,deterministic_source_reconstruction_v1,2026-09-13,,,,diff,b,True
AgCensus2015-16 T2-4 Chhattisgarh/Marginal/number/STvsOthers,AgCensus2015-16,T2-4,Chhattisgarh,Marginal,number,STvsOthers,social_group,Scheduled Tribes,Other social groups,1,1,0,0,diff,b,"Tables 2-4, PDF pages 26,32,38",https://www.fao.org/fileadmin/templates/ess/ess_test_folder/World_Census_Agriculture/WCA_2020/WCA_2020_new_doc/IND_REP_ENG_2015_2016.pdf | archived_sha256=fb01bcb922a38ef964a2ca2fddada5540426bf5b06317d931425ae8d699d6405,archived a1_extract.py/a1b_gender.py; shares independently recomputed from numeric CSV,percentage share (0-100); raw number of holdings in thousands,All-social-groups total for Chhattisgarh/Marginal/number=2434,24.5275267050,60.8052588332,raw ST=597; raw Others=1480; construction fact=f00057; stored gap=36.28 pp,recomputed_from_archived_official_report,deterministic_source_reconstruction_v1,2026-09-13,,,,diff,b,True
AgCensus2015-16 T2-4 Chhattisgarh/Medium/area/SCvsOthers,AgCensus2015-16,T2-4,Chhattisgarh,Medium,area,SCvsOthers,social_group,Scheduled Castes,Other social groups,1,0,0,1,diff,b,"Tables 2-4, PDF pages 29,35,41",https://www.fao.org/fileadmin/templates/ess/ess_test_folder/World_Census_Agriculture/WCA_2020/WCA_2020_new_doc/IND_REP_ENG_2015_2016.pdf | archived_sha256=fb01bcb922a38ef964a2ca2fddada5540426bf5b06317d931425ae8d699d6405,archived a1_extract.py/a1b_gender.py; shares independently recomputed from numeric CSV,percentage share (0-100); raw operated area in thousand hectares,All-social-groups total for Chhattisgarh/Medium/area=1026,4.2884990253,42.7875243665,raw SC=44; raw Others=439; construction fact=f00417; stored gap=38.5 pp,recomputed_from_archived_official_report,deterministic_source_reconstruction_v1,2026-09-13,,,,diff,b,True
AgCensus2015-16 T2-4 Chhattisgarh/Medium/area/SCvsST,AgCensus2015-16,T2-4,Chhattisgarh,Medium,area,SCvsST,social_group,Scheduled Castes,Scheduled Tribes,1,1,0,0,diff,b,"Tables 2-4, PDF pages 29,35,41",https://www.fao.org/fileadmin/templates/ess/ess_test_folder/World_Census_Agriculture/WCA_2020/WCA_2020_new_doc/IND_REP_ENG_2015_2016.pdf | archived_sha256=fb01bcb922a38ef964a2ca2fddada5540426bf5b06317d931425ae8d699d6405,archived a1_extract.py/a1b_gender.py; shares independently recomputed from numeric CSV,percentage share (0-100); raw operated area in thousand hectares,All-social-groups total for Chhattisgarh/Medium/area=1026,4.2884990253,52.9239766082,raw SC=44; raw ST=543; construction fact=f00416; stored gap=48.64 pp,recomputed_from_archived_official_report,deterministic_source_reconstruction_v1,2026-09-13,,,,diff,b,True
AgCensus2015-16 T2-4 Chhattisgarh/Medium/area/STvsOthers,AgCensus2015-16,T2-4,Chhattisgarh,Medium,area,STvsOthers,social_group,Scheduled Tribes,Other social groups,1,1,0,0,diff,a,"Tables 2-4, PDF pages 29,35,41",https://www.fao.org/fileadmin/templates/ess/ess_test_folder/World_Census_Agriculture/WCA_2020/WCA_2020_new_doc/IND_REP_ENG_2015_2016.pdf | archived_sha256=fb01bcb922a38ef964a2ca2fddada5540426bf5b06317d931425ae8d699d6405,archived a1_extract.py/a1b_gender.py; shares independently recomputed from numeric CSV,percentage share (0-100); raw operated area in thousand hectares,All-social-groups total for Chhattisgarh/Medium/area=1026,52.9239766082,42.7875243665,raw ST=543; raw Others=439; construction fact=f00418; stored gap=10.14 pp,recomputed_from_archived_official_report,deterministic_source_reconstruction_v1,2026-09-13,,,,diff,a,True
AgCensus2015-16 T2-4 Chhattisgarh/Medium/number/SCvsOthers,AgCensus2015-16,T2-4,Chhattisgarh,Medium,number,SCvsOthers,social_group,Scheduled Castes,Other social groups,1,0,0,1,diff,b,"Tables 2-4, PDF pages 29,35,41",https://www.fao.org/fileadmin/templates/ess/ess_test_folder/World_Census_Agriculture/WCA_2020/WCA_2020_new_doc/IND_REP_ENG_2015_2016.pdf | archived_sha256=fb01bcb922a38ef964a2ca2fddada5540426bf5b06317d931425ae8d699d6405,archived a1_extract.py/a1b_gender.py; shares independently recomputed from numeric CSV,percentage share (0-100); raw number of holdings in thousands,All-social-groups total for Chhattisgarh/Medium/number=181,4.4198895028,43.0939226519,raw SC=8; raw Others=78; construction fact=f00059; stored gap=38.67 pp,recomputed_from_archived_official_report,deterministic_source_reconstruction_v1,2026-09-13,,,,diff,b,True
AgCensus2015-16 T2-4 Chhattisgarh/Medium/number/SCvsST,AgCensus2015-16,T2-4,Chhattisgarh,Medium,number,SCvsST,social_group,Scheduled Castes,Scheduled Tribes,1,0,1,0,diff,b,"Tables 2-4, PDF pages 29,35,41",https://www.fao.org/fileadmin/templates/ess/ess_test_folder/World_Census_Agriculture/WCA_2020/WCA_2020_new_doc/IND_REP_ENG_2015_2016.pdf | archived_sha256=fb01bcb922a38ef964a2ca2fddada5540426bf5b06317d931425ae8d699d6405,archived a1_extract.py/a1b_gender.py; shares independently recomputed from numeric CSV,percentage share (0-100); raw number of holdings in thousands,All-social-groups total for Chhattisgarh/Medium/number=181,4.4198895028,52.4861878453,raw SC=8; raw ST=95; construction fact=f00058; stored gap=48.07 pp,recomputed_from_archived_official_report,deterministic_source_reconstruction_v1,2026-09-13,,,,diff,b,True
AgCensus2015-16 T2-4 Chhattisgarh/SC/number/MarginalvsLarge,AgCensus2015-16,T2-4,Chhattisgarh,SC,number,MarginalvsLarge,landholding,marginal holdings,large holdings,1,1,0,0,diff,a,"Table 3, PDF pages 31,32,36",https://www.fao.org/fileadmin/templates/ess/ess_test_folder/World_Census_Agriculture/WCA_2020/WCA_2020_new_doc/IND_REP_ENG_2015_2016.pdf | archived_sha256=fb01bcb922a38ef964a2ca2fddada5540426bf5b06317d931425ae8d699d6405,archived a1_extract.py/a1b_gender.py; shares independently recomputed from numeric CSV,percentage share (0-100); raw number of holdings in thousands,All Classes total for Chhattisgarh/SC/number=485,73.6082474227,0.2061855670,raw Marginal=357; raw Large=1; construction fact=f00992; stored gap=73.4 pp,recomputed_from_archived_official_report,deterministic_source_reconstruction_v1,2026-09-13,,,,diff,a,True
AgCensus2015-16 T2-4 Chhattisgarh/SC/number/MarginalvsMedium,AgCensus2015-16,T2-4,Chhattisgarh,SC,number,MarginalvsMedium,landholding,marginal holdings,medium holdings,1,0,0,1,diff,a,"Table 3, PDF pages 31,32,35",https://www.fao.org/fileadmin/templates/ess/ess_test_folder/World_Census_Agriculture/WCA_2020/WCA_2020_new_doc/IND_REP_ENG_2015_2016.pdf | archived_sha256=fb01bcb922a38ef964a2ca2fddada5540426bf5b06317d931425ae8d699d6405,archived a1_extract.py/a1b_gender.py; shares independently recomputed from numeric CSV,percentage share (0-100); raw number of holdings in thousands,All Classes total for Chhattisgarh/SC/number=485,73.6082474227,1.6494845361,raw Marginal=357; raw Medium=8; construction fact=f00991; stored gap=71.96 pp,recomputed_from_archived_official_report,deterministic_source_reconstruction_v1,2026-09-13,,,,diff,a,True
AgCensus2015-16 T2-4 Chhattisgarh/SC/number/MarginalvsSemi-medium,AgCensus2015-16,T2-4,Chhattisgarh,SC,number,MarginalvsSemi-medium,landholding,marginal holdings,semi-medium holdings,1,0,0,1,diff,a,"Table 3, PDF pages 31,32,34",https://www.fao.org/fileadmin/templates/ess/ess_test_folder/World_Census_Agriculture/WCA_2020/WCA_2020_new_doc/IND_REP_ENG_2015_2016.pdf | archived_sha256=fb01bcb922a38ef964a2ca2fddada5540426bf5b06317d931425ae8d699d6405,archived a1_extract.py/a1b_gender.py; shares independently recomputed from numeric CSV,percentage share (0-100); raw number of holdings in thousands,All Classes total for Chhattisgarh/SC/number=485,73.6082474227,7.0103092784,raw Marginal=357; raw Semi-medium=34; construction fact=f00990; stored gap=66.6 pp,recomputed_from_archived_official_report,deterministic_source_reconstruction_v1,2026-09-13,,,,diff,a,True
AgCensus2015-16 T2-4 Chhattisgarh/SC/number/MarginalvsSmall,AgCensus2015-16,T2-4,Chhattisgarh,SC,number,MarginalvsSmall,landholding,marginal holdings,small holdings,1,1,0,0,diff,a,"Table 3, PDF pages 31,32,33",https://www.fao.org/fileadmin/templates/ess/ess_test_folder/World_Census_Agriculture/WCA_2020/WCA_2020_new_doc/IND_REP_ENG_2015_2016.pdf | archived_sha256=fb01bcb922a38ef964a2ca2fddada5540426bf5b06317d931425ae8d699d6405,archived a1_extract.py/a1b_gender.py; shares independently recomputed from numeric CSV,percentage share (0-100); raw number of holdings in thousands,All Classes total for Chhattisgarh/SC/number=485,73.6082474227,17.7319587629,raw Marginal=357; raw Small=86; construction fact=f00989; stored gap=55.88 pp,recomputed_from_archived_official_report,deterministic_source_reconstruction_v1,2026-09-13,,,,diff,a,True
AgCensus2015-16 T2-4 Chhattisgarh/SC/number/SmallvsLarge,AgCensus2015-16,T2-4,Chhattisgarh,SC,number,SmallvsLarge,landholding,small holdings,large holdings,1,0,0,1,diff,a,"Table 3, PDF pages 31,33,36",https://www.fao.org/fileadmin/templates/ess/ess_test_folder/World_Census_Agriculture/WCA_2020/WCA_2020_new_doc/IND_REP_ENG_2015_2016.pdf | archived_sha256=fb01bcb922a38ef964a2ca2fddada5540426bf5b06317d931425ae8d699d6405,archived a1_extract.py/a1b_gender.py; shares independently recomputed from numeric CSV,percentage share (0-100); raw number of holdings in thousands,All Classes total for Chhattisgarh/SC/number=485,17.7319587629,0.2061855670,raw Small=86; raw Large=1; construction fact=f00995; stored gap=17.53 pp,recomputed_from_archived_official_report,deterministic_source_reconstruction_v1,2026-09-13,,,,diff,a,True
AgCensus2015-16 T2-4 Chhattisgarh/SC/number/SmallvsMedium,AgCensus2015-16,T2-4,Chhattisgarh,SC,number,SmallvsMedium,landholding,small holdings,medium holdings,1,1,0,0,diff,a,"Table 3, PDF pages 31,33,35",https://www.fao.org/fileadmin/templates/ess/ess_test_folder/World_Census_Agriculture/WCA_2020/WCA_2020_new_doc/IND_REP_ENG_2015_2016.pdf | archived_sha256=fb01bcb922a38ef964a2ca2fddada5540426bf5b06317d931425ae8d699d6405,archived a1_extract.py/a1b_gender.py; shares independently recomputed from numeric CSV,percentage share (0-100); raw number of holdings in thousands,All Classes total for Chhattisgarh/SC/number=485,17.7319587629,1.6494845361,raw Small=86; raw Medium=8; construction fact=f00994; stored gap=16.08 pp,recomputed_from_archived_official_report,deterministic_source_reconstruction_v1,2026-09-13,,,,diff,a,True
AgCensus2015-16 T2-4 Chhattisgarh/SC/number/SmallvsSemi-medium,AgCensus2015-16,T2-4,Chhattisgarh,SC,number,SmallvsSemi-medium,landholding,small holdings,semi-medium holdings,1,1,0,0,diff,a,"Table 3, PDF pages 31,33,34",https://www.fao.org/fileadmin/templates/ess/ess_test_folder/World_Census_Agriculture/WCA_2020/WCA_2020_new_doc/IND_REP_ENG_2015_2016.pdf | archived_sha256=fb01bcb922a38ef964a2ca2fddada5540426bf5b06317d931425ae8d699d6405,archived a1_extract.py/a1b_gender.py; shares independently recomputed from numeric CSV,percentage share (0-100); raw number of holdings in thousands,All Classes total for Chhattisgarh/SC/number=485,17.7319587629,7.0103092784,raw Small=86; raw Semi-medium=34; construction fact=f00993; stored gap=10.72 pp,recomputed_from_archived_official_report,deterministic_source_reconstruction_v1,2026-09-13,,,,diff,a,True
AgCensus2015-16 T2-4 Chhattisgarh/ST/area/MarginalvsLarge,AgCensus2015-16,T2-4,Chhattisgarh,ST,area,MarginalvsLarge,landholding,marginal operated area,large operated area,1,0,0,1,equal,c,"Table 4, PDF pages 37,38,42",https://www.fao.org/fileadmin/templates/ess/ess_test_folder/World_Census_Agriculture/WCA_2020/WCA_2020_new_doc/IND_REP_ENG_2015_2016.pdf | archived_sha256=fb01bcb922a38ef964a2ca2fddada5540426bf5b06317d931425ae8d699d6405,archived a1_extract.py/a1b_gender.py; shares independently recomputed from numeric CSV,percentage share (0-100); raw operated area in thousand hectares,All Classes total for Chhattisgarh/ST/area=2124,13.1355932203,10.9698681733,raw Marginal=279; raw Large=233; construction fact=f01799; stored gap=2.17 pp,recomputed_from_archived_official_report,deterministic_source_reconstruction_v1,2026-09-13,,,,equal,c,True
AgCensus2015-16 T2-4 Chhattisgarh/ST/number/MarginalvsLarge,AgCensus2015-16,T2-4,Chhattisgarh,ST,number,MarginalvsLarge,landholding,marginal holdings,large holdings,1,1,0,0,diff,a,"Table 4, PDF pages 37,38,42",https://www.fao.org/fileadmin/templates/ess/ess_test_folder/World_Census_Agriculture/WCA_2020/WCA_2020_new_doc/IND_REP_ENG_2015_2016.pdf | archived_sha256=fb01bcb922a38ef964a2ca2fddada5540426bf5b06317d931425ae8d699d6405,archived a1_extract.py/a1b_gender.py; shares independently recomputed from numeric CSV,percentage share (0-100); raw number of holdings in thousands,All Classes total for Chhattisgarh/ST/number=1257,47.4940334129,1.1137629276,raw Marginal=597; raw Large=14; construction fact=f01150; stored gap=46.38 pp,recomputed_from_archived_official_report,deterministic_source_reconstruction_v1,2026-09-13,,,,diff,a,True
AgCensus2015-16 T2-4 Chhattisgarh/ST/number/MarginalvsMedium,AgCensus2015-16,T2-4,Chhattisgarh,ST,number,MarginalvsMedium,landholding,marginal holdings,medium holdings,1,1,0,0,diff,a,"Table 4, PDF pages 37,38,41",https://www.fao.org/fileadmin/templates/ess/ess_test_folder/World_Census_Agriculture/WCA_2020/WCA_2020_new_doc/IND_REP_ENG_2015_2016.pdf | archived_sha256=fb01bcb922a38ef964a2ca2fddada5540426bf5b06317d931425ae8d699d6405,archived a1_extract.py/a1b_gender.py; shares independently recomputed from numeric CSV,percentage share (0-100); raw number of holdings in thousands,All Classes total for Chhattisgarh/ST/number=1257,47.4940334129,7.5576770088,raw Marginal=597; raw Medium=95; construction fact=f01149; stored gap=39.94 pp,recomputed_from_archived_official_report,deterministic_source_reconstruction_v1,2026-09-13,,,,diff,a,True
AgCensus2015-16 T2-4 Chhattisgarh/ST/number/MarginalvsSemi-medium,AgCensus2015-16,T2-4,Chhattisgarh,ST,number,MarginalvsSemi-medium,landholding,marginal holdings,semi-medium holdings,1,0,1,0,diff,a,"Table 4, PDF pages 37,38,40",https://www.fao.org/fileadmin/templates/ess/ess_test_folder/World_Census_Agriculture/WCA_2020/WCA_2020_new_doc/IND_REP_ENG_2015_2016.pdf | archived_sha256=fb01bcb922a38ef964a2ca2fddada5540426bf5b06317d931425ae8d699d6405,archived a1_extract.py/a1b_gender.py; shares independently recomputed from numeric CSV,percentage share (0-100); raw number of holdings in thousands,All Classes total for Chhattisgarh/ST/number=1257,47.4940334129,18.3770883055,raw Marginal=597; raw Semi-medium=231; construction fact=f01148; stored gap=29.12 pp,recomputed_from_archived_official_report,deterministic_source_reconstruction_v1,2026-09-13,,,,diff,a,True
AgCensus2015-16 T2-4 Chhattisgarh/ST/number/MarginalvsSmall,AgCensus2015-16,T2-4,Chhattisgarh,ST,number,MarginalvsSmall,landholding,marginal holdings,small holdings,1,1,0,0,diff,a,"Table 4, PDF pages 37,38,39",https://www.fao.org/fileadmin/templates/ess/ess_test_folder/World_Census_Agriculture/WCA_2020/WCA_2020_new_doc/IND_REP_ENG_2015_2016.pdf | archived_sha256=fb01bcb922a38ef964a2ca2fddada5540426bf5b06317d931425ae8d699d6405,archived a1_extract.py/a1b_gender.py; shares independently recomputed from numeric CSV,percentage share (0-100); raw number of holdings in thousands,All Classes total for Chhattisgarh/ST/number=1257,47.4940334129,25.3778838504,raw Marginal=597; raw Small=319; construction fact=f01147; stored gap=22.12 pp,recomputed_from_archived_official_report,deterministic_source_reconstruction_v1,2026-09-13,,,,diff,a,True
AgCensus2015-16 T2-4 Chhattisgarh/ST/number/Semi-mediumvsLarge,AgCensus2015-16,T2-4,Chhattisgarh,ST,number,Semi-mediumvsLarge,landholding,semi-medium holdings,large holdings,1,1,0,0,diff,a,"Table 4, PDF pages 37,40,42",https://www.fao.org/fileadmin/templates/ess/ess_test_folder/World_Census_Agriculture/WCA_2020/WCA_2020_new_doc/IND_REP_ENG_2015_2016.pdf | archived_sha256=fb01bcb922a38ef964a2ca2fddada5540426bf5b06317d931425ae8d699d6405,archived a1_extract.py/a1b_gender.py; shares independently recomputed from numeric CSV,percentage share (0-100); raw number of holdings in thousands,All Classes total for Chhattisgarh/ST/number=1257,18.3770883055,1.1137629276,raw Semi-medium=231; raw Large=14; construction fact=f01154; stored gap=17.26 pp,recomputed_from_archived_official_report,deterministic_source_reconstruction_v1,2026-09-13,,,,diff,a,True
AgCensus2015-16 T2-4 Chhattisgarh/ST/number/Semi-mediumvsMedium,AgCensus2015-16,T2-4,Chhattisgarh,ST,number,Semi-mediumvsMedium,landholding,semi-medium holdings,medium holdings,1,1,0,0,diff,a,"Table 4, PDF pages 37,40,41",https://www.fao.org/fileadmin/templates/ess/ess_test_folder/World_Census_Agriculture/WCA_2020/WCA_2020_new_doc/IND_REP_ENG_2015_2016.pdf | archived_sha256=fb01bcb922a38ef964a2ca2fddada5540426bf5b06317d931425ae8d699d6405,archived a1_extract.py/a1b_gender.py; shares independently recomputed from numeric CSV,percentage share (0-100); raw number of holdings in thousands,All Classes total for Chhattisgarh/ST/number=1257,18.3770883055,7.5576770088,raw Semi-medium=231; raw Medium=95; construction fact=f01153; stored gap=10.82 pp,recomputed_from_archived_official_report,deterministic_source_reconstruction_v1,2026-09-13,,,,diff,a,True
AgCensus2015-16 T2-4 Chhattisgarh/ST/number/SmallvsMedium,AgCensus2015-16,T2-4,Chhattisgarh,ST,number,SmallvsMedium,landholding,small holdings,medium holdings,1,1,0,0,diff,a,"Table 4, PDF pages 37,39,41",https://www.fao.org/fileadmin/templates/ess/ess_test_folder/World_Census_Agriculture/WCA_2020/WCA_2020_new_doc/IND_REP_ENG_2015_2016.pdf | archived_sha256=fb01bcb922a38ef964a2ca2fddada5540426bf5b06317d931425ae8d699d6405,archived a1_extract.py/a1b_gender.py; shares independently recomputed from numeric CSV,percentage share (0-100); raw number of holdings in thousands,All Classes total for Chhattisgarh/ST/number=1257,25.3778838504,7.5576770088,raw Small=319; raw Medium=95; construction fact=f01151; stored gap=17.82 pp,recomputed_from_archived_official_report,deterministic_source_reconstruction_v1,2026-09-13,,,,diff,a,True
AgCensus2015-16 T2-4 Chhattisgarh/Semi-medium/area/SCvsOthers,AgCensus2015-16,T2-4,Chhattisgarh,Semi-medium,area,SCvsOthers,social_group,Scheduled Castes,Other social groups,1,1,0,0,diff,b,"Tables 2-4, PDF pages 28,34,40",https://www.fao.org/fileadmin/templates/ess/ess_test_folder/World_Census_Agriculture/WCA_2020/WCA_2020_new_doc/IND_REP_ENG_2015_2016.pdf | archived_sha256=fb01bcb922a38ef964a2ca2fddada5540426bf5b06317d931425ae8d699d6405,archived a1_extract.py/a1b_gender.py; shares independently recomputed from numeric CSV,percentage share (0-100); raw operated area in thousand hectares,All-social-groups total for Chhattisgarh/Semi-medium/area=1316,6.7629179331,46.5045592705,raw SC=89; raw Others=612; construction fact=f00420; stored gap=39.74 pp,recomputed_from_archived_official_report,deterministic_source_reconstruction_v1,2026-09-13,,,,diff,b,True
AgCensus2015-16 T2-4 Chhattisgarh/Semi-medium/area/SCvsST,AgCensus2015-16,T2-4,Chhattisgarh,Semi-medium,area,SCvsST,social_group,Scheduled Castes,Scheduled Tribes,1,1,0,0,diff,b,"Tables 2-4, PDF pages 28,34,40",https://www.fao.org/fileadmin/templates/ess/ess_test_folder/World_Census_Agriculture/WCA_2020/WCA_2020_new_doc/IND_REP_ENG_2015_2016.pdf | archived_sha256=fb01bcb922a38ef964a2ca2fddada5540426bf5b06317d931425ae8d699d6405,archived a1_extract.py/a1b_gender.py; shares independently recomputed from numeric CSV,percentage share (0-100); raw operated area in thousand hectares,All-social-groups total for Chhattisgarh/Semi-medium/area=1316,6.7629179331,46.7325227964,raw SC=89; raw ST=615; construction fact=f00419; stored gap=39.97 pp,recomputed_from_archived_official_report,deterministic_source_reconstruction_v1,2026-09-13,,,,diff,b,True
AgCensus2015-16 T2-4 Chhattisgarh/Semi-medium/area/STvsOthers,AgCensus2015-16,T2-4,Chhattisgarh,Semi-medium,area,STvsOthers,social_group,Scheduled Tribes,Other social groups,8,8,0,0,equal,c,"Tables 2-4, PDF pages 28,34,40",https://www.fao.org/fileadmin/templates/ess/ess_test_folder/World_Census_Agriculture/WCA_2020/WCA_2020_new_doc/IND_REP_ENG_2015_2016.pdf | archived_sha256=fb01bcb922a38ef964a2ca2fddada5540426bf5b06317d931425ae8d699d6405,archived a1_extract.py/a1b_gender.py; shares independently recomputed from numeric CSV,percentage share (0-100); raw operated area in thousand hectares,All-social-groups total for Chhattisgarh/Semi-medium/area=1316,46.7325227964,46.5045592705,raw ST=615; raw Others=612; construction fact=f00421; stored gap=0.23 pp,recomputed_from_archived_official_report,deterministic_source_reconstruction_v1,2026-09-13,,,,equal,c,True
AgCensus2015-16 T2-4 Chhattisgarh/Semi-medium/number/SCvsOthers,AgCensus2015-16,T2-4,Chhattisgarh,Semi-medium,number,SCvsOthers,social_group,Scheduled Castes,Other social groups,1,1,0,0,diff,b,"Tables 2-4, PDF pages 28,34,40",https://www.fao.org/fileadmin/templates/ess/ess_test_folder/World_Census_Agriculture/WCA_2020/WCA_2020_new_doc/IND_REP_ENG_2015_2016.pdf | archived_sha256=fb01bcb922a38ef964a2ca2fddada5540426bf5b06317d931425ae8d699d6405,archived a1_extract.py/a1b_gender.py; shares independently recomputed from numeric CSV,percentage share (0-100); raw number of holdings in thousands,All-social-groups total for Chhattisgarh/Semi-medium/number=493,6.8965517241,46.2474645030,raw SC=34; raw Others=228; construction fact=f00061; stored gap=39.35 pp,recomputed_from_archived_official_report,deterministic_source_reconstruction_v1,2026-09-13,,,,diff,b,True
AgCensus2015-16 T2-4 Chhattisgarh/Semi-medium/number/SCvsST,AgCensus2015-16,T2-4,Chhattisgarh,Semi-medium,number,SCvsST,social_group,Scheduled Castes,Scheduled Tribes,1,0,0,1,diff,b,"Tables 2-4, PDF pages 28,34,40",https://www.fao.org/fileadmin/templates/ess/ess_test_folder/World_Census_Agriculture/WCA_2020/WCA_2020_new_doc/IND_REP_ENG_2015_2016.pdf | archived_sha256=fb01bcb922a38ef964a2ca2fddada5540426bf5b06317d931425ae8d699d6405,archived a1_extract.py/a1b_gender.py; shares independently recomputed from numeric CSV,percentage share (0-100); raw number of holdings in thousands,All-social-groups total for Chhattisgarh/Semi-medium/number=493,6.8965517241,46.8559837728,raw SC=34; raw ST=231; construction fact=f00060; stored gap=39.96 pp,recomputed_from_archived_official_report,deterministic_source_reconstruction_v1,2026-09-13,,,,diff,b,True
AgCensus2015-16 T2-4 Chhattisgarh/Semi-medium/number/STvsOthers,AgCensus2015-16,T2-4,Chhattisgarh,Semi-medium,number,STvsOthers,social_group,Scheduled Tribes,Other social groups,8,8,0,0,equal,c,"Tables 2-4, PDF pages 28,34,40",https://www.fao.org/fileadmin/templates/ess/ess_test_folder/World_Census_Agriculture/WCA_2020/WCA_2020_new_doc/IND_REP_ENG_2015_2016.pdf | archived_sha256=fb01bcb922a38ef964a2ca2fddada5540426bf5b06317d931425ae8d699d6405,archived a1_extract.py/a1b_gender.py; shares independently recomputed from numeric CSV,percentage share (0-100); raw number of holdings in thousands,All-social-groups total for Chhattisgarh/Semi-medium/number=493,46.8559837728,46.2474645030,raw ST=231; raw Others=228; construction fact=f00062; stored gap=0.61 pp,recomputed_from_archived_official_report,deterministic_source_reconstruction_v1,2026-09-13,,,,equal,c,True
AgCensus2015-16 T2-4 Chhattisgarh/Small/area/SCvsOthers,AgCensus2015-16,T2-4,Chhattisgarh,Small,area,SCvsOthers,social_group,Scheduled Castes,Other social groups,1,0,0,1,diff,b,"Tables 2-4, PDF pages 27,33,39",https://www.fao.org/fileadmin/templates/ess/ess_test_folder/World_Census_Agriculture/WCA_2020/WCA_2020_new_doc/IND_REP_ENG_2015_2016.pdf | archived_sha256=fb01bcb922a38ef964a2ca2fddada5540426bf5b06317d931425ae8d699d6405,archived a1_extract.py/a1b_gender.py; shares independently recomputed from numeric CSV,percentage share (0-100); raw operated area in thousand hectares,All-social-groups total for Chhattisgarh/Small/area=1238,9.6122778675,53.7156704362,raw SC=119; raw Others=665; construction fact=f00423; stored gap=44.1 pp,recomputed_from_archived_official_report,deterministic_source_reconstruction_v1,2026-09-13,,,,diff,b,True
AgCensus2015-16 T2-4 Chhattisgarh/Small/area/SCvsST,AgCensus2015-16,T2-4,Chhattisgarh,Small,area,SCvsST,social_group,Scheduled Castes,Scheduled Tribes,1,0,0,1,diff,b,"Tables 2-4, PDF pages 27,33,39",https://www.fao.org/fileadmin/templates/ess/ess_test_folder/World_Census_Agriculture/WCA_2020/WCA_2020_new_doc/IND_REP_ENG_2015_2016.pdf | archived_sha256=fb01bcb922a38ef964a2ca2fddada5540426bf5b06317d931425ae8d699d6405,archived a1_extract.py/a1b_gender.py; shares independently recomputed from numeric CSV,percentage share (0-100); raw operated area in thousand hectares,All-social-groups total for Chhattisgarh/Small/area=1238,9.6122778675,36.6720516963,raw SC=119; raw ST=454; construction fact=f00422; stored gap=27.06 pp,recomputed_from_archived_official_report,deterministic_source_reconstruction_v1,2026-09-13,,,,diff,b,True
AgCensus2015-16 T2-4 Chhattisgarh/Small/number/SCvsOthers,AgCensus2015-16,T2-4,Chhattisgarh,Small,number,SCvsOthers,social_group,Scheduled Castes,Other social groups,1,0,0,1,diff,b,"Tables 2-4, PDF pages 27,33,39",https://www.fao.org/fileadmin/templates/ess/ess_test_folder/World_Census_Agriculture/WCA_2020/WCA_2020_new_doc/IND_REP_ENG_2015_2016.pdf | archived_sha256=fb01bcb922a38ef964a2ca2fddada5540426bf5b06317d931425ae8d699d6405,archived a1_extract.py/a1b_gender.py; shares independently recomputed from numeric CSV,percentage share (0-100); raw number of holdings in thousands,All-social-groups total for Chhattisgarh/Small/number=879,9.7838452787,53.9249146758,raw SC=86; raw Others=474; construction fact=f00064; stored gap=44.14 pp,recomputed_from_archived_official_report,deterministic_source_reconstruction_v1,2026-09-13,,,,diff,b,True
AgCensus2015-16 T2-4 Chhattisgarh/Small/number/SCvsST,AgCensus2015-16,T2-4,Chhattisgarh,Small,number,SCvsST,social_group,Scheduled Castes,Scheduled Tribes,1,0,0,1,diff,b,"Tables 2-4, PDF pages 27,33,39",https://www.fao.org/fileadmin/templates/ess/ess_test_folder/World_Census_Agriculture/WCA_2020/WCA_2020_new_doc/IND_REP_ENG_2015_2016.pdf | archived_sha256=fb01bcb922a38ef964a2ca2fddada5540426bf5b06317d931425ae8d699d6405,archived a1_extract.py/a1b_gender.py; shares independently recomputed from numeric CSV,percentage share (0-100); raw number of holdings in thousands,All-social-groups total for Chhattisgarh/Small/number=879,9.7838452787,36.2912400455,raw SC=86; raw ST=319; construction fact=f00063; stored gap=26.51 pp,recomputed_from_archived_official_report,deterministic_source_reconstruction_v1,2026-09-13,,,,diff,b,True
AgCensus2015-16 T2-4 Chhattisgarh/Small/number/STvsOthers,AgCensus2015-16,T2-4,Chhattisgarh,Small,number,STvsOthers,social_group,Scheduled Tribes,Other social groups,1,1,0,0,diff,b,"Tables 2-4, PDF pages 27,33,39",https://www.fao.org/fileadmin/templates/ess/ess_test_folder/World_Census_Agriculture/WCA_2020/WCA_2020_new_doc/IND_REP_ENG_2015_2016.pdf | archived_sha256=fb01bcb922a38ef964a2ca2fddada5540426bf5b06317d931425ae8d699d6405,archived a1_extract.py/a1b_gender.py; shares independently recomputed from numeric CSV,percentage share (0-100); raw number of holdings in thousands,All-social-groups total for Chhattisgarh/Small/number=879,36.2912400455,53.9249146758,raw ST=319; raw Others=474; construction fact=f00065; stored gap=17.63 pp,recomputed_from_archived_official_report,deterministic_source_reconstruction_v1,2026-09-13,,,,diff,b,True
AgCensus2015-16 T2-4 D & N Haveli/All Classes/area/SCvsOthers,AgCensus2015-16,T2-4,D & N Haveli,All Classes,area,SCvsOthers,social_group,Scheduled Castes,Other social groups,1,0,0,1,diff,b,"Tables 2-4, PDF pages 25,31,37",https://www.fao.org/fileadmin/templates/ess/ess_test_folder/World_Census_Agriculture/WCA_2020/WCA_2020_new_doc/IND_REP_ENG_2015_2016.pdf | archived_sha256=fb01bcb922a38ef964a2ca2fddada5540426bf5b06317d931425ae8d699d6405,archived a1_extract.py/a1b_gender.py; shares independently recomputed from numeric CSV,percentage share (0-100); raw operated area in thousand hectares,All-social-groups total for D & N Haveli/All Classes/area=21,0.0000000000,19.0476190476,raw SC=0; raw Others=4; construction fact=f00426; stored gap=19.05 pp,recomputed_from_archived_official_report,deterministic_source_reconstruction_v1,2026-09-13,,,,diff,b,True
AgCensus2015-16 T2-4 D & N Haveli/All Classes/area/SCvsST,AgCensus2015-16,T2-4,D & N Haveli,All Classes,area,SCvsST,social_group,Scheduled Castes,Scheduled Tribes,1,1,0,0,diff,b,"Tables 2-4, PDF pages 25,31,37",https://www.fao.org/fileadmin/templates/ess/ess_test_folder/World_Census_Agriculture/WCA_2020/WCA_2020_new_doc/IND_REP_ENG_2015_2016.pdf | archived_sha256=fb01bcb922a38ef964a2ca2fddada5540426bf5b06317d931425ae8d699d6405,archived a1_extract.py/a1b_gender.py; shares independently recomputed from numeric CSV,percentage share (0-100); raw operated area in thousand hectares,All-social-groups total for D & N Haveli/All Classes/area=21,0.0000000000,80.9523809524,raw SC=0; raw ST=17; construction fact=f00425; stored gap=80.95 pp,recomputed_from_archived_official_report,deterministic_source_reconstruction_v1,2026-09-13,,,,diff,b,True
AgCensus2015-16 T2-4 D & N Haveli/All Classes/area/STvsOthers,AgCensus2015-16,T2-4,D & N Haveli,All Classes,area,STvsOthers,social_group,Scheduled Tribes,Other social groups,1,0,0,1,diff,a,"Tables 2-4, PDF pages 25,31,37",https://www.fao.org/fileadmin/templates/ess/ess_test_folder/World_Census_Agriculture/WCA_2020/WCA_2020_new_doc/IND_REP_ENG_2015_2016.pdf | archived_sha256=fb01bcb922a38ef964a2ca2fddada5540426bf5b06317d931425ae8d699d6405,archived a1_extract.py/a1b_gender.py; shares independently recomputed from numeric CSV,percentage share (0-100); raw operated area in thousand hectares,All-social-groups total for D & N Haveli/All Classes/area=21,80.9523809524,19.0476190476,raw ST=17; raw Others=4; construction fact=f00427; stored gap=61.9 pp,recomputed_from_archived_official_report,deterministic_source_reconstruction_v1,2026-09-13,,,,diff,a,True
AgCensus2015-16 T2-4 D & N Haveli/All/area/MarginalvsMedium,AgCensus2015-16,T2-4,D & N Haveli,All,area,MarginalvsMedium,landholding,marginal operated area,medium operated area,4,4,0,0,equal,c,"Table 2, PDF pages 25,26,29",https://www.fao.org/fileadmin/templates/ess/ess_test_folder/World_Census_Agriculture/WCA_2020/WCA_2020_new_doc/IND_REP_ENG_2015_2016.pdf | archived_sha256=fb01bcb922a38ef964a2ca2fddada5540426bf5b06317d931425ae8d699d6405,archived a1_extract.py/a1b_gender.py; shares independently recomputed from numeric CSV,percentage share (0-100); raw operated area in thousand hectares,All Classes total for D & N Haveli/All/area=21,23.8095238095,19.0476190476,raw Marginal=5; raw Medium=4; construction fact=f01373; stored gap=4.76 pp,recomputed_from_archived_official_report,deterministic_source_reconstruction_v1,2026-09-13,,,,equal,c,True
AgCensus2015-16 T2-4 D & N Haveli/All/area/MarginalvsSemi-medium,AgCensus2015-16,T2-4,D & N Haveli,All,area,MarginalvsSemi-medium,landholding,marginal operated area,semi-medium operated area,3,3,0,0,equal,c,"Table 2, PDF pages 25,26,28",https://www.fao.org/fileadmin/templates/ess/ess_test_folder/World_Census_Agriculture/WCA_2020/WCA_2020_new_doc/IND_REP_ENG_2015_2016.pdf | archived_sha256=fb01bcb922a38ef964a2ca2fddada5540426bf5b06317d931425ae8d699d6405,archived a1_extract.py/a1b_gender.py; shares independently recomputed from numeric CSV,percentage share (0-100); raw operated area in thousand hectares,All Classes total for D & N Haveli/All/area=21,23.8095238095,23.8095238095,raw Marginal=5; raw Semi-medium=5; construction fact=f01372; stored gap=0.0 pp,recomputed_from_archived_official_report,deterministic_source_reconstruction_v1,2026-09-13,,,,equal,c,True
AgCensus2015-16 T2-4 D & N Haveli/All/area/MarginalvsSmall,AgCensus2015-16,T2-4,D & N Haveli,All,area,MarginalvsSmall,landholding,marginal operated area,small operated area,4,4,0,0,equal,c,"Table 2, PDF pages 25,26,27",https://www.fao.org/fileadmin/templates/ess/ess_test_folder/World_Census_Agriculture/WCA_2020/WCA_2020_new_doc/IND_REP_ENG_2015_2016.pdf | archived_sha256=fb01bcb922a38ef964a2ca2fddada5540426bf5b06317d931425ae8d699d6405,archived a1_extract.py/a1b_gender.py; shares independently recomputed from numeric CSV,percentage share (0-100); raw operated area in thousand hectares,All Classes total for D & N Haveli/All/area=21,23.8095238095,23.8095238095,raw Marginal=5; raw Small=5; construction fact=f01371; stored gap=0.0 pp,recomputed_from_archived_official_report,deterministic_source_reconstruction_v1,2026-09-13,,,,equal,c,True
AgCensus2015-16 T2-4 D & N Haveli/All/area/Semi-mediumvsMedium,AgCensus2015-16,T2-4,D & N Haveli,All,area,Semi-mediumvsMedium,landholding,semi-medium operated area,medium operated area,4,4,0,0,equal,c,"Table 2, PDF pages 25,28,29",https://www.fao.org/fileadmin/templates/ess/ess_test_folder/World_Census_Agriculture/WCA_2020/WCA_2020_new_doc/IND_REP_ENG_2015_2016.pdf | archived_sha256=fb01bcb922a38ef964a2ca2fddada5540426bf5b06317d931425ae8d699d6405,archived a1_extract.py/a1b_gender.py; shares independently recomputed from numeric CSV,percentage share (0-100); raw operated area in thousand hectares,All Classes total for D & N Haveli/All/area=21,23.8095238095,19.0476190476,raw Semi-medium=5; raw Medium=4; construction fact=f01378; stored gap=4.76 pp,recomputed_from_archived_official_report,deterministic_source_reconstruction_v1,2026-09-13,,,,equal,c,True
AgCensus2015-16 T2-4 D & N Haveli/All/area/SmallvsMedium,AgCensus2015-16,T2-4,D & N Haveli,All,area,SmallvsMedium,landholding,small operated area,medium operated area,4,0,0,4,equal,c,"Table 2, PDF pages 25,27,29",https://www.fao.org/fileadmin/templates/ess/ess_test_folder/World_Census_Agriculture/WCA_2020/WCA_2020_new_doc/IND_REP_ENG_2015_2016.pdf | archived_sha256=fb01bcb922a38ef964a2ca2fddada5540426bf5b06317d931425ae8d699d6405,archived a1_extract.py/a1b_gender.py; shares independently recomputed from numeric CSV,percentage share (0-100); raw operated area in thousand hectares,All Classes total for D & N Haveli/All/area=21,23.8095238095,19.0476190476,raw Small=5; raw Medium=4; construction fact=f01376; stored gap=4.76 pp,recomputed_from_archived_official_report,deterministic_source_reconstruction_v1,2026-09-13,,,,equal,c,True
AgCensus2015-16 T2-4 D & N Haveli/All/area/SmallvsSemi-medium,AgCensus2015-16,T2-4,D & N Haveli,All,area,SmallvsSemi-medium,landholding,small operated area,semi-medium operated area,3,3,0,0,equal,c,"Table 2, PDF pages 25,27,28",https://www.fao.org/fileadmin/templates/ess/ess_test_folder/World_Census_Agriculture/WCA_2020/WCA_2020_new_doc/IND_REP_ENG_2015_2016.pdf | archived_sha256=fb01bcb922a38ef964a2ca2fddada5540426bf5b06317d931425ae8d699d6405,archived a1_extract.py/a1b_gender.py; shares independently recomputed from numeric CSV,percentage share (0-100); raw operated area in thousand hectares,All Classes total for D & N Haveli/All/area=21,23.8095238095,23.8095238095,raw Small=5; raw Semi-medium=5; construction fact=f01375; stored gap=0.0 pp,recomputed_from_archived_official_report,deterministic_source_reconstruction_v1,2026-09-13,,,,equal,c,True
AgCensus2015-16 T2-4 Delhi/All Classes/area/SCvsOthers,AgCensus2015-16,T2-4,Delhi,All Classes,area,SCvsOthers,social_group,Scheduled Castes,Other social groups,1,0,0,1,diff,b,"Tables 2-4, PDF pages 25,31,37",https://www.fao.org/fileadmin/templates/ess/ess_test_folder/World_Census_Agriculture/WCA_2020/WCA_2020_new_doc/IND_REP_ENG_2015_2016.pdf | archived_sha256=fb01bcb922a38ef964a2ca2fddada5540426bf5b06317d931425ae8d699d6405,archived a1_extract.py/a1b_gender.py; shares independently recomputed from numeric CSV,percentage share (0-100); raw operated area in thousand hectares,All-social-groups total for Delhi/All Classes/area=29,0.0000000000,100.0000000000,raw SC=0; raw Others=29; construction fact=f00428; stored gap=100.0 pp,recomputed_from_archived_official_report,deterministic_source_reconstruction_v1,2026-09-13,,,,diff,b,True
AgCensus2015-16 T2-4 Delhi/All Classes/area/STvsOthers,AgCensus2015-16,T2-4,Delhi,All Classes,area,STvsOthers,social_group,Scheduled Tribes,Other social groups,1,0,0,1,diff,b,"Tables 2-4, PDF pages 25,31,37",https://www.fao.org/fileadmin/templates/ess/ess_test_folder/World_Census_Agriculture/WCA_2020/WCA_2020_new_doc/IND_REP_ENG_2015_2016.pdf | archived_sha256=fb01bcb922a38ef964a2ca2fddada5540426bf5b06317d931425ae8d699d6405,archived a1_extract.py/a1b_gender.py; shares independently recomputed from numeric CSV,percentage share (0-100); raw operated area in thousand hectares,All-social-groups total for Delhi/All Classes/area=29,0.0000000000,100.0000000000,raw ST=0; raw Others=29; construction fact=f00429; stored gap=100.0 pp,recomputed_from_archived_official_report,deterministic_source_reconstruction_v1,2026-09-13,,,,diff,b,True
AgCensus2015-16 T2-4 Delhi/All Classes/number/SCvsOthers,AgCensus2015-16,T2-4,Delhi,All Classes,number,SCvsOthers,social_group,Scheduled Castes,Other social groups,1,1,0,0,diff,b,"Tables 2-4, PDF pages 25,31,37",https://www.fao.org/fileadmin/templates/ess/ess_test_folder/World_Census_Agriculture/WCA_2020/WCA_2020_new_doc/IND_REP_ENG_2015_2016.pdf | archived_sha256=fb01bcb922a38ef964a2ca2fddada5540426bf5b06317d931425ae8d699d6405,archived a1_extract.py/a1b_gender.py; shares independently recomputed from numeric CSV,percentage share (0-100); raw number of holdings in thousands,All-social-groups total for Delhi/All Classes/number=21,0.0000000000,100.0000000000,raw SC=0; raw Others=21; construction fact=f00066; stored gap=100.0 pp,recomputed_from_archived_official_report,deterministic_source_reconstruction_v1,2026-09-13,,,,diff,b,True
AgCensus2015-16 T2-4 Delhi/All Classes/number/STvsOthers,AgCensus2015-16,T2-4,Delhi,All Classes,number,STvsOthers,social_group,Scheduled Tribes,Other social groups,1,1,0,0,diff,b,"Tables 2-4, PDF pages 25,31,37",https://www.fao.org/fileadmin/templates/ess/ess_test_folder/World_Census_Agriculture/WCA_2020/WCA_2020_new_doc/IND_REP_ENG_2015_2016.pdf | archived_sha256=fb01bcb922a38ef964a2ca2fddada5540426bf5b06317d931425ae8d699d6405,archived a1_extract.py/a1b_gender.py; shares independently recomputed from numeric CSV,percentage share (0-100); raw number of holdings in thousands,All-social-groups total for Delhi/All Classes/number=21,0.0000000000,100.0000000000,raw ST=0; raw Others=21; construction fact=f00067; stored gap=100.0 pp,recomputed_from_archived_official_report,deterministic_source_reconstruction_v1,2026-09-13,,,,diff,b,True
AgCensus2015-16 T2-4 Delhi/All/area/Semi-mediumvsMedium,AgCensus2015-16,T2-4,Delhi,All,area,Semi-mediumvsMedium,landholding,semi-medium operated area,medium operated area,3,0,0,3,equal,c,"Table 2, PDF pages 25,28,29",https://www.fao.org/fileadmin/templates/ess/ess_test_folder/World_Census_Agriculture/WCA_2020/WCA_2020_new_doc/IND_REP_ENG_2015_2016.pdf | archived_sha256=fb01bcb922a38ef964a2ca2fddada5540426bf5b06317d931425ae8d699d6405,archived a1_extract.py/a1b_gender.py; shares independently recomputed from numeric CSV,percentage share (0-100); raw operated area in thousand hectares,All Classes total for Delhi/All/area=29,24.1379310345,24.1379310345,raw Semi-medium=7; raw Medium=7; construction fact=f01385; stored gap=0.0 pp,recomputed_from_archived_official_report,deterministic_source_reconstruction_v1,2026-09-13,,,,equal,c,True
AgCensus2015-16 T2-4 Delhi/All/area/SmallvsMedium,AgCensus2015-16,T2-4,Delhi,All,area,SmallvsMedium,landholding,small operated area,medium operated area,3,0,0,3,equal,c,"Table 2, PDF pages 25,27,29",https://www.fao.org/fileadmin/templates/ess/ess_test_folder/World_Census_Agriculture/WCA_2020/WCA_2020_new_doc/IND_REP_ENG_2015_2016.pdf | archived_sha256=fb01bcb922a38ef964a2ca2fddada5540426bf5b06317d931425ae8d699d6405,archived a1_extract.py/a1b_gender.py; shares independently recomputed from numeric CSV,percentage share (0-100); raw operated area in thousand hectares,All Classes total for Delhi/All/area=29,27.5862068966,24.1379310345,raw Small=8; raw Medium=7; construction fact=f01383; stored gap=3.45 pp,recomputed_from_archived_official_report,deterministic_source_reconstruction_v1,2026-09-13,,,,equal,c,True
AgCensus2015-16 T2-4 Delhi/All/area/SmallvsSemi-medium,AgCensus2015-16,T2-4,Delhi,All,area,SmallvsSemi-medium,landholding,small operated area,semi-medium operated area,4,4,0,0,equal,c,"Table 2, PDF pages 25,27,28",https://www.fao.org/fileadmin/templates/ess/ess_test_folder/World_Census_Agriculture/WCA_2020/WCA_2020_new_doc/IND_REP_ENG_2015_2016.pdf | archived_sha256=fb01bcb922a38ef964a2ca2fddada5540426bf5b06317d931425ae8d699d6405,archived a1_extract.py/a1b_gender.py; shares independently recomputed from numeric CSV,percentage share (0-100); raw operated area in thousand hectares,All Classes total for Delhi/All/area=29,27.5862068966,24.1379310345,raw Small=8; raw Semi-medium=7; construction fact=f01382; stored gap=3.45 pp,recomputed_from_archived_official_report,deterministic_source_reconstruction_v1,2026-09-13,,,,equal,c,True
AgCensus2015-16 T2-4 Delhi/All/number/MarginalvsLarge,AgCensus2015-16,T2-4,Delhi,All,number,MarginalvsLarge,landholding,marginal holdings,large holdings,1,1,0,0,diff,a,"Table 2, PDF pages 25,26,30",https://www.fao.org/fileadmin/templates/ess/ess_test_folder/World_Census_Agriculture/WCA_2020/WCA_2020_new_doc/IND_REP_ENG_2015_2016.pdf | archived_sha256=fb01bcb922a38ef964a2ca2fddada5540426bf5b06317d931425ae8d699d6405,archived a1_extract.py/a1b_gender.py; shares independently recomputed from numeric CSV,percentage share (0-100); raw number of holdings in thousands,All Classes total for Delhi/All/number=21,52.3809523810,0.0000000000,raw Marginal=11; raw Large=0; construction fact=f00788; stored gap=52.38 pp,recomputed_from_archived_official_report,deterministic_source_reconstruction_v1,2026-09-13,,,,diff,a,True
AgCensus2015-16 T2-4 Delhi/All/number/MarginalvsMedium,AgCensus2015-16,T2-4,Delhi,All,number,MarginalvsMedium,landholding,marginal holdings,medium holdings,1,1,0,0,diff,a,"Table 2, PDF pages 25,26,29",https://www.fao.org/fileadmin/templates/ess/ess_test_folder/World_Census_Agriculture/WCA_2020/WCA_2020_new_doc/IND_REP_ENG_2015_2016.pdf | archived_sha256=fb01bcb922a38ef964a2ca2fddada5540426bf5b06317d931425ae8d699d6405,archived a1_extract.py/a1b_gender.py; shares independently recomputed from numeric CSV,percentage share (0-100); raw number of holdings in thousands,All Classes total for Delhi/All/number=21,52.3809523810,4.7619047619,raw Marginal=11; raw Medium=1; construction fact=f00787; stored gap=47.62 pp,recomputed_from_archived_official_report,deterministic_source_reconstruction_v1,2026-09-13,,,,diff,a,True
AgCensus2015-16 T2-4 Delhi/All/number/MarginalvsSemi-medium,AgCensus2015-16,T2-4,Delhi,All,number,MarginalvsSemi-medium,landholding,marginal holdings,semi-medium holdings,1,1,0,0,diff,a,"Table 2, PDF pages 25,26,28",https://www.fao.org/fileadmin/templates/ess/ess_test_folder/World_Census_Agriculture/WCA_2020/WCA_2020_new_doc/IND_REP_ENG_2015_2016.pdf | archived_sha256=fb01bcb922a38ef964a2ca2fddada5540426bf5b06317d931425ae8d699d6405,archived a1_extract.py/a1b_gender.py; shares independently recomputed from numeric CSV,percentage share (0-100); raw number of holdings in thousands,All Classes total for Delhi/All/number=21,52.3809523810,14.2857142857,raw Marginal=11; raw Semi-medium=3; construction fact=f00786; stored gap=38.1 pp,recomputed_from_archived_official_report,deterministic_source_reconstruction_v1,2026-09-13,,,,diff,a,True
AgCensus2015-16 T2-4 Delhi/All/number/MarginalvsSmall,AgCensus2015-16,T2-4,Delhi,All,number,MarginalvsSmall,landholding,marginal holdings,small holdings,1,0,1,0,diff,a,"Table 2, PDF pages 25,26,27",https://www.fao.org/fileadmin/templates/ess/ess_test_folder/World_Census_Agriculture/WCA_2020/WCA_2020_new_doc/IND_REP_ENG_2015_2016.pdf | archived_sha256=fb01bcb922a38ef964a2ca2fddada5540426bf5b06317d931425ae8d699d6405,archived a1_extract.py/a1b_gender.py; shares independently recomputed from numeric CSV,percentage share (0-100); raw number of holdings in thousands,All Classes total for Delhi/All/number=21,52.3809523810,23.8095238095,raw Marginal=11; raw Small=5; construction fact=f00785; stored gap=28.57 pp,recomputed_from_archived_official_report,deterministic_source_reconstruction_v1,2026-09-13,,,,diff,a,True
AgCensus2015-16 T2-4 Delhi/All/number/Semi-mediumvsLarge,AgCensus2015-16,T2-4,Delhi,All,number,Semi-mediumvsLarge,landholding,semi-medium holdings,large holdings,1,0,0,1,diff,a,"Table 2, PDF pages 25,28,30",https://www.fao.org/fileadmin/templates/ess/ess_test_folder/World_Census_Agriculture/WCA_2020/WCA_2020_new_doc/IND_REP_ENG_2015_2016.pdf | archived_sha256=fb01bcb922a38ef964a2ca2fddada5540426bf5b06317d931425ae8d699d6405,archived a1_extract.py/a1b_gender.py; shares independently recomputed from numeric CSV,percentage share (0-100); raw number of holdings in thousands,All Classes total for Delhi/All/number=21,14.2857142857,0.0000000000,raw Semi-medium=3; raw Large=0; construction fact=f00791; stored gap=14.29 pp,recomputed_from_archived_official_report,deterministic_source_reconstruction_v1,2026-09-13,,,,diff,a,True
AgCensus2015-16 T2-4 Delhi/All/number/SmallvsLarge,AgCensus2015-16,T2-4,Delhi,All,number,SmallvsLarge,landholding,small holdings,large holdings,1,1,0,0,diff,a,"Table 2, PDF pages 25,27,30",https://www.fao.org/fileadmin/templates/ess/ess_test_folder/World_Census_Agriculture/WCA_2020/WCA_2020_new_doc/IND_REP_ENG_2015_2016.pdf | archived_sha256=fb01bcb922a38ef964a2ca2fddada5540426bf5b06317d931425ae8d699d6405,archived a1_extract.py/a1b_gender.py; shares independently recomputed from numeric CSV,percentage share (0-100); raw number of holdings in thousands,All Classes total for Delhi/All/number=21,23.8095238095,0.0000000000,raw Small=5; raw Large=0; construction fact=f00790; stored gap=23.81 pp,recomputed_from_archived_official_report,deterministic_source_reconstruction_v1,2026-09-13,,,,diff,a,True
AgCensus2015-16 T2-4 Delhi/All/number/SmallvsMedium,AgCensus2015-16,T2-4,Delhi,All,number,SmallvsMedium,landholding,small holdings,medium holdings,1,1,0,0,diff,a,"Table 2, PDF pages 25,27,29",https://www.fao.org/fileadmin/templates/ess/ess_test_folder/World_Census_Agriculture/WCA_2020/WCA_2020_new_doc/IND_REP_ENG_2015_2016.pdf | archived_sha256=fb01bcb922a38ef964a2ca2fddada5540426bf5b06317d931425ae8d699d6405,archived a1_extract.py/a1b_gender.py; shares independently recomputed from numeric CSV,percentage share (0-100); raw number of holdings in thousands,All Classes total for Delhi/All/number=21,23.8095238095,4.7619047619,raw Small=5; raw Medium=1; construction fact=f00789; stored gap=19.05 pp,recomputed_from_archived_official_report,deterministic_source_reconstruction_v1,2026-09-13,,,,diff,a,True
AgCensus2015-16 T2-4 Goa/All Classes/area/SCvsOthers,AgCensus2015-16,T2-4,Goa,All Classes,area,SCvsOthers,social_group,Scheduled Castes,Other social groups,1,0,0,1,diff,b,"Tables 2-4, PDF pages 25,31,37",https://www.fao.org/fileadmin/templates/ess/ess_test_folder/World_Census_Agriculture/WCA_2020/WCA_2020_new_doc/IND_REP_ENG_2015_2016.pdf | archived_sha256=fb01bcb922a38ef964a2ca2fddada5540426bf5b06317d931425ae8d699d6405,archived a1_extract.py/a1b_gender.py; shares independently recomputed from numeric CSV,percentage share (0-100); raw operated area in thousand hectares,All-social-groups total for Goa/All Classes/area=82,0.0000000000,73.1707317073,raw SC=0; raw Others=60; construction fact=f00431; stored gap=73.17 pp,recomputed_from_archived_official_report,deterministic_source_reconstruction_v1,2026-09-13,,,,diff,b,True
AgCensus2015-16 T2-4 Goa/All Classes/area/SCvsST,AgCensus2015-16,T2-4,Goa,All Classes,area,SCvsST,social_group,Scheduled Castes,Scheduled Tribes,1,0,1,0,diff,b,"Tables 2-4, PDF pages 25,31,37",https://www.fao.org/fileadmin/templates/ess/ess_test_folder/World_Census_Agriculture/WCA_2020/WCA_2020_new_doc/IND_REP_ENG_2015_2016.pdf | archived_sha256=fb01bcb922a38ef964a2ca2fddada5540426bf5b06317d931425ae8d699d6405,archived a1_extract.py/a1b_gender.py; shares independently recomputed from numeric CSV,percentage share (0-100); raw operated area in thousand hectares,All-social-groups total for Goa/All Classes/area=82,0.0000000000,26.8292682927,raw SC=0; raw ST=22; construction fact=f00430; stored gap=26.83 pp,recomputed_from_archived_official_report,deterministic_source_reconstruction_v1,2026-09-13,,,,diff,b,True
AgCensus2015-16 T2-4 Goa/All Classes/area/STvsOthers,AgCensus2015-16,T2-4,Goa,All Classes,area,STvsOthers,social_group,Scheduled Tribes,Other social groups,1,0,0,1,diff,b,"Tables 2-4, PDF pages 25,31,37",https://www.fao.org/fileadmin/templates/ess/ess_test_folder/World_Census_Agriculture/WCA_2020/WCA_2020_new_doc/IND_REP_ENG_2015_2016.pdf | archived_sha256=fb01bcb922a38ef964a2ca2fddada5540426bf5b06317d931425ae8d699d6405,archived a1_extract.py/a1b_gender.py; shares independently recomputed from numeric CSV,percentage share (0-100); raw operated area in thousand hectares,All-social-groups total for Goa/All Classes/area=82,26.8292682927,73.1707317073,raw ST=22; raw Others=60; construction fact=f00432; stored gap=46.34 pp,recomputed_from_archived_official_report,deterministic_source_reconstruction_v1,2026-09-13,,,,diff,b,True
AgCensus2015-16 T2-4 Goa/All Classes/number/SCvsOthers,AgCensus2015-16,T2-4,Goa,All Classes,number,SCvsOthers,social_group,Scheduled Castes,Other social groups,1,1,0,0,diff,b,"Tables 2-4, PDF pages 25,31,37",https://www.fao.org/fileadmin/templates/ess/ess_test_folder/World_Census_Agriculture/WCA_2020/WCA_2020_new_doc/IND_REP_ENG_2015_2016.pdf | archived_sha256=fb01bcb922a38ef964a2ca2fddada5540426bf5b06317d931425ae8d699d6405,archived a1_extract.py/a1b_gender.py; shares independently recomputed from numeric CSV,percentage share (0-100); raw number of holdings in thousands,All-social-groups total for Goa/All Classes/number=75,1.3333333333,69.3333333333,raw SC=1; raw Others=52; construction fact=f00069; stored gap=68.0 pp,recomputed_from_archived_official_report,deterministic_source_reconstruction_v1,2026-09-13,,,,diff,b,True
AgCensus2015-16 T2-4 Goa/All Classes/number/SCvsST,AgCensus2015-16,T2-4,Goa,All Classes,number,SCvsST,social_group,Scheduled Castes,Scheduled Tribes,1,1,0,0,diff,b,"Tables 2-4, PDF pages 25,31,37",https://www.fao.org/fileadmin/templates/ess/ess_test_folder/World_Census_Agriculture/WCA_2020/WCA_2020_new_doc/IND_REP_ENG_2015_2016.pdf | archived_sha256=fb01bcb922a38ef964a2ca2fddada5540426bf5b06317d931425ae8d699d6405,archived a1_extract.py/a1b_gender.py; shares independently recomputed from numeric CSV,percentage share (0-100); raw number of holdings in thousands,All-social-groups total for Goa/All Classes/number=75,1.3333333333,29.3333333333,raw SC=1; raw ST=22; construction fact=f00068; stored gap=28.0 pp,recomputed_from_archived_official_report,deterministic_source_reconstruction_v1,2026-09-13,,,,diff,b,True
AgCensus2015-16 T2-4 Goa/All Classes/number/STvsOthers,AgCensus2015-16,T2-4,Goa,All Classes,number,STvsOthers,social_group,Scheduled Tribes,Other social groups,1,1,0,0,diff,b,"Tables 2-4, PDF pages 25,31,37",https://www.fao.org/fileadmin/templates/ess/ess_test_folder/World_Census_Agriculture/WCA_2020/WCA_2020_new_doc/IND_REP_ENG_2015_2016.pdf | archived_sha256=fb01bcb922a38ef964a2ca2fddada5540426bf5b06317d931425ae8d699d6405,archived a1_extract.py/a1b_gender.py; shares independently recomputed from numeric CSV,percentage share (0-100); raw number of holdings in thousands,All-social-groups total for Goa/All Classes/number=75,29.3333333333,69.3333333333,raw ST=22; raw Others=52; construction fact=f00070; stored gap=40.0 pp,recomputed_from_archived_official_report,deterministic_source_reconstruction_v1,2026-09-13,,,,diff,b,True
AgCensus2015-16 T2-4 Goa/All/area/MediumvsLarge,AgCensus2015-16,T2-4,Goa,All,area,MediumvsLarge,landholding,medium operated area,large operated area,4,0,0,4,equal,c,"Table 2, PDF pages 25,29,30",https://www.fao.org/fileadmin/templates/ess/ess_test_folder/World_Census_Agriculture/WCA_2020/WCA_2020_new_doc/IND_REP_ENG_2015_2016.pdf | archived_sha256=fb01bcb922a38ef964a2ca2fddada5540426bf5b06317d931425ae8d699d6405,archived a1_extract.py/a1b_gender.py; shares independently recomputed from numeric CSV,percentage share (0-100); raw operated area in thousand hectares,All Classes total for Goa/All/area=82,17.0731707317,20.7317073171,raw Medium=14; raw Large=17; construction fact=f01396; stored gap=3.66 pp,recomputed_from_archived_official_report,deterministic_source_reconstruction_v1,2026-09-13,,,,equal,c,True
AgCensus2015-16 T2-4 Goa/All/area/Semi-mediumvsLarge,AgCensus2015-16,T2-4,Goa,All,area,Semi-mediumvsLarge,landholding,semi-medium operated area,large operated area,3,3,0,0,equal,c,"Table 2, PDF pages 25,28,30",https://www.fao.org/fileadmin/templates/ess/ess_test_folder/World_Census_Agriculture/WCA_2020/WCA_2020_new_doc/IND_REP_ENG_2015_2016.pdf | archived_sha256=fb01bcb922a38ef964a2ca2fddada5540426bf5b06317d931425ae8d699d6405,archived a1_extract.py/a1b_gender.py; shares independently recomputed from numeric CSV,percentage share (0-100); raw operated area in thousand hectares,All Classes total for Goa/All/area=82,17.0731707317,20.7317073171,raw Semi-medium=14; raw Large=17; construction fact=f01395; stored gap=3.66 pp,recomputed_from_archived_official_report,deterministic_source_reconstruction_v1,2026-09-13,,,,equal,c,True
AgCensus2015-16 T2-4 Goa/All/area/Semi-mediumvsMedium,AgCensus2015-16,T2-4,Goa,All,area,Semi-mediumvsMedium,landholding,semi-medium operated area,medium operated area,3,3,0,0,equal,c,"Table 2, PDF pages 25,28,29",https://www.fao.org/fileadmin/templates/ess/ess_test_folder/World_Census_Agriculture/WCA_2020/WCA_2020_new_doc/IND_REP_ENG_2015_2016.pdf | archived_sha256=fb01bcb922a38ef964a2ca2fddada5540426bf5b06317d931425ae8d699d6405,archived a1_extract.py/a1b_gender.py; shares independently recomputed from numeric CSV,percentage share (0-100); raw operated area in thousand hectares,All Classes total for Goa/All/area=82,17.0731707317,17.0731707317,raw Semi-medium=14; raw Medium=14; construction fact=f01394; stored gap=0.0 pp,recomputed_from_archived_official_report,deterministic_source_reconstruction_v1,2026-09-13,,,,equal,c,True
AgCensus2015-16 T2-4 Goa/All/area/SmallvsLarge,AgCensus2015-16,T2-4,Goa,All,area,SmallvsLarge,landholding,small operated area,large operated area,3,0,0,3,equal,c,"Table 2, PDF pages 25,27,30",https://www.fao.org/fileadmin/templates/ess/ess_test_folder/World_Census_Agriculture/WCA_2020/WCA_2020_new_doc/IND_REP_ENG_2015_2016.pdf | archived_sha256=fb01bcb922a38ef964a2ca2fddada5540426bf5b06317d931425ae8d699d6405,archived a1_extract.py/a1b_gender.py; shares independently recomputed from numeric CSV,percentage share (0-100); raw operated area in thousand hectares,All Classes total for Goa/All/area=82,15.8536585366,20.7317073171,raw Small=13; raw Large=17; construction fact=f01393; stored gap=4.88 pp,recomputed_from_archived_official_report,deterministic_source_reconstruction_v1,2026-09-13,,,,equal,c,True
AgCensus2015-16 T2-4 Goa/All/area/SmallvsMedium,AgCensus2015-16,T2-4,Goa,All,area,SmallvsMedium,landholding,small operated area,medium operated area,3,0,0,3,equal,c,"Table 2, PDF pages 25,27,29",https://www.fao.org/fileadmin/templates/ess/ess_test_folder/World_Census_Agriculture/WCA_2020/WCA_2020_new_doc/IND_REP_ENG_2015_2016.pdf | archived_sha256=fb01bcb922a38ef964a2ca2fddada5540426bf5b06317d931425ae8d699d6405,archived a1_extract.py/a1b_gender.py; shares independently recomputed from numeric CSV,percentage share (0-100); raw operated area in thousand hectares,All Classes total for Goa/All/area=82,15.8536585366,17.0731707317,raw Small=13; raw Medium=14; construction fact=f01392; stored gap=1.22 pp,recomputed_from_archived_official_report,deterministic_source_reconstruction_v1,2026-09-13,,,,equal,c,True
AgCensus2015-16 T2-4 Goa/All/area/SmallvsSemi-medium,AgCensus2015-16,T2-4,Goa,All,area,SmallvsSemi-medium,landholding,small operated area,semi-medium operated area,3,3,0,0,equal,c,"Table 2, PDF pages 25,27,28",https://www.fao.org/fileadmin/templates/ess/ess_test_folder/World_Census_Agriculture/WCA_2020/WCA_2020_new_doc/IND_REP_ENG_2015_2016.pdf | archived_sha256=fb01bcb922a38ef964a2ca2fddada5540426bf5b06317d931425ae8d699d6405,archived a1_extract.py/a1b_gender.py; shares independently recomputed from numeric CSV,percentage share (0-100); raw operated area in thousand hectares,All Classes total for Goa/All/area=82,15.8536585366,17.0731707317,raw Small=13; raw Semi-medium=14; construction fact=f01391; stored gap=1.22 pp,recomputed_from_archived_official_report,deterministic_source_reconstruction_v1,2026-09-13,,,,equal,c,True
AgCensus2015-16 T2-4 Goa/All/number/MarginalvsLarge,AgCensus2015-16,T2-4,Goa,All,number,MarginalvsLarge,landholding,marginal holdings,large holdings,1,1,0,0,diff,a,"Table 2, PDF pages 25,26,30",https://www.fao.org/fileadmin/templates/ess/ess_test_folder/World_Census_Agriculture/WCA_2020/WCA_2020_new_doc/IND_REP_ENG_2015_2016.pdf | archived_sha256=fb01bcb922a38ef964a2ca2fddada5540426bf5b06317d931425ae8d699d6405,archived a1_extract.py/a1b_gender.py; shares independently recomputed from numeric CSV,percentage share (0-100); raw number of holdings in thousands,All Classes total for Goa/All/number=75,78.6666666667,1.3333333333,raw Marginal=59; raw Large=1; construction fact=f00795; stored gap=77.33 pp,recomputed_from_archived_official_report,deterministic_source_reconstruction_v1,2026-09-13,,,,diff,a,True
AgCensus2015-16 T2-4 Goa/All/number/MarginalvsSemi-medium,AgCensus2015-16,T2-4,Goa,All,number,MarginalvsSemi-medium,landholding,marginal holdings,semi-medium holdings,1,1,0,0,diff,a,"Table 2, PDF pages 25,26,28",https://www.fao.org/fileadmin/templates/ess/ess_test_folder/World_Census_Agriculture/WCA_2020/WCA_2020_new_doc/IND_REP_ENG_2015_2016.pdf | archived_sha256=fb01bcb922a38ef964a2ca2fddada5540426bf5b06317d931425ae8d699d6405,archived a1_extract.py/a1b_gender.py; shares independently recomputed from numeric CSV,percentage share (0-100); raw number of holdings in thousands,All Classes total for Goa/All/number=75,78.6666666667,5.3333333333,raw Marginal=59; raw Semi-medium=4; construction fact=f00793; stored gap=73.33 pp,recomputed_from_archived_official_report,deterministic_source_reconstruction_v1,2026-09-13,,,,diff,a,True
AgCensus2015-16 T2-4 Goa/All/number/Semi-mediumvsLarge,AgCensus2015-16,T2-4,Goa,All,number,Semi-mediumvsLarge,landholding,semi-medium holdings,large holdings,3,0,0,3,equal,c,"Table 2, PDF pages 25,28,30",https://www.fao.org/fileadmin/templates/ess/ess_test_folder/World_Census_Agriculture/WCA_2020/WCA_2020_new_doc/IND_REP_ENG_2015_2016.pdf | archived_sha256=fb01bcb922a38ef964a2ca2fddada5540426bf5b06317d931425ae8d699d6405,archived a1_extract.py/a1b_gender.py; shares independently recomputed from numeric CSV,percentage share (0-100); raw number of holdings in thousands,All Classes total for Goa/All/number=75,5.3333333333,1.3333333333,raw Semi-medium=4; raw Large=1; construction fact=f00797; stored gap=4.0 pp,recomputed_from_archived_official_report,deterministic_source_reconstruction_v1,2026-09-13,,,,equal,c,True
AgCensus2015-16 T2-4 Goa/All/number/Semi-mediumvsMedium,AgCensus2015-16,T2-4,Goa,All,number,Semi-mediumvsMedium,landholding,semi-medium holdings,medium holdings,3,3,0,0,equal,c,"Table 2, PDF pages 25,28,29",https://www.fao.org/fileadmin/templates/ess/ess_test_folder/World_Census_Agriculture/WCA_2020/WCA_2020_new_doc/IND_REP_ENG_2015_2016.pdf | archived_sha256=fb01bcb922a38ef964a2ca2fddada5540426bf5b06317d931425ae8d699d6405,archived a1_extract.py/a1b_gender.py; shares independently recomputed from numeric CSV,percentage share (0-100); raw number of holdings in thousands,All Classes total for Goa/All/number=75,5.3333333333,2.6666666667,raw Semi-medium=4; raw Medium=2; construction fact=f00796; stored gap=2.67 pp,recomputed_from_archived_official_report,deterministic_source_reconstruction_v1,2026-09-13,,,,equal,c,True
AgCensus2015-16 T2-4 Goa/Marginal/area/SCvsOthers,AgCensus2015-16,T2-4,Goa,Marginal,area,SCvsOthers,social_group,Scheduled Castes,Other social groups,1,0,0,1,diff,b,"Tables 2-4, PDF pages 26,32,38",https://www.fao.org/fileadmin/templates/ess/ess_test_folder/World_Census_Agriculture/WCA_2020/WCA_2020_new_doc/IND_REP_ENG_2015_2016.pdf | archived_sha256=fb01bcb922a38ef964a2ca2fddada5540426bf5b06317d931425ae8d699d6405,archived a1_extract.py/a1b_gender.py; shares independently recomputed from numeric CSV,percentage share (0-100); raw operated area in thousand hectares,All-social-groups total for Goa/Marginal/area=23,0.0000000000,69.5652173913,raw SC=0; raw Others=16; construction fact=f00434; stored gap=69.57 pp,recomputed_from_archived_official_report,deterministic_source_reconstruction_v1,2026-09-13,,,,diff,b,True
AgCensus2015-16 T2-4 Goa/Marginal/area/SCvsST,AgCensus2015-16,T2-4,Goa,Marginal,area,SCvsST,social_group,Scheduled Castes,Scheduled Tribes,1,1,0,0,diff,b,"Tables 2-4, PDF pages 26,32,38",https://www.fao.org/fileadmin/templates/ess/ess_test_folder/World_Census_Agriculture/WCA_2020/WCA_2020_new_doc/IND_REP_ENG_2015_2016.pdf | archived_sha256=fb01bcb922a38ef964a2ca2fddada5540426bf5b06317d931425ae8d699d6405,archived a1_extract.py/a1b_gender.py; shares independently recomputed from numeric CSV,percentage share (0-100); raw operated area in thousand hectares,All-social-groups total for Goa/Marginal/area=23,0.0000000000,30.4347826087,raw SC=0; raw ST=7; construction fact=f00433; stored gap=30.43 pp,recomputed_from_archived_official_report,deterministic_source_reconstruction_v1,2026-09-13,,,,diff,b,True
AgCensus2015-16 T2-4 Goa/Marginal/area/STvsOthers,AgCensus2015-16,T2-4,Goa,Marginal,area,STvsOthers,social_group,Scheduled Tribes,Other social groups,1,1,0,0,diff,b,"Tables 2-4, PDF pages 26,32,38",https://www.fao.org/fileadmin/templates/ess/ess_test_folder/World_Census_Agriculture/WCA_2020/WCA_2020_new_doc/IND_REP_ENG_2015_2016.pdf | archived_sha256=fb01bcb922a38ef964a2ca2fddada5540426bf5b06317d931425ae8d699d6405,archived a1_extract.py/a1b_gender.py; shares independently recomputed from numeric CSV,percentage share (0-100); raw operated area in thousand hectares,All-social-groups total for Goa/Marginal/area=23,30.4347826087,69.5652173913,raw ST=7; raw Others=16; construction fact=f00435; stored gap=39.13 pp,recomputed_from_archived_official_report,deterministic_source_reconstruction_v1,2026-09-13,,,,diff,b,True
AgCensus2015-16 T2-4 Goa/Marginal/number/SCvsOthers,AgCensus2015-16,T2-4,Goa,Marginal,number,SCvsOthers,social_group,Scheduled Castes,Other social groups,1,0,0,1,diff,b,"Tables 2-4, PDF pages 26,32,38",https://www.fao.org/fileadmin/templates/ess/ess_test_folder/World_Census_Agriculture/WCA_2020/WCA_2020_new_doc/IND_REP_ENG_2015_2016.pdf | archived_sha256=fb01bcb922a38ef964a2ca2fddada5540426bf5b06317d931425ae8d699d6405,archived a1_extract.py/a1b_gender.py; shares independently recomputed from numeric CSV,percentage share (0-100); raw number of holdings in thousands,All-social-groups total for Goa/Marginal/number=59,1.6949152542,69.4915254237,raw SC=1; raw Others=41; construction fact=f00072; stored gap=67.8 pp,recomputed_from_archived_official_report,deterministic_source_reconstruction_v1,2026-09-13,,,,diff,b,True
AgCensus2015-16 T2-4 Goa/Marginal/number/SCvsST,AgCensus2015-16,T2-4,Goa,Marginal,number,SCvsST,social_group,Scheduled Castes,Scheduled Tribes,1,0,0,1,diff,b,"Tables 2-4, PDF pages 26,32,38",https://www.fao.org/fileadmin/templates/ess/ess_test_folder/World_Census_Agriculture/WCA_2020/WCA_2020_new_doc/IND_REP_ENG_2015_2016.pdf | archived_sha256=fb01bcb922a38ef964a2ca2fddada5540426bf5b06317d931425ae8d699d6405,archived a1_extract.py/a1b_gender.py; shares independently recomputed from numeric CSV,percentage share (0-100); raw number of holdings in thousands,All-social-groups total for Goa/Marginal/number=59,1.6949152542,28.8135593220,raw SC=1; raw ST=17; construction fact=f00071; stored gap=27.12 pp,recomputed_from_archived_official_report,deterministic_source_reconstruction_v1,2026-09-13,,,,diff,b,True
AgCensus2015-16 T2-4 Goa/Marginal/number/STvsOthers,AgCensus2015-16,T2-4,Goa,Marginal,number,STvsOthers,social_group,Scheduled Tribes,Other social groups,1,0,0,1,diff,b,"Tables 2-4, PDF pages 26,32,38",https://www.fao.org/fileadmin/templates/ess/ess_test_folder/World_Census_Agriculture/WCA_2020/WCA_2020_new_doc/IND_REP_ENG_2015_2016.pdf | archived_sha256=fb01bcb922a38ef964a2ca2fddada5540426bf5b06317d931425ae8d699d6405,archived a1_extract.py/a1b_gender.py; shares independently recomputed from numeric CSV,percentage share (0-100); raw number of holdings in thousands,All-social-groups total for Goa/Marginal/number=59,28.8135593220,69.4915254237,raw ST=17; raw Others=41; construction fact=f00073; stored gap=40.68 pp,recomputed_from_archived_official_report,deterministic_source_reconstruction_v1,2026-09-13,,,,diff,b,True
AgCensus2015-16 T2-4 Goa/ST/area/SmallvsMedium,AgCensus2015-16,T2-4,Goa,ST,area,SmallvsMedium,landholding,small operated area,medium operated area,1,1,0,0,equal,c,"Table 4, PDF pages 37,39,41",https://www.fao.org/fileadmin/templates/ess/ess_test_folder/World_Census_Agriculture/WCA_2020/WCA_2020_new_doc/IND_REP_ENG_2015_2016.pdf | archived_sha256=fb01bcb922a38ef964a2ca2fddada5540426bf5b06317d931425ae8d699d6405,archived a1_extract.py/a1b_gender.py; shares independently recomputed from numeric CSV,percentage share (0-100); raw operated area in thousand hectares,All Classes total for Goa/ST/area=22,18.1818181818,22.7272727273,raw Small=4; raw Medium=5; construction fact=f01809; stored gap=4.55 pp,recomputed_from_archived_official_report,deterministic_source_reconstruction_v1,2026-09-13,,,,equal,c,True
AgCensus2015-16 T2-4 Goa/ST/area/SmallvsSemi-medium,AgCensus2015-16,T2-4,Goa,ST,area,SmallvsSemi-medium,landholding,small operated area,semi-medium operated area,1,0,0,1,equal,c,"Table 4, PDF pages 37,39,40",https://www.fao.org/fileadmin/templates/ess/ess_test_folder/World_Census_Agriculture/WCA_2020/WCA_2020_new_doc/IND_REP_ENG_2015_2016.pdf | archived_sha256=fb01bcb922a38ef964a2ca2fddada5540426bf5b06317d931425ae8d699d6405,archived a1_extract.py/a1b_gender.py; shares independently recomputed from numeric CSV,percentage share (0-100); raw operated area in thousand hectares,All Classes total for Goa/ST/area=22,18.1818181818,18.1818181818,raw Small=4; raw Semi-medium=4; construction fact=f01808; stored gap=0.0 pp,recomputed_from_archived_official_report,deterministic_source_reconstruction_v1,2026-09-13,,,,equal,c,True
AgCensus2015-16 T2-4 Goa/ST/number/MarginalvsLarge,AgCensus2015-16,T2-4,Goa,ST,number,MarginalvsLarge,landholding,marginal holdings,large holdings,1,1,0,0,diff,a,"Table 4, PDF pages 37,38,42",https://www.fao.org/fileadmin/templates/ess/ess_test_folder/World_Census_Agriculture/WCA_2020/WCA_2020_new_doc/IND_REP_ENG_2015_2016.pdf | archived_sha256=fb01bcb922a38ef964a2ca2fddada5540426bf5b06317d931425ae8d699d6405,archived a1_extract.py/a1b_gender.py; shares independently recomputed from numeric CSV,percentage share (0-100); raw number of holdings in thousands,All Classes total for Goa/ST/number=22,77.2727272727,0.0000000000,raw Marginal=17; raw Large=0; construction fact=f01158; stored gap=77.27 pp,recomputed_from_archived_official_report,deterministic_source_reconstruction_v1,2026-09-13,,,,diff,a,True
AgCensus2015-16 T2-4 Goa/ST/number/MarginalvsMedium,AgCensus2015-16,T2-4,Goa,ST,number,MarginalvsMedium,landholding,marginal holdings,medium holdings,1,1,0,0,diff,a,"Table 4, PDF pages 37,38,41",https://www.fao.org/fileadmin/templates/ess/ess_test_folder/World_Census_Agriculture/WCA_2020/WCA_2020_new_doc/IND_REP_ENG_2015_2016.pdf | archived_sha256=fb01bcb922a38ef964a2ca2fddada5540426bf5b06317d931425ae8d699d6405,archived a1_extract.py/a1b_gender.py; shares independently recomputed from numeric CSV,percentage share (0-100); raw number of holdings in thousands,All Classes total for Goa/ST/number=22,77.2727272727,4.5454545455,raw Marginal=17; raw Medium=1; construction fact=f01157; stored gap=72.73 pp,recomputed_from_archived_official_report,deterministic_source_reconstruction_v1,2026-09-13,,,,diff,a,True
AgCensus2015-16 T2-4 Goa/ST/number/MarginalvsSemi-medium,AgCensus2015-16,T2-4,Goa,ST,number,MarginalvsSemi-medium,landholding,marginal holdings,semi-medium holdings,1,1,0,0,diff,a,"Table 4, PDF pages 37,38,40",https://www.fao.org/fileadmin/templates/ess/ess_test_folder/World_Census_Agriculture/WCA_2020/WCA_2020_new_doc/IND_REP_ENG_2015_2016.pdf | archived_sha256=fb01bcb922a38ef964a2ca2fddada5540426bf5b06317d931425ae8d699d6405,archived a1_extract.py/a1b_gender.py; shares independently recomputed from numeric CSV,percentage share (0-100); raw number of holdings in thousands,All Classes total for Goa/ST/number=22,77.2727272727,4.5454545455,raw Marginal=17; raw Semi-medium=1; construction fact=f01156; stored gap=72.73 pp,recomputed_from_archived_official_report,deterministic_source_reconstruction_v1,2026-09-13,,,,diff,a,True
AgCensus2015-16 T2-4 Goa/ST/number/MarginalvsSmall,AgCensus2015-16,T2-4,Goa,ST,number,MarginalvsSmall,landholding,marginal holdings,small holdings,1,1,0,0,diff,a,"Table 4, PDF pages 37,38,39",https://www.fao.org/fileadmin/templates/ess/ess_test_folder/World_Census_Agriculture/WCA_2020/WCA_2020_new_doc/IND_REP_ENG_2015_2016.pdf | archived_sha256=fb01bcb922a38ef964a2ca2fddada5540426bf5b06317d931425ae8d699d6405,archived a1_extract.py/a1b_gender.py; shares independently recomputed from numeric CSV,percentage share (0-100); raw number of holdings in thousands,All Classes total for Goa/ST/number=22,77.2727272727,9.0909090909,raw Marginal=17; raw Small=2; construction fact=f01155; stored gap=68.18 pp,recomputed_from_archived_official_report,deterministic_source_reconstruction_v1,2026-09-13,,,,diff,a,True
AgCensus2015-16 T2-4 Goa/ST/number/SmallvsMedium,AgCensus2015-16,T2-4,Goa,ST,number,SmallvsMedium,landholding,small holdings,medium holdings,2,2,0,0,equal,c,"Table 4, PDF pages 37,39,41",https://www.fao.org/fileadmin/templates/ess/ess_test_folder/World_Census_Agriculture/WCA_2020/WCA_2020_new_doc/IND_REP_ENG_2015_2016.pdf | archived_sha256=fb01bcb922a38ef964a2ca2fddada5540426bf5b06317d931425ae8d699d6405,archived a1_extract.py/a1b_gender.py; shares independently recomputed from numeric CSV,percentage share (0-100); raw number of holdings in thousands,All Classes total for Goa/ST/number=22,9.0909090909,4.5454545455,raw Small=2; raw Medium=1; construction fact=f01160; stored gap=4.55 pp,recomputed_from_archived_official_report,deterministic_source_reconstruction_v1,2026-09-13,,,,equal,c,True
AgCensus2015-16 T2-4 Goa/ST/number/SmallvsSemi-medium,AgCensus2015-16,T2-4,Goa,ST,number,SmallvsSemi-medium,landholding,small holdings,semi-medium holdings,4,4,0,0,equal,c,"Table 4, PDF pages 37,39,40",https://www.fao.org/fileadmin/templates/ess/ess_test_folder/World_Census_Agriculture/WCA_2020/WCA_2020_new_doc/IND_REP_ENG_2015_2016.pdf | archived_sha256=fb01bcb922a38ef964a2ca2fddada5540426bf5b06317d931425ae8d699d6405,archived a1_extract.py/a1b_gender.py; shares independently recomputed from numeric CSV,percentage share (0-100); raw number of holdings in thousands,All Classes total for Goa/ST/number=22,9.0909090909,4.5454545455,raw Small=2; raw Semi-medium=1; construction fact=f01159; stored gap=4.55 pp,recomputed_from_archived_official_report,deterministic_source_reconstruction_v1,2026-09-13,,,,equal,c,True
AgCensus2015-16 T2-4 Gujarat/All Classes/area/SCvsOthers,AgCensus2015-16,T2-4,Gujarat,All Classes,area,SCvsOthers,social_group,Scheduled Castes,Other social groups,1,0,0,1,diff,b,"Tables 2-4, PDF pages 25,31,37",https://www.fao.org/fileadmin/templates/ess/ess_test_folder/World_Census_Agriculture/WCA_2020/WCA_2020_new_doc/IND_REP_ENG_2015_2016.pdf | archived_sha256=fb01bcb922a38ef964a2ca2fddada5540426bf5b06317d931425ae8d699d6405,archived a1_extract.py/a1b_gender.py; shares independently recomputed from numeric CSV,percentage share (0-100); raw operated area in thousand hectares,All-social-groups total for Gujarat/All Classes/area=9978,2.8963720184,87.5025055121,raw SC=289; raw Others=8731; construction fact=f00436; stored gap=84.61 pp,recomputed_from_archived_official_report,deterministic_source_reconstruction_v1,2026-09-13,,,,diff,b,True
AgCensus2015-16 T2-4 Gujarat/All Classes/area/STvsOthers,AgCensus2015-16,T2-4,Gujarat,All Classes,area,STvsOthers,social_group,Scheduled Tribes,Other social groups,1,0,0,1,diff,b,"Tables 2-4, PDF pages 25,31,37",https://www.fao.org/fileadmin/templates/ess/ess_test_folder/World_Census_Agriculture/WCA_2020/WCA_2020_new_doc/IND_REP_ENG_2015_2016.pdf | archived_sha256=fb01bcb922a38ef964a2ca2fddada5540426bf5b06317d931425ae8d699d6405,archived a1_extract.py/a1b_gender.py; shares independently recomputed from numeric CSV,percentage share (0-100); raw operated area in thousand hectares,All-social-groups total for Gujarat/All Classes/area=9978,9.6011224694,87.5025055121,raw ST=958; raw Others=8731; construction fact=f00437; stored gap=77.9 pp,recomputed_from_archived_official_report,deterministic_source_reconstruction_v1,2026-09-13,,,,diff,b,True
AgCensus2015-16 T2-4 Gujarat/All Classes/number/SCvsOthers,AgCensus2015-16,T2-4,Gujarat,All Classes,number,SCvsOthers,social_group,Scheduled Castes,Other social groups,1,1,0,0,diff,b,"Tables 2-4, PDF pages 25,31,37",https://www.fao.org/fileadmin/templates/ess/ess_test_folder/World_Census_Agriculture/WCA_2020/WCA_2020_new_doc/IND_REP_ENG_2015_2016.pdf | archived_sha256=fb01bcb922a38ef964a2ca2fddada5540426bf5b06317d931425ae8d699d6405,archived a1_extract.py/a1b_gender.py; shares independently recomputed from numeric CSV,percentage share (0-100); raw number of holdings in thousands,All-social-groups total for Gujarat/All Classes/number=5321,3.0633339598,87.5775230220,raw SC=163; raw Others=4660; construction fact=f00074; stored gap=84.51 pp,recomputed_from_archived_official_report,deterministic_source_reconstruction_v1,2026-09-13,,,,diff,b,True
AgCensus2015-16 T2-4 Gujarat/All Classes/number/STvsOthers,AgCensus2015-16,T2-4,Gujarat,All Classes,number,STvsOthers,social_group,Scheduled Tribes,Other social groups,1,0,0,1,diff,b,"Tables 2-4, PDF pages 25,31,37",https://www.fao.org/fileadmin/templates/ess/ess_test_folder/World_Census_Agriculture/WCA_2020/WCA_2020_new_doc/IND_REP_ENG_2015_2016.pdf | archived_sha256=fb01bcb922a38ef964a2ca2fddada5540426bf5b06317d931425ae8d699d6405,archived a1_extract.py/a1b_gender.py; shares independently recomputed from numeric CSV,percentage share (0-100); raw number of holdings in thousands,All-social-groups total for Gujarat/All Classes/number=5321,9.3591430182,87.5775230220,raw ST=498; raw Others=4660; construction fact=f00075; stored gap=78.22 pp,recomputed_from_archived_official_report,deterministic_source_reconstruction_v1,2026-09-13,,,,diff,b,True
AgCensus2015-16 T2-4 Gujarat/All/area/MarginalvsLarge,AgCensus2015-16,T2-4,Gujarat,All,area,MarginalvsLarge,landholding,marginal operated area,large operated area,3,3,0,0,equal,c,"Table 2, PDF pages 25,26,30",https://www.fao.org/fileadmin/templates/ess/ess_test_folder/World_Census_Agriculture/WCA_2020/WCA_2020_new_doc/IND_REP_ENG_2015_2016.pdf | archived_sha256=fb01bcb922a38ef964a2ca2fddada5540426bf5b06317d931425ae8d699d6405,archived a1_extract.py/a1b_gender.py; shares independently recomputed from numeric CSV,percentage share (0-100); raw operated area in thousand hectares,All Classes total for Gujarat/All/area=9978,10.7536580477,5.9130086190,raw Marginal=1073; raw Large=590; construction fact=f01400; stored gap=4.84 pp,recomputed_from_archived_official_report,deterministic_source_reconstruction_v1,2026-09-13,,,,equal,c,True
AgCensus2015-16 T2-4 Gujarat/All/area/Semi-mediumvsMedium,AgCensus2015-16,T2-4,Gujarat,All,area,Semi-mediumvsMedium,landholding,semi-medium operated area,medium operated area,4,4,0,0,equal,c,"Table 2, PDF pages 25,28,29",https://www.fao.org/fileadmin/templates/ess/ess_test_folder/World_Census_Agriculture/WCA_2020/WCA_2020_new_doc/IND_REP_ENG_2015_2016.pdf | archived_sha256=fb01bcb922a38ef964a2ca2fddada5540426bf5b06317d931425ae8d699d6405,archived a1_extract.py/a1b_gender.py; shares independently recomputed from numeric CSV,percentage share (0-100); raw operated area in thousand hectares,All Classes total for Gujarat/All/area=9978,31.7899378633,28.1018240128,raw Semi-medium=3172; raw Medium=2804; construction fact=f01403; stored gap=3.69 pp,recomputed_from_archived_official_report,deterministic_source_reconstruction_v1,2026-09-13,,,,equal,c,True
AgCensus2015-16 T2-4 Gujarat/All/area/SmallvsMedium,AgCensus2015-16,T2-4,Gujarat,All,area,SmallvsMedium,landholding,small operated area,medium operated area,3,0,0,3,equal,c,"Table 2, PDF pages 25,27,29",https://www.fao.org/fileadmin/templates/ess/ess_test_folder/World_Census_Agriculture/WCA_2020/WCA_2020_new_doc/IND_REP_ENG_2015_2016.pdf | archived_sha256=fb01bcb922a38ef964a2ca2fddada5540426bf5b06317d931425ae8d699d6405,archived a1_extract.py/a1b_gender.py; shares independently recomputed from numeric CSV,percentage share (0-100); raw operated area in thousand hectares,All Classes total for Gujarat/All/area=9978,23.4315494087,28.1018240128,raw Small=2338; raw Medium=2804; construction fact=f01401; stored gap=4.67 pp,recomputed_from_archived_official_report,deterministic_source_reconstruction_v1,2026-09-13,,,,equal,c,True
AgCensus2015-16 T2-4 Gujarat/All/number/MarginalvsMedium,AgCensus2015-16,T2-4,Gujarat,All,number,MarginalvsMedium,landholding,marginal holdings,medium holdings,1,1,0,0,diff,a,"Table 2, PDF pages 25,26,29",https://www.fao.org/fileadmin/templates/ess/ess_test_folder/World_Census_Agriculture/WCA_2020/WCA_2020_new_doc/IND_REP_ENG_2015_2016.pdf | archived_sha256=fb01bcb922a38ef964a2ca2fddada5540426bf5b06317d931425ae8d699d6405,archived a1_extract.py/a1b_gender.py; shares independently recomputed from numeric CSV,percentage share (0-100); raw number of holdings in thousands,All Classes total for Gujarat/All/number=5321,37.9439954896,9.3215560985,raw Marginal=2019; raw Medium=496; construction fact=f00799; stored gap=28.62 pp,recomputed_from_archived_official_report,deterministic_source_reconstruction_v1,2026-09-13,,,,diff,a,True
AgCensus2015-16 T2-4 Gujarat/All/number/Semi-mediumvsLarge,AgCensus2015-16,T2-4,Gujarat,All,number,Semi-mediumvsLarge,landholding,semi-medium holdings,large holdings,1,0,0,1,diff,a,"Table 2, PDF pages 25,28,30",https://www.fao.org/fileadmin/templates/ess/ess_test_folder/World_Census_Agriculture/WCA_2020/WCA_2020_new_doc/IND_REP_ENG_2015_2016.pdf | archived_sha256=fb01bcb922a38ef964a2ca2fddada5540426bf5b06317d931425ae8d699d6405,archived a1_extract.py/a1b_gender.py; shares independently recomputed from numeric CSV,percentage share (0-100); raw number of holdings in thousands,All Classes total for Gujarat/All/number=5321,21.6124788574,0.7517383950,raw Semi-medium=1150; raw Large=40; construction fact=f00804; stored gap=20.86 pp,recomputed_from_archived_official_report,deterministic_source_reconstruction_v1,2026-09-13,,,,diff,a,True
AgCensus2015-16 T2-4 Gujarat/All/number/Semi-mediumvsMedium,AgCensus2015-16,T2-4,Gujarat,All,number,Semi-mediumvsMedium,landholding,semi-medium holdings,medium holdings,1,1,0,0,diff,a,"Table 2, PDF pages 25,28,29",https://www.fao.org/fileadmin/templates/ess/ess_test_folder/World_Census_Agriculture/WCA_2020/WCA_2020_new_doc/IND_REP_ENG_2015_2016.pdf | archived_sha256=fb01bcb922a38ef964a2ca2fddada5540426bf5b06317d931425ae8d699d6405,archived a1_extract.py/a1b_gender.py; shares independently recomputed from numeric CSV,percentage share (0-100); raw number of holdings in thousands,All Classes total for Gujarat/All/number=5321,21.6124788574,9.3215560985,raw Semi-medium=1150; raw Medium=496; construction fact=f00803; stored gap=12.29 pp,recomputed_from_archived_official_report,deterministic_source_reconstruction_v1,2026-09-13,,,,diff,a,True
AgCensus2015-16 T2-4 Gujarat/All/number/SmallvsLarge,AgCensus2015-16,T2-4,Gujarat,All,number,SmallvsLarge,landholding,small holdings,large holdings,1,1,0,0,diff,a,"Table 2, PDF pages 25,27,30",https://www.fao.org/fileadmin/templates/ess/ess_test_folder/World_Census_Agriculture/WCA_2020/WCA_2020_new_doc/IND_REP_ENG_2015_2016.pdf | archived_sha256=fb01bcb922a38ef964a2ca2fddada5540426bf5b06317d931425ae8d699d6405,archived a1_extract.py/a1b_gender.py; shares independently recomputed from numeric CSV,percentage share (0-100); raw number of holdings in thousands,All Classes total for Gujarat/All/number=5321,30.3702311596,0.7517383950,raw Small=1616; raw Large=40; construction fact=f00802; stored gap=29.62 pp,recomputed_from_archived_official_report,deterministic_source_reconstruction_v1,2026-09-13,,,,diff,a,True
AgCensus2015-16 T2-4 Gujarat/All/number/SmallvsMedium,AgCensus2015-16,T2-4,Gujarat,All,number,SmallvsMedium,landholding,small holdings,medium holdings,1,1,0,0,diff,a,"Table 2, PDF pages 25,27,29",https://www.fao.org/fileadmin/templates/ess/ess_test_folder/World_Census_Agriculture/WCA_2020/WCA_2020_new_doc/IND_REP_ENG_2015_2016.pdf | archived_sha256=fb01bcb922a38ef964a2ca2fddada5540426bf5b06317d931425ae8d699d6405,archived a1_extract.py/a1b_gender.py; shares independently recomputed from numeric CSV,percentage share (0-100); raw number of holdings in thousands,All Classes total for Gujarat/All/number=5321,30.3702311596,9.3215560985,raw Small=1616; raw Medium=496; construction fact=f00801; stored gap=21.05 pp,recomputed_from_archived_official_report,deterministic_source_reconstruction_v1,2026-09-13,,,,diff,a,True
AgCensus2015-16 T2-4 Gujarat/Large/area/SCvsOthers,AgCensus2015-16,T2-4,Gujarat,Large,area,SCvsOthers,social_group,Scheduled Castes,Other social groups,1,1,0,0,diff,b,"Tables 2-4, PDF pages 30,36,42",https://www.fao.org/fileadmin/templates/ess/ess_test_folder/World_Census_Agriculture/WCA_2020/WCA_2020_new_doc/IND_REP_ENG_2015_2016.pdf | archived_sha256=fb01bcb922a38ef964a2ca2fddada5540426bf5b06317d931425ae8d699d6405,archived a1_extract.py/a1b_gender.py; shares independently recomputed from numeric CSV,percentage share (0-100); raw operated area in thousand hectares,All-social-groups total for Gujarat/Large/area=590,3.0508474576,85.7627118644,raw SC=18; raw Others=506; construction fact=f00438; stored gap=82.71 pp,recomputed_from_archived_official_report,deterministic_source_reconstruction_v1,2026-09-13,,,,diff,b,True
AgCensus2015-16 T2-4 Gujarat/Large/area/STvsOthers,AgCensus2015-16,T2-4,Gujarat,Large,area,STvsOthers,social_group,Scheduled Tribes,Other social groups,1,1,0,0,diff,b,"Tables 2-4, PDF pages 30,36,42",https://www.fao.org/fileadmin/templates/ess/ess_test_folder/World_Census_Agriculture/WCA_2020/WCA_2020_new_doc/IND_REP_ENG_2015_2016.pdf | archived_sha256=fb01bcb922a38ef964a2ca2fddada5540426bf5b06317d931425ae8d699d6405,archived a1_extract.py/a1b_gender.py; shares independently recomputed from numeric CSV,percentage share (0-100); raw operated area in thousand hectares,All-social-groups total for Gujarat/Large/area=590,11.1864406780,85.7627118644,raw ST=66; raw Others=506; construction fact=f00439; stored gap=74.58 pp,recomputed_from_archived_official_report,deterministic_source_reconstruction_v1,2026-09-13,,,,diff,b,True
AgCensus2015-16 T2-4 Gujarat/Large/number/SCvsOthers,AgCensus2015-16,T2-4,Gujarat,Large,number,SCvsOthers,social_group,Scheduled Castes,Other social groups,1,1,0,0,diff,b,"Tables 2-4, PDF pages 30,36,42",https://www.fao.org/fileadmin/templates/ess/ess_test_folder/World_Census_Agriculture/WCA_2020/WCA_2020_new_doc/IND_REP_ENG_2015_2016.pdf | archived_sha256=fb01bcb922a38ef964a2ca2fddada5540426bf5b06317d931425ae8d699d6405,archived a1_extract.py/a1b_gender.py; shares independently recomputed from numeric CSV,percentage share (0-100); raw number of holdings in thousands,All-social-groups total for Gujarat/Large/number=40,2.5000000000,87.5000000000,raw SC=1; raw Others=35; construction fact=f00076; stored gap=85.0 pp,recomputed_from_archived_official_report,deterministic_source_reconstruction_v1,2026-09-13,,,,diff,b,True
AgCensus2015-16 T2-4 Gujarat/Large/number/STvsOthers,AgCensus2015-16,T2-4,Gujarat,Large,number,STvsOthers,social_group,Scheduled Tribes,Other social groups,1,1,0,0,diff,b,"Tables 2-4, PDF pages 30,36,42",https://www.fao.org/fileadmin/templates/ess/ess_test_folder/World_Census_Agriculture/WCA_2020/WCA_2020_new_doc/IND_REP_ENG_2015_2016.pdf | archived_sha256=fb01bcb922a38ef964a2ca2fddada5540426bf5b06317d931425ae8d699d6405,archived a1_extract.py/a1b_gender.py; shares independently recomputed from numeric CSV,percentage share (0-100); raw number of holdings in thousands,All-social-groups total for Gujarat/Large/number=40,10.0000000000,87.5000000000,raw ST=4; raw Others=35; construction fact=f00077; stored gap=77.5 pp,recomputed_from_archived_official_report,deterministic_source_reconstruction_v1,2026-09-13,,,,diff,b,True
AgCensus2015-16 T2-4 Gujarat/Marginal/area/SCvsOthers,AgCensus2015-16,T2-4,Gujarat,Marginal,area,SCvsOthers,social_group,Scheduled Castes,Other social groups,1,1,0,0,diff,b,"Tables 2-4, PDF pages 26,32,38",https://www.fao.org/fileadmin/templates/ess/ess_test_folder/World_Census_Agriculture/WCA_2020/WCA_2020_new_doc/IND_REP_ENG_2015_2016.pdf | archived_sha256=fb01bcb922a38ef964a2ca2fddada5540426bf5b06317d931425ae8d699d6405,archived a1_extract.py/a1b_gender.py; shares independently recomputed from numeric CSV,percentage share (0-100); raw operated area in thousand hectares,All-social-groups total for Gujarat/Marginal/area=1073,3.3550792171,87.7912395154,raw SC=36; raw Others=942; construction fact=f00440; stored gap=84.44 pp,recomputed_from_archived_official_report,deterministic_source_reconstruction_v1,2026-09-13,,,,diff,b,True
AgCensus2015-16 T2-4 Gujarat/Marginal/area/STvsOthers,AgCensus2015-16,T2-4,Gujarat,Marginal,area,STvsOthers,social_group,Scheduled Tribes,Other social groups,1,1,0,0,diff,b,"Tables 2-4, PDF pages 26,32,38",https://www.fao.org/fileadmin/templates/ess/ess_test_folder/World_Census_Agriculture/WCA_2020/WCA_2020_new_doc/IND_REP_ENG_2015_2016.pdf | archived_sha256=fb01bcb922a38ef964a2ca2fddada5540426bf5b06317d931425ae8d699d6405,archived a1_extract.py/a1b_gender.py; shares independently recomputed from numeric CSV,percentage share (0-100); raw operated area in thousand hectares,All-social-groups total for Gujarat/Marginal/area=1073,8.8536812675,87.7912395154,raw ST=95; raw Others=942; construction fact=f00441; stored gap=78.94 pp,recomputed_from_archived_official_report,deterministic_source_reconstruction_v1,2026-09-13,,,,diff,b,True
AgCensus2015-16 T2-4 Gujarat/Marginal/number/SCvsOthers,AgCensus2015-16,T2-4,Gujarat,Marginal,number,SCvsOthers,social_group,Scheduled Castes,Other social groups,1,0,0,1,diff,b,"Tables 2-4, PDF pages 26,32,38",https://www.fao.org/fileadmin/templates/ess/ess_test_folder/World_Census_Agriculture/WCA_2020/WCA_2020_new_doc/IND_REP_ENG_2015_2016.pdf | archived_sha256=fb01bcb922a38ef964a2ca2fddada5540426bf5b06317d931425ae8d699d6405,archived a1_extract.py/a1b_gender.py; shares independently recomputed from numeric CSV,percentage share (0-100); raw number of holdings in thousands,All-social-groups total for Gujarat/Marginal/number=2019,3.2689450223,87.3204556711,raw SC=66; raw Others=1763; construction fact=f00078; stored gap=84.05 pp,recomputed_from_archived_official_report,deterministic_source_reconstruction_v1,2026-09-13,,,,diff,b,True
AgCensus2015-16 T2-4 Gujarat/Marginal/number/STvsOthers,AgCensus2015-16,T2-4,Gujarat,Marginal,number,STvsOthers,social_group,Scheduled Tribes,Other social groups,1,1,0,0,diff,b,"Tables 2-4, PDF pages 26,32,38",https://www.fao.org/fileadmin/templates/ess/ess_test_folder/World_Census_Agriculture/WCA_2020/WCA_2020_new_doc/IND_REP_ENG_2015_2016.pdf | archived_sha256=fb01bcb922a38ef964a2ca2fddada5540426bf5b06317d931425ae8d699d6405,archived a1_extract.py/a1b_gender.py; shares independently recomputed from numeric CSV,percentage share (0-100); raw number of holdings in thousands,All-social-groups total for Gujarat/Marginal/number=2019,9.4105993066,87.3204556711,raw ST=190; raw Others=1763; construction fact=f00079; stored gap=77.91 pp,recomputed_from_archived_official_report,deterministic_source_reconstruction_v1,2026-09-13,,,,diff,b,True
AgCensus2015-16 T2-4 Gujarat/Medium/area/SCvsOthers,AgCensus2015-16,T2-4,Gujarat,Medium,area,SCvsOthers,social_group,Scheduled Castes,Other social groups,1,1,0,0,diff,b,"Tables 2-4, PDF pages 29,35,41",https://www.fao.org/fileadmin/templates/ess/ess_test_folder/World_Census_Agriculture/WCA_2020/WCA_2020_new_doc/IND_REP_ENG_2015_2016.pdf | archived_sha256=fb01bcb922a38ef964a2ca2fddada5540426bf5b06317d931425ae8d699d6405,archived a1_extract.py/a1b_gender.py; shares independently recomputed from numeric CSV,percentage share (0-100); raw operated area in thousand hectares,All-social-groups total for Gujarat/Medium/area=2804,2.6390870185,87.0898716120,raw SC=74; raw Others=2442; construction fact=f00442; stored gap=84.45 pp,recomputed_from_archived_official_report,deterministic_source_reconstruction_v1,2026-09-13,,,,diff,b,True
AgCensus2015-16 T2-4 Gujarat/Medium/area/STvsOthers,AgCensus2015-16,T2-4,Gujarat,Medium,area,STvsOthers,social_group,Scheduled Tribes,Other social groups,1,1,0,0,diff,b,"Tables 2-4, PDF pages 29,35,41",https://www.fao.org/fileadmin/templates/ess/ess_test_folder/World_Census_Agriculture/WCA_2020/WCA_2020_new_doc/IND_REP_ENG_2015_2016.pdf | archived_sha256=fb01bcb922a38ef964a2ca2fddada5540426bf5b06317d931425ae8d699d6405,archived a1_extract.py/a1b_gender.py; shares independently recomputed from numeric CSV,percentage share (0-100); raw operated area in thousand hectares,All-social-groups total for Gujarat/Medium/area=2804,10.2710413695,87.0898716120,raw ST=288; raw Others=2442; construction fact=f00443; stored gap=76.82 pp,recomputed_from_archived_official_report,deterministic_source_reconstruction_v1,2026-09-13,,,,diff,b,True
AgCensus2015-16 T2-4 Gujarat/Medium/number/SCvsOthers,AgCensus2015-16,T2-4,Gujarat,Medium,number,SCvsOthers,social_group,Scheduled Castes,Other social groups,1,1,0,0,diff,b,"Tables 2-4, PDF pages 29,35,41",https://www.fao.org/fileadmin/templates/ess/ess_test_folder/World_Census_Agriculture/WCA_2020/WCA_2020_new_doc/IND_REP_ENG_2015_2016.pdf | archived_sha256=fb01bcb922a38ef964a2ca2fddada5540426bf5b06317d931425ae8d699d6405,archived a1_extract.py/a1b_gender.py; shares independently recomputed from numeric CSV,percentage share (0-100); raw number of holdings in thousands,All-social-groups total for Gujarat/Medium/number=496,2.6209677419,87.0967741935,raw SC=13; raw Others=432; construction fact=f00080; stored gap=84.48 pp,recomputed_from_archived_official_report,deterministic_source_reconstruction_v1,2026-09-13,,,,diff,b,True
AgCensus2015-16 T2-4 Gujarat/Medium/number/STvsOthers,AgCensus2015-16,T2-4,Gujarat,Medium,number,STvsOthers,social_group,Scheduled Tribes,Other social groups,1,0,0,1,diff,b,"Tables 2-4, PDF pages 29,35,41",https://www.fao.org/fileadmin/templates/ess/ess_test_folder/World_Census_Agriculture/WCA_2020/WCA_2020_new_doc/IND_REP_ENG_2015_2016.pdf | archived_sha256=fb01bcb922a38ef964a2ca2fddada5540426bf5b06317d931425ae8d699d6405,archived a1_extract.py/a1b_gender.py; shares independently recomputed from numeric CSV,percentage share (0-100); raw number of holdings in thousands,All-social-groups total for Gujarat/Medium/number=496,10.2822580645,87.0967741935,raw ST=51; raw Others=432; construction fact=f00081; stored gap=76.81 pp,recomputed_from_archived_official_report,deterministic_source_reconstruction_v1,2026-09-13,,,,diff,b,True
AgCensus2015-16 T2-4 Gujarat/SC/area/SmallvsMedium,AgCensus2015-16,T2-4,Gujarat,SC,area,SmallvsMedium,landholding,small operated area,medium operated area,4,4,0,0,equal,c,"Table 3, PDF pages 31,33,35",https://www.fao.org/fileadmin/templates/ess/ess_test_folder/World_Census_Agriculture/WCA_2020/WCA_2020_new_doc/IND_REP_ENG_2015_2016.pdf | archived_sha256=fb01bcb922a38ef964a2ca2fddada5540426bf5b06317d931425ae8d699d6405,archived a1_extract.py/a1b_gender.py; shares independently recomputed from numeric CSV,percentage share (0-100); raw operated area in thousand hectares,All Classes total for Gujarat/SC/area=289,24.5674740484,25.6055363322,raw Small=71; raw Medium=74; construction fact=f01628; stored gap=1.04 pp,recomputed_from_archived_official_report,deterministic_source_reconstruction_v1,2026-09-13,,,,equal,c,True
AgCensus2015-16 T2-4 Gujarat/SC/number/MarginalvsLarge,AgCensus2015-16,T2-4,Gujarat,SC,number,MarginalvsLarge,landholding,marginal holdings,large holdings,1,1,0,0,diff,a,"Table 3, PDF pages 31,32,36",https://www.fao.org/fileadmin/templates/ess/ess_test_folder/World_Census_Agriculture/WCA_2020/WCA_2020_new_doc/IND_REP_ENG_2015_2016.pdf | archived_sha256=fb01bcb922a38ef964a2ca2fddada5540426bf5b06317d931425ae8d699d6405,archived a1_extract.py/a1b_gender.py; shares independently recomputed from numeric CSV,percentage share (0-100); raw number of holdings in thousands,All Classes total for Gujarat/SC/number=163,40.4907975460,0.6134969325,raw Marginal=66; raw Large=1; construction fact=f00998; stored gap=39.88 pp,recomputed_from_archived_official_report,deterministic_source_reconstruction_v1,2026-09-13,,,,diff,a,True
AgCensus2015-16 T2-4 Gujarat/SC/number/MarginalvsMedium,AgCensus2015-16,T2-4,Gujarat,SC,number,MarginalvsMedium,landholding,marginal holdings,medium holdings,1,0,0,1,diff,a,"Table 3, PDF pages 31,32,35",https://www.fao.org/fileadmin/templates/ess/ess_test_folder/World_Census_Agriculture/WCA_2020/WCA_2020_new_doc/IND_REP_ENG_2015_2016.pdf | archived_sha256=fb01bcb922a38ef964a2ca2fddada5540426bf5b06317d931425ae8d699d6405,archived a1_extract.py/a1b_gender.py; shares independently recomputed from numeric CSV,percentage share (0-100); raw number of holdings in thousands,All Classes total for Gujarat/SC/number=163,40.4907975460,7.9754601227,raw Marginal=66; raw Medium=13; construction fact=f00997; stored gap=32.52 pp,recomputed_from_archived_official_report,deterministic_source_reconstruction_v1,2026-09-13,,,,diff,a,True
AgCensus2015-16 T2-4 Gujarat/SC/number/MarginalvsSemi-medium,AgCensus2015-16,T2-4,Gujarat,SC,number,MarginalvsSemi-medium,landholding,marginal holdings,semi-medium holdings,1,0,0,1,diff,a,"Table 3, PDF pages 31,32,34",https://www.fao.org/fileadmin/templates/ess/ess_test_folder/World_Census_Agriculture/WCA_2020/WCA_2020_new_doc/IND_REP_ENG_2015_2016.pdf | archived_sha256=fb01bcb922a38ef964a2ca2fddada5540426bf5b06317d931425ae8d699d6405,archived a1_extract.py/a1b_gender.py; shares independently recomputed from numeric CSV,percentage share (0-100); raw number of holdings in thousands,All Classes total for Gujarat/SC/number=163,40.4907975460,20.2453987730,raw Marginal=66; raw Semi-medium=33; construction fact=f00996; stored gap=20.25 pp,recomputed_from_archived_official_report,deterministic_source_reconstruction_v1,2026-09-13,,,,diff,a,True
AgCensus2015-16 T2-4 Gujarat/SC/number/Semi-mediumvsLarge,AgCensus2015-16,T2-4,Gujarat,SC,number,Semi-mediumvsLarge,landholding,semi-medium holdings,large holdings,1,1,0,0,diff,a,"Table 3, PDF pages 31,34,36",https://www.fao.org/fileadmin/templates/ess/ess_test_folder/World_Census_Agriculture/WCA_2020/WCA_2020_new_doc/IND_REP_ENG_2015_2016.pdf | archived_sha256=fb01bcb922a38ef964a2ca2fddada5540426bf5b06317d931425ae8d699d6405,archived a1_extract.py/a1b_gender.py; shares independently recomputed from numeric CSV,percentage share (0-100); raw number of holdings in thousands,All Classes total for Gujarat/SC/number=163,20.2453987730,0.6134969325,raw Semi-medium=33; raw Large=1; construction fact=f01003; stored gap=19.63 pp,recomputed_from_archived_official_report,deterministic_source_reconstruction_v1,2026-09-13,,,,diff,a,True
AgCensus2015-16 T2-4 Gujarat/SC/number/Semi-mediumvsMedium,AgCensus2015-16,T2-4,Gujarat,SC,number,Semi-mediumvsMedium,landholding,semi-medium holdings,medium holdings,1,0,0,1,diff,a,"Table 3, PDF pages 31,34,35",https://www.fao.org/fileadmin/templates/ess/ess_test_folder/World_Census_Agriculture/WCA_2020/WCA_2020_new_doc/IND_REP_ENG_2015_2016.pdf | archived_sha256=fb01bcb922a38ef964a2ca2fddada5540426bf5b06317d931425ae8d699d6405,archived a1_extract.py/a1b_gender.py; shares independently recomputed from numeric CSV,percentage share (0-100); raw number of holdings in thousands,All Classes total for Gujarat/SC/number=163,20.2453987730,7.9754601227,raw Semi-medium=33; raw Medium=13; construction fact=f01002; stored gap=12.27 pp,recomputed_from_archived_official_report,deterministic_source_reconstruction_v1,2026-09-13,,,,diff,a,True
AgCensus2015-16 T2-4 Gujarat/SC/number/SmallvsLarge,AgCensus2015-16,T2-4,Gujarat,SC,number,SmallvsLarge,landholding,small holdings,large holdings,1,1,0,0,diff,a,"Table 3, PDF pages 31,33,36",https://www.fao.org/fileadmin/templates/ess/ess_test_folder/World_Census_Agriculture/WCA_2020/WCA_2020_new_doc/IND_REP_ENG_2015_2016.pdf | archived_sha256=fb01bcb922a38ef964a2ca2fddada5540426bf5b06317d931425ae8d699d6405,archived a1_extract.py/a1b_gender.py; shares independently recomputed from numeric CSV,percentage share (0-100); raw number of holdings in thousands,All Classes total for Gujarat/SC/number=163,30.6748466258,0.6134969325,raw Small=50; raw Large=1; construction fact=f01001; stored gap=30.06 pp,recomputed_from_archived_official_report,deterministic_source_reconstruction_v1,2026-09-13,,,,diff,a,True
AgCensus2015-16 T2-4 Gujarat/SC/number/SmallvsMedium,AgCensus2015-16,T2-4,Gujarat,SC,number,SmallvsMedium,landholding,small holdings,medium holdings,1,1,0,0,diff,a,"Table 3, PDF pages 31,33,35",https://www.fao.org/fileadmin/templates/ess/ess_test_folder/World_Census_Agriculture/WCA_2020/WCA_2020_new_doc/IND_REP_ENG_2015_2016.pdf | archived_sha256=fb01bcb922a38ef964a2ca2fddada5540426bf5b06317d931425ae8d699d6405,archived a1_extract.py/a1b_gender.py; shares independently recomputed from numeric CSV,percentage share (0-100); raw number of holdings in thousands,All Classes total for Gujarat/SC/number=163,30.6748466258,7.9754601227,raw Small=50; raw Medium=13; construction fact=f01000; stored gap=22.7 pp,recomputed_from_archived_official_report,deterministic_source_reconstruction_v1,2026-09-13,,,,diff,a,True
AgCensus2015-16 T2-4 Gujarat/SC/number/SmallvsSemi-medium,AgCensus2015-16,T2-4,Gujarat,SC,number,SmallvsSemi-medium,landholding,small holdings,semi-medium holdings,1,0,0,1,diff,a,"Table 3, PDF pages 31,33,34",https://www.fao.org/fileadmin/templates/ess/ess_test_folder/World_Census_Agriculture/WCA_2020/WCA_2020_new_doc/IND_REP_ENG_2015_2016.pdf | archived_sha256=fb01bcb922a38ef964a2ca2fddada5540426bf5b06317d931425ae8d699d6405,archived a1_extract.py/a1b_gender.py; shares independently recomputed from numeric CSV,percentage share (0-100); raw number of holdings in thousands,All Classes total for Gujarat/SC/number=163,30.6748466258,20.2453987730,raw Small=50; raw Semi-medium=33; construction fact=f00999; stored gap=10.43 pp,recomputed_from_archived_official_report,deterministic_source_reconstruction_v1,2026-09-13,,,,diff,a,True
AgCensus2015-16 T2-4 Gujarat/ST/area/MarginalvsLarge,AgCensus2015-16,T2-4,Gujarat,ST,area,MarginalvsLarge,landholding,marginal operated area,large operated area,1,0,0,1,equal,c,"Table 4, PDF pages 37,38,42",https://www.fao.org/fileadmin/templates/ess/ess_test_folder/World_Census_Agriculture/WCA_2020/WCA_2020_new_doc/IND_REP_ENG_2015_2016.pdf | archived_sha256=fb01bcb922a38ef964a2ca2fddada5540426bf5b06317d931425ae8d699d6405,archived a1_extract.py/a1b_gender.py; shares independently recomputed from numeric CSV,percentage share (0-100); raw operated area in thousand hectares,All Classes total for Gujarat/ST/area=958,9.9164926931,6.8893528184,raw Marginal=95; raw Large=66; construction fact=f01815; stored gap=3.03 pp,recomputed_from_archived_official_report,deterministic_source_reconstruction_v1,2026-09-13,,,,equal,c,True
AgCensus2015-16 T2-4 Gujarat/ST/area/Semi-mediumvsMedium,AgCensus2015-16,T2-4,Gujarat,ST,area,Semi-mediumvsMedium,landholding,semi-medium operated area,medium operated area,1,1,0,0,equal,c,"Table 4, PDF pages 37,40,41",https://www.fao.org/fileadmin/templates/ess/ess_test_folder/World_Census_Agriculture/WCA_2020/WCA_2020_new_doc/IND_REP_ENG_2015_2016.pdf | archived_sha256=fb01bcb922a38ef964a2ca2fddada5540426bf5b06317d931425ae8d699d6405,archived a1_extract.py/a1b_gender.py; shares independently recomputed from numeric CSV,percentage share (0-100); raw operated area in thousand hectares,All Classes total for Gujarat/ST/area=958,31.6283924843,30.0626304802,raw Semi-medium=303; raw Medium=288; construction fact=f01818; stored gap=1.57 pp,recomputed_from_archived_official_report,deterministic_source_reconstruction_v1,2026-09-13,,,,equal,c,True
AgCensus2015-16 T2-4 Gujarat/ST/number/MarginalvsLarge,AgCensus2015-16,T2-4,Gujarat,ST,number,MarginalvsLarge,landholding,marginal holdings,large holdings,1,1,0,0,diff,a,"Table 4, PDF pages 37,38,42",https://www.fao.org/fileadmin/templates/ess/ess_test_folder/World_Census_Agriculture/WCA_2020/WCA_2020_new_doc/IND_REP_ENG_2015_2016.pdf | archived_sha256=fb01bcb922a38ef964a2ca2fddada5540426bf5b06317d931425ae8d699d6405,archived a1_extract.py/a1b_gender.py; shares independently recomputed from numeric CSV,percentage share (0-100); raw number of holdings in thousands,All Classes total for Gujarat/ST/number=498,38.1526104418,0.8032128514,raw Marginal=190; raw Large=4; construction fact=f01163; stored gap=37.35 pp,recomputed_from_archived_official_report,deterministic_source_reconstruction_v1,2026-09-13,,,,diff,a,True
AgCensus2015-16 T2-4 Gujarat/ST/number/MarginalvsMedium,AgCensus2015-16,T2-4,Gujarat,ST,number,MarginalvsMedium,landholding,marginal holdings,medium holdings,1,1,0,0,diff,a,"Table 4, PDF pages 37,38,41",https://www.fao.org/fileadmin/templates/ess/ess_test_folder/World_Census_Agriculture/WCA_2020/WCA_2020_new_doc/IND_REP_ENG_2015_2016.pdf | archived_sha256=fb01bcb922a38ef964a2ca2fddada5540426bf5b06317d931425ae8d699d6405,archived a1_extract.py/a1b_gender.py; shares independently recomputed from numeric CSV,percentage share (0-100); raw number of holdings in thousands,All Classes total for Gujarat/ST/number=498,38.1526104418,10.2409638554,raw Marginal=190; raw Medium=51; construction fact=f01162; stored gap=27.91 pp,recomputed_from_archived_official_report,deterministic_source_reconstruction_v1,2026-09-13,,,,diff,a,True
AgCensus2015-16 T2-4 Gujarat/ST/number/MarginalvsSemi-medium,AgCensus2015-16,T2-4,Gujarat,ST,number,MarginalvsSemi-medium,landholding,marginal holdings,semi-medium holdings,1,1,0,0,diff,a,"Table 4, PDF pages 37,38,40",https://www.fao.org/fileadmin/templates/ess/ess_test_folder/World_Census_Agriculture/WCA_2020/WCA_2020_new_doc/IND_REP_ENG_2015_2016.pdf | archived_sha256=fb01bcb922a38ef964a2ca2fddada5540426bf5b06317d931425ae8d699d6405,archived a1_extract.py/a1b_gender.py; shares independently recomputed from numeric CSV,percentage share (0-100); raw number of holdings in thousands,All Classes total for Gujarat/ST/number=498,38.1526104418,22.0883534137,raw Marginal=190; raw Semi-medium=110; construction fact=f01161; stored gap=16.06 pp,recomputed_from_archived_official_report,deterministic_source_reconstruction_v1,2026-09-13,,,,diff,a,True
AgCensus2015-16 T2-4 Gujarat/ST/number/Semi-mediumvsMedium,AgCensus2015-16,T2-4,Gujarat,ST,number,Semi-mediumvsMedium,landholding,semi-medium holdings,medium holdings,1,1,0,0,diff,a,"Table 4, PDF pages 37,40,41",https://www.fao.org/fileadmin/templates/ess/ess_test_folder/World_Census_Agriculture/WCA_2020/WCA_2020_new_doc/IND_REP_ENG_2015_2016.pdf | archived_sha256=fb01bcb922a38ef964a2ca2fddada5540426bf5b06317d931425ae8d699d6405,archived a1_extract.py/a1b_gender.py; shares independently recomputed from numeric CSV,percentage share (0-100); raw number of holdings in thousands,All Classes total for Gujarat/ST/number=498,22.0883534137,10.2409638554,raw Semi-medium=110; raw Medium=51; construction fact=f01166; stored gap=11.85 pp,recomputed_from_archived_official_report,deterministic_source_reconstruction_v1,2026-09-13,,,,diff,a,True
AgCensus2015-16 T2-4 Gujarat/ST/number/SmallvsLarge,AgCensus2015-16,T2-4,Gujarat,ST,number,SmallvsLarge,landholding,small holdings,large holdings,1,0,0,1,diff,a,"Table 4, PDF pages 37,39,42",https://www.fao.org/fileadmin/templates/ess/ess_test_folder/World_Census_Agriculture/WCA_2020/WCA_2020_new_doc/IND_REP_ENG_2015_2016.pdf | archived_sha256=fb01bcb922a38ef964a2ca2fddada5540426bf5b06317d931425ae8d699d6405,archived a1_extract.py/a1b_gender.py; shares independently recomputed from numeric CSV,percentage share (0-100); raw number of holdings in thousands,All Classes total for Gujarat/ST/number=498,28.7148594378,0.8032128514,raw Small=143; raw Large=4; construction fact=f01165; stored gap=27.91 pp,recomputed_from_archived_official_report,deterministic_source_reconstruction_v1,2026-09-13,,,,diff,a,True
AgCensus2015-16 T2-4 Gujarat/ST/number/SmallvsMedium,AgCensus2015-16,T2-4,Gujarat,ST,number,SmallvsMedium,landholding,small holdings,medium holdings,1,1,0,0,diff,a,"Table 4, PDF pages 37,39,41",https://www.fao.org/fileadmin/templates/ess/ess_test_folder/World_Census_Agriculture/WCA_2020/WCA_2020_new_doc/IND_REP_ENG_2015_2016.pdf | archived_sha256=fb01bcb922a38ef964a2ca2fddada5540426bf5b06317d931425ae8d699d6405,archived a1_extract.py/a1b_gender.py; shares independently recomputed from numeric CSV,percentage share (0-100); raw number of holdings in thousands,All Classes total for Gujarat/ST/number=498,28.7148594378,10.2409638554,raw Small=143; raw Medium=51; construction fact=f01164; stored gap=18.47 pp,recomputed_from_archived_official_report,deterministic_source_reconstruction_v1,2026-09-13,,,,diff,a,True
AgCensus2015-16 T2-4 Gujarat/Semi-medium/area/SCvsOthers,AgCensus2015-16,T2-4,Gujarat,Semi-medium,area,SCvsOthers,social_group,Scheduled Castes,Other social groups,1,1,0,0,diff,b,"Tables 2-4, PDF pages 28,34,40",https://www.fao.org/fileadmin/templates/ess/ess_test_folder/World_Census_Agriculture/WCA_2020/WCA_2020_new_doc/IND_REP_ENG_2015_2016.pdf | archived_sha256=fb01bcb922a38ef964a2ca2fddada5540426bf5b06317d931425ae8d699d6405,archived a1_extract.py/a1b_gender.py; shares independently recomputed from numeric CSV,percentage share (0-100); raw operated area in thousand hectares,All-social-groups total for Gujarat/Semi-medium/area=3172,2.8373266078,87.6103404792,raw SC=90; raw Others=2779; construction fact=f00444; stored gap=84.77 pp,recomputed_from_archived_official_report,deterministic_source_reconstruction_v1,2026-09-13,,,,diff,b,True
AgCensus2015-16 T2-4 Gujarat/Semi-medium/area/STvsOthers,AgCensus2015-16,T2-4,Gujarat,Semi-medium,area,STvsOthers,social_group,Scheduled Tribes,Other social groups,1,1,0,0,diff,b,"Tables 2-4, PDF pages 28,34,40",https://www.fao.org/fileadmin/templates/ess/ess_test_folder/World_Census_Agriculture/WCA_2020/WCA_2020_new_doc/IND_REP_ENG_2015_2016.pdf | archived_sha256=fb01bcb922a38ef964a2ca2fddada5540426bf5b06317d931425ae8d699d6405,archived a1_extract.py/a1b_gender.py; shares independently recomputed from numeric CSV,percentage share (0-100); raw operated area in thousand hectares,All-social-groups total for Gujarat/Semi-medium/area=3172,9.5523329130,87.6103404792,raw ST=303; raw Others=2779; construction fact=f00445; stored gap=78.06 pp,recomputed_from_archived_official_report,deterministic_source_reconstruction_v1,2026-09-13,,,,diff,b,True
AgCensus2015-16 T2-4 Gujarat/Semi-medium/number/SCvsOthers,AgCensus2015-16,T2-4,Gujarat,Semi-medium,number,SCvsOthers,social_group,Scheduled Castes,Other social groups,1,1,0,0,diff,b,"Tables 2-4, PDF pages 28,34,40",https://www.fao.org/fileadmin/templates/ess/ess_test_folder/World_Census_Agriculture/WCA_2020/WCA_2020_new_doc/IND_REP_ENG_2015_2016.pdf | archived_sha256=fb01bcb922a38ef964a2ca2fddada5540426bf5b06317d931425ae8d699d6405,archived a1_extract.py/a1b_gender.py; shares independently recomputed from numeric CSV,percentage share (0-100); raw number of holdings in thousands,All-social-groups total for Gujarat/Semi-medium/number=1150,2.8695652174,87.5652173913,raw SC=33; raw Others=1007; construction fact=f00082; stored gap=84.7 pp,recomputed_from_archived_official_report,deterministic_source_reconstruction_v1,2026-09-13,,,,diff,b,True
AgCensus2015-16 T2-4 Gujarat/Semi-medium/number/STvsOthers,AgCensus2015-16,T2-4,Gujarat,Semi-medium,number,STvsOthers,social_group,Scheduled Tribes,Other social groups,1,1,0,0,diff,b,"Tables 2-4, PDF pages 28,34,40",https://www.fao.org/fileadmin/templates/ess/ess_test_folder/World_Census_Agriculture/WCA_2020/WCA_2020_new_doc/IND_REP_ENG_2015_2016.pdf | archived_sha256=fb01bcb922a38ef964a2ca2fddada5540426bf5b06317d931425ae8d699d6405,archived a1_extract.py/a1b_gender.py; shares independently recomputed from numeric CSV,percentage share (0-100); raw number of holdings in thousands,All-social-groups total for Gujarat/Semi-medium/number=1150,9.5652173913,87.5652173913,raw ST=110; raw Others=1007; construction fact=f00083; stored gap=78.0 pp,recomputed_from_archived_official_report,deterministic_source_reconstruction_v1,2026-09-13,,,,diff,b,True
AgCensus2015-16 T2-4 Gujarat/Small/area/SCvsOthers,AgCensus2015-16,T2-4,Gujarat,Small,area,SCvsOthers,social_group,Scheduled Castes,Other social groups,1,0,1,0,diff,b,"Tables 2-4, PDF pages 27,33,39",https://www.fao.org/fileadmin/templates/ess/ess_test_folder/World_Census_Agriculture/WCA_2020/WCA_2020_new_doc/IND_REP_ENG_2015_2016.pdf | archived_sha256=fb01bcb922a38ef964a2ca2fddada5540426bf5b06317d931425ae8d699d6405,archived a1_extract.py/a1b_gender.py; shares independently recomputed from numeric CSV,percentage share (0-100); raw operated area in thousand hectares,All-social-groups total for Gujarat/Small/area=2338,3.0367835757,88.1522668948,raw SC=71; raw Others=2061; construction fact=f00446; stored gap=85.12 pp,recomputed_from_archived_official_report,deterministic_source_reconstruction_v1,2026-09-13,,,,diff,b,True
AgCensus2015-16 T2-4 Gujarat/Small/area/STvsOthers,AgCensus2015-16,T2-4,Gujarat,Small,area,STvsOthers,social_group,Scheduled Tribes,Other social groups,1,1,0,0,diff,b,"Tables 2-4, PDF pages 27,33,39",https://www.fao.org/fileadmin/templates/ess/ess_test_folder/World_Census_Agriculture/WCA_2020/WCA_2020_new_doc/IND_REP_ENG_2015_2016.pdf | archived_sha256=fb01bcb922a38ef964a2ca2fddada5540426bf5b06317d931425ae8d699d6405,archived a1_extract.py/a1b_gender.py; shares independently recomputed from numeric CSV,percentage share (0-100); raw operated area in thousand hectares,All-social-groups total for Gujarat/Small/area=2338,8.8109495295,88.1522668948,raw ST=206; raw Others=2061; construction fact=f00447; stored gap=79.34 pp,recomputed_from_archived_official_report,deterministic_source_reconstruction_v1,2026-09-13,,,,diff,b,True
AgCensus2015-16 T2-4 Gujarat/Small/number/STvsOthers,AgCensus2015-16,T2-4,Gujarat,Small,number,STvsOthers,social_group,Scheduled Tribes,Other social groups,1,0,1,0,diff,b,"Tables 2-4, PDF pages 27,33,39",https://www.fao.org/fileadmin/templates/ess/ess_test_folder/World_Census_Agriculture/WCA_2020/WCA_2020_new_doc/IND_REP_ENG_2015_2016.pdf | archived_sha256=fb01bcb922a38ef964a2ca2fddada5540426bf5b06317d931425ae8d699d6405,archived a1_extract.py/a1b_gender.py; shares independently recomputed from numeric CSV,percentage share (0-100); raw number of holdings in thousands,All-social-groups total for Gujarat/Small/number=1616,8.8490099010,88.0569306931,raw ST=143; raw Others=1423; construction fact=f00085; stored gap=79.21 pp,recomputed_from_archived_official_report,deterministic_source_reconstruction_v1,2026-09-13,,,,diff,b,True
AgCensus2015-16 T2-4 Haryana/All Classes/area/SCvsOthers,AgCensus2015-16,T2-4,Haryana,All Classes,area,SCvsOthers,social_group,Scheduled Castes,Other social groups,1,0,0,1,diff,b,"Tables 2-4, PDF pages 25,31,37",https://www.fao.org/fileadmin/templates/ess/ess_test_folder/World_Census_Agriculture/WCA_2020/WCA_2020_new_doc/IND_REP_ENG_2015_2016.pdf | archived_sha256=fb01bcb922a38ef964a2ca2fddada5540426bf5b06317d931425ae8d699d6405,archived a1_extract.py/a1b_gender.py; shares independently recomputed from numeric CSV,percentage share (0-100); raw operated area in thousand hectares,All-social-groups total for Haryana/All Classes/area=3609,1.0806317539,98.9193682461,raw SC=39; raw Others=3570; construction fact=f00448; stored gap=97.84 pp,recomputed_from_archived_official_report,deterministic_source_reconstruction_v1,2026-09-13,,,,diff,b,True
AgCensus2015-16 T2-4 Haryana/All Classes/area/STvsOthers,AgCensus2015-16,T2-4,Haryana,All Classes,area,STvsOthers,social_group,Scheduled Tribes,Other social groups,1,0,0,1,diff,b,"Tables 2-4, PDF pages 25,31,37",https://www.fao.org/fileadmin/templates/ess/ess_test_folder/World_Census_Agriculture/WCA_2020/WCA_2020_new_doc/IND_REP_ENG_2015_2016.pdf | archived_sha256=fb01bcb922a38ef964a2ca2fddada5540426bf5b06317d931425ae8d699d6405,archived a1_extract.py/a1b_gender.py; shares independently recomputed from numeric CSV,percentage share (0-100); raw operated area in thousand hectares,All-social-groups total for Haryana/All Classes/area=3609,0.0000000000,98.9193682461,raw ST=0; raw Others=3570; construction fact=f00449; stored gap=98.92 pp,recomputed_from_archived_official_report,deterministic_source_reconstruction_v1,2026-09-13,,,,diff,b,True
AgCensus2015-16 T2-4 Haryana/All Classes/number/SCvsOthers,AgCensus2015-16,T2-4,Haryana,All Classes,number,SCvsOthers,social_group,Scheduled Castes,Other social groups,1,1,0,0,diff,b,"Tables 2-4, PDF pages 25,31,37",https://www.fao.org/fileadmin/templates/ess/ess_test_folder/World_Census_Agriculture/WCA_2020/WCA_2020_new_doc/IND_REP_ENG_2015_2016.pdf | archived_sha256=fb01bcb922a38ef964a2ca2fddada5540426bf5b06317d931425ae8d699d6405,archived a1_extract.py/a1b_gender.py; shares independently recomputed from numeric CSV,percentage share (0-100); raw number of holdings in thousands,All-social-groups total for Haryana/All Classes/number=1628,1.5356265356,98.4643734644,raw SC=25; raw Others=1603; construction fact=f00086; stored gap=96.93 pp,recomputed_from_archived_official_report,deterministic_source_reconstruction_v1,2026-09-13,,,,diff,b,True
AgCensus2015-16 T2-4 Haryana/All Classes/number/STvsOthers,AgCensus2015-16,T2-4,Haryana,All Classes,number,STvsOthers,social_group,Scheduled Tribes,Other social groups,1,1,0,0,diff,b,"Tables 2-4, PDF pages 25,31,37",https://www.fao.org/fileadmin/templates/ess/ess_test_folder/World_Census_Agriculture/WCA_2020/WCA_2020_new_doc/IND_REP_ENG_2015_2016.pdf | archived_sha256=fb01bcb922a38ef964a2ca2fddada5540426bf5b06317d931425ae8d699d6405,archived a1_extract.py/a1b_gender.py; shares independently recomputed from numeric CSV,percentage share (0-100); raw number of holdings in thousands,All-social-groups total for Haryana/All Classes/number=1628,0.0000000000,98.4643734644,raw ST=0; raw Others=1603; construction fact=f00087; stored gap=98.46 pp,recomputed_from_archived_official_report,deterministic_source_reconstruction_v1,2026-09-13,,,,diff,b,True
AgCensus2015-16 T2-4 Haryana/All/area/MarginalvsSmall,AgCensus2015-16,T2-4,Haryana,All,area,MarginalvsSmall,landholding,marginal operated area,small operated area,2,0,0,2,equal,c,"Table 2, PDF pages 25,26,27",https://www.fao.org/fileadmin/templates/ess/ess_test_folder/World_Census_Agriculture/WCA_2020/WCA_2020_new_doc/IND_REP_ENG_2015_2016.pdf | archived_sha256=fb01bcb922a38ef964a2ca2fddada5540426bf5b06317d931425ae8d699d6405,archived a1_extract.py/a1b_gender.py; shares independently recomputed from numeric CSV,percentage share (0-100); raw operated area in thousand hectares,All Classes total for Haryana/All/area=3609,10.8617345525,12.7182044888,raw Marginal=392; raw Small=459; construction fact=f01406; stored gap=1.86 pp,recomputed_from_archived_official_report,deterministic_source_reconstruction_v1,2026-09-13,,,,equal,c,True
AgCensus2015-16 T2-4 Haryana/All/area/Semi-mediumvsLarge,AgCensus2015-16,T2-4,Haryana,All,area,Semi-mediumvsLarge,landholding,semi-medium operated area,large operated area,3,3,0,0,equal,c,"Table 2, PDF pages 25,28,30",https://www.fao.org/fileadmin/templates/ess/ess_test_folder/World_Census_Agriculture/WCA_2020/WCA_2020_new_doc/IND_REP_ENG_2015_2016.pdf | archived_sha256=fb01bcb922a38ef964a2ca2fddada5540426bf5b06317d931425ae8d699d6405,archived a1_extract.py/a1b_gender.py; shares independently recomputed from numeric CSV,percentage share (0-100); raw operated area in thousand hectares,All Classes total for Haryana/All/area=3609,22.2222222222,21.8343031311,raw Semi-medium=802; raw Large=788; construction fact=f01412; stored gap=0.39 pp,recomputed_from_archived_official_report,deterministic_source_reconstruction_v1,2026-09-13,,,,equal,c,True
AgCensus2015-16 T2-4 Haryana/All/number/MarginalvsLarge,AgCensus2015-16,T2-4,Haryana,All,number,MarginalvsLarge,landholding,marginal holdings,large holdings,1,1,0,0,diff,a,"Table 2, PDF pages 25,26,30",https://www.fao.org/fileadmin/templates/ess/ess_test_folder/World_Census_Agriculture/WCA_2020/WCA_2020_new_doc/IND_REP_ENG_2015_2016.pdf | archived_sha256=fb01bcb922a38ef964a2ca2fddada5540426bf5b06317d931425ae8d699d6405,archived a1_extract.py/a1b_gender.py; shares independently recomputed from numeric CSV,percentage share (0-100); raw number of holdings in thousands,All Classes total for Haryana/All/number=1628,49.2628992629,2.5184275184,raw Marginal=802; raw Large=41; construction fact=f00808; stored gap=46.74 pp,recomputed_from_archived_official_report,deterministic_source_reconstruction_v1,2026-09-13,,,,diff,a,True
AgCensus2015-16 T2-4 Haryana/All/number/MarginalvsMedium,AgCensus2015-16,T2-4,Haryana,All,number,MarginalvsMedium,landholding,marginal holdings,medium holdings,1,1,0,0,diff,a,"Table 2, PDF pages 25,26,29",https://www.fao.org/fileadmin/templates/ess/ess_test_folder/World_Census_Agriculture/WCA_2020/WCA_2020_new_doc/IND_REP_ENG_2015_2016.pdf | archived_sha256=fb01bcb922a38ef964a2ca2fddada5540426bf5b06317d931425ae8d699d6405,archived a1_extract.py/a1b_gender.py; shares independently recomputed from numeric CSV,percentage share (0-100); raw number of holdings in thousands,All Classes total for Haryana/All/number=1628,49.2628992629,11.7936117936,raw Marginal=802; raw Medium=192; construction fact=f00807; stored gap=37.47 pp,recomputed_from_archived_official_report,deterministic_source_reconstruction_v1,2026-09-13,,,,diff,a,True
AgCensus2015-16 T2-4 Haryana/All/number/MarginalvsSemi-medium,AgCensus2015-16,T2-4,Haryana,All,number,MarginalvsSemi-medium,landholding,marginal holdings,semi-medium holdings,1,1,0,0,diff,a,"Table 2, PDF pages 25,26,28",https://www.fao.org/fileadmin/templates/ess/ess_test_folder/World_Census_Agriculture/WCA_2020/WCA_2020_new_doc/IND_REP_ENG_2015_2016.pdf | archived_sha256=fb01bcb922a38ef964a2ca2fddada5540426bf5b06317d931425ae8d699d6405,archived a1_extract.py/a1b_gender.py; shares independently recomputed from numeric CSV,percentage share (0-100); raw number of holdings in thousands,All Classes total for Haryana/All/number=1628,49.2628992629,17.0761670762,raw Marginal=802; raw Semi-medium=278; construction fact=f00806; stored gap=32.19 pp,recomputed_from_archived_official_report,deterministic_source_reconstruction_v1,2026-09-13,,,,diff,a,True
AgCensus2015-16 T2-4 Haryana/All/number/MarginalvsSmall,AgCensus2015-16,T2-4,Haryana,All,number,MarginalvsSmall,landholding,marginal holdings,small holdings,1,1,0,0,diff,a,"Table 2, PDF pages 25,26,27",https://www.fao.org/fileadmin/templates/ess/ess_test_folder/World_Census_Agriculture/WCA_2020/WCA_2020_new_doc/IND_REP_ENG_2015_2016.pdf | archived_sha256=fb01bcb922a38ef964a2ca2fddada5540426bf5b06317d931425ae8d699d6405,archived a1_extract.py/a1b_gender.py; shares independently recomputed from numeric CSV,percentage share (0-100); raw number of holdings in thousands,All Classes total for Haryana/All/number=1628,49.2628992629,19.2874692875,raw Marginal=802; raw Small=314; construction fact=f00805; stored gap=29.98 pp,recomputed_from_archived_official_report,deterministic_source_reconstruction_v1,2026-09-13,,,,diff,a,True
AgCensus2015-16 T2-4 Haryana/All/number/Semi-mediumvsLarge,AgCensus2015-16,T2-4,Haryana,All,number,Semi-mediumvsLarge,landholding,semi-medium holdings,large holdings,1,0,0,1,diff,a,"Table 2, PDF pages 25,28,30",https://www.fao.org/fileadmin/templates/ess/ess_test_folder/World_Census_Agriculture/WCA_2020/WCA_2020_new_doc/IND_REP_ENG_2015_2016.pdf | archived_sha256=fb01bcb922a38ef964a2ca2fddada5540426bf5b06317d931425ae8d699d6405,archived a1_extract.py/a1b_gender.py; shares independently recomputed from numeric CSV,percentage share (0-100); raw number of holdings in thousands,All Classes total for Haryana/All/number=1628,17.0761670762,2.5184275184,raw Semi-medium=278; raw Large=41; construction fact=f00811; stored gap=14.56 pp,recomputed_from_archived_official_report,deterministic_source_reconstruction_v1,2026-09-13,,,,diff,a,True
AgCensus2015-16 T2-4 Haryana/All/number/SmallvsLarge,AgCensus2015-16,T2-4,Haryana,All,number,SmallvsLarge,landholding,small holdings,large holdings,1,1,0,0,diff,a,"Table 2, PDF pages 25,27,30",https://www.fao.org/fileadmin/templates/ess/ess_test_folder/World_Census_Agriculture/WCA_2020/WCA_2020_new_doc/IND_REP_ENG_2015_2016.pdf | archived_sha256=fb01bcb922a38ef964a2ca2fddada5540426bf5b06317d931425ae8d699d6405,archived a1_extract.py/a1b_gender.py; shares independently recomputed from numeric CSV,percentage share (0-100); raw number of holdings in thousands,All Classes total for Haryana/All/number=1628,19.2874692875,2.5184275184,raw Small=314; raw Large=41; construction fact=f00810; stored gap=16.77 pp,recomputed_from_archived_official_report,deterministic_source_reconstruction_v1,2026-09-13,,,,diff,a,True
AgCensus2015-16 T2-4 Haryana/All/number/SmallvsSemi-medium,AgCensus2015-16,T2-4,Haryana,All,number,SmallvsSemi-medium,landholding,small holdings,semi-medium holdings,2,0,0,2,equal,c,"Table 2, PDF pages 25,27,28",https://www.fao.org/fileadmin/templates/ess/ess_test_folder/World_Census_Agriculture/WCA_2020/WCA_2020_new_doc/IND_REP_ENG_2015_2016.pdf | archived_sha256=fb01bcb922a38ef964a2ca2fddada5540426bf5b06317d931425ae8d699d6405,archived a1_extract.py/a1b_gender.py; shares independently recomputed from numeric CSV,percentage share (0-100); raw number of holdings in thousands,All Classes total for Haryana/All/number=1628,19.2874692875,17.0761670762,raw Small=314; raw Semi-medium=278; construction fact=f00809; stored gap=2.21 pp,recomputed_from_archived_official_report,deterministic_source_reconstruction_v1,2026-09-13,,,,equal,c,True
AgCensus2015-16 T2-4 Haryana/Large/area/SCvsOthers,AgCensus2015-16,T2-4,Haryana,Large,area,SCvsOthers,social_group,Scheduled Castes,Other social groups,1,1,0,0,diff,b,"Tables 2-4, PDF pages 30,36,42",https://www.fao.org/fileadmin/templates/ess/ess_test_folder/World_Census_Agriculture/WCA_2020/WCA_2020_new_doc/IND_REP_ENG_2015_2016.pdf | archived_sha256=fb01bcb922a38ef964a2ca2fddada5540426bf5b06317d931425ae8d699d6405,archived a1_extract.py/a1b_gender.py; shares independently recomputed from numeric CSV,percentage share (0-100); raw operated area in thousand hectares,All-social-groups total for Haryana/Large/area=788,0.2538071066,99.7461928934,raw SC=2; raw Others=786; construction fact=f00450; stored gap=99.49 pp,recomputed_from_archived_official_report,deterministic_source_reconstruction_v1,2026-09-13,,,,diff,b,True
AgCensus2015-16 T2-4 Haryana/Large/area/STvsOthers,AgCensus2015-16,T2-4,Haryana,Large,area,STvsOthers,social_group,Scheduled Tribes,Other social groups,1,1,0,0,diff,b,"Tables 2-4, PDF pages 30,36,42",https://www.fao.org/fileadmin/templates/ess/ess_test_folder/World_Census_Agriculture/WCA_2020/WCA_2020_new_doc/IND_REP_ENG_2015_2016.pdf | archived_sha256=fb01bcb922a38ef964a2ca2fddada5540426bf5b06317d931425ae8d699d6405,archived a1_extract.py/a1b_gender.py; shares independently recomputed from numeric CSV,percentage share (0-100); raw operated area in thousand hectares,All-social-groups total for Haryana/Large/area=788,0.0000000000,99.7461928934,raw ST=0; raw Others=786; construction fact=f00451; stored gap=99.75 pp,recomputed_from_archived_official_report,deterministic_source_reconstruction_v1,2026-09-13,,,,diff,b,True
AgCensus2015-16 T2-4 Haryana/Large/number/SCvsOthers,AgCensus2015-16,T2-4,Haryana,Large,number,SCvsOthers,social_group,Scheduled Castes,Other social groups,1,1,0,0,diff,b,"Tables 2-4, PDF pages 30,36,42",https://www.fao.org/fileadmin/templates/ess/ess_test_folder/World_Census_Agriculture/WCA_2020/WCA_2020_new_doc/IND_REP_ENG_2015_2016.pdf | archived_sha256=fb01bcb922a38ef964a2ca2fddada5540426bf5b06317d931425ae8d699d6405,archived a1_extract.py/a1b_gender.py; shares independently recomputed from numeric CSV,percentage share (0-100); raw number of holdings in thousands,All-social-groups total for Haryana/Large/number=41,0.0000000000,100.0000000000,raw SC=0; raw Others=41; construction fact=f00088; stored gap=100.0 pp,recomputed_from_archived_official_report,deterministic_source_reconstruction_v1,2026-09-13,,,,diff,b,True
AgCensus2015-16 T2-4 Haryana/Large/number/STvsOthers,AgCensus2015-16,T2-4,Haryana,Large,number,STvsOthers,social_group,Scheduled Tribes,Other social groups,1,1,0,0,diff,b,"Tables 2-4, PDF pages 30,36,42",https://www.fao.org/fileadmin/templates/ess/ess_test_folder/World_Census_Agriculture/WCA_2020/WCA_2020_new_doc/IND_REP_ENG_2015_2016.pdf | archived_sha256=fb01bcb922a38ef964a2ca2fddada5540426bf5b06317d931425ae8d699d6405,archived a1_extract.py/a1b_gender.py; shares independently recomputed from numeric CSV,percentage share (0-100); raw number of holdings in thousands,All-social-groups total for Haryana/Large/number=41,0.0000000000,100.0000000000,raw ST=0; raw Others=41; construction fact=f00089; stored gap=100.0 pp,recomputed_from_archived_official_report,deterministic_source_reconstruction_v1,2026-09-13,,,,diff,b,True
AgCensus2015-16 T2-4 Haryana/Marginal/area/SCvsOthers,AgCensus2015-16,T2-4,Haryana,Marginal,area,SCvsOthers,social_group,Scheduled Castes,Other social groups,1,1,0,0,diff,b,"Tables 2-4, PDF pages 26,32,38",https://www.fao.org/fileadmin/templates/ess/ess_test_folder/World_Census_Agriculture/WCA_2020/WCA_2020_new_doc/IND_REP_ENG_2015_2016.pdf | archived_sha256=fb01bcb922a38ef964a2ca2fddada5540426bf5b06317d931425ae8d699d6405,archived a1_extract.py/a1b_gender.py; shares independently recomputed from numeric CSV,percentage share (0-100); raw operated area in thousand hectares,All-social-groups total for Haryana/Marginal/area=392,1.7857142857,98.2142857143,raw SC=7; raw Others=385; construction fact=f00452; stored gap=96.43 pp,recomputed_from_archived_official_report,deterministic_source_reconstruction_v1,2026-09-13,,,,diff,b,True
AgCensus2015-16 T2-4 Haryana/Marginal/area/STvsOthers,AgCensus2015-16,T2-4,Haryana,Marginal,area,STvsOthers,social_group,Scheduled Tribes,Other social groups,1,1,0,0,diff,b,"Tables 2-4, PDF pages 26,32,38",https://www.fao.org/fileadmin/templates/ess/ess_test_folder/World_Census_Agriculture/WCA_2020/WCA_2020_new_doc/IND_REP_ENG_2015_2016.pdf | archived_sha256=fb01bcb922a38ef964a2ca2fddada5540426bf5b06317d931425ae8d699d6405,archived a1_extract.py/a1b_gender.py; shares independently recomputed from numeric CSV,percentage share (0-100); raw operated area in thousand hectares,All-social-groups total for Haryana/Marginal/area=392,0.0000000000,98.2142857143,raw ST=0; raw Others=385; construction fact=f00453; stored gap=98.21 pp,recomputed_from_archived_official_report,deterministic_source_reconstruction_v1,2026-09-13,,,,diff,b,True
AgCensus2015-16 T2-4 Haryana/Marginal/number/SCvsOthers,AgCensus2015-16,T2-4,Haryana,Marginal,number,SCvsOthers,social_group,Scheduled Castes,Other social groups,1,0,0,1,diff,b,"Tables 2-4, PDF pages 26,32,38",https://www.fao.org/fileadmin/templates/ess/ess_test_folder/World_Census_Agriculture/WCA_2020/WCA_2020_new_doc/IND_REP_ENG_2015_2016.pdf | archived_sha256=fb01bcb922a38ef964a2ca2fddada5540426bf5b06317d931425ae8d699d6405,archived a1_extract.py/a1b_gender.py; shares independently recomputed from numeric CSV,percentage share (0-100); raw number of holdings in thousands,All-social-groups total for Haryana/Marginal/number=802,1.6209476309,98.3790523691,raw SC=13; raw Others=789; construction fact=f00090; stored gap=96.76 pp,recomputed_from_archived_official_report,deterministic_source_reconstruction_v1,2026-09-13,,,,diff,b,True
AgCensus2015-16 T2-4 Haryana/Marginal/number/STvsOthers,AgCensus2015-16,T2-4,Haryana,Marginal,number,STvsOthers,social_group,Scheduled Tribes,Other social groups,1,1,0,0,diff,b,"Tables 2-4, PDF pages 26,32,38",https://www.fao.org/fileadmin/templates/ess/ess_test_folder/World_Census_Agriculture/WCA_2020/WCA_2020_new_doc/IND_REP_ENG_2015_2016.pdf | archived_sha256=fb01bcb922a38ef964a2ca2fddada5540426bf5b06317d931425ae8d699d6405,archived a1_extract.py/a1b_gender.py; shares independently recomputed from numeric CSV,percentage share (0-100); raw number of holdings in thousands,All-social-groups total for Haryana/Marginal/number=802,0.0000000000,98.3790523691,raw ST=0; raw Others=789; construction fact=f00091; stored gap=98.38 pp,recomputed_from_archived_official_report,deterministic_source_reconstruction_v1,2026-09-13,,,,diff,b,True
AgCensus2015-16 T2-4 Haryana/Medium/area/SCvsOthers,AgCensus2015-16,T2-4,Haryana,Medium,area,SCvsOthers,social_group,Scheduled Castes,Other social groups,1,1,0,0,diff,b,"Tables 2-4, PDF pages 29,35,41",https://www.fao.org/fileadmin/templates/ess/ess_test_folder/World_Census_Agriculture/WCA_2020/WCA_2020_new_doc/IND_REP_ENG_2015_2016.pdf | archived_sha256=fb01bcb922a38ef964a2ca2fddada5540426bf5b06317d931425ae8d699d6405,archived a1_extract.py/a1b_gender.py; shares independently recomputed from numeric CSV,percentage share (0-100); raw operated area in thousand hectares,All-social-groups total for Haryana/Medium/area=1168,0.8561643836,99.1438356164,raw SC=10; raw Others=1158; construction fact=f00454; stored gap=98.29 pp,recomputed_from_archived_official_report,deterministic_source_reconstruction_v1,2026-09-13,,,,diff,b,True
AgCensus2015-16 T2-4 Haryana/Medium/area/STvsOthers,AgCensus2015-16,T2-4,Haryana,Medium,area,STvsOthers,social_group,Scheduled Tribes,Other social groups,1,0,0,1,diff,b,"Tables 2-4, PDF pages 29,35,41",https://www.fao.org/fileadmin/templates/ess/ess_test_folder/World_Census_Agriculture/WCA_2020/WCA_2020_new_doc/IND_REP_ENG_2015_2016.pdf | archived_sha256=fb01bcb922a38ef964a2ca2fddada5540426bf5b06317d931425ae8d699d6405,archived a1_extract.py/a1b_gender.py; shares independently recomputed from numeric CSV,percentage share (0-100); raw operated area in thousand hectares,All-social-groups total for Haryana/Medium/area=1168,0.0000000000,99.1438356164,raw ST=0; raw Others=1158; construction fact=f00455; stored gap=99.14 pp,recomputed_from_archived_official_report,deterministic_source_reconstruction_v1,2026-09-13,,,,diff,b,True
AgCensus2015-16 T2-4 Haryana/Medium/number/SCvsOthers,AgCensus2015-16,T2-4,Haryana,Medium,number,SCvsOthers,social_group,Scheduled Castes,Other social groups,1,1,0,0,diff,b,"Tables 2-4, PDF pages 29,35,41",https://www.fao.org/fileadmin/templates/ess/ess_test_folder/World_Census_Agriculture/WCA_2020/WCA_2020_new_doc/IND_REP_ENG_2015_2016.pdf | archived_sha256=fb01bcb922a38ef964a2ca2fddada5540426bf5b06317d931425ae8d699d6405,archived a1_extract.py/a1b_gender.py; shares independently recomputed from numeric CSV,percentage share (0-100); raw number of holdings in thousands,All-social-groups total for Haryana/Medium/number=192,1.0416666667,98.9583333333,raw SC=2; raw Others=190; construction fact=f00092; stored gap=97.92 pp,recomputed_from_archived_official_report,deterministic_source_reconstruction_v1,2026-09-13,,,,diff,b,True
AgCensus2015-16 T2-4 Haryana/Medium/number/STvsOthers,AgCensus2015-16,T2-4,Haryana,Medium,number,STvsOthers,social_group,Scheduled Tribes,Other social groups,1,0,0,1,diff,b,"Tables 2-4, PDF pages 29,35,41",https://www.fao.org/fileadmin/templates/ess/ess_test_folder/World_Census_Agriculture/WCA_2020/WCA_2020_new_doc/IND_REP_ENG_2015_2016.pdf | archived_sha256=fb01bcb922a38ef964a2ca2fddada5540426bf5b06317d931425ae8d699d6405,archived a1_extract.py/a1b_gender.py; shares independently recomputed from numeric CSV,percentage share (0-100); raw number of holdings in thousands,All-social-groups total for Haryana/Medium/number=192,0.0000000000,98.9583333333,raw ST=0; raw Others=190; construction fact=f00093; stored gap=98.96 pp,recomputed_from_archived_official_report,deterministic_source_reconstruction_v1,2026-09-13,,,,diff,b,True
AgCensus2015-16 T2-4 Haryana/SC/area/MarginalvsSmall,AgCensus2015-16,T2-4,Haryana,SC,area,MarginalvsSmall,landholding,marginal operated area,small operated area,4,0,0,4,equal,c,"Table 3, PDF pages 31,32,33",https://www.fao.org/fileadmin/templates/ess/ess_test_folder/World_Census_Agriculture/WCA_2020/WCA_2020_new_doc/IND_REP_ENG_2015_2016.pdf | archived_sha256=fb01bcb922a38ef964a2ca2fddada5540426bf5b06317d931425ae8d699d6405,archived a1_extract.py/a1b_gender.py; shares independently recomputed from numeric CSV,percentage share (0-100); raw operated area in thousand hectares,All Classes total for Haryana/SC/area=39,17.9487179487,20.5128205128,raw Marginal=7; raw Small=8; construction fact=f01632; stored gap=2.56 pp,recomputed_from_archived_official_report,deterministic_source_reconstruction_v1,2026-09-13,,,,equal,c,True
AgCensus2015-16 T2-4 Haryana/SC/number/MarginalvsLarge,AgCensus2015-16,T2-4,Haryana,SC,number,MarginalvsLarge,landholding,marginal holdings,large holdings,1,0,1,0,diff,a,"Table 3, PDF pages 31,32,36",https://www.fao.org/fileadmin/templates/ess/ess_test_folder/World_Census_Agriculture/WCA_2020/WCA_2020_new_doc/IND_REP_ENG_2015_2016.pdf | archived_sha256=fb01bcb922a38ef964a2ca2fddada5540426bf5b06317d931425ae8d699d6405,archived a1_extract.py/a1b_gender.py; shares independently recomputed from numeric CSV,percentage share (0-100); raw number of holdings in thousands,All Classes total for Haryana/SC/number=25,52.0000000000,0.0000000000,raw Marginal=13; raw Large=0; construction fact=f01007; stored gap=52.0 pp,recomputed_from_archived_official_report,deterministic_source_reconstruction_v1,2026-09-13,,,,diff,a,True
AgCensus2015-16 T2-4 Haryana/SC/number/MarginalvsMedium,AgCensus2015-16,T2-4,Haryana,SC,number,MarginalvsMedium,landholding,marginal holdings,medium holdings,1,0,0,1,diff,a,"Table 3, PDF pages 31,32,35",https://www.fao.org/fileadmin/templates/ess/ess_test_folder/World_Census_Agriculture/WCA_2020/WCA_2020_new_doc/IND_REP_ENG_2015_2016.pdf | archived_sha256=fb01bcb922a38ef964a2ca2fddada5540426bf5b06317d931425ae8d699d6405,archived a1_extract.py/a1b_gender.py; shares independently recomputed from numeric CSV,percentage share (0-100); raw number of holdings in thousands,All Classes total for Haryana/SC/number=25,52.0000000000,8.0000000000,raw Marginal=13; raw Medium=2; construction fact=f01006; stored gap=44.0 pp,recomputed_from_archived_official_report,deterministic_source_reconstruction_v1,2026-09-13,,,,diff,a,True
AgCensus2015-16 T2-4 Haryana/SC/number/MarginalvsSemi-medium,AgCensus2015-16,T2-4,Haryana,SC,number,MarginalvsSemi-medium,landholding,marginal holdings,semi-medium holdings,1,0,0,1,diff,a,"Table 3, PDF pages 31,32,34",https://www.fao.org/fileadmin/templates/ess/ess_test_folder/World_Census_Agriculture/WCA_2020/WCA_2020_new_doc/IND_REP_ENG_2015_2016.pdf | archived_sha256=fb01bcb922a38ef964a2ca2fddada5540426bf5b06317d931425ae8d699d6405,archived a1_extract.py/a1b_gender.py; shares independently recomputed from numeric CSV,percentage share (0-100); raw number of holdings in thousands,All Classes total for Haryana/SC/number=25,52.0000000000,16.0000000000,raw Marginal=13; raw Semi-medium=4; construction fact=f01005; stored gap=36.0 pp,recomputed_from_archived_official_report,deterministic_source_reconstruction_v1,2026-09-13,,,,diff,a,True
AgCensus2015-16 T2-4 Haryana/SC/number/MarginalvsSmall,AgCensus2015-16,T2-4,Haryana,SC,number,MarginalvsSmall,landholding,marginal holdings,small holdings,1,1,0,0,diff,a,"Table 3, PDF pages 31,32,33",https://www.fao.org/fileadmin/templates/ess/ess_test_folder/World_Census_Agriculture/WCA_2020/WCA_2020_new_doc/IND_REP_ENG_2015_2016.pdf | archived_sha256=fb01bcb922a38ef964a2ca2fddada5540426bf5b06317d931425ae8d699d6405,archived a1_extract.py/a1b_gender.py; shares independently recomputed from numeric CSV,percentage share (0-100); raw number of holdings in thousands,All Classes total for Haryana/SC/number=25,52.0000000000,20.0000000000,raw Marginal=13; raw Small=5; construction fact=f01004; stored gap=32.0 pp,recomputed_from_archived_official_report,deterministic_source_reconstruction_v1,2026-09-13,,,,diff,a,True
AgCensus2015-16 T2-4 Haryana/SC/number/Semi-mediumvsLarge,AgCensus2015-16,T2-4,Haryana,SC,number,Semi-mediumvsLarge,landholding,semi-medium holdings,large holdings,1,1,0,0,diff,a,"Table 3, PDF pages 31,34,36",https://www.fao.org/fileadmin/templates/ess/ess_test_folder/World_Census_Agriculture/WCA_2020/WCA_2020_new_doc/IND_REP_ENG_2015_2016.pdf | archived_sha256=fb01bcb922a38ef964a2ca2fddada5540426bf5b06317d931425ae8d699d6405,archived a1_extract.py/a1b_gender.py; shares independently recomputed from numeric CSV,percentage share (0-100); raw number of holdings in thousands,All Classes total for Haryana/SC/number=25,16.0000000000,0.0000000000,raw Semi-medium=4; raw Large=0; construction fact=f01011; stored gap=16.0 pp,recomputed_from_archived_official_report,deterministic_source_reconstruction_v1,2026-09-13,,,,diff,a,True
AgCensus2015-16 T2-4 Haryana/SC/number/SmallvsLarge,AgCensus2015-16,T2-4,Haryana,SC,number,SmallvsLarge,landholding,small holdings,large holdings,1,1,0,0,diff,a,"Table 3, PDF pages 31,33,36",https://www.fao.org/fileadmin/templates/ess/ess_test_folder/World_Census_Agriculture/WCA_2020/WCA_2020_new_doc/IND_REP_ENG_2015_2016.pdf | archived_sha256=fb01bcb922a38ef964a2ca2fddada5540426bf5b06317d931425ae8d699d6405,archived a1_extract.py/a1b_gender.py; shares independently recomputed from numeric CSV,percentage share (0-100); raw number of holdings in thousands,All Classes total for Haryana/SC/number=25,20.0000000000,0.0000000000,raw Small=5; raw Large=0; construction fact=f01010; stored gap=20.0 pp,recomputed_from_archived_official_report,deterministic_source_reconstruction_v1,2026-09-13,,,,diff,a,True
AgCensus2015-16 T2-4 Haryana/SC/number/SmallvsMedium,AgCensus2015-16,T2-4,Haryana,SC,number,SmallvsMedium,landholding,small holdings,medium holdings,1,1,0,0,diff,a,"Table 3, PDF pages 31,33,35",https://www.fao.org/fileadmin/templates/ess/ess_test_folder/World_Census_Agriculture/WCA_2020/WCA_2020_new_doc/IND_REP_ENG_2015_2016.pdf | archived_sha256=fb01bcb922a38ef964a2ca2fddada5540426bf5b06317d931425ae8d699d6405,archived a1_extract.py/a1b_gender.py; shares independently recomputed from numeric CSV,percentage share (0-100); raw number of holdings in thousands,All Classes total for Haryana/SC/number=25,20.0000000000,8.0000000000,raw Small=5; raw Medium=2; construction fact=f01009; stored gap=12.0 pp,recomputed_from_archived_official_report,deterministic_source_reconstruction_v1,2026-09-13,,,,diff,a,True
AgCensus2015-16 T2-4 Haryana/SC/number/SmallvsSemi-medium,AgCensus2015-16,T2-4,Haryana,SC,number,SmallvsSemi-medium,landholding,small holdings,semi-medium holdings,3,3,0,0,equal,c,"Table 3, PDF pages 31,33,34",https://www.fao.org/fileadmin/templates/ess/ess_test_folder/World_Census_Agriculture/WCA_2020/WCA_2020_new_doc/IND_REP_ENG_2015_2016.pdf | archived_sha256=fb01bcb922a38ef964a2ca2fddada5540426bf5b06317d931425ae8d699d6405,archived a1_extract.py/a1b_gender.py; shares independently recomputed from numeric CSV,percentage share (0-100); raw number of holdings in thousands,All Classes total for Haryana/SC/number=25,20.0000000000,16.0000000000,raw Small=5; raw Semi-medium=4; construction fact=f01008; stored gap=4.0 pp,recomputed_from_archived_official_report,deterministic_source_reconstruction_v1,2026-09-13,,,,equal,c,True
AgCensus2015-16 T2-4 Haryana/Semi-medium/area/SCvsOthers,AgCensus2015-16,T2-4,Haryana,Semi-medium,area,SCvsOthers,social_group,Scheduled Castes,Other social groups,1,1,0,0,diff,b,"Tables 2-4, PDF pages 28,34,40",https://www.fao.org/fileadmin/templates/ess/ess_test_folder/World_Census_Agriculture/WCA_2020/WCA_2020_new_doc/IND_REP_ENG_2015_2016.pdf | archived_sha256=fb01bcb922a38ef964a2ca2fddada5540426bf5b06317d931425ae8d699d6405,archived a1_extract.py/a1b_gender.py; shares independently recomputed from numeric CSV,percentage share (0-100); raw operated area in thousand hectares,All-social-groups total for Haryana/Semi-medium/area=802,1.4962593516,98.5037406484,raw SC=12; raw Others=790; construction fact=f00456; stored gap=97.01 pp,recomputed_from_archived_official_report,deterministic_source_reconstruction_v1,2026-09-13,,,,diff,b,True
AgCensus2015-16 T2-4 Haryana/Semi-medium/area/STvsOthers,AgCensus2015-16,T2-4,Haryana,Semi-medium,area,STvsOthers,social_group,Scheduled Tribes,Other social groups,1,1,0,0,diff,b,"Tables 2-4, PDF pages 28,34,40",https://www.fao.org/fileadmin/templates/ess/ess_test_folder/World_Census_Agriculture/WCA_2020/WCA_2020_new_doc/IND_REP_ENG_2015_2016.pdf | archived_sha256=fb01bcb922a38ef964a2ca2fddada5540426bf5b06317d931425ae8d699d6405,archived a1_extract.py/a1b_gender.py; shares independently recomputed from numeric CSV,percentage share (0-100); raw operated area in thousand hectares,All-social-groups total for Haryana/Semi-medium/area=802,0.0000000000,98.5037406484,raw ST=0; raw Others=790; construction fact=f00457; stored gap=98.5 pp,recomputed_from_archived_official_report,deterministic_source_reconstruction_v1,2026-09-13,,,,diff,b,True
AgCensus2015-16 T2-4 Haryana/Semi-medium/number/SCvsOthers,AgCensus2015-16,T2-4,Haryana,Semi-medium,number,SCvsOthers,social_group,Scheduled Castes,Other social groups,1,0,0,1,diff,b,"Tables 2-4, PDF pages 28,34,40",https://www.fao.org/fileadmin/templates/ess/ess_test_folder/World_Census_Agriculture/WCA_2020/WCA_2020_new_doc/IND_REP_ENG_2015_2016.pdf | archived_sha256=fb01bcb922a38ef964a2ca2fddada5540426bf5b06317d931425ae8d699d6405,archived a1_extract.py/a1b_gender.py; shares independently recomputed from numeric CSV,percentage share (0-100); raw number of holdings in thousands,All-social-groups total for Haryana/Semi-medium/number=278,1.4388489209,98.5611510791,raw SC=4; raw Others=274; construction fact=f00094; stored gap=97.12 pp,recomputed_from_archived_official_report,deterministic_source_reconstruction_v1,2026-09-13,,,,diff,b,True
AgCensus2015-16 T2-4 Haryana/Semi-medium/number/STvsOthers,AgCensus2015-16,T2-4,Haryana,Semi-medium,number,STvsOthers,social_group,Scheduled Tribes,Other social groups,1,0,0,1,diff,b,"Tables 2-4, PDF pages 28,34,40",https://www.fao.org/fileadmin/templates/ess/ess_test_folder/World_Census_Agriculture/WCA_2020/WCA_2020_new_doc/IND_REP_ENG_2015_2016.pdf | archived_sha256=fb01bcb922a38ef964a2ca2fddada5540426bf5b06317d931425ae8d699d6405,archived a1_extract.py/a1b_gender.py; shares independently recomputed from numeric CSV,percentage share (0-100); raw number of holdings in thousands,All-social-groups total for Haryana/Semi-medium/number=278,0.0000000000,98.5611510791,raw ST=0; raw Others=274; construction fact=f00095; stored gap=98.56 pp,recomputed_from_archived_official_report,deterministic_source_reconstruction_v1,2026-09-13,,,,diff,b,True
AgCensus2015-16 T2-4 Haryana/Small/area/SCvsOthers,AgCensus2015-16,T2-4,Haryana,Small,area,SCvsOthers,social_group,Scheduled Castes,Other social groups,1,0,0,1,diff,b,"Tables 2-4, PDF pages 27,33,39",https://www.fao.org/fileadmin/templates/ess/ess_test_folder/World_Census_Agriculture/WCA_2020/WCA_2020_new_doc/IND_REP_ENG_2015_2016.pdf | archived_sha256=fb01bcb922a38ef964a2ca2fddada5540426bf5b06317d931425ae8d699d6405,archived a1_extract.py/a1b_gender.py; shares independently recomputed from numeric CSV,percentage share (0-100); raw operated area in thousand hectares,All-social-groups total for Haryana/Small/area=459,1.7429193900,98.2570806100,raw SC=8; raw Others=451; construction fact=f00458; stored gap=96.51 pp,recomputed_from_archived_official_report,deterministic_source_reconstruction_v1,2026-09-13,,,,diff,b,True
AgCensus2015-16 T2-4 Haryana/Small/area/STvsOthers,AgCensus2015-16,T2-4,Haryana,Small,area,STvsOthers,social_group,Scheduled Tribes,Other social groups,1,0,0,1,diff,b,"Tables 2-4, PDF pages 27,33,39",https://www.fao.org/fileadmin/templates/ess/ess_test_folder/World_Census_Agriculture/WCA_2020/WCA_2020_new_doc/IND_REP_ENG_2015_2016.pdf | archived_sha256=fb01bcb922a38ef964a2ca2fddada5540426bf5b06317d931425ae8d699d6405,archived a1_extract.py/a1b_gender.py; shares independently recomputed from numeric CSV,percentage share (0-100); raw operated area in thousand hectares,All-social-groups total for Haryana/Small/area=459,0.0000000000,98.2570806100,raw ST=0; raw Others=451; construction fact=f00459; stored gap=98.26 pp,recomputed_from_archived_official_report,deterministic_source_reconstruction_v1,2026-09-13,,,,diff,b,True
AgCensus2015-16 T2-4 Haryana/Small/number/SCvsOthers,AgCensus2015-16,T2-4,Haryana,Small,number,SCvsOthers,social_group,Scheduled Castes,Other social groups,1,0,0,1,diff,b,"Tables 2-4, PDF pages 27,33,39",https://www.fao.org/fileadmin/templates/ess/ess_test_folder/World_Census_Agriculture/WCA_2020/WCA_2020_new_doc/IND_REP_ENG_2015_2016.pdf | archived_sha256=fb01bcb922a38ef964a2ca2fddada5540426bf5b06317d931425ae8d699d6405,archived a1_extract.py/a1b_gender.py; shares independently recomputed from numeric CSV,percentage share (0-100); raw number of holdings in thousands,All-social-groups total for Haryana/Small/number=314,1.5923566879,98.4076433121,raw SC=5; raw Others=309; construction fact=f00096; stored gap=96.82 pp,recomputed_from_archived_official_report,deterministic_source_reconstruction_v1,2026-09-13,,,,diff,b,True
AgCensus2015-16 T2-4 Haryana/Small/number/STvsOthers,AgCensus2015-16,T2-4,Haryana,Small,number,STvsOthers,social_group,Scheduled Tribes,Other social groups,1,1,0,0,diff,b,"Tables 2-4, PDF pages 27,33,39",https://www.fao.org/fileadmin/templates/ess/ess_test_folder/World_Census_Agriculture/WCA_2020/WCA_2020_new_doc/IND_REP_ENG_2015_2016.pdf | archived_sha256=fb01bcb922a38ef964a2ca2fddada5540426bf5b06317d931425ae8d699d6405,archived a1_extract.py/a1b_gender.py; shares independently recomputed from numeric CSV,percentage share (0-100); raw number of holdings in thousands,All-social-groups total for Haryana/Small/number=314,0.0000000000,98.4076433121,raw ST=0; raw Others=309; construction fact=f00097; stored gap=98.41 pp,recomputed_from_archived_official_report,deterministic_source_reconstruction_v1,2026-09-13,,,,diff,b,True
AgCensus2015-16 T2-4 Himachal Pradesh/All Classes/area/SCvsOthers,AgCensus2015-16,T2-4,Himachal Pradesh,All Classes,area,SCvsOthers,social_group,Scheduled Castes,Other social groups,1,0,0,1,diff,b,"Tables 2-4, PDF pages 25,31,37",https://www.fao.org/fileadmin/templates/ess/ess_test_folder/World_Census_Agriculture/WCA_2020/WCA_2020_new_doc/IND_REP_ENG_2015_2016.pdf | archived_sha256=fb01bcb922a38ef964a2ca2fddada5540426bf5b06317d931425ae8d699d6405,archived a1_extract.py/a1b_gender.py; shares independently recomputed from numeric CSV,percentage share (0-100); raw operated area in thousand hectares,All-social-groups total for Himachal Pradesh/All Classes/area=944,13.8771186441,80.9322033898,raw SC=131; raw Others=764; construction fact=f00460; stored gap=67.06 pp,recomputed_from_archived_official_report,deterministic_source_reconstruction_v1,2026-09-13,,,,diff,b,True
AgCensus2015-16 T2-4 Himachal Pradesh/All Classes/area/STvsOthers,AgCensus2015-16,T2-4,Himachal Pradesh,All Classes,area,STvsOthers,social_group,Scheduled Tribes,Other social groups,1,0,0,1,diff,b,"Tables 2-4, PDF pages 25,31,37",https://www.fao.org/fileadmin/templates/ess/ess_test_folder/World_Census_Agriculture/WCA_2020/WCA_2020_new_doc/IND_REP_ENG_2015_2016.pdf | archived_sha256=fb01bcb922a38ef964a2ca2fddada5540426bf5b06317d931425ae8d699d6405,archived a1_extract.py/a1b_gender.py; shares independently recomputed from numeric CSV,percentage share (0-100); raw operated area in thousand hectares,All-social-groups total for Himachal Pradesh/All Classes/area=944,5.1906779661,80.9322033898,raw ST=49; raw Others=764; construction fact=f00461; stored gap=75.74 pp,recomputed_from_archived_official_report,deterministic_source_reconstruction_v1,2026-09-13,,,,diff,b,True
AgCensus2015-16 T2-4 Himachal Pradesh/All Classes/number/SCvsOthers,AgCensus2015-16,T2-4,Himachal Pradesh,All Classes,number,SCvsOthers,social_group,Scheduled Castes,Other social groups,1,1,0,0,diff,b,"Tables 2-4, PDF pages 25,31,37",https://www.fao.org/fileadmin/templates/ess/ess_test_folder/World_Census_Agriculture/WCA_2020/WCA_2020_new_doc/IND_REP_ENG_2015_2016.pdf | archived_sha256=fb01bcb922a38ef964a2ca2fddada5540426bf5b06317d931425ae8d699d6405,archived a1_extract.py/a1b_gender.py; shares independently recomputed from numeric CSV,percentage share (0-100); raw number of holdings in thousands,All-social-groups total for Himachal Pradesh/All Classes/number=997,21.9658976931,72.3169508526,raw SC=219; raw Others=721; construction fact=f00099; stored gap=50.35 pp,recomputed_from_archived_official_report,deterministic_source_reconstruction_v1,2026-09-13,,,,diff,b,True
AgCensus2015-16 T2-4 Himachal Pradesh/All Classes/number/SCvsST,AgCensus2015-16,T2-4,Himachal Pradesh,All Classes,number,SCvsST,social_group,Scheduled Castes,Scheduled Tribes,1,1,0,0,diff,a,"Tables 2-4, PDF pages 25,31,37",https://www.fao.org/fileadmin/templates/ess/ess_test_folder/World_Census_Agriculture/WCA_2020/WCA_2020_new_doc/IND_REP_ENG_2015_2016.pdf | archived_sha256=fb01bcb922a38ef964a2ca2fddada5540426bf5b06317d931425ae8d699d6405,archived a1_extract.py/a1b_gender.py; shares independently recomputed from numeric CSV,percentage share (0-100); raw number of holdings in thousands,All-social-groups total for Himachal Pradesh/All Classes/number=997,21.9658976931,5.7171514544,raw SC=219; raw ST=57; construction fact=f00098; stored gap=16.25 pp,recomputed_from_archived_official_report,deterministic_source_reconstruction_v1,2026-09-13,,,,diff,a,True
AgCensus2015-16 T2-4 Himachal Pradesh/All Classes/number/STvsOthers,AgCensus2015-16,T2-4,Himachal Pradesh,All Classes,number,STvsOthers,social_group,Scheduled Tribes,Other social groups,1,1,0,0,diff,b,"Tables 2-4, PDF pages 25,31,37",https://www.fao.org/fileadmin/templates/ess/ess_test_folder/World_Census_Agriculture/WCA_2020/WCA_2020_new_doc/IND_REP_ENG_2015_2016.pdf | archived_sha256=fb01bcb922a38ef964a2ca2fddada5540426bf5b06317d931425ae8d699d6405,archived a1_extract.py/a1b_gender.py; shares independently recomputed from numeric CSV,percentage share (0-100); raw number of holdings in thousands,All-social-groups total for Himachal Pradesh/All Classes/number=997,5.7171514544,72.3169508526,raw ST=57; raw Others=721; construction fact=f00100; stored gap=66.6 pp,recomputed_from_archived_official_report,deterministic_source_reconstruction_v1,2026-09-13,,,,diff,b,True
AgCensus2015-16 T2-4 Himachal Pradesh/All/area/MarginalvsSmall,AgCensus2015-16,T2-4,Himachal Pradesh,All,area,MarginalvsSmall,landholding,marginal operated area,small operated area,2,0,0,2,equal,c,"Table 2, PDF pages 25,26,27",https://www.fao.org/fileadmin/templates/ess/ess_test_folder/World_Census_Agriculture/WCA_2020/WCA_2020_new_doc/IND_REP_ENG_2015_2016.pdf | archived_sha256=fb01bcb922a38ef964a2ca2fddada5540426bf5b06317d931425ae8d699d6405,archived a1_extract.py/a1b_gender.py; shares independently recomputed from numeric CSV,percentage share (0-100); raw operated area in thousand hectares,All Classes total for Himachal Pradesh/All/area=944,30.1906779661,25.6355932203,raw Marginal=285; raw Small=242; construction fact=f01414; stored gap=4.56 pp,recomputed_from_archived_official_report,deterministic_source_reconstruction_v1,2026-09-13,,,,equal,c,True
AgCensus2015-16 T2-4 Himachal Pradesh/All/area/SmallvsSemi-medium,AgCensus2015-16,T2-4,Himachal Pradesh,All,area,SmallvsSemi-medium,landholding,small operated area,semi-medium operated area,2,2,0,0,equal,c,"Table 2, PDF pages 25,27,28",https://www.fao.org/fileadmin/templates/ess/ess_test_folder/World_Census_Agriculture/WCA_2020/WCA_2020_new_doc/IND_REP_ENG_2015_2016.pdf | archived_sha256=fb01bcb922a38ef964a2ca2fddada5540426bf5b06317d931425ae8d699d6405,archived a1_extract.py/a1b_gender.py; shares independently recomputed from numeric CSV,percentage share (0-100); raw operated area in thousand hectares,All Classes total for Himachal Pradesh/All/area=944,25.6355932203,23.6228813559,raw Small=242; raw Semi-medium=223; construction fact=f01417; stored gap=2.01 pp,recomputed_from_archived_official_report,deterministic_source_reconstruction_v1,2026-09-13,,,,equal,c,True
AgCensus2015-16 T2-4 Himachal Pradesh/All/number/MarginalvsLarge,AgCensus2015-16,T2-4,Himachal Pradesh,All,number,MarginalvsLarge,landholding,marginal holdings,large holdings,1,1,0,0,diff,a,"Table 2, PDF pages 25,26,30",https://www.fao.org/fileadmin/templates/ess/ess_test_folder/World_Census_Agriculture/WCA_2020/WCA_2020_new_doc/IND_REP_ENG_2015_2016.pdf | archived_sha256=fb01bcb922a38ef964a2ca2fddada5540426bf5b06317d931425ae8d699d6405,archived a1_extract.py/a1b_gender.py; shares independently recomputed from numeric CSV,percentage share (0-100); raw number of holdings in thousands,All Classes total for Himachal Pradesh/All/number=997,71.4142427282,0.3009027081,raw Marginal=712; raw Large=3; construction fact=f00815; stored gap=71.11 pp,recomputed_from_archived_official_report,deterministic_source_reconstruction_v1,2026-09-13,,,,diff,a,True
AgCensus2015-16 T2-4 Himachal Pradesh/All/number/MarginalvsMedium,AgCensus2015-16,T2-4,Himachal Pradesh,All,number,MarginalvsMedium,landholding,marginal holdings,medium holdings,1,0,0,1,diff,a,"Table 2, PDF pages 25,26,29",https://www.fao.org/fileadmin/templates/ess/ess_test_folder/World_Census_Agriculture/WCA_2020/WCA_2020_new_doc/IND_REP_ENG_2015_2016.pdf | archived_sha256=fb01bcb922a38ef964a2ca2fddada5540426bf5b06317d931425ae8d699d6405,archived a1_extract.py/a1b_gender.py; shares independently recomputed from numeric CSV,percentage share (0-100); raw number of holdings in thousands,All Classes total for Himachal Pradesh/All/number=997,71.4142427282,2.6078234704,raw Marginal=712; raw Medium=26; construction fact=f00814; stored gap=68.81 pp,recomputed_from_archived_official_report,deterministic_source_reconstruction_v1,2026-09-13,,,,diff,a,True
AgCensus2015-16 T2-4 Himachal Pradesh/All/number/MarginalvsSemi-medium,AgCensus2015-16,T2-4,Himachal Pradesh,All,number,MarginalvsSemi-medium,landholding,marginal holdings,semi-medium holdings,1,1,0,0,diff,a,"Table 2, PDF pages 25,26,28",https://www.fao.org/fileadmin/templates/ess/ess_test_folder/World_Census_Agriculture/WCA_2020/WCA_2020_new_doc/IND_REP_ENG_2015_2016.pdf | archived_sha256=fb01bcb922a38ef964a2ca2fddada5540426bf5b06317d931425ae8d699d6405,archived a1_extract.py/a1b_gender.py; shares independently recomputed from numeric CSV,percentage share (0-100); raw number of holdings in thousands,All Classes total for Himachal Pradesh/All/number=997,71.4142427282,8.2246740221,raw Marginal=712; raw Semi-medium=82; construction fact=f00813; stored gap=63.19 pp,recomputed_from_archived_official_report,deterministic_source_reconstruction_v1,2026-09-13,,,,diff,a,True
AgCensus2015-16 T2-4 Himachal Pradesh/All/number/MarginalvsSmall,AgCensus2015-16,T2-4,Himachal Pradesh,All,number,MarginalvsSmall,landholding,marginal holdings,small holdings,1,0,0,1,diff,a,"Table 2, PDF pages 25,26,27",https://www.fao.org/fileadmin/templates/ess/ess_test_folder/World_Census_Agriculture/WCA_2020/WCA_2020_new_doc/IND_REP_ENG_2015_2016.pdf | archived_sha256=fb01bcb922a38ef964a2ca2fddada5540426bf5b06317d931425ae8d699d6405,archived a1_extract.py/a1b_gender.py; shares independently recomputed from numeric CSV,percentage share (0-100); raw number of holdings in thousands,All Classes total for Himachal Pradesh/All/number=997,71.4142427282,17.3520561685,raw Marginal=712; raw Small=173; construction fact=f00812; stored gap=54.06 pp,recomputed_from_archived_official_report,deterministic_source_reconstruction_v1,2026-09-13,,,,diff,a,True
AgCensus2015-16 T2-4 Himachal Pradesh/All/number/SmallvsLarge,AgCensus2015-16,T2-4,Himachal Pradesh,All,number,SmallvsLarge,landholding,small holdings,large holdings,1,1,0,0,diff,a,"Table 2, PDF pages 25,27,30",https://www.fao.org/fileadmin/templates/ess/ess_test_folder/World_Census_Agriculture/WCA_2020/WCA_2020_new_doc/IND_REP_ENG_2015_2016.pdf | archived_sha256=fb01bcb922a38ef964a2ca2fddada5540426bf5b06317d931425ae8d699d6405,archived a1_extract.py/a1b_gender.py; shares independently recomputed from numeric CSV,percentage share (0-100); raw number of holdings in thousands,All Classes total for Himachal Pradesh/All/number=997,17.3520561685,0.3009027081,raw Small=173; raw Large=3; construction fact=f00817; stored gap=17.05 pp,recomputed_from_archived_official_report,deterministic_source_reconstruction_v1,2026-09-13,,,,diff,a,True
AgCensus2015-16 T2-4 Himachal Pradesh/All/number/SmallvsMedium,AgCensus2015-16,T2-4,Himachal Pradesh,All,number,SmallvsMedium,landholding,small holdings,medium holdings,1,0,0,1,diff,a,"Table 2, PDF pages 25,27,29",https://www.fao.org/fileadmin/templates/ess/ess_test_folder/World_Census_Agriculture/WCA_2020/WCA_2020_new_doc/IND_REP_ENG_2015_2016.pdf | archived_sha256=fb01bcb922a38ef964a2ca2fddada5540426bf5b06317d931425ae8d699d6405,archived a1_extract.py/a1b_gender.py; shares independently recomputed from numeric CSV,percentage share (0-100); raw number of holdings in thousands,All Classes total for Himachal Pradesh/All/number=997,17.3520561685,2.6078234704,raw Small=173; raw Medium=26; construction fact=f00816; stored gap=14.74 pp,recomputed_from_archived_official_report,deterministic_source_reconstruction_v1,2026-09-13,,,,diff,a,True
AgCensus2015-16 T2-4 Himachal Pradesh/Large/area/SCvsOthers,AgCensus2015-16,T2-4,Himachal Pradesh,Large,area,SCvsOthers,social_group,Scheduled Castes,Other social groups,1,1,0,0,diff,b,"Tables 2-4, PDF pages 30,36,42",https://www.fao.org/fileadmin/templates/ess/ess_test_folder/World_Census_Agriculture/WCA_2020/WCA_2020_new_doc/IND_REP_ENG_2015_2016.pdf | archived_sha256=fb01bcb922a38ef964a2ca2fddada5540426bf5b06317d931425ae8d699d6405,archived a1_extract.py/a1b_gender.py; shares independently recomputed from numeric CSV,percentage share (0-100); raw operated area in thousand hectares,All-social-groups total for Himachal Pradesh/Large/area=47,2.1276595745,95.7446808511,raw SC=1; raw Others=45; construction fact=f00462; stored gap=93.62 pp,recomputed_from_archived_official_report,deterministic_source_reconstruction_v1,2026-09-13,,,,diff,b,True
AgCensus2015-16 T2-4 Himachal Pradesh/Large/area/STvsOthers,AgCensus2015-16,T2-4,Himachal Pradesh,Large,area,STvsOthers,social_group,Scheduled Tribes,Other social groups,1,1,0,0,diff,b,"Tables 2-4, PDF pages 30,36,42",https://www.fao.org/fileadmin/templates/ess/ess_test_folder/World_Census_Agriculture/WCA_2020/WCA_2020_new_doc/IND_REP_ENG_2015_2016.pdf | archived_sha256=fb01bcb922a38ef964a2ca2fddada5540426bf5b06317d931425ae8d699d6405,archived a1_extract.py/a1b_gender.py; shares independently recomputed from numeric CSV,percentage share (0-100); raw operated area in thousand hectares,All-social-groups total for Himachal Pradesh/Large/area=47,2.1276595745,95.7446808511,raw ST=1; raw Others=45; construction fact=f00463; stored gap=93.62 pp,recomputed_from_archived_official_report,deterministic_source_reconstruction_v1,2026-09-13,,,,diff,b,True
AgCensus2015-16 T2-4 Himachal Pradesh/Marginal/area/SCvsOthers,AgCensus2015-16,T2-4,Himachal Pradesh,Marginal,area,SCvsOthers,social_group,Scheduled Castes,Other social groups,1,1,0,0,diff,b,"Tables 2-4, PDF pages 26,32,38",https://www.fao.org/fileadmin/templates/ess/ess_test_folder/World_Census_Agriculture/WCA_2020/WCA_2020_new_doc/IND_REP_ENG_2015_2016.pdf | archived_sha256=fb01bcb922a38ef964a2ca2fddada5540426bf5b06317d931425ae8d699d6405,archived a1_extract.py/a1b_gender.py; shares independently recomputed from numeric CSV,percentage share (0-100); raw operated area in thousand hectares,All-social-groups total for Himachal Pradesh/Marginal/area=285,24.2105263158,69.8245614035,raw SC=69; raw Others=199; construction fact=f00465; stored gap=45.61 pp,recomputed_from_archived_official_report,deterministic_source_reconstruction_v1,2026-09-13,,,,diff,b,True
AgCensus2015-16 T2-4 Himachal Pradesh/Marginal/area/SCvsST,AgCensus2015-16,T2-4,Himachal Pradesh,Marginal,area,SCvsST,social_group,Scheduled Castes,Scheduled Tribes,1,1,0,0,diff,a,"Tables 2-4, PDF pages 26,32,38",https://www.fao.org/fileadmin/templates/ess/ess_test_folder/World_Census_Agriculture/WCA_2020/WCA_2020_new_doc/IND_REP_ENG_2015_2016.pdf | archived_sha256=fb01bcb922a38ef964a2ca2fddada5540426bf5b06317d931425ae8d699d6405,archived a1_extract.py/a1b_gender.py; shares independently recomputed from numeric CSV,percentage share (0-100); raw operated area in thousand hectares,All-social-groups total for Himachal Pradesh/Marginal/area=285,24.2105263158,5.9649122807,raw SC=69; raw ST=17; construction fact=f00464; stored gap=18.25 pp,recomputed_from_archived_official_report,deterministic_source_reconstruction_v1,2026-09-13,,,,diff,a,True
AgCensus2015-16 T2-4 Himachal Pradesh/Marginal/area/STvsOthers,AgCensus2015-16,T2-4,Himachal Pradesh,Marginal,area,STvsOthers,social_group,Scheduled Tribes,Other social groups,1,0,0,1,diff,b,"Tables 2-4, PDF pages 26,32,38",https://www.fao.org/fileadmin/templates/ess/ess_test_folder/World_Census_Agriculture/WCA_2020/WCA_2020_new_doc/IND_REP_ENG_2015_2016.pdf | archived_sha256=fb01bcb922a38ef964a2ca2fddada5540426bf5b06317d931425ae8d699d6405,archived a1_extract.py/a1b_gender.py; shares independently recomputed from numeric CSV,percentage share (0-100); raw operated area in thousand hectares,All-social-groups total for Himachal Pradesh/Marginal/area=285,5.9649122807,69.8245614035,raw ST=17; raw Others=199; construction fact=f00466; stored gap=63.86 pp,recomputed_from_archived_official_report,deterministic_source_reconstruction_v1,2026-09-13,,,,diff,b,True
AgCensus2015-16 T2-4 Himachal Pradesh/Marginal/number/SCvsOthers,AgCensus2015-16,T2-4,Himachal Pradesh,Marginal,number,SCvsOthers,social_group,Scheduled Castes,Other social groups,1,0,0,1,diff,b,"Tables 2-4, PDF pages 26,32,38",https://www.fao.org/fileadmin/templates/ess/ess_test_folder/World_Census_Agriculture/WCA_2020/WCA_2020_new_doc/IND_REP_ENG_2015_2016.pdf | archived_sha256=fb01bcb922a38ef964a2ca2fddada5540426bf5b06317d931425ae8d699d6405,archived a1_extract.py/a1b_gender.py; shares independently recomputed from numeric CSV,percentage share (0-100); raw number of holdings in thousands,All-social-groups total for Himachal Pradesh/Marginal/number=712,26.1235955056,67.9775280899,raw SC=186; raw Others=484; construction fact=f00102; stored gap=41.85 pp,recomputed_from_archived_official_report,deterministic_source_reconstruction_v1,2026-09-13,,,,diff,b,True
AgCensus2015-16 T2-4 Himachal Pradesh/Marginal/number/SCvsST,AgCensus2015-16,T2-4,Himachal Pradesh,Marginal,number,SCvsST,social_group,Scheduled Castes,Scheduled Tribes,1,0,0,1,diff,a,"Tables 2-4, PDF pages 26,32,38",https://www.fao.org/fileadmin/templates/ess/ess_test_folder/World_Census_Agriculture/WCA_2020/WCA_2020_new_doc/IND_REP_ENG_2015_2016.pdf | archived_sha256=fb01bcb922a38ef964a2ca2fddada5540426bf5b06317d931425ae8d699d6405,archived a1_extract.py/a1b_gender.py; shares independently recomputed from numeric CSV,percentage share (0-100); raw number of holdings in thousands,All-social-groups total for Himachal Pradesh/Marginal/number=712,26.1235955056,5.8988764045,raw SC=186; raw ST=42; construction fact=f00101; stored gap=20.22 pp,recomputed_from_archived_official_report,deterministic_source_reconstruction_v1,2026-09-13,,,,diff,a,True
AgCensus2015-16 T2-4 Himachal Pradesh/Marginal/number/STvsOthers,AgCensus2015-16,T2-4,Himachal Pradesh,Marginal,number,STvsOthers,social_group,Scheduled Tribes,Other social groups,1,1,0,0,diff,b,"Tables 2-4, PDF pages 26,32,38",https://www.fao.org/fileadmin/templates/ess/ess_test_folder/World_Census_Agriculture/WCA_2020/WCA_2020_new_doc/IND_REP_ENG_2015_2016.pdf | archived_sha256=fb01bcb922a38ef964a2ca2fddada5540426bf5b06317d931425ae8d699d6405,archived a1_extract.py/a1b_gender.py; shares independently recomputed from numeric CSV,percentage share (0-100); raw number of holdings in thousands,All-social-groups total for Himachal Pradesh/Marginal/number=712,5.8988764045,67.9775280899,raw ST=42; raw Others=484; construction fact=f00103; stored gap=62.08 pp,recomputed_from_archived_official_report,deterministic_source_reconstruction_v1,2026-09-13,,,,diff,b,True
AgCensus2015-16 T2-4 Himachal Pradesh/Medium/area/SCvsOthers,AgCensus2015-16,T2-4,Himachal Pradesh,Medium,area,SCvsOthers,social_group,Scheduled Castes,Other social groups,1,1,0,0,diff,b,"Tables 2-4, PDF pages 29,35,41",https://www.fao.org/fileadmin/templates/ess/ess_test_folder/World_Census_Agriculture/WCA_2020/WCA_2020_new_doc/IND_REP_ENG_2015_2016.pdf | archived_sha256=fb01bcb922a38ef964a2ca2fddada5540426bf5b06317d931425ae8d699d6405,archived a1_extract.py/a1b_gender.py; shares independently recomputed from numeric CSV,percentage share (0-100); raw operated area in thousand hectares,All-social-groups total for Himachal Pradesh/Medium/area=146,5.4794520548,91.0958904110,raw SC=8; raw Others=133; construction fact=f00468; stored gap=85.62 pp,recomputed_from_archived_official_report,deterministic_source_reconstruction_v1,2026-09-13,,,,diff,b,True
AgCensus2015-16 T2-4 Himachal Pradesh/Medium/area/SCvsST,AgCensus2015-16,T2-4,Himachal Pradesh,Medium,area,SCvsST,social_group,Scheduled Castes,Scheduled Tribes,8,0,8,0,equal,c,"Tables 2-4, PDF pages 29,35,41",https://www.fao.org/fileadmin/templates/ess/ess_test_folder/World_Census_Agriculture/WCA_2020/WCA_2020_new_doc/IND_REP_ENG_2015_2016.pdf | archived_sha256=fb01bcb922a38ef964a2ca2fddada5540426bf5b06317d931425ae8d699d6405,archived a1_extract.py/a1b_gender.py; shares independently recomputed from numeric CSV,percentage share (0-100); raw operated area in thousand hectares,All-social-groups total for Himachal Pradesh/Medium/area=146,5.4794520548,3.4246575342,raw SC=8; raw ST=5; construction fact=f00467; stored gap=2.05 pp,recomputed_from_archived_official_report,deterministic_source_reconstruction_v1,2026-09-13,,,,equal,c,True
AgCensus2015-16 T2-4 Himachal Pradesh/Medium/area/STvsOthers,AgCensus2015-16,T2-4,Himachal Pradesh,Medium,area,STvsOthers,social_group,Scheduled Tribes,Other social groups,1,1,0,0,diff,b,"Tables 2-4, PDF pages 29,35,41",https://www.fao.org/fileadmin/templates/ess/ess_test_folder/World_Census_Agriculture/WCA_2020/WCA_2020_new_doc/IND_REP_ENG_2015_2016.pdf | archived_sha256=fb01bcb922a38ef964a2ca2fddada5540426bf5b06317d931425ae8d699d6405,archived a1_extract.py/a1b_gender.py; shares independently recomputed from numeric CSV,percentage share (0-100); raw operated area in thousand hectares,All-social-groups total for Himachal Pradesh/Medium/area=146,3.4246575342,91.0958904110,raw ST=5; raw Others=133; construction fact=f00469; stored gap=87.67 pp,recomputed_from_archived_official_report,deterministic_source_reconstruction_v1,2026-09-13,,,,diff,b,True
AgCensus2015-16 T2-4 Himachal Pradesh/Medium/number/SCvsOthers,AgCensus2015-16,T2-4,Himachal Pradesh,Medium,number,SCvsOthers,social_group,Scheduled Castes,Other social groups,1,1,0,0,diff,b,"Tables 2-4, PDF pages 29,35,41",https://www.fao.org/fileadmin/templates/ess/ess_test_folder/World_Census_Agriculture/WCA_2020/WCA_2020_new_doc/IND_REP_ENG_2015_2016.pdf | archived_sha256=fb01bcb922a38ef964a2ca2fddada5540426bf5b06317d931425ae8d699d6405,archived a1_extract.py/a1b_gender.py; shares independently recomputed from numeric CSV,percentage share (0-100); raw number of holdings in thousands,All-social-groups total for Himachal Pradesh/Medium/number=26,3.8461538462,92.3076923077,raw SC=1; raw Others=24; construction fact=f00104; stored gap=88.46 pp,recomputed_from_archived_official_report,deterministic_source_reconstruction_v1,2026-09-13,,,,diff,b,True
AgCensus2015-16 T2-4 Himachal Pradesh/Medium/number/STvsOthers,AgCensus2015-16,T2-4,Himachal Pradesh,Medium,number,STvsOthers,social_group,Scheduled Tribes,Other social groups,1,0,0,1,diff,b,"Tables 2-4, PDF pages 29,35,41",https://www.fao.org/fileadmin/templates/ess/ess_test_folder/World_Census_Agriculture/WCA_2020/WCA_2020_new_doc/IND_REP_ENG_2015_2016.pdf | archived_sha256=fb01bcb922a38ef964a2ca2fddada5540426bf5b06317d931425ae8d699d6405,archived a1_extract.py/a1b_gender.py; shares independently recomputed from numeric CSV,percentage share (0-100); raw number of holdings in thousands,All-social-groups total for Himachal Pradesh/Medium/number=26,3.8461538462,92.3076923077,raw ST=1; raw Others=24; construction fact=f00105; stored gap=88.46 pp,recomputed_from_archived_official_report,deterministic_source_reconstruction_v1,2026-09-13,,,,diff,b,True
AgCensus2015-16 T2-4 Himachal Pradesh/SC/number/MarginalvsMedium,AgCensus2015-16,T2-4,Himachal Pradesh,SC,number,MarginalvsMedium,landholding,marginal holdings,medium holdings,1,0,0,1,diff,a,"Table 3, PDF pages 31,32,35",https://www.fao.org/fileadmin/templates/ess/ess_test_folder/World_Census_Agriculture/WCA_2020/WCA_2020_new_doc/IND_REP_ENG_2015_2016.pdf | archived_sha256=fb01bcb922a38ef964a2ca2fddada5540426bf5b06317d931425ae8d699d6405,archived a1_extract.py/a1b_gender.py; shares independently recomputed from numeric CSV,percentage share (0-100); raw number of holdings in thousands,All Classes total for Himachal Pradesh/SC/number=219,84.9315068493,0.4566210046,raw Marginal=186; raw Medium=1; construction fact=f01014; stored gap=84.47 pp,recomputed_from_archived_official_report,deterministic_source_reconstruction_v1,2026-09-13,,,,diff,a,True
AgCensus2015-16 T2-4 Himachal Pradesh/SC/number/MarginalvsSemi-medium,AgCensus2015-16,T2-4,Himachal Pradesh,SC,number,MarginalvsSemi-medium,landholding,marginal holdings,semi-medium holdings,1,0,0,1,diff,a,"Table 3, PDF pages 31,32,34",https://www.fao.org/fileadmin/templates/ess/ess_test_folder/World_Census_Agriculture/WCA_2020/WCA_2020_new_doc/IND_REP_ENG_2015_2016.pdf | archived_sha256=fb01bcb922a38ef964a2ca2fddada5540426bf5b06317d931425ae8d699d6405,archived a1_extract.py/a1b_gender.py; shares independently recomputed from numeric CSV,percentage share (0-100); raw number of holdings in thousands,All Classes total for Himachal Pradesh/SC/number=219,84.9315068493,3.1963470320,raw Marginal=186; raw Semi-medium=7; construction fact=f01013; stored gap=81.74 pp,recomputed_from_archived_official_report,deterministic_source_reconstruction_v1,2026-09-13,,,,diff,a,True
AgCensus2015-16 T2-4 Himachal Pradesh/SC/number/MarginalvsSmall,AgCensus2015-16,T2-4,Himachal Pradesh,SC,number,MarginalvsSmall,landholding,marginal holdings,small holdings,1,1,0,0,diff,a,"Table 3, PDF pages 31,32,33",https://www.fao.org/fileadmin/templates/ess/ess_test_folder/World_Census_Agriculture/WCA_2020/WCA_2020_new_doc/IND_REP_ENG_2015_2016.pdf | archived_sha256=fb01bcb922a38ef964a2ca2fddada5540426bf5b06317d931425ae8d699d6405,archived a1_extract.py/a1b_gender.py; shares independently recomputed from numeric CSV,percentage share (0-100); raw number of holdings in thousands,All Classes total for Himachal Pradesh/SC/number=219,84.9315068493,10.9589041096,raw Marginal=186; raw Small=24; construction fact=f01012; stored gap=73.97 pp,recomputed_from_archived_official_report,deterministic_source_reconstruction_v1,2026-09-13,,,,diff,a,True
AgCensus2015-16 T2-4 Himachal Pradesh/SC/number/SmallvsMedium,AgCensus2015-16,T2-4,Himachal Pradesh,SC,number,SmallvsMedium,landholding,small holdings,medium holdings,1,0,0,1,diff,a,"Table 3, PDF pages 31,33,35",https://www.fao.org/fileadmin/templates/ess/ess_test_folder/World_Census_Agriculture/WCA_2020/WCA_2020_new_doc/IND_REP_ENG_2015_2016.pdf | archived_sha256=fb01bcb922a38ef964a2ca2fddada5540426bf5b06317d931425ae8d699d6405,archived a1_extract.py/a1b_gender.py; shares independently recomputed from numeric CSV,percentage share (0-100); raw number of holdings in thousands,All Classes total for Himachal Pradesh/SC/number=219,10.9589041096,0.4566210046,raw Small=24; raw Medium=1; construction fact=f01016; stored gap=10.5 pp,recomputed_from_archived_official_report,deterministic_source_reconstruction_v1,2026-09-13,,,,diff,a,True
AgCensus2015-16 T2-4 Himachal Pradesh/ST/number/MarginalvsLarge,AgCensus2015-16,T2-4,Himachal Pradesh,ST,number,MarginalvsLarge,landholding,marginal holdings,large holdings,1,1,0,0,diff,a,"Table 4, PDF pages 37,38,42",https://www.fao.org/fileadmin/templates/ess/ess_test_folder/World_Census_Agriculture/WCA_2020/WCA_2020_new_doc/IND_REP_ENG_2015_2016.pdf | archived_sha256=fb01bcb922a38ef964a2ca2fddada5540426bf5b06317d931425ae8d699d6405,archived a1_extract.py/a1b_gender.py; shares independently recomputed from numeric CSV,percentage share (0-100); raw number of holdings in thousands,All Classes total for Himachal Pradesh/ST/number=57,73.6842105263,0.0000000000,raw Marginal=42; raw Large=0; construction fact=f01171; stored gap=73.68 pp,recomputed_from_archived_official_report,deterministic_source_reconstruction_v1,2026-09-13,,,,diff,a,True
AgCensus2015-16 T2-4 Himachal Pradesh/ST/number/MarginalvsMedium,AgCensus2015-16,T2-4,Himachal Pradesh,ST,number,MarginalvsMedium,landholding,marginal holdings,medium holdings,1,0,0,1,diff,a,"Table 4, PDF pages 37,38,41",https://www.fao.org/fileadmin/templates/ess/ess_test_folder/World_Census_Agriculture/WCA_2020/WCA_2020_new_doc/IND_REP_ENG_2015_2016.pdf | archived_sha256=fb01bcb922a38ef964a2ca2fddada5540426bf5b06317d931425ae8d699d6405,archived a1_extract.py/a1b_gender.py; shares independently recomputed from numeric CSV,percentage share (0-100); raw number of holdings in thousands,All Classes total for Himachal Pradesh/ST/number=57,73.6842105263,1.7543859649,raw Marginal=42; raw Medium=1; construction fact=f01170; stored gap=71.93 pp,recomputed_from_archived_official_report,deterministic_source_reconstruction_v1,2026-09-13,,,,diff,a,True
AgCensus2015-16 T2-4 Himachal Pradesh/ST/number/MarginalvsSemi-medium,AgCensus2015-16,T2-4,Himachal Pradesh,ST,number,MarginalvsSemi-medium,landholding,marginal holdings,semi-medium holdings,1,1,0,0,diff,a,"Table 4, PDF pages 37,38,40",https://www.fao.org/fileadmin/templates/ess/ess_test_folder/World_Census_Agriculture/WCA_2020/WCA_2020_new_doc/IND_REP_ENG_2015_2016.pdf | archived_sha256=fb01bcb922a38ef964a2ca2fddada5540426bf5b06317d931425ae8d699d6405,archived a1_extract.py/a1b_gender.py; shares independently recomputed from numeric CSV,percentage share (0-100); raw number of holdings in thousands,All Classes total for Himachal Pradesh/ST/number=57,73.6842105263,7.0175438596,raw Marginal=42; raw Semi-medium=4; construction fact=f01169; stored gap=66.67 pp,recomputed_from_archived_official_report,deterministic_source_reconstruction_v1,2026-09-13,,,,diff,a,True
AgCensus2015-16 T2-4 Himachal Pradesh/ST/number/MarginalvsSmall,AgCensus2015-16,T2-4,Himachal Pradesh,ST,number,MarginalvsSmall,landholding,marginal holdings,small holdings,1,1,0,0,diff,a,"Table 4, PDF pages 37,38,39",https://www.fao.org/fileadmin/templates/ess/ess_test_folder/World_Census_Agriculture/WCA_2020/WCA_2020_new_doc/IND_REP_ENG_2015_2016.pdf | archived_sha256=fb01bcb922a38ef964a2ca2fddada5540426bf5b06317d931425ae8d699d6405,archived a1_extract.py/a1b_gender.py; shares independently recomputed from numeric CSV,percentage share (0-100); raw number of holdings in thousands,All Classes total for Himachal Pradesh/ST/number=57,73.6842105263,17.5438596491,raw Marginal=42; raw Small=10; construction fact=f01168; stored gap=56.14 pp,recomputed_from_archived_official_report,deterministic_source_reconstruction_v1,2026-09-13,,,,diff,a,True
AgCensus2015-16 T2-4 Himachal Pradesh/ST/number/SmallvsLarge,AgCensus2015-16,T2-4,Himachal Pradesh,ST,number,SmallvsLarge,landholding,small holdings,large holdings,1,0,0,1,diff,a,"Table 4, PDF pages 37,39,42",https://www.fao.org/fileadmin/templates/ess/ess_test_folder/World_Census_Agriculture/WCA_2020/WCA_2020_new_doc/IND_REP_ENG_2015_2016.pdf | archived_sha256=fb01bcb922a38ef964a2ca2fddada5540426bf5b06317d931425ae8d699d6405,archived a1_extract.py/a1b_gender.py; shares independently recomputed from numeric CSV,percentage share (0-100); raw number of holdings in thousands,All Classes total for Himachal Pradesh/ST/number=57,17.5438596491,0.0000000000,raw Small=10; raw Large=0; construction fact=f01174; stored gap=17.54 pp,recomputed_from_archived_official_report,deterministic_source_reconstruction_v1,2026-09-13,,,,diff,a,True
AgCensus2015-16 T2-4 Himachal Pradesh/ST/number/SmallvsMedium,AgCensus2015-16,T2-4,Himachal Pradesh,ST,number,SmallvsMedium,landholding,small holdings,medium holdings,1,1,0,0,diff,a,"Table 4, PDF pages 37,39,41",https://www.fao.org/fileadmin/templates/ess/ess_test_folder/World_Census_Agriculture/WCA_2020/WCA_2020_new_doc/IND_REP_ENG_2015_2016.pdf | archived_sha256=fb01bcb922a38ef964a2ca2fddada5540426bf5b06317d931425ae8d699d6405,archived a1_extract.py/a1b_gender.py; shares independently recomputed from numeric CSV,percentage share (0-100); raw number of holdings in thousands,All Classes total for Himachal Pradesh/ST/number=57,17.5438596491,1.7543859649,raw Small=10; raw Medium=1; construction fact=f01173; stored gap=15.79 pp,recomputed_from_archived_official_report,deterministic_source_reconstruction_v1,2026-09-13,,,,diff,a,True
AgCensus2015-16 T2-4 Himachal Pradesh/ST/number/SmallvsSemi-medium,AgCensus2015-16,T2-4,Himachal Pradesh,ST,number,SmallvsSemi-medium,landholding,small holdings,semi-medium holdings,1,1,0,0,diff,a,"Table 4, PDF pages 37,39,40",https://www.fao.org/fileadmin/templates/ess/ess_test_folder/World_Census_Agriculture/WCA_2020/WCA_2020_new_doc/IND_REP_ENG_2015_2016.pdf | archived_sha256=fb01bcb922a38ef964a2ca2fddada5540426bf5b06317d931425ae8d699d6405,archived a1_extract.py/a1b_gender.py; shares independently recomputed from numeric CSV,percentage share (0-100); raw number of holdings in thousands,All Classes total for Himachal Pradesh/ST/number=57,17.5438596491,7.0175438596,raw Small=10; raw Semi-medium=4; construction fact=f01172; stored gap=10.53 pp,recomputed_from_archived_official_report,deterministic_source_reconstruction_v1,2026-09-13,,,,diff,a,True
AgCensus2015-16 T2-4 Himachal Pradesh/Semi-medium/area/SCvsOthers,AgCensus2015-16,T2-4,Himachal Pradesh,Semi-medium,area,SCvsOthers,social_group,Scheduled Castes,Other social groups,1,1,0,0,diff,b,"Tables 2-4, PDF pages 28,34,40",https://www.fao.org/fileadmin/templates/ess/ess_test_folder/World_Census_Agriculture/WCA_2020/WCA_2020_new_doc/IND_REP_ENG_2015_2016.pdf | archived_sha256=fb01bcb922a38ef964a2ca2fddada5540426bf5b06317d931425ae8d699d6405,archived a1_extract.py/a1b_gender.py; shares independently recomputed from numeric CSV,percentage share (0-100); raw operated area in thousand hectares,All-social-groups total for Himachal Pradesh/Semi-medium/area=223,8.9686098655,85.6502242152,raw SC=20; raw Others=191; construction fact=f00471; stored gap=76.68 pp,recomputed_from_archived_official_report,deterministic_source_reconstruction_v1,2026-09-13,,,,diff,b,True
AgCensus2015-16 T2-4 Himachal Pradesh/Semi-medium/area/SCvsST,AgCensus2015-16,T2-4,Himachal Pradesh,Semi-medium,area,SCvsST,social_group,Scheduled Castes,Scheduled Tribes,8,8,0,0,equal,c,"Tables 2-4, PDF pages 28,34,40",https://www.fao.org/fileadmin/templates/ess/ess_test_folder/World_Census_Agriculture/WCA_2020/WCA_2020_new_doc/IND_REP_ENG_2015_2016.pdf | archived_sha256=fb01bcb922a38ef964a2ca2fddada5540426bf5b06317d931425ae8d699d6405,archived a1_extract.py/a1b_gender.py; shares independently recomputed from numeric CSV,percentage share (0-100); raw operated area in thousand hectares,All-social-groups total for Himachal Pradesh/Semi-medium/area=223,8.9686098655,5.3811659193,raw SC=20; raw ST=12; construction fact=f00470; stored gap=3.59 pp,recomputed_from_archived_official_report,deterministic_source_reconstruction_v1,2026-09-13,,,,equal,c,True
AgCensus2015-16 T2-4 Himachal Pradesh/Semi-medium/area/STvsOthers,AgCensus2015-16,T2-4,Himachal Pradesh,Semi-medium,area,STvsOthers,social_group,Scheduled Tribes,Other social groups,1,1,0,0,diff,b,"Tables 2-4, PDF pages 28,34,40",https://www.fao.org/fileadmin/templates/ess/ess_test_folder/World_Census_Agriculture/WCA_2020/WCA_2020_new_doc/IND_REP_ENG_2015_2016.pdf | archived_sha256=fb01bcb922a38ef964a2ca2fddada5540426bf5b06317d931425ae8d699d6405,archived a1_extract.py/a1b_gender.py; shares independently recomputed from numeric CSV,percentage share (0-100); raw operated area in thousand hectares,All-social-groups total for Himachal Pradesh/Semi-medium/area=223,5.3811659193,85.6502242152,raw ST=12; raw Others=191; construction fact=f00472; stored gap=80.27 pp,recomputed_from_archived_official_report,deterministic_source_reconstruction_v1,2026-09-13,,,,diff,b,True
AgCensus2015-16 T2-4 Himachal Pradesh/Semi-medium/number/SCvsOthers,AgCensus2015-16,T2-4,Himachal Pradesh,Semi-medium,number,SCvsOthers,social_group,Scheduled Castes,Other social groups,1,1,0,0,diff,b,"Tables 2-4, PDF pages 28,34,40",https://www.fao.org/fileadmin/templates/ess/ess_test_folder/World_Census_Agriculture/WCA_2020/WCA_2020_new_doc/IND_REP_ENG_2015_2016.pdf | archived_sha256=fb01bcb922a38ef964a2ca2fddada5540426bf5b06317d931425ae8d699d6405,archived a1_extract.py/a1b_gender.py; shares independently recomputed from numeric CSV,percentage share (0-100); raw number of holdings in thousands,All-social-groups total for Himachal Pradesh/Semi-medium/number=82,8.5365853659,86.5853658537,raw SC=7; raw Others=71; construction fact=f00107; stored gap=78.05 pp,recomputed_from_archived_official_report,deterministic_source_reconstruction_v1,2026-09-13,,,,diff,b,True
AgCensus2015-16 T2-4 Himachal Pradesh/Semi-medium/number/SCvsST,AgCensus2015-16,T2-4,Himachal Pradesh,Semi-medium,number,SCvsST,social_group,Scheduled Castes,Scheduled Tribes,8,0,0,8,equal,c,"Tables 2-4, PDF pages 28,34,40",https://www.fao.org/fileadmin/templates/ess/ess_test_folder/World_Census_Agriculture/WCA_2020/WCA_2020_new_doc/IND_REP_ENG_2015_2016.pdf | archived_sha256=fb01bcb922a38ef964a2ca2fddada5540426bf5b06317d931425ae8d699d6405,archived a1_extract.py/a1b_gender.py; shares independently recomputed from numeric CSV,percentage share (0-100); raw number of holdings in thousands,All-social-groups total for Himachal Pradesh/Semi-medium/number=82,8.5365853659,4.8780487805,raw SC=7; raw ST=4; construction fact=f00106; stored gap=3.66 pp,recomputed_from_archived_official_report,deterministic_source_reconstruction_v1,2026-09-13,,,,equal,c,True
AgCensus2015-16 T2-4 Himachal Pradesh/Semi-medium/number/STvsOthers,AgCensus2015-16,T2-4,Himachal Pradesh,Semi-medium,number,STvsOthers,social_group,Scheduled Tribes,Other social groups,1,1,0,0,diff,b,"Tables 2-4, PDF pages 28,34,40",https://www.fao.org/fileadmin/templates/ess/ess_test_folder/World_Census_Agriculture/WCA_2020/WCA_2020_new_doc/IND_REP_ENG_2015_2016.pdf | archived_sha256=fb01bcb922a38ef964a2ca2fddada5540426bf5b06317d931425ae8d699d6405,archived a1_extract.py/a1b_gender.py; shares independently recomputed from numeric CSV,percentage share (0-100); raw number of holdings in thousands,All-social-groups total for Himachal Pradesh/Semi-medium/number=82,4.8780487805,86.5853658537,raw ST=4; raw Others=71; construction fact=f00108; stored gap=81.71 pp,recomputed_from_archived_official_report,deterministic_source_reconstruction_v1,2026-09-13,,,,diff,b,True
AgCensus2015-16 T2-4 Himachal Pradesh/Small/area/SCvsOthers,AgCensus2015-16,T2-4,Himachal Pradesh,Small,area,SCvsOthers,social_group,Scheduled Castes,Other social groups,1,0,0,1,diff,b,"Tables 2-4, PDF pages 27,33,39",https://www.fao.org/fileadmin/templates/ess/ess_test_folder/World_Census_Agriculture/WCA_2020/WCA_2020_new_doc/IND_REP_ENG_2015_2016.pdf | archived_sha256=fb01bcb922a38ef964a2ca2fddada5540426bf5b06317d931425ae8d699d6405,archived a1_extract.py/a1b_gender.py; shares independently recomputed from numeric CSV,percentage share (0-100); raw operated area in thousand hectares,All-social-groups total for Himachal Pradesh/Small/area=242,13.6363636364,80.5785123967,raw SC=33; raw Others=195; construction fact=f00473; stored gap=66.94 pp,recomputed_from_archived_official_report,deterministic_source_reconstruction_v1,2026-09-13,,,,diff,b,True
AgCensus2015-16 T2-4 Himachal Pradesh/Small/area/STvsOthers,AgCensus2015-16,T2-4,Himachal Pradesh,Small,area,STvsOthers,social_group,Scheduled Tribes,Other social groups,1,0,0,1,diff,b,"Tables 2-4, PDF pages 27,33,39",https://www.fao.org/fileadmin/templates/ess/ess_test_folder/World_Census_Agriculture/WCA_2020/WCA_2020_new_doc/IND_REP_ENG_2015_2016.pdf | archived_sha256=fb01bcb922a38ef964a2ca2fddada5540426bf5b06317d931425ae8d699d6405,archived a1_extract.py/a1b_gender.py; shares independently recomputed from numeric CSV,percentage share (0-100); raw operated area in thousand hectares,All-social-groups total for Himachal Pradesh/Small/area=242,5.7851239669,80.5785123967,raw ST=14; raw Others=195; construction fact=f00474; stored gap=74.79 pp,recomputed_from_archived_official_report,deterministic_source_reconstruction_v1,2026-09-13,,,,diff,b,True
AgCensus2015-16 T2-4 Himachal Pradesh/Small/number/SCvsOthers,AgCensus2015-16,T2-4,Himachal Pradesh,Small,number,SCvsOthers,social_group,Scheduled Castes,Other social groups,1,0,0,1,diff,b,"Tables 2-4, PDF pages 27,33,39",https://www.fao.org/fileadmin/templates/ess/ess_test_folder/World_Census_Agriculture/WCA_2020/WCA_2020_new_doc/IND_REP_ENG_2015_2016.pdf | archived_sha256=fb01bcb922a38ef964a2ca2fddada5540426bf5b06317d931425ae8d699d6405,archived a1_extract.py/a1b_gender.py; shares independently recomputed from numeric CSV,percentage share (0-100); raw number of holdings in thousands,All-social-groups total for Himachal Pradesh/Small/number=173,13.8728323699,80.3468208092,raw SC=24; raw Others=139; construction fact=f00109; stored gap=66.47 pp,recomputed_from_archived_official_report,deterministic_source_reconstruction_v1,2026-09-13,,,,diff,b,True
AgCensus2015-16 T2-4 Himachal Pradesh/Small/number/STvsOthers,AgCensus2015-16,T2-4,Himachal Pradesh,Small,number,STvsOthers,social_group,Scheduled Tribes,Other social groups,1,1,0,0,diff,b,"Tables 2-4, PDF pages 27,33,39",https://www.fao.org/fileadmin/templates/ess/ess_test_folder/World_Census_Agriculture/WCA_2020/WCA_2020_new_doc/IND_REP_ENG_2015_2016.pdf | archived_sha256=fb01bcb922a38ef964a2ca2fddada5540426bf5b06317d931425ae8d699d6405,archived a1_extract.py/a1b_gender.py; shares independently recomputed from numeric CSV,percentage share (0-100); raw number of holdings in thousands,All-social-groups total for Himachal Pradesh/Small/number=173,5.7803468208,80.3468208092,raw ST=10; raw Others=139; construction fact=f00110; stored gap=74.57 pp,recomputed_from_archived_official_report,deterministic_source_reconstruction_v1,2026-09-13,,,,diff,b,True
AgCensus2015-16 T2-4 Jammu & Kashmir/All Classes/area/SCvsOthers,AgCensus2015-16,T2-4,Jammu & Kashmir,All Classes,area,SCvsOthers,social_group,Scheduled Castes,Other social groups,1,0,0,1,diff,b,"Tables 2-4, PDF pages 25,31,37",https://www.fao.org/fileadmin/templates/ess/ess_test_folder/World_Census_Agriculture/WCA_2020/WCA_2020_new_doc/IND_REP_ENG_2015_2016.pdf | archived_sha256=fb01bcb922a38ef964a2ca2fddada5540426bf5b06317d931425ae8d699d6405,archived a1_extract.py/a1b_gender.py; shares independently recomputed from numeric CSV,percentage share (0-100); raw operated area in thousand hectares,All-social-groups total for Jammu & Kashmir/All Classes/area=842,7.6009501188,76.3657957245,raw SC=64; raw Others=643; construction fact=f00475; stored gap=68.76 pp,recomputed_from_archived_official_report,deterministic_source_reconstruction_v1,2026-09-13,,,,diff,b,True
AgCensus2015-16 T2-4 Jammu & Kashmir/All Classes/area/STvsOthers,AgCensus2015-16,T2-4,Jammu & Kashmir,All Classes,area,STvsOthers,social_group,Scheduled Tribes,Other social groups,1,0,0,1,diff,b,"Tables 2-4, PDF pages 25,31,37",https://www.fao.org/fileadmin/templates/ess/ess_test_folder/World_Census_Agriculture/WCA_2020/WCA_2020_new_doc/IND_REP_ENG_2015_2016.pdf | archived_sha256=fb01bcb922a38ef964a2ca2fddada5540426bf5b06317d931425ae8d699d6405,archived a1_extract.py/a1b_gender.py; shares independently recomputed from numeric CSV,percentage share (0-100); raw operated area in thousand hectares,All-social-groups total for Jammu & Kashmir/All Classes/area=842,16.0332541568,76.3657957245,raw ST=135; raw Others=643; construction fact=f00476; stored gap=60.33 pp,recomputed_from_archived_official_report,deterministic_source_reconstruction_v1,2026-09-13,,,,diff,b,True
AgCensus2015-16 T2-4 Jammu & Kashmir/All Classes/number/SCvsOthers,AgCensus2015-16,T2-4,Jammu & Kashmir,All Classes,number,SCvsOthers,social_group,Scheduled Castes,Other social groups,1,0,0,1,diff,b,"Tables 2-4, PDF pages 25,31,37",https://www.fao.org/fileadmin/templates/ess/ess_test_folder/World_Census_Agriculture/WCA_2020/WCA_2020_new_doc/IND_REP_ENG_2015_2016.pdf | archived_sha256=fb01bcb922a38ef964a2ca2fddada5540426bf5b06317d931425ae8d699d6405,archived a1_extract.py/a1b_gender.py; shares independently recomputed from numeric CSV,percentage share (0-100); raw number of holdings in thousands,All-social-groups total for Jammu & Kashmir/All Classes/number=1417,6.9865913903,78.2639378970,raw SC=99; raw Others=1109; construction fact=f00111; stored gap=71.28 pp,recomputed_from_archived_official_report,deterministic_source_reconstruction_v1,2026-09-13,,,,diff,b,True
AgCensus2015-16 T2-4 Jammu & Kashmir/All Classes/number/STvsOthers,AgCensus2015-16,T2-4,Jammu & Kashmir,All Classes,number,STvsOthers,social_group,Scheduled Tribes,Other social groups,1,1,0,0,diff,b,"Tables 2-4, PDF pages 25,31,37",https://www.fao.org/fileadmin/templates/ess/ess_test_folder/World_Census_Agriculture/WCA_2020/WCA_2020_new_doc/IND_REP_ENG_2015_2016.pdf | archived_sha256=fb01bcb922a38ef964a2ca2fddada5540426bf5b06317d931425ae8d699d6405,archived a1_extract.py/a1b_gender.py; shares independently recomputed from numeric CSV,percentage share (0-100); raw number of holdings in thousands,All-social-groups total for Jammu & Kashmir/All Classes/number=1417,14.7494707128,78.2639378970,raw ST=209; raw Others=1109; construction fact=f00112; stored gap=63.51 pp,recomputed_from_archived_official_report,deterministic_source_reconstruction_v1,2026-09-13,,,,diff,b,True
AgCensus2015-16 T2-4 Jammu & Kashmir/All/number/MarginalvsLarge,AgCensus2015-16,T2-4,Jammu & Kashmir,All,number,MarginalvsLarge,landholding,marginal holdings,large holdings,1,1,0,0,diff,a,"Table 2, PDF pages 25,26,30",https://www.fao.org/fileadmin/templates/ess/ess_test_folder/World_Census_Agriculture/WCA_2020/WCA_2020_new_doc/IND_REP_ENG_2015_2016.pdf | archived_sha256=fb01bcb922a38ef964a2ca2fddada5540426bf5b06317d931425ae8d699d6405,archived a1_extract.py/a1b_gender.py; shares independently recomputed from numeric CSV,percentage share (0-100); raw number of holdings in thousands,All Classes total for Jammu & Kashmir/All/number=1417,83.7685250529,0.0705716302,raw Marginal=1187; raw Large=1; construction fact=f00821; stored gap=83.7 pp,recomputed_from_archived_official_report,deterministic_source_reconstruction_v1,2026-09-13,,,,diff,a,True
AgCensus2015-16 T2-4 Jammu & Kashmir/All/number/MarginalvsMedium,AgCensus2015-16,T2-4,Jammu & Kashmir,All,number,MarginalvsMedium,landholding,marginal holdings,medium holdings,1,1,0,0,diff,a,"Table 2, PDF pages 25,26,29",https://www.fao.org/fileadmin/templates/ess/ess_test_folder/World_Census_Agriculture/WCA_2020/WCA_2020_new_doc/IND_REP_ENG_2015_2016.pdf | archived_sha256=fb01bcb922a38ef964a2ca2fddada5540426bf5b06317d931425ae8d699d6405,archived a1_extract.py/a1b_gender.py; shares independently recomputed from numeric CSV,percentage share (0-100); raw number of holdings in thousands,All Classes total for Jammu & Kashmir/All/number=1417,83.7685250529,0.7762879323,raw Marginal=1187; raw Medium=11; construction fact=f00820; stored gap=82.99 pp,recomputed_from_archived_official_report,deterministic_source_reconstruction_v1,2026-09-13,,,,diff,a,True
AgCensus2015-16 T2-4 Jammu & Kashmir/All/number/MarginalvsSemi-medium,AgCensus2015-16,T2-4,Jammu & Kashmir,All,number,MarginalvsSemi-medium,landholding,marginal holdings,semi-medium holdings,1,1,0,0,diff,a,"Table 2, PDF pages 25,26,28",https://www.fao.org/fileadmin/templates/ess/ess_test_folder/World_Census_Agriculture/WCA_2020/WCA_2020_new_doc/IND_REP_ENG_2015_2016.pdf | archived_sha256=fb01bcb922a38ef964a2ca2fddada5540426bf5b06317d931425ae8d699d6405,archived a1_extract.py/a1b_gender.py; shares independently recomputed from numeric CSV,percentage share (0-100); raw number of holdings in thousands,All Classes total for Jammu & Kashmir/All/number=1417,83.7685250529,4.0931545519,raw Marginal=1187; raw Semi-medium=58; construction fact=f00819; stored gap=79.68 pp,recomputed_from_archived_official_report,deterministic_source_reconstruction_v1,2026-09-13,,,,diff,a,True
AgCensus2015-16 T2-4 Jammu & Kashmir/All/number/MarginalvsSmall,AgCensus2015-16,T2-4,Jammu & Kashmir,All,number,MarginalvsSmall,landholding,marginal holdings,small holdings,1,1,0,0,diff,a,"Table 2, PDF pages 25,26,27",https://www.fao.org/fileadmin/templates/ess/ess_test_folder/World_Census_Agriculture/WCA_2020/WCA_2020_new_doc/IND_REP_ENG_2015_2016.pdf | archived_sha256=fb01bcb922a38ef964a2ca2fddada5540426bf5b06317d931425ae8d699d6405,archived a1_extract.py/a1b_gender.py; shares independently recomputed from numeric CSV,percentage share (0-100); raw number of holdings in thousands,All Classes total for Jammu & Kashmir/All/number=1417,83.7685250529,11.2914608327,raw Marginal=1187; raw Small=160; construction fact=f00818; stored gap=72.48 pp,recomputed_from_archived_official_report,deterministic_source_reconstruction_v1,2026-09-13,,,,diff,a,True
AgCensus2015-16 T2-4 Jammu & Kashmir/All/number/SmallvsLarge,AgCensus2015-16,T2-4,Jammu & Kashmir,All,number,SmallvsLarge,landholding,small holdings,large holdings,1,1,0,0,diff,a,"Table 2, PDF pages 25,27,30",https://www.fao.org/fileadmin/templates/ess/ess_test_folder/World_Census_Agriculture/WCA_2020/WCA_2020_new_doc/IND_REP_ENG_2015_2016.pdf | archived_sha256=fb01bcb922a38ef964a2ca2fddada5540426bf5b06317d931425ae8d699d6405,archived a1_extract.py/a1b_gender.py; shares independently recomputed from numeric CSV,percentage share (0-100); raw number of holdings in thousands,All Classes total for Jammu & Kashmir/All/number=1417,11.2914608327,0.0705716302,raw Small=160; raw Large=1; construction fact=f00823; stored gap=11.22 pp,recomputed_from_archived_official_report,deterministic_source_reconstruction_v1,2026-09-13,,,,diff,a,True
AgCensus2015-16 T2-4 Jammu & Kashmir/All/number/SmallvsMedium,AgCensus2015-16,T2-4,Jammu & Kashmir,All,number,SmallvsMedium,landholding,small holdings,medium holdings,1,1,0,0,diff,a,"Table 2, PDF pages 25,27,29",https://www.fao.org/fileadmin/templates/ess/ess_test_folder/World_Census_Agriculture/WCA_2020/WCA_2020_new_doc/IND_REP_ENG_2015_2016.pdf | archived_sha256=fb01bcb922a38ef964a2ca2fddada5540426bf5b06317d931425ae8d699d6405,archived a1_extract.py/a1b_gender.py; shares independently recomputed from numeric CSV,percentage share (0-100); raw number of holdings in thousands,All Classes total for Jammu & Kashmir/All/number=1417,11.2914608327,0.7762879323,raw Small=160; raw Medium=11; construction fact=f00822; stored gap=10.52 pp,recomputed_from_archived_official_report,deterministic_source_reconstruction_v1,2026-09-13,,,,diff,a,True
AgCensus2015-16 T2-4 Jammu & Kashmir/Marginal/area/SCvsOthers,AgCensus2015-16,T2-4,Jammu & Kashmir,Marginal,area,SCvsOthers,social_group,Scheduled Castes,Other social groups,1,1,0,0,diff,b,"Tables 2-4, PDF pages 26,32,38",https://www.fao.org/fileadmin/templates/ess/ess_test_folder/World_Census_Agriculture/WCA_2020/WCA_2020_new_doc/IND_REP_ENG_2015_2016.pdf | archived_sha256=fb01bcb922a38ef964a2ca2fddada5540426bf5b06317d931425ae8d699d6405,archived a1_extract.py/a1b_gender.py; shares independently recomputed from numeric CSV,percentage share (0-100); raw operated area in thousand hectares,All-social-groups total for Jammu & Kashmir/Marginal/area=397,7.3047858942,77.5818639798,raw SC=29; raw Others=308; construction fact=f00477; stored gap=70.28 pp,recomputed_from_archived_official_report,deterministic_source_reconstruction_v1,2026-09-13,,,,diff,b,True
AgCensus2015-16 T2-4 Jammu & Kashmir/Marginal/area/STvsOthers,AgCensus2015-16,T2-4,Jammu & Kashmir,Marginal,area,STvsOthers,social_group,Scheduled Tribes,Other social groups,1,1,0,0,diff,b,"Tables 2-4, PDF pages 26,32,38",https://www.fao.org/fileadmin/templates/ess/ess_test_folder/World_Census_Agriculture/WCA_2020/WCA_2020_new_doc/IND_REP_ENG_2015_2016.pdf | archived_sha256=fb01bcb922a38ef964a2ca2fddada5540426bf5b06317d931425ae8d699d6405,archived a1_extract.py/a1b_gender.py; shares independently recomputed from numeric CSV,percentage share (0-100); raw operated area in thousand hectares,All-social-groups total for Jammu & Kashmir/Marginal/area=397,15.1133501259,77.5818639798,raw ST=60; raw Others=308; construction fact=f00478; stored gap=62.47 pp,recomputed_from_archived_official_report,deterministic_source_reconstruction_v1,2026-09-13,,,,diff,b,True
AgCensus2015-16 T2-4 Jammu & Kashmir/Marginal/number/SCvsOthers,AgCensus2015-16,T2-4,Jammu & Kashmir,Marginal,number,SCvsOthers,social_group,Scheduled Castes,Other social groups,1,0,0,1,diff,b,"Tables 2-4, PDF pages 26,32,38",https://www.fao.org/fileadmin/templates/ess/ess_test_folder/World_Census_Agriculture/WCA_2020/WCA_2020_new_doc/IND_REP_ENG_2015_2016.pdf | archived_sha256=fb01bcb922a38ef964a2ca2fddada5540426bf5b06317d931425ae8d699d6405,archived a1_extract.py/a1b_gender.py; shares independently recomputed from numeric CSV,percentage share (0-100); raw number of holdings in thousands,All-social-groups total for Jammu & Kashmir/Marginal/number=1187,6.7396798652,78.9385004212,raw SC=80; raw Others=937; construction fact=f00113; stored gap=72.2 pp,recomputed_from_archived_official_report,deterministic_source_reconstruction_v1,2026-09-13,,,,diff,b,True
AgCensus2015-16 T2-4 Jammu & Kashmir/Marginal/number/STvsOthers,AgCensus2015-16,T2-4,Jammu & Kashmir,Marginal,number,STvsOthers,social_group,Scheduled Tribes,Other social groups,1,0,0,1,diff,b,"Tables 2-4, PDF pages 26,32,38",https://www.fao.org/fileadmin/templates/ess/ess_test_folder/World_Census_Agriculture/WCA_2020/WCA_2020_new_doc/IND_REP_ENG_2015_2016.pdf | archived_sha256=fb01bcb922a38ef964a2ca2fddada5540426bf5b06317d931425ae8d699d6405,archived a1_extract.py/a1b_gender.py; shares independently recomputed from numeric CSV,percentage share (0-100); raw number of holdings in thousands,All-social-groups total for Jammu & Kashmir/Marginal/number=1187,14.3218197136,78.9385004212,raw ST=170; raw Others=937; construction fact=f00114; stored gap=64.62 pp,recomputed_from_archived_official_report,deterministic_source_reconstruction_v1,2026-09-13,,,,diff,b,True
AgCensus2015-16 T2-4 Jammu & Kashmir/Medium/area/SCvsOthers,AgCensus2015-16,T2-4,Jammu & Kashmir,Medium,area,SCvsOthers,social_group,Scheduled Castes,Other social groups,1,0,0,1,diff,b,"Tables 2-4, PDF pages 29,35,41",https://www.fao.org/fileadmin/templates/ess/ess_test_folder/World_Census_Agriculture/WCA_2020/WCA_2020_new_doc/IND_REP_ENG_2015_2016.pdf | archived_sha256=fb01bcb922a38ef964a2ca2fddada5540426bf5b06317d931425ae8d699d6405,archived a1_extract.py/a1b_gender.py; shares independently recomputed from numeric CSV,percentage share (0-100); raw operated area in thousand hectares,All-social-groups total for Jammu & Kashmir/Medium/area=59,5.0847457627,76.2711864407,raw SC=3; raw Others=45; construction fact=f00480; stored gap=71.19 pp,recomputed_from_archived_official_report,deterministic_source_reconstruction_v1,2026-09-13,,,,diff,b,True
AgCensus2015-16 T2-4 Jammu & Kashmir/Medium/area/SCvsST,AgCensus2015-16,T2-4,Jammu & Kashmir,Medium,area,SCvsST,social_group,Scheduled Castes,Scheduled Tribes,1,1,0,0,diff,b,"Tables 2-4, PDF pages 29,35,41",https://www.fao.org/fileadmin/templates/ess/ess_test_folder/World_Census_Agriculture/WCA_2020/WCA_2020_new_doc/IND_REP_ENG_2015_2016.pdf | archived_sha256=fb01bcb922a38ef964a2ca2fddada5540426bf5b06317d931425ae8d699d6405,archived a1_extract.py/a1b_gender.py; shares independently recomputed from numeric CSV,percentage share (0-100); raw operated area in thousand hectares,All-social-groups total for Jammu & Kashmir/Medium/area=59,5.0847457627,18.6440677966,raw SC=3; raw ST=11; construction fact=f00479; stored gap=13.56 pp,recomputed_from_archived_official_report,deterministic_source_reconstruction_v1,2026-09-13,,,,diff,b,True
AgCensus2015-16 T2-4 Jammu & Kashmir/Medium/area/STvsOthers,AgCensus2015-16,T2-4,Jammu & Kashmir,Medium,area,STvsOthers,social_group,Scheduled Tribes,Other social groups,1,1,0,0,diff,b,"Tables 2-4, PDF pages 29,35,41",https://www.fao.org/fileadmin/templates/ess/ess_test_folder/World_Census_Agriculture/WCA_2020/WCA_2020_new_doc/IND_REP_ENG_2015_2016.pdf | archived_sha256=fb01bcb922a38ef964a2ca2fddada5540426bf5b06317d931425ae8d699d6405,archived a1_extract.py/a1b_gender.py; shares independently recomputed from numeric CSV,percentage share (0-100); raw operated area in thousand hectares,All-social-groups total for Jammu & Kashmir/Medium/area=59,18.6440677966,76.2711864407,raw ST=11; raw Others=45; construction fact=f00481; stored gap=57.63 pp,recomputed_from_archived_official_report,deterministic_source_reconstruction_v1,2026-09-13,,,,diff,b,True
AgCensus2015-16 T2-4 Jammu & Kashmir/SC/number/MarginalvsLarge,AgCensus2015-16,T2-4,Jammu & Kashmir,SC,number,MarginalvsLarge,landholding,marginal holdings,large holdings,1,1,0,0,diff,a,"Table 3, PDF pages 31,32,36",https://www.fao.org/fileadmin/templates/ess/ess_test_folder/World_Census_Agriculture/WCA_2020/WCA_2020_new_doc/IND_REP_ENG_2015_2016.pdf | archived_sha256=fb01bcb922a38ef964a2ca2fddada5540426bf5b06317d931425ae8d699d6405,archived a1_extract.py/a1b_gender.py; shares independently recomputed from numeric CSV,percentage share (0-100); raw number of holdings in thousands,All Classes total for Jammu & Kashmir/SC/number=99,80.8080808081,0.0000000000,raw Marginal=80; raw Large=0; construction fact=f01021; stored gap=80.81 pp,recomputed_from_archived_official_report,deterministic_source_reconstruction_v1,2026-09-13,,,,diff,a,True
AgCensus2015-16 T2-4 Jammu & Kashmir/SC/number/MarginalvsMedium,AgCensus2015-16,T2-4,Jammu & Kashmir,SC,number,MarginalvsMedium,landholding,marginal holdings,medium holdings,1,0,0,1,diff,a,"Table 3, PDF pages 31,32,35",https://www.fao.org/fileadmin/templates/ess/ess_test_folder/World_Census_Agriculture/WCA_2020/WCA_2020_new_doc/IND_REP_ENG_2015_2016.pdf | archived_sha256=fb01bcb922a38ef964a2ca2fddada5540426bf5b06317d931425ae8d699d6405,archived a1_extract.py/a1b_gender.py; shares independently recomputed from numeric CSV,percentage share (0-100); raw number of holdings in thousands,All Classes total for Jammu & Kashmir/SC/number=99,80.8080808081,1.0101010101,raw Marginal=80; raw Medium=1; construction fact=f01020; stored gap=79.8 pp,recomputed_from_archived_official_report,deterministic_source_reconstruction_v1,2026-09-13,,,,diff,a,True
AgCensus2015-16 T2-4 Jammu & Kashmir/SC/number/MarginalvsSemi-medium,AgCensus2015-16,T2-4,Jammu & Kashmir,SC,number,MarginalvsSemi-medium,landholding,marginal holdings,semi-medium holdings,1,0,0,1,diff,a,"Table 3, PDF pages 31,32,34",https://www.fao.org/fileadmin/templates/ess/ess_test_folder/World_Census_Agriculture/WCA_2020/WCA_2020_new_doc/IND_REP_ENG_2015_2016.pdf | archived_sha256=fb01bcb922a38ef964a2ca2fddada5540426bf5b06317d931425ae8d699d6405,archived a1_extract.py/a1b_gender.py; shares independently recomputed from numeric CSV,percentage share (0-100); raw number of holdings in thousands,All Classes total for Jammu & Kashmir/SC/number=99,80.8080808081,5.0505050505,raw Marginal=80; raw Semi-medium=5; construction fact=f01019; stored gap=75.76 pp,recomputed_from_archived_official_report,deterministic_source_reconstruction_v1,2026-09-13,,,,diff,a,True
AgCensus2015-16 T2-4 Jammu & Kashmir/SC/number/Semi-mediumvsMedium,AgCensus2015-16,T2-4,Jammu & Kashmir,SC,number,Semi-mediumvsMedium,landholding,semi-medium holdings,medium holdings,4,0,0,4,equal,c,"Table 3, PDF pages 31,34,35",https://www.fao.org/fileadmin/templates/ess/ess_test_folder/World_Census_Agriculture/WCA_2020/WCA_2020_new_doc/IND_REP_ENG_2015_2016.pdf | archived_sha256=fb01bcb922a38ef964a2ca2fddada5540426bf5b06317d931425ae8d699d6405,archived a1_extract.py/a1b_gender.py; shares independently recomputed from numeric CSV,percentage share (0-100); raw number of holdings in thousands,All Classes total for Jammu & Kashmir/SC/number=99,5.0505050505,1.0101010101,raw Semi-medium=5; raw Medium=1; construction fact=f01024; stored gap=4.04 pp,recomputed_from_archived_official_report,deterministic_source_reconstruction_v1,2026-09-13,,,,equal,c,True
AgCensus2015-16 T2-4 Jammu & Kashmir/SC/number/SmallvsLarge,AgCensus2015-16,T2-4,Jammu & Kashmir,SC,number,SmallvsLarge,landholding,small holdings,large holdings,1,0,0,1,diff,a,"Table 3, PDF pages 31,33,36",https://www.fao.org/fileadmin/templates/ess/ess_test_folder/World_Census_Agriculture/WCA_2020/WCA_2020_new_doc/IND_REP_ENG_2015_2016.pdf | archived_sha256=fb01bcb922a38ef964a2ca2fddada5540426bf5b06317d931425ae8d699d6405,archived a1_extract.py/a1b_gender.py; shares independently recomputed from numeric CSV,percentage share (0-100); raw number of holdings in thousands,All Classes total for Jammu & Kashmir/SC/number=99,14.1414141414,0.0000000000,raw Small=14; raw Large=0; construction fact=f01023; stored gap=14.14 pp,recomputed_from_archived_official_report,deterministic_source_reconstruction_v1,2026-09-13,,,,diff,a,True
AgCensus2015-16 T2-4 Jammu & Kashmir/SC/number/SmallvsMedium,AgCensus2015-16,T2-4,Jammu & Kashmir,SC,number,SmallvsMedium,landholding,small holdings,medium holdings,1,0,1,0,diff,a,"Table 3, PDF pages 31,33,35",https://www.fao.org/fileadmin/templates/ess/ess_test_folder/World_Census_Agriculture/WCA_2020/WCA_2020_new_doc/IND_REP_ENG_2015_2016.pdf | archived_sha256=fb01bcb922a38ef964a2ca2fddada5540426bf5b06317d931425ae8d699d6405,archived a1_extract.py/a1b_gender.py; shares independently recomputed from numeric CSV,percentage share (0-100); raw number of holdings in thousands,All Classes total for Jammu & Kashmir/SC/number=99,14.1414141414,1.0101010101,raw Small=14; raw Medium=1; construction fact=f01022; stored gap=13.13 pp,recomputed_from_archived_official_report,deterministic_source_reconstruction_v1,2026-09-13,,,,diff,a,True
AgCensus2015-16 T2-4 Jammu & Kashmir/ST/number/MarginalvsLarge,AgCensus2015-16,T2-4,Jammu & Kashmir,ST,number,MarginalvsLarge,landholding,marginal holdings,large holdings,1,1,0,0,diff,a,"Table 4, PDF pages 37,38,42",https://www.fao.org/fileadmin/templates/ess/ess_test_folder/World_Census_Agriculture/WCA_2020/WCA_2020_new_doc/IND_REP_ENG_2015_2016.pdf | archived_sha256=fb01bcb922a38ef964a2ca2fddada5540426bf5b06317d931425ae8d699d6405,archived a1_extract.py/a1b_gender.py; shares independently recomputed from numeric CSV,percentage share (0-100); raw number of holdings in thousands,All Classes total for Jammu & Kashmir/ST/number=209,81.3397129187,0.0000000000,raw Marginal=170; raw Large=0; construction fact=f01178; stored gap=81.34 pp,recomputed_from_archived_official_report,deterministic_source_reconstruction_v1,2026-09-13,,,,diff,a,True
AgCensus2015-16 T2-4 Jammu & Kashmir/ST/number/MarginalvsMedium,AgCensus2015-16,T2-4,Jammu & Kashmir,ST,number,MarginalvsMedium,landholding,marginal holdings,medium holdings,1,1,0,0,diff,a,"Table 4, PDF pages 37,38,41",https://www.fao.org/fileadmin/templates/ess/ess_test_folder/World_Census_Agriculture/WCA_2020/WCA_2020_new_doc/IND_REP_ENG_2015_2016.pdf | archived_sha256=fb01bcb922a38ef964a2ca2fddada5540426bf5b06317d931425ae8d699d6405,archived a1_extract.py/a1b_gender.py; shares independently recomputed from numeric CSV,percentage share (0-100); raw number of holdings in thousands,All Classes total for Jammu & Kashmir/ST/number=209,81.3397129187,0.9569377990,raw Marginal=170; raw Medium=2; construction fact=f01177; stored gap=80.38 pp,recomputed_from_archived_official_report,deterministic_source_reconstruction_v1,2026-09-13,,,,diff,a,True
AgCensus2015-16 T2-4 Jammu & Kashmir/ST/number/MarginalvsSemi-medium,AgCensus2015-16,T2-4,Jammu & Kashmir,ST,number,MarginalvsSemi-medium,landholding,marginal holdings,semi-medium holdings,1,0,1,0,diff,a,"Table 4, PDF pages 37,38,40",https://www.fao.org/fileadmin/templates/ess/ess_test_folder/World_Census_Agriculture/WCA_2020/WCA_2020_new_doc/IND_REP_ENG_2015_2016.pdf | archived_sha256=fb01bcb922a38ef964a2ca2fddada5540426bf5b06317d931425ae8d699d6405,archived a1_extract.py/a1b_gender.py; shares independently recomputed from numeric CSV,percentage share (0-100); raw number of holdings in thousands,All Classes total for Jammu & Kashmir/ST/number=209,81.3397129187,4.7846889952,raw Marginal=170; raw Semi-medium=10; construction fact=f01176; stored gap=76.56 pp,recomputed_from_archived_official_report,deterministic_source_reconstruction_v1,2026-09-13,,,,diff,a,True
AgCensus2015-16 T2-4 Jammu & Kashmir/ST/number/MarginalvsSmall,AgCensus2015-16,T2-4,Jammu & Kashmir,ST,number,MarginalvsSmall,landholding,marginal holdings,small holdings,1,1,0,0,diff,a,"Table 4, PDF pages 37,38,39",https://www.fao.org/fileadmin/templates/ess/ess_test_folder/World_Census_Agriculture/WCA_2020/WCA_2020_new_doc/IND_REP_ENG_2015_2016.pdf | archived_sha256=fb01bcb922a38ef964a2ca2fddada5540426bf5b06317d931425ae8d699d6405,archived a1_extract.py/a1b_gender.py; shares independently recomputed from numeric CSV,percentage share (0-100); raw number of holdings in thousands,All Classes total for Jammu & Kashmir/ST/number=209,81.3397129187,12.4401913876,raw Marginal=170; raw Small=26; construction fact=f01175; stored gap=68.9 pp,recomputed_from_archived_official_report,deterministic_source_reconstruction_v1,2026-09-13,,,,diff,a,True
AgCensus2015-16 T2-4 Jammu & Kashmir/ST/number/SmallvsMedium,AgCensus2015-16,T2-4,Jammu & Kashmir,ST,number,SmallvsMedium,landholding,small holdings,medium holdings,1,1,0,0,diff,a,"Table 4, PDF pages 37,39,41",https://www.fao.org/fileadmin/templates/ess/ess_test_folder/World_Census_Agriculture/WCA_2020/WCA_2020_new_doc/IND_REP_ENG_2015_2016.pdf | archived_sha256=fb01bcb922a38ef964a2ca2fddada5540426bf5b06317d931425ae8d699d6405,archived a1_extract.py/a1b_gender.py; shares independently recomputed from numeric CSV,percentage share (0-100); raw number of holdings in thousands,All Classes total for Jammu & Kashmir/ST/number=209,12.4401913876,0.9569377990,raw Small=26; raw Medium=2; construction fact=f01179; stored gap=11.48 pp,recomputed_from_archived_official_report,deterministic_source_reconstruction_v1,2026-09-13,,,,diff,a,True
AgCensus2015-16 T2-4 Jammu & Kashmir/Semi-medium/area/SCvsOthers,AgCensus2015-16,T2-4,Jammu & Kashmir,Semi-medium,area,SCvsOthers,social_group,Scheduled Castes,Other social groups,1,1,0,0,diff,b,"Tables 2-4, PDF pages 28,34,40",https://www.fao.org/fileadmin/templates/ess/ess_test_folder/World_Census_Agriculture/WCA_2020/WCA_2020_new_doc/IND_REP_ENG_2015_2016.pdf | archived_sha256=fb01bcb922a38ef964a2ca2fddada5540426bf5b06317d931425ae8d699d6405,archived a1_extract.py/a1b_gender.py; shares independently recomputed from numeric CSV,percentage share (0-100); raw operated area in thousand hectares,All-social-groups total for Jammu & Kashmir/Semi-medium/area=154,7.7922077922,75.3246753247,raw SC=12; raw Others=116; construction fact=f00482; stored gap=67.53 pp,recomputed_from_archived_official_report,deterministic_source_reconstruction_v1,2026-09-13,,,,diff,b,True
AgCensus2015-16 T2-4 Jammu & Kashmir/Semi-medium/area/STvsOthers,AgCensus2015-16,T2-4,Jammu & Kashmir,Semi-medium,area,STvsOthers,social_group,Scheduled Tribes,Other social groups,1,1,0,0,diff,b,"Tables 2-4, PDF pages 28,34,40",https://www.fao.org/fileadmin/templates/ess/ess_test_folder/World_Census_Agriculture/WCA_2020/WCA_2020_new_doc/IND_REP_ENG_2015_2016.pdf | archived_sha256=fb01bcb922a38ef964a2ca2fddada5540426bf5b06317d931425ae8d699d6405,archived a1_extract.py/a1b_gender.py; shares independently recomputed from numeric CSV,percentage share (0-100); raw operated area in thousand hectares,All-social-groups total for Jammu & Kashmir/Semi-medium/area=154,16.8831168831,75.3246753247,raw ST=26; raw Others=116; construction fact=f00483; stored gap=58.44 pp,recomputed_from_archived_official_report,deterministic_source_reconstruction_v1,2026-09-13,,,,diff,b,True
AgCensus2015-16 T2-4 Jammu & Kashmir/Semi-medium/number/SCvsOthers,AgCensus2015-16,T2-4,Jammu & Kashmir,Semi-medium,number,SCvsOthers,social_group,Scheduled Castes,Other social groups,1,0,1,0,diff,b,"Tables 2-4, PDF pages 28,34,40",https://www.fao.org/fileadmin/templates/ess/ess_test_folder/World_Census_Agriculture/WCA_2020/WCA_2020_new_doc/IND_REP_ENG_2015_2016.pdf | archived_sha256=fb01bcb922a38ef964a2ca2fddada5540426bf5b06317d931425ae8d699d6405,archived a1_extract.py/a1b_gender.py; shares independently recomputed from numeric CSV,percentage share (0-100); raw number of holdings in thousands,All-social-groups total for Jammu & Kashmir/Semi-medium/number=58,8.6206896552,74.1379310345,raw SC=5; raw Others=43; construction fact=f00115; stored gap=65.52 pp,recomputed_from_archived_official_report,deterministic_source_reconstruction_v1,2026-09-13,,,,diff,b,True
AgCensus2015-16 T2-4 Jammu & Kashmir/Semi-medium/number/STvsOthers,AgCensus2015-16,T2-4,Jammu & Kashmir,Semi-medium,number,STvsOthers,social_group,Scheduled Tribes,Other social groups,1,1,0,0,diff,b,"Tables 2-4, PDF pages 28,34,40",https://www.fao.org/fileadmin/templates/ess/ess_test_folder/World_Census_Agriculture/WCA_2020/WCA_2020_new_doc/IND_REP_ENG_2015_2016.pdf | archived_sha256=fb01bcb922a38ef964a2ca2fddada5540426bf5b06317d931425ae8d699d6405,archived a1_extract.py/a1b_gender.py; shares independently recomputed from numeric CSV,percentage share (0-100); raw number of holdings in thousands,All-social-groups total for Jammu & Kashmir/Semi-medium/number=58,17.2413793103,74.1379310345,raw ST=10; raw Others=43; construction fact=f00116; stored gap=56.9 pp,recomputed_from_archived_official_report,deterministic_source_reconstruction_v1,2026-09-13,,,,diff,b,True
AgCensus2015-16 T2-4 Jammu & Kashmir/Small/area/SCvsOthers,AgCensus2015-16,T2-4,Jammu & Kashmir,Small,area,SCvsOthers,social_group,Scheduled Castes,Other social groups,1,1,0,0,diff,b,"Tables 2-4, PDF pages 27,33,39",https://www.fao.org/fileadmin/templates/ess/ess_test_folder/World_Census_Agriculture/WCA_2020/WCA_2020_new_doc/IND_REP_ENG_2015_2016.pdf | archived_sha256=fb01bcb922a38ef964a2ca2fddada5540426bf5b06317d931425ae8d699d6405,archived a1_extract.py/a1b_gender.py; shares independently recomputed from numeric CSV,percentage share (0-100); raw operated area in thousand hectares,All-social-groups total for Jammu & Kashmir/Small/area=221,8.5972850679,75.1131221719,raw SC=19; raw Others=166; construction fact=f00484; stored gap=66.52 pp,recomputed_from_archived_official_report,deterministic_source_reconstruction_v1,2026-09-13,,,,diff,b,True
AgCensus2015-16 T2-4 Jammu & Kashmir/Small/area/STvsOthers,AgCensus2015-16,T2-4,Jammu & Kashmir,Small,area,STvsOthers,social_group,Scheduled Tribes,Other social groups,1,0,1,0,diff,b,"Tables 2-4, PDF pages 27,33,39",https://www.fao.org/fileadmin/templates/ess/ess_test_folder/World_Census_Agriculture/WCA_2020/WCA_2020_new_doc/IND_REP_ENG_2015_2016.pdf | archived_sha256=fb01bcb922a38ef964a2ca2fddada5540426bf5b06317d931425ae8d699d6405,archived a1_extract.py/a1b_gender.py; shares independently recomputed from numeric CSV,percentage share (0-100); raw operated area in thousand hectares,All-social-groups total for Jammu & Kashmir/Small/area=221,16.2895927602,75.1131221719,raw ST=36; raw Others=166; construction fact=f00485; stored gap=58.82 pp,recomputed_from_archived_official_report,deterministic_source_reconstruction_v1,2026-09-13,,,,diff,b,True
AgCensus2015-16 T2-4 Jammu & Kashmir/Small/number/SCvsOthers,AgCensus2015-16,T2-4,Jammu & Kashmir,Small,number,SCvsOthers,social_group,Scheduled Castes,Other social groups,1,0,0,1,diff,b,"Tables 2-4, PDF pages 27,33,39",https://www.fao.org/fileadmin/templates/ess/ess_test_folder/World_Census_Agriculture/WCA_2020/WCA_2020_new_doc/IND_REP_ENG_2015_2016.pdf | archived_sha256=fb01bcb922a38ef964a2ca2fddada5540426bf5b06317d931425ae8d699d6405,archived a1_extract.py/a1b_gender.py; shares independently recomputed from numeric CSV,percentage share (0-100); raw number of holdings in thousands,All-social-groups total for Jammu & Kashmir/Small/number=160,8.7500000000,75.0000000000,raw SC=14; raw Others=120; construction fact=f00117; stored gap=66.25 pp,recomputed_from_archived_official_report,deterministic_source_reconstruction_v1,2026-09-13,,,,diff,b,True
AgCensus2015-16 T2-4 Jammu & Kashmir/Small/number/STvsOthers,AgCensus2015-16,T2-4,Jammu & Kashmir,Small,number,STvsOthers,social_group,Scheduled Tribes,Other social groups,1,1,0,0,diff,b,"Tables 2-4, PDF pages 27,33,39",https://www.fao.org/fileadmin/templates/ess/ess_test_folder/World_Census_Agriculture/WCA_2020/WCA_2020_new_doc/IND_REP_ENG_2015_2016.pdf | archived_sha256=fb01bcb922a38ef964a2ca2fddada5540426bf5b06317d931425ae8d699d6405,archived a1_extract.py/a1b_gender.py; shares independently recomputed from numeric CSV,percentage share (0-100); raw number of holdings in thousands,All-social-groups total for Jammu & Kashmir/Small/number=160,16.2500000000,75.0000000000,raw ST=26; raw Others=120; construction fact=f00118; stored gap=58.75 pp,recomputed_from_archived_official_report,deterministic_source_reconstruction_v1,2026-09-13,,,,diff,b,True
AgCensus2015-16 T2-4 Jharkhand/All Classes/area/SCvsOthers,AgCensus2015-16,T2-4,Jharkhand,All Classes,area,SCvsOthers,social_group,Scheduled Castes,Other social groups,1,0,0,1,diff,b,"Tables 2-4, PDF pages 25,31,37",https://www.fao.org/fileadmin/templates/ess/ess_test_folder/World_Census_Agriculture/WCA_2020/WCA_2020_new_doc/IND_REP_ENG_2015_2016.pdf | archived_sha256=fb01bcb922a38ef964a2ca2fddada5540426bf5b06317d931425ae8d699d6405,archived a1_extract.py/a1b_gender.py; shares independently recomputed from numeric CSV,percentage share (0-100); raw operated area in thousand hectares,All-social-groups total for Jharkhand/All Classes/area=3091,10.0291167907,45.0663215788,raw SC=310; raw Others=1393; construction fact=f00487; stored gap=35.04 pp,recomputed_from_archived_official_report,deterministic_source_reconstruction_v1,2026-09-13,,,,diff,b,True
AgCensus2015-16 T2-4 Jharkhand/All Classes/area/SCvsST,AgCensus2015-16,T2-4,Jharkhand,All Classes,area,SCvsST,social_group,Scheduled Castes,Scheduled Tribes,1,1,0,0,diff,b,"Tables 2-4, PDF pages 25,31,37",https://www.fao.org/fileadmin/templates/ess/ess_test_folder/World_Census_Agriculture/WCA_2020/WCA_2020_new_doc/IND_REP_ENG_2015_2016.pdf | archived_sha256=fb01bcb922a38ef964a2ca2fddada5540426bf5b06317d931425ae8d699d6405,archived a1_extract.py/a1b_gender.py; shares independently recomputed from numeric CSV,percentage share (0-100); raw operated area in thousand hectares,All-social-groups total for Jharkhand/All Classes/area=3091,10.0291167907,44.9045616305,raw SC=310; raw ST=1388; construction fact=f00486; stored gap=34.88 pp,recomputed_from_archived_official_report,deterministic_source_reconstruction_v1,2026-09-13,,,,diff,b,True
AgCensus2015-16 T2-4 Jharkhand/All Classes/area/STvsOthers,AgCensus2015-16,T2-4,Jharkhand,All Classes,area,STvsOthers,social_group,Scheduled Tribes,Other social groups,8,0,0,8,equal,c,"Tables 2-4, PDF pages 25,31,37",https://www.fao.org/fileadmin/templates/ess/ess_test_folder/World_Census_Agriculture/WCA_2020/WCA_2020_new_doc/IND_REP_ENG_2015_2016.pdf | archived_sha256=fb01bcb922a38ef964a2ca2fddada5540426bf5b06317d931425ae8d699d6405,archived a1_extract.py/a1b_gender.py; shares independently recomputed from numeric CSV,percentage share (0-100); raw operated area in thousand hectares,All-social-groups total for Jharkhand/All Classes/area=3091,44.9045616305,45.0663215788,raw ST=1388; raw Others=1393; construction fact=f00488; stored gap=0.16 pp,recomputed_from_archived_official_report,deterministic_source_reconstruction_v1,2026-09-13,,,,equal,c,True
AgCensus2015-16 T2-4 Jharkhand/All Classes/number/SCvsOthers,AgCensus2015-16,T2-4,Jharkhand,All Classes,number,SCvsOthers,social_group,Scheduled Castes,Other social groups,1,0,0,1,diff,b,"Tables 2-4, PDF pages 25,31,37",https://www.fao.org/fileadmin/templates/ess/ess_test_folder/World_Census_Agriculture/WCA_2020/WCA_2020_new_doc/IND_REP_ENG_2015_2016.pdf | archived_sha256=fb01bcb922a38ef964a2ca2fddada5540426bf5b06317d931425ae8d699d6405,archived a1_extract.py/a1b_gender.py; shares independently recomputed from numeric CSV,percentage share (0-100); raw number of holdings in thousands,All-social-groups total for Jharkhand/All Classes/number=2803,13.5212272565,51.5519086693,raw SC=379; raw Others=1445; construction fact=f00120; stored gap=38.03 pp,recomputed_from_archived_official_report,deterministic_source_reconstruction_v1,2026-09-13,,,,diff,b,True
AgCensus2015-16 T2-4 Jharkhand/All Classes/number/SCvsST,AgCensus2015-16,T2-4,Jharkhand,All Classes,number,SCvsST,social_group,Scheduled Castes,Scheduled Tribes,1,1,0,0,diff,b,"Tables 2-4, PDF pages 25,31,37",https://www.fao.org/fileadmin/templates/ess/ess_test_folder/World_Census_Agriculture/WCA_2020/WCA_2020_new_doc/IND_REP_ENG_2015_2016.pdf | archived_sha256=fb01bcb922a38ef964a2ca2fddada5540426bf5b06317d931425ae8d699d6405,archived a1_extract.py/a1b_gender.py; shares independently recomputed from numeric CSV,percentage share (0-100); raw number of holdings in thousands,All-social-groups total for Jharkhand/All Classes/number=2803,13.5212272565,34.9268640742,raw SC=379; raw ST=979; construction fact=f00119; stored gap=21.41 pp,recomputed_from_archived_official_report,deterministic_source_reconstruction_v1,2026-09-13,,,,diff,b,True
AgCensus2015-16 T2-4 Jharkhand/All Classes/number/STvsOthers,AgCensus2015-16,T2-4,Jharkhand,All Classes,number,STvsOthers,social_group,Scheduled Tribes,Other social groups,1,1,0,0,diff,b,"Tables 2-4, PDF pages 25,31,37",https://www.fao.org/fileadmin/templates/ess/ess_test_folder/World_Census_Agriculture/WCA_2020/WCA_2020_new_doc/IND_REP_ENG_2015_2016.pdf | archived_sha256=fb01bcb922a38ef964a2ca2fddada5540426bf5b06317d931425ae8d699d6405,archived a1_extract.py/a1b_gender.py; shares independently recomputed from numeric CSV,percentage share (0-100); raw number of holdings in thousands,All-social-groups total for Jharkhand/All Classes/number=2803,34.9268640742,51.5519086693,raw ST=979; raw Others=1445; construction fact=f00121; stored gap=16.63 pp,recomputed_from_archived_official_report,deterministic_source_reconstruction_v1,2026-09-13,,,,diff,b,True
AgCensus2015-16 T2-4 Jharkhand/All/area/MarginalvsMedium,AgCensus2015-16,T2-4,Jharkhand,All,area,MarginalvsMedium,landholding,marginal operated area,medium operated area,4,4,0,0,equal,c,"Table 2, PDF pages 25,26,29",https://www.fao.org/fileadmin/templates/ess/ess_test_folder/World_Census_Agriculture/WCA_2020/WCA_2020_new_doc/IND_REP_ENG_2015_2016.pdf | archived_sha256=fb01bcb922a38ef964a2ca2fddada5540426bf5b06317d931425ae8d699d6405,archived a1_extract.py/a1b_gender.py; shares independently recomputed from numeric CSV,percentage share (0-100); raw operated area in thousand hectares,All Classes total for Jharkhand/All/area=3091,24.3934001941,22.9052086703,raw Marginal=754; raw Medium=708; construction fact=f01431; stored gap=1.49 pp,recomputed_from_archived_official_report,deterministic_source_reconstruction_v1,2026-09-13,,,,equal,c,True
AgCensus2015-16 T2-4 Jharkhand/All/area/MarginalvsSemi-medium,AgCensus2015-16,T2-4,Jharkhand,All,area,MarginalvsSemi-medium,landholding,marginal operated area,semi-medium operated area,4,4,0,0,equal,c,"Table 2, PDF pages 25,26,28",https://www.fao.org/fileadmin/templates/ess/ess_test_folder/World_Census_Agriculture/WCA_2020/WCA_2020_new_doc/IND_REP_ENG_2015_2016.pdf | archived_sha256=fb01bcb922a38ef964a2ca2fddada5540426bf5b06317d931425ae8d699d6405,archived a1_extract.py/a1b_gender.py; shares independently recomputed from numeric CSV,percentage share (0-100); raw operated area in thousand hectares,All Classes total for Jharkhand/All/area=3091,24.3934001941,24.4257521838,raw Marginal=754; raw Semi-medium=755; construction fact=f01430; stored gap=0.03 pp,recomputed_from_archived_official_report,deterministic_source_reconstruction_v1,2026-09-13,,,,equal,c,True
AgCensus2015-16 T2-4 Jharkhand/All/area/Semi-mediumvsMedium,AgCensus2015-16,T2-4,Jharkhand,All,area,Semi-mediumvsMedium,landholding,semi-medium operated area,medium operated area,3,0,3,0,equal,c,"Table 2, PDF pages 25,28,29",https://www.fao.org/fileadmin/templates/ess/ess_test_folder/World_Census_Agriculture/WCA_2020/WCA_2020_new_doc/IND_REP_ENG_2015_2016.pdf | archived_sha256=fb01bcb922a38ef964a2ca2fddada5540426bf5b06317d931425ae8d699d6405,archived a1_extract.py/a1b_gender.py; shares independently recomputed from numeric CSV,percentage share (0-100); raw operated area in thousand hectares,All Classes total for Jharkhand/All/area=3091,24.4257521838,22.9052086703,raw Semi-medium=755; raw Medium=708; construction fact=f01434; stored gap=1.52 pp,recomputed_from_archived_official_report,deterministic_source_reconstruction_v1,2026-09-13,,,,equal,c,True
AgCensus2015-16 T2-4 Jharkhand/All/area/SmallvsMedium,AgCensus2015-16,T2-4,Jharkhand,All,area,SmallvsMedium,landholding,small operated area,medium operated area,4,0,0,4,equal,c,"Table 2, PDF pages 25,27,29",https://www.fao.org/fileadmin/templates/ess/ess_test_folder/World_Census_Agriculture/WCA_2020/WCA_2020_new_doc/IND_REP_ENG_2015_2016.pdf | archived_sha256=fb01bcb922a38ef964a2ca2fddada5540426bf5b06317d931425ae8d699d6405,archived a1_extract.py/a1b_gender.py; shares independently recomputed from numeric CSV,percentage share (0-100); raw operated area in thousand hectares,All Classes total for Jharkhand/All/area=3091,18.4082821093,22.9052086703,raw Small=569; raw Medium=708; construction fact=f01433; stored gap=4.5 pp,recomputed_from_archived_official_report,deterministic_source_reconstruction_v1,2026-09-13,,,,equal,c,True
AgCensus2015-16 T2-4 Jharkhand/All/number/MarginalvsLarge,AgCensus2015-16,T2-4,Jharkhand,All,number,MarginalvsLarge,landholding,marginal holdings,large holdings,1,1,0,0,diff,a,"Table 2, PDF pages 25,26,30",https://www.fao.org/fileadmin/templates/ess/ess_test_folder/World_Census_Agriculture/WCA_2020/WCA_2020_new_doc/IND_REP_ENG_2015_2016.pdf | archived_sha256=fb01bcb922a38ef964a2ca2fddada5540426bf5b06317d931425ae8d699d6405,archived a1_extract.py/a1b_gender.py; shares independently recomputed from numeric CSV,percentage share (0-100); raw number of holdings in thousands,All Classes total for Jharkhand/All/number=2803,69.9964323939,0.7135212273,raw Marginal=1962; raw Large=20; construction fact=f00827; stored gap=69.28 pp,recomputed_from_archived_official_report,deterministic_source_reconstruction_v1,2026-09-13,,,,diff,a,True
AgCensus2015-16 T2-4 Jharkhand/All/number/MarginalvsMedium,AgCensus2015-16,T2-4,Jharkhand,All,number,MarginalvsMedium,landholding,marginal holdings,medium holdings,1,1,0,0,diff,a,"Table 2, PDF pages 25,26,29",https://www.fao.org/fileadmin/templates/ess/ess_test_folder/World_Census_Agriculture/WCA_2020/WCA_2020_new_doc/IND_REP_ENG_2015_2016.pdf | archived_sha256=fb01bcb922a38ef964a2ca2fddada5540426bf5b06317d931425ae8d699d6405,archived a1_extract.py/a1b_gender.py; shares independently recomputed from numeric CSV,percentage share (0-100); raw number of holdings in thousands,All Classes total for Jharkhand/All/number=2803,69.9964323939,4.4951837317,raw Marginal=1962; raw Medium=126; construction fact=f00826; stored gap=65.5 pp,recomputed_from_archived_official_report,deterministic_source_reconstruction_v1,2026-09-13,,,,diff,a,True
AgCensus2015-16 T2-4 Jharkhand/All/number/MarginalvsSemi-medium,AgCensus2015-16,T2-4,Jharkhand,All,number,MarginalvsSemi-medium,landholding,marginal holdings,semi-medium holdings,1,1,0,0,diff,a,"Table 2, PDF pages 25,26,28",https://www.fao.org/fileadmin/templates/ess/ess_test_folder/World_Census_Agriculture/WCA_2020/WCA_2020_new_doc/IND_REP_ENG_2015_2016.pdf | archived_sha256=fb01bcb922a38ef964a2ca2fddada5540426bf5b06317d931425ae8d699d6405,archived a1_extract.py/a1b_gender.py; shares independently recomputed from numeric CSV,percentage share (0-100); raw number of holdings in thousands,All Classes total for Jharkhand/All/number=2803,69.9964323939,9.8822689975,raw Marginal=1962; raw Semi-medium=277; construction fact=f00825; stored gap=60.11 pp,recomputed_from_archived_official_report,deterministic_source_reconstruction_v1,2026-09-13,,,,diff,a,True
AgCensus2015-16 T2-4 Jharkhand/All/number/MarginalvsSmall,AgCensus2015-16,T2-4,Jharkhand,All,number,MarginalvsSmall,landholding,marginal holdings,small holdings,1,1,0,0,diff,a,"Table 2, PDF pages 25,26,27",https://www.fao.org/fileadmin/templates/ess/ess_test_folder/World_Census_Agriculture/WCA_2020/WCA_2020_new_doc/IND_REP_ENG_2015_2016.pdf | archived_sha256=fb01bcb922a38ef964a2ca2fddada5540426bf5b06317d931425ae8d699d6405,archived a1_extract.py/a1b_gender.py; shares independently recomputed from numeric CSV,percentage share (0-100); raw number of holdings in thousands,All Classes total for Jharkhand/All/number=2803,69.9964323939,14.9482697110,raw Marginal=1962; raw Small=419; construction fact=f00824; stored gap=55.05 pp,recomputed_from_archived_official_report,deterministic_source_reconstruction_v1,2026-09-13,,,,diff,a,True
AgCensus2015-16 T2-4 Jharkhand/All/number/SmallvsLarge,AgCensus2015-16,T2-4,Jharkhand,All,number,SmallvsLarge,landholding,small holdings,large holdings,1,1,0,0,diff,a,"Table 2, PDF pages 25,27,30",https://www.fao.org/fileadmin/templates/ess/ess_test_folder/World_Census_Agriculture/WCA_2020/WCA_2020_new_doc/IND_REP_ENG_2015_2016.pdf | archived_sha256=fb01bcb922a38ef964a2ca2fddada5540426bf5b06317d931425ae8d699d6405,archived a1_extract.py/a1b_gender.py; shares independently recomputed from numeric CSV,percentage share (0-100); raw number of holdings in thousands,All Classes total for Jharkhand/All/number=2803,14.9482697110,0.7135212273,raw Small=419; raw Large=20; construction fact=f00829; stored gap=14.23 pp,recomputed_from_archived_official_report,deterministic_source_reconstruction_v1,2026-09-13,,,,diff,a,True
AgCensus2015-16 T2-4 Jharkhand/All/number/SmallvsMedium,AgCensus2015-16,T2-4,Jharkhand,All,number,SmallvsMedium,landholding,small holdings,medium holdings,1,1,0,0,diff,a,"Table 2, PDF pages 25,27,29",https://www.fao.org/fileadmin/templates/ess/ess_test_folder/World_Census_Agriculture/WCA_2020/WCA_2020_new_doc/IND_REP_ENG_2015_2016.pdf | archived_sha256=fb01bcb922a38ef964a2ca2fddada5540426bf5b06317d931425ae8d699d6405,archived a1_extract.py/a1b_gender.py; shares independently recomputed from numeric CSV,percentage share (0-100); raw number of holdings in thousands,All Classes total for Jharkhand/All/number=2803,14.9482697110,4.4951837317,raw Small=419; raw Medium=126; construction fact=f00828; stored gap=10.45 pp,recomputed_from_archived_official_report,deterministic_source_reconstruction_v1,2026-09-13,,,,diff,a,True
AgCensus2015-16 T2-4 Jharkhand/Large/area/SCvsOthers,AgCensus2015-16,T2-4,Jharkhand,Large,area,SCvsOthers,social_group,Scheduled Castes,Other social groups,1,1,0,0,diff,b,"Tables 2-4, PDF pages 30,36,42",https://www.fao.org/fileadmin/templates/ess/ess_test_folder/World_Census_Agriculture/WCA_2020/WCA_2020_new_doc/IND_REP_ENG_2015_2016.pdf | archived_sha256=fb01bcb922a38ef964a2ca2fddada5540426bf5b06317d931425ae8d699d6405,archived a1_extract.py/a1b_gender.py; shares independently recomputed from numeric CSV,percentage share (0-100); raw operated area in thousand hectares,All-social-groups total for Jharkhand/Large/area=304,5.5921052632,34.5394736842,raw SC=17; raw Others=105; construction fact=f00490; stored gap=28.95 pp,recomputed_from_archived_official_report,deterministic_source_reconstruction_v1,2026-09-13,,,,diff,b,True
AgCensus2015-16 T2-4 Jharkhand/Large/area/SCvsST,AgCensus2015-16,T2-4,Jharkhand,Large,area,SCvsST,social_group,Scheduled Castes,Scheduled Tribes,1,1,0,0,diff,b,"Tables 2-4, PDF pages 30,36,42",https://www.fao.org/fileadmin/templates/ess/ess_test_folder/World_Census_Agriculture/WCA_2020/WCA_2020_new_doc/IND_REP_ENG_2015_2016.pdf | archived_sha256=fb01bcb922a38ef964a2ca2fddada5540426bf5b06317d931425ae8d699d6405,archived a1_extract.py/a1b_gender.py; shares independently recomputed from numeric CSV,percentage share (0-100); raw operated area in thousand hectares,All-social-groups total for Jharkhand/Large/area=304,5.5921052632,59.8684210526,raw SC=17; raw ST=182; construction fact=f00489; stored gap=54.28 pp,recomputed_from_archived_official_report,deterministic_source_reconstruction_v1,2026-09-13,,,,diff,b,True
AgCensus2015-16 T2-4 Jharkhand/Large/area/STvsOthers,AgCensus2015-16,T2-4,Jharkhand,Large,area,STvsOthers,social_group,Scheduled Tribes,Other social groups,1,0,0,1,diff,a,"Tables 2-4, PDF pages 30,36,42",https://www.fao.org/fileadmin/templates/ess/ess_test_folder/World_Census_Agriculture/WCA_2020/WCA_2020_new_doc/IND_REP_ENG_2015_2016.pdf | archived_sha256=fb01bcb922a38ef964a2ca2fddada5540426bf5b06317d931425ae8d699d6405,archived a1_extract.py/a1b_gender.py; shares independently recomputed from numeric CSV,percentage share (0-100); raw operated area in thousand hectares,All-social-groups total for Jharkhand/Large/area=304,59.8684210526,34.5394736842,raw ST=182; raw Others=105; construction fact=f00491; stored gap=25.33 pp,recomputed_from_archived_official_report,deterministic_source_reconstruction_v1,2026-09-13,,,,diff,a,True
AgCensus2015-16 T2-4 Jharkhand/Large/number/SCvsOthers,AgCensus2015-16,T2-4,Jharkhand,Large,number,SCvsOthers,social_group,Scheduled Castes,Other social groups,1,1,0,0,diff,b,"Tables 2-4, PDF pages 30,36,42",https://www.fao.org/fileadmin/templates/ess/ess_test_folder/World_Census_Agriculture/WCA_2020/WCA_2020_new_doc/IND_REP_ENG_2015_2016.pdf | archived_sha256=fb01bcb922a38ef964a2ca2fddada5540426bf5b06317d931425ae8d699d6405,archived a1_extract.py/a1b_gender.py; shares independently recomputed from numeric CSV,percentage share (0-100); raw number of holdings in thousands,All-social-groups total for Jharkhand/Large/number=20,5.0000000000,35.0000000000,raw SC=1; raw Others=7; construction fact=f00123; stored gap=30.0 pp,recomputed_from_archived_official_report,deterministic_source_reconstruction_v1,2026-09-13,,,,diff,b,True
AgCensus2015-16 T2-4 Jharkhand/Large/number/STvsOthers,AgCensus2015-16,T2-4,Jharkhand,Large,number,STvsOthers,social_group,Scheduled Tribes,Other social groups,1,0,1,0,diff,a,"Tables 2-4, PDF pages 30,36,42",https://www.fao.org/fileadmin/templates/ess/ess_test_folder/World_Census_Agriculture/WCA_2020/WCA_2020_new_doc/IND_REP_ENG_2015_2016.pdf | archived_sha256=fb01bcb922a38ef964a2ca2fddada5540426bf5b06317d931425ae8d699d6405,archived a1_extract.py/a1b_gender.py; shares independently recomputed from numeric CSV,percentage share (0-100); raw number of holdings in thousands,All-social-groups total for Jharkhand/Large/number=20,60.0000000000,35.0000000000,raw ST=12; raw Others=7; construction fact=f00124; stored gap=25.0 pp,recomputed_from_archived_official_report,deterministic_source_reconstruction_v1,2026-09-13,,,,diff,a,True
AgCensus2015-16 T2-4 Jharkhand/Marginal/area/SCvsOthers,AgCensus2015-16,T2-4,Jharkhand,Marginal,area,SCvsOthers,social_group,Scheduled Castes,Other social groups,1,1,0,0,diff,b,"Tables 2-4, PDF pages 26,32,38",https://www.fao.org/fileadmin/templates/ess/ess_test_folder/World_Census_Agriculture/WCA_2020/WCA_2020_new_doc/IND_REP_ENG_2015_2016.pdf | archived_sha256=fb01bcb922a38ef964a2ca2fddada5540426bf5b06317d931425ae8d699d6405,archived a1_extract.py/a1b_gender.py; shares independently recomputed from numeric CSV,percentage share (0-100); raw operated area in thousand hectares,All-social-groups total for Jharkhand/Marginal/area=754,15.7824933687,50.6631299735,raw SC=119; raw Others=382; construction fact=f00493; stored gap=34.88 pp,recomputed_from_archived_official_report,deterministic_source_reconstruction_v1,2026-09-13,,,,diff,b,True
AgCensus2015-16 T2-4 Jharkhand/Marginal/area/SCvsST,AgCensus2015-16,T2-4,Jharkhand,Marginal,area,SCvsST,social_group,Scheduled Castes,Scheduled Tribes,1,1,0,0,diff,b,"Tables 2-4, PDF pages 26,32,38",https://www.fao.org/fileadmin/templates/ess/ess_test_folder/World_Census_Agriculture/WCA_2020/WCA_2020_new_doc/IND_REP_ENG_2015_2016.pdf | archived_sha256=fb01bcb922a38ef964a2ca2fddada5540426bf5b06317d931425ae8d699d6405,archived a1_extract.py/a1b_gender.py; shares independently recomputed from numeric CSV,percentage share (0-100); raw operated area in thousand hectares,All-social-groups total for Jharkhand/Marginal/area=754,15.7824933687,33.5543766578,raw SC=119; raw ST=253; construction fact=f00492; stored gap=17.77 pp,recomputed_from_archived_official_report,deterministic_source_reconstruction_v1,2026-09-13,,,,diff,b,True
AgCensus2015-16 T2-4 Jharkhand/Marginal/area/STvsOthers,AgCensus2015-16,T2-4,Jharkhand,Marginal,area,STvsOthers,social_group,Scheduled Tribes,Other social groups,1,0,0,1,diff,b,"Tables 2-4, PDF pages 26,32,38",https://www.fao.org/fileadmin/templates/ess/ess_test_folder/World_Census_Agriculture/WCA_2020/WCA_2020_new_doc/IND_REP_ENG_2015_2016.pdf | archived_sha256=fb01bcb922a38ef964a2ca2fddada5540426bf5b06317d931425ae8d699d6405,archived a1_extract.py/a1b_gender.py; shares independently recomputed from numeric CSV,percentage share (0-100); raw operated area in thousand hectares,All-social-groups total for Jharkhand/Marginal/area=754,33.5543766578,50.6631299735,raw ST=253; raw Others=382; construction fact=f00494; stored gap=17.11 pp,recomputed_from_archived_official_report,deterministic_source_reconstruction_v1,2026-09-13,,,,diff,b,True
AgCensus2015-16 T2-4 Jharkhand/Marginal/number/SCvsOthers,AgCensus2015-16,T2-4,Jharkhand,Marginal,number,SCvsOthers,social_group,Scheduled Castes,Other social groups,1,0,0,1,diff,b,"Tables 2-4, PDF pages 26,32,38",https://www.fao.org/fileadmin/templates/ess/ess_test_folder/World_Census_Agriculture/WCA_2020/WCA_2020_new_doc/IND_REP_ENG_2015_2016.pdf | archived_sha256=fb01bcb922a38ef964a2ca2fddada5540426bf5b06317d931425ae8d699d6405,archived a1_extract.py/a1b_gender.py; shares independently recomputed from numeric CSV,percentage share (0-100); raw number of holdings in thousands,All-social-groups total for Jharkhand/Marginal/number=1962,15.3414882773,53.6697247706,raw SC=301; raw Others=1053; construction fact=f00126; stored gap=38.33 pp,recomputed_from_archived_official_report,deterministic_source_reconstruction_v1,2026-09-13,,,,diff,b,True
AgCensus2015-16 T2-4 Jharkhand/Marginal/number/SCvsST,AgCensus2015-16,T2-4,Jharkhand,Marginal,number,SCvsST,social_group,Scheduled Castes,Scheduled Tribes,1,1,0,0,diff,b,"Tables 2-4, PDF pages 26,32,38",https://www.fao.org/fileadmin/templates/ess/ess_test_folder/World_Census_Agriculture/WCA_2020/WCA_2020_new_doc/IND_REP_ENG_2015_2016.pdf | archived_sha256=fb01bcb922a38ef964a2ca2fddada5540426bf5b06317d931425ae8d699d6405,archived a1_extract.py/a1b_gender.py; shares independently recomputed from numeric CSV,percentage share (0-100); raw number of holdings in thousands,All-social-groups total for Jharkhand/Marginal/number=1962,15.3414882773,30.9887869521,raw SC=301; raw ST=608; construction fact=f00125; stored gap=15.65 pp,recomputed_from_archived_official_report,deterministic_source_reconstruction_v1,2026-09-13,,,,diff,b,True
AgCensus2015-16 T2-4 Jharkhand/Marginal/number/STvsOthers,AgCensus2015-16,T2-4,Jharkhand,Marginal,number,STvsOthers,social_group,Scheduled Tribes,Other social groups,1,0,0,1,diff,b,"Tables 2-4, PDF pages 26,32,38",https://www.fao.org/fileadmin/templates/ess/ess_test_folder/World_Census_Agriculture/WCA_2020/WCA_2020_new_doc/IND_REP_ENG_2015_2016.pdf | archived_sha256=fb01bcb922a38ef964a2ca2fddada5540426bf5b06317d931425ae8d699d6405,archived a1_extract.py/a1b_gender.py; shares independently recomputed from numeric CSV,percentage share (0-100); raw number of holdings in thousands,All-social-groups total for Jharkhand/Marginal/number=1962,30.9887869521,53.6697247706,raw ST=608; raw Others=1053; construction fact=f00127; stored gap=22.68 pp,recomputed_from_archived_official_report,deterministic_source_reconstruction_v1,2026-09-13,,,,diff,b,True
AgCensus2015-16 T2-4 Jharkhand/Medium/area/SCvsOthers,AgCensus2015-16,T2-4,Jharkhand,Medium,area,SCvsOthers,social_group,Scheduled Castes,Other social groups,1,1,0,0,diff,b,"Tables 2-4, PDF pages 29,35,41",https://www.fao.org/fileadmin/templates/ess/ess_test_folder/World_Census_Agriculture/WCA_2020/WCA_2020_new_doc/IND_REP_ENG_2015_2016.pdf | archived_sha256=fb01bcb922a38ef964a2ca2fddada5540426bf5b06317d931425ae8d699d6405,archived a1_extract.py/a1b_gender.py; shares independently recomputed from numeric CSV,percentage share (0-100); raw operated area in thousand hectares,All-social-groups total for Jharkhand/Medium/area=708,7.0621468927,39.8305084746,raw SC=50; raw Others=282; construction fact=f00496; stored gap=32.77 pp,recomputed_from_archived_official_report,deterministic_source_reconstruction_v1,2026-09-13,,,,diff,b,True
AgCensus2015-16 T2-4 Jharkhand/Medium/area/SCvsST,AgCensus2015-16,T2-4,Jharkhand,Medium,area,SCvsST,social_group,Scheduled Castes,Scheduled Tribes,1,1,0,0,diff,b,"Tables 2-4, PDF pages 29,35,41",https://www.fao.org/fileadmin/templates/ess/ess_test_folder/World_Census_Agriculture/WCA_2020/WCA_2020_new_doc/IND_REP_ENG_2015_2016.pdf | archived_sha256=fb01bcb922a38ef964a2ca2fddada5540426bf5b06317d931425ae8d699d6405,archived a1_extract.py/a1b_gender.py; shares independently recomputed from numeric CSV,percentage share (0-100); raw operated area in thousand hectares,All-social-groups total for Jharkhand/Medium/area=708,7.0621468927,53.1073446328,raw SC=50; raw ST=376; construction fact=f00495; stored gap=46.05 pp,recomputed_from_archived_official_report,deterministic_source_reconstruction_v1,2026-09-13,,,,diff,b,True
AgCensus2015-16 T2-4 Jharkhand/Medium/area/STvsOthers,AgCensus2015-16,T2-4,Jharkhand,Medium,area,STvsOthers,social_group,Scheduled Tribes,Other social groups,1,1,0,0,diff,a,"Tables 2-4, PDF pages 29,35,41",https://www.fao.org/fileadmin/templates/ess/ess_test_folder/World_Census_Agriculture/WCA_2020/WCA_2020_new_doc/IND_REP_ENG_2015_2016.pdf | archived_sha256=fb01bcb922a38ef964a2ca2fddada5540426bf5b06317d931425ae8d699d6405,archived a1_extract.py/a1b_gender.py; shares independently recomputed from numeric CSV,percentage share (0-100); raw operated area in thousand hectares,All-social-groups total for Jharkhand/Medium/area=708,53.1073446328,39.8305084746,raw ST=376; raw Others=282; construction fact=f00497; stored gap=13.28 pp,recomputed_from_archived_official_report,deterministic_source_reconstruction_v1,2026-09-13,,,,diff,a,True
AgCensus2015-16 T2-4 Jharkhand/Medium/number/SCvsOthers,AgCensus2015-16,T2-4,Jharkhand,Medium,number,SCvsOthers,social_group,Scheduled Castes,Other social groups,1,1,0,0,diff,b,"Tables 2-4, PDF pages 29,35,41",https://www.fao.org/fileadmin/templates/ess/ess_test_folder/World_Census_Agriculture/WCA_2020/WCA_2020_new_doc/IND_REP_ENG_2015_2016.pdf | archived_sha256=fb01bcb922a38ef964a2ca2fddada5540426bf5b06317d931425ae8d699d6405,archived a1_extract.py/a1b_gender.py; shares independently recomputed from numeric CSV,percentage share (0-100); raw number of holdings in thousands,All-social-groups total for Jharkhand/Medium/number=126,7.1428571429,40.4761904762,raw SC=9; raw Others=51; construction fact=f00129; stored gap=33.33 pp,recomputed_from_archived_official_report,deterministic_source_reconstruction_v1,2026-09-13,,,,diff,b,True
AgCensus2015-16 T2-4 Jharkhand/Medium/number/SCvsST,AgCensus2015-16,T2-4,Jharkhand,Medium,number,SCvsST,social_group,Scheduled Castes,Scheduled Tribes,1,1,0,0,diff,b,"Tables 2-4, PDF pages 29,35,41",https://www.fao.org/fileadmin/templates/ess/ess_test_folder/World_Census_Agriculture/WCA_2020/WCA_2020_new_doc/IND_REP_ENG_2015_2016.pdf | archived_sha256=fb01bcb922a38ef964a2ca2fddada5540426bf5b06317d931425ae8d699d6405,archived a1_extract.py/a1b_gender.py; shares independently recomputed from numeric CSV,percentage share (0-100); raw number of holdings in thousands,All-social-groups total for Jharkhand/Medium/number=126,7.1428571429,52.3809523810,raw SC=9; raw ST=66; construction fact=f00128; stored gap=45.24 pp,recomputed_from_archived_official_report,deterministic_source_reconstruction_v1,2026-09-13,,,,diff,b,True
AgCensus2015-16 T2-4 Jharkhand/Medium/number/STvsOthers,AgCensus2015-16,T2-4,Jharkhand,Medium,number,STvsOthers,social_group,Scheduled Tribes,Other social groups,1,0,0,1,diff,a,"Tables 2-4, PDF pages 29,35,41",https://www.fao.org/fileadmin/templates/ess/ess_test_folder/World_Census_Agriculture/WCA_2020/WCA_2020_new_doc/IND_REP_ENG_2015_2016.pdf | archived_sha256=fb01bcb922a38ef964a2ca2fddada5540426bf5b06317d931425ae8d699d6405,archived a1_extract.py/a1b_gender.py; shares independently recomputed from numeric CSV,percentage share (0-100); raw number of holdings in thousands,All-social-groups total for Jharkhand/Medium/number=126,52.3809523810,40.4761904762,raw ST=66; raw Others=51; construction fact=f00130; stored gap=11.9 pp,recomputed_from_archived_official_report,deterministic_source_reconstruction_v1,2026-09-13,,,,diff,a,True
AgCensus2015-16 T2-4 Jharkhand/SC/area/Semi-mediumvsMedium,AgCensus2015-16,T2-4,Jharkhand,SC,area,Semi-mediumvsMedium,landholding,semi-medium operated area,medium operated area,3,3,0,0,equal,c,"Table 3, PDF pages 31,34,35",https://www.fao.org/fileadmin/templates/ess/ess_test_folder/World_Census_Agriculture/WCA_2020/WCA_2020_new_doc/IND_REP_ENG_2015_2016.pdf | archived_sha256=fb01bcb922a38ef964a2ca2fddada5540426bf5b06317d931425ae8d699d6405,archived a1_extract.py/a1b_gender.py; shares independently recomputed from numeric CSV,percentage share (0-100); raw operated area in thousand hectares,All Classes total for Jharkhand/SC/area=310,20.3225806452,16.1290322581,raw Semi-medium=63; raw Medium=50; construction fact=f01662; stored gap=4.19 pp,recomputed_from_archived_official_report,deterministic_source_reconstruction_v1,2026-09-13,,,,equal,c,True
AgCensus2015-16 T2-4 Jharkhand/SC/area/SmallvsMedium,AgCensus2015-16,T2-4,Jharkhand,SC,area,SmallvsMedium,landholding,small operated area,medium operated area,4,4,0,0,equal,c,"Table 3, PDF pages 31,33,35",https://www.fao.org/fileadmin/templates/ess/ess_test_folder/World_Census_Agriculture/WCA_2020/WCA_2020_new_doc/IND_REP_ENG_2015_2016.pdf | archived_sha256=fb01bcb922a38ef964a2ca2fddada5540426bf5b06317d931425ae8d699d6405,archived a1_extract.py/a1b_gender.py; shares independently recomputed from numeric CSV,percentage share (0-100); raw operated area in thousand hectares,All Classes total for Jharkhand/SC/area=310,19.6774193548,16.1290322581,raw Small=61; raw Medium=50; construction fact=f01660; stored gap=3.55 pp,recomputed_from_archived_official_report,deterministic_source_reconstruction_v1,2026-09-13,,,,equal,c,True
AgCensus2015-16 T2-4 Jharkhand/SC/area/SmallvsSemi-medium,AgCensus2015-16,T2-4,Jharkhand,SC,area,SmallvsSemi-medium,landholding,small operated area,semi-medium operated area,3,3,0,0,equal,c,"Table 3, PDF pages 31,33,34",https://www.fao.org/fileadmin/templates/ess/ess_test_folder/World_Census_Agriculture/WCA_2020/WCA_2020_new_doc/IND_REP_ENG_2015_2016.pdf | archived_sha256=fb01bcb922a38ef964a2ca2fddada5540426bf5b06317d931425ae8d699d6405,archived a1_extract.py/a1b_gender.py; shares independently recomputed from numeric CSV,percentage share (0-100); raw operated area in thousand hectares,All Classes total for Jharkhand/SC/area=310,19.6774193548,20.3225806452,raw Small=61; raw Semi-medium=63; construction fact=f01659; stored gap=0.65 pp,recomputed_from_archived_official_report,deterministic_source_reconstruction_v1,2026-09-13,,,,equal,c,True
AgCensus2015-16 T2-4 Jharkhand/SC/number/MarginalvsLarge,AgCensus2015-16,T2-4,Jharkhand,SC,number,MarginalvsLarge,landholding,marginal holdings,large holdings,1,0,0,1,diff,a,"Table 3, PDF pages 31,32,36",https://www.fao.org/fileadmin/templates/ess/ess_test_folder/World_Census_Agriculture/WCA_2020/WCA_2020_new_doc/IND_REP_ENG_2015_2016.pdf | archived_sha256=fb01bcb922a38ef964a2ca2fddada5540426bf5b06317d931425ae8d699d6405,archived a1_extract.py/a1b_gender.py; shares independently recomputed from numeric CSV,percentage share (0-100); raw number of holdings in thousands,All Classes total for Jharkhand/SC/number=379,79.4195250660,0.2638522427,raw Marginal=301; raw Large=1; construction fact=f01028; stored gap=79.16 pp,recomputed_from_archived_official_report,deterministic_source_reconstruction_v1,2026-09-13,,,,diff,a,True
AgCensus2015-16 T2-4 Jharkhand/SC/number/MarginalvsMedium,AgCensus2015-16,T2-4,Jharkhand,SC,number,MarginalvsMedium,landholding,marginal holdings,medium holdings,1,0,0,1,diff,a,"Table 3, PDF pages 31,32,35",https://www.fao.org/fileadmin/templates/ess/ess_test_folder/World_Census_Agriculture/WCA_2020/WCA_2020_new_doc/IND_REP_ENG_2015_2016.pdf | archived_sha256=fb01bcb922a38ef964a2ca2fddada5540426bf5b06317d931425ae8d699d6405,archived a1_extract.py/a1b_gender.py; shares independently recomputed from numeric CSV,percentage share (0-100); raw number of holdings in thousands,All Classes total for Jharkhand/SC/number=379,79.4195250660,2.3746701847,raw Marginal=301; raw Medium=9; construction fact=f01027; stored gap=77.04 pp,recomputed_from_archived_official_report,deterministic_source_reconstruction_v1,2026-09-13,,,,diff,a,True
AgCensus2015-16 T2-4 Jharkhand/SC/number/MarginalvsSemi-medium,AgCensus2015-16,T2-4,Jharkhand,SC,number,MarginalvsSemi-medium,landholding,marginal holdings,semi-medium holdings,1,0,0,1,diff,a,"Table 3, PDF pages 31,32,34",https://www.fao.org/fileadmin/templates/ess/ess_test_folder/World_Census_Agriculture/WCA_2020/WCA_2020_new_doc/IND_REP_ENG_2015_2016.pdf | archived_sha256=fb01bcb922a38ef964a2ca2fddada5540426bf5b06317d931425ae8d699d6405,archived a1_extract.py/a1b_gender.py; shares independently recomputed from numeric CSV,percentage share (0-100); raw number of holdings in thousands,All Classes total for Jharkhand/SC/number=379,79.4195250660,6.0686015831,raw Marginal=301; raw Semi-medium=23; construction fact=f01026; stored gap=73.35 pp,recomputed_from_archived_official_report,deterministic_source_reconstruction_v1,2026-09-13,,,,diff,a,True
AgCensus2015-16 T2-4 Jharkhand/SC/number/MarginalvsSmall,AgCensus2015-16,T2-4,Jharkhand,SC,number,MarginalvsSmall,landholding,marginal holdings,small holdings,1,1,0,0,diff,a,"Table 3, PDF pages 31,32,33",https://www.fao.org/fileadmin/templates/ess/ess_test_folder/World_Census_Agriculture/WCA_2020/WCA_2020_new_doc/IND_REP_ENG_2015_2016.pdf | archived_sha256=fb01bcb922a38ef964a2ca2fddada5540426bf5b06317d931425ae8d699d6405,archived a1_extract.py/a1b_gender.py; shares independently recomputed from numeric CSV,percentage share (0-100); raw number of holdings in thousands,All Classes total for Jharkhand/SC/number=379,79.4195250660,11.8733509235,raw Marginal=301; raw Small=45; construction fact=f01025; stored gap=67.55 pp,recomputed_from_archived_official_report,deterministic_source_reconstruction_v1,2026-09-13,,,,diff,a,True
AgCensus2015-16 T2-4 Jharkhand/SC/number/Semi-mediumvsMedium,AgCensus2015-16,T2-4,Jharkhand,SC,number,Semi-mediumvsMedium,landholding,semi-medium holdings,medium holdings,3,0,0,3,equal,c,"Table 3, PDF pages 31,34,35",https://www.fao.org/fileadmin/templates/ess/ess_test_folder/World_Census_Agriculture/WCA_2020/WCA_2020_new_doc/IND_REP_ENG_2015_2016.pdf | archived_sha256=fb01bcb922a38ef964a2ca2fddada5540426bf5b06317d931425ae8d699d6405,archived a1_extract.py/a1b_gender.py; shares independently recomputed from numeric CSV,percentage share (0-100); raw number of holdings in thousands,All Classes total for Jharkhand/SC/number=379,6.0686015831,2.3746701847,raw Semi-medium=23; raw Medium=9; construction fact=f01030; stored gap=3.69 pp,recomputed_from_archived_official_report,deterministic_source_reconstruction_v1,2026-09-13,,,,equal,c,True
AgCensus2015-16 T2-4 Jharkhand/SC/number/SmallvsLarge,AgCensus2015-16,T2-4,Jharkhand,SC,number,SmallvsLarge,landholding,small holdings,large holdings,1,0,0,1,diff,a,"Table 3, PDF pages 31,33,36",https://www.fao.org/fileadmin/templates/ess/ess_test_folder/World_Census_Agriculture/WCA_2020/WCA_2020_new_doc/IND_REP_ENG_2015_2016.pdf | archived_sha256=fb01bcb922a38ef964a2ca2fddada5540426bf5b06317d931425ae8d699d6405,archived a1_extract.py/a1b_gender.py; shares independently recomputed from numeric CSV,percentage share (0-100); raw number of holdings in thousands,All Classes total for Jharkhand/SC/number=379,11.8733509235,0.2638522427,raw Small=45; raw Large=1; construction fact=f01029; stored gap=11.61 pp,recomputed_from_archived_official_report,deterministic_source_reconstruction_v1,2026-09-13,,,,diff,a,True
AgCensus2015-16 T2-4 Jharkhand/ST/area/MarginalvsSmall,AgCensus2015-16,T2-4,Jharkhand,ST,area,MarginalvsSmall,landholding,marginal operated area,small operated area,1,0,0,1,equal,c,"Table 4, PDF pages 37,38,39",https://www.fao.org/fileadmin/templates/ess/ess_test_folder/World_Census_Agriculture/WCA_2020/WCA_2020_new_doc/IND_REP_ENG_2015_2016.pdf | archived_sha256=fb01bcb922a38ef964a2ca2fddada5540426bf5b06317d931425ae8d699d6405,archived a1_extract.py/a1b_gender.py; shares independently recomputed from numeric CSV,percentage share (0-100); raw operated area in thousand hectares,All Classes total for Jharkhand/ST/area=1388,18.2276657061,16.4985590778,raw Marginal=253; raw Small=229; construction fact=f01837; stored gap=1.73 pp,recomputed_from_archived_official_report,deterministic_source_reconstruction_v1,2026-09-13,,,,equal,c,True
AgCensus2015-16 T2-4 Jharkhand/ST/area/Semi-mediumvsMedium,AgCensus2015-16,T2-4,Jharkhand,ST,area,Semi-mediumvsMedium,landholding,semi-medium operated area,medium operated area,1,1,0,0,equal,c,"Table 4, PDF pages 37,40,41",https://www.fao.org/fileadmin/templates/ess/ess_test_folder/World_Census_Agriculture/WCA_2020/WCA_2020_new_doc/IND_REP_ENG_2015_2016.pdf | archived_sha256=fb01bcb922a38ef964a2ca2fddada5540426bf5b06317d931425ae8d699d6405,archived a1_extract.py/a1b_gender.py; shares independently recomputed from numeric CSV,percentage share (0-100); raw operated area in thousand hectares,All Classes total for Jharkhand/ST/area=1388,25.0720461095,27.0893371758,raw Semi-medium=348; raw Medium=376; construction fact=f01840; stored gap=2.02 pp,recomputed_from_archived_official_report,deterministic_source_reconstruction_v1,2026-09-13,,,,equal,c,True
AgCensus2015-16 T2-4 Jharkhand/ST/area/SmallvsLarge,AgCensus2015-16,T2-4,Jharkhand,ST,area,SmallvsLarge,landholding,small operated area,large operated area,1,0,0,1,equal,c,"Table 4, PDF pages 37,39,42",https://www.fao.org/fileadmin/templates/ess/ess_test_folder/World_Census_Agriculture/WCA_2020/WCA_2020_new_doc/IND_REP_ENG_2015_2016.pdf | archived_sha256=fb01bcb922a38ef964a2ca2fddada5540426bf5b06317d931425ae8d699d6405,archived a1_extract.py/a1b_gender.py; shares independently recomputed from numeric CSV,percentage share (0-100); raw operated area in thousand hectares,All Classes total for Jharkhand/ST/area=1388,16.4985590778,13.1123919308,raw Small=229; raw Large=182; construction fact=f01839; stored gap=3.39 pp,recomputed_from_archived_official_report,deterministic_source_reconstruction_v1,2026-09-13,,,,equal,c,True
AgCensus2015-16 T2-4 Jharkhand/ST/number/MarginalvsLarge,AgCensus2015-16,T2-4,Jharkhand,ST,number,MarginalvsLarge,landholding,marginal holdings,large holdings,1,1,0,0,diff,a,"Table 4, PDF pages 37,38,42",https://www.fao.org/fileadmin/templates/ess/ess_test_folder/World_Census_Agriculture/WCA_2020/WCA_2020_new_doc/IND_REP_ENG_2015_2016.pdf | archived_sha256=fb01bcb922a38ef964a2ca2fddada5540426bf5b06317d931425ae8d699d6405,archived a1_extract.py/a1b_gender.py; shares independently recomputed from numeric CSV,percentage share (0-100); raw number of holdings in thousands,All Classes total for Jharkhand/ST/number=979,62.1041879469,1.2257405516,raw Marginal=608; raw Large=12; construction fact=f01184; stored gap=60.88 pp,recomputed_from_archived_official_report,deterministic_source_reconstruction_v1,2026-09-13,,,,diff,a,True
AgCensus2015-16 T2-4 Jharkhand/ST/number/MarginalvsMedium,AgCensus2015-16,T2-4,Jharkhand,ST,number,MarginalvsMedium,landholding,marginal holdings,medium holdings,1,1,0,0,diff,a,"Table 4, PDF pages 37,38,41",https://www.fao.org/fileadmin/templates/ess/ess_test_folder/World_Census_Agriculture/WCA_2020/WCA_2020_new_doc/IND_REP_ENG_2015_2016.pdf | archived_sha256=fb01bcb922a38ef964a2ca2fddada5540426bf5b06317d931425ae8d699d6405,archived a1_extract.py/a1b_gender.py; shares independently recomputed from numeric CSV,percentage share (0-100); raw number of holdings in thousands,All Classes total for Jharkhand/ST/number=979,62.1041879469,6.7415730337,raw Marginal=608; raw Medium=66; construction fact=f01183; stored gap=55.36 pp,recomputed_from_archived_official_report,deterministic_source_reconstruction_v1,2026-09-13,,,,diff,a,True
AgCensus2015-16 T2-4 Jharkhand/ST/number/MarginalvsSmall,AgCensus2015-16,T2-4,Jharkhand,ST,number,MarginalvsSmall,landholding,marginal holdings,small holdings,1,0,0,1,diff,a,"Table 4, PDF pages 37,38,39",https://www.fao.org/fileadmin/templates/ess/ess_test_folder/World_Census_Agriculture/WCA_2020/WCA_2020_new_doc/IND_REP_ENG_2015_2016.pdf | archived_sha256=fb01bcb922a38ef964a2ca2fddada5540426bf5b06317d931425ae8d699d6405,archived a1_extract.py/a1b_gender.py; shares independently recomputed from numeric CSV,percentage share (0-100); raw number of holdings in thousands,All Classes total for Jharkhand/ST/number=979,62.1041879469,17.1603677222,raw Marginal=608; raw Small=168; construction fact=f01181; stored gap=44.94 pp,recomputed_from_archived_official_report,deterministic_source_reconstruction_v1,2026-09-13,,,,diff,a,True
AgCensus2015-16 T2-4 Jharkhand/ST/number/SmallvsLarge,AgCensus2015-16,T2-4,Jharkhand,ST,number,SmallvsLarge,landholding,small holdings,large holdings,1,0,0,1,diff,a,"Table 4, PDF pages 37,39,42",https://www.fao.org/fileadmin/templates/ess/ess_test_folder/World_Census_Agriculture/WCA_2020/WCA_2020_new_doc/IND_REP_ENG_2015_2016.pdf | archived_sha256=fb01bcb922a38ef964a2ca2fddada5540426bf5b06317d931425ae8d699d6405,archived a1_extract.py/a1b_gender.py; shares independently recomputed from numeric CSV,percentage share (0-100); raw number of holdings in thousands,All Classes total for Jharkhand/ST/number=979,17.1603677222,1.2257405516,raw Small=168; raw Large=12; construction fact=f01187; stored gap=15.93 pp,recomputed_from_archived_official_report,deterministic_source_reconstruction_v1,2026-09-13,,,,diff,a,True
AgCensus2015-16 T2-4 Jharkhand/ST/number/SmallvsMedium,AgCensus2015-16,T2-4,Jharkhand,ST,number,SmallvsMedium,landholding,small holdings,medium holdings,1,1,0,0,diff,a,"Table 4, PDF pages 37,39,41",https://www.fao.org/fileadmin/templates/ess/ess_test_folder/World_Census_Agriculture/WCA_2020/WCA_2020_new_doc/IND_REP_ENG_2015_2016.pdf | archived_sha256=fb01bcb922a38ef964a2ca2fddada5540426bf5b06317d931425ae8d699d6405,archived a1_extract.py/a1b_gender.py; shares independently recomputed from numeric CSV,percentage share (0-100); raw number of holdings in thousands,All Classes total for Jharkhand/ST/number=979,17.1603677222,6.7415730337,raw Small=168; raw Medium=66; construction fact=f01186; stored gap=10.42 pp,recomputed_from_archived_official_report,deterministic_source_reconstruction_v1,2026-09-13,,,,diff,a,True
AgCensus2015-16 T2-4 Jharkhand/ST/number/SmallvsSemi-medium,AgCensus2015-16,T2-4,Jharkhand,ST,number,SmallvsSemi-medium,landholding,small holdings,semi-medium holdings,4,4,0,0,equal,c,"Table 4, PDF pages 37,39,40",https://www.fao.org/fileadmin/templates/ess/ess_test_folder/World_Census_Agriculture/WCA_2020/WCA_2020_new_doc/IND_REP_ENG_2015_2016.pdf | archived_sha256=fb01bcb922a38ef964a2ca2fddada5540426bf5b06317d931425ae8d699d6405,archived a1_extract.py/a1b_gender.py; shares independently recomputed from numeric CSV,percentage share (0-100); raw number of holdings in thousands,All Classes total for Jharkhand/ST/number=979,17.1603677222,12.7681307457,raw Small=168; raw Semi-medium=125; construction fact=f01185; stored gap=4.39 pp,recomputed_from_archived_official_report,deterministic_source_reconstruction_v1,2026-09-13,,,,equal,c,True
AgCensus2015-16 T2-4 Jharkhand/Semi-medium/area/SCvsOthers,AgCensus2015-16,T2-4,Jharkhand,Semi-medium,area,SCvsOthers,social_group,Scheduled Castes,Other social groups,1,1,0,0,diff,b,"Tables 2-4, PDF pages 28,34,40",https://www.fao.org/fileadmin/templates/ess/ess_test_folder/World_Census_Agriculture/WCA_2020/WCA_2020_new_doc/IND_REP_ENG_2015_2016.pdf | archived_sha256=fb01bcb922a38ef964a2ca2fddada5540426bf5b06317d931425ae8d699d6405,archived a1_extract.py/a1b_gender.py; shares independently recomputed from numeric CSV,percentage share (0-100); raw operated area in thousand hectares,All-social-groups total for Jharkhand/Semi-medium/area=755,8.3443708609,45.5629139073,raw SC=63; raw Others=344; construction fact=f00499; stored gap=37.22 pp,recomputed_from_archived_official_report,deterministic_source_reconstruction_v1,2026-09-13,,,,diff,b,True
AgCensus2015-16 T2-4 Jharkhand/Semi-medium/area/SCvsST,AgCensus2015-16,T2-4,Jharkhand,Semi-medium,area,SCvsST,social_group,Scheduled Castes,Scheduled Tribes,1,0,0,1,diff,b,"Tables 2-4, PDF pages 28,34,40",https://www.fao.org/fileadmin/templates/ess/ess_test_folder/World_Census_Agriculture/WCA_2020/WCA_2020_new_doc/IND_REP_ENG_2015_2016.pdf | archived_sha256=fb01bcb922a38ef964a2ca2fddada5540426bf5b06317d931425ae8d699d6405,archived a1_extract.py/a1b_gender.py; shares independently recomputed from numeric CSV,percentage share (0-100); raw operated area in thousand hectares,All-social-groups total for Jharkhand/Semi-medium/area=755,8.3443708609,46.0927152318,raw SC=63; raw ST=348; construction fact=f00498; stored gap=37.75 pp,recomputed_from_archived_official_report,deterministic_source_reconstruction_v1,2026-09-13,,,,diff,b,True
AgCensus2015-16 T2-4 Jharkhand/Semi-medium/area/STvsOthers,AgCensus2015-16,T2-4,Jharkhand,Semi-medium,area,STvsOthers,social_group,Scheduled Tribes,Other social groups,8,8,0,0,equal,c,"Tables 2-4, PDF pages 28,34,40",https://www.fao.org/fileadmin/templates/ess/ess_test_folder/World_Census_Agriculture/WCA_2020/WCA_2020_new_doc/IND_REP_ENG_2015_2016.pdf | archived_sha256=fb01bcb922a38ef964a2ca2fddada5540426bf5b06317d931425ae8d699d6405,archived a1_extract.py/a1b_gender.py; shares independently recomputed from numeric CSV,percentage share (0-100); raw operated area in thousand hectares,All-social-groups total for Jharkhand/Semi-medium/area=755,46.0927152318,45.5629139073,raw ST=348; raw Others=344; construction fact=f00500; stored gap=0.53 pp,recomputed_from_archived_official_report,deterministic_source_reconstruction_v1,2026-09-13,,,,equal,c,True
AgCensus2015-16 T2-4 Jharkhand/Semi-medium/number/SCvsOthers,AgCensus2015-16,T2-4,Jharkhand,Semi-medium,number,SCvsOthers,social_group,Scheduled Castes,Other social groups,1,1,0,0,diff,b,"Tables 2-4, PDF pages 28,34,40",https://www.fao.org/fileadmin/templates/ess/ess_test_folder/World_Census_Agriculture/WCA_2020/WCA_2020_new_doc/IND_REP_ENG_2015_2016.pdf | archived_sha256=fb01bcb922a38ef964a2ca2fddada5540426bf5b06317d931425ae8d699d6405,archived a1_extract.py/a1b_gender.py; shares independently recomputed from numeric CSV,percentage share (0-100); raw number of holdings in thousands,All-social-groups total for Jharkhand/Semi-medium/number=277,8.3032490975,46.5703971119,raw SC=23; raw Others=129; construction fact=f00132; stored gap=38.27 pp,recomputed_from_archived_official_report,deterministic_source_reconstruction_v1,2026-09-13,,,,diff,b,True
AgCensus2015-16 T2-4 Jharkhand/Semi-medium/number/SCvsST,AgCensus2015-16,T2-4,Jharkhand,Semi-medium,number,SCvsST,social_group,Scheduled Castes,Scheduled Tribes,1,0,0,1,diff,b,"Tables 2-4, PDF pages 28,34,40",https://www.fao.org/fileadmin/templates/ess/ess_test_folder/World_Census_Agriculture/WCA_2020/WCA_2020_new_doc/IND_REP_ENG_2015_2016.pdf | archived_sha256=fb01bcb922a38ef964a2ca2fddada5540426bf5b06317d931425ae8d699d6405,archived a1_extract.py/a1b_gender.py; shares independently recomputed from numeric CSV,percentage share (0-100); raw number of holdings in thousands,All-social-groups total for Jharkhand/Semi-medium/number=277,8.3032490975,45.1263537906,raw SC=23; raw ST=125; construction fact=f00131; stored gap=36.82 pp,recomputed_from_archived_official_report,deterministic_source_reconstruction_v1,2026-09-13,,,,diff,b,True
AgCensus2015-16 T2-4 Jharkhand/Semi-medium/number/STvsOthers,AgCensus2015-16,T2-4,Jharkhand,Semi-medium,number,STvsOthers,social_group,Scheduled Tribes,Other social groups,8,0,0,8,equal,c,"Tables 2-4, PDF pages 28,34,40",https://www.fao.org/fileadmin/templates/ess/ess_test_folder/World_Census_Agriculture/WCA_2020/WCA_2020_new_doc/IND_REP_ENG_2015_2016.pdf | archived_sha256=fb01bcb922a38ef964a2ca2fddada5540426bf5b06317d931425ae8d699d6405,archived a1_extract.py/a1b_gender.py; shares independently recomputed from numeric CSV,percentage share (0-100); raw number of holdings in thousands,All-social-groups total for Jharkhand/Semi-medium/number=277,45.1263537906,46.5703971119,raw ST=125; raw Others=129; construction fact=f00133; stored gap=1.44 pp,recomputed_from_archived_official_report,deterministic_source_reconstruction_v1,2026-09-13,,,,equal,c,True
AgCensus2015-16 T2-4 Jharkhand/Small/area/SCvsOthers,AgCensus2015-16,T2-4,Jharkhand,Small,area,SCvsOthers,social_group,Scheduled Castes,Other social groups,1,1,0,0,diff,b,"Tables 2-4, PDF pages 27,33,39",https://www.fao.org/fileadmin/templates/ess/ess_test_folder/World_Census_Agriculture/WCA_2020/WCA_2020_new_doc/IND_REP_ENG_2015_2016.pdf | archived_sha256=fb01bcb922a38ef964a2ca2fddada5540426bf5b06317d931425ae8d699d6405,archived a1_extract.py/a1b_gender.py; shares independently recomputed from numeric CSV,percentage share (0-100); raw operated area in thousand hectares,All-social-groups total for Jharkhand/Small/area=569,10.7205623902,49.0333919156,raw SC=61; raw Others=279; construction fact=f00502; stored gap=38.31 pp,recomputed_from_archived_official_report,deterministic_source_reconstruction_v1,2026-09-13,,,,diff,b,True
AgCensus2015-16 T2-4 Jharkhand/Small/area/SCvsST,AgCensus2015-16,T2-4,Jharkhand,Small,area,SCvsST,social_group,Scheduled Castes,Scheduled Tribes,1,0,0,1,diff,b,"Tables 2-4, PDF pages 27,33,39",https://www.fao.org/fileadmin/templates/ess/ess_test_folder/World_Census_Agriculture/WCA_2020/WCA_2020_new_doc/IND_REP_ENG_2015_2016.pdf | archived_sha256=fb01bcb922a38ef964a2ca2fddada5540426bf5b06317d931425ae8d699d6405,archived a1_extract.py/a1b_gender.py; shares independently recomputed from numeric CSV,percentage share (0-100); raw operated area in thousand hectares,All-social-groups total for Jharkhand/Small/area=569,10.7205623902,40.2460456942,raw SC=61; raw ST=229; construction fact=f00501; stored gap=29.53 pp,recomputed_from_archived_official_report,deterministic_source_reconstruction_v1,2026-09-13,,,,diff,b,True
AgCensus2015-16 T2-4 Jharkhand/Small/number/SCvsOthers,AgCensus2015-16,T2-4,Jharkhand,Small,number,SCvsOthers,social_group,Scheduled Castes,Other social groups,1,0,0,1,diff,b,"Tables 2-4, PDF pages 27,33,39",https://www.fao.org/fileadmin/templates/ess/ess_test_folder/World_Census_Agriculture/WCA_2020/WCA_2020_new_doc/IND_REP_ENG_2015_2016.pdf | archived_sha256=fb01bcb922a38ef964a2ca2fddada5540426bf5b06317d931425ae8d699d6405,archived a1_extract.py/a1b_gender.py; shares independently recomputed from numeric CSV,percentage share (0-100); raw number of holdings in thousands,All-social-groups total for Jharkhand/Small/number=419,10.7398568019,49.1646778043,raw SC=45; raw Others=206; construction fact=f00135; stored gap=38.42 pp,recomputed_from_archived_official_report,deterministic_source_reconstruction_v1,2026-09-13,,,,diff,b,True
AgCensus2015-16 T2-4 Jharkhand/Small/number/SCvsST,AgCensus2015-16,T2-4,Jharkhand,Small,number,SCvsST,social_group,Scheduled Castes,Scheduled Tribes,1,0,0,1,diff,b,"Tables 2-4, PDF pages 27,33,39",https://www.fao.org/fileadmin/templates/ess/ess_test_folder/World_Census_Agriculture/WCA_2020/WCA_2020_new_doc/IND_REP_ENG_2015_2016.pdf | archived_sha256=fb01bcb922a38ef964a2ca2fddada5540426bf5b06317d931425ae8d699d6405,archived a1_extract.py/a1b_gender.py; shares independently recomputed from numeric CSV,percentage share (0-100); raw number of holdings in thousands,All-social-groups total for Jharkhand/Small/number=419,10.7398568019,40.0954653938,raw SC=45; raw ST=168; construction fact=f00134; stored gap=29.36 pp,recomputed_from_archived_official_report,deterministic_source_reconstruction_v1,2026-09-13,,,,diff,b,True
AgCensus2015-16 T2-4 Karnataka/All Classes/area/SCvsOthers,AgCensus2015-16,T2-4,Karnataka,All Classes,area,SCvsOthers,social_group,Scheduled Castes,Other social groups,1,0,0,1,diff,b,"Tables 2-4, PDF pages 25,31,37",https://www.fao.org/fileadmin/templates/ess/ess_test_folder/World_Census_Agriculture/WCA_2020/WCA_2020_new_doc/IND_REP_ENG_2015_2016.pdf | archived_sha256=fb01bcb922a38ef964a2ca2fddada5540426bf5b06317d931425ae8d699d6405,archived a1_extract.py/a1b_gender.py; shares independently recomputed from numeric CSV,percentage share (0-100); raw operated area in thousand hectares,All-social-groups total for Karnataka/All Classes/area=11805,9.3858534519,84.4303261330,raw SC=1108; raw Others=9967; construction fact=f00504; stored gap=75.04 pp,recomputed_from_archived_official_report,deterministic_source_reconstruction_v1,2026-09-13,,,,diff,b,True
AgCensus2015-16 T2-4 Karnataka/All Classes/area/SCvsST,AgCensus2015-16,T2-4,Karnataka,All Classes,area,SCvsST,social_group,Scheduled Castes,Scheduled Tribes,8,0,0,8,equal,c,"Tables 2-4, PDF pages 25,31,37",https://www.fao.org/fileadmin/templates/ess/ess_test_folder/World_Census_Agriculture/WCA_2020/WCA_2020_new_doc/IND_REP_ENG_2015_2016.pdf | archived_sha256=fb01bcb922a38ef964a2ca2fddada5540426bf5b06317d931425ae8d699d6405,archived a1_extract.py/a1b_gender.py; shares independently recomputed from numeric CSV,percentage share (0-100); raw operated area in thousand hectares,All-social-groups total for Karnataka/All Classes/area=11805,9.3858534519,6.1838204151,raw SC=1108; raw ST=730; construction fact=f00503; stored gap=3.2 pp,recomputed_from_archived_official_report,deterministic_source_reconstruction_v1,2026-09-13,,,,equal,c,True
AgCensus2015-16 T2-4 Karnataka/All Classes/area/STvsOthers,AgCensus2015-16,T2-4,Karnataka,All Classes,area,STvsOthers,social_group,Scheduled Tribes,Other social groups,1,0,0,1,diff,b,"Tables 2-4, PDF pages 25,31,37",https://www.fao.org/fileadmin/templates/ess/ess_test_folder/World_Census_Agriculture/WCA_2020/WCA_2020_new_doc/IND_REP_ENG_2015_2016.pdf | archived_sha256=fb01bcb922a38ef964a2ca2fddada5540426bf5b06317d931425ae8d699d6405,archived a1_extract.py/a1b_gender.py; shares independently recomputed from numeric CSV,percentage share (0-100); raw operated area in thousand hectares,All-social-groups total for Karnataka/All Classes/area=11805,6.1838204151,84.4303261330,raw ST=730; raw Others=9967; construction fact=f00505; stored gap=78.25 pp,recomputed_from_archived_official_report,deterministic_source_reconstruction_v1,2026-09-13,,,,diff,b,True
AgCensus2015-16 T2-4 Karnataka/All Classes/number/SCvsOthers,AgCensus2015-16,T2-4,Karnataka,All Classes,number,SCvsOthers,social_group,Scheduled Castes,Other social groups,1,1,0,0,diff,b,"Tables 2-4, PDF pages 25,31,37",https://www.fao.org/fileadmin/templates/ess/ess_test_folder/World_Census_Agriculture/WCA_2020/WCA_2020_new_doc/IND_REP_ENG_2015_2016.pdf | archived_sha256=fb01bcb922a38ef964a2ca2fddada5540426bf5b06317d931425ae8d699d6405,archived a1_extract.py/a1b_gender.py; shares independently recomputed from numeric CSV,percentage share (0-100); raw number of holdings in thousands,All-social-groups total for Karnataka/All Classes/number=8681,11.2083861306,82.7900011519,raw SC=973; raw Others=7187; construction fact=f00136; stored gap=71.58 pp,recomputed_from_archived_official_report,deterministic_source_reconstruction_v1,2026-09-13,,,,diff,b,True
AgCensus2015-16 T2-4 Karnataka/All Classes/number/STvsOthers,AgCensus2015-16,T2-4,Karnataka,All Classes,number,STvsOthers,social_group,Scheduled Tribes,Other social groups,1,0,1,0,diff,b,"Tables 2-4, PDF pages 25,31,37",https://www.fao.org/fileadmin/templates/ess/ess_test_folder/World_Census_Agriculture/WCA_2020/WCA_2020_new_doc/IND_REP_ENG_2015_2016.pdf | archived_sha256=fb01bcb922a38ef964a2ca2fddada5540426bf5b06317d931425ae8d699d6405,archived a1_extract.py/a1b_gender.py; shares independently recomputed from numeric CSV,percentage share (0-100); raw number of holdings in thousands,All-social-groups total for Karnataka/All Classes/number=8681,6.0016127174,82.7900011519,raw ST=521; raw Others=7187; construction fact=f00137; stored gap=76.79 pp,recomputed_from_archived_official_report,deterministic_source_reconstruction_v1,2026-09-13,,,,diff,b,True
AgCensus2015-16 T2-4 Karnataka/All/area/MarginalvsMedium,AgCensus2015-16,T2-4,Karnataka,All,area,MarginalvsMedium,landholding,marginal operated area,medium operated area,2,2,0,0,equal,c,"Table 2, PDF pages 25,26,29",https://www.fao.org/fileadmin/templates/ess/ess_test_folder/World_Census_Agriculture/WCA_2020/WCA_2020_new_doc/IND_REP_ENG_2015_2016.pdf | archived_sha256=fb01bcb922a38ef964a2ca2fddada5540426bf5b06317d931425ae8d699d6405,archived a1_extract.py/a1b_gender.py; shares independently recomputed from numeric CSV,percentage share (0-100); raw operated area in thousand hectares,All Classes total for Karnataka/All/area=11805,17.6196526895,21.7619652690,raw Marginal=2080; raw Medium=2569; construction fact=f01437; stored gap=4.14 pp,recomputed_from_archived_official_report,deterministic_source_reconstruction_v1,2026-09-13,,,,equal,c,True
AgCensus2015-16 T2-4 Karnataka/All/area/SmallvsMedium,AgCensus2015-16,T2-4,Karnataka,All,area,SmallvsMedium,landholding,small operated area,medium operated area,4,0,0,4,equal,c,"Table 2, PDF pages 25,27,29",https://www.fao.org/fileadmin/templates/ess/ess_test_folder/World_Census_Agriculture/WCA_2020/WCA_2020_new_doc/IND_REP_ENG_2015_2016.pdf | archived_sha256=fb01bcb922a38ef964a2ca2fddada5540426bf5b06317d931425ae8d699d6405,archived a1_extract.py/a1b_gender.py; shares independently recomputed from numeric CSV,percentage share (0-100); raw operated area in thousand hectares,All Classes total for Karnataka/All/area=11805,26.3193562050,21.7619652690,raw Small=3107; raw Medium=2569; construction fact=f01440; stored gap=4.56 pp,recomputed_from_archived_official_report,deterministic_source_reconstruction_v1,2026-09-13,,,,equal,c,True
AgCensus2015-16 T2-4 Karnataka/All/area/SmallvsSemi-medium,AgCensus2015-16,T2-4,Karnataka,All,area,SmallvsSemi-medium,landholding,small operated area,semi-medium operated area,3,3,0,0,equal,c,"Table 2, PDF pages 25,27,28",https://www.fao.org/fileadmin/templates/ess/ess_test_folder/World_Census_Agriculture/WCA_2020/WCA_2020_new_doc/IND_REP_ENG_2015_2016.pdf | archived_sha256=fb01bcb922a38ef964a2ca2fddada5540426bf5b06317d931425ae8d699d6405,archived a1_extract.py/a1b_gender.py; shares independently recomputed from numeric CSV,percentage share (0-100); raw operated area in thousand hectares,All Classes total for Karnataka/All/area=11805,26.3193562050,27.0055061415,raw Small=3107; raw Semi-medium=3188; construction fact=f01439; stored gap=0.69 pp,recomputed_from_archived_official_report,deterministic_source_reconstruction_v1,2026-09-13,,,,equal,c,True
AgCensus2015-16 T2-4 Karnataka/All/number/MarginalvsLarge,AgCensus2015-16,T2-4,Karnataka,All,number,MarginalvsLarge,landholding,marginal holdings,large holdings,1,1,0,0,diff,a,"Table 2, PDF pages 25,26,30",https://www.fao.org/fileadmin/templates/ess/ess_test_folder/World_Census_Agriculture/WCA_2020/WCA_2020_new_doc/IND_REP_ENG_2015_2016.pdf | archived_sha256=fb01bcb922a38ef964a2ca2fddada5540426bf5b06317d931425ae8d699d6405,archived a1_extract.py/a1b_gender.py; shares independently recomputed from numeric CSV,percentage share (0-100); raw number of holdings in thousands,All Classes total for Karnataka/All/number=8681,54.9130284529,0.6450869715,raw Marginal=4767; raw Large=56; construction fact=f00833; stored gap=54.27 pp,recomputed_from_archived_official_report,deterministic_source_reconstruction_v1,2026-09-13,,,,diff,a,True
AgCensus2015-16 T2-4 Karnataka/All/number/MarginalvsSemi-medium,AgCensus2015-16,T2-4,Karnataka,All,number,MarginalvsSemi-medium,landholding,marginal holdings,semi-medium holdings,1,1,0,0,diff,a,"Table 2, PDF pages 25,26,28",https://www.fao.org/fileadmin/templates/ess/ess_test_folder/World_Census_Agriculture/WCA_2020/WCA_2020_new_doc/IND_REP_ENG_2015_2016.pdf | archived_sha256=fb01bcb922a38ef964a2ca2fddada5540426bf5b06317d931425ae8d699d6405,archived a1_extract.py/a1b_gender.py; shares independently recomputed from numeric CSV,percentage share (0-100); raw number of holdings in thousands,All Classes total for Karnataka/All/number=8681,54.9130284529,13.7426563760,raw Marginal=4767; raw Semi-medium=1193; construction fact=f00831; stored gap=41.17 pp,recomputed_from_archived_official_report,deterministic_source_reconstruction_v1,2026-09-13,,,,diff,a,True
AgCensus2015-16 T2-4 Karnataka/All/number/MediumvsLarge,AgCensus2015-16,T2-4,Karnataka,All,number,MediumvsLarge,landholding,medium holdings,large holdings,4,0,0,4,equal,c,"Table 2, PDF pages 25,29,30",https://www.fao.org/fileadmin/templates/ess/ess_test_folder/World_Census_Agriculture/WCA_2020/WCA_2020_new_doc/IND_REP_ENG_2015_2016.pdf | archived_sha256=fb01bcb922a38ef964a2ca2fddada5540426bf5b06317d931425ae8d699d6405,archived a1_extract.py/a1b_gender.py; shares independently recomputed from numeric CSV,percentage share (0-100); raw number of holdings in thousands,All Classes total for Karnataka/All/number=8681,5.1952540030,0.6450869715,raw Medium=451; raw Large=56; construction fact=f00838; stored gap=4.55 pp,recomputed_from_archived_official_report,deterministic_source_reconstruction_v1,2026-09-13,,,,equal,c,True
AgCensus2015-16 T2-4 Karnataka/All/number/SmallvsLarge,AgCensus2015-16,T2-4,Karnataka,All,number,SmallvsLarge,landholding,small holdings,large holdings,1,1,0,0,diff,a,"Table 2, PDF pages 25,27,30",https://www.fao.org/fileadmin/templates/ess/ess_test_folder/World_Census_Agriculture/WCA_2020/WCA_2020_new_doc/IND_REP_ENG_2015_2016.pdf | archived_sha256=fb01bcb922a38ef964a2ca2fddada5540426bf5b06317d931425ae8d699d6405,archived a1_extract.py/a1b_gender.py; shares independently recomputed from numeric CSV,percentage share (0-100); raw number of holdings in thousands,All Classes total for Karnataka/All/number=8681,25.5039741965,0.6450869715,raw Small=2214; raw Large=56; construction fact=f00836; stored gap=24.86 pp,recomputed_from_archived_official_report,deterministic_source_reconstruction_v1,2026-09-13,,,,diff,a,True
AgCensus2015-16 T2-4 Karnataka/All/number/SmallvsMedium,AgCensus2015-16,T2-4,Karnataka,All,number,SmallvsMedium,landholding,small holdings,medium holdings,1,0,0,1,diff,a,"Table 2, PDF pages 25,27,29",https://www.fao.org/fileadmin/templates/ess/ess_test_folder/World_Census_Agriculture/WCA_2020/WCA_2020_new_doc/IND_REP_ENG_2015_2016.pdf | archived_sha256=fb01bcb922a38ef964a2ca2fddada5540426bf5b06317d931425ae8d699d6405,archived a1_extract.py/a1b_gender.py; shares independently recomputed from numeric CSV,percentage share (0-100); raw number of holdings in thousands,All Classes total for Karnataka/All/number=8681,25.5039741965,5.1952540030,raw Small=2214; raw Medium=451; construction fact=f00835; stored gap=20.31 pp,recomputed_from_archived_official_report,deterministic_source_reconstruction_v1,2026-09-13,,,,diff,a,True
AgCensus2015-16 T2-4 Karnataka/All/number/SmallvsSemi-medium,AgCensus2015-16,T2-4,Karnataka,All,number,SmallvsSemi-medium,landholding,small holdings,semi-medium holdings,1,0,0,1,diff,a,"Table 2, PDF pages 25,27,28",https://www.fao.org/fileadmin/templates/ess/ess_test_folder/World_Census_Agriculture/WCA_2020/WCA_2020_new_doc/IND_REP_ENG_2015_2016.pdf | archived_sha256=fb01bcb922a38ef964a2ca2fddada5540426bf5b06317d931425ae8d699d6405,archived a1_extract.py/a1b_gender.py; shares independently recomputed from numeric CSV,percentage share (0-100); raw number of holdings in thousands,All Classes total for Karnataka/All/number=8681,25.5039741965,13.7426563760,raw Small=2214; raw Semi-medium=1193; construction fact=f00834; stored gap=11.76 pp,recomputed_from_archived_official_report,deterministic_source_reconstruction_v1,2026-09-13,,,,diff,a,True
AgCensus2015-16 T2-4 Karnataka/Large/area/SCvsOthers,AgCensus2015-16,T2-4,Karnataka,Large,area,SCvsOthers,social_group,Scheduled Castes,Other social groups,1,1,0,0,diff,b,"Tables 2-4, PDF pages 30,36,42",https://www.fao.org/fileadmin/templates/ess/ess_test_folder/World_Census_Agriculture/WCA_2020/WCA_2020_new_doc/IND_REP_ENG_2015_2016.pdf | archived_sha256=fb01bcb922a38ef964a2ca2fddada5540426bf5b06317d931425ae8d699d6405,archived a1_extract.py/a1b_gender.py; shares independently recomputed from numeric CSV,percentage share (0-100); raw operated area in thousand hectares,All-social-groups total for Karnataka/Large/area=861,4.9941927991,89.3147502904,raw SC=43; raw Others=769; construction fact=f00507; stored gap=84.32 pp,recomputed_from_archived_official_report,deterministic_source_reconstruction_v1,2026-09-13,,,,diff,b,True
AgCensus2015-16 T2-4 Karnataka/Large/area/SCvsST,AgCensus2015-16,T2-4,Karnataka,Large,area,SCvsST,social_group,Scheduled Castes,Scheduled Tribes,8,8,0,0,equal,c,"Tables 2-4, PDF pages 30,36,42",https://www.fao.org/fileadmin/templates/ess/ess_test_folder/World_Census_Agriculture/WCA_2020/WCA_2020_new_doc/IND_REP_ENG_2015_2016.pdf | archived_sha256=fb01bcb922a38ef964a2ca2fddada5540426bf5b06317d931425ae8d699d6405,archived a1_extract.py/a1b_gender.py; shares independently recomputed from numeric CSV,percentage share (0-100); raw operated area in thousand hectares,All-social-groups total for Karnataka/Large/area=861,4.9941927991,5.6910569106,raw SC=43; raw ST=49; construction fact=f00506; stored gap=0.7 pp,recomputed_from_archived_official_report,deterministic_source_reconstruction_v1,2026-09-13,,,,equal,c,True
AgCensus2015-16 T2-4 Karnataka/Large/area/STvsOthers,AgCensus2015-16,T2-4,Karnataka,Large,area,STvsOthers,social_group,Scheduled Tribes,Other social groups,1,1,0,0,diff,b,"Tables 2-4, PDF pages 30,36,42",https://www.fao.org/fileadmin/templates/ess/ess_test_folder/World_Census_Agriculture/WCA_2020/WCA_2020_new_doc/IND_REP_ENG_2015_2016.pdf | archived_sha256=fb01bcb922a38ef964a2ca2fddada5540426bf5b06317d931425ae8d699d6405,archived a1_extract.py/a1b_gender.py; shares independently recomputed from numeric CSV,percentage share (0-100); raw operated area in thousand hectares,All-social-groups total for Karnataka/Large/area=861,5.6910569106,89.3147502904,raw ST=49; raw Others=769; construction fact=f00508; stored gap=83.62 pp,recomputed_from_archived_official_report,deterministic_source_reconstruction_v1,2026-09-13,,,,diff,b,True
AgCensus2015-16 T2-4 Karnataka/Large/number/SCvsOthers,AgCensus2015-16,T2-4,Karnataka,Large,number,SCvsOthers,social_group,Scheduled Castes,Other social groups,1,0,0,1,diff,b,"Tables 2-4, PDF pages 30,36,42",https://www.fao.org/fileadmin/templates/ess/ess_test_folder/World_Census_Agriculture/WCA_2020/WCA_2020_new_doc/IND_REP_ENG_2015_2016.pdf | archived_sha256=fb01bcb922a38ef964a2ca2fddada5540426bf5b06317d931425ae8d699d6405,archived a1_extract.py/a1b_gender.py; shares independently recomputed from numeric CSV,percentage share (0-100); raw number of holdings in thousands,All-social-groups total for Karnataka/Large/number=56,5.3571428571,89.2857142857,raw SC=3; raw Others=50; construction fact=f00139; stored gap=83.93 pp,recomputed_from_archived_official_report,deterministic_source_reconstruction_v1,2026-09-13,,,,diff,b,True
AgCensus2015-16 T2-4 Karnataka/Large/number/SCvsST,AgCensus2015-16,T2-4,Karnataka,Large,number,SCvsST,social_group,Scheduled Castes,Scheduled Tribes,8,0,0,8,equal,c,"Tables 2-4, PDF pages 30,36,42",https://www.fao.org/fileadmin/templates/ess/ess_test_folder/World_Census_Agriculture/WCA_2020/WCA_2020_new_doc/IND_REP_ENG_2015_2016.pdf | archived_sha256=fb01bcb922a38ef964a2ca2fddada5540426bf5b06317d931425ae8d699d6405,archived a1_extract.py/a1b_gender.py; shares independently recomputed from numeric CSV,percentage share (0-100); raw number of holdings in thousands,All-social-groups total for Karnataka/Large/number=56,5.3571428571,5.3571428571,raw SC=3; raw ST=3; construction fact=f00138; stored gap=0.0 pp,recomputed_from_archived_official_report,deterministic_source_reconstruction_v1,2026-09-13,,,,equal,c,True
AgCensus2015-16 T2-4 Karnataka/Large/number/STvsOthers,AgCensus2015-16,T2-4,Karnataka,Large,number,STvsOthers,social_group,Scheduled Tribes,Other social groups,1,1,0,0,diff,b,"Tables 2-4, PDF pages 30,36,42",https://www.fao.org/fileadmin/templates/ess/ess_test_folder/World_Census_Agriculture/WCA_2020/WCA_2020_new_doc/IND_REP_ENG_2015_2016.pdf | archived_sha256=fb01bcb922a38ef964a2ca2fddada5540426bf5b06317d931425ae8d699d6405,archived a1_extract.py/a1b_gender.py; shares independently recomputed from numeric CSV,percentage share (0-100); raw number of holdings in thousands,All-social-groups total for Karnataka/Large/number=56,5.3571428571,89.2857142857,raw ST=3; raw Others=50; construction fact=f00140; stored gap=83.93 pp,recomputed_from_archived_official_report,deterministic_source_reconstruction_v1,2026-09-13,,,,diff,b,True
AgCensus2015-16 T2-4 Karnataka/Marginal/area/SCvsOthers,AgCensus2015-16,T2-4,Karnataka,Marginal,area,SCvsOthers,social_group,Scheduled Castes,Other social groups,1,0,1,0,diff,b,"Tables 2-4, PDF pages 26,32,38",https://www.fao.org/fileadmin/templates/ess/ess_test_folder/World_Census_Agriculture/WCA_2020/WCA_2020_new_doc/IND_REP_ENG_2015_2016.pdf | archived_sha256=fb01bcb922a38ef964a2ca2fddada5540426bf5b06317d931425ae8d699d6405,archived a1_extract.py/a1b_gender.py; shares independently recomputed from numeric CSV,percentage share (0-100); raw operated area in thousand hectares,All-social-groups total for Karnataka/Marginal/area=2080,12.8365384615,80.8653846154,raw SC=267; raw Others=1682; construction fact=f00509; stored gap=68.03 pp,recomputed_from_archived_official_report,deterministic_source_reconstruction_v1,2026-09-13,,,,diff,b,True
AgCensus2015-16 T2-4 Karnataka/Marginal/area/STvsOthers,AgCensus2015-16,T2-4,Karnataka,Marginal,area,STvsOthers,social_group,Scheduled Tribes,Other social groups,1,0,1,0,diff,b,"Tables 2-4, PDF pages 26,32,38",https://www.fao.org/fileadmin/templates/ess/ess_test_folder/World_Census_Agriculture/WCA_2020/WCA_2020_new_doc/IND_REP_ENG_2015_2016.pdf | archived_sha256=fb01bcb922a38ef964a2ca2fddada5540426bf5b06317d931425ae8d699d6405,archived a1_extract.py/a1b_gender.py; shares independently recomputed from numeric CSV,percentage share (0-100); raw operated area in thousand hectares,All-social-groups total for Karnataka/Marginal/area=2080,6.2980769231,80.8653846154,raw ST=131; raw Others=1682; construction fact=f00510; stored gap=74.57 pp,recomputed_from_archived_official_report,deterministic_source_reconstruction_v1,2026-09-13,,,,diff,b,True
AgCensus2015-16 T2-4 Karnataka/Marginal/number/SCvsOthers,AgCensus2015-16,T2-4,Karnataka,Marginal,number,SCvsOthers,social_group,Scheduled Castes,Other social groups,1,0,0,1,diff,b,"Tables 2-4, PDF pages 26,32,38",https://www.fao.org/fileadmin/templates/ess/ess_test_folder/World_Census_Agriculture/WCA_2020/WCA_2020_new_doc/IND_REP_ENG_2015_2016.pdf | archived_sha256=fb01bcb922a38ef964a2ca2fddada5540426bf5b06317d931425ae8d699d6405,archived a1_extract.py/a1b_gender.py; shares independently recomputed from numeric CSV,percentage share (0-100); raw number of holdings in thousands,All-social-groups total for Karnataka/Marginal/number=4767,11.9362282358,82.4417872876,raw SC=569; raw Others=3930; construction fact=f00141; stored gap=70.51 pp,recomputed_from_archived_official_report,deterministic_source_reconstruction_v1,2026-09-13,,,,diff,b,True
AgCensus2015-16 T2-4 Karnataka/Marginal/number/STvsOthers,AgCensus2015-16,T2-4,Karnataka,Marginal,number,STvsOthers,social_group,Scheduled Tribes,Other social groups,1,1,0,0,diff,b,"Tables 2-4, PDF pages 26,32,38",https://www.fao.org/fileadmin/templates/ess/ess_test_folder/World_Census_Agriculture/WCA_2020/WCA_2020_new_doc/IND_REP_ENG_2015_2016.pdf | archived_sha256=fb01bcb922a38ef964a2ca2fddada5540426bf5b06317d931425ae8d699d6405,archived a1_extract.py/a1b_gender.py; shares independently recomputed from numeric CSV,percentage share (0-100); raw number of holdings in thousands,All-social-groups total for Karnataka/Marginal/number=4767,5.6219844766,82.4417872876,raw ST=268; raw Others=3930; construction fact=f00142; stored gap=76.82 pp,recomputed_from_archived_official_report,deterministic_source_reconstruction_v1,2026-09-13,,,,diff,b,True
AgCensus2015-16 T2-4 Karnataka/Medium/area/SCvsOthers,AgCensus2015-16,T2-4,Karnataka,Medium,area,SCvsOthers,social_group,Scheduled Castes,Other social groups,1,0,0,1,diff,b,"Tables 2-4, PDF pages 29,35,41",https://www.fao.org/fileadmin/templates/ess/ess_test_folder/World_Census_Agriculture/WCA_2020/WCA_2020_new_doc/IND_REP_ENG_2015_2016.pdf | archived_sha256=fb01bcb922a38ef964a2ca2fddada5540426bf5b06317d931425ae8d699d6405,archived a1_extract.py/a1b_gender.py; shares independently recomputed from numeric CSV,percentage share (0-100); raw operated area in thousand hectares,All-social-groups total for Karnataka/Medium/area=2569,5.7220708447,88.7504865707,raw SC=147; raw Others=2280; construction fact=f00512; stored gap=83.03 pp,recomputed_from_archived_official_report,deterministic_source_reconstruction_v1,2026-09-13,,,,diff,b,True
AgCensus2015-16 T2-4 Karnataka/Medium/area/SCvsST,AgCensus2015-16,T2-4,Karnataka,Medium,area,SCvsST,social_group,Scheduled Castes,Scheduled Tribes,8,8,0,0,equal,c,"Tables 2-4, PDF pages 29,35,41",https://www.fao.org/fileadmin/templates/ess/ess_test_folder/World_Census_Agriculture/WCA_2020/WCA_2020_new_doc/IND_REP_ENG_2015_2016.pdf | archived_sha256=fb01bcb922a38ef964a2ca2fddada5540426bf5b06317d931425ae8d699d6405,archived a1_extract.py/a1b_gender.py; shares independently recomputed from numeric CSV,percentage share (0-100); raw operated area in thousand hectares,All-social-groups total for Karnataka/Medium/area=2569,5.7220708447,5.5274425847,raw SC=147; raw ST=142; construction fact=f00511; stored gap=0.19 pp,recomputed_from_archived_official_report,deterministic_source_reconstruction_v1,2026-09-13,,,,equal,c,True
AgCensus2015-16 T2-4 Karnataka/Medium/area/STvsOthers,AgCensus2015-16,T2-4,Karnataka,Medium,area,STvsOthers,social_group,Scheduled Tribes,Other social groups,1,1,0,0,diff,b,"Tables 2-4, PDF pages 29,35,41",https://www.fao.org/fileadmin/templates/ess/ess_test_folder/World_Census_Agriculture/WCA_2020/WCA_2020_new_doc/IND_REP_ENG_2015_2016.pdf | archived_sha256=fb01bcb922a38ef964a2ca2fddada5540426bf5b06317d931425ae8d699d6405,archived a1_extract.py/a1b_gender.py; shares independently recomputed from numeric CSV,percentage share (0-100); raw operated area in thousand hectares,All-social-groups total for Karnataka/Medium/area=2569,5.5274425847,88.7504865707,raw ST=142; raw Others=2280; construction fact=f00513; stored gap=83.22 pp,recomputed_from_archived_official_report,deterministic_source_reconstruction_v1,2026-09-13,,,,diff,b,True
AgCensus2015-16 T2-4 Karnataka/Medium/number/SCvsOthers,AgCensus2015-16,T2-4,Karnataka,Medium,number,SCvsOthers,social_group,Scheduled Castes,Other social groups,1,1,0,0,diff,b,"Tables 2-4, PDF pages 29,35,41",https://www.fao.org/fileadmin/templates/ess/ess_test_folder/World_Census_Agriculture/WCA_2020/WCA_2020_new_doc/IND_REP_ENG_2015_2016.pdf | archived_sha256=fb01bcb922a38ef964a2ca2fddada5540426bf5b06317d931425ae8d699d6405,archived a1_extract.py/a1b_gender.py; shares independently recomputed from numeric CSV,percentage share (0-100); raw number of holdings in thousands,All-social-groups total for Karnataka/Medium/number=451,5.9866962306,88.4700665188,raw SC=27; raw Others=399; construction fact=f00144; stored gap=82.48 pp,recomputed_from_archived_official_report,deterministic_source_reconstruction_v1,2026-09-13,,,,diff,b,True
AgCensus2015-16 T2-4 Karnataka/Medium/number/SCvsST,AgCensus2015-16,T2-4,Karnataka,Medium,number,SCvsST,social_group,Scheduled Castes,Scheduled Tribes,8,8,0,0,equal,c,"Tables 2-4, PDF pages 29,35,41",https://www.fao.org/fileadmin/templates/ess/ess_test_folder/World_Census_Agriculture/WCA_2020/WCA_2020_new_doc/IND_REP_ENG_2015_2016.pdf | archived_sha256=fb01bcb922a38ef964a2ca2fddada5540426bf5b06317d931425ae8d699d6405,archived a1_extract.py/a1b_gender.py; shares independently recomputed from numeric CSV,percentage share (0-100); raw number of holdings in thousands,All-social-groups total for Karnataka/Medium/number=451,5.9866962306,5.5432372506,raw SC=27; raw ST=25; construction fact=f00143; stored gap=0.44 pp,recomputed_from_archived_official_report,deterministic_source_reconstruction_v1,2026-09-13,,,,equal,c,True
AgCensus2015-16 T2-4 Karnataka/Medium/number/STvsOthers,AgCensus2015-16,T2-4,Karnataka,Medium,number,STvsOthers,social_group,Scheduled Tribes,Other social groups,1,0,0,1,diff,b,"Tables 2-4, PDF pages 29,35,41",https://www.fao.org/fileadmin/templates/ess/ess_test_folder/World_Census_Agriculture/WCA_2020/WCA_2020_new_doc/IND_REP_ENG_2015_2016.pdf | archived_sha256=fb01bcb922a38ef964a2ca2fddada5540426bf5b06317d931425ae8d699d6405,archived a1_extract.py/a1b_gender.py; shares independently recomputed from numeric CSV,percentage share (0-100); raw number of holdings in thousands,All-social-groups total for Karnataka/Medium/number=451,5.5432372506,88.4700665188,raw ST=25; raw Others=399; construction fact=f00145; stored gap=82.93 pp,recomputed_from_archived_official_report,deterministic_source_reconstruction_v1,2026-09-13,,,,diff,b,True
AgCensus2015-16 T2-4 Karnataka/SC/area/MarginalvsSemi-medium,AgCensus2015-16,T2-4,Karnataka,SC,area,MarginalvsSemi-medium,landholding,marginal operated area,semi-medium operated area,4,4,0,0,equal,c,"Table 3, PDF pages 31,32,34",https://www.fao.org/fileadmin/templates/ess/ess_test_folder/World_Census_Agriculture/WCA_2020/WCA_2020_new_doc/IND_REP_ENG_2015_2016.pdf | archived_sha256=fb01bcb922a38ef964a2ca2fddada5540426bf5b06317d931425ae8d699d6405,archived a1_extract.py/a1b_gender.py; shares independently recomputed from numeric CSV,percentage share (0-100); raw operated area in thousand hectares,All Classes total for Karnataka/SC/area=1108,24.0974729242,25.2707581227,raw Marginal=267; raw Semi-medium=280; construction fact=f01665; stored gap=1.17 pp,recomputed_from_archived_official_report,deterministic_source_reconstruction_v1,2026-09-13,,,,equal,c,True
AgCensus2015-16 T2-4 Karnataka/SC/number/MarginalvsLarge,AgCensus2015-16,T2-4,Karnataka,SC,number,MarginalvsLarge,landholding,marginal holdings,large holdings,1,0,1,0,diff,a,"Table 3, PDF pages 31,32,36",https://www.fao.org/fileadmin/templates/ess/ess_test_folder/World_Census_Agriculture/WCA_2020/WCA_2020_new_doc/IND_REP_ENG_2015_2016.pdf | archived_sha256=fb01bcb922a38ef964a2ca2fddada5540426bf5b06317d931425ae8d699d6405,archived a1_extract.py/a1b_gender.py; shares independently recomputed from numeric CSV,percentage share (0-100); raw number of holdings in thousands,All Classes total for Karnataka/SC/number=973,58.4789311408,0.3083247688,raw Marginal=569; raw Large=3; construction fact=f01034; stored gap=58.17 pp,recomputed_from_archived_official_report,deterministic_source_reconstruction_v1,2026-09-13,,,,diff,a,True
AgCensus2015-16 T2-4 Karnataka/SC/number/MarginalvsMedium,AgCensus2015-16,T2-4,Karnataka,SC,number,MarginalvsMedium,landholding,marginal holdings,medium holdings,1,0,0,1,diff,a,"Table 3, PDF pages 31,32,35",https://www.fao.org/fileadmin/templates/ess/ess_test_folder/World_Census_Agriculture/WCA_2020/WCA_2020_new_doc/IND_REP_ENG_2015_2016.pdf | archived_sha256=fb01bcb922a38ef964a2ca2fddada5540426bf5b06317d931425ae8d699d6405,archived a1_extract.py/a1b_gender.py; shares independently recomputed from numeric CSV,percentage share (0-100); raw number of holdings in thousands,All Classes total for Karnataka/SC/number=973,58.4789311408,2.7749229188,raw Marginal=569; raw Medium=27; construction fact=f01033; stored gap=55.7 pp,recomputed_from_archived_official_report,deterministic_source_reconstruction_v1,2026-09-13,,,,diff,a,True
AgCensus2015-16 T2-4 Karnataka/SC/number/MarginalvsSemi-medium,AgCensus2015-16,T2-4,Karnataka,SC,number,MarginalvsSemi-medium,landholding,marginal holdings,semi-medium holdings,1,0,0,1,diff,a,"Table 3, PDF pages 31,32,34",https://www.fao.org/fileadmin/templates/ess/ess_test_folder/World_Census_Agriculture/WCA_2020/WCA_2020_new_doc/IND_REP_ENG_2015_2016.pdf | archived_sha256=fb01bcb922a38ef964a2ca2fddada5540426bf5b06317d931425ae8d699d6405,archived a1_extract.py/a1b_gender.py; shares independently recomputed from numeric CSV,percentage share (0-100); raw number of holdings in thousands,All Classes total for Karnataka/SC/number=973,58.4789311408,11.0996916752,raw Marginal=569; raw Semi-medium=108; construction fact=f01032; stored gap=47.38 pp,recomputed_from_archived_official_report,deterministic_source_reconstruction_v1,2026-09-13,,,,diff,a,True
AgCensus2015-16 T2-4 Karnataka/SC/number/MarginalvsSmall,AgCensus2015-16,T2-4,Karnataka,SC,number,MarginalvsSmall,landholding,marginal holdings,small holdings,1,1,0,0,diff,a,"Table 3, PDF pages 31,32,33",https://www.fao.org/fileadmin/templates/ess/ess_test_folder/World_Census_Agriculture/WCA_2020/WCA_2020_new_doc/IND_REP_ENG_2015_2016.pdf | archived_sha256=fb01bcb922a38ef964a2ca2fddada5540426bf5b06317d931425ae8d699d6405,archived a1_extract.py/a1b_gender.py; shares independently recomputed from numeric CSV,percentage share (0-100); raw number of holdings in thousands,All Classes total for Karnataka/SC/number=973,58.4789311408,27.3381294964,raw Marginal=569; raw Small=266; construction fact=f01031; stored gap=31.14 pp,recomputed_from_archived_official_report,deterministic_source_reconstruction_v1,2026-09-13,,,,diff,a,True
AgCensus2015-16 T2-4 Karnataka/SC/number/Semi-mediumvsLarge,AgCensus2015-16,T2-4,Karnataka,SC,number,Semi-mediumvsLarge,landholding,semi-medium holdings,large holdings,1,1,0,0,diff,a,"Table 3, PDF pages 31,34,36",https://www.fao.org/fileadmin/templates/ess/ess_test_folder/World_Census_Agriculture/WCA_2020/WCA_2020_new_doc/IND_REP_ENG_2015_2016.pdf | archived_sha256=fb01bcb922a38ef964a2ca2fddada5540426bf5b06317d931425ae8d699d6405,archived a1_extract.py/a1b_gender.py; shares independently recomputed from numeric CSV,percentage share (0-100); raw number of holdings in thousands,All Classes total for Karnataka/SC/number=973,11.0996916752,0.3083247688,raw Semi-medium=108; raw Large=3; construction fact=f01038; stored gap=10.79 pp,recomputed_from_archived_official_report,deterministic_source_reconstruction_v1,2026-09-13,,,,diff,a,True
AgCensus2015-16 T2-4 Karnataka/SC/number/SmallvsLarge,AgCensus2015-16,T2-4,Karnataka,SC,number,SmallvsLarge,landholding,small holdings,large holdings,1,0,1,0,diff,a,"Table 3, PDF pages 31,33,36",https://www.fao.org/fileadmin/templates/ess/ess_test_folder/World_Census_Agriculture/WCA_2020/WCA_2020_new_doc/IND_REP_ENG_2015_2016.pdf | archived_sha256=fb01bcb922a38ef964a2ca2fddada5540426bf5b06317d931425ae8d699d6405,archived a1_extract.py/a1b_gender.py; shares independently recomputed from numeric CSV,percentage share (0-100); raw number of holdings in thousands,All Classes total for Karnataka/SC/number=973,27.3381294964,0.3083247688,raw Small=266; raw Large=3; construction fact=f01037; stored gap=27.03 pp,recomputed_from_archived_official_report,deterministic_source_reconstruction_v1,2026-09-13,,,,diff,a,True
AgCensus2015-16 T2-4 Karnataka/SC/number/SmallvsMedium,AgCensus2015-16,T2-4,Karnataka,SC,number,SmallvsMedium,landholding,small holdings,medium holdings,1,0,0,1,diff,a,"Table 3, PDF pages 31,33,35",https://www.fao.org/fileadmin/templates/ess/ess_test_folder/World_Census_Agriculture/WCA_2020/WCA_2020_new_doc/IND_REP_ENG_2015_2016.pdf | archived_sha256=fb01bcb922a38ef964a2ca2fddada5540426bf5b06317d931425ae8d699d6405,archived a1_extract.py/a1b_gender.py; shares independently recomputed from numeric CSV,percentage share (0-100); raw number of holdings in thousands,All Classes total for Karnataka/SC/number=973,27.3381294964,2.7749229188,raw Small=266; raw Medium=27; construction fact=f01036; stored gap=24.56 pp,recomputed_from_archived_official_report,deterministic_source_reconstruction_v1,2026-09-13,,,,diff,a,True
AgCensus2015-16 T2-4 Karnataka/SC/number/SmallvsSemi-medium,AgCensus2015-16,T2-4,Karnataka,SC,number,SmallvsSemi-medium,landholding,small holdings,semi-medium holdings,1,1,0,0,diff,a,"Table 3, PDF pages 31,33,34",https://www.fao.org/fileadmin/templates/ess/ess_test_folder/World_Census_Agriculture/WCA_2020/WCA_2020_new_doc/IND_REP_ENG_2015_2016.pdf | archived_sha256=fb01bcb922a38ef964a2ca2fddada5540426bf5b06317d931425ae8d699d6405,archived a1_extract.py/a1b_gender.py; shares independently recomputed from numeric CSV,percentage share (0-100); raw number of holdings in thousands,All Classes total for Karnataka/SC/number=973,27.3381294964,11.0996916752,raw Small=266; raw Semi-medium=108; construction fact=f01035; stored gap=16.24 pp,recomputed_from_archived_official_report,deterministic_source_reconstruction_v1,2026-09-13,,,,diff,a,True
AgCensus2015-16 T2-4 Karnataka/ST/area/MarginalvsMedium,AgCensus2015-16,T2-4,Karnataka,ST,area,MarginalvsMedium,landholding,marginal operated area,medium operated area,1,1,0,0,equal,c,"Table 4, PDF pages 37,38,41",https://www.fao.org/fileadmin/templates/ess/ess_test_folder/World_Census_Agriculture/WCA_2020/WCA_2020_new_doc/IND_REP_ENG_2015_2016.pdf | archived_sha256=fb01bcb922a38ef964a2ca2fddada5540426bf5b06317d931425ae8d699d6405,archived a1_extract.py/a1b_gender.py; shares independently recomputed from numeric CSV,percentage share (0-100); raw operated area in thousand hectares,All Classes total for Karnataka/ST/area=730,17.9452054795,19.4520547945,raw Marginal=131; raw Medium=142; construction fact=f01844; stored gap=1.51 pp,recomputed_from_archived_official_report,deterministic_source_reconstruction_v1,2026-09-13,,,,equal,c,True
AgCensus2015-16 T2-4 Karnataka/ST/area/SmallvsSemi-medium,AgCensus2015-16,T2-4,Karnataka,ST,area,SmallvsSemi-medium,landholding,small operated area,semi-medium operated area,1,1,0,0,equal,c,"Table 4, PDF pages 37,39,40",https://www.fao.org/fileadmin/templates/ess/ess_test_folder/World_Census_Agriculture/WCA_2020/WCA_2020_new_doc/IND_REP_ENG_2015_2016.pdf | archived_sha256=fb01bcb922a38ef964a2ca2fddada5540426bf5b06317d931425ae8d699d6405,archived a1_extract.py/a1b_gender.py; shares independently recomputed from numeric CSV,percentage share (0-100); raw operated area in thousand hectares,All Classes total for Karnataka/ST/area=730,28.7671232877,27.1232876712,raw Small=210; raw Semi-medium=198; construction fact=f01846; stored gap=1.64 pp,recomputed_from_archived_official_report,deterministic_source_reconstruction_v1,2026-09-13,,,,equal,c,True
AgCensus2015-16 T2-4 Karnataka/ST/number/MarginalvsLarge,AgCensus2015-16,T2-4,Karnataka,ST,number,MarginalvsLarge,landholding,marginal holdings,large holdings,1,1,0,0,diff,a,"Table 4, PDF pages 37,38,42",https://www.fao.org/fileadmin/templates/ess/ess_test_folder/World_Census_Agriculture/WCA_2020/WCA_2020_new_doc/IND_REP_ENG_2015_2016.pdf | archived_sha256=fb01bcb922a38ef964a2ca2fddada5540426bf5b06317d931425ae8d699d6405,archived a1_extract.py/a1b_gender.py; shares independently recomputed from numeric CSV,percentage share (0-100); raw number of holdings in thousands,All Classes total for Karnataka/ST/number=521,51.4395393474,0.5758157390,raw Marginal=268; raw Large=3; construction fact=f01192; stored gap=50.86 pp,recomputed_from_archived_official_report,deterministic_source_reconstruction_v1,2026-09-13,,,,diff,a,True
AgCensus2015-16 T2-4 Karnataka/ST/number/MarginalvsMedium,AgCensus2015-16,T2-4,Karnataka,ST,number,MarginalvsMedium,landholding,marginal holdings,medium holdings,1,1,0,0,diff,a,"Table 4, PDF pages 37,38,41",https://www.fao.org/fileadmin/templates/ess/ess_test_folder/World_Census_Agriculture/WCA_2020/WCA_2020_new_doc/IND_REP_ENG_2015_2016.pdf | archived_sha256=fb01bcb922a38ef964a2ca2fddada5540426bf5b06317d931425ae8d699d6405,archived a1_extract.py/a1b_gender.py; shares independently recomputed from numeric CSV,percentage share (0-100); raw number of holdings in thousands,All Classes total for Karnataka/ST/number=521,51.4395393474,4.7984644914,raw Marginal=268; raw Medium=25; construction fact=f01191; stored gap=46.64 pp,recomputed_from_archived_official_report,deterministic_source_reconstruction_v1,2026-09-13,,,,diff,a,True
AgCensus2015-16 T2-4 Karnataka/ST/number/MarginalvsSemi-medium,AgCensus2015-16,T2-4,Karnataka,ST,number,MarginalvsSemi-medium,landholding,marginal holdings,semi-medium holdings,1,0,0,1,diff,a,"Table 4, PDF pages 37,38,40",https://www.fao.org/fileadmin/templates/ess/ess_test_folder/World_Census_Agriculture/WCA_2020/WCA_2020_new_doc/IND_REP_ENG_2015_2016.pdf | archived_sha256=fb01bcb922a38ef964a2ca2fddada5540426bf5b06317d931425ae8d699d6405,archived a1_extract.py/a1b_gender.py; shares independently recomputed from numeric CSV,percentage share (0-100); raw number of holdings in thousands,All Classes total for Karnataka/ST/number=521,51.4395393474,14.3953934741,raw Marginal=268; raw Semi-medium=75; construction fact=f01190; stored gap=37.04 pp,recomputed_from_archived_official_report,deterministic_source_reconstruction_v1,2026-09-13,,,,diff,a,True
AgCensus2015-16 T2-4 Karnataka/ST/number/MarginalvsSmall,AgCensus2015-16,T2-4,Karnataka,ST,number,MarginalvsSmall,landholding,marginal holdings,small holdings,1,0,1,0,diff,a,"Table 4, PDF pages 37,38,39",https://www.fao.org/fileadmin/templates/ess/ess_test_folder/World_Census_Agriculture/WCA_2020/WCA_2020_new_doc/IND_REP_ENG_2015_2016.pdf | archived_sha256=fb01bcb922a38ef964a2ca2fddada5540426bf5b06317d931425ae8d699d6405,archived a1_extract.py/a1b_gender.py; shares independently recomputed from numeric CSV,percentage share (0-100); raw number of holdings in thousands,All Classes total for Karnataka/ST/number=521,51.4395393474,28.7907869482,raw Marginal=268; raw Small=150; construction fact=f01189; stored gap=22.65 pp,recomputed_from_archived_official_report,deterministic_source_reconstruction_v1,2026-09-13,,,,diff,a,True
AgCensus2015-16 T2-4 Karnataka/ST/number/Semi-mediumvsLarge,AgCensus2015-16,T2-4,Karnataka,ST,number,Semi-mediumvsLarge,landholding,semi-medium holdings,large holdings,1,1,0,0,diff,a,"Table 4, PDF pages 37,40,42",https://www.fao.org/fileadmin/templates/ess/ess_test_folder/World_Census_Agriculture/WCA_2020/WCA_2020_new_doc/IND_REP_ENG_2015_2016.pdf | archived_sha256=fb01bcb922a38ef964a2ca2fddada5540426bf5b06317d931425ae8d699d6405,archived a1_extract.py/a1b_gender.py; shares independently recomputed from numeric CSV,percentage share (0-100); raw number of holdings in thousands,All Classes total for Karnataka/ST/number=521,14.3953934741,0.5758157390,raw Semi-medium=75; raw Large=3; construction fact=f01196; stored gap=13.82 pp,recomputed_from_archived_official_report,deterministic_source_reconstruction_v1,2026-09-13,,,,diff,a,True
AgCensus2015-16 T2-4 Karnataka/ST/number/SmallvsLarge,AgCensus2015-16,T2-4,Karnataka,ST,number,SmallvsLarge,landholding,small holdings,large holdings,1,0,0,1,diff,a,"Table 4, PDF pages 37,39,42",https://www.fao.org/fileadmin/templates/ess/ess_test_folder/World_Census_Agriculture/WCA_2020/WCA_2020_new_doc/IND_REP_ENG_2015_2016.pdf | archived_sha256=fb01bcb922a38ef964a2ca2fddada5540426bf5b06317d931425ae8d699d6405,archived a1_extract.py/a1b_gender.py; shares independently recomputed from numeric CSV,percentage share (0-100); raw number of holdings in thousands,All Classes total for Karnataka/ST/number=521,28.7907869482,0.5758157390,raw Small=150; raw Large=3; construction fact=f01195; stored gap=28.21 pp,recomputed_from_archived_official_report,deterministic_source_reconstruction_v1,2026-09-13,,,,diff,a,True
AgCensus2015-16 T2-4 Karnataka/ST/number/SmallvsMedium,AgCensus2015-16,T2-4,Karnataka,ST,number,SmallvsMedium,landholding,small holdings,medium holdings,1,1,0,0,diff,a,"Table 4, PDF pages 37,39,41",https://www.fao.org/fileadmin/templates/ess/ess_test_folder/World_Census_Agriculture/WCA_2020/WCA_2020_new_doc/IND_REP_ENG_2015_2016.pdf | archived_sha256=fb01bcb922a38ef964a2ca2fddada5540426bf5b06317d931425ae8d699d6405,archived a1_extract.py/a1b_gender.py; shares independently recomputed from numeric CSV,percentage share (0-100); raw number of holdings in thousands,All Classes total for Karnataka/ST/number=521,28.7907869482,4.7984644914,raw Small=150; raw Medium=25; construction fact=f01194; stored gap=23.99 pp,recomputed_from_archived_official_report,deterministic_source_reconstruction_v1,2026-09-13,,,,diff,a,True
AgCensus2015-16 T2-4 Karnataka/ST/number/SmallvsSemi-medium,AgCensus2015-16,T2-4,Karnataka,ST,number,SmallvsSemi-medium,landholding,small holdings,semi-medium holdings,1,1,0,0,diff,a,"Table 4, PDF pages 37,39,40",https://www.fao.org/fileadmin/templates/ess/ess_test_folder/World_Census_Agriculture/WCA_2020/WCA_2020_new_doc/IND_REP_ENG_2015_2016.pdf | archived_sha256=fb01bcb922a38ef964a2ca2fddada5540426bf5b06317d931425ae8d699d6405,archived a1_extract.py/a1b_gender.py; shares independently recomputed from numeric CSV,percentage share (0-100); raw number of holdings in thousands,All Classes total for Karnataka/ST/number=521,28.7907869482,14.3953934741,raw Small=150; raw Semi-medium=75; construction fact=f01193; stored gap=14.4 pp,recomputed_from_archived_official_report,deterministic_source_reconstruction_v1,2026-09-13,,,,diff,a,True
AgCensus2015-16 T2-4 Karnataka/Semi-medium/area/SCvsOthers,AgCensus2015-16,T2-4,Karnataka,Semi-medium,area,SCvsOthers,social_group,Scheduled Castes,Other social groups,1,1,0,0,diff,b,"Tables 2-4, PDF pages 28,34,40",https://www.fao.org/fileadmin/templates/ess/ess_test_folder/World_Census_Agriculture/WCA_2020/WCA_2020_new_doc/IND_REP_ENG_2015_2016.pdf | archived_sha256=fb01bcb922a38ef964a2ca2fddada5540426bf5b06317d931425ae8d699d6405,archived a1_extract.py/a1b_gender.py; shares independently recomputed from numeric CSV,percentage share (0-100); raw operated area in thousand hectares,All-social-groups total for Karnataka/Semi-medium/area=3188,8.7829360100,85.0062735257,raw SC=280; raw Others=2710; construction fact=f00515; stored gap=76.22 pp,recomputed_from_archived_official_report,deterministic_source_reconstruction_v1,2026-09-13,,,,diff,b,True
AgCensus2015-16 T2-4 Karnataka/Semi-medium/area/SCvsST,AgCensus2015-16,T2-4,Karnataka,Semi-medium,area,SCvsST,social_group,Scheduled Castes,Scheduled Tribes,8,8,0,0,equal,c,"Tables 2-4, PDF pages 28,34,40",https://www.fao.org/fileadmin/templates/ess/ess_test_folder/World_Census_Agriculture/WCA_2020/WCA_2020_new_doc/IND_REP_ENG_2015_2016.pdf | archived_sha256=fb01bcb922a38ef964a2ca2fddada5540426bf5b06317d931425ae8d699d6405,archived a1_extract.py/a1b_gender.py; shares independently recomputed from numeric CSV,percentage share (0-100); raw operated area in thousand hectares,All-social-groups total for Karnataka/Semi-medium/area=3188,8.7829360100,6.2107904642,raw SC=280; raw ST=198; construction fact=f00514; stored gap=2.57 pp,recomputed_from_archived_official_report,deterministic_source_reconstruction_v1,2026-09-13,,,,equal,c,True
AgCensus2015-16 T2-4 Karnataka/Semi-medium/area/STvsOthers,AgCensus2015-16,T2-4,Karnataka,Semi-medium,area,STvsOthers,social_group,Scheduled Tribes,Other social groups,1,1,0,0,diff,b,"Tables 2-4, PDF pages 28,34,40",https://www.fao.org/fileadmin/templates/ess/ess_test_folder/World_Census_Agriculture/WCA_2020/WCA_2020_new_doc/IND_REP_ENG_2015_2016.pdf | archived_sha256=fb01bcb922a38ef964a2ca2fddada5540426bf5b06317d931425ae8d699d6405,archived a1_extract.py/a1b_gender.py; shares independently recomputed from numeric CSV,percentage share (0-100); raw operated area in thousand hectares,All-social-groups total for Karnataka/Semi-medium/area=3188,6.2107904642,85.0062735257,raw ST=198; raw Others=2710; construction fact=f00516; stored gap=78.8 pp,recomputed_from_archived_official_report,deterministic_source_reconstruction_v1,2026-09-13,,,,diff,b,True
AgCensus2015-16 T2-4 Karnataka/Semi-medium/number/SCvsST,AgCensus2015-16,T2-4,Karnataka,Semi-medium,number,SCvsST,social_group,Scheduled Castes,Scheduled Tribes,8,0,0,8,equal,c,"Tables 2-4, PDF pages 28,34,40",https://www.fao.org/fileadmin/templates/ess/ess_test_folder/World_Census_Agriculture/WCA_2020/WCA_2020_new_doc/IND_REP_ENG_2015_2016.pdf | archived_sha256=fb01bcb922a38ef964a2ca2fddada5540426bf5b06317d931425ae8d699d6405,archived a1_extract.py/a1b_gender.py; shares independently recomputed from numeric CSV,percentage share (0-100); raw number of holdings in thousands,All-social-groups total for Karnataka/Semi-medium/number=1193,9.0528080469,6.2866722548,raw SC=108; raw ST=75; construction fact=f00146; stored gap=2.77 pp,recomputed_from_archived_official_report,deterministic_source_reconstruction_v1,2026-09-13,,,,equal,c,True
AgCensus2015-16 T2-4 Karnataka/Semi-medium/number/STvsOthers,AgCensus2015-16,T2-4,Karnataka,Semi-medium,number,STvsOthers,social_group,Scheduled Tribes,Other social groups,1,1,0,0,diff,b,"Tables 2-4, PDF pages 28,34,40",https://www.fao.org/fileadmin/templates/ess/ess_test_folder/World_Census_Agriculture/WCA_2020/WCA_2020_new_doc/IND_REP_ENG_2015_2016.pdf | archived_sha256=fb01bcb922a38ef964a2ca2fddada5540426bf5b06317d931425ae8d699d6405,archived a1_extract.py/a1b_gender.py; shares independently recomputed from numeric CSV,percentage share (0-100); raw number of holdings in thousands,All-social-groups total for Karnataka/Semi-medium/number=1193,6.2866722548,84.6605196982,raw ST=75; raw Others=1010; construction fact=f00148; stored gap=78.37 pp,recomputed_from_archived_official_report,deterministic_source_reconstruction_v1,2026-09-13,,,,diff,b,True
AgCensus2015-16 T2-4 Karnataka/Small/area/SCvsOthers,AgCensus2015-16,T2-4,Karnataka,Small,area,SCvsOthers,social_group,Scheduled Castes,Other social groups,1,1,0,0,diff,b,"Tables 2-4, PDF pages 27,33,39",https://www.fao.org/fileadmin/templates/ess/ess_test_folder/World_Census_Agriculture/WCA_2020/WCA_2020_new_doc/IND_REP_ENG_2015_2016.pdf | archived_sha256=fb01bcb922a38ef964a2ca2fddada5540426bf5b06317d931425ae8d699d6405,archived a1_extract.py/a1b_gender.py; shares independently recomputed from numeric CSV,percentage share (0-100); raw operated area in thousand hectares,All-social-groups total for Karnataka/Small/area=3107,11.9407788864,81.3002896685,raw SC=371; raw Others=2526; construction fact=f00517; stored gap=69.36 pp,recomputed_from_archived_official_report,deterministic_source_reconstruction_v1,2026-09-13,,,,diff,b,True
AgCensus2015-16 T2-4 Karnataka/Small/area/STvsOthers,AgCensus2015-16,T2-4,Karnataka,Small,area,STvsOthers,social_group,Scheduled Tribes,Other social groups,1,1,0,0,diff,b,"Tables 2-4, PDF pages 27,33,39",https://www.fao.org/fileadmin/templates/ess/ess_test_folder/World_Census_Agriculture/WCA_2020/WCA_2020_new_doc/IND_REP_ENG_2015_2016.pdf | archived_sha256=fb01bcb922a38ef964a2ca2fddada5540426bf5b06317d931425ae8d699d6405,archived a1_extract.py/a1b_gender.py; shares independently recomputed from numeric CSV,percentage share (0-100); raw operated area in thousand hectares,All-social-groups total for Karnataka/Small/area=3107,6.7589314451,81.3002896685,raw ST=210; raw Others=2526; construction fact=f00518; stored gap=74.54 pp,recomputed_from_archived_official_report,deterministic_source_reconstruction_v1,2026-09-13,,,,diff,b,True
AgCensus2015-16 T2-4 Karnataka/Small/number/SCvsOthers,AgCensus2015-16,T2-4,Karnataka,Small,number,SCvsOthers,social_group,Scheduled Castes,Other social groups,1,0,0,1,diff,b,"Tables 2-4, PDF pages 27,33,39",https://www.fao.org/fileadmin/templates/ess/ess_test_folder/World_Census_Agriculture/WCA_2020/WCA_2020_new_doc/IND_REP_ENG_2015_2016.pdf | archived_sha256=fb01bcb922a38ef964a2ca2fddada5540426bf5b06317d931425ae8d699d6405,archived a1_extract.py/a1b_gender.py; shares independently recomputed from numeric CSV,percentage share (0-100); raw number of holdings in thousands,All-social-groups total for Karnataka/Small/number=2214,12.0144534779,81.2104787715,raw SC=266; raw Others=1798; construction fact=f00149; stored gap=69.2 pp,recomputed_from_archived_official_report,deterministic_source_reconstruction_v1,2026-09-13,,,,diff,b,True
AgCensus2015-16 T2-4 Karnataka/Small/number/STvsOthers,AgCensus2015-16,T2-4,Karnataka,Small,number,STvsOthers,social_group,Scheduled Tribes,Other social groups,1,1,0,0,diff,b,"Tables 2-4, PDF pages 27,33,39",https://www.fao.org/fileadmin/templates/ess/ess_test_folder/World_Census_Agriculture/WCA_2020/WCA_2020_new_doc/IND_REP_ENG_2015_2016.pdf | archived_sha256=fb01bcb922a38ef964a2ca2fddada5540426bf5b06317d931425ae8d699d6405,archived a1_extract.py/a1b_gender.py; shares independently recomputed from numeric CSV,percentage share (0-100); raw number of holdings in thousands,All-social-groups total for Karnataka/Small/number=2214,6.7750677507,81.2104787715,raw ST=150; raw Others=1798; construction fact=f00150; stored gap=74.44 pp,recomputed_from_archived_official_report,deterministic_source_reconstruction_v1,2026-09-13,,,,diff,b,True
AgCensus2015-16 T2-4 Kerala/All Classes/area/SCvsOthers,AgCensus2015-16,T2-4,Kerala,All Classes,area,SCvsOthers,social_group,Scheduled Castes,Other social groups,1,0,0,1,diff,b,"Tables 2-4, PDF pages 25,31,37",https://www.fao.org/fileadmin/templates/ess/ess_test_folder/World_Census_Agriculture/WCA_2020/WCA_2020_new_doc/IND_REP_ENG_2015_2016.pdf | archived_sha256=fb01bcb922a38ef964a2ca2fddada5540426bf5b06317d931425ae8d699d6405,archived a1_extract.py/a1b_gender.py; shares independently recomputed from numeric CSV,percentage share (0-100); raw operated area in thousand hectares,All-social-groups total for Kerala/All Classes/area=1395,2.5806451613,94.6953405018,raw SC=36; raw Others=1321; construction fact=f00519; stored gap=92.11 pp,recomputed_from_archived_official_report,deterministic_source_reconstruction_v1,2026-09-13,,,,diff,b,True
AgCensus2015-16 T2-4 Kerala/All Classes/area/STvsOthers,AgCensus2015-16,T2-4,Kerala,All Classes,area,STvsOthers,social_group,Scheduled Tribes,Other social groups,1,0,0,1,diff,b,"Tables 2-4, PDF pages 25,31,37",https://www.fao.org/fileadmin/templates/ess/ess_test_folder/World_Census_Agriculture/WCA_2020/WCA_2020_new_doc/IND_REP_ENG_2015_2016.pdf | archived_sha256=fb01bcb922a38ef964a2ca2fddada5540426bf5b06317d931425ae8d699d6405,archived a1_extract.py/a1b_gender.py; shares independently recomputed from numeric CSV,percentage share (0-100); raw operated area in thousand hectares,All-social-groups total for Kerala/All Classes/area=1395,2.7240143369,94.6953405018,raw ST=38; raw Others=1321; construction fact=f00520; stored gap=91.97 pp,recomputed_from_archived_official_report,deterministic_source_reconstruction_v1,2026-09-13,,,,diff,b,True
AgCensus2015-16 T2-4 Kerala/All Classes/number/SCvsOthers,AgCensus2015-16,T2-4,Kerala,All Classes,number,SCvsOthers,social_group,Scheduled Castes,Other social groups,1,0,0,1,diff,b,"Tables 2-4, PDF pages 25,31,37",https://www.fao.org/fileadmin/templates/ess/ess_test_folder/World_Census_Agriculture/WCA_2020/WCA_2020_new_doc/IND_REP_ENG_2015_2016.pdf | archived_sha256=fb01bcb922a38ef964a2ca2fddada5540426bf5b06317d931425ae8d699d6405,archived a1_extract.py/a1b_gender.py; shares independently recomputed from numeric CSV,percentage share (0-100); raw number of holdings in thousands,All-social-groups total for Kerala/All Classes/number=7583,7.4508769616,91.1248846103,raw SC=565; raw Others=6910; construction fact=f00151; stored gap=83.67 pp,recomputed_from_archived_official_report,deterministic_source_reconstruction_v1,2026-09-13,,,,diff,b,True
AgCensus2015-16 T2-4 Kerala/All Classes/number/STvsOthers,AgCensus2015-16,T2-4,Kerala,All Classes,number,STvsOthers,social_group,Scheduled Tribes,Other social groups,1,1,0,0,diff,b,"Tables 2-4, PDF pages 25,31,37",https://www.fao.org/fileadmin/templates/ess/ess_test_folder/World_Census_Agriculture/WCA_2020/WCA_2020_new_doc/IND_REP_ENG_2015_2016.pdf | archived_sha256=fb01bcb922a38ef964a2ca2fddada5540426bf5b06317d931425ae8d699d6405,archived a1_extract.py/a1b_gender.py; shares independently recomputed from numeric CSV,percentage share (0-100); raw number of holdings in thousands,All-social-groups total for Kerala/All Classes/number=7583,1.4242384281,91.1248846103,raw ST=108; raw Others=6910; construction fact=f00152; stored gap=89.7 pp,recomputed_from_archived_official_report,deterministic_source_reconstruction_v1,2026-09-13,,,,diff,b,True
AgCensus2015-16 T2-4 Kerala/All/area/MediumvsLarge,AgCensus2015-16,T2-4,Kerala,All,area,MediumvsLarge,landholding,medium operated area,large operated area,3,3,0,0,equal,c,"Table 2, PDF pages 25,29,30",https://www.fao.org/fileadmin/templates/ess/ess_test_folder/World_Census_Agriculture/WCA_2020/WCA_2020_new_doc/IND_REP_ENG_2015_2016.pdf | archived_sha256=fb01bcb922a38ef964a2ca2fddada5540426bf5b06317d931425ae8d699d6405,archived a1_extract.py/a1b_gender.py; shares independently recomputed from numeric CSV,percentage share (0-100); raw operated area in thousand hectares,All Classes total for Kerala/All/area=1395,4.3010752688,6.8100358423,raw Medium=60; raw Large=95; construction fact=f01451; stored gap=2.51 pp,recomputed_from_archived_official_report,deterministic_source_reconstruction_v1,2026-09-13,,,,equal,c,True
AgCensus2015-16 T2-4 Kerala/All/area/Semi-mediumvsLarge,AgCensus2015-16,T2-4,Kerala,All,area,Semi-mediumvsLarge,landholding,semi-medium operated area,large operated area,3,3,0,0,equal,c,"Table 2, PDF pages 25,28,30",https://www.fao.org/fileadmin/templates/ess/ess_test_folder/World_Census_Agriculture/WCA_2020/WCA_2020_new_doc/IND_REP_ENG_2015_2016.pdf | archived_sha256=fb01bcb922a38ef964a2ca2fddada5540426bf5b06317d931425ae8d699d6405,archived a1_extract.py/a1b_gender.py; shares independently recomputed from numeric CSV,percentage share (0-100); raw operated area in thousand hectares,All Classes total for Kerala/All/area=1395,10.1792114695,6.8100358423,raw Semi-medium=142; raw Large=95; construction fact=f01450; stored gap=3.37 pp,recomputed_from_archived_official_report,deterministic_source_reconstruction_v1,2026-09-13,,,,equal,c,True
AgCensus2015-16 T2-4 Kerala/All/number/MarginalvsLarge,AgCensus2015-16,T2-4,Kerala,All,number,MarginalvsLarge,landholding,marginal holdings,large holdings,1,1,0,0,diff,a,"Table 2, PDF pages 25,26,30",https://www.fao.org/fileadmin/templates/ess/ess_test_folder/World_Census_Agriculture/WCA_2020/WCA_2020_new_doc/IND_REP_ENG_2015_2016.pdf | archived_sha256=fb01bcb922a38ef964a2ca2fddada5540426bf5b06317d931425ae8d699d6405,archived a1_extract.py/a1b_gender.py; shares independently recomputed from numeric CSV,percentage share (0-100); raw number of holdings in thousands,All Classes total for Kerala/All/number=7583,96.7031517869,0.0263747857,raw Marginal=7333; raw Large=2; construction fact=f00842; stored gap=96.68 pp,recomputed_from_archived_official_report,deterministic_source_reconstruction_v1,2026-09-13,,,,diff,a,True
AgCensus2015-16 T2-4 Kerala/All/number/MarginalvsMedium,AgCensus2015-16,T2-4,Kerala,All,number,MarginalvsMedium,landholding,marginal holdings,medium holdings,1,1,0,0,diff,a,"Table 2, PDF pages 25,26,29",https://www.fao.org/fileadmin/templates/ess/ess_test_folder/World_Census_Agriculture/WCA_2020/WCA_2020_new_doc/IND_REP_ENG_2015_2016.pdf | archived_sha256=fb01bcb922a38ef964a2ca2fddada5540426bf5b06317d931425ae8d699d6405,archived a1_extract.py/a1b_gender.py; shares independently recomputed from numeric CSV,percentage share (0-100); raw number of holdings in thousands,All Classes total for Kerala/All/number=7583,96.7031517869,0.1450613214,raw Marginal=7333; raw Medium=11; construction fact=f00841; stored gap=96.56 pp,recomputed_from_archived_official_report,deterministic_source_reconstruction_v1,2026-09-13,,,,diff,a,True
AgCensus2015-16 T2-4 Kerala/All/number/MarginalvsSemi-medium,AgCensus2015-16,T2-4,Kerala,All,number,MarginalvsSemi-medium,landholding,marginal holdings,semi-medium holdings,1,1,0,0,diff,a,"Table 2, PDF pages 25,26,28",https://www.fao.org/fileadmin/templates/ess/ess_test_folder/World_Census_Agriculture/WCA_2020/WCA_2020_new_doc/IND_REP_ENG_2015_2016.pdf | archived_sha256=fb01bcb922a38ef964a2ca2fddada5540426bf5b06317d931425ae8d699d6405,archived a1_extract.py/a1b_gender.py; shares independently recomputed from numeric CSV,percentage share (0-100); raw number of holdings in thousands,All Classes total for Kerala/All/number=7583,96.7031517869,0.7384939997,raw Marginal=7333; raw Semi-medium=56; construction fact=f00840; stored gap=95.96 pp,recomputed_from_archived_official_report,deterministic_source_reconstruction_v1,2026-09-13,,,,diff,a,True
AgCensus2015-16 T2-4 Kerala/All/number/MarginalvsSmall,AgCensus2015-16,T2-4,Kerala,All,number,MarginalvsSmall,landholding,marginal holdings,small holdings,1,1,0,0,diff,a,"Table 2, PDF pages 25,26,27",https://www.fao.org/fileadmin/templates/ess/ess_test_folder/World_Census_Agriculture/WCA_2020/WCA_2020_new_doc/IND_REP_ENG_2015_2016.pdf | archived_sha256=fb01bcb922a38ef964a2ca2fddada5540426bf5b06317d931425ae8d699d6405,archived a1_extract.py/a1b_gender.py; shares independently recomputed from numeric CSV,percentage share (0-100); raw number of holdings in thousands,All Classes total for Kerala/All/number=7583,96.7031517869,2.3869181063,raw Marginal=7333; raw Small=181; construction fact=f00839; stored gap=94.32 pp,recomputed_from_archived_official_report,deterministic_source_reconstruction_v1,2026-09-13,,,,diff,a,True
AgCensus2015-16 T2-4 Kerala/Marginal/number/STvsOthers,AgCensus2015-16,T2-4,Kerala,Marginal,number,STvsOthers,social_group,Scheduled Tribes,Other social groups,1,1,0,0,diff,b,"Tables 2-4, PDF pages 26,32,38",https://www.fao.org/fileadmin/templates/ess/ess_test_folder/World_Census_Agriculture/WCA_2020/WCA_2020_new_doc/IND_REP_ENG_2015_2016.pdf | archived_sha256=fb01bcb922a38ef964a2ca2fddada5540426bf5b06317d931425ae8d699d6405,archived a1_extract.py/a1b_gender.py; shares independently recomputed from numeric CSV,percentage share (0-100); raw number of holdings in thousands,All-social-groups total for Kerala/Marginal/number=7333,1.3227873994,91.0132278740,raw ST=97; raw Others=6674; construction fact=f00154; stored gap=89.69 pp,recomputed_from_archived_official_report,deterministic_source_reconstruction_v1,2026-09-13,,,,diff,b,True
AgCensus2015-16 T2-4 Kerala/SC/number/MarginalvsLarge,AgCensus2015-16,T2-4,Kerala,SC,number,MarginalvsLarge,landholding,marginal holdings,large holdings,1,1,0,0,diff,a,"Table 3, PDF pages 31,32,36",https://www.fao.org/fileadmin/templates/ess/ess_test_folder/World_Census_Agriculture/WCA_2020/WCA_2020_new_doc/IND_REP_ENG_2015_2016.pdf | archived_sha256=fb01bcb922a38ef964a2ca2fddada5540426bf5b06317d931425ae8d699d6405,archived a1_extract.py/a1b_gender.py; shares independently recomputed from numeric CSV,percentage share (0-100); raw number of holdings in thousands,All Classes total for Kerala/SC/number=565,99.4690265487,0.0000000000,raw Marginal=562; raw Large=0; construction fact=f01042; stored gap=99.47 pp,recomputed_from_archived_official_report,deterministic_source_reconstruction_v1,2026-09-13,,,,diff,a,True
AgCensus2015-16 T2-4 Kerala/SC/number/MarginalvsMedium,AgCensus2015-16,T2-4,Kerala,SC,number,MarginalvsMedium,landholding,marginal holdings,medium holdings,1,0,0,1,diff,a,"Table 3, PDF pages 31,32,35",https://www.fao.org/fileadmin/templates/ess/ess_test_folder/World_Census_Agriculture/WCA_2020/WCA_2020_new_doc/IND_REP_ENG_2015_2016.pdf | archived_sha256=fb01bcb922a38ef964a2ca2fddada5540426bf5b06317d931425ae8d699d6405,archived a1_extract.py/a1b_gender.py; shares independently recomputed from numeric CSV,percentage share (0-100); raw number of holdings in thousands,All Classes total for Kerala/SC/number=565,99.4690265487,0.0000000000,raw Marginal=562; raw Medium=0; construction fact=f01041; stored gap=99.47 pp,recomputed_from_archived_official_report,deterministic_source_reconstruction_v1,2026-09-13,,,,diff,a,True
AgCensus2015-16 T2-4 Kerala/SC/number/MarginalvsSemi-medium,AgCensus2015-16,T2-4,Kerala,SC,number,MarginalvsSemi-medium,landholding,marginal holdings,semi-medium holdings,1,0,0,1,diff,a,"Table 3, PDF pages 31,32,34",https://www.fao.org/fileadmin/templates/ess/ess_test_folder/World_Census_Agriculture/WCA_2020/WCA_2020_new_doc/IND_REP_ENG_2015_2016.pdf | archived_sha256=fb01bcb922a38ef964a2ca2fddada5540426bf5b06317d931425ae8d699d6405,archived a1_extract.py/a1b_gender.py; shares independently recomputed from numeric CSV,percentage share (0-100); raw number of holdings in thousands,All Classes total for Kerala/SC/number=565,99.4690265487,0.1769911504,raw Marginal=562; raw Semi-medium=1; construction fact=f01040; stored gap=99.29 pp,recomputed_from_archived_official_report,deterministic_source_reconstruction_v1,2026-09-13,,,,diff,a,True
AgCensus2015-16 T2-4 Kerala/ST/number/MarginalvsLarge,AgCensus2015-16,T2-4,Kerala,ST,number,MarginalvsLarge,landholding,marginal holdings,large holdings,1,1,0,0,diff,a,"Table 4, PDF pages 37,38,42",https://www.fao.org/fileadmin/templates/ess/ess_test_folder/World_Census_Agriculture/WCA_2020/WCA_2020_new_doc/IND_REP_ENG_2015_2016.pdf | archived_sha256=fb01bcb922a38ef964a2ca2fddada5540426bf5b06317d931425ae8d699d6405,archived a1_extract.py/a1b_gender.py; shares independently recomputed from numeric CSV,percentage share (0-100); raw number of holdings in thousands,All Classes total for Kerala/ST/number=108,89.8148148148,0.0000000000,raw Marginal=97; raw Large=0; construction fact=f01200; stored gap=89.81 pp,recomputed_from_archived_official_report,deterministic_source_reconstruction_v1,2026-09-13,,,,diff,a,True
AgCensus2015-16 T2-4 Kerala/ST/number/MarginalvsMedium,AgCensus2015-16,T2-4,Kerala,ST,number,MarginalvsMedium,landholding,marginal holdings,medium holdings,1,1,0,0,diff,a,"Table 4, PDF pages 37,38,41",https://www.fao.org/fileadmin/templates/ess/ess_test_folder/World_Census_Agriculture/WCA_2020/WCA_2020_new_doc/IND_REP_ENG_2015_2016.pdf | archived_sha256=fb01bcb922a38ef964a2ca2fddada5540426bf5b06317d931425ae8d699d6405,archived a1_extract.py/a1b_gender.py; shares independently recomputed from numeric CSV,percentage share (0-100); raw number of holdings in thousands,All Classes total for Kerala/ST/number=108,89.8148148148,0.0000000000,raw Marginal=97; raw Medium=0; construction fact=f01199; stored gap=89.81 pp,recomputed_from_archived_official_report,deterministic_source_reconstruction_v1,2026-09-13,,,,diff,a,True
AgCensus2015-16 T2-4 Kerala/ST/number/MarginalvsSemi-medium,AgCensus2015-16,T2-4,Kerala,ST,number,MarginalvsSemi-medium,landholding,marginal holdings,semi-medium holdings,1,1,0,0,diff,a,"Table 4, PDF pages 37,38,40",https://www.fao.org/fileadmin/templates/ess/ess_test_folder/World_Census_Agriculture/WCA_2020/WCA_2020_new_doc/IND_REP_ENG_2015_2016.pdf | archived_sha256=fb01bcb922a38ef964a2ca2fddada5540426bf5b06317d931425ae8d699d6405,archived a1_extract.py/a1b_gender.py; shares independently recomputed from numeric CSV,percentage share (0-100); raw number of holdings in thousands,All Classes total for Kerala/ST/number=108,89.8148148148,2.7777777778,raw Marginal=97; raw Semi-medium=3; construction fact=f01198; stored gap=87.04 pp,recomputed_from_archived_official_report,deterministic_source_reconstruction_v1,2026-09-13,,,,diff,a,True
AgCensus2015-16 T2-4 Kerala/ST/number/MarginalvsSmall,AgCensus2015-16,T2-4,Kerala,ST,number,MarginalvsSmall,landholding,marginal holdings,small holdings,1,0,1,0,diff,a,"Table 4, PDF pages 37,38,39",https://www.fao.org/fileadmin/templates/ess/ess_test_folder/World_Census_Agriculture/WCA_2020/WCA_2020_new_doc/IND_REP_ENG_2015_2016.pdf | archived_sha256=fb01bcb922a38ef964a2ca2fddada5540426bf5b06317d931425ae8d699d6405,archived a1_extract.py/a1b_gender.py; shares independently recomputed from numeric CSV,percentage share (0-100); raw number of holdings in thousands,All Classes total for Kerala/ST/number=108,89.8148148148,6.4814814815,raw Marginal=97; raw Small=7; construction fact=f01197; stored gap=83.33 pp,recomputed_from_archived_official_report,deterministic_source_reconstruction_v1,2026-09-13,,,,diff,a,True
AgCensus2015-16 T2-4 Kerala/ST/number/SmallvsSemi-medium,AgCensus2015-16,T2-4,Kerala,ST,number,SmallvsSemi-medium,landholding,small holdings,semi-medium holdings,2,2,0,0,equal,c,"Table 4, PDF pages 37,39,40",https://www.fao.org/fileadmin/templates/ess/ess_test_folder/World_Census_Agriculture/WCA_2020/WCA_2020_new_doc/IND_REP_ENG_2015_2016.pdf | archived_sha256=fb01bcb922a38ef964a2ca2fddada5540426bf5b06317d931425ae8d699d6405,archived a1_extract.py/a1b_gender.py; shares independently recomputed from numeric CSV,percentage share (0-100); raw number of holdings in thousands,All Classes total for Kerala/ST/number=108,6.4814814815,2.7777777778,raw Small=7; raw Semi-medium=3; construction fact=f01201; stored gap=3.7 pp,recomputed_from_archived_official_report,deterministic_source_reconstruction_v1,2026-09-13,,,,equal,c,True
AgCensus2015-16 T2-4 Kerala/Semi-medium/number/SCvsOthers,AgCensus2015-16,T2-4,Kerala,Semi-medium,number,SCvsOthers,social_group,Scheduled Castes,Other social groups,1,0,0,1,diff,b,"Tables 2-4, PDF pages 28,34,40",https://www.fao.org/fileadmin/templates/ess/ess_test_folder/World_Census_Agriculture/WCA_2020/WCA_2020_new_doc/IND_REP_ENG_2015_2016.pdf | archived_sha256=fb01bcb922a38ef964a2ca2fddada5540426bf5b06317d931425ae8d699d6405,archived a1_extract.py/a1b_gender.py; shares independently recomputed from numeric CSV,percentage share (0-100); raw number of holdings in thousands,All-social-groups total for Kerala/Semi-medium/number=56,1.7857142857,92.8571428571,raw SC=1; raw Others=52; construction fact=f00156; stored gap=91.07 pp,recomputed_from_archived_official_report,deterministic_source_reconstruction_v1,2026-09-13,,,,diff,b,True
AgCensus2015-16 T2-4 Kerala/Semi-medium/number/SCvsST,AgCensus2015-16,T2-4,Kerala,Semi-medium,number,SCvsST,social_group,Scheduled Castes,Scheduled Tribes,8,0,0,8,equal,c,"Tables 2-4, PDF pages 28,34,40",https://www.fao.org/fileadmin/templates/ess/ess_test_folder/World_Census_Agriculture/WCA_2020/WCA_2020_new_doc/IND_REP_ENG_2015_2016.pdf | archived_sha256=fb01bcb922a38ef964a2ca2fddada5540426bf5b06317d931425ae8d699d6405,archived a1_extract.py/a1b_gender.py; shares independently recomputed from numeric CSV,percentage share (0-100); raw number of holdings in thousands,All-social-groups total for Kerala/Semi-medium/number=56,1.7857142857,5.3571428571,raw SC=1; raw ST=3; construction fact=f00155; stored gap=3.57 pp,recomputed_from_archived_official_report,deterministic_source_reconstruction_v1,2026-09-13,,,,equal,c,True
AgCensus2015-16 T2-4 Kerala/Semi-medium/number/STvsOthers,AgCensus2015-16,T2-4,Kerala,Semi-medium,number,STvsOthers,social_group,Scheduled Tribes,Other social groups,1,1,0,0,diff,b,"Tables 2-4, PDF pages 28,34,40",https://www.fao.org/fileadmin/templates/ess/ess_test_folder/World_Census_Agriculture/WCA_2020/WCA_2020_new_doc/IND_REP_ENG_2015_2016.pdf | archived_sha256=fb01bcb922a38ef964a2ca2fddada5540426bf5b06317d931425ae8d699d6405,archived a1_extract.py/a1b_gender.py; shares independently recomputed from numeric CSV,percentage share (0-100); raw number of holdings in thousands,All-social-groups total for Kerala/Semi-medium/number=56,5.3571428571,92.8571428571,raw ST=3; raw Others=52; construction fact=f00157; stored gap=87.5 pp,recomputed_from_archived_official_report,deterministic_source_reconstruction_v1,2026-09-13,,,,diff,b,True
AgCensus2015-16 T2-4 Kerala/Small/number/SCvsOthers,AgCensus2015-16,T2-4,Kerala,Small,number,SCvsOthers,social_group,Scheduled Castes,Other social groups,1,0,0,1,diff,b,"Tables 2-4, PDF pages 27,33,39",https://www.fao.org/fileadmin/templates/ess/ess_test_folder/World_Census_Agriculture/WCA_2020/WCA_2020_new_doc/IND_REP_ENG_2015_2016.pdf | archived_sha256=fb01bcb922a38ef964a2ca2fddada5540426bf5b06317d931425ae8d699d6405,archived a1_extract.py/a1b_gender.py; shares independently recomputed from numeric CSV,percentage share (0-100); raw number of holdings in thousands,All-social-groups total for Kerala/Small/number=181,1.6574585635,94.4751381215,raw SC=3; raw Others=171; construction fact=f00158; stored gap=92.82 pp,recomputed_from_archived_official_report,deterministic_source_reconstruction_v1,2026-09-13,,,,diff,b,True
AgCensus2015-16 T2-4 Kerala/Small/number/STvsOthers,AgCensus2015-16,T2-4,Kerala,Small,number,STvsOthers,social_group,Scheduled Tribes,Other social groups,1,1,0,0,diff,b,"Tables 2-4, PDF pages 27,33,39",https://www.fao.org/fileadmin/templates/ess/ess_test_folder/World_Census_Agriculture/WCA_2020/WCA_2020_new_doc/IND_REP_ENG_2015_2016.pdf | archived_sha256=fb01bcb922a38ef964a2ca2fddada5540426bf5b06317d931425ae8d699d6405,archived a1_extract.py/a1b_gender.py; shares independently recomputed from numeric CSV,percentage share (0-100); raw number of holdings in thousands,All-social-groups total for Kerala/Small/number=181,3.8674033149,94.4751381215,raw ST=7; raw Others=171; construction fact=f00159; stored gap=90.61 pp,recomputed_from_archived_official_report,deterministic_source_reconstruction_v1,2026-09-13,,,,diff,b,True
AgCensus2015-16 T2-4 Madhya Pradesh/All Classes/number/SCvsOthers,AgCensus2015-16,T2-4,Madhya Pradesh,All Classes,number,SCvsOthers,social_group,Scheduled Castes,Other social groups,1,1,0,0,diff,b,"Tables 2-4, PDF pages 25,31,37",https://www.fao.org/fileadmin/templates/ess/ess_test_folder/World_Census_Agriculture/WCA_2020/WCA_2020_new_doc/IND_REP_ENG_2015_2016.pdf | archived_sha256=fb01bcb922a38ef964a2ca2fddada5540426bf5b06317d931425ae8d699d6405,archived a1_extract.py/a1b_gender.py; shares independently recomputed from numeric CSV,percentage share (0-100); raw number of holdings in thousands,All-social-groups total for Madhya Pradesh/All Classes/number=10003,11.7764670599,68.2295311407,raw SC=1178; raw Others=6825; construction fact=f00160; stored gap=56.45 pp,recomputed_from_archived_official_report,deterministic_source_reconstruction_v1,2026-09-13,,,,diff,b,True
AgCensus2015-16 T2-4 Madhya Pradesh/All Classes/number/STvsOthers,AgCensus2015-16,T2-4,Madhya Pradesh,All Classes,number,STvsOthers,social_group,Scheduled Tribes,Other social groups,1,1,0,0,diff,b,"Tables 2-4, PDF pages 25,31,37",https://www.fao.org/fileadmin/templates/ess/ess_test_folder/World_Census_Agriculture/WCA_2020/WCA_2020_new_doc/IND_REP_ENG_2015_2016.pdf | archived_sha256=fb01bcb922a38ef964a2ca2fddada5540426bf5b06317d931425ae8d699d6405,archived a1_extract.py/a1b_gender.py; shares independently recomputed from numeric CSV,percentage share (0-100); raw number of holdings in thousands,All-social-groups total for Madhya Pradesh/All Classes/number=10003,19.9940017995,68.2295311407,raw ST=2000; raw Others=6825; construction fact=f00161; stored gap=48.24 pp,recomputed_from_archived_official_report,deterministic_source_reconstruction_v1,2026-09-13,,,,diff,b,True
AgCensus2015-16 T2-4 Madhya Pradesh/All/area/Semi-mediumvsMedium,AgCensus2015-16,T2-4,Madhya Pradesh,All,area,Semi-mediumvsMedium,landholding,semi-medium operated area,medium operated area,3,3,0,0,equal,c,"Table 2, PDF pages 25,28,29",https://www.fao.org/fileadmin/templates/ess/ess_test_folder/World_Census_Agriculture/WCA_2020/WCA_2020_new_doc/IND_REP_ENG_2015_2016.pdf | archived_sha256=fb01bcb922a38ef964a2ca2fddada5540426bf5b06317d931425ae8d699d6405,archived a1_extract.py/a1b_gender.py; shares independently recomputed from numeric CSV,percentage share (0-100); raw operated area in thousand hectares,All Classes total for Madhya Pradesh/All/area=15670,28.8576898532,25.5775366943,raw Semi-medium=4522; raw Medium=4008; construction fact=f01457; stored gap=3.28 pp,recomputed_from_archived_official_report,deterministic_source_reconstruction_v1,2026-09-13,,,,equal,c,True
AgCensus2015-16 T2-4 Madhya Pradesh/All/area/SmallvsMedium,AgCensus2015-16,T2-4,Madhya Pradesh,All,area,SmallvsMedium,landholding,small operated area,medium operated area,4,0,0,4,equal,c,"Table 2, PDF pages 25,27,29",https://www.fao.org/fileadmin/templates/ess/ess_test_folder/World_Census_Agriculture/WCA_2020/WCA_2020_new_doc/IND_REP_ENG_2015_2016.pdf | archived_sha256=fb01bcb922a38ef964a2ca2fddada5540426bf5b06317d931425ae8d699d6405,archived a1_extract.py/a1b_gender.py; shares independently recomputed from numeric CSV,percentage share (0-100); raw operated area in thousand hectares,All Classes total for Madhya Pradesh/All/area=15670,24.4798978941,25.5775366943,raw Small=3836; raw Medium=4008; construction fact=f01455; stored gap=1.1 pp,recomputed_from_archived_official_report,deterministic_source_reconstruction_v1,2026-09-13,,,,equal,c,True
AgCensus2015-16 T2-4 Madhya Pradesh/All/area/SmallvsSemi-medium,AgCensus2015-16,T2-4,Madhya Pradesh,All,area,SmallvsSemi-medium,landholding,small operated area,semi-medium operated area,4,4,0,0,equal,c,"Table 2, PDF pages 25,27,28",https://www.fao.org/fileadmin/templates/ess/ess_test_folder/World_Census_Agriculture/WCA_2020/WCA_2020_new_doc/IND_REP_ENG_2015_2016.pdf | archived_sha256=fb01bcb922a38ef964a2ca2fddada5540426bf5b06317d931425ae8d699d6405,archived a1_extract.py/a1b_gender.py; shares independently recomputed from numeric CSV,percentage share (0-100); raw operated area in thousand hectares,All Classes total for Madhya Pradesh/All/area=15670,24.4798978941,28.8576898532,raw Small=3836; raw Semi-medium=4522; construction fact=f01454; stored gap=4.38 pp,recomputed_from_archived_official_report,deterministic_source_reconstruction_v1,2026-09-13,,,,equal,c,True
AgCensus2015-16 T2-4 Madhya Pradesh/All/number/MarginalvsLarge,AgCensus2015-16,T2-4,Madhya Pradesh,All,number,MarginalvsLarge,landholding,marginal holdings,large holdings,1,1,0,0,diff,a,"Table 2, PDF pages 25,26,30",https://www.fao.org/fileadmin/templates/ess/ess_test_folder/World_Census_Agriculture/WCA_2020/WCA_2020_new_doc/IND_REP_ENG_2015_2016.pdf | archived_sha256=fb01bcb922a38ef964a2ca2fddada5540426bf5b06317d931425ae8d699d6405,archived a1_extract.py/a1b_gender.py; shares independently recomputed from numeric CSV,percentage share (0-100); raw number of holdings in thousands,All Classes total for Madhya Pradesh/All/number=10003,48.3354993502,0.6298110567,raw Marginal=4835; raw Large=63; construction fact=f00846; stored gap=47.71 pp,recomputed_from_archived_official_report,deterministic_source_reconstruction_v1,2026-09-13,,,,diff,a,True
AgCensus2015-16 T2-4 Madhya Pradesh/All/number/MarginalvsMedium,AgCensus2015-16,T2-4,Madhya Pradesh,All,number,MarginalvsMedium,landholding,marginal holdings,medium holdings,1,0,0,1,diff,a,"Table 2, PDF pages 25,26,29",https://www.fao.org/fileadmin/templates/ess/ess_test_folder/World_Census_Agriculture/WCA_2020/WCA_2020_new_doc/IND_REP_ENG_2015_2016.pdf | archived_sha256=fb01bcb922a38ef964a2ca2fddada5540426bf5b06317d931425ae8d699d6405,archived a1_extract.py/a1b_gender.py; shares independently recomputed from numeric CSV,percentage share (0-100); raw number of holdings in thousands,All Classes total for Madhya Pradesh/All/number=10003,48.3354993502,7.0678796361,raw Marginal=4835; raw Medium=707; construction fact=f00845; stored gap=41.27 pp,recomputed_from_archived_official_report,deterministic_source_reconstruction_v1,2026-09-13,,,,diff,a,True
AgCensus2015-16 T2-4 Madhya Pradesh/All/number/MarginalvsSemi-medium,AgCensus2015-16,T2-4,Madhya Pradesh,All,number,MarginalvsSemi-medium,landholding,marginal holdings,semi-medium holdings,1,1,0,0,diff,a,"Table 2, PDF pages 25,26,28",https://www.fao.org/fileadmin/templates/ess/ess_test_folder/World_Census_Agriculture/WCA_2020/WCA_2020_new_doc/IND_REP_ENG_2015_2016.pdf | archived_sha256=fb01bcb922a38ef964a2ca2fddada5540426bf5b06317d931425ae8d699d6405,archived a1_extract.py/a1b_gender.py; shares independently recomputed from numeric CSV,percentage share (0-100); raw number of holdings in thousands,All Classes total for Madhya Pradesh/All/number=10003,48.3354993502,16.7349795061,raw Marginal=4835; raw Semi-medium=1674; construction fact=f00844; stored gap=31.6 pp,recomputed_from_archived_official_report,deterministic_source_reconstruction_v1,2026-09-13,,,,diff,a,True
AgCensus2015-16 T2-4 Madhya Pradesh/All/number/SmallvsLarge,AgCensus2015-16,T2-4,Madhya Pradesh,All,number,SmallvsLarge,landholding,small holdings,large holdings,1,0,1,0,diff,a,"Table 2, PDF pages 25,27,30",https://www.fao.org/fileadmin/templates/ess/ess_test_folder/World_Census_Agriculture/WCA_2020/WCA_2020_new_doc/IND_REP_ENG_2015_2016.pdf | archived_sha256=fb01bcb922a38ef964a2ca2fddada5540426bf5b06317d931425ae8d699d6405,archived a1_extract.py/a1b_gender.py; shares independently recomputed from numeric CSV,percentage share (0-100); raw number of holdings in thousands,All Classes total for Madhya Pradesh/All/number=10003,27.2418274518,0.6298110567,raw Small=2725; raw Large=63; construction fact=f00849; stored gap=26.61 pp,recomputed_from_archived_official_report,deterministic_source_reconstruction_v1,2026-09-13,,,,diff,a,True
AgCensus2015-16 T2-4 Madhya Pradesh/All/number/SmallvsMedium,AgCensus2015-16,T2-4,Madhya Pradesh,All,number,SmallvsMedium,landholding,small holdings,medium holdings,1,1,0,0,diff,a,"Table 2, PDF pages 25,27,29",https://www.fao.org/fileadmin/templates/ess/ess_test_folder/World_Census_Agriculture/WCA_2020/WCA_2020_new_doc/IND_REP_ENG_2015_2016.pdf | archived_sha256=fb01bcb922a38ef964a2ca2fddada5540426bf5b06317d931425ae8d699d6405,archived a1_extract.py/a1b_gender.py; shares independently recomputed from numeric CSV,percentage share (0-100); raw number of holdings in thousands,All Classes total for Madhya Pradesh/All/number=10003,27.2418274518,7.0678796361,raw Small=2725; raw Medium=707; construction fact=f00848; stored gap=20.17 pp,recomputed_from_archived_official_report,deterministic_source_reconstruction_v1,2026-09-13,,,,diff,a,True
AgCensus2015-16 T2-4 Madhya Pradesh/All/number/SmallvsSemi-medium,AgCensus2015-16,T2-4,Madhya Pradesh,All,number,SmallvsSemi-medium,landholding,small holdings,semi-medium holdings,1,0,0,1,diff,a,"Table 2, PDF pages 25,27,28",https://www.fao.org/fileadmin/templates/ess/ess_test_folder/World_Census_Agriculture/WCA_2020/WCA_2020_new_doc/IND_REP_ENG_2015_2016.pdf | archived_sha256=fb01bcb922a38ef964a2ca2fddada5540426bf5b06317d931425ae8d699d6405,archived a1_extract.py/a1b_gender.py; shares independently recomputed from numeric CSV,percentage share (0-100); raw number of holdings in thousands,All Classes total for Madhya Pradesh/All/number=10003,27.2418274518,16.7349795061,raw Small=2725; raw Semi-medium=1674; construction fact=f00847; stored gap=10.51 pp,recomputed_from_archived_official_report,deterministic_source_reconstruction_v1,2026-09-13,,,,diff,a,True
AgCensus2015-16 T2-4 Madhya Pradesh/Large/number/SCvsOthers,AgCensus2015-16,T2-4,Madhya Pradesh,Large,number,SCvsOthers,social_group,Scheduled Castes,Other social groups,1,1,0,0,diff,b,"Tables 2-4, PDF pages 30,36,42",https://www.fao.org/fileadmin/templates/ess/ess_test_folder/World_Census_Agriculture/WCA_2020/WCA_2020_new_doc/IND_REP_ENG_2015_2016.pdf | archived_sha256=fb01bcb922a38ef964a2ca2fddada5540426bf5b06317d931425ae8d699d6405,archived a1_extract.py/a1b_gender.py; shares independently recomputed from numeric CSV,percentage share (0-100); raw number of holdings in thousands,All-social-groups total for Madhya Pradesh/Large/number=63,1.5873015873,79.3650793651,raw SC=1; raw Others=50; construction fact=f00163; stored gap=77.78 pp,recomputed_from_archived_official_report,deterministic_source_reconstruction_v1,2026-09-13,,,,diff,b,True
AgCensus2015-16 T2-4 Madhya Pradesh/Large/number/SCvsST,AgCensus2015-16,T2-4,Madhya Pradesh,Large,number,SCvsST,social_group,Scheduled Castes,Scheduled Tribes,1,1,0,0,diff,b,"Tables 2-4, PDF pages 30,36,42",https://www.fao.org/fileadmin/templates/ess/ess_test_folder/World_Census_Agriculture/WCA_2020/WCA_2020_new_doc/IND_REP_ENG_2015_2016.pdf | archived_sha256=fb01bcb922a38ef964a2ca2fddada5540426bf5b06317d931425ae8d699d6405,archived a1_extract.py/a1b_gender.py; shares independently recomputed from numeric CSV,percentage share (0-100); raw number of holdings in thousands,All-social-groups total for Madhya Pradesh/Large/number=63,1.5873015873,19.0476190476,raw SC=1; raw ST=12; construction fact=f00162; stored gap=17.46 pp,recomputed_from_archived_official_report,deterministic_source_reconstruction_v1,2026-09-13,,,,diff,b,True
AgCensus2015-16 T2-4 Madhya Pradesh/Large/number/STvsOthers,AgCensus2015-16,T2-4,Madhya Pradesh,Large,number,STvsOthers,social_group,Scheduled Tribes,Other social groups,1,0,0,1,diff,b,"Tables 2-4, PDF pages 30,36,42",https://www.fao.org/fileadmin/templates/ess/ess_test_folder/World_Census_Agriculture/WCA_2020/WCA_2020_new_doc/IND_REP_ENG_2015_2016.pdf | archived_sha256=fb01bcb922a38ef964a2ca2fddada5540426bf5b06317d931425ae8d699d6405,archived a1_extract.py/a1b_gender.py; shares independently recomputed from numeric CSV,percentage share (0-100); raw number of holdings in thousands,All-social-groups total for Madhya Pradesh/Large/number=63,19.0476190476,79.3650793651,raw ST=12; raw Others=50; construction fact=f00164; stored gap=60.32 pp,recomputed_from_archived_official_report,deterministic_source_reconstruction_v1,2026-09-13,,,,diff,b,True
AgCensus2015-16 T2-4 Madhya Pradesh/Marginal/number/SCvsOthers,AgCensus2015-16,T2-4,Madhya Pradesh,Marginal,number,SCvsOthers,social_group,Scheduled Castes,Other social groups,1,0,0,1,diff,b,"Tables 2-4, PDF pages 26,32,38",https://www.fao.org/fileadmin/templates/ess/ess_test_folder/World_Census_Agriculture/WCA_2020/WCA_2020_new_doc/IND_REP_ENG_2015_2016.pdf | archived_sha256=fb01bcb922a38ef964a2ca2fddada5540426bf5b06317d931425ae8d699d6405,archived a1_extract.py/a1b_gender.py; shares independently recomputed from numeric CSV,percentage share (0-100); raw number of holdings in thousands,All-social-groups total for Madhya Pradesh/Marginal/number=4835,14.3743536711,66.1840744571,raw SC=695; raw Others=3200; construction fact=f00165; stored gap=51.81 pp,recomputed_from_archived_official_report,deterministic_source_reconstruction_v1,2026-09-13,,,,diff,b,True
AgCensus2015-16 T2-4 Madhya Pradesh/Marginal/number/STvsOthers,AgCensus2015-16,T2-4,Madhya Pradesh,Marginal,number,STvsOthers,social_group,Scheduled Tribes,Other social groups,1,1,0,0,diff,b,"Tables 2-4, PDF pages 26,32,38",https://www.fao.org/fileadmin/templates/ess/ess_test_folder/World_Census_Agriculture/WCA_2020/WCA_2020_new_doc/IND_REP_ENG_2015_2016.pdf | archived_sha256=fb01bcb922a38ef964a2ca2fddada5540426bf5b06317d931425ae8d699d6405,archived a1_extract.py/a1b_gender.py; shares independently recomputed from numeric CSV,percentage share (0-100); raw number of holdings in thousands,All-social-groups total for Madhya Pradesh/Marginal/number=4835,19.4415718718,66.1840744571,raw ST=940; raw Others=3200; construction fact=f00166; stored gap=46.74 pp,recomputed_from_archived_official_report,deterministic_source_reconstruction_v1,2026-09-13,,,,diff,b,True
AgCensus2015-16 T2-4 Madhya Pradesh/Medium/number/SCvsST,AgCensus2015-16,T2-4,Madhya Pradesh,Medium,number,SCvsST,social_group,Scheduled Castes,Scheduled Tribes,1,0,0,1,diff,b,"Tables 2-4, PDF pages 29,35,41",https://www.fao.org/fileadmin/templates/ess/ess_test_folder/World_Census_Agriculture/WCA_2020/WCA_2020_new_doc/IND_REP_ENG_2015_2016.pdf | archived_sha256=fb01bcb922a38ef964a2ca2fddada5540426bf5b06317d931425ae8d699d6405,archived a1_extract.py/a1b_gender.py; shares independently recomputed from numeric CSV,percentage share (0-100); raw number of holdings in thousands,All-social-groups total for Madhya Pradesh/Medium/number=707,4.8090523338,19.5190947666,raw SC=34; raw ST=138; construction fact=f00167; stored gap=14.71 pp,recomputed_from_archived_official_report,deterministic_source_reconstruction_v1,2026-09-13,,,,diff,b,True
AgCensus2015-16 T2-4 Madhya Pradesh/Medium/number/STvsOthers,AgCensus2015-16,T2-4,Madhya Pradesh,Medium,number,STvsOthers,social_group,Scheduled Tribes,Other social groups,1,0,0,1,diff,b,"Tables 2-4, PDF pages 29,35,41",https://www.fao.org/fileadmin/templates/ess/ess_test_folder/World_Census_Agriculture/WCA_2020/WCA_2020_new_doc/IND_REP_ENG_2015_2016.pdf | archived_sha256=fb01bcb922a38ef964a2ca2fddada5540426bf5b06317d931425ae8d699d6405,archived a1_extract.py/a1b_gender.py; shares independently recomputed from numeric CSV,percentage share (0-100); raw number of holdings in thousands,All-social-groups total for Madhya Pradesh/Medium/number=707,19.5190947666,75.6718528996,raw ST=138; raw Others=535; construction fact=f00169; stored gap=56.15 pp,recomputed_from_archived_official_report,deterministic_source_reconstruction_v1,2026-09-13,,,,diff,b,True
AgCensus2015-16 T2-4 Madhya Pradesh/SC/area/MarginalvsSemi-medium,AgCensus2015-16,T2-4,Madhya Pradesh,SC,area,MarginalvsSemi-medium,landholding,marginal operated area,semi-medium operated area,4,4,0,0,equal,c,"Table 3, PDF pages 31,32,34",https://www.fao.org/fileadmin/templates/ess/ess_test_folder/World_Census_Agriculture/WCA_2020/WCA_2020_new_doc/IND_REP_ENG_2015_2016.pdf | archived_sha256=fb01bcb922a38ef964a2ca2fddada5540426bf5b06317d931425ae8d699d6405,archived a1_extract.py/a1b_gender.py; shares independently recomputed from numeric CSV,percentage share (0-100); raw operated area in thousand hectares,All Classes total for Madhya Pradesh/SC/area=1318,26.1001517451,26.1760242792,raw Marginal=344; raw Semi-medium=345; construction fact=f01676; stored gap=0.08 pp,recomputed_from_archived_official_report,deterministic_source_reconstruction_v1,2026-09-13,,,,equal,c,True
AgCensus2015-16 T2-4 Madhya Pradesh/SC/number/MarginalvsLarge,AgCensus2015-16,T2-4,Madhya Pradesh,SC,number,MarginalvsLarge,landholding,marginal holdings,large holdings,1,1,0,0,diff,a,"Table 3, PDF pages 31,32,36",https://www.fao.org/fileadmin/templates/ess/ess_test_folder/World_Census_Agriculture/WCA_2020/WCA_2020_new_doc/IND_REP_ENG_2015_2016.pdf | archived_sha256=fb01bcb922a38ef964a2ca2fddada5540426bf5b06317d931425ae8d699d6405,archived a1_extract.py/a1b_gender.py; shares independently recomputed from numeric CSV,percentage share (0-100); raw number of holdings in thousands,All Classes total for Madhya Pradesh/SC/number=1178,58.9983022071,0.0848896435,raw Marginal=695; raw Large=1; construction fact=f01046; stored gap=58.91 pp,recomputed_from_archived_official_report,deterministic_source_reconstruction_v1,2026-09-13,,,,diff,a,True
AgCensus2015-16 T2-4 Madhya Pradesh/SC/number/MarginalvsMedium,AgCensus2015-16,T2-4,Madhya Pradesh,SC,number,MarginalvsMedium,landholding,marginal holdings,medium holdings,1,0,0,1,diff,a,"Table 3, PDF pages 31,32,35",https://www.fao.org/fileadmin/templates/ess/ess_test_folder/World_Census_Agriculture/WCA_2020/WCA_2020_new_doc/IND_REP_ENG_2015_2016.pdf | archived_sha256=fb01bcb922a38ef964a2ca2fddada5540426bf5b06317d931425ae8d699d6405,archived a1_extract.py/a1b_gender.py; shares independently recomputed from numeric CSV,percentage share (0-100); raw number of holdings in thousands,All Classes total for Madhya Pradesh/SC/number=1178,58.9983022071,2.8862478778,raw Marginal=695; raw Medium=34; construction fact=f01045; stored gap=56.11 pp,recomputed_from_archived_official_report,deterministic_source_reconstruction_v1,2026-09-13,,,,diff,a,True
AgCensus2015-16 T2-4 Madhya Pradesh/SC/number/MarginalvsSemi-medium,AgCensus2015-16,T2-4,Madhya Pradesh,SC,number,MarginalvsSemi-medium,landholding,marginal holdings,semi-medium holdings,1,0,0,1,diff,a,"Table 3, PDF pages 31,32,34",https://www.fao.org/fileadmin/templates/ess/ess_test_folder/World_Census_Agriculture/WCA_2020/WCA_2020_new_doc/IND_REP_ENG_2015_2016.pdf | archived_sha256=fb01bcb922a38ef964a2ca2fddada5540426bf5b06317d931425ae8d699d6405,archived a1_extract.py/a1b_gender.py; shares independently recomputed from numeric CSV,percentage share (0-100); raw number of holdings in thousands,All Classes total for Madhya Pradesh/SC/number=1178,58.9983022071,11.1205432937,raw Marginal=695; raw Semi-medium=131; construction fact=f01044; stored gap=47.88 pp,recomputed_from_archived_official_report,deterministic_source_reconstruction_v1,2026-09-13,,,,diff,a,True
AgCensus2015-16 T2-4 Madhya Pradesh/SC/number/Semi-mediumvsLarge,AgCensus2015-16,T2-4,Madhya Pradesh,SC,number,Semi-mediumvsLarge,landholding,semi-medium holdings,large holdings,1,1,0,0,diff,a,"Table 3, PDF pages 31,34,36",https://www.fao.org/fileadmin/templates/ess/ess_test_folder/World_Census_Agriculture/WCA_2020/WCA_2020_new_doc/IND_REP_ENG_2015_2016.pdf | archived_sha256=fb01bcb922a38ef964a2ca2fddada5540426bf5b06317d931425ae8d699d6405,archived a1_extract.py/a1b_gender.py; shares independently recomputed from numeric CSV,percentage share (0-100); raw number of holdings in thousands,All Classes total for Madhya Pradesh/SC/number=1178,11.1205432937,0.0848896435,raw Semi-medium=131; raw Large=1; construction fact=f01050; stored gap=11.04 pp,recomputed_from_archived_official_report,deterministic_source_reconstruction_v1,2026-09-13,,,,diff,a,True
AgCensus2015-16 T2-4 Madhya Pradesh/SC/number/SmallvsLarge,AgCensus2015-16,T2-4,Madhya Pradesh,SC,number,SmallvsLarge,landholding,small holdings,large holdings,1,1,0,0,diff,a,"Table 3, PDF pages 31,33,36",https://www.fao.org/fileadmin/templates/ess/ess_test_folder/World_Census_Agriculture/WCA_2020/WCA_2020_new_doc/IND_REP_ENG_2015_2016.pdf | archived_sha256=fb01bcb922a38ef964a2ca2fddada5540426bf5b06317d931425ae8d699d6405,archived a1_extract.py/a1b_gender.py; shares independently recomputed from numeric CSV,percentage share (0-100); raw number of holdings in thousands,All Classes total for Madhya Pradesh/SC/number=1178,26.9100169779,0.0848896435,raw Small=317; raw Large=1; construction fact=f01049; stored gap=26.83 pp,recomputed_from_archived_official_report,deterministic_source_reconstruction_v1,2026-09-13,,,,diff,a,True
AgCensus2015-16 T2-4 Madhya Pradesh/SC/number/SmallvsMedium,AgCensus2015-16,T2-4,Madhya Pradesh,SC,number,SmallvsMedium,landholding,small holdings,medium holdings,1,1,0,0,diff,a,"Table 3, PDF pages 31,33,35",https://www.fao.org/fileadmin/templates/ess/ess_test_folder/World_Census_Agriculture/WCA_2020/WCA_2020_new_doc/IND_REP_ENG_2015_2016.pdf | archived_sha256=fb01bcb922a38ef964a2ca2fddada5540426bf5b06317d931425ae8d699d6405,archived a1_extract.py/a1b_gender.py; shares independently recomputed from numeric CSV,percentage share (0-100); raw number of holdings in thousands,All Classes total for Madhya Pradesh/SC/number=1178,26.9100169779,2.8862478778,raw Small=317; raw Medium=34; construction fact=f01048; stored gap=24.02 pp,recomputed_from_archived_official_report,deterministic_source_reconstruction_v1,2026-09-13,,,,diff,a,True
AgCensus2015-16 T2-4 Madhya Pradesh/SC/number/SmallvsSemi-medium,AgCensus2015-16,T2-4,Madhya Pradesh,SC,number,SmallvsSemi-medium,landholding,small holdings,semi-medium holdings,1,1,0,0,diff,a,"Table 3, PDF pages 31,33,34",https://www.fao.org/fileadmin/templates/ess/ess_test_folder/World_Census_Agriculture/WCA_2020/WCA_2020_new_doc/IND_REP_ENG_2015_2016.pdf | archived_sha256=fb01bcb922a38ef964a2ca2fddada5540426bf5b06317d931425ae8d699d6405,archived a1_extract.py/a1b_gender.py; shares independently recomputed from numeric CSV,percentage share (0-100); raw number of holdings in thousands,All Classes total for Madhya Pradesh/SC/number=1178,26.9100169779,11.1205432937,raw Small=317; raw Semi-medium=131; construction fact=f01047; stored gap=15.79 pp,recomputed_from_archived_official_report,deterministic_source_reconstruction_v1,2026-09-13,,,,diff,a,True
AgCensus2015-16 T2-4 Madhya Pradesh/ST/number/MarginalvsLarge,AgCensus2015-16,T2-4,Madhya Pradesh,ST,number,MarginalvsLarge,landholding,marginal holdings,large holdings,1,0,0,1,diff,a,"Table 4, PDF pages 37,38,42",https://www.fao.org/fileadmin/templates/ess/ess_test_folder/World_Census_Agriculture/WCA_2020/WCA_2020_new_doc/IND_REP_ENG_2015_2016.pdf | archived_sha256=fb01bcb922a38ef964a2ca2fddada5540426bf5b06317d931425ae8d699d6405,archived a1_extract.py/a1b_gender.py; shares independently recomputed from numeric CSV,percentage share (0-100); raw number of holdings in thousands,All Classes total for Madhya Pradesh/ST/number=2000,47.0000000000,0.6000000000,raw Marginal=940; raw Large=12; construction fact=f01205; stored gap=46.4 pp,recomputed_from_archived_official_report,deterministic_source_reconstruction_v1,2026-09-13,,,,diff,a,True
AgCensus2015-16 T2-4 Madhya Pradesh/ST/number/MarginalvsMedium,AgCensus2015-16,T2-4,Madhya Pradesh,ST,number,MarginalvsMedium,landholding,marginal holdings,medium holdings,1,0,0,1,diff,a,"Table 4, PDF pages 37,38,41",https://www.fao.org/fileadmin/templates/ess/ess_test_folder/World_Census_Agriculture/WCA_2020/WCA_2020_new_doc/IND_REP_ENG_2015_2016.pdf | archived_sha256=fb01bcb922a38ef964a2ca2fddada5540426bf5b06317d931425ae8d699d6405,archived a1_extract.py/a1b_gender.py; shares independently recomputed from numeric CSV,percentage share (0-100); raw number of holdings in thousands,All Classes total for Madhya Pradesh/ST/number=2000,47.0000000000,6.9000000000,raw Marginal=940; raw Medium=138; construction fact=f01204; stored gap=40.1 pp,recomputed_from_archived_official_report,deterministic_source_reconstruction_v1,2026-09-13,,,,diff,a,True
AgCensus2015-16 T2-4 Madhya Pradesh/ST/number/MarginalvsSemi-medium,AgCensus2015-16,T2-4,Madhya Pradesh,ST,number,MarginalvsSemi-medium,landholding,marginal holdings,semi-medium holdings,1,1,0,0,diff,a,"Table 4, PDF pages 37,38,40",https://www.fao.org/fileadmin/templates/ess/ess_test_folder/World_Census_Agriculture/WCA_2020/WCA_2020_new_doc/IND_REP_ENG_2015_2016.pdf | archived_sha256=fb01bcb922a38ef964a2ca2fddada5540426bf5b06317d931425ae8d699d6405,archived a1_extract.py/a1b_gender.py; shares independently recomputed from numeric CSV,percentage share (0-100); raw number of holdings in thousands,All Classes total for Madhya Pradesh/ST/number=2000,47.0000000000,17.7000000000,raw Marginal=940; raw Semi-medium=354; construction fact=f01203; stored gap=29.3 pp,recomputed_from_archived_official_report,deterministic_source_reconstruction_v1,2026-09-13,,,,diff,a,True
AgCensus2015-16 T2-4 Madhya Pradesh/ST/number/MarginalvsSmall,AgCensus2015-16,T2-4,Madhya Pradesh,ST,number,MarginalvsSmall,landholding,marginal holdings,small holdings,1,1,0,0,diff,a,"Table 4, PDF pages 37,38,39",https://www.fao.org/fileadmin/templates/ess/ess_test_folder/World_Census_Agriculture/WCA_2020/WCA_2020_new_doc/IND_REP_ENG_2015_2016.pdf | archived_sha256=fb01bcb922a38ef964a2ca2fddada5540426bf5b06317d931425ae8d699d6405,archived a1_extract.py/a1b_gender.py; shares independently recomputed from numeric CSV,percentage share (0-100); raw number of holdings in thousands,All Classes total for Madhya Pradesh/ST/number=2000,47.0000000000,27.8000000000,raw Marginal=940; raw Small=556; construction fact=f01202; stored gap=19.2 pp,recomputed_from_archived_official_report,deterministic_source_reconstruction_v1,2026-09-13,,,,diff,a,True
AgCensus2015-16 T2-4 Madhya Pradesh/ST/number/Semi-mediumvsLarge,AgCensus2015-16,T2-4,Madhya Pradesh,ST,number,Semi-mediumvsLarge,landholding,semi-medium holdings,large holdings,1,0,1,0,diff,a,"Table 4, PDF pages 37,40,42",https://www.fao.org/fileadmin/templates/ess/ess_test_folder/World_Census_Agriculture/WCA_2020/WCA_2020_new_doc/IND_REP_ENG_2015_2016.pdf | archived_sha256=fb01bcb922a38ef964a2ca2fddada5540426bf5b06317d931425ae8d699d6405,archived a1_extract.py/a1b_gender.py; shares independently recomputed from numeric CSV,percentage share (0-100); raw number of holdings in thousands,All Classes total for Madhya Pradesh/ST/number=2000,17.7000000000,0.6000000000,raw Semi-medium=354; raw Large=12; construction fact=f01210; stored gap=17.1 pp,recomputed_from_archived_official_report,deterministic_source_reconstruction_v1,2026-09-13,,,,diff,a,True
AgCensus2015-16 T2-4 Madhya Pradesh/ST/number/Semi-mediumvsMedium,AgCensus2015-16,T2-4,Madhya Pradesh,ST,number,Semi-mediumvsMedium,landholding,semi-medium holdings,medium holdings,1,1,0,0,diff,a,"Table 4, PDF pages 37,40,41",https://www.fao.org/fileadmin/templates/ess/ess_test_folder/World_Census_Agriculture/WCA_2020/WCA_2020_new_doc/IND_REP_ENG_2015_2016.pdf | archived_sha256=fb01bcb922a38ef964a2ca2fddada5540426bf5b06317d931425ae8d699d6405,archived a1_extract.py/a1b_gender.py; shares independently recomputed from numeric CSV,percentage share (0-100); raw number of holdings in thousands,All Classes total for Madhya Pradesh/ST/number=2000,17.7000000000,6.9000000000,raw Semi-medium=354; raw Medium=138; construction fact=f01209; stored gap=10.8 pp,recomputed_from_archived_official_report,deterministic_source_reconstruction_v1,2026-09-13,,,,diff,a,True
AgCensus2015-16 T2-4 Madhya Pradesh/ST/number/SmallvsMedium,AgCensus2015-16,T2-4,Madhya Pradesh,ST,number,SmallvsMedium,landholding,small holdings,medium holdings,1,1,0,0,diff,a,"Table 4, PDF pages 37,39,41",https://www.fao.org/fileadmin/templates/ess/ess_test_folder/World_Census_Agriculture/WCA_2020/WCA_2020_new_doc/IND_REP_ENG_2015_2016.pdf | archived_sha256=fb01bcb922a38ef964a2ca2fddada5540426bf5b06317d931425ae8d699d6405,archived a1_extract.py/a1b_gender.py; shares independently recomputed from numeric CSV,percentage share (0-100); raw number of holdings in thousands,All Classes total for Madhya Pradesh/ST/number=2000,27.8000000000,6.9000000000,raw Small=556; raw Medium=138; construction fact=f01207; stored gap=20.9 pp,recomputed_from_archived_official_report,deterministic_source_reconstruction_v1,2026-09-13,,,,diff,a,True
AgCensus2015-16 T2-4 Madhya Pradesh/ST/number/SmallvsSemi-medium,AgCensus2015-16,T2-4,Madhya Pradesh,ST,number,SmallvsSemi-medium,landholding,small holdings,semi-medium holdings,1,0,0,1,diff,a,"Table 4, PDF pages 37,39,40",https://www.fao.org/fileadmin/templates/ess/ess_test_folder/World_Census_Agriculture/WCA_2020/WCA_2020_new_doc/IND_REP_ENG_2015_2016.pdf | archived_sha256=fb01bcb922a38ef964a2ca2fddada5540426bf5b06317d931425ae8d699d6405,archived a1_extract.py/a1b_gender.py; shares independently recomputed from numeric CSV,percentage share (0-100); raw number of holdings in thousands,All Classes total for Madhya Pradesh/ST/number=2000,27.8000000000,17.7000000000,raw Small=556; raw Semi-medium=354; construction fact=f01206; stored gap=10.1 pp,recomputed_from_archived_official_report,deterministic_source_reconstruction_v1,2026-09-13,,,,diff,a,True
AgCensus2015-16 T2-4 Madhya Pradesh/Semi-medium/number/SCvsOthers,AgCensus2015-16,T2-4,Madhya Pradesh,Semi-medium,number,SCvsOthers,social_group,Scheduled Castes,Other social groups,1,1,0,0,diff,b,"Tables 2-4, PDF pages 28,34,40",https://www.fao.org/fileadmin/templates/ess/ess_test_folder/World_Census_Agriculture/WCA_2020/WCA_2020_new_doc/IND_REP_ENG_2015_2016.pdf | archived_sha256=fb01bcb922a38ef964a2ca2fddada5540426bf5b06317d931425ae8d699d6405,archived a1_extract.py/a1b_gender.py; shares independently recomputed from numeric CSV,percentage share (0-100); raw number of holdings in thousands,All-social-groups total for Madhya Pradesh/Semi-medium/number=1674,7.8255675030,71.0274790920,raw SC=131; raw Others=1189; construction fact=f00171; stored gap=63.2 pp,recomputed_from_archived_official_report,deterministic_source_reconstruction_v1,2026-09-13,,,,diff,b,True
AgCensus2015-16 T2-4 Madhya Pradesh/Semi-medium/number/SCvsST,AgCensus2015-16,T2-4,Madhya Pradesh,Semi-medium,number,SCvsST,social_group,Scheduled Castes,Scheduled Tribes,1,0,0,1,diff,b,"Tables 2-4, PDF pages 28,34,40",https://www.fao.org/fileadmin/templates/ess/ess_test_folder/World_Census_Agriculture/WCA_2020/WCA_2020_new_doc/IND_REP_ENG_2015_2016.pdf | archived_sha256=fb01bcb922a38ef964a2ca2fddada5540426bf5b06317d931425ae8d699d6405,archived a1_extract.py/a1b_gender.py; shares independently recomputed from numeric CSV,percentage share (0-100); raw number of holdings in thousands,All-social-groups total for Madhya Pradesh/Semi-medium/number=1674,7.8255675030,21.1469534050,raw SC=131; raw ST=354; construction fact=f00170; stored gap=13.32 pp,recomputed_from_archived_official_report,deterministic_source_reconstruction_v1,2026-09-13,,,,diff,b,True
AgCensus2015-16 T2-4 Madhya Pradesh/Semi-medium/number/STvsOthers,AgCensus2015-16,T2-4,Madhya Pradesh,Semi-medium,number,STvsOthers,social_group,Scheduled Tribes,Other social groups,1,1,0,0,diff,b,"Tables 2-4, PDF pages 28,34,40",https://www.fao.org/fileadmin/templates/ess/ess_test_folder/World_Census_Agriculture/WCA_2020/WCA_2020_new_doc/IND_REP_ENG_2015_2016.pdf | archived_sha256=fb01bcb922a38ef964a2ca2fddada5540426bf5b06317d931425ae8d699d6405,archived a1_extract.py/a1b_gender.py; shares independently recomputed from numeric CSV,percentage share (0-100); raw number of holdings in thousands,All-social-groups total for Madhya Pradesh/Semi-medium/number=1674,21.1469534050,71.0274790920,raw ST=354; raw Others=1189; construction fact=f00172; stored gap=49.88 pp,recomputed_from_archived_official_report,deterministic_source_reconstruction_v1,2026-09-13,,,,diff,b,True
AgCensus2015-16 T2-4 Madhya Pradesh/Small/number/SCvsOthers,AgCensus2015-16,T2-4,Madhya Pradesh,Small,number,SCvsOthers,social_group,Scheduled Castes,Other social groups,1,0,0,1,diff,b,"Tables 2-4, PDF pages 27,33,39",https://www.fao.org/fileadmin/templates/ess/ess_test_folder/World_Census_Agriculture/WCA_2020/WCA_2020_new_doc/IND_REP_ENG_2015_2016.pdf | archived_sha256=fb01bcb922a38ef964a2ca2fddada5540426bf5b06317d931425ae8d699d6405,archived a1_extract.py/a1b_gender.py; shares independently recomputed from numeric CSV,percentage share (0-100); raw number of holdings in thousands,All-social-groups total for Madhya Pradesh/Small/number=2725,11.6330275229,67.9633027523,raw SC=317; raw Others=1852; construction fact=f00173; stored gap=56.33 pp,recomputed_from_archived_official_report,deterministic_source_reconstruction_v1,2026-09-13,,,,diff,b,True
AgCensus2015-16 T2-4 Madhya Pradesh/Small/number/STvsOthers,AgCensus2015-16,T2-4,Madhya Pradesh,Small,number,STvsOthers,social_group,Scheduled Tribes,Other social groups,1,1,0,0,diff,b,"Tables 2-4, PDF pages 27,33,39",https://www.fao.org/fileadmin/templates/ess/ess_test_folder/World_Census_Agriculture/WCA_2020/WCA_2020_new_doc/IND_REP_ENG_2015_2016.pdf | archived_sha256=fb01bcb922a38ef964a2ca2fddada5540426bf5b06317d931425ae8d699d6405,archived a1_extract.py/a1b_gender.py; shares independently recomputed from numeric CSV,percentage share (0-100); raw number of holdings in thousands,All-social-groups total for Madhya Pradesh/Small/number=2725,20.4036697248,67.9633027523,raw ST=556; raw Others=1852; construction fact=f00174; stored gap=47.56 pp,recomputed_from_archived_official_report,deterministic_source_reconstruction_v1,2026-09-13,,,,diff,b,True
AgCensus2015-16 T2-4 Maharashtra/All Classes/area/SCvsST,AgCensus2015-16,T2-4,Maharashtra,All Classes,area,SCvsST,social_group,Scheduled Castes,Scheduled Tribes,8,8,0,0,equal,c,"Tables 2-4, PDF pages 25,31,37",https://www.fao.org/fileadmin/templates/ess/ess_test_folder/World_Census_Agriculture/WCA_2020/WCA_2020_new_doc/IND_REP_ENG_2015_2016.pdf | archived_sha256=fb01bcb922a38ef964a2ca2fddada5540426bf5b06317d931425ae8d699d6405,archived a1_extract.py/a1b_gender.py; shares independently recomputed from numeric CSV,percentage share (0-100); raw operated area in thousand hectares,All-social-groups total for Maharashtra/All Classes/area=20506,6.2371988686,7.3636984297,raw SC=1279; raw ST=1510; construction fact=f00547; stored gap=1.13 pp,recomputed_from_archived_official_report,deterministic_source_reconstruction_v1,2026-09-13,,,,equal,c,True
AgCensus2015-16 T2-4 Maharashtra/All Classes/number/SCvsOthers,AgCensus2015-16,T2-4,Maharashtra,All Classes,number,SCvsOthers,social_group,Scheduled Castes,Other social groups,1,1,0,0,diff,b,"Tables 2-4, PDF pages 25,31,37",https://www.fao.org/fileadmin/templates/ess/ess_test_folder/World_Census_Agriculture/WCA_2020/WCA_2020_new_doc/IND_REP_ENG_2015_2016.pdf | archived_sha256=fb01bcb922a38ef964a2ca2fddada5540426bf5b06317d931425ae8d699d6405,archived a1_extract.py/a1b_gender.py; shares independently recomputed from numeric CSV,percentage share (0-100); raw number of holdings in thousands,All-social-groups total for Maharashtra/All Classes/number=15285,6.7386326464,87.6611056591,raw SC=1030; raw Others=13399; construction fact=f00176; stored gap=80.92 pp,recomputed_from_archived_official_report,deterministic_source_reconstruction_v1,2026-09-13,,,,diff,b,True
AgCensus2015-16 T2-4 Maharashtra/All Classes/number/SCvsST,AgCensus2015-16,T2-4,Maharashtra,All Classes,number,SCvsST,social_group,Scheduled Castes,Scheduled Tribes,8,8,0,0,equal,c,"Tables 2-4, PDF pages 25,31,37",https://www.fao.org/fileadmin/templates/ess/ess_test_folder/World_Census_Agriculture/WCA_2020/WCA_2020_new_doc/IND_REP_ENG_2015_2016.pdf | archived_sha256=fb01bcb922a38ef964a2ca2fddada5540426bf5b06317d931425ae8d699d6405,archived a1_extract.py/a1b_gender.py; shares independently recomputed from numeric CSV,percentage share (0-100); raw number of holdings in thousands,All-social-groups total for Maharashtra/All Classes/number=15285,6.7386326464,5.6002616945,raw SC=1030; raw ST=856; construction fact=f00175; stored gap=1.14 pp,recomputed_from_archived_official_report,deterministic_source_reconstruction_v1,2026-09-13,,,,equal,c,True
AgCensus2015-16 T2-4 Maharashtra/All Classes/number/STvsOthers,AgCensus2015-16,T2-4,Maharashtra,All Classes,number,STvsOthers,social_group,Scheduled Tribes,Other social groups,1,1,0,0,diff,b,"Tables 2-4, PDF pages 25,31,37",https://www.fao.org/fileadmin/templates/ess/ess_test_folder/World_Census_Agriculture/WCA_2020/WCA_2020_new_doc/IND_REP_ENG_2015_2016.pdf | archived_sha256=fb01bcb922a38ef964a2ca2fddada5540426bf5b06317d931425ae8d699d6405,archived a1_extract.py/a1b_gender.py; shares independently recomputed from numeric CSV,percentage share (0-100); raw number of holdings in thousands,All-social-groups total for Maharashtra/All Classes/number=15285,5.6002616945,87.6611056591,raw ST=856; raw Others=13399; construction fact=f00177; stored gap=82.06 pp,recomputed_from_archived_official_report,deterministic_source_reconstruction_v1,2026-09-13,,,,diff,b,True
AgCensus2015-16 T2-4 Maharashtra/All/area/MarginalvsMedium,AgCensus2015-16,T2-4,Maharashtra,All,area,MarginalvsMedium,landholding,marginal operated area,medium operated area,4,4,0,0,equal,c,"Table 2, PDF pages 25,26,29",https://www.fao.org/fileadmin/templates/ess/ess_test_folder/World_Census_Agriculture/WCA_2020/WCA_2020_new_doc/IND_REP_ENG_2015_2016.pdf | archived_sha256=fb01bcb922a38ef964a2ca2fddada5540426bf5b06317d931425ae8d699d6405,archived a1_extract.py/a1b_gender.py; shares independently recomputed from numeric CSV,percentage share (0-100); raw operated area in thousand hectares,All Classes total for Maharashtra/All/area=20506,16.8194674729,19.9892714328,raw Marginal=3449; raw Medium=4099; construction fact=f01462; stored gap=3.17 pp,recomputed_from_archived_official_report,deterministic_source_reconstruction_v1,2026-09-13,,,,equal,c,True
AgCensus2015-16 T2-4 Maharashtra/All/area/SmallvsSemi-medium,AgCensus2015-16,T2-4,Maharashtra,All,area,SmallvsSemi-medium,landholding,small operated area,semi-medium operated area,4,4,0,0,equal,c,"Table 2, PDF pages 25,27,28",https://www.fao.org/fileadmin/templates/ess/ess_test_folder/World_Census_Agriculture/WCA_2020/WCA_2020_new_doc/IND_REP_ENG_2015_2016.pdf | archived_sha256=fb01bcb922a38ef964a2ca2fddada5540426bf5b06317d931425ae8d699d6405,archived a1_extract.py/a1b_gender.py; shares independently recomputed from numeric CSV,percentage share (0-100); raw operated area in thousand hectares,All Classes total for Maharashtra/All/area=20506,28.1429825417,29.3865210182,raw Small=5771; raw Semi-medium=6026; construction fact=f01464; stored gap=1.24 pp,recomputed_from_archived_official_report,deterministic_source_reconstruction_v1,2026-09-13,,,,equal,c,True
AgCensus2015-16 T2-4 Maharashtra/All/number/MarginalvsLarge,AgCensus2015-16,T2-4,Maharashtra,All,number,MarginalvsLarge,landholding,marginal holdings,large holdings,1,0,0,1,diff,a,"Table 2, PDF pages 25,26,30",https://www.fao.org/fileadmin/templates/ess/ess_test_folder/World_Census_Agriculture/WCA_2020/WCA_2020_new_doc/IND_REP_ENG_2015_2016.pdf | archived_sha256=fb01bcb922a38ef964a2ca2fddada5540426bf5b06317d931425ae8d699d6405,archived a1_extract.py/a1b_gender.py; shares independently recomputed from numeric CSV,percentage share (0-100); raw number of holdings in thousands,All Classes total for Maharashtra/All/number=15285,51.1350997710,0.4579653255,raw Marginal=7816; raw Large=70; construction fact=f00854; stored gap=50.68 pp,recomputed_from_archived_official_report,deterministic_source_reconstruction_v1,2026-09-13,,,,diff,a,True
AgCensus2015-16 T2-4 Maharashtra/All/number/MarginalvsSemi-medium,AgCensus2015-16,T2-4,Maharashtra,All,number,MarginalvsSemi-medium,landholding,marginal holdings,semi-medium holdings,1,0,0,1,diff,a,"Table 2, PDF pages 25,26,28",https://www.fao.org/fileadmin/templates/ess/ess_test_folder/World_Census_Agriculture/WCA_2020/WCA_2020_new_doc/IND_REP_ENG_2015_2016.pdf | archived_sha256=fb01bcb922a38ef964a2ca2fddada5540426bf5b06317d931425ae8d699d6405,archived a1_extract.py/a1b_gender.py; shares independently recomputed from numeric CSV,percentage share (0-100); raw number of holdings in thousands,All Classes total for Maharashtra/All/number=15285,51.1350997710,15.2240758914,raw Marginal=7816; raw Semi-medium=2327; construction fact=f00852; stored gap=35.91 pp,recomputed_from_archived_official_report,deterministic_source_reconstruction_v1,2026-09-13,,,,diff,a,True
AgCensus2015-16 T2-4 Maharashtra/All/number/Semi-mediumvsLarge,AgCensus2015-16,T2-4,Maharashtra,All,number,Semi-mediumvsLarge,landholding,semi-medium holdings,large holdings,1,0,0,1,diff,a,"Table 2, PDF pages 25,28,30",https://www.fao.org/fileadmin/templates/ess/ess_test_folder/World_Census_Agriculture/WCA_2020/WCA_2020_new_doc/IND_REP_ENG_2015_2016.pdf | archived_sha256=fb01bcb922a38ef964a2ca2fddada5540426bf5b06317d931425ae8d699d6405,archived a1_extract.py/a1b_gender.py; shares independently recomputed from numeric CSV,percentage share (0-100); raw number of holdings in thousands,All Classes total for Maharashtra/All/number=15285,15.2240758914,0.4579653255,raw Semi-medium=2327; raw Large=70; construction fact=f00859; stored gap=14.77 pp,recomputed_from_archived_official_report,deterministic_source_reconstruction_v1,2026-09-13,,,,diff,a,True
AgCensus2015-16 T2-4 Maharashtra/All/number/Semi-mediumvsMedium,AgCensus2015-16,T2-4,Maharashtra,All,number,Semi-mediumvsMedium,landholding,semi-medium holdings,medium holdings,1,0,0,1,diff,a,"Table 2, PDF pages 25,28,29",https://www.fao.org/fileadmin/templates/ess/ess_test_folder/World_Census_Agriculture/WCA_2020/WCA_2020_new_doc/IND_REP_ENG_2015_2016.pdf | archived_sha256=fb01bcb922a38ef964a2ca2fddada5540426bf5b06317d931425ae8d699d6405,archived a1_extract.py/a1b_gender.py; shares independently recomputed from numeric CSV,percentage share (0-100); raw number of holdings in thousands,All Classes total for Maharashtra/All/number=15285,15.2240758914,4.8020935558,raw Semi-medium=2327; raw Medium=734; construction fact=f00858; stored gap=10.42 pp,recomputed_from_archived_official_report,deterministic_source_reconstruction_v1,2026-09-13,,,,diff,a,True
AgCensus2015-16 T2-4 Maharashtra/All/number/SmallvsLarge,AgCensus2015-16,T2-4,Maharashtra,All,number,SmallvsLarge,landholding,small holdings,large holdings,1,0,1,0,diff,a,"Table 2, PDF pages 25,27,30",https://www.fao.org/fileadmin/templates/ess/ess_test_folder/World_Census_Agriculture/WCA_2020/WCA_2020_new_doc/IND_REP_ENG_2015_2016.pdf | archived_sha256=fb01bcb922a38ef964a2ca2fddada5540426bf5b06317d931425ae8d699d6405,archived a1_extract.py/a1b_gender.py; shares independently recomputed from numeric CSV,percentage share (0-100); raw number of holdings in thousands,All Classes total for Maharashtra/All/number=15285,28.3873078181,0.4579653255,raw Small=4339; raw Large=70; construction fact=f00857; stored gap=27.93 pp,recomputed_from_archived_official_report,deterministic_source_reconstruction_v1,2026-09-13,,,,diff,a,True
AgCensus2015-16 T2-4 Maharashtra/All/number/SmallvsMedium,AgCensus2015-16,T2-4,Maharashtra,All,number,SmallvsMedium,landholding,small holdings,medium holdings,1,0,0,1,diff,a,"Table 2, PDF pages 25,27,29",https://www.fao.org/fileadmin/templates/ess/ess_test_folder/World_Census_Agriculture/WCA_2020/WCA_2020_new_doc/IND_REP_ENG_2015_2016.pdf | archived_sha256=fb01bcb922a38ef964a2ca2fddada5540426bf5b06317d931425ae8d699d6405,archived a1_extract.py/a1b_gender.py; shares independently recomputed from numeric CSV,percentage share (0-100); raw number of holdings in thousands,All Classes total for Maharashtra/All/number=15285,28.3873078181,4.8020935558,raw Small=4339; raw Medium=734; construction fact=f00856; stored gap=23.59 pp,recomputed_from_archived_official_report,deterministic_source_reconstruction_v1,2026-09-13,,,,diff,a,True
AgCensus2015-16 T2-4 Maharashtra/All/number/SmallvsSemi-medium,AgCensus2015-16,T2-4,Maharashtra,All,number,SmallvsSemi-medium,landholding,small holdings,semi-medium holdings,1,0,0,1,diff,a,"Table 2, PDF pages 25,27,28",https://www.fao.org/fileadmin/templates/ess/ess_test_folder/World_Census_Agriculture/WCA_2020/WCA_2020_new_doc/IND_REP_ENG_2015_2016.pdf | archived_sha256=fb01bcb922a38ef964a2ca2fddada5540426bf5b06317d931425ae8d699d6405,archived a1_extract.py/a1b_gender.py; shares independently recomputed from numeric CSV,percentage share (0-100); raw number of holdings in thousands,All Classes total for Maharashtra/All/number=15285,28.3873078181,15.2240758914,raw Small=4339; raw Semi-medium=2327; construction fact=f00855; stored gap=13.16 pp,recomputed_from_archived_official_report,deterministic_source_reconstruction_v1,2026-09-13,,,,diff,a,True
AgCensus2015-16 T2-4 Maharashtra/Large/area/SCvsST,AgCensus2015-16,T2-4,Maharashtra,Large,area,SCvsST,social_group,Scheduled Castes,Scheduled Tribes,8,8,0,0,equal,c,"Tables 2-4, PDF pages 30,36,42",https://www.fao.org/fileadmin/templates/ess/ess_test_folder/World_Census_Agriculture/WCA_2020/WCA_2020_new_doc/IND_REP_ENG_2015_2016.pdf | archived_sha256=fb01bcb922a38ef964a2ca2fddada5540426bf5b06317d931425ae8d699d6405,archived a1_extract.py/a1b_gender.py; shares independently recomputed from numeric CSV,percentage share (0-100); raw operated area in thousand hectares,All-social-groups total for Maharashtra/Large/area=1162,3.3562822719,8.1755593804,raw SC=39; raw ST=95; construction fact=f00550; stored gap=4.82 pp,recomputed_from_archived_official_report,deterministic_source_reconstruction_v1,2026-09-13,,,,equal,c,True
AgCensus2015-16 T2-4 Maharashtra/Large/number/SCvsOthers,AgCensus2015-16,T2-4,Maharashtra,Large,number,SCvsOthers,social_group,Scheduled Castes,Other social groups,1,1,0,0,diff,b,"Tables 2-4, PDF pages 30,36,42",https://www.fao.org/fileadmin/templates/ess/ess_test_folder/World_Census_Agriculture/WCA_2020/WCA_2020_new_doc/IND_REP_ENG_2015_2016.pdf | archived_sha256=fb01bcb922a38ef964a2ca2fddada5540426bf5b06317d931425ae8d699d6405,archived a1_extract.py/a1b_gender.py; shares independently recomputed from numeric CSV,percentage share (0-100); raw number of holdings in thousands,All-social-groups total for Maharashtra/Large/number=70,4.2857142857,85.7142857143,raw SC=3; raw Others=60; construction fact=f00178; stored gap=81.43 pp,recomputed_from_archived_official_report,deterministic_source_reconstruction_v1,2026-09-13,,,,diff,b,True
AgCensus2015-16 T2-4 Maharashtra/Large/number/STvsOthers,AgCensus2015-16,T2-4,Maharashtra,Large,number,STvsOthers,social_group,Scheduled Tribes,Other social groups,1,0,1,0,diff,b,"Tables 2-4, PDF pages 30,36,42",https://www.fao.org/fileadmin/templates/ess/ess_test_folder/World_Census_Agriculture/WCA_2020/WCA_2020_new_doc/IND_REP_ENG_2015_2016.pdf | archived_sha256=fb01bcb922a38ef964a2ca2fddada5540426bf5b06317d931425ae8d699d6405,archived a1_extract.py/a1b_gender.py; shares independently recomputed from numeric CSV,percentage share (0-100); raw number of holdings in thousands,All-social-groups total for Maharashtra/Large/number=70,10.0000000000,85.7142857143,raw ST=7; raw Others=60; construction fact=f00179; stored gap=75.71 pp,recomputed_from_archived_official_report,deterministic_source_reconstruction_v1,2026-09-13,,,,diff,b,True
AgCensus2015-16 T2-4 Maharashtra/Marginal/area/SCvsST,AgCensus2015-16,T2-4,Maharashtra,Marginal,area,SCvsST,social_group,Scheduled Castes,Scheduled Tribes,7,0,7,0,equal,c,"Tables 2-4, PDF pages 26,32,38",https://www.fao.org/fileadmin/templates/ess/ess_test_folder/World_Census_Agriculture/WCA_2020/WCA_2020_new_doc/IND_REP_ENG_2015_2016.pdf | archived_sha256=fb01bcb922a38ef964a2ca2fddada5540426bf5b06317d931425ae8d699d6405,archived a1_extract.py/a1b_gender.py; shares independently recomputed from numeric CSV,percentage share (0-100); raw operated area in thousand hectares,All-social-groups total for Maharashtra/Marginal/area=3449,7.7413743114,5.0449405625,raw SC=267; raw ST=174; construction fact=f00553; stored gap=2.7 pp,recomputed_from_archived_official_report,deterministic_source_reconstruction_v1,2026-09-13,,,,equal,c,True
AgCensus2015-16 T2-4 Maharashtra/Marginal/number/SCvsOthers,AgCensus2015-16,T2-4,Maharashtra,Marginal,number,SCvsOthers,social_group,Scheduled Castes,Other social groups,1,0,0,1,diff,b,"Tables 2-4, PDF pages 26,32,38",https://www.fao.org/fileadmin/templates/ess/ess_test_folder/World_Census_Agriculture/WCA_2020/WCA_2020_new_doc/IND_REP_ENG_2015_2016.pdf | archived_sha256=fb01bcb922a38ef964a2ca2fddada5540426bf5b06317d931425ae8d699d6405,archived a1_extract.py/a1b_gender.py; shares independently recomputed from numeric CSV,percentage share (0-100); raw number of holdings in thousands,All-social-groups total for Maharashtra/Marginal/number=7816,7.0624360287,88.8306038895,raw SC=552; raw Others=6943; construction fact=f00181; stored gap=81.77 pp,recomputed_from_archived_official_report,deterministic_source_reconstruction_v1,2026-09-13,,,,diff,b,True
AgCensus2015-16 T2-4 Maharashtra/Marginal/number/SCvsST,AgCensus2015-16,T2-4,Maharashtra,Marginal,number,SCvsST,social_group,Scheduled Castes,Scheduled Tribes,8,0,0,8,equal,c,"Tables 2-4, PDF pages 26,32,38",https://www.fao.org/fileadmin/templates/ess/ess_test_folder/World_Census_Agriculture/WCA_2020/WCA_2020_new_doc/IND_REP_ENG_2015_2016.pdf | archived_sha256=fb01bcb922a38ef964a2ca2fddada5540426bf5b06317d931425ae8d699d6405,archived a1_extract.py/a1b_gender.py; shares independently recomputed from numeric CSV,percentage share (0-100); raw number of holdings in thousands,All-social-groups total for Maharashtra/Marginal/number=7816,7.0624360287,4.1069600819,raw SC=552; raw ST=321; construction fact=f00180; stored gap=2.96 pp,recomputed_from_archived_official_report,deterministic_source_reconstruction_v1,2026-09-13,,,,equal,c,True
AgCensus2015-16 T2-4 Maharashtra/Medium/area/SCvsST,AgCensus2015-16,T2-4,Maharashtra,Medium,area,SCvsST,social_group,Scheduled Castes,Scheduled Tribes,8,8,0,0,equal,c,"Tables 2-4, PDF pages 29,35,41",https://www.fao.org/fileadmin/templates/ess/ess_test_folder/World_Census_Agriculture/WCA_2020/WCA_2020_new_doc/IND_REP_ENG_2015_2016.pdf | archived_sha256=fb01bcb922a38ef964a2ca2fddada5540426bf5b06317d931425ae8d699d6405,archived a1_extract.py/a1b_gender.py; shares independently recomputed from numeric CSV,percentage share (0-100); raw operated area in thousand hectares,All-social-groups total for Maharashtra/Medium/area=4099,4.4401073433,9.2461575994,raw SC=182; raw ST=379; construction fact=f00556; stored gap=4.81 pp,recomputed_from_archived_official_report,deterministic_source_reconstruction_v1,2026-09-13,,,,equal,c,True
AgCensus2015-16 T2-4 Maharashtra/Medium/number/SCvsOthers,AgCensus2015-16,T2-4,Maharashtra,Medium,number,SCvsOthers,social_group,Scheduled Castes,Other social groups,1,0,0,1,diff,b,"Tables 2-4, PDF pages 29,35,41",https://www.fao.org/fileadmin/templates/ess/ess_test_folder/World_Census_Agriculture/WCA_2020/WCA_2020_new_doc/IND_REP_ENG_2015_2016.pdf | archived_sha256=fb01bcb922a38ef964a2ca2fddada5540426bf5b06317d931425ae8d699d6405,archived a1_extract.py/a1b_gender.py; shares independently recomputed from numeric CSV,percentage share (0-100); raw number of holdings in thousands,All-social-groups total for Maharashtra/Medium/number=734,4.4959128065,86.3760217984,raw SC=33; raw Others=634; construction fact=f00184; stored gap=81.88 pp,recomputed_from_archived_official_report,deterministic_source_reconstruction_v1,2026-09-13,,,,diff,b,True
AgCensus2015-16 T2-4 Maharashtra/Medium/number/SCvsST,AgCensus2015-16,T2-4,Maharashtra,Medium,number,SCvsST,social_group,Scheduled Castes,Scheduled Tribes,8,8,0,0,equal,c,"Tables 2-4, PDF pages 29,35,41",https://www.fao.org/fileadmin/templates/ess/ess_test_folder/World_Census_Agriculture/WCA_2020/WCA_2020_new_doc/IND_REP_ENG_2015_2016.pdf | archived_sha256=fb01bcb922a38ef964a2ca2fddada5540426bf5b06317d931425ae8d699d6405,archived a1_extract.py/a1b_gender.py; shares independently recomputed from numeric CSV,percentage share (0-100); raw number of holdings in thousands,All-social-groups total for Maharashtra/Medium/number=734,4.4959128065,9.1280653951,raw SC=33; raw ST=67; construction fact=f00183; stored gap=4.63 pp,recomputed_from_archived_official_report,deterministic_source_reconstruction_v1,2026-09-13,,,,equal,c,True
AgCensus2015-16 T2-4 Maharashtra/Medium/number/STvsOthers,AgCensus2015-16,T2-4,Maharashtra,Medium,number,STvsOthers,social_group,Scheduled Tribes,Other social groups,1,0,0,1,diff,b,"Tables 2-4, PDF pages 29,35,41",https://www.fao.org/fileadmin/templates/ess/ess_test_folder/World_Census_Agriculture/WCA_2020/WCA_2020_new_doc/IND_REP_ENG_2015_2016.pdf | archived_sha256=fb01bcb922a38ef964a2ca2fddada5540426bf5b06317d931425ae8d699d6405,archived a1_extract.py/a1b_gender.py; shares independently recomputed from numeric CSV,percentage share (0-100); raw number of holdings in thousands,All-social-groups total for Maharashtra/Medium/number=734,9.1280653951,86.3760217984,raw ST=67; raw Others=634; construction fact=f00185; stored gap=77.25 pp,recomputed_from_archived_official_report,deterministic_source_reconstruction_v1,2026-09-13,,,,diff,b,True
AgCensus2015-16 T2-4 Maharashtra/SC/number/MarginalvsLarge,AgCensus2015-16,T2-4,Maharashtra,SC,number,MarginalvsLarge,landholding,marginal holdings,large holdings,1,0,1,0,diff,a,"Table 3, PDF pages 31,32,36",https://www.fao.org/fileadmin/templates/ess/ess_test_folder/World_Census_Agriculture/WCA_2020/WCA_2020_new_doc/IND_REP_ENG_2015_2016.pdf | archived_sha256=fb01bcb922a38ef964a2ca2fddada5540426bf5b06317d931425ae8d699d6405,archived a1_extract.py/a1b_gender.py; shares independently recomputed from numeric CSV,percentage share (0-100); raw number of holdings in thousands,All Classes total for Maharashtra/SC/number=1030,53.5922330097,0.2912621359,raw Marginal=552; raw Large=3; construction fact=f01054; stored gap=53.3 pp,recomputed_from_archived_official_report,deterministic_source_reconstruction_v1,2026-09-13,,,,diff,a,True
AgCensus2015-16 T2-4 Maharashtra/SC/number/MarginalvsMedium,AgCensus2015-16,T2-4,Maharashtra,SC,number,MarginalvsMedium,landholding,marginal holdings,medium holdings,1,0,0,1,diff,a,"Table 3, PDF pages 31,32,35",https://www.fao.org/fileadmin/templates/ess/ess_test_folder/World_Census_Agriculture/WCA_2020/WCA_2020_new_doc/IND_REP_ENG_2015_2016.pdf | archived_sha256=fb01bcb922a38ef964a2ca2fddada5540426bf5b06317d931425ae8d699d6405,archived a1_extract.py/a1b_gender.py; shares independently recomputed from numeric CSV,percentage share (0-100); raw number of holdings in thousands,All Classes total for Maharashtra/SC/number=1030,53.5922330097,3.2038834951,raw Marginal=552; raw Medium=33; construction fact=f01053; stored gap=50.39 pp,recomputed_from_archived_official_report,deterministic_source_reconstruction_v1,2026-09-13,,,,diff,a,True
AgCensus2015-16 T2-4 Maharashtra/SC/number/MarginalvsSemi-medium,AgCensus2015-16,T2-4,Maharashtra,SC,number,MarginalvsSemi-medium,landholding,marginal holdings,semi-medium holdings,1,0,0,1,diff,a,"Table 3, PDF pages 31,32,34",https://www.fao.org/fileadmin/templates/ess/ess_test_folder/World_Census_Agriculture/WCA_2020/WCA_2020_new_doc/IND_REP_ENG_2015_2016.pdf | archived_sha256=fb01bcb922a38ef964a2ca2fddada5540426bf5b06317d931425ae8d699d6405,archived a1_extract.py/a1b_gender.py; shares independently recomputed from numeric CSV,percentage share (0-100); raw number of holdings in thousands,All Classes total for Maharashtra/SC/number=1030,53.5922330097,13.2038834951,raw Marginal=552; raw Semi-medium=136; construction fact=f01052; stored gap=40.39 pp,recomputed_from_archived_official_report,deterministic_source_reconstruction_v1,2026-09-13,,,,diff,a,True
AgCensus2015-16 T2-4 Maharashtra/SC/number/Semi-mediumvsLarge,AgCensus2015-16,T2-4,Maharashtra,SC,number,Semi-mediumvsLarge,landholding,semi-medium holdings,large holdings,1,1,0,0,diff,a,"Table 3, PDF pages 31,34,36",https://www.fao.org/fileadmin/templates/ess/ess_test_folder/World_Census_Agriculture/WCA_2020/WCA_2020_new_doc/IND_REP_ENG_2015_2016.pdf | archived_sha256=fb01bcb922a38ef964a2ca2fddada5540426bf5b06317d931425ae8d699d6405,archived a1_extract.py/a1b_gender.py; shares independently recomputed from numeric CSV,percentage share (0-100); raw number of holdings in thousands,All Classes total for Maharashtra/SC/number=1030,13.2038834951,0.2912621359,raw Semi-medium=136; raw Large=3; construction fact=f01059; stored gap=12.91 pp,recomputed_from_archived_official_report,deterministic_source_reconstruction_v1,2026-09-13,,,,diff,a,True
AgCensus2015-16 T2-4 Maharashtra/SC/number/Semi-mediumvsMedium,AgCensus2015-16,T2-4,Maharashtra,SC,number,Semi-mediumvsMedium,landholding,semi-medium holdings,medium holdings,1,0,0,1,diff,a,"Table 3, PDF pages 31,34,35",https://www.fao.org/fileadmin/templates/ess/ess_test_folder/World_Census_Agriculture/WCA_2020/WCA_2020_new_doc/IND_REP_ENG_2015_2016.pdf | archived_sha256=fb01bcb922a38ef964a2ca2fddada5540426bf5b06317d931425ae8d699d6405,archived a1_extract.py/a1b_gender.py; shares independently recomputed from numeric CSV,percentage share (0-100); raw number of holdings in thousands,All Classes total for Maharashtra/SC/number=1030,13.2038834951,3.2038834951,raw Semi-medium=136; raw Medium=33; construction fact=f01058; stored gap=10.0 pp,recomputed_from_archived_official_report,deterministic_source_reconstruction_v1,2026-09-13,,,,diff,a,True
AgCensus2015-16 T2-4 Maharashtra/SC/number/SmallvsLarge,AgCensus2015-16,T2-4,Maharashtra,SC,number,SmallvsLarge,landholding,small holdings,large holdings,1,1,0,0,diff,a,"Table 3, PDF pages 31,33,36",https://www.fao.org/fileadmin/templates/ess/ess_test_folder/World_Census_Agriculture/WCA_2020/WCA_2020_new_doc/IND_REP_ENG_2015_2016.pdf | archived_sha256=fb01bcb922a38ef964a2ca2fddada5540426bf5b06317d931425ae8d699d6405,archived a1_extract.py/a1b_gender.py; shares independently recomputed from numeric CSV,percentage share (0-100); raw number of holdings in thousands,All Classes total for Maharashtra/SC/number=1030,29.7087378641,0.2912621359,raw Small=306; raw Large=3; construction fact=f01057; stored gap=29.42 pp,recomputed_from_archived_official_report,deterministic_source_reconstruction_v1,2026-09-13,,,,diff,a,True
AgCensus2015-16 T2-4 Maharashtra/SC/number/SmallvsMedium,AgCensus2015-16,T2-4,Maharashtra,SC,number,SmallvsMedium,landholding,small holdings,medium holdings,1,0,0,1,diff,a,"Table 3, PDF pages 31,33,35",https://www.fao.org/fileadmin/templates/ess/ess_test_folder/World_Census_Agriculture/WCA_2020/WCA_2020_new_doc/IND_REP_ENG_2015_2016.pdf | archived_sha256=fb01bcb922a38ef964a2ca2fddada5540426bf5b06317d931425ae8d699d6405,archived a1_extract.py/a1b_gender.py; shares independently recomputed from numeric CSV,percentage share (0-100); raw number of holdings in thousands,All Classes total for Maharashtra/SC/number=1030,29.7087378641,3.2038834951,raw Small=306; raw Medium=33; construction fact=f01056; stored gap=26.5 pp,recomputed_from_archived_official_report,deterministic_source_reconstruction_v1,2026-09-13,,,,diff,a,True
AgCensus2015-16 T2-4 Maharashtra/SC/number/SmallvsSemi-medium,AgCensus2015-16,T2-4,Maharashtra,SC,number,SmallvsSemi-medium,landholding,small holdings,semi-medium holdings,1,1,0,0,diff,a,"Table 3, PDF pages 31,33,34",https://www.fao.org/fileadmin/templates/ess/ess_test_folder/World_Census_Agriculture/WCA_2020/WCA_2020_new_doc/IND_REP_ENG_2015_2016.pdf | archived_sha256=fb01bcb922a38ef964a2ca2fddada5540426bf5b06317d931425ae8d699d6405,archived a1_extract.py/a1b_gender.py; shares independently recomputed from numeric CSV,percentage share (0-100); raw number of holdings in thousands,All Classes total for Maharashtra/SC/number=1030,29.7087378641,13.2038834951,raw Small=306; raw Semi-medium=136; construction fact=f01055; stored gap=16.5 pp,recomputed_from_archived_official_report,deterministic_source_reconstruction_v1,2026-09-13,,,,diff,a,True
AgCensus2015-16 T2-4 Maharashtra/ST/area/SmallvsMedium,AgCensus2015-16,T2-4,Maharashtra,ST,area,SmallvsMedium,landholding,small operated area,medium operated area,1,0,0,1,equal,c,"Table 4, PDF pages 37,39,41",https://www.fao.org/fileadmin/templates/ess/ess_test_folder/World_Census_Agriculture/WCA_2020/WCA_2020_new_doc/IND_REP_ENG_2015_2016.pdf | archived_sha256=fb01bcb922a38ef964a2ca2fddada5540426bf5b06317d931425ae8d699d6405,archived a1_extract.py/a1b_gender.py; shares independently recomputed from numeric CSV,percentage share (0-100); raw operated area in thousand hectares,All Classes total for Maharashtra/ST/area=1510,26.2913907285,25.0993377483,raw Small=397; raw Medium=379; construction fact=f01867; stored gap=1.19 pp,recomputed_from_archived_official_report,deterministic_source_reconstruction_v1,2026-09-13,,,,equal,c,True
AgCensus2015-16 T2-4 Maharashtra/ST/number/MarginalvsLarge,AgCensus2015-16,T2-4,Maharashtra,ST,number,MarginalvsLarge,landholding,marginal holdings,large holdings,1,1,0,0,diff,a,"Table 4, PDF pages 37,38,42",https://www.fao.org/fileadmin/templates/ess/ess_test_folder/World_Census_Agriculture/WCA_2020/WCA_2020_new_doc/IND_REP_ENG_2015_2016.pdf | archived_sha256=fb01bcb922a38ef964a2ca2fddada5540426bf5b06317d931425ae8d699d6405,archived a1_extract.py/a1b_gender.py; shares independently recomputed from numeric CSV,percentage share (0-100); raw number of holdings in thousands,All Classes total for Maharashtra/ST/number=856,37.5000000000,0.8177570093,raw Marginal=321; raw Large=7; construction fact=f01214; stored gap=36.68 pp,recomputed_from_archived_official_report,deterministic_source_reconstruction_v1,2026-09-13,,,,diff,a,True
AgCensus2015-16 T2-4 Maharashtra/ST/number/MarginalvsMedium,AgCensus2015-16,T2-4,Maharashtra,ST,number,MarginalvsMedium,landholding,marginal holdings,medium holdings,1,1,0,0,diff,a,"Table 4, PDF pages 37,38,41",https://www.fao.org/fileadmin/templates/ess/ess_test_folder/World_Census_Agriculture/WCA_2020/WCA_2020_new_doc/IND_REP_ENG_2015_2016.pdf | archived_sha256=fb01bcb922a38ef964a2ca2fddada5540426bf5b06317d931425ae8d699d6405,archived a1_extract.py/a1b_gender.py; shares independently recomputed from numeric CSV,percentage share (0-100); raw number of holdings in thousands,All Classes total for Maharashtra/ST/number=856,37.5000000000,7.8271028037,raw Marginal=321; raw Medium=67; construction fact=f01213; stored gap=29.67 pp,recomputed_from_archived_official_report,deterministic_source_reconstruction_v1,2026-09-13,,,,diff,a,True
AgCensus2015-16 T2-4 Maharashtra/ST/number/MarginalvsSemi-medium,AgCensus2015-16,T2-4,Maharashtra,ST,number,MarginalvsSemi-medium,landholding,marginal holdings,semi-medium holdings,1,1,0,0,diff,a,"Table 4, PDF pages 37,38,40",https://www.fao.org/fileadmin/templates/ess/ess_test_folder/World_Census_Agriculture/WCA_2020/WCA_2020_new_doc/IND_REP_ENG_2015_2016.pdf | archived_sha256=fb01bcb922a38ef964a2ca2fddada5540426bf5b06317d931425ae8d699d6405,archived a1_extract.py/a1b_gender.py; shares independently recomputed from numeric CSV,percentage share (0-100); raw number of holdings in thousands,All Classes total for Maharashtra/ST/number=856,37.5000000000,20.4439252336,raw Marginal=321; raw Semi-medium=175; construction fact=f01212; stored gap=17.06 pp,recomputed_from_archived_official_report,deterministic_source_reconstruction_v1,2026-09-13,,,,diff,a,True
AgCensus2015-16 T2-4 Maharashtra/ST/number/MarginalvsSmall,AgCensus2015-16,T2-4,Maharashtra,ST,number,MarginalvsSmall,landholding,marginal holdings,small holdings,4,4,0,0,equal,c,"Table 4, PDF pages 37,38,39",https://www.fao.org/fileadmin/templates/ess/ess_test_folder/World_Census_Agriculture/WCA_2020/WCA_2020_new_doc/IND_REP_ENG_2015_2016.pdf | archived_sha256=fb01bcb922a38ef964a2ca2fddada5540426bf5b06317d931425ae8d699d6405,archived a1_extract.py/a1b_gender.py; shares independently recomputed from numeric CSV,percentage share (0-100); raw number of holdings in thousands,All Classes total for Maharashtra/ST/number=856,37.5000000000,33.4112149533,raw Marginal=321; raw Small=286; construction fact=f01211; stored gap=4.09 pp,recomputed_from_archived_official_report,deterministic_source_reconstruction_v1,2026-09-13,,,,equal,c,True
AgCensus2015-16 T2-4 Maharashtra/ST/number/Semi-mediumvsLarge,AgCensus2015-16,T2-4,Maharashtra,ST,number,Semi-mediumvsLarge,landholding,semi-medium holdings,large holdings,1,1,0,0,diff,a,"Table 4, PDF pages 37,40,42",https://www.fao.org/fileadmin/templates/ess/ess_test_folder/World_Census_Agriculture/WCA_2020/WCA_2020_new_doc/IND_REP_ENG_2015_2016.pdf | archived_sha256=fb01bcb922a38ef964a2ca2fddada5540426bf5b06317d931425ae8d699d6405,archived a1_extract.py/a1b_gender.py; shares independently recomputed from numeric CSV,percentage share (0-100); raw number of holdings in thousands,All Classes total for Maharashtra/ST/number=856,20.4439252336,0.8177570093,raw Semi-medium=175; raw Large=7; construction fact=f01219; stored gap=19.63 pp,recomputed_from_archived_official_report,deterministic_source_reconstruction_v1,2026-09-13,,,,diff,a,True
AgCensus2015-16 T2-4 Maharashtra/ST/number/Semi-mediumvsMedium,AgCensus2015-16,T2-4,Maharashtra,ST,number,Semi-mediumvsMedium,landholding,semi-medium holdings,medium holdings,1,1,0,0,diff,a,"Table 4, PDF pages 37,40,41",https://www.fao.org/fileadmin/templates/ess/ess_test_folder/World_Census_Agriculture/WCA_2020/WCA_2020_new_doc/IND_REP_ENG_2015_2016.pdf | archived_sha256=fb01bcb922a38ef964a2ca2fddada5540426bf5b06317d931425ae8d699d6405,archived a1_extract.py/a1b_gender.py; shares independently recomputed from numeric CSV,percentage share (0-100); raw number of holdings in thousands,All Classes total for Maharashtra/ST/number=856,20.4439252336,7.8271028037,raw Semi-medium=175; raw Medium=67; construction fact=f01218; stored gap=12.62 pp,recomputed_from_archived_official_report,deterministic_source_reconstruction_v1,2026-09-13,,,,diff,a,True
AgCensus2015-16 T2-4 Maharashtra/ST/number/SmallvsLarge,AgCensus2015-16,T2-4,Maharashtra,ST,number,SmallvsLarge,landholding,small holdings,large holdings,1,0,0,1,diff,a,"Table 4, PDF pages 37,39,42",https://www.fao.org/fileadmin/templates/ess/ess_test_folder/World_Census_Agriculture/WCA_2020/WCA_2020_new_doc/IND_REP_ENG_2015_2016.pdf | archived_sha256=fb01bcb922a38ef964a2ca2fddada5540426bf5b06317d931425ae8d699d6405,archived a1_extract.py/a1b_gender.py; shares independently recomputed from numeric CSV,percentage share (0-100); raw number of holdings in thousands,All Classes total for Maharashtra/ST/number=856,33.4112149533,0.8177570093,raw Small=286; raw Large=7; construction fact=f01217; stored gap=32.59 pp,recomputed_from_archived_official_report,deterministic_source_reconstruction_v1,2026-09-13,,,,diff,a,True
AgCensus2015-16 T2-4 Maharashtra/ST/number/SmallvsMedium,AgCensus2015-16,T2-4,Maharashtra,ST,number,SmallvsMedium,landholding,small holdings,medium holdings,1,1,0,0,diff,a,"Table 4, PDF pages 37,39,41",https://www.fao.org/fileadmin/templates/ess/ess_test_folder/World_Census_Agriculture/WCA_2020/WCA_2020_new_doc/IND_REP_ENG_2015_2016.pdf | archived_sha256=fb01bcb922a38ef964a2ca2fddada5540426bf5b06317d931425ae8d699d6405,archived a1_extract.py/a1b_gender.py; shares independently recomputed from numeric CSV,percentage share (0-100); raw number of holdings in thousands,All Classes total for Maharashtra/ST/number=856,33.4112149533,7.8271028037,raw Small=286; raw Medium=67; construction fact=f01216; stored gap=25.58 pp,recomputed_from_archived_official_report,deterministic_source_reconstruction_v1,2026-09-13,,,,diff,a,True
AgCensus2015-16 T2-4 Maharashtra/ST/number/SmallvsSemi-medium,AgCensus2015-16,T2-4,Maharashtra,ST,number,SmallvsSemi-medium,landholding,small holdings,semi-medium holdings,1,0,0,1,diff,a,"Table 4, PDF pages 37,39,40",https://www.fao.org/fileadmin/templates/ess/ess_test_folder/World_Census_Agriculture/WCA_2020/WCA_2020_new_doc/IND_REP_ENG_2015_2016.pdf | archived_sha256=fb01bcb922a38ef964a2ca2fddada5540426bf5b06317d931425ae8d699d6405,archived a1_extract.py/a1b_gender.py; shares independently recomputed from numeric CSV,percentage share (0-100); raw number of holdings in thousands,All Classes total for Maharashtra/ST/number=856,33.4112149533,20.4439252336,raw Small=286; raw Semi-medium=175; construction fact=f01215; stored gap=12.97 pp,recomputed_from_archived_official_report,deterministic_source_reconstruction_v1,2026-09-13,,,,diff,a,True
AgCensus2015-16 T2-4 Maharashtra/Semi-medium/area/SCvsST,AgCensus2015-16,T2-4,Maharashtra,Semi-medium,area,SCvsST,social_group,Scheduled Castes,Scheduled Tribes,8,8,0,0,equal,c,"Tables 2-4, PDF pages 28,34,40",https://www.fao.org/fileadmin/templates/ess/ess_test_folder/World_Census_Agriculture/WCA_2020/WCA_2020_new_doc/IND_REP_ENG_2015_2016.pdf | archived_sha256=fb01bcb922a38ef964a2ca2fddada5540426bf5b06317d931425ae8d699d6405,archived a1_extract.py/a1b_gender.py; shares independently recomputed from numeric CSV,percentage share (0-100); raw operated area in thousand hectares,All-social-groups total for Maharashtra/Semi-medium/area=6026,5.9741121806,7.7165615665,raw SC=360; raw ST=465; construction fact=f00559; stored gap=1.74 pp,recomputed_from_archived_official_report,deterministic_source_reconstruction_v1,2026-09-13,,,,equal,c,True
AgCensus2015-16 T2-4 Maharashtra/Semi-medium/number/SCvsOthers,AgCensus2015-16,T2-4,Maharashtra,Semi-medium,number,SCvsOthers,social_group,Scheduled Castes,Other social groups,1,1,0,0,diff,b,"Tables 2-4, PDF pages 28,34,40",https://www.fao.org/fileadmin/templates/ess/ess_test_folder/World_Census_Agriculture/WCA_2020/WCA_2020_new_doc/IND_REP_ENG_2015_2016.pdf | archived_sha256=fb01bcb922a38ef964a2ca2fddada5540426bf5b06317d931425ae8d699d6405,archived a1_extract.py/a1b_gender.py; shares independently recomputed from numeric CSV,percentage share (0-100); raw number of holdings in thousands,All-social-groups total for Maharashtra/Semi-medium/number=2327,5.8444348947,86.6351525569,raw SC=136; raw Others=2016; construction fact=f00187; stored gap=80.79 pp,recomputed_from_archived_official_report,deterministic_source_reconstruction_v1,2026-09-13,,,,diff,b,True
AgCensus2015-16 T2-4 Maharashtra/Semi-medium/number/SCvsST,AgCensus2015-16,T2-4,Maharashtra,Semi-medium,number,SCvsST,social_group,Scheduled Castes,Scheduled Tribes,8,0,0,8,equal,c,"Tables 2-4, PDF pages 28,34,40",https://www.fao.org/fileadmin/templates/ess/ess_test_folder/World_Census_Agriculture/WCA_2020/WCA_2020_new_doc/IND_REP_ENG_2015_2016.pdf | archived_sha256=fb01bcb922a38ef964a2ca2fddada5540426bf5b06317d931425ae8d699d6405,archived a1_extract.py/a1b_gender.py; shares independently recomputed from numeric CSV,percentage share (0-100); raw number of holdings in thousands,All-social-groups total for Maharashtra/Semi-medium/number=2327,5.8444348947,7.5204125483,raw SC=136; raw ST=175; construction fact=f00186; stored gap=1.68 pp,recomputed_from_archived_official_report,deterministic_source_reconstruction_v1,2026-09-13,,,,equal,c,True
AgCensus2015-16 T2-4 Maharashtra/Semi-medium/number/STvsOthers,AgCensus2015-16,T2-4,Maharashtra,Semi-medium,number,STvsOthers,social_group,Scheduled Tribes,Other social groups,1,1,0,0,diff,b,"Tables 2-4, PDF pages 28,34,40",https://www.fao.org/fileadmin/templates/ess/ess_test_folder/World_Census_Agriculture/WCA_2020/WCA_2020_new_doc/IND_REP_ENG_2015_2016.pdf | archived_sha256=fb01bcb922a38ef964a2ca2fddada5540426bf5b06317d931425ae8d699d6405,archived a1_extract.py/a1b_gender.py; shares independently recomputed from numeric CSV,percentage share (0-100); raw number of holdings in thousands,All-social-groups total for Maharashtra/Semi-medium/number=2327,7.5204125483,86.6351525569,raw ST=175; raw Others=2016; construction fact=f00188; stored gap=79.11 pp,recomputed_from_archived_official_report,deterministic_source_reconstruction_v1,2026-09-13,,,,diff,b,True
AgCensus2015-16 T2-4 Maharashtra/Small/area/SCvsST,AgCensus2015-16,T2-4,Maharashtra,Small,area,SCvsST,social_group,Scheduled Castes,Scheduled Tribes,8,0,0,8,equal,c,"Tables 2-4, PDF pages 27,33,39",https://www.fao.org/fileadmin/templates/ess/ess_test_folder/World_Census_Agriculture/WCA_2020/WCA_2020_new_doc/IND_REP_ENG_2015_2016.pdf | archived_sha256=fb01bcb922a38ef964a2ca2fddada5540426bf5b06317d931425ae8d699d6405,archived a1_extract.py/a1b_gender.py; shares independently recomputed from numeric CSV,percentage share (0-100); raw operated area in thousand hectares,All-social-groups total for Maharashtra/Small/area=5771,7.4857043840,6.8792237047,raw SC=432; raw ST=397; construction fact=f00562; stored gap=0.61 pp,recomputed_from_archived_official_report,deterministic_source_reconstruction_v1,2026-09-13,,,,equal,c,True
AgCensus2015-16 T2-4 Maharashtra/Small/number/SCvsOthers,AgCensus2015-16,T2-4,Maharashtra,Small,number,SCvsOthers,social_group,Scheduled Castes,Other social groups,1,0,0,1,diff,b,"Tables 2-4, PDF pages 27,33,39",https://www.fao.org/fileadmin/templates/ess/ess_test_folder/World_Census_Agriculture/WCA_2020/WCA_2020_new_doc/IND_REP_ENG_2015_2016.pdf | archived_sha256=fb01bcb922a38ef964a2ca2fddada5540426bf5b06317d931425ae8d699d6405,archived a1_extract.py/a1b_gender.py; shares independently recomputed from numeric CSV,percentage share (0-100); raw number of holdings in thousands,All-social-groups total for Maharashtra/Small/number=4339,7.0523162019,86.3563032957,raw SC=306; raw Others=3747; construction fact=f00190; stored gap=79.3 pp,recomputed_from_archived_official_report,deterministic_source_reconstruction_v1,2026-09-13,,,,diff,b,True
AgCensus2015-16 T2-4 Maharashtra/Small/number/SCvsST,AgCensus2015-16,T2-4,Maharashtra,Small,number,SCvsST,social_group,Scheduled Castes,Scheduled Tribes,6,6,0,0,equal,c,"Tables 2-4, PDF pages 27,33,39",https://www.fao.org/fileadmin/templates/ess/ess_test_folder/World_Census_Agriculture/WCA_2020/WCA_2020_new_doc/IND_REP_ENG_2015_2016.pdf | archived_sha256=fb01bcb922a38ef964a2ca2fddada5540426bf5b06317d931425ae8d699d6405,archived a1_extract.py/a1b_gender.py; shares independently recomputed from numeric CSV,percentage share (0-100); raw number of holdings in thousands,All-social-groups total for Maharashtra/Small/number=4339,7.0523162019,6.5913805024,raw SC=306; raw ST=286; construction fact=f00189; stored gap=0.46 pp,recomputed_from_archived_official_report,deterministic_source_reconstruction_v1,2026-09-13,,,,equal,c,True
AgCensus2015-16 T2-4 Maharashtra/Small/number/STvsOthers,AgCensus2015-16,T2-4,Maharashtra,Small,number,STvsOthers,social_group,Scheduled Tribes,Other social groups,1,1,0,0,diff,b,"Tables 2-4, PDF pages 27,33,39",https://www.fao.org/fileadmin/templates/ess/ess_test_folder/World_Census_Agriculture/WCA_2020/WCA_2020_new_doc/IND_REP_ENG_2015_2016.pdf | archived_sha256=fb01bcb922a38ef964a2ca2fddada5540426bf5b06317d931425ae8d699d6405,archived a1_extract.py/a1b_gender.py; shares independently recomputed from numeric CSV,percentage share (0-100); raw number of holdings in thousands,All-social-groups total for Maharashtra/Small/number=4339,6.5913805024,86.3563032957,raw ST=286; raw Others=3747; construction fact=f00191; stored gap=79.76 pp,recomputed_from_archived_official_report,deterministic_source_reconstruction_v1,2026-09-13,,,,diff,b,True
AgCensus2015-16 T2-4 Manipur/All Classes/number/SCvsOthers,AgCensus2015-16,T2-4,Manipur,All Classes,number,SCvsOthers,social_group,Scheduled Castes,Other social groups,1,1,0,0,diff,b,"Tables 2-4, PDF pages 25,31,37",https://www.fao.org/fileadmin/templates/ess/ess_test_folder/World_Census_Agriculture/WCA_2020/WCA_2020_new_doc/IND_REP_ENG_2015_2016.pdf | archived_sha256=fb01bcb922a38ef964a2ca2fddada5540426bf5b06317d931425ae8d699d6405,archived a1_extract.py/a1b_gender.py; shares independently recomputed from numeric CSV,percentage share (0-100); raw number of holdings in thousands,All-social-groups total for Manipur/All Classes/number=150,2.0000000000,54.6666666667,raw SC=3; raw Others=82; construction fact=f00193; stored gap=52.67 pp,recomputed_from_archived_official_report,deterministic_source_reconstruction_v1,2026-09-13,,,,diff,b,True
AgCensus2015-16 T2-4 Manipur/All Classes/number/SCvsST,AgCensus2015-16,T2-4,Manipur,All Classes,number,SCvsST,social_group,Scheduled Castes,Scheduled Tribes,1,1,0,0,diff,b,"Tables 2-4, PDF pages 25,31,37",https://www.fao.org/fileadmin/templates/ess/ess_test_folder/World_Census_Agriculture/WCA_2020/WCA_2020_new_doc/IND_REP_ENG_2015_2016.pdf | archived_sha256=fb01bcb922a38ef964a2ca2fddada5540426bf5b06317d931425ae8d699d6405,archived a1_extract.py/a1b_gender.py; shares independently recomputed from numeric CSV,percentage share (0-100); raw number of holdings in thousands,All-social-groups total for Manipur/All Classes/number=150,2.0000000000,43.3333333333,raw SC=3; raw ST=65; construction fact=f00192; stored gap=41.33 pp,recomputed_from_archived_official_report,deterministic_source_reconstruction_v1,2026-09-13,,,,diff,b,True
AgCensus2015-16 T2-4 Manipur/All Classes/number/STvsOthers,AgCensus2015-16,T2-4,Manipur,All Classes,number,STvsOthers,social_group,Scheduled Tribes,Other social groups,1,1,0,0,diff,b,"Tables 2-4, PDF pages 25,31,37",https://www.fao.org/fileadmin/templates/ess/ess_test_folder/World_Census_Agriculture/WCA_2020/WCA_2020_new_doc/IND_REP_ENG_2015_2016.pdf | archived_sha256=fb01bcb922a38ef964a2ca2fddada5540426bf5b06317d931425ae8d699d6405,archived a1_extract.py/a1b_gender.py; shares independently recomputed from numeric CSV,percentage share (0-100); raw number of holdings in thousands,All-social-groups total for Manipur/All Classes/number=150,43.3333333333,54.6666666667,raw ST=65; raw Others=82; construction fact=f00194; stored gap=11.33 pp,recomputed_from_archived_official_report,deterministic_source_reconstruction_v1,2026-09-13,,,,diff,b,True
AgCensus2015-16 T2-4 Manipur/All/area/SmallvsSemi-medium,AgCensus2015-16,T2-4,Manipur,All,area,SmallvsSemi-medium,landholding,small operated area,semi-medium operated area,3,3,0,0,equal,c,"Table 2, PDF pages 25,27,28",https://www.fao.org/fileadmin/templates/ess/ess_test_folder/World_Census_Agriculture/WCA_2020/WCA_2020_new_doc/IND_REP_ENG_2015_2016.pdf | archived_sha256=fb01bcb922a38ef964a2ca2fddada5540426bf5b06317d931425ae8d699d6405,archived a1_extract.py/a1b_gender.py; shares independently recomputed from numeric CSV,percentage share (0-100); raw operated area in thousand hectares,All Classes total for Manipur/All/area=172,36.6279069767,31.9767441860,raw Small=63; raw Semi-medium=55; construction fact=f01471; stored gap=4.65 pp,recomputed_from_archived_official_report,deterministic_source_reconstruction_v1,2026-09-13,,,,equal,c,True
AgCensus2015-16 T2-4 Manipur/All/number/MarginalvsLarge,AgCensus2015-16,T2-4,Manipur,All,number,MarginalvsLarge,landholding,marginal holdings,large holdings,1,1,0,0,diff,a,"Table 2, PDF pages 25,26,30",https://www.fao.org/fileadmin/templates/ess/ess_test_folder/World_Census_Agriculture/WCA_2020/WCA_2020_new_doc/IND_REP_ENG_2015_2016.pdf | archived_sha256=fb01bcb922a38ef964a2ca2fddada5540426bf5b06317d931425ae8d699d6405,archived a1_extract.py/a1b_gender.py; shares independently recomputed from numeric CSV,percentage share (0-100); raw number of holdings in thousands,All Classes total for Manipur/All/number=150,51.3333333333,0.0000000000,raw Marginal=77; raw Large=0; construction fact=f00863; stored gap=51.33 pp,recomputed_from_archived_official_report,deterministic_source_reconstruction_v1,2026-09-13,,,,diff,a,True
AgCensus2015-16 T2-4 Manipur/All/number/MarginalvsMedium,AgCensus2015-16,T2-4,Manipur,All,number,MarginalvsMedium,landholding,marginal holdings,medium holdings,1,1,0,0,diff,a,"Table 2, PDF pages 25,26,29",https://www.fao.org/fileadmin/templates/ess/ess_test_folder/World_Census_Agriculture/WCA_2020/WCA_2020_new_doc/IND_REP_ENG_2015_2016.pdf | archived_sha256=fb01bcb922a38ef964a2ca2fddada5540426bf5b06317d931425ae8d699d6405,archived a1_extract.py/a1b_gender.py; shares independently recomputed from numeric CSV,percentage share (0-100); raw number of holdings in thousands,All Classes total for Manipur/All/number=150,51.3333333333,2.0000000000,raw Marginal=77; raw Medium=3; construction fact=f00862; stored gap=49.33 pp,recomputed_from_archived_official_report,deterministic_source_reconstruction_v1,2026-09-13,,,,diff,a,True
AgCensus2015-16 T2-4 Manipur/All/number/MarginalvsSemi-medium,AgCensus2015-16,T2-4,Manipur,All,number,MarginalvsSemi-medium,landholding,marginal holdings,semi-medium holdings,1,1,0,0,diff,a,"Table 2, PDF pages 25,26,28",https://www.fao.org/fileadmin/templates/ess/ess_test_folder/World_Census_Agriculture/WCA_2020/WCA_2020_new_doc/IND_REP_ENG_2015_2016.pdf | archived_sha256=fb01bcb922a38ef964a2ca2fddada5540426bf5b06317d931425ae8d699d6405,archived a1_extract.py/a1b_gender.py; shares independently recomputed from numeric CSV,percentage share (0-100); raw number of holdings in thousands,All Classes total for Manipur/All/number=150,51.3333333333,14.6666666667,raw Marginal=77; raw Semi-medium=22; construction fact=f00861; stored gap=36.67 pp,recomputed_from_archived_official_report,deterministic_source_reconstruction_v1,2026-09-13,,,,diff,a,True
AgCensus2015-16 T2-4 Manipur/All/number/Semi-mediumvsLarge,AgCensus2015-16,T2-4,Manipur,All,number,Semi-mediumvsLarge,landholding,semi-medium holdings,large holdings,1,0,0,1,diff,a,"Table 2, PDF pages 25,28,30",https://www.fao.org/fileadmin/templates/ess/ess_test_folder/World_Census_Agriculture/WCA_2020/WCA_2020_new_doc/IND_REP_ENG_2015_2016.pdf | archived_sha256=fb01bcb922a38ef964a2ca2fddada5540426bf5b06317d931425ae8d699d6405,archived a1_extract.py/a1b_gender.py; shares independently recomputed from numeric CSV,percentage share (0-100); raw number of holdings in thousands,All Classes total for Manipur/All/number=150,14.6666666667,0.0000000000,raw Semi-medium=22; raw Large=0; construction fact=f00868; stored gap=14.67 pp,recomputed_from_archived_official_report,deterministic_source_reconstruction_v1,2026-09-13,,,,diff,a,True
AgCensus2015-16 T2-4 Manipur/All/number/Semi-mediumvsMedium,AgCensus2015-16,T2-4,Manipur,All,number,Semi-mediumvsMedium,landholding,semi-medium holdings,medium holdings,1,1,0,0,diff,a,"Table 2, PDF pages 25,28,29",https://www.fao.org/fileadmin/templates/ess/ess_test_folder/World_Census_Agriculture/WCA_2020/WCA_2020_new_doc/IND_REP_ENG_2015_2016.pdf | archived_sha256=fb01bcb922a38ef964a2ca2fddada5540426bf5b06317d931425ae8d699d6405,archived a1_extract.py/a1b_gender.py; shares independently recomputed from numeric CSV,percentage share (0-100); raw number of holdings in thousands,All Classes total for Manipur/All/number=150,14.6666666667,2.0000000000,raw Semi-medium=22; raw Medium=3; construction fact=f00867; stored gap=12.67 pp,recomputed_from_archived_official_report,deterministic_source_reconstruction_v1,2026-09-13,,,,diff,a,True
AgCensus2015-16 T2-4 Manipur/All/number/SmallvsLarge,AgCensus2015-16,T2-4,Manipur,All,number,SmallvsLarge,landholding,small holdings,large holdings,1,0,0,1,diff,a,"Table 2, PDF pages 25,27,30",https://www.fao.org/fileadmin/templates/ess/ess_test_folder/World_Census_Agriculture/WCA_2020/WCA_2020_new_doc/IND_REP_ENG_2015_2016.pdf | archived_sha256=fb01bcb922a38ef964a2ca2fddada5540426bf5b06317d931425ae8d699d6405,archived a1_extract.py/a1b_gender.py; shares independently recomputed from numeric CSV,percentage share (0-100); raw number of holdings in thousands,All Classes total for Manipur/All/number=150,32.6666666667,0.0000000000,raw Small=49; raw Large=0; construction fact=f00866; stored gap=32.67 pp,recomputed_from_archived_official_report,deterministic_source_reconstruction_v1,2026-09-13,,,,diff,a,True
AgCensus2015-16 T2-4 Manipur/All/number/SmallvsSemi-medium,AgCensus2015-16,T2-4,Manipur,All,number,SmallvsSemi-medium,landholding,small holdings,semi-medium holdings,1,0,0,1,diff,a,"Table 2, PDF pages 25,27,28",https://www.fao.org/fileadmin/templates/ess/ess_test_folder/World_Census_Agriculture/WCA_2020/WCA_2020_new_doc/IND_REP_ENG_2015_2016.pdf | archived_sha256=fb01bcb922a38ef964a2ca2fddada5540426bf5b06317d931425ae8d699d6405,archived a1_extract.py/a1b_gender.py; shares independently recomputed from numeric CSV,percentage share (0-100); raw number of holdings in thousands,All Classes total for Manipur/All/number=150,32.6666666667,14.6666666667,raw Small=49; raw Semi-medium=22; construction fact=f00864; stored gap=18.0 pp,recomputed_from_archived_official_report,deterministic_source_reconstruction_v1,2026-09-13,,,,diff,a,True
AgCensus2015-16 T2-4 Manipur/Marginal/number/SCvsOthers,AgCensus2015-16,T2-4,Manipur,Marginal,number,SCvsOthers,social_group,Scheduled Castes,Other social groups,1,0,0,1,diff,b,"Tables 2-4, PDF pages 26,32,38",https://www.fao.org/fileadmin/templates/ess/ess_test_folder/World_Census_Agriculture/WCA_2020/WCA_2020_new_doc/IND_REP_ENG_2015_2016.pdf | archived_sha256=fb01bcb922a38ef964a2ca2fddada5540426bf5b06317d931425ae8d699d6405,archived a1_extract.py/a1b_gender.py; shares independently recomputed from numeric CSV,percentage share (0-100); raw number of holdings in thousands,All-social-groups total for Manipur/Marginal/number=77,1.2987012987,61.0389610390,raw SC=1; raw Others=47; construction fact=f00196; stored gap=59.74 pp,recomputed_from_archived_official_report,deterministic_source_reconstruction_v1,2026-09-13,,,,diff,b,True
AgCensus2015-16 T2-4 Manipur/Marginal/number/SCvsST,AgCensus2015-16,T2-4,Manipur,Marginal,number,SCvsST,social_group,Scheduled Castes,Scheduled Tribes,1,1,0,0,diff,b,"Tables 2-4, PDF pages 26,32,38",https://www.fao.org/fileadmin/templates/ess/ess_test_folder/World_Census_Agriculture/WCA_2020/WCA_2020_new_doc/IND_REP_ENG_2015_2016.pdf | archived_sha256=fb01bcb922a38ef964a2ca2fddada5540426bf5b06317d931425ae8d699d6405,archived a1_extract.py/a1b_gender.py; shares independently recomputed from numeric CSV,percentage share (0-100); raw number of holdings in thousands,All-social-groups total for Manipur/Marginal/number=77,1.2987012987,37.6623376623,raw SC=1; raw ST=29; construction fact=f00195; stored gap=36.36 pp,recomputed_from_archived_official_report,deterministic_source_reconstruction_v1,2026-09-13,,,,diff,b,True
AgCensus2015-16 T2-4 Manipur/Marginal/number/STvsOthers,AgCensus2015-16,T2-4,Manipur,Marginal,number,STvsOthers,social_group,Scheduled Tribes,Other social groups,1,1,0,0,diff,b,"Tables 2-4, PDF pages 26,32,38",https://www.fao.org/fileadmin/templates/ess/ess_test_folder/World_Census_Agriculture/WCA_2020/WCA_2020_new_doc/IND_REP_ENG_2015_2016.pdf | archived_sha256=fb01bcb922a38ef964a2ca2fddada5540426bf5b06317d931425ae8d699d6405,archived a1_extract.py/a1b_gender.py; shares independently recomputed from numeric CSV,percentage share (0-100); raw number of holdings in thousands,All-social-groups total for Manipur/Marginal/number=77,37.6623376623,61.0389610390,raw ST=29; raw Others=47; construction fact=f00197; stored gap=23.38 pp,recomputed_from_archived_official_report,deterministic_source_reconstruction_v1,2026-09-13,,,,diff,b,True
AgCensus2015-16 T2-4 Manipur/ST/number/MarginalvsLarge,AgCensus2015-16,T2-4,Manipur,ST,number,MarginalvsLarge,landholding,marginal holdings,large holdings,1,1,0,0,diff,a,"Table 4, PDF pages 37,38,42",https://www.fao.org/fileadmin/templates/ess/ess_test_folder/World_Census_Agriculture/WCA_2020/WCA_2020_new_doc/IND_REP_ENG_2015_2016.pdf | archived_sha256=fb01bcb922a38ef964a2ca2fddada5540426bf5b06317d931425ae8d699d6405,archived a1_extract.py/a1b_gender.py; shares independently recomputed from numeric CSV,percentage share (0-100); raw number of holdings in thousands,All Classes total for Manipur/ST/number=65,44.6153846154,0.0000000000,raw Marginal=29; raw Large=0; construction fact=f01223; stored gap=44.62 pp,recomputed_from_archived_official_report,deterministic_source_reconstruction_v1,2026-09-13,,,,diff,a,True
AgCensus2015-16 T2-4 Manipur/ST/number/MarginalvsMedium,AgCensus2015-16,T2-4,Manipur,ST,number,MarginalvsMedium,landholding,marginal holdings,medium holdings,1,1,0,0,diff,a,"Table 4, PDF pages 37,38,41",https://www.fao.org/fileadmin/templates/ess/ess_test_folder/World_Census_Agriculture/WCA_2020/WCA_2020_new_doc/IND_REP_ENG_2015_2016.pdf | archived_sha256=fb01bcb922a38ef964a2ca2fddada5540426bf5b06317d931425ae8d699d6405,archived a1_extract.py/a1b_gender.py; shares independently recomputed from numeric CSV,percentage share (0-100); raw number of holdings in thousands,All Classes total for Manipur/ST/number=65,44.6153846154,1.5384615385,raw Marginal=29; raw Medium=1; construction fact=f01222; stored gap=43.08 pp,recomputed_from_archived_official_report,deterministic_source_reconstruction_v1,2026-09-13,,,,diff,a,True
AgCensus2015-16 T2-4 Manipur/ST/number/MarginalvsSemi-medium,AgCensus2015-16,T2-4,Manipur,ST,number,MarginalvsSemi-medium,landholding,marginal holdings,semi-medium holdings,1,1,0,0,diff,a,"Table 4, PDF pages 37,38,40",https://www.fao.org/fileadmin/templates/ess/ess_test_folder/World_Census_Agriculture/WCA_2020/WCA_2020_new_doc/IND_REP_ENG_2015_2016.pdf | archived_sha256=fb01bcb922a38ef964a2ca2fddada5540426bf5b06317d931425ae8d699d6405,archived a1_extract.py/a1b_gender.py; shares independently recomputed from numeric CSV,percentage share (0-100); raw number of holdings in thousands,All Classes total for Manipur/ST/number=65,44.6153846154,18.4615384615,raw Marginal=29; raw Semi-medium=12; construction fact=f01221; stored gap=26.15 pp,recomputed_from_archived_official_report,deterministic_source_reconstruction_v1,2026-09-13,,,,diff,a,True
AgCensus2015-16 T2-4 Manipur/ST/number/MarginalvsSmall,AgCensus2015-16,T2-4,Manipur,ST,number,MarginalvsSmall,landholding,marginal holdings,small holdings,1,1,0,0,diff,a,"Table 4, PDF pages 37,38,39",https://www.fao.org/fileadmin/templates/ess/ess_test_folder/World_Census_Agriculture/WCA_2020/WCA_2020_new_doc/IND_REP_ENG_2015_2016.pdf | archived_sha256=fb01bcb922a38ef964a2ca2fddada5540426bf5b06317d931425ae8d699d6405,archived a1_extract.py/a1b_gender.py; shares independently recomputed from numeric CSV,percentage share (0-100); raw number of holdings in thousands,All Classes total for Manipur/ST/number=65,44.6153846154,33.8461538462,raw Marginal=29; raw Small=22; construction fact=f01220; stored gap=10.77 pp,recomputed_from_archived_official_report,deterministic_source_reconstruction_v1,2026-09-13,,,,diff,a,True
AgCensus2015-16 T2-4 Manipur/ST/number/Semi-mediumvsMedium,AgCensus2015-16,T2-4,Manipur,ST,number,Semi-mediumvsMedium,landholding,semi-medium holdings,medium holdings,1,0,0,1,diff,a,"Table 4, PDF pages 37,40,41",https://www.fao.org/fileadmin/templates/ess/ess_test_folder/World_Census_Agriculture/WCA_2020/WCA_2020_new_doc/IND_REP_ENG_2015_2016.pdf | archived_sha256=fb01bcb922a38ef964a2ca2fddada5540426bf5b06317d931425ae8d699d6405,archived a1_extract.py/a1b_gender.py; shares independently recomputed from numeric CSV,percentage share (0-100); raw number of holdings in thousands,All Classes total for Manipur/ST/number=65,18.4615384615,1.5384615385,raw Semi-medium=12; raw Medium=1; construction fact=f01227; stored gap=16.92 pp,recomputed_from_archived_official_report,deterministic_source_reconstruction_v1,2026-09-13,,,,diff,a,True
AgCensus2015-16 T2-4 Manipur/ST/number/SmallvsMedium,AgCensus2015-16,T2-4,Manipur,ST,number,SmallvsMedium,landholding,small holdings,medium holdings,1,1,0,0,diff,a,"Table 4, PDF pages 37,39,41",https://www.fao.org/fileadmin/templates/ess/ess_test_folder/World_Census_Agriculture/WCA_2020/WCA_2020_new_doc/IND_REP_ENG_2015_2016.pdf | archived_sha256=fb01bcb922a38ef964a2ca2fddada5540426bf5b06317d931425ae8d699d6405,archived a1_extract.py/a1b_gender.py; shares independently recomputed from numeric CSV,percentage share (0-100); raw number of holdings in thousands,All Classes total for Manipur/ST/number=65,33.8461538462,1.5384615385,raw Small=22; raw Medium=1; construction fact=f01225; stored gap=32.31 pp,recomputed_from_archived_official_report,deterministic_source_reconstruction_v1,2026-09-13,,,,diff,a,True
AgCensus2015-16 T2-4 Manipur/ST/number/SmallvsSemi-medium,AgCensus2015-16,T2-4,Manipur,ST,number,SmallvsSemi-medium,landholding,small holdings,semi-medium holdings,1,1,0,0,diff,a,"Table 4, PDF pages 37,39,40",https://www.fao.org/fileadmin/templates/ess/ess_test_folder/World_Census_Agriculture/WCA_2020/WCA_2020_new_doc/IND_REP_ENG_2015_2016.pdf | archived_sha256=fb01bcb922a38ef964a2ca2fddada5540426bf5b06317d931425ae8d699d6405,archived a1_extract.py/a1b_gender.py; shares independently recomputed from numeric CSV,percentage share (0-100); raw number of holdings in thousands,All Classes total for Manipur/ST/number=65,33.8461538462,18.4615384615,raw Small=22; raw Semi-medium=12; construction fact=f01224; stored gap=15.38 pp,recomputed_from_archived_official_report,deterministic_source_reconstruction_v1,2026-09-13,,,,diff,a,True
AgCensus2015-16 T2-4 Manipur/Semi-medium/number/SCvsOthers,AgCensus2015-16,T2-4,Manipur,Semi-medium,number,SCvsOthers,social_group,Scheduled Castes,Other social groups,1,1,0,0,diff,b,"Tables 2-4, PDF pages 28,34,40",https://www.fao.org/fileadmin/templates/ess/ess_test_folder/World_Census_Agriculture/WCA_2020/WCA_2020_new_doc/IND_REP_ENG_2015_2016.pdf | archived_sha256=fb01bcb922a38ef964a2ca2fddada5540426bf5b06317d931425ae8d699d6405,archived a1_extract.py/a1b_gender.py; shares independently recomputed from numeric CSV,percentage share (0-100); raw number of holdings in thousands,All-social-groups total for Manipur/Semi-medium/number=22,4.5454545455,40.9090909091,raw SC=1; raw Others=9; construction fact=f00199; stored gap=36.36 pp,recomputed_from_archived_official_report,deterministic_source_reconstruction_v1,2026-09-13,,,,diff,b,True
AgCensus2015-16 T2-4 Manipur/Semi-medium/number/SCvsST,AgCensus2015-16,T2-4,Manipur,Semi-medium,number,SCvsST,social_group,Scheduled Castes,Scheduled Tribes,1,0,0,1,diff,b,"Tables 2-4, PDF pages 28,34,40",https://www.fao.org/fileadmin/templates/ess/ess_test_folder/World_Census_Agriculture/WCA_2020/WCA_2020_new_doc/IND_REP_ENG_2015_2016.pdf | archived_sha256=fb01bcb922a38ef964a2ca2fddada5540426bf5b06317d931425ae8d699d6405,archived a1_extract.py/a1b_gender.py; shares independently recomputed from numeric CSV,percentage share (0-100); raw number of holdings in thousands,All-social-groups total for Manipur/Semi-medium/number=22,4.5454545455,54.5454545455,raw SC=1; raw ST=12; construction fact=f00198; stored gap=50.0 pp,recomputed_from_archived_official_report,deterministic_source_reconstruction_v1,2026-09-13,,,,diff,b,True
AgCensus2015-16 T2-4 Manipur/Semi-medium/number/STvsOthers,AgCensus2015-16,T2-4,Manipur,Semi-medium,number,STvsOthers,social_group,Scheduled Tribes,Other social groups,1,1,0,0,diff,a,"Tables 2-4, PDF pages 28,34,40",https://www.fao.org/fileadmin/templates/ess/ess_test_folder/World_Census_Agriculture/WCA_2020/WCA_2020_new_doc/IND_REP_ENG_2015_2016.pdf | archived_sha256=fb01bcb922a38ef964a2ca2fddada5540426bf5b06317d931425ae8d699d6405,archived a1_extract.py/a1b_gender.py; shares independently recomputed from numeric CSV,percentage share (0-100); raw number of holdings in thousands,All-social-groups total for Manipur/Semi-medium/number=22,54.5454545455,40.9090909091,raw ST=12; raw Others=9; construction fact=f00200; stored gap=13.64 pp,recomputed_from_archived_official_report,deterministic_source_reconstruction_v1,2026-09-13,,,,diff,a,True
AgCensus2015-16 T2-4 Manipur/Small/number/SCvsOthers,AgCensus2015-16,T2-4,Manipur,Small,number,SCvsOthers,social_group,Scheduled Castes,Other social groups,1,0,0,1,diff,b,"Tables 2-4, PDF pages 27,33,39",https://www.fao.org/fileadmin/templates/ess/ess_test_folder/World_Census_Agriculture/WCA_2020/WCA_2020_new_doc/IND_REP_ENG_2015_2016.pdf | archived_sha256=fb01bcb922a38ef964a2ca2fddada5540426bf5b06317d931425ae8d699d6405,archived a1_extract.py/a1b_gender.py; shares independently recomputed from numeric CSV,percentage share (0-100); raw number of holdings in thousands,All-social-groups total for Manipur/Small/number=49,2.0408163265,53.0612244898,raw SC=1; raw Others=26; construction fact=f00202; stored gap=51.02 pp,recomputed_from_archived_official_report,deterministic_source_reconstruction_v1,2026-09-13,,,,diff,b,True
AgCensus2015-16 T2-4 Manipur/Small/number/SCvsST,AgCensus2015-16,T2-4,Manipur,Small,number,SCvsST,social_group,Scheduled Castes,Scheduled Tribes,1,1,0,0,diff,b,"Tables 2-4, PDF pages 27,33,39",https://www.fao.org/fileadmin/templates/ess/ess_test_folder/World_Census_Agriculture/WCA_2020/WCA_2020_new_doc/IND_REP_ENG_2015_2016.pdf | archived_sha256=fb01bcb922a38ef964a2ca2fddada5540426bf5b06317d931425ae8d699d6405,archived a1_extract.py/a1b_gender.py; shares independently recomputed from numeric CSV,percentage share (0-100); raw number of holdings in thousands,All-social-groups total for Manipur/Small/number=49,2.0408163265,44.8979591837,raw SC=1; raw ST=22; construction fact=f00201; stored gap=42.86 pp,recomputed_from_archived_official_report,deterministic_source_reconstruction_v1,2026-09-13,,,,diff,b,True
AgCensus2015-16 T2-4 Meghalaya/All Classes/number/SCvsST,AgCensus2015-16,T2-4,Meghalaya,All Classes,number,SCvsST,social_group,Scheduled Castes,Scheduled Tribes,1,1,0,0,diff,b,"Tables 2-4, PDF pages 25,31,37",https://www.fao.org/fileadmin/templates/ess/ess_test_folder/World_Census_Agriculture/WCA_2020/WCA_2020_new_doc/IND_REP_ENG_2015_2016.pdf | archived_sha256=fb01bcb922a38ef964a2ca2fddada5540426bf5b06317d931425ae8d699d6405,archived a1_extract.py/a1b_gender.py; shares independently recomputed from numeric CSV,percentage share (0-100); raw number of holdings in thousands,All-social-groups total for Meghalaya/All Classes/number=232,0.0000000000,98.7068965517,raw SC=0; raw ST=229; construction fact=f00203; stored gap=98.71 pp,recomputed_from_archived_official_report,deterministic_source_reconstruction_v1,2026-09-13,,,,diff,b,True
AgCensus2015-16 T2-4 Meghalaya/All Classes/number/STvsOthers,AgCensus2015-16,T2-4,Meghalaya,All Classes,number,STvsOthers,social_group,Scheduled Tribes,Other social groups,1,0,0,1,diff,a,"Tables 2-4, PDF pages 25,31,37",https://www.fao.org/fileadmin/templates/ess/ess_test_folder/World_Census_Agriculture/WCA_2020/WCA_2020_new_doc/IND_REP_ENG_2015_2016.pdf | archived_sha256=fb01bcb922a38ef964a2ca2fddada5540426bf5b06317d931425ae8d699d6405,archived a1_extract.py/a1b_gender.py; shares independently recomputed from numeric CSV,percentage share (0-100); raw number of holdings in thousands,All-social-groups total for Meghalaya/All Classes/number=232,98.7068965517,1.2931034483,raw ST=229; raw Others=3; construction fact=f00204; stored gap=97.41 pp,recomputed_from_archived_official_report,deterministic_source_reconstruction_v1,2026-09-13,,,,diff,a,True
AgCensus2015-16 T2-4 Meghalaya/All/area/MarginalvsMedium,AgCensus2015-16,T2-4,Meghalaya,All,area,MarginalvsMedium,landholding,marginal operated area,medium operated area,2,2,0,0,equal,c,"Table 2, PDF pages 25,26,29",https://www.fao.org/fileadmin/templates/ess/ess_test_folder/World_Census_Agriculture/WCA_2020/WCA_2020_new_doc/IND_REP_ENG_2015_2016.pdf | archived_sha256=fb01bcb922a38ef964a2ca2fddada5540426bf5b06317d931425ae8d699d6405,archived a1_extract.py/a1b_gender.py; shares independently recomputed from numeric CSV,percentage share (0-100); raw operated area in thousand hectares,All Classes total for Meghalaya/All/area=300,18.6666666667,17.0000000000,raw Marginal=56; raw Medium=51; construction fact=f01477; stored gap=1.67 pp,recomputed_from_archived_official_report,deterministic_source_reconstruction_v1,2026-09-13,,,,equal,c,True
AgCensus2015-16 T2-4 Meghalaya/All/number/MarginalvsLarge,AgCensus2015-16,T2-4,Meghalaya,All,number,MarginalvsLarge,landholding,marginal holdings,large holdings,1,0,1,0,diff,a,"Table 2, PDF pages 25,26,30",https://www.fao.org/fileadmin/templates/ess/ess_test_folder/World_Census_Agriculture/WCA_2020/WCA_2020_new_doc/IND_REP_ENG_2015_2016.pdf | archived_sha256=fb01bcb922a38ef964a2ca2fddada5540426bf5b06317d931425ae8d699d6405,archived a1_extract.py/a1b_gender.py; shares independently recomputed from numeric CSV,percentage share (0-100); raw number of holdings in thousands,All Classes total for Meghalaya/All/number=232,53.0172413793,0.0000000000,raw Marginal=123; raw Large=0; construction fact=f00872; stored gap=53.02 pp,recomputed_from_archived_official_report,deterministic_source_reconstruction_v1,2026-09-13,,,,diff,a,True
AgCensus2015-16 T2-4 Meghalaya/All/number/MarginalvsMedium,AgCensus2015-16,T2-4,Meghalaya,All,number,MarginalvsMedium,landholding,marginal holdings,medium holdings,1,1,0,0,diff,a,"Table 2, PDF pages 25,26,29",https://www.fao.org/fileadmin/templates/ess/ess_test_folder/World_Census_Agriculture/WCA_2020/WCA_2020_new_doc/IND_REP_ENG_2015_2016.pdf | archived_sha256=fb01bcb922a38ef964a2ca2fddada5540426bf5b06317d931425ae8d699d6405,archived a1_extract.py/a1b_gender.py; shares independently recomputed from numeric CSV,percentage share (0-100); raw number of holdings in thousands,All Classes total for Meghalaya/All/number=232,53.0172413793,3.8793103448,raw Marginal=123; raw Medium=9; construction fact=f00871; stored gap=49.14 pp,recomputed_from_archived_official_report,deterministic_source_reconstruction_v1,2026-09-13,,,,diff,a,True
AgCensus2015-16 T2-4 Meghalaya/All/number/MarginalvsSemi-medium,AgCensus2015-16,T2-4,Meghalaya,All,number,MarginalvsSemi-medium,landholding,marginal holdings,semi-medium holdings,1,1,0,0,diff,a,"Table 2, PDF pages 25,26,28",https://www.fao.org/fileadmin/templates/ess/ess_test_folder/World_Census_Agriculture/WCA_2020/WCA_2020_new_doc/IND_REP_ENG_2015_2016.pdf | archived_sha256=fb01bcb922a38ef964a2ca2fddada5540426bf5b06317d931425ae8d699d6405,archived a1_extract.py/a1b_gender.py; shares independently recomputed from numeric CSV,percentage share (0-100); raw number of holdings in thousands,All Classes total for Meghalaya/All/number=232,53.0172413793,17.2413793103,raw Marginal=123; raw Semi-medium=40; construction fact=f00870; stored gap=35.78 pp,recomputed_from_archived_official_report,deterministic_source_reconstruction_v1,2026-09-13,,,,diff,a,True
AgCensus2015-16 T2-4 Meghalaya/All/number/MarginalvsSmall,AgCensus2015-16,T2-4,Meghalaya,All,number,MarginalvsSmall,landholding,marginal holdings,small holdings,1,0,0,1,diff,a,"Table 2, PDF pages 25,26,27",https://www.fao.org/fileadmin/templates/ess/ess_test_folder/World_Census_Agriculture/WCA_2020/WCA_2020_new_doc/IND_REP_ENG_2015_2016.pdf | archived_sha256=fb01bcb922a38ef964a2ca2fddada5540426bf5b06317d931425ae8d699d6405,archived a1_extract.py/a1b_gender.py; shares independently recomputed from numeric CSV,percentage share (0-100); raw number of holdings in thousands,All Classes total for Meghalaya/All/number=232,53.0172413793,25.8620689655,raw Marginal=123; raw Small=60; construction fact=f00869; stored gap=27.16 pp,recomputed_from_archived_official_report,deterministic_source_reconstruction_v1,2026-09-13,,,,diff,a,True
AgCensus2015-16 T2-4 Meghalaya/All/number/Semi-mediumvsLarge,AgCensus2015-16,T2-4,Meghalaya,All,number,Semi-mediumvsLarge,landholding,semi-medium holdings,large holdings,1,0,0,1,diff,a,"Table 2, PDF pages 25,28,30",https://www.fao.org/fileadmin/templates/ess/ess_test_folder/World_Census_Agriculture/WCA_2020/WCA_2020_new_doc/IND_REP_ENG_2015_2016.pdf | archived_sha256=fb01bcb922a38ef964a2ca2fddada5540426bf5b06317d931425ae8d699d6405,archived a1_extract.py/a1b_gender.py; shares independently recomputed from numeric CSV,percentage share (0-100); raw number of holdings in thousands,All Classes total for Meghalaya/All/number=232,17.2413793103,0.0000000000,raw Semi-medium=40; raw Large=0; construction fact=f00876; stored gap=17.24 pp,recomputed_from_archived_official_report,deterministic_source_reconstruction_v1,2026-09-13,,,,diff,a,True
AgCensus2015-16 T2-4 Meghalaya/All/number/Semi-mediumvsMedium,AgCensus2015-16,T2-4,Meghalaya,All,number,Semi-mediumvsMedium,landholding,semi-medium holdings,medium holdings,1,1,0,0,diff,a,"Table 2, PDF pages 25,28,29",https://www.fao.org/fileadmin/templates/ess/ess_test_folder/World_Census_Agriculture/WCA_2020/WCA_2020_new_doc/IND_REP_ENG_2015_2016.pdf | archived_sha256=fb01bcb922a38ef964a2ca2fddada5540426bf5b06317d931425ae8d699d6405,archived a1_extract.py/a1b_gender.py; shares independently recomputed from numeric CSV,percentage share (0-100); raw number of holdings in thousands,All Classes total for Meghalaya/All/number=232,17.2413793103,3.8793103448,raw Semi-medium=40; raw Medium=9; construction fact=f00875; stored gap=13.36 pp,recomputed_from_archived_official_report,deterministic_source_reconstruction_v1,2026-09-13,,,,diff,a,True
AgCensus2015-16 T2-4 Meghalaya/All/number/SmallvsLarge,AgCensus2015-16,T2-4,Meghalaya,All,number,SmallvsLarge,landholding,small holdings,large holdings,1,1,0,0,diff,a,"Table 2, PDF pages 25,27,30",https://www.fao.org/fileadmin/templates/ess/ess_test_folder/World_Census_Agriculture/WCA_2020/WCA_2020_new_doc/IND_REP_ENG_2015_2016.pdf | archived_sha256=fb01bcb922a38ef964a2ca2fddada5540426bf5b06317d931425ae8d699d6405,archived a1_extract.py/a1b_gender.py; shares independently recomputed from numeric CSV,percentage share (0-100); raw number of holdings in thousands,All Classes total for Meghalaya/All/number=232,25.8620689655,0.0000000000,raw Small=60; raw Large=0; construction fact=f00874; stored gap=25.86 pp,recomputed_from_archived_official_report,deterministic_source_reconstruction_v1,2026-09-13,,,,diff,a,True
AgCensus2015-16 T2-4 Meghalaya/All/number/SmallvsMedium,AgCensus2015-16,T2-4,Meghalaya,All,number,SmallvsMedium,landholding,small holdings,medium holdings,1,1,0,0,diff,a,"Table 2, PDF pages 25,27,29",https://www.fao.org/fileadmin/templates/ess/ess_test_folder/World_Census_Agriculture/WCA_2020/WCA_2020_new_doc/IND_REP_ENG_2015_2016.pdf | archived_sha256=fb01bcb922a38ef964a2ca2fddada5540426bf5b06317d931425ae8d699d6405,archived a1_extract.py/a1b_gender.py; shares independently recomputed from numeric CSV,percentage share (0-100); raw number of holdings in thousands,All Classes total for Meghalaya/All/number=232,25.8620689655,3.8793103448,raw Small=60; raw Medium=9; construction fact=f00873; stored gap=21.98 pp,recomputed_from_archived_official_report,deterministic_source_reconstruction_v1,2026-09-13,,,,diff,a,True
AgCensus2015-16 T2-4 Meghalaya/Marginal/number/SCvsST,AgCensus2015-16,T2-4,Meghalaya,Marginal,number,SCvsST,social_group,Scheduled Castes,Scheduled Tribes,1,0,1,0,diff,b,"Tables 2-4, PDF pages 26,32,38",https://www.fao.org/fileadmin/templates/ess/ess_test_folder/World_Census_Agriculture/WCA_2020/WCA_2020_new_doc/IND_REP_ENG_2015_2016.pdf | archived_sha256=fb01bcb922a38ef964a2ca2fddada5540426bf5b06317d931425ae8d699d6405,archived a1_extract.py/a1b_gender.py; shares independently recomputed from numeric CSV,percentage share (0-100); raw number of holdings in thousands,All-social-groups total for Meghalaya/Marginal/number=123,0.0000000000,97.5609756098,raw SC=0; raw ST=120; construction fact=f00205; stored gap=97.56 pp,recomputed_from_archived_official_report,deterministic_source_reconstruction_v1,2026-09-13,,,,diff,b,True
AgCensus2015-16 T2-4 Meghalaya/Marginal/number/STvsOthers,AgCensus2015-16,T2-4,Meghalaya,Marginal,number,STvsOthers,social_group,Scheduled Tribes,Other social groups,1,1,0,0,diff,a,"Tables 2-4, PDF pages 26,32,38",https://www.fao.org/fileadmin/templates/ess/ess_test_folder/World_Census_Agriculture/WCA_2020/WCA_2020_new_doc/IND_REP_ENG_2015_2016.pdf | archived_sha256=fb01bcb922a38ef964a2ca2fddada5540426bf5b06317d931425ae8d699d6405,archived a1_extract.py/a1b_gender.py; shares independently recomputed from numeric CSV,percentage share (0-100); raw number of holdings in thousands,All-social-groups total for Meghalaya/Marginal/number=123,97.5609756098,2.4390243902,raw ST=120; raw Others=3; construction fact=f00206; stored gap=95.12 pp,recomputed_from_archived_official_report,deterministic_source_reconstruction_v1,2026-09-13,,,,diff,a,True
AgCensus2015-16 T2-4 Meghalaya/ST/area/MarginalvsMedium,AgCensus2015-16,T2-4,Meghalaya,ST,area,MarginalvsMedium,landholding,marginal operated area,medium operated area,1,1,0,0,equal,c,"Table 4, PDF pages 37,38,41",https://www.fao.org/fileadmin/templates/ess/ess_test_folder/World_Census_Agriculture/WCA_2020/WCA_2020_new_doc/IND_REP_ENG_2015_2016.pdf | archived_sha256=fb01bcb922a38ef964a2ca2fddada5540426bf5b06317d931425ae8d699d6405,archived a1_extract.py/a1b_gender.py; shares independently recomputed from numeric CSV,percentage share (0-100); raw operated area in thousand hectares,All Classes total for Meghalaya/ST/area=297,18.5185185185,17.1717171717,raw Marginal=55; raw Medium=51; construction fact=f01880; stored gap=1.35 pp,recomputed_from_archived_official_report,deterministic_source_reconstruction_v1,2026-09-13,,,,equal,c,True
AgCensus2015-16 T2-4 Meghalaya/ST/number/MarginalvsMedium,AgCensus2015-16,T2-4,Meghalaya,ST,number,MarginalvsMedium,landholding,marginal holdings,medium holdings,1,0,0,1,diff,a,"Table 4, PDF pages 37,38,41",https://www.fao.org/fileadmin/templates/ess/ess_test_folder/World_Census_Agriculture/WCA_2020/WCA_2020_new_doc/IND_REP_ENG_2015_2016.pdf | archived_sha256=fb01bcb922a38ef964a2ca2fddada5540426bf5b06317d931425ae8d699d6405,archived a1_extract.py/a1b_gender.py; shares independently recomputed from numeric CSV,percentage share (0-100); raw number of holdings in thousands,All Classes total for Meghalaya/ST/number=229,52.4017467249,3.9301310044,raw Marginal=120; raw Medium=9; construction fact=f01231; stored gap=48.47 pp,recomputed_from_archived_official_report,deterministic_source_reconstruction_v1,2026-09-13,,,,diff,a,True
AgCensus2015-16 T2-4 Meghalaya/ST/number/MarginalvsSemi-medium,AgCensus2015-16,T2-4,Meghalaya,ST,number,MarginalvsSemi-medium,landholding,marginal holdings,semi-medium holdings,1,1,0,0,diff,a,"Table 4, PDF pages 37,38,40",https://www.fao.org/fileadmin/templates/ess/ess_test_folder/World_Census_Agriculture/WCA_2020/WCA_2020_new_doc/IND_REP_ENG_2015_2016.pdf | archived_sha256=fb01bcb922a38ef964a2ca2fddada5540426bf5b06317d931425ae8d699d6405,archived a1_extract.py/a1b_gender.py; shares independently recomputed from numeric CSV,percentage share (0-100); raw number of holdings in thousands,All Classes total for Meghalaya/ST/number=229,52.4017467249,17.4672489083,raw Marginal=120; raw Semi-medium=40; construction fact=f01230; stored gap=34.93 pp,recomputed_from_archived_official_report,deterministic_source_reconstruction_v1,2026-09-13,,,,diff,a,True
AgCensus2015-16 T2-4 Meghalaya/ST/number/MarginalvsSmall,AgCensus2015-16,T2-4,Meghalaya,ST,number,MarginalvsSmall,landholding,marginal holdings,small holdings,1,1,0,0,diff,a,"Table 4, PDF pages 37,38,39",https://www.fao.org/fileadmin/templates/ess/ess_test_folder/World_Census_Agriculture/WCA_2020/WCA_2020_new_doc/IND_REP_ENG_2015_2016.pdf | archived_sha256=fb01bcb922a38ef964a2ca2fddada5540426bf5b06317d931425ae8d699d6405,archived a1_extract.py/a1b_gender.py; shares independently recomputed from numeric CSV,percentage share (0-100); raw number of holdings in thousands,All Classes total for Meghalaya/ST/number=229,52.4017467249,26.2008733624,raw Marginal=120; raw Small=60; construction fact=f01229; stored gap=26.2 pp,recomputed_from_archived_official_report,deterministic_source_reconstruction_v1,2026-09-13,,,,diff,a,True
AgCensus2015-16 T2-4 Meghalaya/ST/number/Semi-mediumvsLarge,AgCensus2015-16,T2-4,Meghalaya,ST,number,Semi-mediumvsLarge,landholding,semi-medium holdings,large holdings,1,1,0,0,diff,a,"Table 4, PDF pages 37,40,42",https://www.fao.org/fileadmin/templates/ess/ess_test_folder/World_Census_Agriculture/WCA_2020/WCA_2020_new_doc/IND_REP_ENG_2015_2016.pdf | archived_sha256=fb01bcb922a38ef964a2ca2fddada5540426bf5b06317d931425ae8d699d6405,archived a1_extract.py/a1b_gender.py; shares independently recomputed from numeric CSV,percentage share (0-100); raw number of holdings in thousands,All Classes total for Meghalaya/ST/number=229,17.4672489083,0.0000000000,raw Semi-medium=40; raw Large=0; construction fact=f01236; stored gap=17.47 pp,recomputed_from_archived_official_report,deterministic_source_reconstruction_v1,2026-09-13,,,,diff,a,True
AgCensus2015-16 T2-4 Meghalaya/ST/number/Semi-mediumvsMedium,AgCensus2015-16,T2-4,Meghalaya,ST,number,Semi-mediumvsMedium,landholding,semi-medium holdings,medium holdings,1,1,0,0,diff,a,"Table 4, PDF pages 37,40,41",https://www.fao.org/fileadmin/templates/ess/ess_test_folder/World_Census_Agriculture/WCA_2020/WCA_2020_new_doc/IND_REP_ENG_2015_2016.pdf | archived_sha256=fb01bcb922a38ef964a2ca2fddada5540426bf5b06317d931425ae8d699d6405,archived a1_extract.py/a1b_gender.py; shares independently recomputed from numeric CSV,percentage share (0-100); raw number of holdings in thousands,All Classes total for Meghalaya/ST/number=229,17.4672489083,3.9301310044,raw Semi-medium=40; raw Medium=9; construction fact=f01235; stored gap=13.54 pp,recomputed_from_archived_official_report,deterministic_source_reconstruction_v1,2026-09-13,,,,diff,a,True
AgCensus2015-16 T2-4 Meghalaya/ST/number/SmallvsMedium,AgCensus2015-16,T2-4,Meghalaya,ST,number,SmallvsMedium,landholding,small holdings,medium holdings,1,0,1,0,diff,a,"Table 4, PDF pages 37,39,41",https://www.fao.org/fileadmin/templates/ess/ess_test_folder/World_Census_Agriculture/WCA_2020/WCA_2020_new_doc/IND_REP_ENG_2015_2016.pdf | archived_sha256=fb01bcb922a38ef964a2ca2fddada5540426bf5b06317d931425ae8d699d6405,archived a1_extract.py/a1b_gender.py; shares independently recomputed from numeric CSV,percentage share (0-100); raw number of holdings in thousands,All Classes total for Meghalaya/ST/number=229,26.2008733624,3.9301310044,raw Small=60; raw Medium=9; construction fact=f01233; stored gap=22.27 pp,recomputed_from_archived_official_report,deterministic_source_reconstruction_v1,2026-09-13,,,,diff,a,True
AgCensus2015-16 T2-4 Meghalaya/Semi-medium/number/STvsOthers,AgCensus2015-16,T2-4,Meghalaya,Semi-medium,number,STvsOthers,social_group,Scheduled Tribes,Other social groups,1,0,0,1,diff,a,"Tables 2-4, PDF pages 28,34,40",https://www.fao.org/fileadmin/templates/ess/ess_test_folder/World_Census_Agriculture/WCA_2020/WCA_2020_new_doc/IND_REP_ENG_2015_2016.pdf | archived_sha256=fb01bcb922a38ef964a2ca2fddada5540426bf5b06317d931425ae8d699d6405,archived a1_extract.py/a1b_gender.py; shares independently recomputed from numeric CSV,percentage share (0-100); raw number of holdings in thousands,All-social-groups total for Meghalaya/Semi-medium/number=40,100.0000000000,0.0000000000,raw ST=40; raw Others=0; construction fact=f00208; stored gap=100.0 pp,recomputed_from_archived_official_report,deterministic_source_reconstruction_v1,2026-09-13,,,,diff,a,True
AgCensus2015-16 T2-4 Meghalaya/Small/number/SCvsST,AgCensus2015-16,T2-4,Meghalaya,Small,number,SCvsST,social_group,Scheduled Castes,Scheduled Tribes,1,1,0,0,diff,b,"Tables 2-4, PDF pages 27,33,39",https://www.fao.org/fileadmin/templates/ess/ess_test_folder/World_Census_Agriculture/WCA_2020/WCA_2020_new_doc/IND_REP_ENG_2015_2016.pdf | archived_sha256=fb01bcb922a38ef964a2ca2fddada5540426bf5b06317d931425ae8d699d6405,archived a1_extract.py/a1b_gender.py; shares independently recomputed from numeric CSV,percentage share (0-100); raw number of holdings in thousands,All-social-groups total for Meghalaya/Small/number=60,0.0000000000,100.0000000000,raw SC=0; raw ST=60; construction fact=f00209; stored gap=100.0 pp,recomputed_from_archived_official_report,deterministic_source_reconstruction_v1,2026-09-13,,,,diff,b,True
AgCensus2015-16 T2-4 Meghalaya/Small/number/STvsOthers,AgCensus2015-16,T2-4,Meghalaya,Small,number,STvsOthers,social_group,Scheduled Tribes,Other social groups,1,0,1,0,diff,a,"Tables 2-4, PDF pages 27,33,39",https://www.fao.org/fileadmin/templates/ess/ess_test_folder/World_Census_Agriculture/WCA_2020/WCA_2020_new_doc/IND_REP_ENG_2015_2016.pdf | archived_sha256=fb01bcb922a38ef964a2ca2fddada5540426bf5b06317d931425ae8d699d6405,archived a1_extract.py/a1b_gender.py; shares independently recomputed from numeric CSV,percentage share (0-100); raw number of holdings in thousands,All-social-groups total for Meghalaya/Small/number=60,100.0000000000,0.0000000000,raw ST=60; raw Others=0; construction fact=f00210; stored gap=100.0 pp,recomputed_from_archived_official_report,deterministic_source_reconstruction_v1,2026-09-13,,,,diff,a,True
AgCensus2015-16 T2-4 Mizoram/All Classes/number/SCvsST,AgCensus2015-16,T2-4,Mizoram,All Classes,number,SCvsST,social_group,Scheduled Castes,Scheduled Tribes,1,1,0,0,diff,b,"Tables 2-4, PDF pages 25,31,37",https://www.fao.org/fileadmin/templates/ess/ess_test_folder/World_Census_Agriculture/WCA_2020/WCA_2020_new_doc/IND_REP_ENG_2015_2016.pdf | archived_sha256=fb01bcb922a38ef964a2ca2fddada5540426bf5b06317d931425ae8d699d6405,archived a1_extract.py/a1b_gender.py; shares independently recomputed from numeric CSV,percentage share (0-100); raw number of holdings in thousands,All-social-groups total for Mizoram/All Classes/number=90,0.0000000000,100.0000000000,raw SC=0; raw ST=90; construction fact=f00211; stored gap=100.0 pp,recomputed_from_archived_official_report,deterministic_source_reconstruction_v1,2026-09-13,,,,diff,b,True
AgCensus2015-16 T2-4 Mizoram/All Classes/number/STvsOthers,AgCensus2015-16,T2-4,Mizoram,All Classes,number,STvsOthers,social_group,Scheduled Tribes,Other social groups,1,0,0,1,diff,a,"Tables 2-4, PDF pages 25,31,37",https://www.fao.org/fileadmin/templates/ess/ess_test_folder/World_Census_Agriculture/WCA_2020/WCA_2020_new_doc/IND_REP_ENG_2015_2016.pdf | archived_sha256=fb01bcb922a38ef964a2ca2fddada5540426bf5b06317d931425ae8d699d6405,archived a1_extract.py/a1b_gender.py; shares independently recomputed from numeric CSV,percentage share (0-100); raw number of holdings in thousands,All-social-groups total for Mizoram/All Classes/number=90,100.0000000000,0.0000000000,raw ST=90; raw Others=0; construction fact=f00212; stored gap=100.0 pp,recomputed_from_archived_official_report,deterministic_source_reconstruction_v1,2026-09-13,,,,diff,a,True
AgCensus2015-16 T2-4 Mizoram/All/area/MarginalvsSemi-medium,AgCensus2015-16,T2-4,Mizoram,All,area,MarginalvsSemi-medium,landholding,marginal operated area,semi-medium operated area,3,0,3,0,equal,c,"Table 2, PDF pages 25,26,28",https://www.fao.org/fileadmin/templates/ess/ess_test_folder/World_Census_Agriculture/WCA_2020/WCA_2020_new_doc/IND_REP_ENG_2015_2016.pdf | archived_sha256=fb01bcb922a38ef964a2ca2fddada5540426bf5b06317d931425ae8d699d6405,archived a1_extract.py/a1b_gender.py; shares independently recomputed from numeric CSV,percentage share (0-100); raw operated area in thousand hectares,All Classes total for Mizoram/All/area=112,24.1071428571,28.5714285714,raw Marginal=27; raw Semi-medium=32; construction fact=f01483; stored gap=4.46 pp,recomputed_from_archived_official_report,deterministic_source_reconstruction_v1,2026-09-13,,,,equal,c,True
AgCensus2015-16 T2-4 Mizoram/All/area/SmallvsSemi-medium,AgCensus2015-16,T2-4,Mizoram,All,area,SmallvsSemi-medium,landholding,small operated area,semi-medium operated area,3,3,0,0,equal,c,"Table 2, PDF pages 25,27,28",https://www.fao.org/fileadmin/templates/ess/ess_test_folder/World_Census_Agriculture/WCA_2020/WCA_2020_new_doc/IND_REP_ENG_2015_2016.pdf | archived_sha256=fb01bcb922a38ef964a2ca2fddada5540426bf5b06317d931425ae8d699d6405,archived a1_extract.py/a1b_gender.py; shares independently recomputed from numeric CSV,percentage share (0-100); raw operated area in thousand hectares,All Classes total for Mizoram/All/area=112,31.2500000000,28.5714285714,raw Small=35; raw Semi-medium=32; construction fact=f01486; stored gap=2.68 pp,recomputed_from_archived_official_report,deterministic_source_reconstruction_v1,2026-09-13,,,,equal,c,True
AgCensus2015-16 T2-4 Mizoram/All/number/MarginalvsMedium,AgCensus2015-16,T2-4,Mizoram,All,number,MarginalvsMedium,landholding,marginal holdings,medium holdings,1,0,0,1,diff,a,"Table 2, PDF pages 25,26,29",https://www.fao.org/fileadmin/templates/ess/ess_test_folder/World_Census_Agriculture/WCA_2020/WCA_2020_new_doc/IND_REP_ENG_2015_2016.pdf | archived_sha256=fb01bcb922a38ef964a2ca2fddada5540426bf5b06317d931425ae8d699d6405,archived a1_extract.py/a1b_gender.py; shares independently recomputed from numeric CSV,percentage share (0-100); raw number of holdings in thousands,All Classes total for Mizoram/All/number=90,50.0000000000,3.3333333333,raw Marginal=45; raw Medium=3; construction fact=f00879; stored gap=46.67 pp,recomputed_from_archived_official_report,deterministic_source_reconstruction_v1,2026-09-13,,,,diff,a,True
AgCensus2015-16 T2-4 Mizoram/All/number/MarginalvsSemi-medium,AgCensus2015-16,T2-4,Mizoram,All,number,MarginalvsSemi-medium,landholding,marginal holdings,semi-medium holdings,1,1,0,0,diff,a,"Table 2, PDF pages 25,26,28",https://www.fao.org/fileadmin/templates/ess/ess_test_folder/World_Census_Agriculture/WCA_2020/WCA_2020_new_doc/IND_REP_ENG_2015_2016.pdf | archived_sha256=fb01bcb922a38ef964a2ca2fddada5540426bf5b06317d931425ae8d699d6405,archived a1_extract.py/a1b_gender.py; shares independently recomputed from numeric CSV,percentage share (0-100); raw number of holdings in thousands,All Classes total for Mizoram/All/number=90,50.0000000000,15.5555555556,raw Marginal=45; raw Semi-medium=14; construction fact=f00878; stored gap=34.44 pp,recomputed_from_archived_official_report,deterministic_source_reconstruction_v1,2026-09-13,,,,diff,a,True
AgCensus2015-16 T2-4 Mizoram/All/number/MarginalvsSmall,AgCensus2015-16,T2-4,Mizoram,All,number,MarginalvsSmall,landholding,marginal holdings,small holdings,1,1,0,0,diff,a,"Table 2, PDF pages 25,26,27",https://www.fao.org/fileadmin/templates/ess/ess_test_folder/World_Census_Agriculture/WCA_2020/WCA_2020_new_doc/IND_REP_ENG_2015_2016.pdf | archived_sha256=fb01bcb922a38ef964a2ca2fddada5540426bf5b06317d931425ae8d699d6405,archived a1_extract.py/a1b_gender.py; shares independently recomputed from numeric CSV,percentage share (0-100); raw number of holdings in thousands,All Classes total for Mizoram/All/number=90,50.0000000000,30.0000000000,raw Marginal=45; raw Small=27; construction fact=f00877; stored gap=20.0 pp,recomputed_from_archived_official_report,deterministic_source_reconstruction_v1,2026-09-13,,,,diff,a,True
AgCensus2015-16 T2-4 Mizoram/All/number/Semi-mediumvsLarge,AgCensus2015-16,T2-4,Mizoram,All,number,Semi-mediumvsLarge,landholding,semi-medium holdings,large holdings,1,0,0,1,diff,a,"Table 2, PDF pages 25,28,30",https://www.fao.org/fileadmin/templates/ess/ess_test_folder/World_Census_Agriculture/WCA_2020/WCA_2020_new_doc/IND_REP_ENG_2015_2016.pdf | archived_sha256=fb01bcb922a38ef964a2ca2fddada5540426bf5b06317d931425ae8d699d6405,archived a1_extract.py/a1b_gender.py; shares independently recomputed from numeric CSV,percentage share (0-100); raw number of holdings in thousands,All Classes total for Mizoram/All/number=90,15.5555555556,0.0000000000,raw Semi-medium=14; raw Large=0; construction fact=f00885; stored gap=15.56 pp,recomputed_from_archived_official_report,deterministic_source_reconstruction_v1,2026-09-13,,,,diff,a,True
AgCensus2015-16 T2-4 Mizoram/All/number/Semi-mediumvsMedium,AgCensus2015-16,T2-4,Mizoram,All,number,Semi-mediumvsMedium,landholding,semi-medium holdings,medium holdings,1,1,0,0,diff,a,"Table 2, PDF pages 25,28,29",https://www.fao.org/fileadmin/templates/ess/ess_test_folder/World_Census_Agriculture/WCA_2020/WCA_2020_new_doc/IND_REP_ENG_2015_2016.pdf | archived_sha256=fb01bcb922a38ef964a2ca2fddada5540426bf5b06317d931425ae8d699d6405,archived a1_extract.py/a1b_gender.py; shares independently recomputed from numeric CSV,percentage share (0-100); raw number of holdings in thousands,All Classes total for Mizoram/All/number=90,15.5555555556,3.3333333333,raw Semi-medium=14; raw Medium=3; construction fact=f00884; stored gap=12.22 pp,recomputed_from_archived_official_report,deterministic_source_reconstruction_v1,2026-09-13,,,,diff,a,True
AgCensus2015-16 T2-4 Mizoram/All/number/SmallvsLarge,AgCensus2015-16,T2-4,Mizoram,All,number,SmallvsLarge,landholding,small holdings,large holdings,1,1,0,0,diff,a,"Table 2, PDF pages 25,27,30",https://www.fao.org/fileadmin/templates/ess/ess_test_folder/World_Census_Agriculture/WCA_2020/WCA_2020_new_doc/IND_REP_ENG_2015_2016.pdf | archived_sha256=fb01bcb922a38ef964a2ca2fddada5540426bf5b06317d931425ae8d699d6405,archived a1_extract.py/a1b_gender.py; shares independently recomputed from numeric CSV,percentage share (0-100); raw number of holdings in thousands,All Classes total for Mizoram/All/number=90,30.0000000000,0.0000000000,raw Small=27; raw Large=0; construction fact=f00883; stored gap=30.0 pp,recomputed_from_archived_official_report,deterministic_source_reconstruction_v1,2026-09-13,,,,diff,a,True
AgCensus2015-16 T2-4 Mizoram/All/number/SmallvsMedium,AgCensus2015-16,T2-4,Mizoram,All,number,SmallvsMedium,landholding,small holdings,medium holdings,1,1,0,0,diff,a,"Table 2, PDF pages 25,27,29",https://www.fao.org/fileadmin/templates/ess/ess_test_folder/World_Census_Agriculture/WCA_2020/WCA_2020_new_doc/IND_REP_ENG_2015_2016.pdf | archived_sha256=fb01bcb922a38ef964a2ca2fddada5540426bf5b06317d931425ae8d699d6405,archived a1_extract.py/a1b_gender.py; shares independently recomputed from numeric CSV,percentage share (0-100); raw number of holdings in thousands,All Classes total for Mizoram/All/number=90,30.0000000000,3.3333333333,raw Small=27; raw Medium=3; construction fact=f00882; stored gap=26.67 pp,recomputed_from_archived_official_report,deterministic_source_reconstruction_v1,2026-09-13,,,,diff,a,True
AgCensus2015-16 T2-4 Mizoram/All/number/SmallvsSemi-medium,AgCensus2015-16,T2-4,Mizoram,All,number,SmallvsSemi-medium,landholding,small holdings,semi-medium holdings,1,0,0,1,diff,a,"Table 2, PDF pages 25,27,28",https://www.fao.org/fileadmin/templates/ess/ess_test_folder/World_Census_Agriculture/WCA_2020/WCA_2020_new_doc/IND_REP_ENG_2015_2016.pdf | archived_sha256=fb01bcb922a38ef964a2ca2fddada5540426bf5b06317d931425ae8d699d6405,archived a1_extract.py/a1b_gender.py; shares independently recomputed from numeric CSV,percentage share (0-100); raw number of holdings in thousands,All Classes total for Mizoram/All/number=90,30.0000000000,15.5555555556,raw Small=27; raw Semi-medium=14; construction fact=f00881; stored gap=14.44 pp,recomputed_from_archived_official_report,deterministic_source_reconstruction_v1,2026-09-13,,,,diff,a,True
AgCensus2015-16 T2-4 Mizoram/Marginal/number/SCvsST,AgCensus2015-16,T2-4,Mizoram,Marginal,number,SCvsST,social_group,Scheduled Castes,Scheduled Tribes,1,1,0,0,diff,b,"Tables 2-4, PDF pages 26,32,38",https://www.fao.org/fileadmin/templates/ess/ess_test_folder/World_Census_Agriculture/WCA_2020/WCA_2020_new_doc/IND_REP_ENG_2015_2016.pdf | archived_sha256=fb01bcb922a38ef964a2ca2fddada5540426bf5b06317d931425ae8d699d6405,archived a1_extract.py/a1b_gender.py; shares independently recomputed from numeric CSV,percentage share (0-100); raw number of holdings in thousands,All-social-groups total for Mizoram/Marginal/number=45,0.0000000000,100.0000000000,raw SC=0; raw ST=45; construction fact=f00213; stored gap=100.0 pp,recomputed_from_archived_official_report,deterministic_source_reconstruction_v1,2026-09-13,,,,diff,b,True
AgCensus2015-16 T2-4 Mizoram/ST/area/MarginalvsSemi-medium,AgCensus2015-16,T2-4,Mizoram,ST,area,MarginalvsSemi-medium,landholding,marginal operated area,semi-medium operated area,1,1,0,0,equal,c,"Table 4, PDF pages 37,38,40",https://www.fao.org/fileadmin/templates/ess/ess_test_folder/World_Census_Agriculture/WCA_2020/WCA_2020_new_doc/IND_REP_ENG_2015_2016.pdf | archived_sha256=fb01bcb922a38ef964a2ca2fddada5540426bf5b06317d931425ae8d699d6405,archived a1_extract.py/a1b_gender.py; shares independently recomputed from numeric CSV,percentage share (0-100); raw operated area in thousand hectares,All Classes total for Mizoram/ST/area=111,24.3243243243,28.8288288288,raw Marginal=27; raw Semi-medium=32; construction fact=f01887; stored gap=4.5 pp,recomputed_from_archived_official_report,deterministic_source_reconstruction_v1,2026-09-13,,,,equal,c,True
AgCensus2015-16 T2-4 Mizoram/ST/area/SmallvsSemi-medium,AgCensus2015-16,T2-4,Mizoram,ST,area,SmallvsSemi-medium,landholding,small operated area,semi-medium operated area,1,1,0,0,equal,c,"Table 4, PDF pages 37,39,40",https://www.fao.org/fileadmin/templates/ess/ess_test_folder/World_Census_Agriculture/WCA_2020/WCA_2020_new_doc/IND_REP_ENG_2015_2016.pdf | archived_sha256=fb01bcb922a38ef964a2ca2fddada5540426bf5b06317d931425ae8d699d6405,archived a1_extract.py/a1b_gender.py; shares independently recomputed from numeric CSV,percentage share (0-100); raw operated area in thousand hectares,All Classes total for Mizoram/ST/area=111,31.5315315315,28.8288288288,raw Small=35; raw Semi-medium=32; construction fact=f01890; stored gap=2.7 pp,recomputed_from_archived_official_report,deterministic_source_reconstruction_v1,2026-09-13,,,,equal,c,True
AgCensus2015-16 T2-4 Mizoram/ST/number/MarginalvsLarge,AgCensus2015-16,T2-4,Mizoram,ST,number,MarginalvsLarge,landholding,marginal holdings,large holdings,1,1,0,0,diff,a,"Table 4, PDF pages 37,38,42",https://www.fao.org/fileadmin/templates/ess/ess_test_folder/World_Census_Agriculture/WCA_2020/WCA_2020_new_doc/IND_REP_ENG_2015_2016.pdf | archived_sha256=fb01bcb922a38ef964a2ca2fddada5540426bf5b06317d931425ae8d699d6405,archived a1_extract.py/a1b_gender.py; shares independently recomputed from numeric CSV,percentage share (0-100); raw number of holdings in thousands,All Classes total for Mizoram/ST/number=90,50.0000000000,0.0000000000,raw Marginal=45; raw Large=0; construction fact=f01240; stored gap=50.0 pp,recomputed_from_archived_official_report,deterministic_source_reconstruction_v1,2026-09-13,,,,diff,a,True
AgCensus2015-16 T2-4 Mizoram/ST/number/MarginalvsSemi-medium,AgCensus2015-16,T2-4,Mizoram,ST,number,MarginalvsSemi-medium,landholding,marginal holdings,semi-medium holdings,1,1,0,0,diff,a,"Table 4, PDF pages 37,38,40",https://www.fao.org/fileadmin/templates/ess/ess_test_folder/World_Census_Agriculture/WCA_2020/WCA_2020_new_doc/IND_REP_ENG_2015_2016.pdf | archived_sha256=fb01bcb922a38ef964a2ca2fddada5540426bf5b06317d931425ae8d699d6405,archived a1_extract.py/a1b_gender.py; shares independently recomputed from numeric CSV,percentage share (0-100); raw number of holdings in thousands,All Classes total for Mizoram/ST/number=90,50.0000000000,15.5555555556,raw Marginal=45; raw Semi-medium=14; construction fact=f01238; stored gap=34.44 pp,recomputed_from_archived_official_report,deterministic_source_reconstruction_v1,2026-09-13,,,,diff,a,True
AgCensus2015-16 T2-4 Mizoram/ST/number/MarginalvsSmall,AgCensus2015-16,T2-4,Mizoram,ST,number,MarginalvsSmall,landholding,marginal holdings,small holdings,1,1,0,0,diff,a,"Table 4, PDF pages 37,38,39",https://www.fao.org/fileadmin/templates/ess/ess_test_folder/World_Census_Agriculture/WCA_2020/WCA_2020_new_doc/IND_REP_ENG_2015_2016.pdf | archived_sha256=fb01bcb922a38ef964a2ca2fddada5540426bf5b06317d931425ae8d699d6405,archived a1_extract.py/a1b_gender.py; shares independently recomputed from numeric CSV,percentage share (0-100); raw number of holdings in thousands,All Classes total for Mizoram/ST/number=90,50.0000000000,30.0000000000,raw Marginal=45; raw Small=27; construction fact=f01237; stored gap=20.0 pp,recomputed_from_archived_official_report,deterministic_source_reconstruction_v1,2026-09-13,,,,diff,a,True
AgCensus2015-16 T2-4 Mizoram/ST/number/Semi-mediumvsMedium,AgCensus2015-16,T2-4,Mizoram,ST,number,Semi-mediumvsMedium,landholding,semi-medium holdings,medium holdings,1,1,0,0,diff,a,"Table 4, PDF pages 37,40,41",https://www.fao.org/fileadmin/templates/ess/ess_test_folder/World_Census_Agriculture/WCA_2020/WCA_2020_new_doc/IND_REP_ENG_2015_2016.pdf | archived_sha256=fb01bcb922a38ef964a2ca2fddada5540426bf5b06317d931425ae8d699d6405,archived a1_extract.py/a1b_gender.py; shares independently recomputed from numeric CSV,percentage share (0-100); raw number of holdings in thousands,All Classes total for Mizoram/ST/number=90,15.5555555556,3.3333333333,raw Semi-medium=14; raw Medium=3; construction fact=f01244; stored gap=12.22 pp,recomputed_from_archived_official_report,deterministic_source_reconstruction_v1,2026-09-13,,,,diff,a,True
AgCensus2015-16 T2-4 Mizoram/ST/number/SmallvsLarge,AgCensus2015-16,T2-4,Mizoram,ST,number,SmallvsLarge,landholding,small holdings,large holdings,1,0,0,1,diff,a,"Table 4, PDF pages 37,39,42",https://www.fao.org/fileadmin/templates/ess/ess_test_folder/World_Census_Agriculture/WCA_2020/WCA_2020_new_doc/IND_REP_ENG_2015_2016.pdf | archived_sha256=fb01bcb922a38ef964a2ca2fddada5540426bf5b06317d931425ae8d699d6405,archived a1_extract.py/a1b_gender.py; shares independently recomputed from numeric CSV,percentage share (0-100); raw number of holdings in thousands,All Classes total for Mizoram/ST/number=90,30.0000000000,0.0000000000,raw Small=27; raw Large=0; construction fact=f01243; stored gap=30.0 pp,recomputed_from_archived_official_report,deterministic_source_reconstruction_v1,2026-09-13,,,,diff,a,True
AgCensus2015-16 T2-4 Mizoram/ST/number/SmallvsMedium,AgCensus2015-16,T2-4,Mizoram,ST,number,SmallvsMedium,landholding,small holdings,medium holdings,1,0,0,1,diff,a,"Table 4, PDF pages 37,39,41",https://www.fao.org/fileadmin/templates/ess/ess_test_folder/World_Census_Agriculture/WCA_2020/WCA_2020_new_doc/IND_REP_ENG_2015_2016.pdf | archived_sha256=fb01bcb922a38ef964a2ca2fddada5540426bf5b06317d931425ae8d699d6405,archived a1_extract.py/a1b_gender.py; shares independently recomputed from numeric CSV,percentage share (0-100); raw number of holdings in thousands,All Classes total for Mizoram/ST/number=90,30.0000000000,3.3333333333,raw Small=27; raw Medium=3; construction fact=f01242; stored gap=26.67 pp,recomputed_from_archived_official_report,deterministic_source_reconstruction_v1,2026-09-13,,,,diff,a,True
AgCensus2015-16 T2-4 Mizoram/ST/number/SmallvsSemi-medium,AgCensus2015-16,T2-4,Mizoram,ST,number,SmallvsSemi-medium,landholding,small holdings,semi-medium holdings,1,0,1,0,diff,a,"Table 4, PDF pages 37,39,40",https://www.fao.org/fileadmin/templates/ess/ess_test_folder/World_Census_Agriculture/WCA_2020/WCA_2020_new_doc/IND_REP_ENG_2015_2016.pdf | archived_sha256=fb01bcb922a38ef964a2ca2fddada5540426bf5b06317d931425ae8d699d6405,archived a1_extract.py/a1b_gender.py; shares independently recomputed from numeric CSV,percentage share (0-100); raw number of holdings in thousands,All Classes total for Mizoram/ST/number=90,30.0000000000,15.5555555556,raw Small=27; raw Semi-medium=14; construction fact=f01241; stored gap=14.44 pp,recomputed_from_archived_official_report,deterministic_source_reconstruction_v1,2026-09-13,,,,diff,a,True
AgCensus2015-16 T2-4 Mizoram/Small/number/SCvsST,AgCensus2015-16,T2-4,Mizoram,Small,number,SCvsST,social_group,Scheduled Castes,Scheduled Tribes,1,0,0,1,diff,b,"Tables 2-4, PDF pages 27,33,39",https://www.fao.org/fileadmin/templates/ess/ess_test_folder/World_Census_Agriculture/WCA_2020/WCA_2020_new_doc/IND_REP_ENG_2015_2016.pdf | archived_sha256=fb01bcb922a38ef964a2ca2fddada5540426bf5b06317d931425ae8d699d6405,archived a1_extract.py/a1b_gender.py; shares independently recomputed from numeric CSV,percentage share (0-100); raw number of holdings in thousands,All-social-groups total for Mizoram/Small/number=27,0.0000000000,100.0000000000,raw SC=0; raw ST=27; construction fact=f00215; stored gap=100.0 pp,recomputed_from_archived_official_report,deterministic_source_reconstruction_v1,2026-09-13,,,,diff,b,True
AgCensus2015-16 T2-4 Mizoram/Small/number/STvsOthers,AgCensus2015-16,T2-4,Mizoram,Small,number,STvsOthers,social_group,Scheduled Tribes,Other social groups,1,1,0,0,diff,a,"Tables 2-4, PDF pages 27,33,39",https://www.fao.org/fileadmin/templates/ess/ess_test_folder/World_Census_Agriculture/WCA_2020/WCA_2020_new_doc/IND_REP_ENG_2015_2016.pdf | archived_sha256=fb01bcb922a38ef964a2ca2fddada5540426bf5b06317d931425ae8d699d6405,archived a1_extract.py/a1b_gender.py; shares independently recomputed from numeric CSV,percentage share (0-100); raw number of holdings in thousands,All-social-groups total for Mizoram/Small/number=27,100.0000000000,0.0000000000,raw ST=27; raw Others=0; construction fact=f00216; stored gap=100.0 pp,recomputed_from_archived_official_report,deterministic_source_reconstruction_v1,2026-09-13,,,,diff,a,True
AgCensus2015-16 T2-4 Nagaland/All Classes/number/SCvsST,AgCensus2015-16,T2-4,Nagaland,All Classes,number,SCvsST,social_group,Scheduled Castes,Scheduled Tribes,1,0,0,1,diff,b,"Tables 2-4, PDF pages 25,31,37",https://www.fao.org/fileadmin/templates/ess/ess_test_folder/World_Census_Agriculture/WCA_2020/WCA_2020_new_doc/IND_REP_ENG_2015_2016.pdf | archived_sha256=fb01bcb922a38ef964a2ca2fddada5540426bf5b06317d931425ae8d699d6405,archived a1_extract.py/a1b_gender.py; shares independently recomputed from numeric CSV,percentage share (0-100); raw number of holdings in thousands,All-social-groups total for Nagaland/All Classes/number=197,0.0000000000,99.4923857868,raw SC=0; raw ST=196; construction fact=f00217; stored gap=99.49 pp,recomputed_from_archived_official_report,deterministic_source_reconstruction_v1,2026-09-13,,,,diff,b,True
AgCensus2015-16 T2-4 Nagaland/All Classes/number/STvsOthers,AgCensus2015-16,T2-4,Nagaland,All Classes,number,STvsOthers,social_group,Scheduled Tribes,Other social groups,1,1,0,0,diff,a,"Tables 2-4, PDF pages 25,31,37",https://www.fao.org/fileadmin/templates/ess/ess_test_folder/World_Census_Agriculture/WCA_2020/WCA_2020_new_doc/IND_REP_ENG_2015_2016.pdf | archived_sha256=fb01bcb922a38ef964a2ca2fddada5540426bf5b06317d931425ae8d699d6405,archived a1_extract.py/a1b_gender.py; shares independently recomputed from numeric CSV,percentage share (0-100); raw number of holdings in thousands,All-social-groups total for Nagaland/All Classes/number=197,99.4923857868,0.5076142132,raw ST=196; raw Others=1; construction fact=f00218; stored gap=98.98 pp,recomputed_from_archived_official_report,deterministic_source_reconstruction_v1,2026-09-13,,,,diff,a,True
AgCensus2015-16 T2-4 Nagaland/All/number/MarginalvsMedium,AgCensus2015-16,T2-4,Nagaland,All,number,MarginalvsMedium,landholding,marginal holdings,medium holdings,1,1,0,0,diff,b,"Table 2, PDF pages 25,26,29",https://www.fao.org/fileadmin/templates/ess/ess_test_folder/World_Census_Agriculture/WCA_2020/WCA_2020_new_doc/IND_REP_ENG_2015_2016.pdf | archived_sha256=fb01bcb922a38ef964a2ca2fddada5540426bf5b06317d931425ae8d699d6405,archived a1_extract.py/a1b_gender.py; shares independently recomputed from numeric CSV,percentage share (0-100); raw number of holdings in thousands,All Classes total for Nagaland/All/number=197,4.0609137056,37.5634517766,raw Marginal=8; raw Medium=74; construction fact=f00888; stored gap=33.5 pp,recomputed_from_archived_official_report,deterministic_source_reconstruction_v1,2026-09-13,,,,diff,b,True
AgCensus2015-16 T2-4 Nagaland/All/number/MarginalvsSemi-medium,AgCensus2015-16,T2-4,Nagaland,All,number,MarginalvsSemi-medium,landholding,marginal holdings,semi-medium holdings,1,1,0,0,diff,b,"Table 2, PDF pages 25,26,28",https://www.fao.org/fileadmin/templates/ess/ess_test_folder/World_Census_Agriculture/WCA_2020/WCA_2020_new_doc/IND_REP_ENG_2015_2016.pdf | archived_sha256=fb01bcb922a38ef964a2ca2fddada5540426bf5b06317d931425ae8d699d6405,archived a1_extract.py/a1b_gender.py; shares independently recomputed from numeric CSV,percentage share (0-100); raw number of holdings in thousands,All Classes total for Nagaland/All/number=197,4.0609137056,31.9796954315,raw Marginal=8; raw Semi-medium=63; construction fact=f00887; stored gap=27.92 pp,recomputed_from_archived_official_report,deterministic_source_reconstruction_v1,2026-09-13,,,,diff,b,True
AgCensus2015-16 T2-4 Nagaland/All/number/MarginalvsSmall,AgCensus2015-16,T2-4,Nagaland,All,number,MarginalvsSmall,landholding,marginal holdings,small holdings,1,0,0,1,diff,b,"Table 2, PDF pages 25,26,27",https://www.fao.org/fileadmin/templates/ess/ess_test_folder/World_Census_Agriculture/WCA_2020/WCA_2020_new_doc/IND_REP_ENG_2015_2016.pdf | archived_sha256=fb01bcb922a38ef964a2ca2fddada5540426bf5b06317d931425ae8d699d6405,archived a1_extract.py/a1b_gender.py; shares independently recomputed from numeric CSV,percentage share (0-100); raw number of holdings in thousands,All Classes total for Nagaland/All/number=197,4.0609137056,15.2284263959,raw Marginal=8; raw Small=30; construction fact=f00886; stored gap=11.17 pp,recomputed_from_archived_official_report,deterministic_source_reconstruction_v1,2026-09-13,,,,diff,b,True
AgCensus2015-16 T2-4 Nagaland/All/number/MediumvsLarge,AgCensus2015-16,T2-4,Nagaland,All,number,MediumvsLarge,landholding,medium holdings,large holdings,1,0,0,1,diff,a,"Table 2, PDF pages 25,29,30",https://www.fao.org/fileadmin/templates/ess/ess_test_folder/World_Census_Agriculture/WCA_2020/WCA_2020_new_doc/IND_REP_ENG_2015_2016.pdf | archived_sha256=fb01bcb922a38ef964a2ca2fddada5540426bf5b06317d931425ae8d699d6405,archived a1_extract.py/a1b_gender.py; shares independently recomputed from numeric CSV,percentage share (0-100); raw number of holdings in thousands,All Classes total for Nagaland/All/number=197,37.5634517766,10.6598984772,raw Medium=74; raw Large=21; construction fact=f00893; stored gap=26.9 pp,recomputed_from_archived_official_report,deterministic_source_reconstruction_v1,2026-09-13,,,,diff,a,True
AgCensus2015-16 T2-4 Nagaland/All/number/Semi-mediumvsLarge,AgCensus2015-16,T2-4,Nagaland,All,number,Semi-mediumvsLarge,landholding,semi-medium holdings,large holdings,1,0,0,1,diff,a,"Table 2, PDF pages 25,28,30",https://www.fao.org/fileadmin/templates/ess/ess_test_folder/World_Census_Agriculture/WCA_2020/WCA_2020_new_doc/IND_REP_ENG_2015_2016.pdf | archived_sha256=fb01bcb922a38ef964a2ca2fddada5540426bf5b06317d931425ae8d699d6405,archived a1_extract.py/a1b_gender.py; shares independently recomputed from numeric CSV,percentage share (0-100); raw number of holdings in thousands,All Classes total for Nagaland/All/number=197,31.9796954315,10.6598984772,raw Semi-medium=63; raw Large=21; construction fact=f00892; stored gap=21.32 pp,recomputed_from_archived_official_report,deterministic_source_reconstruction_v1,2026-09-13,,,,diff,a,True
AgCensus2015-16 T2-4 Nagaland/All/number/SmallvsLarge,AgCensus2015-16,T2-4,Nagaland,All,number,SmallvsLarge,landholding,small holdings,large holdings,2,0,0,2,equal,c,"Table 2, PDF pages 25,27,30",https://www.fao.org/fileadmin/templates/ess/ess_test_folder/World_Census_Agriculture/WCA_2020/WCA_2020_new_doc/IND_REP_ENG_2015_2016.pdf | archived_sha256=fb01bcb922a38ef964a2ca2fddada5540426bf5b06317d931425ae8d699d6405,archived a1_extract.py/a1b_gender.py; shares independently recomputed from numeric CSV,percentage share (0-100); raw number of holdings in thousands,All Classes total for Nagaland/All/number=197,15.2284263959,10.6598984772,raw Small=30; raw Large=21; construction fact=f00891; stored gap=4.57 pp,recomputed_from_archived_official_report,deterministic_source_reconstruction_v1,2026-09-13,,,,equal,c,True
AgCensus2015-16 T2-4 Nagaland/All/number/SmallvsMedium,AgCensus2015-16,T2-4,Nagaland,All,number,SmallvsMedium,landholding,small holdings,medium holdings,1,0,0,1,diff,b,"Table 2, PDF pages 25,27,29",https://www.fao.org/fileadmin/templates/ess/ess_test_folder/World_Census_Agriculture/WCA_2020/WCA_2020_new_doc/IND_REP_ENG_2015_2016.pdf | archived_sha256=fb01bcb922a38ef964a2ca2fddada5540426bf5b06317d931425ae8d699d6405,archived a1_extract.py/a1b_gender.py; shares independently recomputed from numeric CSV,percentage share (0-100); raw number of holdings in thousands,All Classes total for Nagaland/All/number=197,15.2284263959,37.5634517766,raw Small=30; raw Medium=74; construction fact=f00890; stored gap=22.34 pp,recomputed_from_archived_official_report,deterministic_source_reconstruction_v1,2026-09-13,,,,diff,b,True
AgCensus2015-16 T2-4 Nagaland/All/number/SmallvsSemi-medium,AgCensus2015-16,T2-4,Nagaland,All,number,SmallvsSemi-medium,landholding,small holdings,semi-medium holdings,1,0,0,1,diff,b,"Table 2, PDF pages 25,27,28",https://www.fao.org/fileadmin/templates/ess/ess_test_folder/World_Census_Agriculture/WCA_2020/WCA_2020_new_doc/IND_REP_ENG_2015_2016.pdf | archived_sha256=fb01bcb922a38ef964a2ca2fddada5540426bf5b06317d931425ae8d699d6405,archived a1_extract.py/a1b_gender.py; shares independently recomputed from numeric CSV,percentage share (0-100); raw number of holdings in thousands,All Classes total for Nagaland/All/number=197,15.2284263959,31.9796954315,raw Small=30; raw Semi-medium=63; construction fact=f00889; stored gap=16.75 pp,recomputed_from_archived_official_report,deterministic_source_reconstruction_v1,2026-09-13,,,,diff,b,True
AgCensus2015-16 T2-4 Nagaland/Large/number/SCvsST,AgCensus2015-16,T2-4,Nagaland,Large,number,SCvsST,social_group,Scheduled Castes,Scheduled Tribes,1,0,1,0,diff,b,"Tables 2-4, PDF pages 30,36,42",https://www.fao.org/fileadmin/templates/ess/ess_test_folder/World_Census_Agriculture/WCA_2020/WCA_2020_new_doc/IND_REP_ENG_2015_2016.pdf | archived_sha256=fb01bcb922a38ef964a2ca2fddada5540426bf5b06317d931425ae8d699d6405,archived a1_extract.py/a1b_gender.py; shares independently recomputed from numeric CSV,percentage share (0-100); raw number of holdings in thousands,All-social-groups total for Nagaland/Large/number=21,0.0000000000,100.0000000000,raw SC=0; raw ST=21; construction fact=f00219; stored gap=100.0 pp,recomputed_from_archived_official_report,deterministic_source_reconstruction_v1,2026-09-13,,,,diff,b,True
AgCensus2015-16 T2-4 Nagaland/Large/number/STvsOthers,AgCensus2015-16,T2-4,Nagaland,Large,number,STvsOthers,social_group,Scheduled Tribes,Other social groups,1,0,0,1,diff,a,"Tables 2-4, PDF pages 30,36,42",https://www.fao.org/fileadmin/templates/ess/ess_test_folder/World_Census_Agriculture/WCA_2020/WCA_2020_new_doc/IND_REP_ENG_2015_2016.pdf | archived_sha256=fb01bcb922a38ef964a2ca2fddada5540426bf5b06317d931425ae8d699d6405,archived a1_extract.py/a1b_gender.py; shares independently recomputed from numeric CSV,percentage share (0-100); raw number of holdings in thousands,All-social-groups total for Nagaland/Large/number=21,100.0000000000,0.0000000000,raw ST=21; raw Others=0; construction fact=f00220; stored gap=100.0 pp,recomputed_from_archived_official_report,deterministic_source_reconstruction_v1,2026-09-13,,,,diff,a,True
AgCensus2015-16 T2-4 Nagaland/Medium/number/STvsOthers,AgCensus2015-16,T2-4,Nagaland,Medium,number,STvsOthers,social_group,Scheduled Tribes,Other social groups,1,0,0,1,diff,a,"Tables 2-4, PDF pages 29,35,41",https://www.fao.org/fileadmin/templates/ess/ess_test_folder/World_Census_Agriculture/WCA_2020/WCA_2020_new_doc/IND_REP_ENG_2015_2016.pdf | archived_sha256=fb01bcb922a38ef964a2ca2fddada5540426bf5b06317d931425ae8d699d6405,archived a1_extract.py/a1b_gender.py; shares independently recomputed from numeric CSV,percentage share (0-100); raw number of holdings in thousands,All-social-groups total for Nagaland/Medium/number=74,100.0000000000,0.0000000000,raw ST=74; raw Others=0; construction fact=f00222; stored gap=100.0 pp,recomputed_from_archived_official_report,deterministic_source_reconstruction_v1,2026-09-13,,,,diff,a,True
AgCensus2015-16 T2-4 Nagaland/ST/number/MarginalvsMedium,AgCensus2015-16,T2-4,Nagaland,ST,number,MarginalvsMedium,landholding,marginal holdings,medium holdings,1,1,0,0,diff,b,"Table 4, PDF pages 37,38,41",https://www.fao.org/fileadmin/templates/ess/ess_test_folder/World_Census_Agriculture/WCA_2020/WCA_2020_new_doc/IND_REP_ENG_2015_2016.pdf | archived_sha256=fb01bcb922a38ef964a2ca2fddada5540426bf5b06317d931425ae8d699d6405,archived a1_extract.py/a1b_gender.py; shares independently recomputed from numeric CSV,percentage share (0-100); raw number of holdings in thousands,All Classes total for Nagaland/ST/number=196,4.0816326531,37.7551020408,raw Marginal=8; raw Medium=74; construction fact=f01248; stored gap=33.67 pp,recomputed_from_archived_official_report,deterministic_source_reconstruction_v1,2026-09-13,,,,diff,b,True
AgCensus2015-16 T2-4 Nagaland/ST/number/MarginalvsSemi-medium,AgCensus2015-16,T2-4,Nagaland,ST,number,MarginalvsSemi-medium,landholding,marginal holdings,semi-medium holdings,1,1,0,0,diff,b,"Table 4, PDF pages 37,38,40",https://www.fao.org/fileadmin/templates/ess/ess_test_folder/World_Census_Agriculture/WCA_2020/WCA_2020_new_doc/IND_REP_ENG_2015_2016.pdf | archived_sha256=fb01bcb922a38ef964a2ca2fddada5540426bf5b06317d931425ae8d699d6405,archived a1_extract.py/a1b_gender.py; shares independently recomputed from numeric CSV,percentage share (0-100); raw number of holdings in thousands,All Classes total for Nagaland/ST/number=196,4.0816326531,32.1428571429,raw Marginal=8; raw Semi-medium=63; construction fact=f01247; stored gap=28.06 pp,recomputed_from_archived_official_report,deterministic_source_reconstruction_v1,2026-09-13,,,,diff,b,True
AgCensus2015-16 T2-4 Nagaland/ST/number/MarginalvsSmall,AgCensus2015-16,T2-4,Nagaland,ST,number,MarginalvsSmall,landholding,marginal holdings,small holdings,1,0,0,1,diff,b,"Table 4, PDF pages 37,38,39",https://www.fao.org/fileadmin/templates/ess/ess_test_folder/World_Census_Agriculture/WCA_2020/WCA_2020_new_doc/IND_REP_ENG_2015_2016.pdf | archived_sha256=fb01bcb922a38ef964a2ca2fddada5540426bf5b06317d931425ae8d699d6405,archived a1_extract.py/a1b_gender.py; shares independently recomputed from numeric CSV,percentage share (0-100); raw number of holdings in thousands,All Classes total for Nagaland/ST/number=196,4.0816326531,15.3061224490,raw Marginal=8; raw Small=30; construction fact=f01246; stored gap=11.22 pp,recomputed_from_archived_official_report,deterministic_source_reconstruction_v1,2026-09-13,,,,diff,b,True
AgCensus2015-16 T2-4 Nagaland/ST/number/MediumvsLarge,AgCensus2015-16,T2-4,Nagaland,ST,number,MediumvsLarge,landholding,medium holdings,large holdings,1,1,0,0,diff,a,"Table 4, PDF pages 37,41,42",https://www.fao.org/fileadmin/templates/ess/ess_test_folder/World_Census_Agriculture/WCA_2020/WCA_2020_new_doc/IND_REP_ENG_2015_2016.pdf | archived_sha256=fb01bcb922a38ef964a2ca2fddada5540426bf5b06317d931425ae8d699d6405,archived a1_extract.py/a1b_gender.py; shares independently recomputed from numeric CSV,percentage share (0-100); raw number of holdings in thousands,All Classes total for Nagaland/ST/number=196,37.7551020408,10.7142857143,raw Medium=74; raw Large=21; construction fact=f01253; stored gap=27.04 pp,recomputed_from_archived_official_report,deterministic_source_reconstruction_v1,2026-09-13,,,,diff,a,True
AgCensus2015-16 T2-4 Nagaland/ST/number/Semi-mediumvsLarge,AgCensus2015-16,T2-4,Nagaland,ST,number,Semi-mediumvsLarge,landholding,semi-medium holdings,large holdings,1,0,0,1,diff,a,"Table 4, PDF pages 37,40,42",https://www.fao.org/fileadmin/templates/ess/ess_test_folder/World_Census_Agriculture/WCA_2020/WCA_2020_new_doc/IND_REP_ENG_2015_2016.pdf | archived_sha256=fb01bcb922a38ef964a2ca2fddada5540426bf5b06317d931425ae8d699d6405,archived a1_extract.py/a1b_gender.py; shares independently recomputed from numeric CSV,percentage share (0-100); raw number of holdings in thousands,All Classes total for Nagaland/ST/number=196,32.1428571429,10.7142857143,raw Semi-medium=63; raw Large=21; construction fact=f01252; stored gap=21.43 pp,recomputed_from_archived_official_report,deterministic_source_reconstruction_v1,2026-09-13,,,,diff,a,True
AgCensus2015-16 T2-4 Nagaland/ST/number/SmallvsLarge,AgCensus2015-16,T2-4,Nagaland,ST,number,SmallvsLarge,landholding,small holdings,large holdings,4,0,0,4,equal,c,"Table 4, PDF pages 37,39,42",https://www.fao.org/fileadmin/templates/ess/ess_test_folder/World_Census_Agriculture/WCA_2020/WCA_2020_new_doc/IND_REP_ENG_2015_2016.pdf | archived_sha256=fb01bcb922a38ef964a2ca2fddada5540426bf5b06317d931425ae8d699d6405,archived a1_extract.py/a1b_gender.py; shares independently recomputed from numeric CSV,percentage share (0-100); raw number of holdings in thousands,All Classes total for Nagaland/ST/number=196,15.3061224490,10.7142857143,raw Small=30; raw Large=21; construction fact=f01251; stored gap=4.59 pp,recomputed_from_archived_official_report,deterministic_source_reconstruction_v1,2026-09-13,,,,equal,c,True
AgCensus2015-16 T2-4 Nagaland/ST/number/SmallvsMedium,AgCensus2015-16,T2-4,Nagaland,ST,number,SmallvsMedium,landholding,small holdings,medium holdings,1,1,0,0,diff,b,"Table 4, PDF pages 37,39,41",https://www.fao.org/fileadmin/templates/ess/ess_test_folder/World_Census_Agriculture/WCA_2020/WCA_2020_new_doc/IND_REP_ENG_2015_2016.pdf | archived_sha256=fb01bcb922a38ef964a2ca2fddada5540426bf5b06317d931425ae8d699d6405,archived a1_extract.py/a1b_gender.py; shares independently recomputed from numeric CSV,percentage share (0-100); raw number of holdings in thousands,All Classes total for Nagaland/ST/number=196,15.3061224490,37.7551020408,raw Small=30; raw Medium=74; construction fact=f01250; stored gap=22.45 pp,recomputed_from_archived_official_report,deterministic_source_reconstruction_v1,2026-09-13,,,,diff,b,True
AgCensus2015-16 T2-4 Nagaland/ST/number/SmallvsSemi-medium,AgCensus2015-16,T2-4,Nagaland,ST,number,SmallvsSemi-medium,landholding,small holdings,semi-medium holdings,1,0,1,0,diff,b,"Table 4, PDF pages 37,39,40",https://www.fao.org/fileadmin/templates/ess/ess_test_folder/World_Census_Agriculture/WCA_2020/WCA_2020_new_doc/IND_REP_ENG_2015_2016.pdf | archived_sha256=fb01bcb922a38ef964a2ca2fddada5540426bf5b06317d931425ae8d699d6405,archived a1_extract.py/a1b_gender.py; shares independently recomputed from numeric CSV,percentage share (0-100); raw number of holdings in thousands,All Classes total for Nagaland/ST/number=196,15.3061224490,32.1428571429,raw Small=30; raw Semi-medium=63; construction fact=f01249; stored gap=16.84 pp,recomputed_from_archived_official_report,deterministic_source_reconstruction_v1,2026-09-13,,,,diff,b,True
AgCensus2015-16 T2-4 Nagaland/Semi-medium/number/SCvsST,AgCensus2015-16,T2-4,Nagaland,Semi-medium,number,SCvsST,social_group,Scheduled Castes,Scheduled Tribes,1,0,0,1,diff,b,"Tables 2-4, PDF pages 28,34,40",https://www.fao.org/fileadmin/templates/ess/ess_test_folder/World_Census_Agriculture/WCA_2020/WCA_2020_new_doc/IND_REP_ENG_2015_2016.pdf | archived_sha256=fb01bcb922a38ef964a2ca2fddada5540426bf5b06317d931425ae8d699d6405,archived a1_extract.py/a1b_gender.py; shares independently recomputed from numeric CSV,percentage share (0-100); raw number of holdings in thousands,All-social-groups total for Nagaland/Semi-medium/number=63,0.0000000000,100.0000000000,raw SC=0; raw ST=63; construction fact=f00223; stored gap=100.0 pp,recomputed_from_archived_official_report,deterministic_source_reconstruction_v1,2026-09-13,,,,diff,b,True
AgCensus2015-16 T2-4 Nagaland/Semi-medium/number/STvsOthers,AgCensus2015-16,T2-4,Nagaland,Semi-medium,number,STvsOthers,social_group,Scheduled Tribes,Other social groups,1,1,0,0,diff,a,"Tables 2-4, PDF pages 28,34,40",https://www.fao.org/fileadmin/templates/ess/ess_test_folder/World_Census_Agriculture/WCA_2020/WCA_2020_new_doc/IND_REP_ENG_2015_2016.pdf | archived_sha256=fb01bcb922a38ef964a2ca2fddada5540426bf5b06317d931425ae8d699d6405,archived a1_extract.py/a1b_gender.py; shares independently recomputed from numeric CSV,percentage share (0-100); raw number of holdings in thousands,All-social-groups total for Nagaland/Semi-medium/number=63,100.0000000000,0.0000000000,raw ST=63; raw Others=0; construction fact=f00224; stored gap=100.0 pp,recomputed_from_archived_official_report,deterministic_source_reconstruction_v1,2026-09-13,,,,diff,a,True
AgCensus2015-16 T2-4 Nagaland/Small/number/SCvsST,AgCensus2015-16,T2-4,Nagaland,Small,number,SCvsST,social_group,Scheduled Castes,Scheduled Tribes,1,0,0,1,diff,b,"Tables 2-4, PDF pages 27,33,39",https://www.fao.org/fileadmin/templates/ess/ess_test_folder/World_Census_Agriculture/WCA_2020/WCA_2020_new_doc/IND_REP_ENG_2015_2016.pdf | archived_sha256=fb01bcb922a38ef964a2ca2fddada5540426bf5b06317d931425ae8d699d6405,archived a1_extract.py/a1b_gender.py; shares independently recomputed from numeric CSV,percentage share (0-100); raw number of holdings in thousands,All-social-groups total for Nagaland/Small/number=30,0.0000000000,100.0000000000,raw SC=0; raw ST=30; construction fact=f00225; stored gap=100.0 pp,recomputed_from_archived_official_report,deterministic_source_reconstruction_v1,2026-09-13,,,,diff,b,True
AgCensus2015-16 T2-4 Nagaland/Small/number/STvsOthers,AgCensus2015-16,T2-4,Nagaland,Small,number,STvsOthers,social_group,Scheduled Tribes,Other social groups,1,1,0,0,diff,a,"Tables 2-4, PDF pages 27,33,39",https://www.fao.org/fileadmin/templates/ess/ess_test_folder/World_Census_Agriculture/WCA_2020/WCA_2020_new_doc/IND_REP_ENG_2015_2016.pdf | archived_sha256=fb01bcb922a38ef964a2ca2fddada5540426bf5b06317d931425ae8d699d6405,archived a1_extract.py/a1b_gender.py; shares independently recomputed from numeric CSV,percentage share (0-100); raw number of holdings in thousands,All-social-groups total for Nagaland/Small/number=30,100.0000000000,0.0000000000,raw ST=30; raw Others=0; construction fact=f00226; stored gap=100.0 pp,recomputed_from_archived_official_report,deterministic_source_reconstruction_v1,2026-09-13,,,,diff,a,True
AgCensus2015-16 T2-4 Odisha/All Classes/number/SCvsOthers,AgCensus2015-16,T2-4,Odisha,All Classes,number,SCvsOthers,social_group,Scheduled Castes,Other social groups,1,0,0,1,diff,b,"Tables 2-4, PDF pages 25,31,37",https://www.fao.org/fileadmin/templates/ess/ess_test_folder/World_Census_Agriculture/WCA_2020/WCA_2020_new_doc/IND_REP_ENG_2015_2016.pdf | archived_sha256=fb01bcb922a38ef964a2ca2fddada5540426bf5b06317d931425ae8d699d6405,archived a1_extract.py/a1b_gender.py; shares independently recomputed from numeric CSV,percentage share (0-100); raw number of holdings in thousands,All-social-groups total for Odisha/All Classes/number=4866,15.2486642006,54.7266748870,raw SC=742; raw Others=2663; construction fact=f00228; stored gap=39.48 pp,recomputed_from_archived_official_report,deterministic_source_reconstruction_v1,2026-09-13,,,,diff,b,True
AgCensus2015-16 T2-4 Odisha/All Classes/number/SCvsST,AgCensus2015-16,T2-4,Odisha,All Classes,number,SCvsST,social_group,Scheduled Castes,Scheduled Tribes,1,1,0,0,diff,b,"Tables 2-4, PDF pages 25,31,37",https://www.fao.org/fileadmin/templates/ess/ess_test_folder/World_Census_Agriculture/WCA_2020/WCA_2020_new_doc/IND_REP_ENG_2015_2016.pdf | archived_sha256=fb01bcb922a38ef964a2ca2fddada5540426bf5b06317d931425ae8d699d6405,archived a1_extract.py/a1b_gender.py; shares independently recomputed from numeric CSV,percentage share (0-100); raw number of holdings in thousands,All-social-groups total for Odisha/All Classes/number=4866,15.2486642006,30.0246609125,raw SC=742; raw ST=1461; construction fact=f00227; stored gap=14.78 pp,recomputed_from_archived_official_report,deterministic_source_reconstruction_v1,2026-09-13,,,,diff,b,True
AgCensus2015-16 T2-4 Odisha/All Classes/number/STvsOthers,AgCensus2015-16,T2-4,Odisha,All Classes,number,STvsOthers,social_group,Scheduled Tribes,Other social groups,1,0,0,1,diff,b,"Tables 2-4, PDF pages 25,31,37",https://www.fao.org/fileadmin/templates/ess/ess_test_folder/World_Census_Agriculture/WCA_2020/WCA_2020_new_doc/IND_REP_ENG_2015_2016.pdf | archived_sha256=fb01bcb922a38ef964a2ca2fddada5540426bf5b06317d931425ae8d699d6405,archived a1_extract.py/a1b_gender.py; shares independently recomputed from numeric CSV,percentage share (0-100); raw number of holdings in thousands,All-social-groups total for Odisha/All Classes/number=4866,30.0246609125,54.7266748870,raw ST=1461; raw Others=2663; construction fact=f00229; stored gap=24.7 pp,recomputed_from_archived_official_report,deterministic_source_reconstruction_v1,2026-09-13,,,,diff,b,True
AgCensus2015-16 T2-4 Odisha/All/area/MediumvsLarge,AgCensus2015-16,T2-4,Odisha,All,area,MediumvsLarge,landholding,medium operated area,large operated area,3,3,0,0,equal,c,"Table 2, PDF pages 25,29,30",https://www.fao.org/fileadmin/templates/ess/ess_test_folder/World_Census_Agriculture/WCA_2020/WCA_2020_new_doc/IND_REP_ENG_2015_2016.pdf | archived_sha256=fb01bcb922a38ef964a2ca2fddada5540426bf5b06317d931425ae8d699d6405,archived a1_extract.py/a1b_gender.py; shares independently recomputed from numeric CSV,percentage share (0-100); raw operated area in thousand hectares,All Classes total for Odisha/All/area=4619,6.1485169950,1.8618748647,raw Medium=284; raw Large=86; construction fact=f01509; stored gap=4.29 pp,recomputed_from_archived_official_report,deterministic_source_reconstruction_v1,2026-09-13,,,,equal,c,True
AgCensus2015-16 T2-4 Odisha/All/number/MarginalvsLarge,AgCensus2015-16,T2-4,Odisha,All,number,MarginalvsLarge,landholding,marginal holdings,large holdings,1,1,0,0,diff,a,"Table 2, PDF pages 25,26,30",https://www.fao.org/fileadmin/templates/ess/ess_test_folder/World_Census_Agriculture/WCA_2020/WCA_2020_new_doc/IND_REP_ENG_2015_2016.pdf | archived_sha256=fb01bcb922a38ef964a2ca2fddada5540426bf5b06317d931425ae8d699d6405,archived a1_extract.py/a1b_gender.py; shares independently recomputed from numeric CSV,percentage share (0-100); raw number of holdings in thousands,All Classes total for Odisha/All/number=4866,74.7431154953,0.0822030415,raw Marginal=3637; raw Large=4; construction fact=f00897; stored gap=74.66 pp,recomputed_from_archived_official_report,deterministic_source_reconstruction_v1,2026-09-13,,,,diff,a,True
AgCensus2015-16 T2-4 Odisha/All/number/MarginalvsMedium,AgCensus2015-16,T2-4,Odisha,All,number,MarginalvsMedium,landholding,marginal holdings,medium holdings,1,0,0,1,diff,a,"Table 2, PDF pages 25,26,29",https://www.fao.org/fileadmin/templates/ess/ess_test_folder/World_Census_Agriculture/WCA_2020/WCA_2020_new_doc/IND_REP_ENG_2015_2016.pdf | archived_sha256=fb01bcb922a38ef964a2ca2fddada5540426bf5b06317d931425ae8d699d6405,archived a1_extract.py/a1b_gender.py; shares independently recomputed from numeric CSV,percentage share (0-100); raw number of holdings in thousands,All Classes total for Odisha/All/number=4866,74.7431154953,1.0480887793,raw Marginal=3637; raw Medium=51; construction fact=f00896; stored gap=73.7 pp,recomputed_from_archived_official_report,deterministic_source_reconstruction_v1,2026-09-13,,,,diff,a,True
AgCensus2015-16 T2-4 Odisha/All/number/MarginalvsSemi-medium,AgCensus2015-16,T2-4,Odisha,All,number,MarginalvsSemi-medium,landholding,marginal holdings,semi-medium holdings,1,1,0,0,diff,a,"Table 2, PDF pages 25,26,28",https://www.fao.org/fileadmin/templates/ess/ess_test_folder/World_Census_Agriculture/WCA_2020/WCA_2020_new_doc/IND_REP_ENG_2015_2016.pdf | archived_sha256=fb01bcb922a38ef964a2ca2fddada5540426bf5b06317d931425ae8d699d6405,archived a1_extract.py/a1b_gender.py; shares independently recomputed from numeric CSV,percentage share (0-100); raw number of holdings in thousands,All Classes total for Odisha/All/number=4866,74.7431154953,5.8980682285,raw Marginal=3637; raw Semi-medium=287; construction fact=f00895; stored gap=68.85 pp,recomputed_from_archived_official_report,deterministic_source_reconstruction_v1,2026-09-13,,,,diff,a,True
AgCensus2015-16 T2-4 Odisha/All/number/MarginalvsSmall,AgCensus2015-16,T2-4,Odisha,All,number,MarginalvsSmall,landholding,marginal holdings,small holdings,1,1,0,0,diff,a,"Table 2, PDF pages 25,26,27",https://www.fao.org/fileadmin/templates/ess/ess_test_folder/World_Census_Agriculture/WCA_2020/WCA_2020_new_doc/IND_REP_ENG_2015_2016.pdf | archived_sha256=fb01bcb922a38ef964a2ca2fddada5540426bf5b06317d931425ae8d699d6405,archived a1_extract.py/a1b_gender.py; shares independently recomputed from numeric CSV,percentage share (0-100); raw number of holdings in thousands,All Classes total for Odisha/All/number=4866,74.7431154953,18.2285244554,raw Marginal=3637; raw Small=887; construction fact=f00894; stored gap=56.51 pp,recomputed_from_archived_official_report,deterministic_source_reconstruction_v1,2026-09-13,,,,diff,a,True
AgCensus2015-16 T2-4 Odisha/All/number/Semi-mediumvsMedium,AgCensus2015-16,T2-4,Odisha,All,number,Semi-mediumvsMedium,landholding,semi-medium holdings,medium holdings,3,3,0,0,equal,c,"Table 2, PDF pages 25,28,29",https://www.fao.org/fileadmin/templates/ess/ess_test_folder/World_Census_Agriculture/WCA_2020/WCA_2020_new_doc/IND_REP_ENG_2015_2016.pdf | archived_sha256=fb01bcb922a38ef964a2ca2fddada5540426bf5b06317d931425ae8d699d6405,archived a1_extract.py/a1b_gender.py; shares independently recomputed from numeric CSV,percentage share (0-100); raw number of holdings in thousands,All Classes total for Odisha/All/number=4866,5.8980682285,1.0480887793,raw Semi-medium=287; raw Medium=51; construction fact=f00901; stored gap=4.85 pp,recomputed_from_archived_official_report,deterministic_source_reconstruction_v1,2026-09-13,,,,equal,c,True
AgCensus2015-16 T2-4 Odisha/All/number/SmallvsLarge,AgCensus2015-16,T2-4,Odisha,All,number,SmallvsLarge,landholding,small holdings,large holdings,1,0,0,1,diff,a,"Table 2, PDF pages 25,27,30",https://www.fao.org/fileadmin/templates/ess/ess_test_folder/World_Census_Agriculture/WCA_2020/WCA_2020_new_doc/IND_REP_ENG_2015_2016.pdf | archived_sha256=fb01bcb922a38ef964a2ca2fddada5540426bf5b06317d931425ae8d699d6405,archived a1_extract.py/a1b_gender.py; shares independently recomputed from numeric CSV,percentage share (0-100); raw number of holdings in thousands,All Classes total for Odisha/All/number=4866,18.2285244554,0.0822030415,raw Small=887; raw Large=4; construction fact=f00900; stored gap=18.15 pp,recomputed_from_archived_official_report,deterministic_source_reconstruction_v1,2026-09-13,,,,diff,a,True
AgCensus2015-16 T2-4 Odisha/All/number/SmallvsMedium,AgCensus2015-16,T2-4,Odisha,All,number,SmallvsMedium,landholding,small holdings,medium holdings,1,1,0,0,diff,a,"Table 2, PDF pages 25,27,29",https://www.fao.org/fileadmin/templates/ess/ess_test_folder/World_Census_Agriculture/WCA_2020/WCA_2020_new_doc/IND_REP_ENG_2015_2016.pdf | archived_sha256=fb01bcb922a38ef964a2ca2fddada5540426bf5b06317d931425ae8d699d6405,archived a1_extract.py/a1b_gender.py; shares independently recomputed from numeric CSV,percentage share (0-100); raw number of holdings in thousands,All Classes total for Odisha/All/number=4866,18.2285244554,1.0480887793,raw Small=887; raw Medium=51; construction fact=f00899; stored gap=17.18 pp,recomputed_from_archived_official_report,deterministic_source_reconstruction_v1,2026-09-13,,,,diff,a,True
AgCensus2015-16 T2-4 Odisha/All/number/SmallvsSemi-medium,AgCensus2015-16,T2-4,Odisha,All,number,SmallvsSemi-medium,landholding,small holdings,semi-medium holdings,1,0,0,1,diff,a,"Table 2, PDF pages 25,27,28",https://www.fao.org/fileadmin/templates/ess/ess_test_folder/World_Census_Agriculture/WCA_2020/WCA_2020_new_doc/IND_REP_ENG_2015_2016.pdf | archived_sha256=fb01bcb922a38ef964a2ca2fddada5540426bf5b06317d931425ae8d699d6405,archived a1_extract.py/a1b_gender.py; shares independently recomputed from numeric CSV,percentage share (0-100); raw number of holdings in thousands,All Classes total for Odisha/All/number=4866,18.2285244554,5.8980682285,raw Small=887; raw Semi-medium=287; construction fact=f00898; stored gap=12.33 pp,recomputed_from_archived_official_report,deterministic_source_reconstruction_v1,2026-09-13,,,,diff,a,True
AgCensus2015-16 T2-4 Odisha/Marginal/number/SCvsOthers,AgCensus2015-16,T2-4,Odisha,Marginal,number,SCvsOthers,social_group,Scheduled Castes,Other social groups,1,0,0,1,diff,b,"Tables 2-4, PDF pages 26,32,38",https://www.fao.org/fileadmin/templates/ess/ess_test_folder/World_Census_Agriculture/WCA_2020/WCA_2020_new_doc/IND_REP_ENG_2015_2016.pdf | archived_sha256=fb01bcb922a38ef964a2ca2fddada5540426bf5b06317d931425ae8d699d6405,archived a1_extract.py/a1b_gender.py; shares independently recomputed from numeric CSV,percentage share (0-100); raw number of holdings in thousands,All-social-groups total for Odisha/Marginal/number=3637,16.9645312070,55.5402804509,raw SC=617; raw Others=2020; construction fact=f00231; stored gap=38.58 pp,recomputed_from_archived_official_report,deterministic_source_reconstruction_v1,2026-09-13,,,,diff,b,True
AgCensus2015-16 T2-4 Odisha/Marginal/number/STvsOthers,AgCensus2015-16,T2-4,Odisha,Marginal,number,STvsOthers,social_group,Scheduled Tribes,Other social groups,1,1,0,0,diff,b,"Tables 2-4, PDF pages 26,32,38",https://www.fao.org/fileadmin/templates/ess/ess_test_folder/World_Census_Agriculture/WCA_2020/WCA_2020_new_doc/IND_REP_ENG_2015_2016.pdf | archived_sha256=fb01bcb922a38ef964a2ca2fddada5540426bf5b06317d931425ae8d699d6405,archived a1_extract.py/a1b_gender.py; shares independently recomputed from numeric CSV,percentage share (0-100); raw number of holdings in thousands,All-social-groups total for Odisha/Marginal/number=3637,27.4951883420,55.5402804509,raw ST=1000; raw Others=2020; construction fact=f00232; stored gap=28.05 pp,recomputed_from_archived_official_report,deterministic_source_reconstruction_v1,2026-09-13,,,,diff,b,True
AgCensus2015-16 T2-4 Odisha/Medium/number/SCvsOthers,AgCensus2015-16,T2-4,Odisha,Medium,number,SCvsOthers,social_group,Scheduled Castes,Other social groups,1,1,0,0,diff,b,"Tables 2-4, PDF pages 29,35,41",https://www.fao.org/fileadmin/templates/ess/ess_test_folder/World_Census_Agriculture/WCA_2020/WCA_2020_new_doc/IND_REP_ENG_2015_2016.pdf | archived_sha256=fb01bcb922a38ef964a2ca2fddada5540426bf5b06317d931425ae8d699d6405,archived a1_extract.py/a1b_gender.py; shares independently recomputed from numeric CSV,percentage share (0-100); raw number of holdings in thousands,All-social-groups total for Odisha/Medium/number=51,5.8823529412,58.8235294118,raw SC=3; raw Others=30; construction fact=f00234; stored gap=52.94 pp,recomputed_from_archived_official_report,deterministic_source_reconstruction_v1,2026-09-13,,,,diff,b,True
AgCensus2015-16 T2-4 Odisha/Medium/number/SCvsST,AgCensus2015-16,T2-4,Odisha,Medium,number,SCvsST,social_group,Scheduled Castes,Scheduled Tribes,1,1,0,0,diff,b,"Tables 2-4, PDF pages 29,35,41",https://www.fao.org/fileadmin/templates/ess/ess_test_folder/World_Census_Agriculture/WCA_2020/WCA_2020_new_doc/IND_REP_ENG_2015_2016.pdf | archived_sha256=fb01bcb922a38ef964a2ca2fddada5540426bf5b06317d931425ae8d699d6405,archived a1_extract.py/a1b_gender.py; shares independently recomputed from numeric CSV,percentage share (0-100); raw number of holdings in thousands,All-social-groups total for Odisha/Medium/number=51,5.8823529412,35.2941176471,raw SC=3; raw ST=18; construction fact=f00233; stored gap=29.41 pp,recomputed_from_archived_official_report,deterministic_source_reconstruction_v1,2026-09-13,,,,diff,b,True
AgCensus2015-16 T2-4 Odisha/Medium/number/STvsOthers,AgCensus2015-16,T2-4,Odisha,Medium,number,STvsOthers,social_group,Scheduled Tribes,Other social groups,1,0,0,1,diff,b,"Tables 2-4, PDF pages 29,35,41",https://www.fao.org/fileadmin/templates/ess/ess_test_folder/World_Census_Agriculture/WCA_2020/WCA_2020_new_doc/IND_REP_ENG_2015_2016.pdf | archived_sha256=fb01bcb922a38ef964a2ca2fddada5540426bf5b06317d931425ae8d699d6405,archived a1_extract.py/a1b_gender.py; shares independently recomputed from numeric CSV,percentage share (0-100); raw number of holdings in thousands,All-social-groups total for Odisha/Medium/number=51,35.2941176471,58.8235294118,raw ST=18; raw Others=30; construction fact=f00235; stored gap=23.53 pp,recomputed_from_archived_official_report,deterministic_source_reconstruction_v1,2026-09-13,,,,diff,b,True
AgCensus2015-16 T2-4 Odisha/SC/number/MarginalvsLarge,AgCensus2015-16,T2-4,Odisha,SC,number,MarginalvsLarge,landholding,marginal holdings,large holdings,1,1,0,0,diff,a,"Table 3, PDF pages 31,32,36",https://www.fao.org/fileadmin/templates/ess/ess_test_folder/World_Census_Agriculture/WCA_2020/WCA_2020_new_doc/IND_REP_ENG_2015_2016.pdf | archived_sha256=fb01bcb922a38ef964a2ca2fddada5540426bf5b06317d931425ae8d699d6405,archived a1_extract.py/a1b_gender.py; shares independently recomputed from numeric CSV,percentage share (0-100); raw number of holdings in thousands,All Classes total for Odisha/SC/number=742,83.1536388140,0.0000000000,raw Marginal=617; raw Large=0; construction fact=f01063; stored gap=83.15 pp,recomputed_from_archived_official_report,deterministic_source_reconstruction_v1,2026-09-13,,,,diff,a,True
AgCensus2015-16 T2-4 Odisha/SC/number/MarginalvsMedium,AgCensus2015-16,T2-4,Odisha,SC,number,MarginalvsMedium,landholding,marginal holdings,medium holdings,1,0,0,1,diff,a,"Table 3, PDF pages 31,32,35",https://www.fao.org/fileadmin/templates/ess/ess_test_folder/World_Census_Agriculture/WCA_2020/WCA_2020_new_doc/IND_REP_ENG_2015_2016.pdf | archived_sha256=fb01bcb922a38ef964a2ca2fddada5540426bf5b06317d931425ae8d699d6405,archived a1_extract.py/a1b_gender.py; shares independently recomputed from numeric CSV,percentage share (0-100); raw number of holdings in thousands,All Classes total for Odisha/SC/number=742,83.1536388140,0.4043126685,raw Marginal=617; raw Medium=3; construction fact=f01062; stored gap=82.75 pp,recomputed_from_archived_official_report,deterministic_source_reconstruction_v1,2026-09-13,,,,diff,a,True
AgCensus2015-16 T2-4 Odisha/SC/number/MarginalvsSmall,AgCensus2015-16,T2-4,Odisha,SC,number,MarginalvsSmall,landholding,marginal holdings,small holdings,1,1,0,0,diff,a,"Table 3, PDF pages 31,32,33",https://www.fao.org/fileadmin/templates/ess/ess_test_folder/World_Census_Agriculture/WCA_2020/WCA_2020_new_doc/IND_REP_ENG_2015_2016.pdf | archived_sha256=fb01bcb922a38ef964a2ca2fddada5540426bf5b06317d931425ae8d699d6405,archived a1_extract.py/a1b_gender.py; shares independently recomputed from numeric CSV,percentage share (0-100); raw number of holdings in thousands,All Classes total for Odisha/SC/number=742,83.1536388140,13.2075471698,raw Marginal=617; raw Small=98; construction fact=f01060; stored gap=69.95 pp,recomputed_from_archived_official_report,deterministic_source_reconstruction_v1,2026-09-13,,,,diff,a,True
AgCensus2015-16 T2-4 Odisha/SC/number/SmallvsLarge,AgCensus2015-16,T2-4,Odisha,SC,number,SmallvsLarge,landholding,small holdings,large holdings,1,0,1,0,diff,a,"Table 3, PDF pages 31,33,36",https://www.fao.org/fileadmin/templates/ess/ess_test_folder/World_Census_Agriculture/WCA_2020/WCA_2020_new_doc/IND_REP_ENG_2015_2016.pdf | archived_sha256=fb01bcb922a38ef964a2ca2fddada5540426bf5b06317d931425ae8d699d6405,archived a1_extract.py/a1b_gender.py; shares independently recomputed from numeric CSV,percentage share (0-100); raw number of holdings in thousands,All Classes total for Odisha/SC/number=742,13.2075471698,0.0000000000,raw Small=98; raw Large=0; construction fact=f01065; stored gap=13.21 pp,recomputed_from_archived_official_report,deterministic_source_reconstruction_v1,2026-09-13,,,,diff,a,True
AgCensus2015-16 T2-4 Odisha/SC/number/SmallvsMedium,AgCensus2015-16,T2-4,Odisha,SC,number,SmallvsMedium,landholding,small holdings,medium holdings,1,1,0,0,diff,a,"Table 3, PDF pages 31,33,35",https://www.fao.org/fileadmin/templates/ess/ess_test_folder/World_Census_Agriculture/WCA_2020/WCA_2020_new_doc/IND_REP_ENG_2015_2016.pdf | archived_sha256=fb01bcb922a38ef964a2ca2fddada5540426bf5b06317d931425ae8d699d6405,archived a1_extract.py/a1b_gender.py; shares independently recomputed from numeric CSV,percentage share (0-100); raw number of holdings in thousands,All Classes total for Odisha/SC/number=742,13.2075471698,0.4043126685,raw Small=98; raw Medium=3; construction fact=f01064; stored gap=12.8 pp,recomputed_from_archived_official_report,deterministic_source_reconstruction_v1,2026-09-13,,,,diff,a,True
AgCensus2015-16 T2-4 Odisha/ST/number/MarginalvsLarge,AgCensus2015-16,T2-4,Odisha,ST,number,MarginalvsLarge,landholding,marginal holdings,large holdings,1,1,0,0,diff,a,"Table 4, PDF pages 37,38,42",https://www.fao.org/fileadmin/templates/ess/ess_test_folder/World_Census_Agriculture/WCA_2020/WCA_2020_new_doc/IND_REP_ENG_2015_2016.pdf | archived_sha256=fb01bcb922a38ef964a2ca2fddada5540426bf5b06317d931425ae8d699d6405,archived a1_extract.py/a1b_gender.py; shares independently recomputed from numeric CSV,percentage share (0-100); raw number of holdings in thousands,All Classes total for Odisha/ST/number=1461,68.4462696783,0.0684462697,raw Marginal=1000; raw Large=1; construction fact=f01257; stored gap=68.38 pp,recomputed_from_archived_official_report,deterministic_source_reconstruction_v1,2026-09-13,,,,diff,a,True
AgCensus2015-16 T2-4 Odisha/ST/number/MarginalvsMedium,AgCensus2015-16,T2-4,Odisha,ST,number,MarginalvsMedium,landholding,marginal holdings,medium holdings,1,0,0,1,diff,a,"Table 4, PDF pages 37,38,41",https://www.fao.org/fileadmin/templates/ess/ess_test_folder/World_Census_Agriculture/WCA_2020/WCA_2020_new_doc/IND_REP_ENG_2015_2016.pdf | archived_sha256=fb01bcb922a38ef964a2ca2fddada5540426bf5b06317d931425ae8d699d6405,archived a1_extract.py/a1b_gender.py; shares independently recomputed from numeric CSV,percentage share (0-100); raw number of holdings in thousands,All Classes total for Odisha/ST/number=1461,68.4462696783,1.2320328542,raw Marginal=1000; raw Medium=18; construction fact=f01256; stored gap=67.21 pp,recomputed_from_archived_official_report,deterministic_source_reconstruction_v1,2026-09-13,,,,diff,a,True
AgCensus2015-16 T2-4 Odisha/ST/number/MarginalvsSemi-medium,AgCensus2015-16,T2-4,Odisha,ST,number,MarginalvsSemi-medium,landholding,marginal holdings,semi-medium holdings,1,0,1,0,diff,a,"Table 4, PDF pages 37,38,40",https://www.fao.org/fileadmin/templates/ess/ess_test_folder/World_Census_Agriculture/WCA_2020/WCA_2020_new_doc/IND_REP_ENG_2015_2016.pdf | archived_sha256=fb01bcb922a38ef964a2ca2fddada5540426bf5b06317d931425ae8d699d6405,archived a1_extract.py/a1b_gender.py; shares independently recomputed from numeric CSV,percentage share (0-100); raw number of holdings in thousands,All Classes total for Odisha/ST/number=1461,68.4462696783,7.7344284736,raw Marginal=1000; raw Semi-medium=113; construction fact=f01255; stored gap=60.71 pp,recomputed_from_archived_official_report,deterministic_source_reconstruction_v1,2026-09-13,,,,diff,a,True
AgCensus2015-16 T2-4 Odisha/ST/number/MarginalvsSmall,AgCensus2015-16,T2-4,Odisha,ST,number,MarginalvsSmall,landholding,marginal holdings,small holdings,1,0,0,1,diff,a,"Table 4, PDF pages 37,38,39",https://www.fao.org/fileadmin/templates/ess/ess_test_folder/World_Census_Agriculture/WCA_2020/WCA_2020_new_doc/IND_REP_ENG_2015_2016.pdf | archived_sha256=fb01bcb922a38ef964a2ca2fddada5540426bf5b06317d931425ae8d699d6405,archived a1_extract.py/a1b_gender.py; shares independently recomputed from numeric CSV,percentage share (0-100); raw number of holdings in thousands,All Classes total for Odisha/ST/number=1461,68.4462696783,22.4503764545,raw Marginal=1000; raw Small=328; construction fact=f01254; stored gap=46.0 pp,recomputed_from_archived_official_report,deterministic_source_reconstruction_v1,2026-09-13,,,,diff,a,True
AgCensus2015-16 T2-4 Odisha/ST/number/SmallvsMedium,AgCensus2015-16,T2-4,Odisha,ST,number,SmallvsMedium,landholding,small holdings,medium holdings,1,1,0,0,diff,a,"Table 4, PDF pages 37,39,41",https://www.fao.org/fileadmin/templates/ess/ess_test_folder/World_Census_Agriculture/WCA_2020/WCA_2020_new_doc/IND_REP_ENG_2015_2016.pdf | archived_sha256=fb01bcb922a38ef964a2ca2fddada5540426bf5b06317d931425ae8d699d6405,archived a1_extract.py/a1b_gender.py; shares independently recomputed from numeric CSV,percentage share (0-100); raw number of holdings in thousands,All Classes total for Odisha/ST/number=1461,22.4503764545,1.2320328542,raw Small=328; raw Medium=18; construction fact=f01259; stored gap=21.22 pp,recomputed_from_archived_official_report,deterministic_source_reconstruction_v1,2026-09-13,,,,diff,a,True
AgCensus2015-16 T2-4 Odisha/ST/number/SmallvsSemi-medium,AgCensus2015-16,T2-4,Odisha,ST,number,SmallvsSemi-medium,landholding,small holdings,semi-medium holdings,1,1,0,0,diff,a,"Table 4, PDF pages 37,39,40",https://www.fao.org/fileadmin/templates/ess/ess_test_folder/World_Census_Agriculture/WCA_2020/WCA_2020_new_doc/IND_REP_ENG_2015_2016.pdf | archived_sha256=fb01bcb922a38ef964a2ca2fddada5540426bf5b06317d931425ae8d699d6405,archived a1_extract.py/a1b_gender.py; shares independently recomputed from numeric CSV,percentage share (0-100); raw number of holdings in thousands,All Classes total for Odisha/ST/number=1461,22.4503764545,7.7344284736,raw Small=328; raw Semi-medium=113; construction fact=f01258; stored gap=14.72 pp,recomputed_from_archived_official_report,deterministic_source_reconstruction_v1,2026-09-13,,,,diff,a,True
AgCensus2015-16 T2-4 Odisha/Semi-medium/number/SCvsOthers,AgCensus2015-16,T2-4,Odisha,Semi-medium,number,SCvsOthers,social_group,Scheduled Castes,Other social groups,1,1,0,0,diff,b,"Tables 2-4, PDF pages 28,34,40",https://www.fao.org/fileadmin/templates/ess/ess_test_folder/World_Census_Agriculture/WCA_2020/WCA_2020_new_doc/IND_REP_ENG_2015_2016.pdf | archived_sha256=fb01bcb922a38ef964a2ca2fddada5540426bf5b06317d931425ae8d699d6405,archived a1_extract.py/a1b_gender.py; shares independently recomputed from numeric CSV,percentage share (0-100); raw number of holdings in thousands,All-social-groups total for Odisha/Semi-medium/number=287,8.3623693380,52.2648083624,raw SC=24; raw Others=150; construction fact=f00237; stored gap=43.9 pp,recomputed_from_archived_official_report,deterministic_source_reconstruction_v1,2026-09-13,,,,diff,b,True
AgCensus2015-16 T2-4 Odisha/Semi-medium/number/STvsOthers,AgCensus2015-16,T2-4,Odisha,Semi-medium,number,STvsOthers,social_group,Scheduled Tribes,Other social groups,1,1,0,0,diff,b,"Tables 2-4, PDF pages 28,34,40",https://www.fao.org/fileadmin/templates/ess/ess_test_folder/World_Census_Agriculture/WCA_2020/WCA_2020_new_doc/IND_REP_ENG_2015_2016.pdf | archived_sha256=fb01bcb922a38ef964a2ca2fddada5540426bf5b06317d931425ae8d699d6405,archived a1_extract.py/a1b_gender.py; shares independently recomputed from numeric CSV,percentage share (0-100); raw number of holdings in thousands,All-social-groups total for Odisha/Semi-medium/number=287,39.3728222997,52.2648083624,raw ST=113; raw Others=150; construction fact=f00238; stored gap=12.89 pp,recomputed_from_archived_official_report,deterministic_source_reconstruction_v1,2026-09-13,,,,diff,b,True
AgCensus2015-16 T2-4 Odisha/Small/number/SCvsOthers,AgCensus2015-16,T2-4,Odisha,Small,number,SCvsOthers,social_group,Scheduled Castes,Other social groups,1,0,0,1,diff,b,"Tables 2-4, PDF pages 27,33,39",https://www.fao.org/fileadmin/templates/ess/ess_test_folder/World_Census_Agriculture/WCA_2020/WCA_2020_new_doc/IND_REP_ENG_2015_2016.pdf | archived_sha256=fb01bcb922a38ef964a2ca2fddada5540426bf5b06317d931425ae8d699d6405,archived a1_extract.py/a1b_gender.py; shares independently recomputed from numeric CSV,percentage share (0-100); raw number of holdings in thousands,All-social-groups total for Odisha/Small/number=887,11.0484780158,51.9729425028,raw SC=98; raw Others=461; construction fact=f00240; stored gap=40.92 pp,recomputed_from_archived_official_report,deterministic_source_reconstruction_v1,2026-09-13,,,,diff,b,True
AgCensus2015-16 T2-4 Odisha/Small/number/SCvsST,AgCensus2015-16,T2-4,Odisha,Small,number,SCvsST,social_group,Scheduled Castes,Scheduled Tribes,1,0,1,0,diff,b,"Tables 2-4, PDF pages 27,33,39",https://www.fao.org/fileadmin/templates/ess/ess_test_folder/World_Census_Agriculture/WCA_2020/WCA_2020_new_doc/IND_REP_ENG_2015_2016.pdf | archived_sha256=fb01bcb922a38ef964a2ca2fddada5540426bf5b06317d931425ae8d699d6405,archived a1_extract.py/a1b_gender.py; shares independently recomputed from numeric CSV,percentage share (0-100); raw number of holdings in thousands,All-social-groups total for Odisha/Small/number=887,11.0484780158,36.9785794814,raw SC=98; raw ST=328; construction fact=f00239; stored gap=25.93 pp,recomputed_from_archived_official_report,deterministic_source_reconstruction_v1,2026-09-13,,,,diff,b,True
AgCensus2015-16 T2-4 Odisha/Small/number/STvsOthers,AgCensus2015-16,T2-4,Odisha,Small,number,STvsOthers,social_group,Scheduled Tribes,Other social groups,1,1,0,0,diff,b,"Tables 2-4, PDF pages 27,33,39",https://www.fao.org/fileadmin/templates/ess/ess_test_folder/World_Census_Agriculture/WCA_2020/WCA_2020_new_doc/IND_REP_ENG_2015_2016.pdf | archived_sha256=fb01bcb922a38ef964a2ca2fddada5540426bf5b06317d931425ae8d699d6405,archived a1_extract.py/a1b_gender.py; shares independently recomputed from numeric CSV,percentage share (0-100); raw number of holdings in thousands,All-social-groups total for Odisha/Small/number=887,36.9785794814,51.9729425028,raw ST=328; raw Others=461; construction fact=f00241; stored gap=14.99 pp,recomputed_from_archived_official_report,deterministic_source_reconstruction_v1,2026-09-13,,,,diff,b,True
AgCensus2015-16 T2-4 Puducherry/All Classes/number/SCvsOthers,AgCensus2015-16,T2-4,Puducherry,All Classes,number,SCvsOthers,social_group,Scheduled Castes,Other social groups,1,1,0,0,diff,b,"Tables 2-4, PDF pages 25,31,37",https://www.fao.org/fileadmin/templates/ess/ess_test_folder/World_Census_Agriculture/WCA_2020/WCA_2020_new_doc/IND_REP_ENG_2015_2016.pdf | archived_sha256=fb01bcb922a38ef964a2ca2fddada5540426bf5b06317d931425ae8d699d6405,archived a1_extract.py/a1b_gender.py; shares independently recomputed from numeric CSV,percentage share (0-100); raw number of holdings in thousands,All-social-groups total for Puducherry/All Classes/number=34,2.9411764706,97.0588235294,raw SC=1; raw Others=33; construction fact=f00242; stored gap=94.12 pp,recomputed_from_archived_official_report,deterministic_source_reconstruction_v1,2026-09-13,,,,diff,b,True
AgCensus2015-16 T2-4 Puducherry/All Classes/number/STvsOthers,AgCensus2015-16,T2-4,Puducherry,All Classes,number,STvsOthers,social_group,Scheduled Tribes,Other social groups,1,0,0,1,diff,b,"Tables 2-4, PDF pages 25,31,37",https://www.fao.org/fileadmin/templates/ess/ess_test_folder/World_Census_Agriculture/WCA_2020/WCA_2020_new_doc/IND_REP_ENG_2015_2016.pdf | archived_sha256=fb01bcb922a38ef964a2ca2fddada5540426bf5b06317d931425ae8d699d6405,archived a1_extract.py/a1b_gender.py; shares independently recomputed from numeric CSV,percentage share (0-100); raw number of holdings in thousands,All-social-groups total for Puducherry/All Classes/number=34,0.0000000000,97.0588235294,raw ST=0; raw Others=33; construction fact=f00243; stored gap=97.06 pp,recomputed_from_archived_official_report,deterministic_source_reconstruction_v1,2026-09-13,,,,diff,b,True
AgCensus2015-16 T2-4 Puducherry/All/area/Semi-mediumvsMedium,AgCensus2015-16,T2-4,Puducherry,All,area,Semi-mediumvsMedium,landholding,semi-medium operated area,medium operated area,4,4,0,0,equal,c,"Table 2, PDF pages 25,28,29",https://www.fao.org/fileadmin/templates/ess/ess_test_folder/World_Census_Agriculture/WCA_2020/WCA_2020_new_doc/IND_REP_ENG_2015_2016.pdf | archived_sha256=fb01bcb922a38ef964a2ca2fddada5540426bf5b06317d931425ae8d699d6405,archived a1_extract.py/a1b_gender.py; shares independently recomputed from numeric CSV,percentage share (0-100); raw operated area in thousand hectares,All Classes total for Puducherry/All/area=21,19.0476190476,14.2857142857,raw Semi-medium=4; raw Medium=3; construction fact=f01516; stored gap=4.76 pp,recomputed_from_archived_official_report,deterministic_source_reconstruction_v1,2026-09-13,,,,equal,c,True
AgCensus2015-16 T2-4 Puducherry/All/area/SmallvsSemi-medium,AgCensus2015-16,T2-4,Puducherry,All,area,SmallvsSemi-medium,landholding,small operated area,semi-medium operated area,3,3,0,0,equal,c,"Table 2, PDF pages 25,27,28",https://www.fao.org/fileadmin/templates/ess/ess_test_folder/World_Census_Agriculture/WCA_2020/WCA_2020_new_doc/IND_REP_ENG_2015_2016.pdf | archived_sha256=fb01bcb922a38ef964a2ca2fddada5540426bf5b06317d931425ae8d699d6405,archived a1_extract.py/a1b_gender.py; shares independently recomputed from numeric CSV,percentage share (0-100); raw operated area in thousand hectares,All Classes total for Puducherry/All/area=21,23.8095238095,19.0476190476,raw Small=5; raw Semi-medium=4; construction fact=f01514; stored gap=4.76 pp,recomputed_from_archived_official_report,deterministic_source_reconstruction_v1,2026-09-13,,,,equal,c,True
AgCensus2015-16 T2-4 Puducherry/All/number/MarginalvsLarge,AgCensus2015-16,T2-4,Puducherry,All,number,MarginalvsLarge,landholding,marginal holdings,large holdings,1,1,0,0,diff,a,"Table 2, PDF pages 25,26,30",https://www.fao.org/fileadmin/templates/ess/ess_test_folder/World_Census_Agriculture/WCA_2020/WCA_2020_new_doc/IND_REP_ENG_2015_2016.pdf | archived_sha256=fb01bcb922a38ef964a2ca2fddada5540426bf5b06317d931425ae8d699d6405,archived a1_extract.py/a1b_gender.py; shares independently recomputed from numeric CSV,percentage share (0-100); raw number of holdings in thousands,All Classes total for Puducherry/All/number=34,82.3529411765,0.0000000000,raw Marginal=28; raw Large=0; construction fact=f00905; stored gap=82.35 pp,recomputed_from_archived_official_report,deterministic_source_reconstruction_v1,2026-09-13,,,,diff,a,True
AgCensus2015-16 T2-4 Puducherry/All/number/MarginalvsSemi-medium,AgCensus2015-16,T2-4,Puducherry,All,number,MarginalvsSemi-medium,landholding,marginal holdings,semi-medium holdings,1,1,0,0,diff,a,"Table 2, PDF pages 25,26,28",https://www.fao.org/fileadmin/templates/ess/ess_test_folder/World_Census_Agriculture/WCA_2020/WCA_2020_new_doc/IND_REP_ENG_2015_2016.pdf | archived_sha256=fb01bcb922a38ef964a2ca2fddada5540426bf5b06317d931425ae8d699d6405,archived a1_extract.py/a1b_gender.py; shares independently recomputed from numeric CSV,percentage share (0-100); raw number of holdings in thousands,All Classes total for Puducherry/All/number=34,82.3529411765,5.8823529412,raw Marginal=28; raw Semi-medium=2; construction fact=f00903; stored gap=76.47 pp,recomputed_from_archived_official_report,deterministic_source_reconstruction_v1,2026-09-13,,,,diff,a,True
AgCensus2015-16 T2-4 Puducherry/All/number/MarginalvsSmall,AgCensus2015-16,T2-4,Puducherry,All,number,MarginalvsSmall,landholding,marginal holdings,small holdings,1,1,0,0,diff,a,"Table 2, PDF pages 25,26,27",https://www.fao.org/fileadmin/templates/ess/ess_test_folder/World_Census_Agriculture/WCA_2020/WCA_2020_new_doc/IND_REP_ENG_2015_2016.pdf | archived_sha256=fb01bcb922a38ef964a2ca2fddada5540426bf5b06317d931425ae8d699d6405,archived a1_extract.py/a1b_gender.py; shares independently recomputed from numeric CSV,percentage share (0-100); raw number of holdings in thousands,All Classes total for Puducherry/All/number=34,82.3529411765,8.8235294118,raw Marginal=28; raw Small=3; construction fact=f00902; stored gap=73.53 pp,recomputed_from_archived_official_report,deterministic_source_reconstruction_v1,2026-09-13,,,,diff,a,True
AgCensus2015-16 T2-4 Puducherry/All/number/SmallvsSemi-medium,AgCensus2015-16,T2-4,Puducherry,All,number,SmallvsSemi-medium,landholding,small holdings,semi-medium holdings,4,0,0,4,equal,c,"Table 2, PDF pages 25,27,28",https://www.fao.org/fileadmin/templates/ess/ess_test_folder/World_Census_Agriculture/WCA_2020/WCA_2020_new_doc/IND_REP_ENG_2015_2016.pdf | archived_sha256=fb01bcb922a38ef964a2ca2fddada5540426bf5b06317d931425ae8d699d6405,archived a1_extract.py/a1b_gender.py; shares independently recomputed from numeric CSV,percentage share (0-100); raw number of holdings in thousands,All Classes total for Puducherry/All/number=34,8.8235294118,5.8823529412,raw Small=3; raw Semi-medium=2; construction fact=f00906; stored gap=2.94 pp,recomputed_from_archived_official_report,deterministic_source_reconstruction_v1,2026-09-13,,,,equal,c,True
AgCensus2015-16 T2-4 Puducherry/Marginal/number/SCvsOthers,AgCensus2015-16,T2-4,Puducherry,Marginal,number,SCvsOthers,social_group,Scheduled Castes,Other social groups,1,0,0,1,diff,b,"Tables 2-4, PDF pages 26,32,38",https://www.fao.org/fileadmin/templates/ess/ess_test_folder/World_Census_Agriculture/WCA_2020/WCA_2020_new_doc/IND_REP_ENG_2015_2016.pdf | archived_sha256=fb01bcb922a38ef964a2ca2fddada5540426bf5b06317d931425ae8d699d6405,archived a1_extract.py/a1b_gender.py; shares independently recomputed from numeric CSV,percentage share (0-100); raw number of holdings in thousands,All-social-groups total for Puducherry/Marginal/number=28,3.5714285714,96.4285714286,raw SC=1; raw Others=27; construction fact=f00244; stored gap=92.86 pp,recomputed_from_archived_official_report,deterministic_source_reconstruction_v1,2026-09-13,,,,diff,b,True
AgCensus2015-16 T2-4 Puducherry/Marginal/number/STvsOthers,AgCensus2015-16,T2-4,Puducherry,Marginal,number,STvsOthers,social_group,Scheduled Tribes,Other social groups,1,1,0,0,diff,b,"Tables 2-4, PDF pages 26,32,38",https://www.fao.org/fileadmin/templates/ess/ess_test_folder/World_Census_Agriculture/WCA_2020/WCA_2020_new_doc/IND_REP_ENG_2015_2016.pdf | archived_sha256=fb01bcb922a38ef964a2ca2fddada5540426bf5b06317d931425ae8d699d6405,archived a1_extract.py/a1b_gender.py; shares independently recomputed from numeric CSV,percentage share (0-100); raw number of holdings in thousands,All-social-groups total for Puducherry/Marginal/number=28,0.0000000000,96.4285714286,raw ST=0; raw Others=27; construction fact=f00245; stored gap=96.43 pp,recomputed_from_archived_official_report,deterministic_source_reconstruction_v1,2026-09-13,,,,diff,b,True
AgCensus2015-16 T2-4 Punjab/All Classes/number/SCvsOthers,AgCensus2015-16,T2-4,Punjab,All Classes,number,SCvsOthers,social_group,Scheduled Castes,Other social groups,1,0,1,0,diff,b,"Tables 2-4, PDF pages 25,31,37",https://www.fao.org/fileadmin/templates/ess/ess_test_folder/World_Census_Agriculture/WCA_2020/WCA_2020_new_doc/IND_REP_ENG_2015_2016.pdf | archived_sha256=fb01bcb922a38ef964a2ca2fddada5540426bf5b06317d931425ae8d699d6405,archived a1_extract.py/a1b_gender.py; shares independently recomputed from numeric CSV,percentage share (0-100); raw number of holdings in thousands,All-social-groups total for Punjab/All Classes/number=1093,5.7639524245,94.2360475755,raw SC=63; raw Others=1030; construction fact=f00246; stored gap=88.47 pp,recomputed_from_archived_official_report,deterministic_source_reconstruction_v1,2026-09-13,,,,diff,b,True
AgCensus2015-16 T2-4 Punjab/All Classes/number/STvsOthers,AgCensus2015-16,T2-4,Punjab,All Classes,number,STvsOthers,social_group,Scheduled Tribes,Other social groups,1,1,0,0,diff,b,"Tables 2-4, PDF pages 25,31,37",https://www.fao.org/fileadmin/templates/ess/ess_test_folder/World_Census_Agriculture/WCA_2020/WCA_2020_new_doc/IND_REP_ENG_2015_2016.pdf | archived_sha256=fb01bcb922a38ef964a2ca2fddada5540426bf5b06317d931425ae8d699d6405,archived a1_extract.py/a1b_gender.py; shares independently recomputed from numeric CSV,percentage share (0-100); raw number of holdings in thousands,All-social-groups total for Punjab/All Classes/number=1093,0.0000000000,94.2360475755,raw ST=0; raw Others=1030; construction fact=f00247; stored gap=94.24 pp,recomputed_from_archived_official_report,deterministic_source_reconstruction_v1,2026-09-13,,,,diff,b,True
AgCensus2015-16 T2-4 Punjab/All/area/MarginalvsSmall,AgCensus2015-16,T2-4,Punjab,All,area,MarginalvsSmall,landholding,marginal operated area,small operated area,4,4,0,0,equal,c,"Table 2, PDF pages 25,26,27",https://www.fao.org/fileadmin/templates/ess/ess_test_folder/World_Census_Agriculture/WCA_2020/WCA_2020_new_doc/IND_REP_ENG_2015_2016.pdf | archived_sha256=fb01bcb922a38ef964a2ca2fddada5540426bf5b06317d931425ae8d699d6405,archived a1_extract.py/a1b_gender.py; shares independently recomputed from numeric CSV,percentage share (0-100); raw operated area in thousand hectares,All Classes total for Punjab/All/area=3954,2.3520485584,7.3343449671,raw Marginal=93; raw Small=290; construction fact=f01518; stored gap=4.98 pp,recomputed_from_archived_official_report,deterministic_source_reconstruction_v1,2026-09-13,,,,equal,c,True
AgCensus2015-16 T2-4 Punjab/All/area/Semi-mediumvsLarge,AgCensus2015-16,T2-4,Punjab,All,area,Semi-mediumvsLarge,landholding,semi-medium operated area,large operated area,4,4,0,0,equal,c,"Table 2, PDF pages 25,28,30",https://www.fao.org/fileadmin/templates/ess/ess_test_folder/World_Census_Agriculture/WCA_2020/WCA_2020_new_doc/IND_REP_ENG_2015_2016.pdf | archived_sha256=fb01bcb922a38ef964a2ca2fddada5540426bf5b06317d931425ae8d699d6405,archived a1_extract.py/a1b_gender.py; shares independently recomputed from numeric CSV,percentage share (0-100); raw operated area in thousand hectares,All Classes total for Punjab/All/area=3954,24.8861911988,21.6742539201,raw Semi-medium=984; raw Large=857; construction fact=f01526; stored gap=3.21 pp,recomputed_from_archived_official_report,deterministic_source_reconstruction_v1,2026-09-13,,,,equal,c,True
AgCensus2015-16 T2-4 Punjab/All/number/MarginalvsMedium,AgCensus2015-16,T2-4,Punjab,All,number,MarginalvsMedium,landholding,marginal holdings,medium holdings,1,1,0,0,diff,b,"Table 2, PDF pages 25,26,29",https://www.fao.org/fileadmin/templates/ess/ess_test_folder/World_Census_Agriculture/WCA_2020/WCA_2020_new_doc/IND_REP_ENG_2015_2016.pdf | archived_sha256=fb01bcb922a38ef964a2ca2fddada5540426bf5b06317d931425ae8d699d6405,archived a1_extract.py/a1b_gender.py; shares independently recomputed from numeric CSV,percentage share (0-100); raw number of holdings in thousands,All Classes total for Punjab/All/number=1093,14.0896614822,27.9048490393,raw Marginal=154; raw Medium=305; construction fact=f00909; stored gap=13.82 pp,recomputed_from_archived_official_report,deterministic_source_reconstruction_v1,2026-09-13,,,,diff,b,True
AgCensus2015-16 T2-4 Punjab/All/number/MarginalvsSemi-medium,AgCensus2015-16,T2-4,Punjab,All,number,MarginalvsSemi-medium,landholding,marginal holdings,semi-medium holdings,1,1,0,0,diff,b,"Table 2, PDF pages 25,26,28",https://www.fao.org/fileadmin/templates/ess/ess_test_folder/World_Census_Agriculture/WCA_2020/WCA_2020_new_doc/IND_REP_ENG_2015_2016.pdf | archived_sha256=fb01bcb922a38ef964a2ca2fddada5540426bf5b06317d931425ae8d699d6405,archived a1_extract.py/a1b_gender.py; shares independently recomputed from numeric CSV,percentage share (0-100); raw number of holdings in thousands,All Classes total for Punjab/All/number=1093,14.0896614822,33.6688014639,raw Marginal=154; raw Semi-medium=368; construction fact=f00908; stored gap=19.58 pp,recomputed_from_archived_official_report,deterministic_source_reconstruction_v1,2026-09-13,,,,diff,b,True
AgCensus2015-16 T2-4 Punjab/All/number/MarginalvsSmall,AgCensus2015-16,T2-4,Punjab,All,number,MarginalvsSmall,landholding,marginal holdings,small holdings,4,4,0,0,equal,c,"Table 2, PDF pages 25,26,27",https://www.fao.org/fileadmin/templates/ess/ess_test_folder/World_Census_Agriculture/WCA_2020/WCA_2020_new_doc/IND_REP_ENG_2015_2016.pdf | archived_sha256=fb01bcb922a38ef964a2ca2fddada5540426bf5b06317d931425ae8d699d6405,archived a1_extract.py/a1b_gender.py; shares independently recomputed from numeric CSV,percentage share (0-100); raw number of holdings in thousands,All Classes total for Punjab/All/number=1093,14.0896614822,18.9387008234,raw Marginal=154; raw Small=207; construction fact=f00907; stored gap=4.85 pp,recomputed_from_archived_official_report,deterministic_source_reconstruction_v1,2026-09-13,,,,equal,c,True
AgCensus2015-16 T2-4 Punjab/All/number/MediumvsLarge,AgCensus2015-16,T2-4,Punjab,All,number,MediumvsLarge,landholding,medium holdings,large holdings,1,0,0,1,diff,a,"Table 2, PDF pages 25,29,30",https://www.fao.org/fileadmin/templates/ess/ess_test_folder/World_Census_Agriculture/WCA_2020/WCA_2020_new_doc/IND_REP_ENG_2015_2016.pdf | archived_sha256=fb01bcb922a38ef964a2ca2fddada5540426bf5b06317d931425ae8d699d6405,archived a1_extract.py/a1b_gender.py; shares independently recomputed from numeric CSV,percentage share (0-100); raw number of holdings in thousands,All Classes total for Punjab/All/number=1093,27.9048490393,5.3064958829,raw Medium=305; raw Large=58; construction fact=f00913; stored gap=22.6 pp,recomputed_from_archived_official_report,deterministic_source_reconstruction_v1,2026-09-13,,,,diff,a,True
AgCensus2015-16 T2-4 Punjab/All/number/Semi-mediumvsLarge,AgCensus2015-16,T2-4,Punjab,All,number,Semi-mediumvsLarge,landholding,semi-medium holdings,large holdings,1,0,0,1,diff,a,"Table 2, PDF pages 25,28,30",https://www.fao.org/fileadmin/templates/ess/ess_test_folder/World_Census_Agriculture/WCA_2020/WCA_2020_new_doc/IND_REP_ENG_2015_2016.pdf | archived_sha256=fb01bcb922a38ef964a2ca2fddada5540426bf5b06317d931425ae8d699d6405,archived a1_extract.py/a1b_gender.py; shares independently recomputed from numeric CSV,percentage share (0-100); raw number of holdings in thousands,All Classes total for Punjab/All/number=1093,33.6688014639,5.3064958829,raw Semi-medium=368; raw Large=58; construction fact=f00912; stored gap=28.36 pp,recomputed_from_archived_official_report,deterministic_source_reconstruction_v1,2026-09-13,,,,diff,a,True
AgCensus2015-16 T2-4 Punjab/All/number/SmallvsLarge,AgCensus2015-16,T2-4,Punjab,All,number,SmallvsLarge,landholding,small holdings,large holdings,1,0,0,1,diff,a,"Table 2, PDF pages 25,27,30",https://www.fao.org/fileadmin/templates/ess/ess_test_folder/World_Census_Agriculture/WCA_2020/WCA_2020_new_doc/IND_REP_ENG_2015_2016.pdf | archived_sha256=fb01bcb922a38ef964a2ca2fddada5540426bf5b06317d931425ae8d699d6405,archived a1_extract.py/a1b_gender.py; shares independently recomputed from numeric CSV,percentage share (0-100); raw number of holdings in thousands,All Classes total for Punjab/All/number=1093,18.9387008234,5.3064958829,raw Small=207; raw Large=58; construction fact=f00911; stored gap=13.63 pp,recomputed_from_archived_official_report,deterministic_source_reconstruction_v1,2026-09-13,,,,diff,a,True
AgCensus2015-16 T2-4 Punjab/All/number/SmallvsSemi-medium,AgCensus2015-16,T2-4,Punjab,All,number,SmallvsSemi-medium,landholding,small holdings,semi-medium holdings,1,0,0,1,diff,b,"Table 2, PDF pages 25,27,28",https://www.fao.org/fileadmin/templates/ess/ess_test_folder/World_Census_Agriculture/WCA_2020/WCA_2020_new_doc/IND_REP_ENG_2015_2016.pdf | archived_sha256=fb01bcb922a38ef964a2ca2fddada5540426bf5b06317d931425ae8d699d6405,archived a1_extract.py/a1b_gender.py; shares independently recomputed from numeric CSV,percentage share (0-100); raw number of holdings in thousands,All Classes total for Punjab/All/number=1093,18.9387008234,33.6688014639,raw Small=207; raw Semi-medium=368; construction fact=f00910; stored gap=14.73 pp,recomputed_from_archived_official_report,deterministic_source_reconstruction_v1,2026-09-13,,,,diff,b,True
AgCensus2015-16 T2-4 Punjab/Large/number/SCvsOthers,AgCensus2015-16,T2-4,Punjab,Large,number,SCvsOthers,social_group,Scheduled Castes,Other social groups,1,1,0,0,diff,b,"Tables 2-4, PDF pages 30,36,42",https://www.fao.org/fileadmin/templates/ess/ess_test_folder/World_Census_Agriculture/WCA_2020/WCA_2020_new_doc/IND_REP_ENG_2015_2016.pdf | archived_sha256=fb01bcb922a38ef964a2ca2fddada5540426bf5b06317d931425ae8d699d6405,archived a1_extract.py/a1b_gender.py; shares independently recomputed from numeric CSV,percentage share (0-100); raw number of holdings in thousands,All-social-groups total for Punjab/Large/number=58,1.7241379310,98.2758620690,raw SC=1; raw Others=57; construction fact=f00248; stored gap=96.55 pp,recomputed_from_archived_official_report,deterministic_source_reconstruction_v1,2026-09-13,,,,diff,b,True
AgCensus2015-16 T2-4 Punjab/Large/number/STvsOthers,AgCensus2015-16,T2-4,Punjab,Large,number,STvsOthers,social_group,Scheduled Tribes,Other social groups,1,1,0,0,diff,b,"Tables 2-4, PDF pages 30,36,42",https://www.fao.org/fileadmin/templates/ess/ess_test_folder/World_Census_Agriculture/WCA_2020/WCA_2020_new_doc/IND_REP_ENG_2015_2016.pdf | archived_sha256=fb01bcb922a38ef964a2ca2fddada5540426bf5b06317d931425ae8d699d6405,archived a1_extract.py/a1b_gender.py; shares independently recomputed from numeric CSV,percentage share (0-100); raw number of holdings in thousands,All-social-groups total for Punjab/Large/number=58,0.0000000000,98.2758620690,raw ST=0; raw Others=57; construction fact=f00249; stored gap=98.28 pp,recomputed_from_archived_official_report,deterministic_source_reconstruction_v1,2026-09-13,,,,diff,b,True
AgCensus2015-16 T2-4 Punjab/Marginal/number/SCvsOthers,AgCensus2015-16,T2-4,Punjab,Marginal,number,SCvsOthers,social_group,Scheduled Castes,Other social groups,1,0,0,1,diff,b,"Tables 2-4, PDF pages 26,32,38",https://www.fao.org/fileadmin/templates/ess/ess_test_folder/World_Census_Agriculture/WCA_2020/WCA_2020_new_doc/IND_REP_ENG_2015_2016.pdf | archived_sha256=fb01bcb922a38ef964a2ca2fddada5540426bf5b06317d931425ae8d699d6405,archived a1_extract.py/a1b_gender.py; shares independently recomputed from numeric CSV,percentage share (0-100); raw number of holdings in thousands,All-social-groups total for Punjab/Marginal/number=154,14.9350649351,85.0649350649,raw SC=23; raw Others=131; construction fact=f00251; stored gap=70.13 pp,recomputed_from_archived_official_report,deterministic_source_reconstruction_v1,2026-09-13,,,,diff,b,True
AgCensus2015-16 T2-4 Punjab/Marginal/number/SCvsST,AgCensus2015-16,T2-4,Punjab,Marginal,number,SCvsST,social_group,Scheduled Castes,Scheduled Tribes,1,1,0,0,diff,a,"Tables 2-4, PDF pages 26,32,38",https://www.fao.org/fileadmin/templates/ess/ess_test_folder/World_Census_Agriculture/WCA_2020/WCA_2020_new_doc/IND_REP_ENG_2015_2016.pdf | archived_sha256=fb01bcb922a38ef964a2ca2fddada5540426bf5b06317d931425ae8d699d6405,archived a1_extract.py/a1b_gender.py; shares independently recomputed from numeric CSV,percentage share (0-100); raw number of holdings in thousands,All-social-groups total for Punjab/Marginal/number=154,14.9350649351,0.0000000000,raw SC=23; raw ST=0; construction fact=f00250; stored gap=14.94 pp,recomputed_from_archived_official_report,deterministic_source_reconstruction_v1,2026-09-13,,,,diff,a,True
AgCensus2015-16 T2-4 Punjab/Marginal/number/STvsOthers,AgCensus2015-16,T2-4,Punjab,Marginal,number,STvsOthers,social_group,Scheduled Tribes,Other social groups,1,1,0,0,diff,b,"Tables 2-4, PDF pages 26,32,38",https://www.fao.org/fileadmin/templates/ess/ess_test_folder/World_Census_Agriculture/WCA_2020/WCA_2020_new_doc/IND_REP_ENG_2015_2016.pdf | archived_sha256=fb01bcb922a38ef964a2ca2fddada5540426bf5b06317d931425ae8d699d6405,archived a1_extract.py/a1b_gender.py; shares independently recomputed from numeric CSV,percentage share (0-100); raw number of holdings in thousands,All-social-groups total for Punjab/Marginal/number=154,0.0000000000,85.0649350649,raw ST=0; raw Others=131; construction fact=f00252; stored gap=85.06 pp,recomputed_from_archived_official_report,deterministic_source_reconstruction_v1,2026-09-13,,,,diff,b,True
AgCensus2015-16 T2-4 Punjab/Medium/number/SCvsOthers,AgCensus2015-16,T2-4,Punjab,Medium,number,SCvsOthers,social_group,Scheduled Castes,Other social groups,1,1,0,0,diff,b,"Tables 2-4, PDF pages 29,35,41",https://www.fao.org/fileadmin/templates/ess/ess_test_folder/World_Census_Agriculture/WCA_2020/WCA_2020_new_doc/IND_REP_ENG_2015_2016.pdf | archived_sha256=fb01bcb922a38ef964a2ca2fddada5540426bf5b06317d931425ae8d699d6405,archived a1_extract.py/a1b_gender.py; shares independently recomputed from numeric CSV,percentage share (0-100); raw number of holdings in thousands,All-social-groups total for Punjab/Medium/number=305,2.9508196721,97.0491803279,raw SC=9; raw Others=296; construction fact=f00253; stored gap=94.1 pp,recomputed_from_archived_official_report,deterministic_source_reconstruction_v1,2026-09-13,,,,diff,b,True
AgCensus2015-16 T2-4 Punjab/Medium/number/STvsOthers,AgCensus2015-16,T2-4,Punjab,Medium,number,STvsOthers,social_group,Scheduled Tribes,Other social groups,1,0,0,1,diff,b,"Tables 2-4, PDF pages 29,35,41",https://www.fao.org/fileadmin/templates/ess/ess_test_folder/World_Census_Agriculture/WCA_2020/WCA_2020_new_doc/IND_REP_ENG_2015_2016.pdf | archived_sha256=fb01bcb922a38ef964a2ca2fddada5540426bf5b06317d931425ae8d699d6405,archived a1_extract.py/a1b_gender.py; shares independently recomputed from numeric CSV,percentage share (0-100); raw number of holdings in thousands,All-social-groups total for Punjab/Medium/number=305,0.0000000000,97.0491803279,raw ST=0; raw Others=296; construction fact=f00254; stored gap=97.05 pp,recomputed_from_archived_official_report,deterministic_source_reconstruction_v1,2026-09-13,,,,diff,b,True
AgCensus2015-16 T2-4 Punjab/SC/area/MarginalvsSmall,AgCensus2015-16,T2-4,Punjab,SC,area,MarginalvsSmall,landholding,marginal operated area,small operated area,1,1,0,0,equal,c,"Table 3, PDF pages 31,32,33",https://www.fao.org/fileadmin/templates/ess/ess_test_folder/World_Census_Agriculture/WCA_2020/WCA_2020_new_doc/IND_REP_ENG_2015_2016.pdf | archived_sha256=fb01bcb922a38ef964a2ca2fddada5540426bf5b06317d931425ae8d699d6405,archived a1_extract.py/a1b_gender.py; shares independently recomputed from numeric CSV,percentage share (0-100); raw operated area in thousand hectares,All Classes total for Punjab/SC/area=142,8.4507042254,12.6760563380,raw Marginal=12; raw Small=18; construction fact=f01699; stored gap=4.23 pp,recomputed_from_archived_official_report,deterministic_source_reconstruction_v1,2026-09-13,,,,equal,c,True
AgCensus2015-16 T2-4 Punjab/SC/area/SmallvsLarge,AgCensus2015-16,T2-4,Punjab,SC,area,SmallvsLarge,landholding,small operated area,large operated area,2,0,0,2,equal,c,"Table 3, PDF pages 31,33,36",https://www.fao.org/fileadmin/templates/ess/ess_test_folder/World_Census_Agriculture/WCA_2020/WCA_2020_new_doc/IND_REP_ENG_2015_2016.pdf | archived_sha256=fb01bcb922a38ef964a2ca2fddada5540426bf5b06317d931425ae8d699d6405,archived a1_extract.py/a1b_gender.py; shares independently recomputed from numeric CSV,percentage share (0-100); raw operated area in thousand hectares,All Classes total for Punjab/SC/area=142,12.6760563380,14.0845070423,raw Small=18; raw Large=20; construction fact=f01704; stored gap=1.41 pp,recomputed_from_archived_official_report,deterministic_source_reconstruction_v1,2026-09-13,,,,equal,c,True
AgCensus2015-16 T2-4 Punjab/SC/number/MarginalvsLarge,AgCensus2015-16,T2-4,Punjab,SC,number,MarginalvsLarge,landholding,marginal holdings,large holdings,1,1,0,0,diff,a,"Table 3, PDF pages 31,32,36",https://www.fao.org/fileadmin/templates/ess/ess_test_folder/World_Census_Agriculture/WCA_2020/WCA_2020_new_doc/IND_REP_ENG_2015_2016.pdf | archived_sha256=fb01bcb922a38ef964a2ca2fddada5540426bf5b06317d931425ae8d699d6405,archived a1_extract.py/a1b_gender.py; shares independently recomputed from numeric CSV,percentage share (0-100); raw number of holdings in thousands,All Classes total for Punjab/SC/number=63,36.5079365079,1.5873015873,raw Marginal=23; raw Large=1; construction fact=f01069; stored gap=34.92 pp,recomputed_from_archived_official_report,deterministic_source_reconstruction_v1,2026-09-13,,,,diff,a,True
AgCensus2015-16 T2-4 Punjab/SC/number/MarginalvsMedium,AgCensus2015-16,T2-4,Punjab,SC,number,MarginalvsMedium,landholding,marginal holdings,medium holdings,1,0,0,1,diff,a,"Table 3, PDF pages 31,32,35",https://www.fao.org/fileadmin/templates/ess/ess_test_folder/World_Census_Agriculture/WCA_2020/WCA_2020_new_doc/IND_REP_ENG_2015_2016.pdf | archived_sha256=fb01bcb922a38ef964a2ca2fddada5540426bf5b06317d931425ae8d699d6405,archived a1_extract.py/a1b_gender.py; shares independently recomputed from numeric CSV,percentage share (0-100); raw number of holdings in thousands,All Classes total for Punjab/SC/number=63,36.5079365079,14.2857142857,raw Marginal=23; raw Medium=9; construction fact=f01068; stored gap=22.22 pp,recomputed_from_archived_official_report,deterministic_source_reconstruction_v1,2026-09-13,,,,diff,a,True
AgCensus2015-16 T2-4 Punjab/SC/number/MarginalvsSemi-medium,AgCensus2015-16,T2-4,Punjab,SC,number,MarginalvsSemi-medium,landholding,marginal holdings,semi-medium holdings,1,0,0,1,diff,a,"Table 3, PDF pages 31,32,34",https://www.fao.org/fileadmin/templates/ess/ess_test_folder/World_Census_Agriculture/WCA_2020/WCA_2020_new_doc/IND_REP_ENG_2015_2016.pdf | archived_sha256=fb01bcb922a38ef964a2ca2fddada5540426bf5b06317d931425ae8d699d6405,archived a1_extract.py/a1b_gender.py; shares independently recomputed from numeric CSV,percentage share (0-100); raw number of holdings in thousands,All Classes total for Punjab/SC/number=63,36.5079365079,25.3968253968,raw Marginal=23; raw Semi-medium=16; construction fact=f01067; stored gap=11.11 pp,recomputed_from_archived_official_report,deterministic_source_reconstruction_v1,2026-09-13,,,,diff,a,True
AgCensus2015-16 T2-4 Punjab/SC/number/MediumvsLarge,AgCensus2015-16,T2-4,Punjab,SC,number,MediumvsLarge,landholding,medium holdings,large holdings,1,1,0,0,diff,a,"Table 3, PDF pages 31,35,36",https://www.fao.org/fileadmin/templates/ess/ess_test_folder/World_Census_Agriculture/WCA_2020/WCA_2020_new_doc/IND_REP_ENG_2015_2016.pdf | archived_sha256=fb01bcb922a38ef964a2ca2fddada5540426bf5b06317d931425ae8d699d6405,archived a1_extract.py/a1b_gender.py; shares independently recomputed from numeric CSV,percentage share (0-100); raw number of holdings in thousands,All Classes total for Punjab/SC/number=63,14.2857142857,1.5873015873,raw Medium=9; raw Large=1; construction fact=f01074; stored gap=12.7 pp,recomputed_from_archived_official_report,deterministic_source_reconstruction_v1,2026-09-13,,,,diff,a,True
AgCensus2015-16 T2-4 Punjab/SC/number/Semi-mediumvsLarge,AgCensus2015-16,T2-4,Punjab,SC,number,Semi-mediumvsLarge,landholding,semi-medium holdings,large holdings,1,0,0,1,diff,a,"Table 3, PDF pages 31,34,36",https://www.fao.org/fileadmin/templates/ess/ess_test_folder/World_Census_Agriculture/WCA_2020/WCA_2020_new_doc/IND_REP_ENG_2015_2016.pdf | archived_sha256=fb01bcb922a38ef964a2ca2fddada5540426bf5b06317d931425ae8d699d6405,archived a1_extract.py/a1b_gender.py; shares independently recomputed from numeric CSV,percentage share (0-100); raw number of holdings in thousands,All Classes total for Punjab/SC/number=63,25.3968253968,1.5873015873,raw Semi-medium=16; raw Large=1; construction fact=f01073; stored gap=23.81 pp,recomputed_from_archived_official_report,deterministic_source_reconstruction_v1,2026-09-13,,,,diff,a,True
AgCensus2015-16 T2-4 Punjab/SC/number/Semi-mediumvsMedium,AgCensus2015-16,T2-4,Punjab,SC,number,Semi-mediumvsMedium,landholding,semi-medium holdings,medium holdings,1,0,0,1,diff,a,"Table 3, PDF pages 31,34,35",https://www.fao.org/fileadmin/templates/ess/ess_test_folder/World_Census_Agriculture/WCA_2020/WCA_2020_new_doc/IND_REP_ENG_2015_2016.pdf | archived_sha256=fb01bcb922a38ef964a2ca2fddada5540426bf5b06317d931425ae8d699d6405,archived a1_extract.py/a1b_gender.py; shares independently recomputed from numeric CSV,percentage share (0-100); raw number of holdings in thousands,All Classes total for Punjab/SC/number=63,25.3968253968,14.2857142857,raw Semi-medium=16; raw Medium=9; construction fact=f01072; stored gap=11.11 pp,recomputed_from_archived_official_report,deterministic_source_reconstruction_v1,2026-09-13,,,,diff,a,True
AgCensus2015-16 T2-4 Punjab/SC/number/SmallvsLarge,AgCensus2015-16,T2-4,Punjab,SC,number,SmallvsLarge,landholding,small holdings,large holdings,1,1,0,0,diff,a,"Table 3, PDF pages 31,33,36",https://www.fao.org/fileadmin/templates/ess/ess_test_folder/World_Census_Agriculture/WCA_2020/WCA_2020_new_doc/IND_REP_ENG_2015_2016.pdf | archived_sha256=fb01bcb922a38ef964a2ca2fddada5540426bf5b06317d931425ae8d699d6405,archived a1_extract.py/a1b_gender.py; shares independently recomputed from numeric CSV,percentage share (0-100); raw number of holdings in thousands,All Classes total for Punjab/SC/number=63,20.6349206349,1.5873015873,raw Small=13; raw Large=1; construction fact=f01071; stored gap=19.05 pp,recomputed_from_archived_official_report,deterministic_source_reconstruction_v1,2026-09-13,,,,diff,a,True
AgCensus2015-16 T2-4 Punjab/SC/number/SmallvsSemi-medium,AgCensus2015-16,T2-4,Punjab,SC,number,SmallvsSemi-medium,landholding,small holdings,semi-medium holdings,4,0,0,4,equal,c,"Table 3, PDF pages 31,33,34",https://www.fao.org/fileadmin/templates/ess/ess_test_folder/World_Census_Agriculture/WCA_2020/WCA_2020_new_doc/IND_REP_ENG_2015_2016.pdf | archived_sha256=fb01bcb922a38ef964a2ca2fddada5540426bf5b06317d931425ae8d699d6405,archived a1_extract.py/a1b_gender.py; shares independently recomputed from numeric CSV,percentage share (0-100); raw number of holdings in thousands,All Classes total for Punjab/SC/number=63,20.6349206349,25.3968253968,raw Small=13; raw Semi-medium=16; construction fact=f01070; stored gap=4.76 pp,recomputed_from_archived_official_report,deterministic_source_reconstruction_v1,2026-09-13,,,,equal,c,True
AgCensus2015-16 T2-4 Punjab/Semi-medium/number/SCvsOthers,AgCensus2015-16,T2-4,Punjab,Semi-medium,number,SCvsOthers,social_group,Scheduled Castes,Other social groups,1,1,0,0,diff,b,"Tables 2-4, PDF pages 28,34,40",https://www.fao.org/fileadmin/templates/ess/ess_test_folder/World_Census_Agriculture/WCA_2020/WCA_2020_new_doc/IND_REP_ENG_2015_2016.pdf | archived_sha256=fb01bcb922a38ef964a2ca2fddada5540426bf5b06317d931425ae8d699d6405,archived a1_extract.py/a1b_gender.py; shares independently recomputed from numeric CSV,percentage share (0-100); raw number of holdings in thousands,All-social-groups total for Punjab/Semi-medium/number=368,4.3478260870,95.6521739130,raw SC=16; raw Others=352; construction fact=f00255; stored gap=91.3 pp,recomputed_from_archived_official_report,deterministic_source_reconstruction_v1,2026-09-13,,,,diff,b,True
AgCensus2015-16 T2-4 Punjab/Semi-medium/number/STvsOthers,AgCensus2015-16,T2-4,Punjab,Semi-medium,number,STvsOthers,social_group,Scheduled Tribes,Other social groups,1,1,0,0,diff,b,"Tables 2-4, PDF pages 28,34,40",https://www.fao.org/fileadmin/templates/ess/ess_test_folder/World_Census_Agriculture/WCA_2020/WCA_2020_new_doc/IND_REP_ENG_2015_2016.pdf | archived_sha256=fb01bcb922a38ef964a2ca2fddada5540426bf5b06317d931425ae8d699d6405,archived a1_extract.py/a1b_gender.py; shares independently recomputed from numeric CSV,percentage share (0-100); raw number of holdings in thousands,All-social-groups total for Punjab/Semi-medium/number=368,0.0000000000,95.6521739130,raw ST=0; raw Others=352; construction fact=f00256; stored gap=95.65 pp,recomputed_from_archived_official_report,deterministic_source_reconstruction_v1,2026-09-13,,,,diff,b,True
AgCensus2015-16 T2-4 Punjab/Small/number/SCvsOthers,AgCensus2015-16,T2-4,Punjab,Small,number,SCvsOthers,social_group,Scheduled Castes,Other social groups,1,0,0,1,diff,b,"Tables 2-4, PDF pages 27,33,39",https://www.fao.org/fileadmin/templates/ess/ess_test_folder/World_Census_Agriculture/WCA_2020/WCA_2020_new_doc/IND_REP_ENG_2015_2016.pdf | archived_sha256=fb01bcb922a38ef964a2ca2fddada5540426bf5b06317d931425ae8d699d6405,archived a1_extract.py/a1b_gender.py; shares independently recomputed from numeric CSV,percentage share (0-100); raw number of holdings in thousands,All-social-groups total for Punjab/Small/number=207,6.2801932367,93.7198067633,raw SC=13; raw Others=194; construction fact=f00257; stored gap=87.44 pp,recomputed_from_archived_official_report,deterministic_source_reconstruction_v1,2026-09-13,,,,diff,b,True
AgCensus2015-16 T2-4 Punjab/Small/number/STvsOthers,AgCensus2015-16,T2-4,Punjab,Small,number,STvsOthers,social_group,Scheduled Tribes,Other social groups,1,1,0,0,diff,b,"Tables 2-4, PDF pages 27,33,39",https://www.fao.org/fileadmin/templates/ess/ess_test_folder/World_Census_Agriculture/WCA_2020/WCA_2020_new_doc/IND_REP_ENG_2015_2016.pdf | archived_sha256=fb01bcb922a38ef964a2ca2fddada5540426bf5b06317d931425ae8d699d6405,archived a1_extract.py/a1b_gender.py; shares independently recomputed from numeric CSV,percentage share (0-100); raw number of holdings in thousands,All-social-groups total for Punjab/Small/number=207,0.0000000000,93.7198067633,raw ST=0; raw Others=194; construction fact=f00258; stored gap=93.72 pp,recomputed_from_archived_official_report,deterministic_source_reconstruction_v1,2026-09-13,,,,diff,b,True
AgCensus2015-16 T2-4 Rajasthan/All Classes/area/SCvsST,AgCensus2015-16,T2-4,Rajasthan,All Classes,area,SCvsST,social_group,Scheduled Castes,Scheduled Tribes,8,8,0,0,equal,c,"Tables 2-4, PDF pages 25,31,37",https://www.fao.org/fileadmin/templates/ess/ess_test_folder/World_Census_Agriculture/WCA_2020/WCA_2020_new_doc/IND_REP_ENG_2015_2016.pdf | archived_sha256=fb01bcb922a38ef964a2ca2fddada5540426bf5b06317d931425ae8d699d6405,archived a1_extract.py/a1b_gender.py; shares independently recomputed from numeric CSV,percentage share (0-100); raw operated area in thousand hectares,All-social-groups total for Rajasthan/All Classes/area=20873,11.6514157045,8.3888276721,raw SC=2432; raw ST=1751; construction fact=f00637; stored gap=3.26 pp,recomputed_from_archived_official_report,deterministic_source_reconstruction_v1,2026-09-13,,,,equal,c,True
AgCensus2015-16 T2-4 Rajasthan/All Classes/number/SCvsOthers,AgCensus2015-16,T2-4,Rajasthan,All Classes,number,SCvsOthers,social_group,Scheduled Castes,Other social groups,1,1,0,0,diff,b,"Tables 2-4, PDF pages 25,31,37",https://www.fao.org/fileadmin/templates/ess/ess_test_folder/World_Census_Agriculture/WCA_2020/WCA_2020_new_doc/IND_REP_ENG_2015_2016.pdf | archived_sha256=fb01bcb922a38ef964a2ca2fddada5540426bf5b06317d931425ae8d699d6405,archived a1_extract.py/a1b_gender.py; shares independently recomputed from numeric CSV,percentage share (0-100); raw number of holdings in thousands,All-social-groups total for Rajasthan/All Classes/number=7655,13.6903984324,70.2677988243,raw SC=1048; raw Others=5379; construction fact=f00260; stored gap=56.58 pp,recomputed_from_archived_official_report,deterministic_source_reconstruction_v1,2026-09-13,,,,diff,b,True
AgCensus2015-16 T2-4 Rajasthan/All Classes/number/SCvsST,AgCensus2015-16,T2-4,Rajasthan,All Classes,number,SCvsST,social_group,Scheduled Castes,Scheduled Tribes,8,8,0,0,equal,c,"Tables 2-4, PDF pages 25,31,37",https://www.fao.org/fileadmin/templates/ess/ess_test_folder/World_Census_Agriculture/WCA_2020/WCA_2020_new_doc/IND_REP_ENG_2015_2016.pdf | archived_sha256=fb01bcb922a38ef964a2ca2fddada5540426bf5b06317d931425ae8d699d6405,archived a1_extract.py/a1b_gender.py; shares independently recomputed from numeric CSV,percentage share (0-100); raw number of holdings in thousands,All-social-groups total for Rajasthan/All Classes/number=7655,13.6903984324,16.0418027433,raw SC=1048; raw ST=1228; construction fact=f00259; stored gap=2.35 pp,recomputed_from_archived_official_report,deterministic_source_reconstruction_v1,2026-09-13,,,,equal,c,True
AgCensus2015-16 T2-4 Rajasthan/All Classes/number/STvsOthers,AgCensus2015-16,T2-4,Rajasthan,All Classes,number,STvsOthers,social_group,Scheduled Tribes,Other social groups,1,1,0,0,diff,b,"Tables 2-4, PDF pages 25,31,37",https://www.fao.org/fileadmin/templates/ess/ess_test_folder/World_Census_Agriculture/WCA_2020/WCA_2020_new_doc/IND_REP_ENG_2015_2016.pdf | archived_sha256=fb01bcb922a38ef964a2ca2fddada5540426bf5b06317d931425ae8d699d6405,archived a1_extract.py/a1b_gender.py; shares independently recomputed from numeric CSV,percentage share (0-100); raw number of holdings in thousands,All-social-groups total for Rajasthan/All Classes/number=7655,16.0418027433,70.2677988243,raw ST=1228; raw Others=5379; construction fact=f00261; stored gap=54.23 pp,recomputed_from_archived_official_report,deterministic_source_reconstruction_v1,2026-09-13,,,,diff,b,True
AgCensus2015-16 T2-4 Rajasthan/All/area/MarginalvsSmall,AgCensus2015-16,T2-4,Rajasthan,All,area,MarginalvsSmall,landholding,marginal operated area,small operated area,3,3,0,0,equal,c,"Table 2, PDF pages 25,26,27",https://www.fao.org/fileadmin/templates/ess/ess_test_folder/World_Census_Agriculture/WCA_2020/WCA_2020_new_doc/IND_REP_ENG_2015_2016.pdf | archived_sha256=fb01bcb922a38ef964a2ca2fddada5540426bf5b06317d931425ae8d699d6405,archived a1_extract.py/a1b_gender.py; shares independently recomputed from numeric CSV,percentage share (0-100); raw operated area in thousand hectares,All Classes total for Rajasthan/All/area=20873,7.1048723231,11.4454079433,raw Marginal=1483; raw Small=2389; construction fact=f01528; stored gap=4.34 pp,recomputed_from_archived_official_report,deterministic_source_reconstruction_v1,2026-09-13,,,,equal,c,True
AgCensus2015-16 T2-4 Rajasthan/All/area/MediumvsLarge,AgCensus2015-16,T2-4,Rajasthan,All,area,MediumvsLarge,landholding,medium operated area,large operated area,3,3,0,0,equal,c,"Table 2, PDF pages 25,29,30",https://www.fao.org/fileadmin/templates/ess/ess_test_folder/World_Census_Agriculture/WCA_2020/WCA_2020_new_doc/IND_REP_ENG_2015_2016.pdf | archived_sha256=fb01bcb922a38ef964a2ca2fddada5540426bf5b06317d931425ae8d699d6405,archived a1_extract.py/a1b_gender.py; shares independently recomputed from numeric CSV,percentage share (0-100); raw operated area in thousand hectares,All Classes total for Rajasthan/All/area=20873,33.0522684808,29.2914291190,raw Medium=6899; raw Large=6114; construction fact=f01536; stored gap=3.76 pp,recomputed_from_archived_official_report,deterministic_source_reconstruction_v1,2026-09-13,,,,equal,c,True
AgCensus2015-16 T2-4 Rajasthan/All/number/MarginalvsLarge,AgCensus2015-16,T2-4,Rajasthan,All,number,MarginalvsLarge,landholding,marginal holdings,large holdings,1,0,1,0,diff,a,"Table 2, PDF pages 25,26,30",https://www.fao.org/fileadmin/templates/ess/ess_test_folder/World_Census_Agriculture/WCA_2020/WCA_2020_new_doc/IND_REP_ENG_2015_2016.pdf | archived_sha256=fb01bcb922a38ef964a2ca2fddada5540426bf5b06317d931425ae8d699d6405,archived a1_extract.py/a1b_gender.py; shares independently recomputed from numeric CSV,percentage share (0-100); raw number of holdings in thousands,All Classes total for Rajasthan/All/number=7655,40.1175702155,4.6897452645,raw Marginal=3071; raw Large=359; construction fact=f00917; stored gap=35.43 pp,recomputed_from_archived_official_report,deterministic_source_reconstruction_v1,2026-09-13,,,,diff,a,True
AgCensus2015-16 T2-4 Rajasthan/All/number/MarginalvsMedium,AgCensus2015-16,T2-4,Rajasthan,All,number,MarginalvsMedium,landholding,marginal holdings,medium holdings,1,1,0,0,diff,a,"Table 2, PDF pages 25,26,29",https://www.fao.org/fileadmin/templates/ess/ess_test_folder/World_Census_Agriculture/WCA_2020/WCA_2020_new_doc/IND_REP_ENG_2015_2016.pdf | archived_sha256=fb01bcb922a38ef964a2ca2fddada5540426bf5b06317d931425ae8d699d6405,archived a1_extract.py/a1b_gender.py; shares independently recomputed from numeric CSV,percentage share (0-100); raw number of holdings in thousands,All Classes total for Rajasthan/All/number=7655,40.1175702155,14.7746570869,raw Marginal=3071; raw Medium=1131; construction fact=f00916; stored gap=25.34 pp,recomputed_from_archived_official_report,deterministic_source_reconstruction_v1,2026-09-13,,,,diff,a,True
AgCensus2015-16 T2-4 Rajasthan/All/number/MarginalvsSemi-medium,AgCensus2015-16,T2-4,Rajasthan,All,number,MarginalvsSemi-medium,landholding,marginal holdings,semi-medium holdings,1,0,0,1,diff,a,"Table 2, PDF pages 25,26,28",https://www.fao.org/fileadmin/templates/ess/ess_test_folder/World_Census_Agriculture/WCA_2020/WCA_2020_new_doc/IND_REP_ENG_2015_2016.pdf | archived_sha256=fb01bcb922a38ef964a2ca2fddada5540426bf5b06317d931425ae8d699d6405,archived a1_extract.py/a1b_gender.py; shares independently recomputed from numeric CSV,percentage share (0-100); raw number of holdings in thousands,All Classes total for Rajasthan/All/number=7655,40.1175702155,18.4977139125,raw Marginal=3071; raw Semi-medium=1416; construction fact=f00915; stored gap=21.62 pp,recomputed_from_archived_official_report,deterministic_source_reconstruction_v1,2026-09-13,,,,diff,a,True
AgCensus2015-16 T2-4 Rajasthan/All/number/MarginalvsSmall,AgCensus2015-16,T2-4,Rajasthan,All,number,MarginalvsSmall,landholding,marginal holdings,small holdings,1,1,0,0,diff,a,"Table 2, PDF pages 25,26,27",https://www.fao.org/fileadmin/templates/ess/ess_test_folder/World_Census_Agriculture/WCA_2020/WCA_2020_new_doc/IND_REP_ENG_2015_2016.pdf | archived_sha256=fb01bcb922a38ef964a2ca2fddada5540426bf5b06317d931425ae8d699d6405,archived a1_extract.py/a1b_gender.py; shares independently recomputed from numeric CSV,percentage share (0-100); raw number of holdings in thousands,All Classes total for Rajasthan/All/number=7655,40.1175702155,21.9072501633,raw Marginal=3071; raw Small=1677; construction fact=f00914; stored gap=18.21 pp,recomputed_from_archived_official_report,deterministic_source_reconstruction_v1,2026-09-13,,,,diff,a,True
AgCensus2015-16 T2-4 Rajasthan/All/number/MediumvsLarge,AgCensus2015-16,T2-4,Rajasthan,All,number,MediumvsLarge,landholding,medium holdings,large holdings,1,0,0,1,diff,a,"Table 2, PDF pages 25,29,30",https://www.fao.org/fileadmin/templates/ess/ess_test_folder/World_Census_Agriculture/WCA_2020/WCA_2020_new_doc/IND_REP_ENG_2015_2016.pdf | archived_sha256=fb01bcb922a38ef964a2ca2fddada5540426bf5b06317d931425ae8d699d6405,archived a1_extract.py/a1b_gender.py; shares independently recomputed from numeric CSV,percentage share (0-100); raw number of holdings in thousands,All Classes total for Rajasthan/All/number=7655,14.7746570869,4.6897452645,raw Medium=1131; raw Large=359; construction fact=f00922; stored gap=10.08 pp,recomputed_from_archived_official_report,deterministic_source_reconstruction_v1,2026-09-13,,,,diff,a,True
AgCensus2015-16 T2-4 Rajasthan/All/number/Semi-mediumvsLarge,AgCensus2015-16,T2-4,Rajasthan,All,number,Semi-mediumvsLarge,landholding,semi-medium holdings,large holdings,1,0,0,1,diff,a,"Table 2, PDF pages 25,28,30",https://www.fao.org/fileadmin/templates/ess/ess_test_folder/World_Census_Agriculture/WCA_2020/WCA_2020_new_doc/IND_REP_ENG_2015_2016.pdf | archived_sha256=fb01bcb922a38ef964a2ca2fddada5540426bf5b06317d931425ae8d699d6405,archived a1_extract.py/a1b_gender.py; shares independently recomputed from numeric CSV,percentage share (0-100); raw number of holdings in thousands,All Classes total for Rajasthan/All/number=7655,18.4977139125,4.6897452645,raw Semi-medium=1416; raw Large=359; construction fact=f00921; stored gap=13.81 pp,recomputed_from_archived_official_report,deterministic_source_reconstruction_v1,2026-09-13,,,,diff,a,True
AgCensus2015-16 T2-4 Rajasthan/All/number/Semi-mediumvsMedium,AgCensus2015-16,T2-4,Rajasthan,All,number,Semi-mediumvsMedium,landholding,semi-medium holdings,medium holdings,3,0,0,3,equal,c,"Table 2, PDF pages 25,28,29",https://www.fao.org/fileadmin/templates/ess/ess_test_folder/World_Census_Agriculture/WCA_2020/WCA_2020_new_doc/IND_REP_ENG_2015_2016.pdf | archived_sha256=fb01bcb922a38ef964a2ca2fddada5540426bf5b06317d931425ae8d699d6405,archived a1_extract.py/a1b_gender.py; shares independently recomputed from numeric CSV,percentage share (0-100); raw number of holdings in thousands,All Classes total for Rajasthan/All/number=7655,18.4977139125,14.7746570869,raw Semi-medium=1416; raw Medium=1131; construction fact=f00920; stored gap=3.72 pp,recomputed_from_archived_official_report,deterministic_source_reconstruction_v1,2026-09-13,,,,equal,c,True
AgCensus2015-16 T2-4 Rajasthan/All/number/SmallvsSemi-medium,AgCensus2015-16,T2-4,Rajasthan,All,number,SmallvsSemi-medium,landholding,small holdings,semi-medium holdings,3,0,0,3,equal,c,"Table 2, PDF pages 25,27,28",https://www.fao.org/fileadmin/templates/ess/ess_test_folder/World_Census_Agriculture/WCA_2020/WCA_2020_new_doc/IND_REP_ENG_2015_2016.pdf | archived_sha256=fb01bcb922a38ef964a2ca2fddada5540426bf5b06317d931425ae8d699d6405,archived a1_extract.py/a1b_gender.py; shares independently recomputed from numeric CSV,percentage share (0-100); raw number of holdings in thousands,All Classes total for Rajasthan/All/number=7655,21.9072501633,18.4977139125,raw Small=1677; raw Semi-medium=1416; construction fact=f00918; stored gap=3.41 pp,recomputed_from_archived_official_report,deterministic_source_reconstruction_v1,2026-09-13,,,,equal,c,True
AgCensus2015-16 T2-4 Rajasthan/Large/number/SCvsOthers,AgCensus2015-16,T2-4,Rajasthan,Large,number,SCvsOthers,social_group,Scheduled Castes,Other social groups,1,1,0,0,diff,b,"Tables 2-4, PDF pages 30,36,42",https://www.fao.org/fileadmin/templates/ess/ess_test_folder/World_Census_Agriculture/WCA_2020/WCA_2020_new_doc/IND_REP_ENG_2015_2016.pdf | archived_sha256=fb01bcb922a38ef964a2ca2fddada5540426bf5b06317d931425ae8d699d6405,archived a1_extract.py/a1b_gender.py; shares independently recomputed from numeric CSV,percentage share (0-100); raw number of holdings in thousands,All-social-groups total for Rajasthan/Large/number=359,9.7493036212,87.4651810585,raw SC=35; raw Others=314; construction fact=f00262; stored gap=77.72 pp,recomputed_from_archived_official_report,deterministic_source_reconstruction_v1,2026-09-13,,,,diff,b,True
AgCensus2015-16 T2-4 Rajasthan/Large/number/STvsOthers,AgCensus2015-16,T2-4,Rajasthan,Large,number,STvsOthers,social_group,Scheduled Tribes,Other social groups,1,1,0,0,diff,b,"Tables 2-4, PDF pages 30,36,42",https://www.fao.org/fileadmin/templates/ess/ess_test_folder/World_Census_Agriculture/WCA_2020/WCA_2020_new_doc/IND_REP_ENG_2015_2016.pdf | archived_sha256=fb01bcb922a38ef964a2ca2fddada5540426bf5b06317d931425ae8d699d6405,archived a1_extract.py/a1b_gender.py; shares independently recomputed from numeric CSV,percentage share (0-100); raw number of holdings in thousands,All-social-groups total for Rajasthan/Large/number=359,2.7855153203,87.4651810585,raw ST=10; raw Others=314; construction fact=f00263; stored gap=84.68 pp,recomputed_from_archived_official_report,deterministic_source_reconstruction_v1,2026-09-13,,,,diff,b,True
AgCensus2015-16 T2-4 Rajasthan/Marginal/number/STvsOthers,AgCensus2015-16,T2-4,Rajasthan,Marginal,number,STvsOthers,social_group,Scheduled Tribes,Other social groups,1,1,0,0,diff,b,"Tables 2-4, PDF pages 26,32,38",https://www.fao.org/fileadmin/templates/ess/ess_test_folder/World_Census_Agriculture/WCA_2020/WCA_2020_new_doc/IND_REP_ENG_2015_2016.pdf | archived_sha256=fb01bcb922a38ef964a2ca2fddada5540426bf5b06317d931425ae8d699d6405,archived a1_extract.py/a1b_gender.py; shares independently recomputed from numeric CSV,percentage share (0-100); raw number of holdings in thousands,All-social-groups total for Rajasthan/Marginal/number=3071,22.6961901661,62.4877889938,raw ST=697; raw Others=1919; construction fact=f00265; stored gap=39.79 pp,recomputed_from_archived_official_report,deterministic_source_reconstruction_v1,2026-09-13,,,,diff,b,True
AgCensus2015-16 T2-4 Rajasthan/Medium/number/SCvsOthers,AgCensus2015-16,T2-4,Rajasthan,Medium,number,SCvsOthers,social_group,Scheduled Castes,Other social groups,1,1,0,0,diff,b,"Tables 2-4, PDF pages 29,35,41",https://www.fao.org/fileadmin/templates/ess/ess_test_folder/World_Census_Agriculture/WCA_2020/WCA_2020_new_doc/IND_REP_ENG_2015_2016.pdf | archived_sha256=fb01bcb922a38ef964a2ca2fddada5540426bf5b06317d931425ae8d699d6405,archived a1_extract.py/a1b_gender.py; shares independently recomputed from numeric CSV,percentage share (0-100); raw number of holdings in thousands,All-social-groups total for Rajasthan/Medium/number=1131,11.5826702034,81.9628647215,raw SC=131; raw Others=927; construction fact=f00266; stored gap=70.38 pp,recomputed_from_archived_official_report,deterministic_source_reconstruction_v1,2026-09-13,,,,diff,b,True
AgCensus2015-16 T2-4 Rajasthan/Medium/number/STvsOthers,AgCensus2015-16,T2-4,Rajasthan,Medium,number,STvsOthers,social_group,Scheduled Tribes,Other social groups,1,0,0,1,diff,b,"Tables 2-4, PDF pages 29,35,41",https://www.fao.org/fileadmin/templates/ess/ess_test_folder/World_Census_Agriculture/WCA_2020/WCA_2020_new_doc/IND_REP_ENG_2015_2016.pdf | archived_sha256=fb01bcb922a38ef964a2ca2fddada5540426bf5b06317d931425ae8d699d6405,archived a1_extract.py/a1b_gender.py; shares independently recomputed from numeric CSV,percentage share (0-100); raw number of holdings in thousands,All-social-groups total for Rajasthan/Medium/number=1131,6.4544650752,81.9628647215,raw ST=73; raw Others=927; construction fact=f00267; stored gap=75.51 pp,recomputed_from_archived_official_report,deterministic_source_reconstruction_v1,2026-09-13,,,,diff,b,True
AgCensus2015-16 T2-4 Rajasthan/SC/area/MarginalvsSmall,AgCensus2015-16,T2-4,Rajasthan,SC,area,MarginalvsSmall,landholding,marginal operated area,small operated area,4,4,0,0,equal,c,"Table 3, PDF pages 31,32,33",https://www.fao.org/fileadmin/templates/ess/ess_test_folder/World_Census_Agriculture/WCA_2020/WCA_2020_new_doc/IND_REP_ENG_2015_2016.pdf | archived_sha256=fb01bcb922a38ef964a2ca2fddada5540426bf5b06317d931425ae8d699d6405,archived a1_extract.py/a1b_gender.py; shares independently recomputed from numeric CSV,percentage share (0-100); raw operated area in thousand hectares,All Classes total for Rajasthan/SC/area=2432,9.2927631579,14.2269736842,raw Marginal=226; raw Small=346; construction fact=f01707; stored gap=4.93 pp,recomputed_from_archived_official_report,deterministic_source_reconstruction_v1,2026-09-13,,,,equal,c,True
AgCensus2015-16 T2-4 Rajasthan/SC/area/Semi-mediumvsLarge,AgCensus2015-16,T2-4,Rajasthan,SC,area,Semi-mediumvsLarge,landholding,semi-medium operated area,large operated area,4,4,0,0,equal,c,"Table 3, PDF pages 31,34,36",https://www.fao.org/fileadmin/templates/ess/ess_test_folder/World_Census_Agriculture/WCA_2020/WCA_2020_new_doc/IND_REP_ENG_2015_2016.pdf | archived_sha256=fb01bcb922a38ef964a2ca2fddada5540426bf5b06317d931425ae8d699d6405,archived a1_extract.py/a1b_gender.py; shares independently recomputed from numeric CSV,percentage share (0-100); raw operated area in thousand hectares,All Classes total for Rajasthan/SC/area=2432,20.8059210526,23.1085526316,raw Semi-medium=506; raw Large=562; construction fact=f01713; stored gap=2.3 pp,recomputed_from_archived_official_report,deterministic_source_reconstruction_v1,2026-09-13,,,,equal,c,True
AgCensus2015-16 T2-4 Rajasthan/SC/number/MarginalvsLarge,AgCensus2015-16,T2-4,Rajasthan,SC,number,MarginalvsLarge,landholding,marginal holdings,large holdings,1,0,0,1,diff,a,"Table 3, PDF pages 31,32,36",https://www.fao.org/fileadmin/templates/ess/ess_test_folder/World_Census_Agriculture/WCA_2020/WCA_2020_new_doc/IND_REP_ENG_2015_2016.pdf | archived_sha256=fb01bcb922a38ef964a2ca2fddada5540426bf5b06317d931425ae8d699d6405,archived a1_extract.py/a1b_gender.py; shares independently recomputed from numeric CSV,percentage share (0-100); raw number of holdings in thousands,All Classes total for Rajasthan/SC/number=1048,43.4160305344,3.3396946565,raw Marginal=455; raw Large=35; construction fact=f01078; stored gap=40.08 pp,recomputed_from_archived_official_report,deterministic_source_reconstruction_v1,2026-09-13,,,,diff,a,True
AgCensus2015-16 T2-4 Rajasthan/SC/number/MarginalvsMedium,AgCensus2015-16,T2-4,Rajasthan,SC,number,MarginalvsMedium,landholding,marginal holdings,medium holdings,1,0,0,1,diff,a,"Table 3, PDF pages 31,32,35",https://www.fao.org/fileadmin/templates/ess/ess_test_folder/World_Census_Agriculture/WCA_2020/WCA_2020_new_doc/IND_REP_ENG_2015_2016.pdf | archived_sha256=fb01bcb922a38ef964a2ca2fddada5540426bf5b06317d931425ae8d699d6405,archived a1_extract.py/a1b_gender.py; shares independently recomputed from numeric CSV,percentage share (0-100); raw number of holdings in thousands,All Classes total for Rajasthan/SC/number=1048,43.4160305344,12.5000000000,raw Marginal=455; raw Medium=131; construction fact=f01077; stored gap=30.92 pp,recomputed_from_archived_official_report,deterministic_source_reconstruction_v1,2026-09-13,,,,diff,a,True
AgCensus2015-16 T2-4 Rajasthan/SC/number/MarginalvsSemi-medium,AgCensus2015-16,T2-4,Rajasthan,SC,number,MarginalvsSemi-medium,landholding,marginal holdings,semi-medium holdings,1,0,0,1,diff,a,"Table 3, PDF pages 31,32,34",https://www.fao.org/fileadmin/templates/ess/ess_test_folder/World_Census_Agriculture/WCA_2020/WCA_2020_new_doc/IND_REP_ENG_2015_2016.pdf | archived_sha256=fb01bcb922a38ef964a2ca2fddada5540426bf5b06317d931425ae8d699d6405,archived a1_extract.py/a1b_gender.py; shares independently recomputed from numeric CSV,percentage share (0-100); raw number of holdings in thousands,All Classes total for Rajasthan/SC/number=1048,43.4160305344,17.2709923664,raw Marginal=455; raw Semi-medium=181; construction fact=f01076; stored gap=26.15 pp,recomputed_from_archived_official_report,deterministic_source_reconstruction_v1,2026-09-13,,,,diff,a,True
AgCensus2015-16 T2-4 Rajasthan/SC/number/Semi-mediumvsMedium,AgCensus2015-16,T2-4,Rajasthan,SC,number,Semi-mediumvsMedium,landholding,semi-medium holdings,medium holdings,2,0,0,2,equal,c,"Table 3, PDF pages 31,34,35",https://www.fao.org/fileadmin/templates/ess/ess_test_folder/World_Census_Agriculture/WCA_2020/WCA_2020_new_doc/IND_REP_ENG_2015_2016.pdf | archived_sha256=fb01bcb922a38ef964a2ca2fddada5540426bf5b06317d931425ae8d699d6405,archived a1_extract.py/a1b_gender.py; shares independently recomputed from numeric CSV,percentage share (0-100); raw number of holdings in thousands,All Classes total for Rajasthan/SC/number=1048,17.2709923664,12.5000000000,raw Semi-medium=181; raw Medium=131; construction fact=f01081; stored gap=4.77 pp,recomputed_from_archived_official_report,deterministic_source_reconstruction_v1,2026-09-13,,,,equal,c,True
AgCensus2015-16 T2-4 Rajasthan/SC/number/SmallvsLarge,AgCensus2015-16,T2-4,Rajasthan,SC,number,SmallvsLarge,landholding,small holdings,large holdings,1,1,0,0,diff,a,"Table 3, PDF pages 31,33,36",https://www.fao.org/fileadmin/templates/ess/ess_test_folder/World_Census_Agriculture/WCA_2020/WCA_2020_new_doc/IND_REP_ENG_2015_2016.pdf | archived_sha256=fb01bcb922a38ef964a2ca2fddada5540426bf5b06317d931425ae8d699d6405,archived a1_extract.py/a1b_gender.py; shares independently recomputed from numeric CSV,percentage share (0-100); raw number of holdings in thousands,All Classes total for Rajasthan/SC/number=1048,23.3778625954,3.3396946565,raw Small=245; raw Large=35; construction fact=f01080; stored gap=20.04 pp,recomputed_from_archived_official_report,deterministic_source_reconstruction_v1,2026-09-13,,,,diff,a,True
AgCensus2015-16 T2-4 Rajasthan/SC/number/SmallvsMedium,AgCensus2015-16,T2-4,Rajasthan,SC,number,SmallvsMedium,landholding,small holdings,medium holdings,1,1,0,0,diff,a,"Table 3, PDF pages 31,33,35",https://www.fao.org/fileadmin/templates/ess/ess_test_folder/World_Census_Agriculture/WCA_2020/WCA_2020_new_doc/IND_REP_ENG_2015_2016.pdf | archived_sha256=fb01bcb922a38ef964a2ca2fddada5540426bf5b06317d931425ae8d699d6405,archived a1_extract.py/a1b_gender.py; shares independently recomputed from numeric CSV,percentage share (0-100); raw number of holdings in thousands,All Classes total for Rajasthan/SC/number=1048,23.3778625954,12.5000000000,raw Small=245; raw Medium=131; construction fact=f01079; stored gap=10.88 pp,recomputed_from_archived_official_report,deterministic_source_reconstruction_v1,2026-09-13,,,,diff,a,True
AgCensus2015-16 T2-4 Rajasthan/ST/area/MarginalvsSmall,AgCensus2015-16,T2-4,Rajasthan,ST,area,MarginalvsSmall,landholding,marginal operated area,small operated area,1,1,0,0,equal,c,"Table 4, PDF pages 37,38,39",https://www.fao.org/fileadmin/templates/ess/ess_test_folder/World_Census_Agriculture/WCA_2020/WCA_2020_new_doc/IND_REP_ENG_2015_2016.pdf | archived_sha256=fb01bcb922a38ef964a2ca2fddada5540426bf5b06317d931425ae8d699d6405,archived a1_extract.py/a1b_gender.py; shares independently recomputed from numeric CSV,percentage share (0-100); raw operated area in thousand hectares,All Classes total for Rajasthan/ST/area=1751,18.0468303826,22.2729868646,raw Marginal=316; raw Small=390; construction fact=f01913; stored gap=4.23 pp,recomputed_from_archived_official_report,deterministic_source_reconstruction_v1,2026-09-13,,,,equal,c,True
AgCensus2015-16 T2-4 Rajasthan/ST/area/SmallvsMedium,AgCensus2015-16,T2-4,Rajasthan,ST,area,SmallvsMedium,landholding,small operated area,medium operated area,1,1,0,0,equal,c,"Table 4, PDF pages 37,39,41",https://www.fao.org/fileadmin/templates/ess/ess_test_folder/World_Census_Agriculture/WCA_2020/WCA_2020_new_doc/IND_REP_ENG_2015_2016.pdf | archived_sha256=fb01bcb922a38ef964a2ca2fddada5540426bf5b06317d931425ae8d699d6405,archived a1_extract.py/a1b_gender.py; shares independently recomputed from numeric CSV,percentage share (0-100); raw operated area in thousand hectares,All Classes total for Rajasthan/ST/area=1751,22.2729868646,23.9862935465,raw Small=390; raw Medium=420; construction fact=f01915; stored gap=1.71 pp,recomputed_from_archived_official_report,deterministic_source_reconstruction_v1,2026-09-13,,,,equal,c,True
AgCensus2015-16 T2-4 Rajasthan/ST/area/SmallvsSemi-medium,AgCensus2015-16,T2-4,Rajasthan,ST,area,SmallvsSemi-medium,landholding,small operated area,semi-medium operated area,1,1,0,0,equal,c,"Table 4, PDF pages 37,39,40",https://www.fao.org/fileadmin/templates/ess/ess_test_folder/World_Census_Agriculture/WCA_2020/WCA_2020_new_doc/IND_REP_ENG_2015_2016.pdf | archived_sha256=fb01bcb922a38ef964a2ca2fddada5540426bf5b06317d931425ae8d699d6405,archived a1_extract.py/a1b_gender.py; shares independently recomputed from numeric CSV,percentage share (0-100); raw operated area in thousand hectares,All Classes total for Rajasthan/ST/area=1751,22.2729868646,26.7275842376,raw Small=390; raw Semi-medium=468; construction fact=f01914; stored gap=4.45 pp,recomputed_from_archived_official_report,deterministic_source_reconstruction_v1,2026-09-13,,,,equal,c,True
AgCensus2015-16 T2-4 Rajasthan/ST/number/MarginalvsMedium,AgCensus2015-16,T2-4,Rajasthan,ST,number,MarginalvsMedium,landholding,marginal holdings,medium holdings,1,1,0,0,diff,a,"Table 4, PDF pages 37,38,41",https://www.fao.org/fileadmin/templates/ess/ess_test_folder/World_Census_Agriculture/WCA_2020/WCA_2020_new_doc/IND_REP_ENG_2015_2016.pdf | archived_sha256=fb01bcb922a38ef964a2ca2fddada5540426bf5b06317d931425ae8d699d6405,archived a1_extract.py/a1b_gender.py; shares independently recomputed from numeric CSV,percentage share (0-100); raw number of holdings in thousands,All Classes total for Rajasthan/ST/number=1228,56.7589576547,5.9446254072,raw Marginal=697; raw Medium=73; construction fact=f01263; stored gap=50.81 pp,recomputed_from_archived_official_report,deterministic_source_reconstruction_v1,2026-09-13,,,,diff,a,True
AgCensus2015-16 T2-4 Rajasthan/ST/number/MarginalvsSemi-medium,AgCensus2015-16,T2-4,Rajasthan,ST,number,MarginalvsSemi-medium,landholding,marginal holdings,semi-medium holdings,1,1,0,0,diff,a,"Table 4, PDF pages 37,38,40",https://www.fao.org/fileadmin/templates/ess/ess_test_folder/World_Census_Agriculture/WCA_2020/WCA_2020_new_doc/IND_REP_ENG_2015_2016.pdf | archived_sha256=fb01bcb922a38ef964a2ca2fddada5540426bf5b06317d931425ae8d699d6405,archived a1_extract.py/a1b_gender.py; shares independently recomputed from numeric CSV,percentage share (0-100); raw number of holdings in thousands,All Classes total for Rajasthan/ST/number=1228,56.7589576547,13.8436482085,raw Marginal=697; raw Semi-medium=170; construction fact=f01262; stored gap=42.92 pp,recomputed_from_archived_official_report,deterministic_source_reconstruction_v1,2026-09-13,,,,diff,a,True
AgCensus2015-16 T2-4 Rajasthan/ST/number/MarginalvsSmall,AgCensus2015-16,T2-4,Rajasthan,ST,number,MarginalvsSmall,landholding,marginal holdings,small holdings,1,1,0,0,diff,a,"Table 4, PDF pages 37,38,39",https://www.fao.org/fileadmin/templates/ess/ess_test_folder/World_Census_Agriculture/WCA_2020/WCA_2020_new_doc/IND_REP_ENG_2015_2016.pdf | archived_sha256=fb01bcb922a38ef964a2ca2fddada5540426bf5b06317d931425ae8d699d6405,archived a1_extract.py/a1b_gender.py; shares independently recomputed from numeric CSV,percentage share (0-100); raw number of holdings in thousands,All Classes total for Rajasthan/ST/number=1228,56.7589576547,22.6384364821,raw Marginal=697; raw Small=278; construction fact=f01261; stored gap=34.12 pp,recomputed_from_archived_official_report,deterministic_source_reconstruction_v1,2026-09-13,,,,diff,a,True
AgCensus2015-16 T2-4 Rajasthan/ST/number/Semi-mediumvsLarge,AgCensus2015-16,T2-4,Rajasthan,ST,number,Semi-mediumvsLarge,landholding,semi-medium holdings,large holdings,1,1,0,0,diff,a,"Table 4, PDF pages 37,40,42",https://www.fao.org/fileadmin/templates/ess/ess_test_folder/World_Census_Agriculture/WCA_2020/WCA_2020_new_doc/IND_REP_ENG_2015_2016.pdf | archived_sha256=fb01bcb922a38ef964a2ca2fddada5540426bf5b06317d931425ae8d699d6405,archived a1_extract.py/a1b_gender.py; shares independently recomputed from numeric CSV,percentage share (0-100); raw number of holdings in thousands,All Classes total for Rajasthan/ST/number=1228,13.8436482085,0.8143322476,raw Semi-medium=170; raw Large=10; construction fact=f01267; stored gap=13.03 pp,recomputed_from_archived_official_report,deterministic_source_reconstruction_v1,2026-09-13,,,,diff,a,True
AgCensus2015-16 T2-4 Rajasthan/ST/number/SmallvsLarge,AgCensus2015-16,T2-4,Rajasthan,ST,number,SmallvsLarge,landholding,small holdings,large holdings,1,0,0,1,diff,a,"Table 4, PDF pages 37,39,42",https://www.fao.org/fileadmin/templates/ess/ess_test_folder/World_Census_Agriculture/WCA_2020/WCA_2020_new_doc/IND_REP_ENG_2015_2016.pdf | archived_sha256=fb01bcb922a38ef964a2ca2fddada5540426bf5b06317d931425ae8d699d6405,archived a1_extract.py/a1b_gender.py; shares independently recomputed from numeric CSV,percentage share (0-100); raw number of holdings in thousands,All Classes total for Rajasthan/ST/number=1228,22.6384364821,0.8143322476,raw Small=278; raw Large=10; construction fact=f01266; stored gap=21.82 pp,recomputed_from_archived_official_report,deterministic_source_reconstruction_v1,2026-09-13,,,,diff,a,True
AgCensus2015-16 T2-4 Rajasthan/Semi-medium/area/SCvsST,AgCensus2015-16,T2-4,Rajasthan,Semi-medium,area,SCvsST,social_group,Scheduled Castes,Scheduled Tribes,8,0,0,8,equal,c,"Tables 2-4, PDF pages 28,34,40",https://www.fao.org/fileadmin/templates/ess/ess_test_folder/World_Census_Agriculture/WCA_2020/WCA_2020_new_doc/IND_REP_ENG_2015_2016.pdf | archived_sha256=fb01bcb922a38ef964a2ca2fddada5540426bf5b06317d931425ae8d699d6405,archived a1_extract.py/a1b_gender.py; shares independently recomputed from numeric CSV,percentage share (0-100); raw operated area in thousand hectares,All-social-groups total for Rajasthan/Semi-medium/area=3989,12.6848834294,11.7322637252,raw SC=506; raw ST=468; construction fact=f00646; stored gap=0.95 pp,recomputed_from_archived_official_report,deterministic_source_reconstruction_v1,2026-09-13,,,,equal,c,True
AgCensus2015-16 T2-4 Rajasthan/Semi-medium/number/SCvsOthers,AgCensus2015-16,T2-4,Rajasthan,Semi-medium,number,SCvsOthers,social_group,Scheduled Castes,Other social groups,1,1,0,0,diff,b,"Tables 2-4, PDF pages 28,34,40",https://www.fao.org/fileadmin/templates/ess/ess_test_folder/World_Census_Agriculture/WCA_2020/WCA_2020_new_doc/IND_REP_ENG_2015_2016.pdf | archived_sha256=fb01bcb922a38ef964a2ca2fddada5540426bf5b06317d931425ae8d699d6405,archived a1_extract.py/a1b_gender.py; shares independently recomputed from numeric CSV,percentage share (0-100); raw number of holdings in thousands,All-social-groups total for Rajasthan/Semi-medium/number=1416,12.7824858757,75.2118644068,raw SC=181; raw Others=1065; construction fact=f00269; stored gap=62.43 pp,recomputed_from_archived_official_report,deterministic_source_reconstruction_v1,2026-09-13,,,,diff,b,True
AgCensus2015-16 T2-4 Rajasthan/Semi-medium/number/SCvsST,AgCensus2015-16,T2-4,Rajasthan,Semi-medium,number,SCvsST,social_group,Scheduled Castes,Scheduled Tribes,8,0,0,8,equal,c,"Tables 2-4, PDF pages 28,34,40",https://www.fao.org/fileadmin/templates/ess/ess_test_folder/World_Census_Agriculture/WCA_2020/WCA_2020_new_doc/IND_REP_ENG_2015_2016.pdf | archived_sha256=fb01bcb922a38ef964a2ca2fddada5540426bf5b06317d931425ae8d699d6405,archived a1_extract.py/a1b_gender.py; shares independently recomputed from numeric CSV,percentage share (0-100); raw number of holdings in thousands,All-social-groups total for Rajasthan/Semi-medium/number=1416,12.7824858757,12.0056497175,raw SC=181; raw ST=170; construction fact=f00268; stored gap=0.78 pp,recomputed_from_archived_official_report,deterministic_source_reconstruction_v1,2026-09-13,,,,equal,c,True
AgCensus2015-16 T2-4 Rajasthan/Semi-medium/number/STvsOthers,AgCensus2015-16,T2-4,Rajasthan,Semi-medium,number,STvsOthers,social_group,Scheduled Tribes,Other social groups,1,0,1,0,diff,b,"Tables 2-4, PDF pages 28,34,40",https://www.fao.org/fileadmin/templates/ess/ess_test_folder/World_Census_Agriculture/WCA_2020/WCA_2020_new_doc/IND_REP_ENG_2015_2016.pdf | archived_sha256=fb01bcb922a38ef964a2ca2fddada5540426bf5b06317d931425ae8d699d6405,archived a1_extract.py/a1b_gender.py; shares independently recomputed from numeric CSV,percentage share (0-100); raw number of holdings in thousands,All-social-groups total for Rajasthan/Semi-medium/number=1416,12.0056497175,75.2118644068,raw ST=170; raw Others=1065; construction fact=f00270; stored gap=63.21 pp,recomputed_from_archived_official_report,deterministic_source_reconstruction_v1,2026-09-13,,,,diff,b,True
AgCensus2015-16 T2-4 Rajasthan/Small/area/SCvsST,AgCensus2015-16,T2-4,Rajasthan,Small,area,SCvsST,social_group,Scheduled Castes,Scheduled Tribes,8,0,0,8,equal,c,"Tables 2-4, PDF pages 27,33,39",https://www.fao.org/fileadmin/templates/ess/ess_test_folder/World_Census_Agriculture/WCA_2020/WCA_2020_new_doc/IND_REP_ENG_2015_2016.pdf | archived_sha256=fb01bcb922a38ef964a2ca2fddada5540426bf5b06317d931425ae8d699d6405,archived a1_extract.py/a1b_gender.py; shares independently recomputed from numeric CSV,percentage share (0-100); raw operated area in thousand hectares,All-social-groups total for Rajasthan/Small/area=2389,14.4830473001,16.3248221013,raw SC=346; raw ST=390; construction fact=f00649; stored gap=1.84 pp,recomputed_from_archived_official_report,deterministic_source_reconstruction_v1,2026-09-13,,,,equal,c,True
AgCensus2015-16 T2-4 Rajasthan/Small/number/SCvsOthers,AgCensus2015-16,T2-4,Rajasthan,Small,number,SCvsOthers,social_group,Scheduled Castes,Other social groups,1,0,0,1,diff,b,"Tables 2-4, PDF pages 27,33,39",https://www.fao.org/fileadmin/templates/ess/ess_test_folder/World_Census_Agriculture/WCA_2020/WCA_2020_new_doc/IND_REP_ENG_2015_2016.pdf | archived_sha256=fb01bcb922a38ef964a2ca2fddada5540426bf5b06317d931425ae8d699d6405,archived a1_extract.py/a1b_gender.py; shares independently recomputed from numeric CSV,percentage share (0-100); raw number of holdings in thousands,All-social-groups total for Rajasthan/Small/number=1677,14.6094215862,68.8133571855,raw SC=245; raw Others=1154; construction fact=f00272; stored gap=54.2 pp,recomputed_from_archived_official_report,deterministic_source_reconstruction_v1,2026-09-13,,,,diff,b,True
AgCensus2015-16 T2-4 Rajasthan/Small/number/SCvsST,AgCensus2015-16,T2-4,Rajasthan,Small,number,SCvsST,social_group,Scheduled Castes,Scheduled Tribes,7,7,0,0,equal,c,"Tables 2-4, PDF pages 27,33,39",https://www.fao.org/fileadmin/templates/ess/ess_test_folder/World_Census_Agriculture/WCA_2020/WCA_2020_new_doc/IND_REP_ENG_2015_2016.pdf | archived_sha256=fb01bcb922a38ef964a2ca2fddada5540426bf5b06317d931425ae8d699d6405,archived a1_extract.py/a1b_gender.py; shares independently recomputed from numeric CSV,percentage share (0-100); raw number of holdings in thousands,All-social-groups total for Rajasthan/Small/number=1677,14.6094215862,16.5772212284,raw SC=245; raw ST=278; construction fact=f00271; stored gap=1.97 pp,recomputed_from_archived_official_report,deterministic_source_reconstruction_v1,2026-09-13,,,,equal,c,True
AgCensus2015-16 T2-4 Rajasthan/Small/number/STvsOthers,AgCensus2015-16,T2-4,Rajasthan,Small,number,STvsOthers,social_group,Scheduled Tribes,Other social groups,1,0,0,1,diff,b,"Tables 2-4, PDF pages 27,33,39",https://www.fao.org/fileadmin/templates/ess/ess_test_folder/World_Census_Agriculture/WCA_2020/WCA_2020_new_doc/IND_REP_ENG_2015_2016.pdf | archived_sha256=fb01bcb922a38ef964a2ca2fddada5540426bf5b06317d931425ae8d699d6405,archived a1_extract.py/a1b_gender.py; shares independently recomputed from numeric CSV,percentage share (0-100); raw number of holdings in thousands,All-social-groups total for Rajasthan/Small/number=1677,16.5772212284,68.8133571855,raw ST=278; raw Others=1154; construction fact=f00273; stored gap=52.24 pp,recomputed_from_archived_official_report,deterministic_source_reconstruction_v1,2026-09-13,,,,diff,b,True
AgCensus2015-16 T2-4 Sikkim/All Classes/number/SCvsOthers,AgCensus2015-16,T2-4,Sikkim,All Classes,number,SCvsOthers,social_group,Scheduled Castes,Other social groups,1,1,0,0,diff,b,"Tables 2-4, PDF pages 25,31,37",https://www.fao.org/fileadmin/templates/ess/ess_test_folder/World_Census_Agriculture/WCA_2020/WCA_2020_new_doc/IND_REP_ENG_2015_2016.pdf | archived_sha256=fb01bcb922a38ef964a2ca2fddada5540426bf5b06317d931425ae8d699d6405,archived a1_extract.py/a1b_gender.py; shares independently recomputed from numeric CSV,percentage share (0-100); raw number of holdings in thousands,All-social-groups total for Sikkim/All Classes/number=72,5.5555555556,51.3888888889,raw SC=4; raw Others=37; construction fact=f00275; stored gap=45.83 pp,recomputed_from_archived_official_report,deterministic_source_reconstruction_v1,2026-09-13,,,,diff,b,True
AgCensus2015-16 T2-4 Sikkim/All Classes/number/SCvsST,AgCensus2015-16,T2-4,Sikkim,All Classes,number,SCvsST,social_group,Scheduled Castes,Scheduled Tribes,1,1,0,0,diff,b,"Tables 2-4, PDF pages 25,31,37",https://www.fao.org/fileadmin/templates/ess/ess_test_folder/World_Census_Agriculture/WCA_2020/WCA_2020_new_doc/IND_REP_ENG_2015_2016.pdf | archived_sha256=fb01bcb922a38ef964a2ca2fddada5540426bf5b06317d931425ae8d699d6405,archived a1_extract.py/a1b_gender.py; shares independently recomputed from numeric CSV,percentage share (0-100); raw number of holdings in thousands,All-social-groups total for Sikkim/All Classes/number=72,5.5555555556,43.0555555556,raw SC=4; raw ST=31; construction fact=f00274; stored gap=37.5 pp,recomputed_from_archived_official_report,deterministic_source_reconstruction_v1,2026-09-13,,,,diff,b,True
AgCensus2015-16 T2-4 Sikkim/All/area/MarginalvsMedium,AgCensus2015-16,T2-4,Sikkim,All,area,MarginalvsMedium,landholding,marginal operated area,medium operated area,4,0,0,4,equal,c,"Table 2, PDF pages 25,26,29",https://www.fao.org/fileadmin/templates/ess/ess_test_folder/World_Census_Agriculture/WCA_2020/WCA_2020_new_doc/IND_REP_ENG_2015_2016.pdf | archived_sha256=fb01bcb922a38ef964a2ca2fddada5540426bf5b06317d931425ae8d699d6405,archived a1_extract.py/a1b_gender.py; shares independently recomputed from numeric CSV,percentage share (0-100); raw operated area in thousand hectares,All Classes total for Sikkim/All/area=91,19.7802197802,21.9780219780,raw Marginal=18; raw Medium=20; construction fact=f01539; stored gap=2.2 pp,recomputed_from_archived_official_report,deterministic_source_reconstruction_v1,2026-09-13,,,,equal,c,True
AgCensus2015-16 T2-4 Sikkim/All/area/MarginalvsSmall,AgCensus2015-16,T2-4,Sikkim,All,area,MarginalvsSmall,landholding,marginal operated area,small operated area,4,4,0,0,equal,c,"Table 2, PDF pages 25,26,27",https://www.fao.org/fileadmin/templates/ess/ess_test_folder/World_Census_Agriculture/WCA_2020/WCA_2020_new_doc/IND_REP_ENG_2015_2016.pdf | archived_sha256=fb01bcb922a38ef964a2ca2fddada5540426bf5b06317d931425ae8d699d6405,archived a1_extract.py/a1b_gender.py; shares independently recomputed from numeric CSV,percentage share (0-100); raw operated area in thousand hectares,All Classes total for Sikkim/All/area=91,19.7802197802,19.7802197802,raw Marginal=18; raw Small=18; construction fact=f01537; stored gap=0.0 pp,recomputed_from_archived_official_report,deterministic_source_reconstruction_v1,2026-09-13,,,,equal,c,True
AgCensus2015-16 T2-4 Sikkim/All/area/SmallvsMedium,AgCensus2015-16,T2-4,Sikkim,All,area,SmallvsMedium,landholding,small operated area,medium operated area,4,0,0,4,equal,c,"Table 2, PDF pages 25,27,29",https://www.fao.org/fileadmin/templates/ess/ess_test_folder/World_Census_Agriculture/WCA_2020/WCA_2020_new_doc/IND_REP_ENG_2015_2016.pdf | archived_sha256=fb01bcb922a38ef964a2ca2fddada5540426bf5b06317d931425ae8d699d6405,archived a1_extract.py/a1b_gender.py; shares independently recomputed from numeric CSV,percentage share (0-100); raw operated area in thousand hectares,All Classes total for Sikkim/All/area=91,19.7802197802,21.9780219780,raw Small=18; raw Medium=20; construction fact=f01542; stored gap=2.2 pp,recomputed_from_archived_official_report,deterministic_source_reconstruction_v1,2026-09-13,,,,equal,c,True
AgCensus2015-16 T2-4 Sikkim/All/number/MarginalvsLarge,AgCensus2015-16,T2-4,Sikkim,All,number,MarginalvsLarge,landholding,marginal holdings,large holdings,1,1,0,0,diff,a,"Table 2, PDF pages 25,26,30",https://www.fao.org/fileadmin/templates/ess/ess_test_folder/World_Census_Agriculture/WCA_2020/WCA_2020_new_doc/IND_REP_ENG_2015_2016.pdf | archived_sha256=fb01bcb922a38ef964a2ca2fddada5540426bf5b06317d931425ae8d699d6405,archived a1_extract.py/a1b_gender.py; shares independently recomputed from numeric CSV,percentage share (0-100); raw number of holdings in thousands,All Classes total for Sikkim/All/number=72,61.1111111111,0.0000000000,raw Marginal=44; raw Large=0; construction fact=f00926; stored gap=61.11 pp,recomputed_from_archived_official_report,deterministic_source_reconstruction_v1,2026-09-13,,,,diff,a,True
AgCensus2015-16 T2-4 Sikkim/All/number/MarginalvsMedium,AgCensus2015-16,T2-4,Sikkim,All,number,MarginalvsMedium,landholding,marginal holdings,medium holdings,1,1,0,0,diff,a,"Table 2, PDF pages 25,26,29",https://www.fao.org/fileadmin/templates/ess/ess_test_folder/World_Census_Agriculture/WCA_2020/WCA_2020_new_doc/IND_REP_ENG_2015_2016.pdf | archived_sha256=fb01bcb922a38ef964a2ca2fddada5540426bf5b06317d931425ae8d699d6405,archived a1_extract.py/a1b_gender.py; shares independently recomputed from numeric CSV,percentage share (0-100); raw number of holdings in thousands,All Classes total for Sikkim/All/number=72,61.1111111111,5.5555555556,raw Marginal=44; raw Medium=4; construction fact=f00925; stored gap=55.56 pp,recomputed_from_archived_official_report,deterministic_source_reconstruction_v1,2026-09-13,,,,diff,a,True
AgCensus2015-16 T2-4 Sikkim/All/number/MarginalvsSemi-medium,AgCensus2015-16,T2-4,Sikkim,All,number,MarginalvsSemi-medium,landholding,marginal holdings,semi-medium holdings,1,1,0,0,diff,a,"Table 2, PDF pages 25,26,28",https://www.fao.org/fileadmin/templates/ess/ess_test_folder/World_Census_Agriculture/WCA_2020/WCA_2020_new_doc/IND_REP_ENG_2015_2016.pdf | archived_sha256=fb01bcb922a38ef964a2ca2fddada5540426bf5b06317d931425ae8d699d6405,archived a1_extract.py/a1b_gender.py; shares independently recomputed from numeric CSV,percentage share (0-100); raw number of holdings in thousands,All Classes total for Sikkim/All/number=72,61.1111111111,15.2777777778,raw Marginal=44; raw Semi-medium=11; construction fact=f00924; stored gap=45.83 pp,recomputed_from_archived_official_report,deterministic_source_reconstruction_v1,2026-09-13,,,,diff,a,True
AgCensus2015-16 T2-4 Sikkim/All/number/MarginalvsSmall,AgCensus2015-16,T2-4,Sikkim,All,number,MarginalvsSmall,landholding,marginal holdings,small holdings,1,1,0,0,diff,a,"Table 2, PDF pages 25,26,27",https://www.fao.org/fileadmin/templates/ess/ess_test_folder/World_Census_Agriculture/WCA_2020/WCA_2020_new_doc/IND_REP_ENG_2015_2016.pdf | archived_sha256=fb01bcb922a38ef964a2ca2fddada5540426bf5b06317d931425ae8d699d6405,archived a1_extract.py/a1b_gender.py; shares independently recomputed from numeric CSV,percentage share (0-100); raw number of holdings in thousands,All Classes total for Sikkim/All/number=72,61.1111111111,18.0555555556,raw Marginal=44; raw Small=13; construction fact=f00923; stored gap=43.06 pp,recomputed_from_archived_official_report,deterministic_source_reconstruction_v1,2026-09-13,,,,diff,a,True
AgCensus2015-16 T2-4 Sikkim/All/number/Semi-mediumvsLarge,AgCensus2015-16,T2-4,Sikkim,All,number,Semi-mediumvsLarge,landholding,semi-medium holdings,large holdings,1,0,0,1,diff,a,"Table 2, PDF pages 25,28,30",https://www.fao.org/fileadmin/templates/ess/ess_test_folder/World_Census_Agriculture/WCA_2020/WCA_2020_new_doc/IND_REP_ENG_2015_2016.pdf | archived_sha256=fb01bcb922a38ef964a2ca2fddada5540426bf5b06317d931425ae8d699d6405,archived a1_extract.py/a1b_gender.py; shares independently recomputed from numeric CSV,percentage share (0-100); raw number of holdings in thousands,All Classes total for Sikkim/All/number=72,15.2777777778,0.0000000000,raw Semi-medium=11; raw Large=0; construction fact=f00930; stored gap=15.28 pp,recomputed_from_archived_official_report,deterministic_source_reconstruction_v1,2026-09-13,,,,diff,a,True
AgCensus2015-16 T2-4 Sikkim/All/number/SmallvsLarge,AgCensus2015-16,T2-4,Sikkim,All,number,SmallvsLarge,landholding,small holdings,large holdings,1,1,0,0,diff,a,"Table 2, PDF pages 25,27,30",https://www.fao.org/fileadmin/templates/ess/ess_test_folder/World_Census_Agriculture/WCA_2020/WCA_2020_new_doc/IND_REP_ENG_2015_2016.pdf | archived_sha256=fb01bcb922a38ef964a2ca2fddada5540426bf5b06317d931425ae8d699d6405,archived a1_extract.py/a1b_gender.py; shares independently recomputed from numeric CSV,percentage share (0-100); raw number of holdings in thousands,All Classes total for Sikkim/All/number=72,18.0555555556,0.0000000000,raw Small=13; raw Large=0; construction fact=f00929; stored gap=18.06 pp,recomputed_from_archived_official_report,deterministic_source_reconstruction_v1,2026-09-13,,,,diff,a,True
AgCensus2015-16 T2-4 Sikkim/All/number/SmallvsMedium,AgCensus2015-16,T2-4,Sikkim,All,number,SmallvsMedium,landholding,small holdings,medium holdings,1,1,0,0,diff,a,"Table 2, PDF pages 25,27,29",https://www.fao.org/fileadmin/templates/ess/ess_test_folder/World_Census_Agriculture/WCA_2020/WCA_2020_new_doc/IND_REP_ENG_2015_2016.pdf | archived_sha256=fb01bcb922a38ef964a2ca2fddada5540426bf5b06317d931425ae8d699d6405,archived a1_extract.py/a1b_gender.py; shares independently recomputed from numeric CSV,percentage share (0-100); raw number of holdings in thousands,All Classes total for Sikkim/All/number=72,18.0555555556,5.5555555556,raw Small=13; raw Medium=4; construction fact=f00928; stored gap=12.5 pp,recomputed_from_archived_official_report,deterministic_source_reconstruction_v1,2026-09-13,,,,diff,a,True
AgCensus2015-16 T2-4 Sikkim/All/number/SmallvsSemi-medium,AgCensus2015-16,T2-4,Sikkim,All,number,SmallvsSemi-medium,landholding,small holdings,semi-medium holdings,2,0,0,2,equal,c,"Table 2, PDF pages 25,27,28",https://www.fao.org/fileadmin/templates/ess/ess_test_folder/World_Census_Agriculture/WCA_2020/WCA_2020_new_doc/IND_REP_ENG_2015_2016.pdf | archived_sha256=fb01bcb922a38ef964a2ca2fddada5540426bf5b06317d931425ae8d699d6405,archived a1_extract.py/a1b_gender.py; shares independently recomputed from numeric CSV,percentage share (0-100); raw number of holdings in thousands,All Classes total for Sikkim/All/number=72,18.0555555556,15.2777777778,raw Small=13; raw Semi-medium=11; construction fact=f00927; stored gap=2.78 pp,recomputed_from_archived_official_report,deterministic_source_reconstruction_v1,2026-09-13,,,,equal,c,True
AgCensus2015-16 T2-4 Sikkim/Marginal/number/SCvsOthers,AgCensus2015-16,T2-4,Sikkim,Marginal,number,SCvsOthers,social_group,Scheduled Castes,Other social groups,1,0,0,1,diff,b,"Tables 2-4, PDF pages 26,32,38",https://www.fao.org/fileadmin/templates/ess/ess_test_folder/World_Census_Agriculture/WCA_2020/WCA_2020_new_doc/IND_REP_ENG_2015_2016.pdf | archived_sha256=fb01bcb922a38ef964a2ca2fddada5540426bf5b06317d931425ae8d699d6405,archived a1_extract.py/a1b_gender.py; shares independently recomputed from numeric CSV,percentage share (0-100); raw number of holdings in thousands,All-social-groups total for Sikkim/Marginal/number=44,6.8181818182,54.5454545455,raw SC=3; raw Others=24; construction fact=f00277; stored gap=47.73 pp,recomputed_from_archived_official_report,deterministic_source_reconstruction_v1,2026-09-13,,,,diff,b,True
AgCensus2015-16 T2-4 Sikkim/Marginal/number/SCvsST,AgCensus2015-16,T2-4,Sikkim,Marginal,number,SCvsST,social_group,Scheduled Castes,Scheduled Tribes,1,0,1,0,diff,b,"Tables 2-4, PDF pages 26,32,38",https://www.fao.org/fileadmin/templates/ess/ess_test_folder/World_Census_Agriculture/WCA_2020/WCA_2020_new_doc/IND_REP_ENG_2015_2016.pdf | archived_sha256=fb01bcb922a38ef964a2ca2fddada5540426bf5b06317d931425ae8d699d6405,archived a1_extract.py/a1b_gender.py; shares independently recomputed from numeric CSV,percentage share (0-100); raw number of holdings in thousands,All-social-groups total for Sikkim/Marginal/number=44,6.8181818182,38.6363636364,raw SC=3; raw ST=17; construction fact=f00276; stored gap=31.82 pp,recomputed_from_archived_official_report,deterministic_source_reconstruction_v1,2026-09-13,,,,diff,b,True
AgCensus2015-16 T2-4 Sikkim/Marginal/number/STvsOthers,AgCensus2015-16,T2-4,Sikkim,Marginal,number,STvsOthers,social_group,Scheduled Tribes,Other social groups,1,1,0,0,diff,b,"Tables 2-4, PDF pages 26,32,38",https://www.fao.org/fileadmin/templates/ess/ess_test_folder/World_Census_Agriculture/WCA_2020/WCA_2020_new_doc/IND_REP_ENG_2015_2016.pdf | archived_sha256=fb01bcb922a38ef964a2ca2fddada5540426bf5b06317d931425ae8d699d6405,archived a1_extract.py/a1b_gender.py; shares independently recomputed from numeric CSV,percentage share (0-100); raw number of holdings in thousands,All-social-groups total for Sikkim/Marginal/number=44,38.6363636364,54.5454545455,raw ST=17; raw Others=24; construction fact=f00278; stored gap=15.91 pp,recomputed_from_archived_official_report,deterministic_source_reconstruction_v1,2026-09-13,,,,diff,b,True
AgCensus2015-16 T2-4 Sikkim/ST/area/MarginalvsSmall,AgCensus2015-16,T2-4,Sikkim,ST,area,MarginalvsSmall,landholding,marginal operated area,small operated area,1,1,0,0,equal,c,"Table 4, PDF pages 37,38,39",https://www.fao.org/fileadmin/templates/ess/ess_test_folder/World_Census_Agriculture/WCA_2020/WCA_2020_new_doc/IND_REP_ENG_2015_2016.pdf | archived_sha256=fb01bcb922a38ef964a2ca2fddada5540426bf5b06317d931425ae8d699d6405,archived a1_extract.py/a1b_gender.py; shares independently recomputed from numeric CSV,percentage share (0-100); raw operated area in thousand hectares,All Classes total for Sikkim/ST/area=47,14.8936170213,17.0212765957,raw Marginal=7; raw Small=8; construction fact=f01920; stored gap=2.13 pp,recomputed_from_archived_official_report,deterministic_source_reconstruction_v1,2026-09-13,,,,equal,c,True
AgCensus2015-16 T2-4 Sikkim/ST/number/MarginalvsLarge,AgCensus2015-16,T2-4,Sikkim,ST,number,MarginalvsLarge,landholding,marginal holdings,large holdings,1,0,0,1,diff,a,"Table 4, PDF pages 37,38,42",https://www.fao.org/fileadmin/templates/ess/ess_test_folder/World_Census_Agriculture/WCA_2020/WCA_2020_new_doc/IND_REP_ENG_2015_2016.pdf | archived_sha256=fb01bcb922a38ef964a2ca2fddada5540426bf5b06317d931425ae8d699d6405,archived a1_extract.py/a1b_gender.py; shares independently recomputed from numeric CSV,percentage share (0-100); raw number of holdings in thousands,All Classes total for Sikkim/ST/number=31,54.8387096774,0.0000000000,raw Marginal=17; raw Large=0; construction fact=f01271; stored gap=54.84 pp,recomputed_from_archived_official_report,deterministic_source_reconstruction_v1,2026-09-13,,,,diff,a,True
AgCensus2015-16 T2-4 Sikkim/ST/number/MarginalvsSemi-medium,AgCensus2015-16,T2-4,Sikkim,ST,number,MarginalvsSemi-medium,landholding,marginal holdings,semi-medium holdings,1,1,0,0,diff,a,"Table 4, PDF pages 37,38,40",https://www.fao.org/fileadmin/templates/ess/ess_test_folder/World_Census_Agriculture/WCA_2020/WCA_2020_new_doc/IND_REP_ENG_2015_2016.pdf | archived_sha256=fb01bcb922a38ef964a2ca2fddada5540426bf5b06317d931425ae8d699d6405,archived a1_extract.py/a1b_gender.py; shares independently recomputed from numeric CSV,percentage share (0-100); raw number of holdings in thousands,All Classes total for Sikkim/ST/number=31,54.8387096774,19.3548387097,raw Marginal=17; raw Semi-medium=6; construction fact=f01269; stored gap=35.48 pp,recomputed_from_archived_official_report,deterministic_source_reconstruction_v1,2026-09-13,,,,diff,a,True
AgCensus2015-16 T2-4 Sikkim/ST/number/Semi-mediumvsLarge,AgCensus2015-16,T2-4,Sikkim,ST,number,Semi-mediumvsLarge,landholding,semi-medium holdings,large holdings,1,1,0,0,diff,a,"Table 4, PDF pages 37,40,42",https://www.fao.org/fileadmin/templates/ess/ess_test_folder/World_Census_Agriculture/WCA_2020/WCA_2020_new_doc/IND_REP_ENG_2015_2016.pdf | archived_sha256=fb01bcb922a38ef964a2ca2fddada5540426bf5b06317d931425ae8d699d6405,archived a1_extract.py/a1b_gender.py; shares independently recomputed from numeric CSV,percentage share (0-100); raw number of holdings in thousands,All Classes total for Sikkim/ST/number=31,19.3548387097,0.0000000000,raw Semi-medium=6; raw Large=0; construction fact=f01276; stored gap=19.35 pp,recomputed_from_archived_official_report,deterministic_source_reconstruction_v1,2026-09-13,,,,diff,a,True
AgCensus2015-16 T2-4 Sikkim/ST/number/Semi-mediumvsMedium,AgCensus2015-16,T2-4,Sikkim,ST,number,Semi-mediumvsMedium,landholding,semi-medium holdings,medium holdings,1,1,0,0,diff,a,"Table 4, PDF pages 37,40,41",https://www.fao.org/fileadmin/templates/ess/ess_test_folder/World_Census_Agriculture/WCA_2020/WCA_2020_new_doc/IND_REP_ENG_2015_2016.pdf | archived_sha256=fb01bcb922a38ef964a2ca2fddada5540426bf5b06317d931425ae8d699d6405,archived a1_extract.py/a1b_gender.py; shares independently recomputed from numeric CSV,percentage share (0-100); raw number of holdings in thousands,All Classes total for Sikkim/ST/number=31,19.3548387097,6.4516129032,raw Semi-medium=6; raw Medium=2; construction fact=f01275; stored gap=12.9 pp,recomputed_from_archived_official_report,deterministic_source_reconstruction_v1,2026-09-13,,,,diff,a,True
AgCensus2015-16 T2-4 Sikkim/ST/number/SmallvsLarge,AgCensus2015-16,T2-4,Sikkim,ST,number,SmallvsLarge,landholding,small holdings,large holdings,1,0,0,1,diff,a,"Table 4, PDF pages 37,39,42",https://www.fao.org/fileadmin/templates/ess/ess_test_folder/World_Census_Agriculture/WCA_2020/WCA_2020_new_doc/IND_REP_ENG_2015_2016.pdf | archived_sha256=fb01bcb922a38ef964a2ca2fddada5540426bf5b06317d931425ae8d699d6405,archived a1_extract.py/a1b_gender.py; shares independently recomputed from numeric CSV,percentage share (0-100); raw number of holdings in thousands,All Classes total for Sikkim/ST/number=31,19.3548387097,0.0000000000,raw Small=6; raw Large=0; construction fact=f01274; stored gap=19.35 pp,recomputed_from_archived_official_report,deterministic_source_reconstruction_v1,2026-09-13,,,,diff,a,True
AgCensus2015-16 T2-4 Sikkim/ST/number/SmallvsMedium,AgCensus2015-16,T2-4,Sikkim,ST,number,SmallvsMedium,landholding,small holdings,medium holdings,1,1,0,0,diff,a,"Table 4, PDF pages 37,39,41",https://www.fao.org/fileadmin/templates/ess/ess_test_folder/World_Census_Agriculture/WCA_2020/WCA_2020_new_doc/IND_REP_ENG_2015_2016.pdf | archived_sha256=fb01bcb922a38ef964a2ca2fddada5540426bf5b06317d931425ae8d699d6405,archived a1_extract.py/a1b_gender.py; shares independently recomputed from numeric CSV,percentage share (0-100); raw number of holdings in thousands,All Classes total for Sikkim/ST/number=31,19.3548387097,6.4516129032,raw Small=6; raw Medium=2; construction fact=f01273; stored gap=12.9 pp,recomputed_from_archived_official_report,deterministic_source_reconstruction_v1,2026-09-13,,,,diff,a,True
AgCensus2015-16 T2-4 Sikkim/ST/number/SmallvsSemi-medium,AgCensus2015-16,T2-4,Sikkim,ST,number,SmallvsSemi-medium,landholding,small holdings,semi-medium holdings,3,3,0,0,equal,c,"Table 4, PDF pages 37,39,40",https://www.fao.org/fileadmin/templates/ess/ess_test_folder/World_Census_Agriculture/WCA_2020/WCA_2020_new_doc/IND_REP_ENG_2015_2016.pdf | archived_sha256=fb01bcb922a38ef964a2ca2fddada5540426bf5b06317d931425ae8d699d6405,archived a1_extract.py/a1b_gender.py; shares independently recomputed from numeric CSV,percentage share (0-100); raw number of holdings in thousands,All Classes total for Sikkim/ST/number=31,19.3548387097,19.3548387097,raw Small=6; raw Semi-medium=6; construction fact=f01272; stored gap=0.0 pp,recomputed_from_archived_official_report,deterministic_source_reconstruction_v1,2026-09-13,,,,equal,c,True
AgCensus2015-16 T2-4 Tamil Nadu/All Classes/number/SCvsOthers,AgCensus2015-16,T2-4,Tamil Nadu,All Classes,number,SCvsOthers,social_group,Scheduled Castes,Other social groups,1,1,0,0,diff,b,"Tables 2-4, PDF pages 25,31,37",https://www.fao.org/fileadmin/templates/ess/ess_test_folder/World_Census_Agriculture/WCA_2020/WCA_2020_new_doc/IND_REP_ENG_2015_2016.pdf | archived_sha256=fb01bcb922a38ef964a2ca2fddada5540426bf5b06317d931425ae8d699d6405,archived a1_extract.py/a1b_gender.py; shares independently recomputed from numeric CSV,percentage share (0-100); raw number of holdings in thousands,All-social-groups total for Tamil Nadu/All Classes/number=7938,10.0655076846,88.7377173091,raw SC=799; raw Others=7044; construction fact=f00279; stored gap=78.67 pp,recomputed_from_archived_official_report,deterministic_source_reconstruction_v1,2026-09-13,,,,diff,b,True
AgCensus2015-16 T2-4 Tamil Nadu/All Classes/number/STvsOthers,AgCensus2015-16,T2-4,Tamil Nadu,All Classes,number,STvsOthers,social_group,Scheduled Tribes,Other social groups,1,1,0,0,diff,b,"Tables 2-4, PDF pages 25,31,37",https://www.fao.org/fileadmin/templates/ess/ess_test_folder/World_Census_Agriculture/WCA_2020/WCA_2020_new_doc/IND_REP_ENG_2015_2016.pdf | archived_sha256=fb01bcb922a38ef964a2ca2fddada5540426bf5b06317d931425ae8d699d6405,archived a1_extract.py/a1b_gender.py; shares independently recomputed from numeric CSV,percentage share (0-100); raw number of holdings in thousands,All-social-groups total for Tamil Nadu/All Classes/number=7938,1.1967750063,88.7377173091,raw ST=95; raw Others=7044; construction fact=f00280; stored gap=87.54 pp,recomputed_from_archived_official_report,deterministic_source_reconstruction_v1,2026-09-13,,,,diff,b,True
AgCensus2015-16 T2-4 Tamil Nadu/All/number/MarginalvsLarge,AgCensus2015-16,T2-4,Tamil Nadu,All,number,MarginalvsLarge,landholding,marginal holdings,large holdings,1,1,0,0,diff,a,"Table 2, PDF pages 25,26,30",https://www.fao.org/fileadmin/templates/ess/ess_test_folder/World_Census_Agriculture/WCA_2020/WCA_2020_new_doc/IND_REP_ENG_2015_2016.pdf | archived_sha256=fb01bcb922a38ef964a2ca2fddada5540426bf5b06317d931425ae8d699d6405,archived a1_extract.py/a1b_gender.py; shares independently recomputed from numeric CSV,percentage share (0-100); raw number of holdings in thousands,All Classes total for Tamil Nadu/All/number=7938,78.4076593600,0.1889644747,raw Marginal=6224; raw Large=15; construction fact=f00934; stored gap=78.22 pp,recomputed_from_archived_official_report,deterministic_source_reconstruction_v1,2026-09-13,,,,diff,a,True
AgCensus2015-16 T2-4 Tamil Nadu/All/number/MarginalvsMedium,AgCensus2015-16,T2-4,Tamil Nadu,All,number,MarginalvsMedium,landholding,marginal holdings,medium holdings,1,0,0,1,diff,a,"Table 2, PDF pages 25,26,29",https://www.fao.org/fileadmin/templates/ess/ess_test_folder/World_Census_Agriculture/WCA_2020/WCA_2020_new_doc/IND_REP_ENG_2015_2016.pdf | archived_sha256=fb01bcb922a38ef964a2ca2fddada5540426bf5b06317d931425ae8d699d6405,archived a1_extract.py/a1b_gender.py; shares independently recomputed from numeric CSV,percentage share (0-100); raw number of holdings in thousands,All Classes total for Tamil Nadu/All/number=7938,78.4076593600,1.6124968506,raw Marginal=6224; raw Medium=128; construction fact=f00933; stored gap=76.8 pp,recomputed_from_archived_official_report,deterministic_source_reconstruction_v1,2026-09-13,,,,diff,a,True
AgCensus2015-16 T2-4 Tamil Nadu/All/number/MarginalvsSemi-medium,AgCensus2015-16,T2-4,Tamil Nadu,All,number,MarginalvsSemi-medium,landholding,marginal holdings,semi-medium holdings,1,1,0,0,diff,a,"Table 2, PDF pages 25,26,28",https://www.fao.org/fileadmin/templates/ess/ess_test_folder/World_Census_Agriculture/WCA_2020/WCA_2020_new_doc/IND_REP_ENG_2015_2016.pdf | archived_sha256=fb01bcb922a38ef964a2ca2fddada5540426bf5b06317d931425ae8d699d6405,archived a1_extract.py/a1b_gender.py; shares independently recomputed from numeric CSV,percentage share (0-100); raw number of holdings in thousands,All Classes total for Tamil Nadu/All/number=7938,78.4076593600,5.6941295037,raw Marginal=6224; raw Semi-medium=452; construction fact=f00932; stored gap=72.71 pp,recomputed_from_archived_official_report,deterministic_source_reconstruction_v1,2026-09-13,,,,diff,a,True
AgCensus2015-16 T2-4 Tamil Nadu/All/number/MarginalvsSmall,AgCensus2015-16,T2-4,Tamil Nadu,All,number,MarginalvsSmall,landholding,marginal holdings,small holdings,1,1,0,0,diff,a,"Table 2, PDF pages 25,26,27",https://www.fao.org/fileadmin/templates/ess/ess_test_folder/World_Census_Agriculture/WCA_2020/WCA_2020_new_doc/IND_REP_ENG_2015_2016.pdf | archived_sha256=fb01bcb922a38ef964a2ca2fddada5540426bf5b06317d931425ae8d699d6405,archived a1_extract.py/a1b_gender.py; shares independently recomputed from numeric CSV,percentage share (0-100); raw number of holdings in thousands,All Classes total for Tamil Nadu/All/number=7938,78.4076593600,14.0967498110,raw Marginal=6224; raw Small=1119; construction fact=f00931; stored gap=64.31 pp,recomputed_from_archived_official_report,deterministic_source_reconstruction_v1,2026-09-13,,,,diff,a,True
AgCensus2015-16 T2-4 Tamil Nadu/All/number/Semi-mediumvsMedium,AgCensus2015-16,T2-4,Tamil Nadu,All,number,Semi-mediumvsMedium,landholding,semi-medium holdings,medium holdings,4,0,0,4,equal,c,"Table 2, PDF pages 25,28,29",https://www.fao.org/fileadmin/templates/ess/ess_test_folder/World_Census_Agriculture/WCA_2020/WCA_2020_new_doc/IND_REP_ENG_2015_2016.pdf | archived_sha256=fb01bcb922a38ef964a2ca2fddada5540426bf5b06317d931425ae8d699d6405,archived a1_extract.py/a1b_gender.py; shares independently recomputed from numeric CSV,percentage share (0-100); raw number of holdings in thousands,All Classes total for Tamil Nadu/All/number=7938,5.6941295037,1.6124968506,raw Semi-medium=452; raw Medium=128; construction fact=f00937; stored gap=4.08 pp,recomputed_from_archived_official_report,deterministic_source_reconstruction_v1,2026-09-13,,,,equal,c,True
AgCensus2015-16 T2-4 Tamil Nadu/All/number/SmallvsLarge,AgCensus2015-16,T2-4,Tamil Nadu,All,number,SmallvsLarge,landholding,small holdings,large holdings,1,0,0,1,diff,a,"Table 2, PDF pages 25,27,30",https://www.fao.org/fileadmin/templates/ess/ess_test_folder/World_Census_Agriculture/WCA_2020/WCA_2020_new_doc/IND_REP_ENG_2015_2016.pdf | archived_sha256=fb01bcb922a38ef964a2ca2fddada5540426bf5b06317d931425ae8d699d6405,archived a1_extract.py/a1b_gender.py; shares independently recomputed from numeric CSV,percentage share (0-100); raw number of holdings in thousands,All Classes total for Tamil Nadu/All/number=7938,14.0967498110,0.1889644747,raw Small=1119; raw Large=15; construction fact=f00936; stored gap=13.91 pp,recomputed_from_archived_official_report,deterministic_source_reconstruction_v1,2026-09-13,,,,diff,a,True
AgCensus2015-16 T2-4 Tamil Nadu/All/number/SmallvsMedium,AgCensus2015-16,T2-4,Tamil Nadu,All,number,SmallvsMedium,landholding,small holdings,medium holdings,1,1,0,0,diff,a,"Table 2, PDF pages 25,27,29",https://www.fao.org/fileadmin/templates/ess/ess_test_folder/World_Census_Agriculture/WCA_2020/WCA_2020_new_doc/IND_REP_ENG_2015_2016.pdf | archived_sha256=fb01bcb922a38ef964a2ca2fddada5540426bf5b06317d931425ae8d699d6405,archived a1_extract.py/a1b_gender.py; shares independently recomputed from numeric CSV,percentage share (0-100); raw number of holdings in thousands,All Classes total for Tamil Nadu/All/number=7938,14.0967498110,1.6124968506,raw Small=1119; raw Medium=128; construction fact=f00935; stored gap=12.48 pp,recomputed_from_archived_official_report,deterministic_source_reconstruction_v1,2026-09-13,,,,diff,a,True
AgCensus2015-16 T2-4 Tamil Nadu/Marginal/number/SCvsOthers,AgCensus2015-16,T2-4,Tamil Nadu,Marginal,number,SCvsOthers,social_group,Scheduled Castes,Other social groups,1,0,0,1,diff,b,"Tables 2-4, PDF pages 26,32,38",https://www.fao.org/fileadmin/templates/ess/ess_test_folder/World_Census_Agriculture/WCA_2020/WCA_2020_new_doc/IND_REP_ENG_2015_2016.pdf | archived_sha256=fb01bcb922a38ef964a2ca2fddada5540426bf5b06317d931425ae8d699d6405,archived a1_extract.py/a1b_gender.py; shares independently recomputed from numeric CSV,percentage share (0-100); raw number of holdings in thousands,All-social-groups total for Tamil Nadu/Marginal/number=6224,10.8129820051,88.0623393316,raw SC=673; raw Others=5481; construction fact=f00281; stored gap=77.25 pp,recomputed_from_archived_official_report,deterministic_source_reconstruction_v1,2026-09-13,,,,diff,b,True
AgCensus2015-16 T2-4 Tamil Nadu/Marginal/number/STvsOthers,AgCensus2015-16,T2-4,Tamil Nadu,Marginal,number,STvsOthers,social_group,Scheduled Tribes,Other social groups,1,1,0,0,diff,b,"Tables 2-4, PDF pages 26,32,38",https://www.fao.org/fileadmin/templates/ess/ess_test_folder/World_Census_Agriculture/WCA_2020/WCA_2020_new_doc/IND_REP_ENG_2015_2016.pdf | archived_sha256=fb01bcb922a38ef964a2ca2fddada5540426bf5b06317d931425ae8d699d6405,archived a1_extract.py/a1b_gender.py; shares independently recomputed from numeric CSV,percentage share (0-100); raw number of holdings in thousands,All-social-groups total for Tamil Nadu/Marginal/number=6224,1.1246786632,88.0623393316,raw ST=70; raw Others=5481; construction fact=f00282; stored gap=86.94 pp,recomputed_from_archived_official_report,deterministic_source_reconstruction_v1,2026-09-13,,,,diff,b,True
AgCensus2015-16 T2-4 Tamil Nadu/Medium/number/SCvsOthers,AgCensus2015-16,T2-4,Tamil Nadu,Medium,number,SCvsOthers,social_group,Scheduled Castes,Other social groups,1,1,0,0,diff,b,"Tables 2-4, PDF pages 29,35,41",https://www.fao.org/fileadmin/templates/ess/ess_test_folder/World_Census_Agriculture/WCA_2020/WCA_2020_new_doc/IND_REP_ENG_2015_2016.pdf | archived_sha256=fb01bcb922a38ef964a2ca2fddada5540426bf5b06317d931425ae8d699d6405,archived a1_extract.py/a1b_gender.py; shares independently recomputed from numeric CSV,percentage share (0-100); raw number of holdings in thousands,All-social-groups total for Tamil Nadu/Medium/number=128,3.9062500000,94.5312500000,raw SC=5; raw Others=121; construction fact=f00283; stored gap=90.62 pp,recomputed_from_archived_official_report,deterministic_source_reconstruction_v1,2026-09-13,,,,diff,b,True
AgCensus2015-16 T2-4 Tamil Nadu/Medium/number/STvsOthers,AgCensus2015-16,T2-4,Tamil Nadu,Medium,number,STvsOthers,social_group,Scheduled Tribes,Other social groups,1,0,0,1,diff,b,"Tables 2-4, PDF pages 29,35,41",https://www.fao.org/fileadmin/templates/ess/ess_test_folder/World_Census_Agriculture/WCA_2020/WCA_2020_new_doc/IND_REP_ENG_2015_2016.pdf | archived_sha256=fb01bcb922a38ef964a2ca2fddada5540426bf5b06317d931425ae8d699d6405,archived a1_extract.py/a1b_gender.py; shares independently recomputed from numeric CSV,percentage share (0-100); raw number of holdings in thousands,All-social-groups total for Tamil Nadu/Medium/number=128,1.5625000000,94.5312500000,raw ST=2; raw Others=121; construction fact=f00284; stored gap=92.97 pp,recomputed_from_archived_official_report,deterministic_source_reconstruction_v1,2026-09-13,,,,diff,b,True
AgCensus2015-16 T2-4 Tamil Nadu/SC/area/MediumvsLarge,AgCensus2015-16,T2-4,Tamil Nadu,SC,area,MediumvsLarge,landholding,medium operated area,large operated area,3,3,0,0,equal,c,"Table 3, PDF pages 31,35,36",https://www.fao.org/fileadmin/templates/ess/ess_test_folder/World_Census_Agriculture/WCA_2020/WCA_2020_new_doc/IND_REP_ENG_2015_2016.pdf | archived_sha256=fb01bcb922a38ef964a2ca2fddada5540426bf5b06317d931425ae8d699d6405,archived a1_extract.py/a1b_gender.py; shares independently recomputed from numeric CSV,percentage share (0-100); raw operated area in thousand hectares,All Classes total for Tamil Nadu/SC/area=466,5.3648068670,1.2875536481,raw Medium=25; raw Large=6; construction fact=f01722; stored gap=4.08 pp,recomputed_from_archived_official_report,deterministic_source_reconstruction_v1,2026-09-13,,,,equal,c,True
AgCensus2015-16 T2-4 Tamil Nadu/SC/number/MarginalvsLarge,AgCensus2015-16,T2-4,Tamil Nadu,SC,number,MarginalvsLarge,landholding,marginal holdings,large holdings,1,0,1,0,diff,a,"Table 3, PDF pages 31,32,36",https://www.fao.org/fileadmin/templates/ess/ess_test_folder/World_Census_Agriculture/WCA_2020/WCA_2020_new_doc/IND_REP_ENG_2015_2016.pdf | archived_sha256=fb01bcb922a38ef964a2ca2fddada5540426bf5b06317d931425ae8d699d6405,archived a1_extract.py/a1b_gender.py; shares independently recomputed from numeric CSV,percentage share (0-100); raw number of holdings in thousands,All Classes total for Tamil Nadu/SC/number=799,84.2302878598,0.0000000000,raw Marginal=673; raw Large=0; construction fact=f01086; stored gap=84.23 pp,recomputed_from_archived_official_report,deterministic_source_reconstruction_v1,2026-09-13,,,,diff,a,True
AgCensus2015-16 T2-4 Tamil Nadu/SC/number/MarginalvsMedium,AgCensus2015-16,T2-4,Tamil Nadu,SC,number,MarginalvsMedium,landholding,marginal holdings,medium holdings,1,0,0,1,diff,a,"Table 3, PDF pages 31,32,35",https://www.fao.org/fileadmin/templates/ess/ess_test_folder/World_Census_Agriculture/WCA_2020/WCA_2020_new_doc/IND_REP_ENG_2015_2016.pdf | archived_sha256=fb01bcb922a38ef964a2ca2fddada5540426bf5b06317d931425ae8d699d6405,archived a1_extract.py/a1b_gender.py; shares independently recomputed from numeric CSV,percentage share (0-100); raw number of holdings in thousands,All Classes total for Tamil Nadu/SC/number=799,84.2302878598,0.6257822278,raw Marginal=673; raw Medium=5; construction fact=f01085; stored gap=83.6 pp,recomputed_from_archived_official_report,deterministic_source_reconstruction_v1,2026-09-13,,,,diff,a,True
AgCensus2015-16 T2-4 Tamil Nadu/SC/number/MarginalvsSemi-medium,AgCensus2015-16,T2-4,Tamil Nadu,SC,number,MarginalvsSemi-medium,landholding,marginal holdings,semi-medium holdings,1,0,0,1,diff,a,"Table 3, PDF pages 31,32,34",https://www.fao.org/fileadmin/templates/ess/ess_test_folder/World_Census_Agriculture/WCA_2020/WCA_2020_new_doc/IND_REP_ENG_2015_2016.pdf | archived_sha256=fb01bcb922a38ef964a2ca2fddada5540426bf5b06317d931425ae8d699d6405,archived a1_extract.py/a1b_gender.py; shares independently recomputed from numeric CSV,percentage share (0-100); raw number of holdings in thousands,All Classes total for Tamil Nadu/SC/number=799,84.2302878598,3.3792240300,raw Marginal=673; raw Semi-medium=27; construction fact=f01084; stored gap=80.85 pp,recomputed_from_archived_official_report,deterministic_source_reconstruction_v1,2026-09-13,,,,diff,a,True
AgCensus2015-16 T2-4 Tamil Nadu/SC/number/MarginalvsSmall,AgCensus2015-16,T2-4,Tamil Nadu,SC,number,MarginalvsSmall,landholding,marginal holdings,small holdings,1,1,0,0,diff,a,"Table 3, PDF pages 31,32,33",https://www.fao.org/fileadmin/templates/ess/ess_test_folder/World_Census_Agriculture/WCA_2020/WCA_2020_new_doc/IND_REP_ENG_2015_2016.pdf | archived_sha256=fb01bcb922a38ef964a2ca2fddada5540426bf5b06317d931425ae8d699d6405,archived a1_extract.py/a1b_gender.py; shares independently recomputed from numeric CSV,percentage share (0-100); raw number of holdings in thousands,All Classes total for Tamil Nadu/SC/number=799,84.2302878598,11.7647058824,raw Marginal=673; raw Small=94; construction fact=f01083; stored gap=72.47 pp,recomputed_from_archived_official_report,deterministic_source_reconstruction_v1,2026-09-13,,,,diff,a,True
AgCensus2015-16 T2-4 Tamil Nadu/SC/number/SmallvsLarge,AgCensus2015-16,T2-4,Tamil Nadu,SC,number,SmallvsLarge,landholding,small holdings,large holdings,1,1,0,0,diff,a,"Table 3, PDF pages 31,33,36",https://www.fao.org/fileadmin/templates/ess/ess_test_folder/World_Census_Agriculture/WCA_2020/WCA_2020_new_doc/IND_REP_ENG_2015_2016.pdf | archived_sha256=fb01bcb922a38ef964a2ca2fddada5540426bf5b06317d931425ae8d699d6405,archived a1_extract.py/a1b_gender.py; shares independently recomputed from numeric CSV,percentage share (0-100); raw number of holdings in thousands,All Classes total for Tamil Nadu/SC/number=799,11.7647058824,0.0000000000,raw Small=94; raw Large=0; construction fact=f01088; stored gap=11.76 pp,recomputed_from_archived_official_report,deterministic_source_reconstruction_v1,2026-09-13,,,,diff,a,True
AgCensus2015-16 T2-4 Tamil Nadu/SC/number/SmallvsMedium,AgCensus2015-16,T2-4,Tamil Nadu,SC,number,SmallvsMedium,landholding,small holdings,medium holdings,1,1,0,0,diff,a,"Table 3, PDF pages 31,33,35",https://www.fao.org/fileadmin/templates/ess/ess_test_folder/World_Census_Agriculture/WCA_2020/WCA_2020_new_doc/IND_REP_ENG_2015_2016.pdf | archived_sha256=fb01bcb922a38ef964a2ca2fddada5540426bf5b06317d931425ae8d699d6405,archived a1_extract.py/a1b_gender.py; shares independently recomputed from numeric CSV,percentage share (0-100); raw number of holdings in thousands,All Classes total for Tamil Nadu/SC/number=799,11.7647058824,0.6257822278,raw Small=94; raw Medium=5; construction fact=f01087; stored gap=11.14 pp,recomputed_from_archived_official_report,deterministic_source_reconstruction_v1,2026-09-13,,,,diff,a,True
AgCensus2015-16 T2-4 Tamil Nadu/ST/area/MarginalvsSmall,AgCensus2015-16,T2-4,Tamil Nadu,ST,area,MarginalvsSmall,landholding,marginal operated area,small operated area,1,0,1,0,equal,c,"Table 4, PDF pages 37,38,39",https://www.fao.org/fileadmin/templates/ess/ess_test_folder/World_Census_Agriculture/WCA_2020/WCA_2020_new_doc/IND_REP_ENG_2015_2016.pdf | archived_sha256=fb01bcb922a38ef964a2ca2fddada5540426bf5b06317d931425ae8d699d6405,archived a1_extract.py/a1b_gender.py; shares independently recomputed from numeric CSV,percentage share (0-100); raw operated area in thousand hectares,All Classes total for Tamil Nadu/ST/area=75,34.6666666667,30.6666666667,raw Marginal=26; raw Small=23; construction fact=f01928; stored gap=4.0 pp,recomputed_from_archived_official_report,deterministic_source_reconstruction_v1,2026-09-13,,,,equal,c,True
AgCensus2015-16 T2-4 Tamil Nadu/ST/number/MarginalvsLarge,AgCensus2015-16,T2-4,Tamil Nadu,ST,number,MarginalvsLarge,landholding,marginal holdings,large holdings,1,1,0,0,diff,a,"Table 4, PDF pages 37,38,42",https://www.fao.org/fileadmin/templates/ess/ess_test_folder/World_Census_Agriculture/WCA_2020/WCA_2020_new_doc/IND_REP_ENG_2015_2016.pdf | archived_sha256=fb01bcb922a38ef964a2ca2fddada5540426bf5b06317d931425ae8d699d6405,archived a1_extract.py/a1b_gender.py; shares independently recomputed from numeric CSV,percentage share (0-100); raw number of holdings in thousands,All Classes total for Tamil Nadu/ST/number=95,73.6842105263,0.0000000000,raw Marginal=70; raw Large=0; construction fact=f01280; stored gap=73.68 pp,recomputed_from_archived_official_report,deterministic_source_reconstruction_v1,2026-09-13,,,,diff,a,True
AgCensus2015-16 T2-4 Tamil Nadu/ST/number/MarginalvsMedium,AgCensus2015-16,T2-4,Tamil Nadu,ST,number,MarginalvsMedium,landholding,marginal holdings,medium holdings,1,1,0,0,diff,a,"Table 4, PDF pages 37,38,41",https://www.fao.org/fileadmin/templates/ess/ess_test_folder/World_Census_Agriculture/WCA_2020/WCA_2020_new_doc/IND_REP_ENG_2015_2016.pdf | archived_sha256=fb01bcb922a38ef964a2ca2fddada5540426bf5b06317d931425ae8d699d6405,archived a1_extract.py/a1b_gender.py; shares independently recomputed from numeric CSV,percentage share (0-100); raw number of holdings in thousands,All Classes total for Tamil Nadu/ST/number=95,73.6842105263,2.1052631579,raw Marginal=70; raw Medium=2; construction fact=f01279; stored gap=71.58 pp,recomputed_from_archived_official_report,deterministic_source_reconstruction_v1,2026-09-13,,,,diff,a,True
AgCensus2015-16 T2-4 Tamil Nadu/ST/number/MarginalvsSemi-medium,AgCensus2015-16,T2-4,Tamil Nadu,ST,number,MarginalvsSemi-medium,landholding,marginal holdings,semi-medium holdings,1,1,0,0,diff,a,"Table 4, PDF pages 37,38,40",https://www.fao.org/fileadmin/templates/ess/ess_test_folder/World_Census_Agriculture/WCA_2020/WCA_2020_new_doc/IND_REP_ENG_2015_2016.pdf | archived_sha256=fb01bcb922a38ef964a2ca2fddada5540426bf5b06317d931425ae8d699d6405,archived a1_extract.py/a1b_gender.py; shares independently recomputed from numeric CSV,percentage share (0-100); raw number of holdings in thousands,All Classes total for Tamil Nadu/ST/number=95,73.6842105263,6.3157894737,raw Marginal=70; raw Semi-medium=6; construction fact=f01278; stored gap=67.37 pp,recomputed_from_archived_official_report,deterministic_source_reconstruction_v1,2026-09-13,,,,diff,a,True
AgCensus2015-16 T2-4 Tamil Nadu/ST/number/MarginalvsSmall,AgCensus2015-16,T2-4,Tamil Nadu,ST,number,MarginalvsSmall,landholding,marginal holdings,small holdings,1,0,0,1,diff,a,"Table 4, PDF pages 37,38,39",https://www.fao.org/fileadmin/templates/ess/ess_test_folder/World_Census_Agriculture/WCA_2020/WCA_2020_new_doc/IND_REP_ENG_2015_2016.pdf | archived_sha256=fb01bcb922a38ef964a2ca2fddada5540426bf5b06317d931425ae8d699d6405,archived a1_extract.py/a1b_gender.py; shares independently recomputed from numeric CSV,percentage share (0-100); raw number of holdings in thousands,All Classes total for Tamil Nadu/ST/number=95,73.6842105263,17.8947368421,raw Marginal=70; raw Small=17; construction fact=f01277; stored gap=55.79 pp,recomputed_from_archived_official_report,deterministic_source_reconstruction_v1,2026-09-13,,,,diff,a,True
AgCensus2015-16 T2-4 Tamil Nadu/ST/number/Semi-mediumvsMedium,AgCensus2015-16,T2-4,Tamil Nadu,ST,number,Semi-mediumvsMedium,landholding,semi-medium holdings,medium holdings,3,0,3,0,equal,c,"Table 4, PDF pages 37,40,41",https://www.fao.org/fileadmin/templates/ess/ess_test_folder/World_Census_Agriculture/WCA_2020/WCA_2020_new_doc/IND_REP_ENG_2015_2016.pdf | archived_sha256=fb01bcb922a38ef964a2ca2fddada5540426bf5b06317d931425ae8d699d6405,archived a1_extract.py/a1b_gender.py; shares independently recomputed from numeric CSV,percentage share (0-100); raw number of holdings in thousands,All Classes total for Tamil Nadu/ST/number=95,6.3157894737,2.1052631579,raw Semi-medium=6; raw Medium=2; construction fact=f01284; stored gap=4.21 pp,recomputed_from_archived_official_report,deterministic_source_reconstruction_v1,2026-09-13,,,,equal,c,True
AgCensus2015-16 T2-4 Tamil Nadu/ST/number/SmallvsLarge,AgCensus2015-16,T2-4,Tamil Nadu,ST,number,SmallvsLarge,landholding,small holdings,large holdings,1,0,0,1,diff,a,"Table 4, PDF pages 37,39,42",https://www.fao.org/fileadmin/templates/ess/ess_test_folder/World_Census_Agriculture/WCA_2020/WCA_2020_new_doc/IND_REP_ENG_2015_2016.pdf | archived_sha256=fb01bcb922a38ef964a2ca2fddada5540426bf5b06317d931425ae8d699d6405,archived a1_extract.py/a1b_gender.py; shares independently recomputed from numeric CSV,percentage share (0-100); raw number of holdings in thousands,All Classes total for Tamil Nadu/ST/number=95,17.8947368421,0.0000000000,raw Small=17; raw Large=0; construction fact=f01283; stored gap=17.89 pp,recomputed_from_archived_official_report,deterministic_source_reconstruction_v1,2026-09-13,,,,diff,a,True
AgCensus2015-16 T2-4 Tamil Nadu/ST/number/SmallvsMedium,AgCensus2015-16,T2-4,Tamil Nadu,ST,number,SmallvsMedium,landholding,small holdings,medium holdings,1,0,1,0,diff,a,"Table 4, PDF pages 37,39,41",https://www.fao.org/fileadmin/templates/ess/ess_test_folder/World_Census_Agriculture/WCA_2020/WCA_2020_new_doc/IND_REP_ENG_2015_2016.pdf | archived_sha256=fb01bcb922a38ef964a2ca2fddada5540426bf5b06317d931425ae8d699d6405,archived a1_extract.py/a1b_gender.py; shares independently recomputed from numeric CSV,percentage share (0-100); raw number of holdings in thousands,All Classes total for Tamil Nadu/ST/number=95,17.8947368421,2.1052631579,raw Small=17; raw Medium=2; construction fact=f01282; stored gap=15.79 pp,recomputed_from_archived_official_report,deterministic_source_reconstruction_v1,2026-09-13,,,,diff,a,True
AgCensus2015-16 T2-4 Tamil Nadu/ST/number/SmallvsSemi-medium,AgCensus2015-16,T2-4,Tamil Nadu,ST,number,SmallvsSemi-medium,landholding,small holdings,semi-medium holdings,1,1,0,0,diff,a,"Table 4, PDF pages 37,39,40",https://www.fao.org/fileadmin/templates/ess/ess_test_folder/World_Census_Agriculture/WCA_2020/WCA_2020_new_doc/IND_REP_ENG_2015_2016.pdf | archived_sha256=fb01bcb922a38ef964a2ca2fddada5540426bf5b06317d931425ae8d699d6405,archived a1_extract.py/a1b_gender.py; shares independently recomputed from numeric CSV,percentage share (0-100); raw number of holdings in thousands,All Classes total for Tamil Nadu/ST/number=95,17.8947368421,6.3157894737,raw Small=17; raw Semi-medium=6; construction fact=f01281; stored gap=11.58 pp,recomputed_from_archived_official_report,deterministic_source_reconstruction_v1,2026-09-13,,,,diff,a,True
AgCensus2015-16 T2-4 Tamil Nadu/Semi-medium/area/SCvsST,AgCensus2015-16,T2-4,Tamil Nadu,Semi-medium,area,SCvsST,social_group,Scheduled Castes,Scheduled Tribes,8,0,0,8,equal,c,"Tables 2-4, PDF pages 28,34,40",https://www.fao.org/fileadmin/templates/ess/ess_test_folder/World_Census_Agriculture/WCA_2020/WCA_2020_new_doc/IND_REP_ENG_2015_2016.pdf | archived_sha256=fb01bcb922a38ef964a2ca2fddada5540426bf5b06317d931425ae8d699d6405,archived a1_extract.py/a1b_gender.py; shares independently recomputed from numeric CSV,percentage share (0-100); raw operated area in thousand hectares,All-social-groups total for Tamil Nadu/Semi-medium/area=1215,5.7613168724,1.3168724280,raw SC=70; raw ST=16; construction fact=f00668; stored gap=4.44 pp,recomputed_from_archived_official_report,deterministic_source_reconstruction_v1,2026-09-13,,,,equal,c,True
AgCensus2015-16 T2-4 Tamil Nadu/Semi-medium/number/SCvsOthers,AgCensus2015-16,T2-4,Tamil Nadu,Semi-medium,number,SCvsOthers,social_group,Scheduled Castes,Other social groups,1,1,0,0,diff,b,"Tables 2-4, PDF pages 28,34,40",https://www.fao.org/fileadmin/templates/ess/ess_test_folder/World_Census_Agriculture/WCA_2020/WCA_2020_new_doc/IND_REP_ENG_2015_2016.pdf | archived_sha256=fb01bcb922a38ef964a2ca2fddada5540426bf5b06317d931425ae8d699d6405,archived a1_extract.py/a1b_gender.py; shares independently recomputed from numeric CSV,percentage share (0-100); raw number of holdings in thousands,All-social-groups total for Tamil Nadu/Semi-medium/number=452,5.9734513274,92.6991150442,raw SC=27; raw Others=419; construction fact=f00286; stored gap=86.73 pp,recomputed_from_archived_official_report,deterministic_source_reconstruction_v1,2026-09-13,,,,diff,b,True
AgCensus2015-16 T2-4 Tamil Nadu/Semi-medium/number/SCvsST,AgCensus2015-16,T2-4,Tamil Nadu,Semi-medium,number,SCvsST,social_group,Scheduled Castes,Scheduled Tribes,8,0,0,8,equal,c,"Tables 2-4, PDF pages 28,34,40",https://www.fao.org/fileadmin/templates/ess/ess_test_folder/World_Census_Agriculture/WCA_2020/WCA_2020_new_doc/IND_REP_ENG_2015_2016.pdf | archived_sha256=fb01bcb922a38ef964a2ca2fddada5540426bf5b06317d931425ae8d699d6405,archived a1_extract.py/a1b_gender.py; shares independently recomputed from numeric CSV,percentage share (0-100); raw number of holdings in thousands,All-social-groups total for Tamil Nadu/Semi-medium/number=452,5.9734513274,1.3274336283,raw SC=27; raw ST=6; construction fact=f00285; stored gap=4.65 pp,recomputed_from_archived_official_report,deterministic_source_reconstruction_v1,2026-09-13,,,,equal,c,True
AgCensus2015-16 T2-4 Tamil Nadu/Semi-medium/number/STvsOthers,AgCensus2015-16,T2-4,Tamil Nadu,Semi-medium,number,STvsOthers,social_group,Scheduled Tribes,Other social groups,1,0,0,1,diff,b,"Tables 2-4, PDF pages 28,34,40",https://www.fao.org/fileadmin/templates/ess/ess_test_folder/World_Census_Agriculture/WCA_2020/WCA_2020_new_doc/IND_REP_ENG_2015_2016.pdf | archived_sha256=fb01bcb922a38ef964a2ca2fddada5540426bf5b06317d931425ae8d699d6405,archived a1_extract.py/a1b_gender.py; shares independently recomputed from numeric CSV,percentage share (0-100); raw number of holdings in thousands,All-social-groups total for Tamil Nadu/Semi-medium/number=452,1.3274336283,92.6991150442,raw ST=6; raw Others=419; construction fact=f00287; stored gap=91.37 pp,recomputed_from_archived_official_report,deterministic_source_reconstruction_v1,2026-09-13,,,,diff,b,True
AgCensus2015-16 T2-4 Tamil Nadu/Small/number/SCvsOthers,AgCensus2015-16,T2-4,Tamil Nadu,Small,number,SCvsOthers,social_group,Scheduled Castes,Other social groups,1,0,0,1,diff,b,"Tables 2-4, PDF pages 27,33,39",https://www.fao.org/fileadmin/templates/ess/ess_test_folder/World_Census_Agriculture/WCA_2020/WCA_2020_new_doc/IND_REP_ENG_2015_2016.pdf | archived_sha256=fb01bcb922a38ef964a2ca2fddada5540426bf5b06317d931425ae8d699d6405,archived a1_extract.py/a1b_gender.py; shares independently recomputed from numeric CSV,percentage share (0-100); raw number of holdings in thousands,All-social-groups total for Tamil Nadu/Small/number=1119,8.4003574620,90.0804289544,raw SC=94; raw Others=1008; construction fact=f00288; stored gap=81.68 pp,recomputed_from_archived_official_report,deterministic_source_reconstruction_v1,2026-09-13,,,,diff,b,True
AgCensus2015-16 T2-4 Tamil Nadu/Small/number/STvsOthers,AgCensus2015-16,T2-4,Tamil Nadu,Small,number,STvsOthers,social_group,Scheduled Tribes,Other social groups,1,0,1,0,diff,b,"Tables 2-4, PDF pages 27,33,39",https://www.fao.org/fileadmin/templates/ess/ess_test_folder/World_Census_Agriculture/WCA_2020/WCA_2020_new_doc/IND_REP_ENG_2015_2016.pdf | archived_sha256=fb01bcb922a38ef964a2ca2fddada5540426bf5b06317d931425ae8d699d6405,archived a1_extract.py/a1b_gender.py; shares independently recomputed from numeric CSV,percentage share (0-100); raw number of holdings in thousands,All-social-groups total for Tamil Nadu/Small/number=1119,1.5192135836,90.0804289544,raw ST=17; raw Others=1008; construction fact=f00289; stored gap=88.56 pp,recomputed_from_archived_official_report,deterministic_source_reconstruction_v1,2026-09-13,,,,diff,b,True
AgCensus2015-16 T2-4 Telangana/All Classes/area/SCvsST,AgCensus2015-16,T2-4,Telangana,All Classes,area,SCvsST,social_group,Scheduled Castes,Scheduled Tribes,8,8,0,0,equal,c,"Tables 2-4, PDF pages 25,31,37",https://www.fao.org/fileadmin/templates/ess/ess_test_folder/World_Census_Agriculture/WCA_2020/WCA_2020_new_doc/IND_REP_ENG_2015_2016.pdf | archived_sha256=fb01bcb922a38ef964a2ca2fddada5540426bf5b06317d931425ae8d699d6405,archived a1_extract.py/a1b_gender.py; shares independently recomputed from numeric CSV,percentage share (0-100); raw operated area in thousand hectares,All-social-groups total for Telangana/All Classes/area=5972,8.9082384461,12.4079035499,raw SC=532; raw ST=741; construction fact=f00673; stored gap=3.5 pp,recomputed_from_archived_official_report,deterministic_source_reconstruction_v1,2026-09-13,,,,equal,c,True
AgCensus2015-16 T2-4 Telangana/All Classes/number/SCvsOthers,AgCensus2015-16,T2-4,Telangana,All Classes,number,SCvsOthers,social_group,Scheduled Castes,Other social groups,1,1,0,0,diff,b,"Tables 2-4, PDF pages 25,31,37",https://www.fao.org/fileadmin/templates/ess/ess_test_folder/World_Census_Agriculture/WCA_2020/WCA_2020_new_doc/IND_REP_ENG_2015_2016.pdf | archived_sha256=fb01bcb922a38ef964a2ca2fddada5540426bf5b06317d931425ae8d699d6405,archived a1_extract.py/a1b_gender.py; shares independently recomputed from numeric CSV,percentage share (0-100); raw number of holdings in thousands,All-social-groups total for Telangana/All Classes/number=5948,11.7686617350,76.2609280430,raw SC=700; raw Others=4536; construction fact=f00291; stored gap=64.49 pp,recomputed_from_archived_official_report,deterministic_source_reconstruction_v1,2026-09-13,,,,diff,b,True
AgCensus2015-16 T2-4 Telangana/All Classes/number/SCvsST,AgCensus2015-16,T2-4,Telangana,All Classes,number,SCvsST,social_group,Scheduled Castes,Scheduled Tribes,8,8,0,0,equal,c,"Tables 2-4, PDF pages 25,31,37",https://www.fao.org/fileadmin/templates/ess/ess_test_folder/World_Census_Agriculture/WCA_2020/WCA_2020_new_doc/IND_REP_ENG_2015_2016.pdf | archived_sha256=fb01bcb922a38ef964a2ca2fddada5540426bf5b06317d931425ae8d699d6405,archived a1_extract.py/a1b_gender.py; shares independently recomputed from numeric CSV,percentage share (0-100); raw number of holdings in thousands,All-social-groups total for Telangana/All Classes/number=5948,11.7686617350,11.9704102219,raw SC=700; raw ST=712; construction fact=f00290; stored gap=0.2 pp,recomputed_from_archived_official_report,deterministic_source_reconstruction_v1,2026-09-13,,,,equal,c,True
AgCensus2015-16 T2-4 Telangana/All Classes/number/STvsOthers,AgCensus2015-16,T2-4,Telangana,All Classes,number,STvsOthers,social_group,Scheduled Tribes,Other social groups,1,1,0,0,diff,b,"Tables 2-4, PDF pages 25,31,37",https://www.fao.org/fileadmin/templates/ess/ess_test_folder/World_Census_Agriculture/WCA_2020/WCA_2020_new_doc/IND_REP_ENG_2015_2016.pdf | archived_sha256=fb01bcb922a38ef964a2ca2fddada5540426bf5b06317d931425ae8d699d6405,archived a1_extract.py/a1b_gender.py; shares independently recomputed from numeric CSV,percentage share (0-100); raw number of holdings in thousands,All-social-groups total for Telangana/All Classes/number=5948,11.9704102219,76.2609280430,raw ST=712; raw Others=4536; construction fact=f00292; stored gap=64.29 pp,recomputed_from_archived_official_report,deterministic_source_reconstruction_v1,2026-09-13,,,,diff,b,True
AgCensus2015-16 T2-4 Telangana/All/area/MarginalvsSemi-medium,AgCensus2015-16,T2-4,Telangana,All,area,MarginalvsSemi-medium,landholding,marginal operated area,semi-medium operated area,2,2,0,0,equal,c,"Table 2, PDF pages 25,26,28",https://www.fao.org/fileadmin/templates/ess/ess_test_folder/World_Census_Agriculture/WCA_2020/WCA_2020_new_doc/IND_REP_ENG_2015_2016.pdf | archived_sha256=fb01bcb922a38ef964a2ca2fddada5540426bf5b06317d931425ae8d699d6405,archived a1_extract.py/a1b_gender.py; shares independently recomputed from numeric CSV,percentage share (0-100); raw operated area in thousand hectares,All Classes total for Telangana/All/area=5972,28.5666443403,24.5646349632,raw Marginal=1706; raw Semi-medium=1467; construction fact=f01554; stored gap=4.0 pp,recomputed_from_archived_official_report,deterministic_source_reconstruction_v1,2026-09-13,,,,equal,c,True
AgCensus2015-16 T2-4 Telangana/All/area/MarginalvsSmall,AgCensus2015-16,T2-4,Telangana,All,area,MarginalvsSmall,landholding,marginal operated area,small operated area,4,0,0,4,equal,c,"Table 2, PDF pages 25,26,27",https://www.fao.org/fileadmin/templates/ess/ess_test_folder/World_Census_Agriculture/WCA_2020/WCA_2020_new_doc/IND_REP_ENG_2015_2016.pdf | archived_sha256=fb01bcb922a38ef964a2ca2fddada5540426bf5b06317d931425ae8d699d6405,archived a1_extract.py/a1b_gender.py; shares independently recomputed from numeric CSV,percentage share (0-100); raw operated area in thousand hectares,All Classes total for Telangana/All/area=5972,28.5666443403,33.1044876088,raw Marginal=1706; raw Small=1977; construction fact=f01553; stored gap=4.54 pp,recomputed_from_archived_official_report,deterministic_source_reconstruction_v1,2026-09-13,,,,equal,c,True
AgCensus2015-16 T2-4 Telangana/All/number/MarginalvsLarge,AgCensus2015-16,T2-4,Telangana,All,number,MarginalvsLarge,landholding,marginal holdings,large holdings,1,0,1,0,diff,a,"Table 2, PDF pages 25,26,30",https://www.fao.org/fileadmin/templates/ess/ess_test_folder/World_Census_Agriculture/WCA_2020/WCA_2020_new_doc/IND_REP_ENG_2015_2016.pdf | archived_sha256=fb01bcb922a38ef964a2ca2fddada5540426bf5b06317d931425ae8d699d6405,archived a1_extract.py/a1b_gender.py; shares independently recomputed from numeric CSV,percentage share (0-100); raw number of holdings in thousands,All Classes total for Telangana/All/number=5948,64.5595158036,0.1513113652,raw Marginal=3840; raw Large=9; construction fact=f00941; stored gap=64.41 pp,recomputed_from_archived_official_report,deterministic_source_reconstruction_v1,2026-09-13,,,,diff,a,True
AgCensus2015-16 T2-4 Telangana/All/number/MarginalvsMedium,AgCensus2015-16,T2-4,Telangana,All,number,MarginalvsMedium,landholding,marginal holdings,medium holdings,1,1,0,0,diff,a,"Table 2, PDF pages 25,26,29",https://www.fao.org/fileadmin/templates/ess/ess_test_folder/World_Census_Agriculture/WCA_2020/WCA_2020_new_doc/IND_REP_ENG_2015_2016.pdf | archived_sha256=fb01bcb922a38ef964a2ca2fddada5540426bf5b06317d931425ae8d699d6405,archived a1_extract.py/a1b_gender.py; shares independently recomputed from numeric CSV,percentage share (0-100); raw number of holdings in thousands,All Classes total for Telangana/All/number=5948,64.5595158036,2.1183591123,raw Marginal=3840; raw Medium=126; construction fact=f00940; stored gap=62.44 pp,recomputed_from_archived_official_report,deterministic_source_reconstruction_v1,2026-09-13,,,,diff,a,True
AgCensus2015-16 T2-4 Telangana/All/number/MarginalvsSemi-medium,AgCensus2015-16,T2-4,Telangana,All,number,MarginalvsSemi-medium,landholding,marginal holdings,semi-medium holdings,1,1,0,0,diff,a,"Table 2, PDF pages 25,26,28",https://www.fao.org/fileadmin/templates/ess/ess_test_folder/World_Census_Agriculture/WCA_2020/WCA_2020_new_doc/IND_REP_ENG_2015_2016.pdf | archived_sha256=fb01bcb922a38ef964a2ca2fddada5540426bf5b06317d931425ae8d699d6405,archived a1_extract.py/a1b_gender.py; shares independently recomputed from numeric CSV,percentage share (0-100); raw number of holdings in thousands,All Classes total for Telangana/All/number=5948,64.5595158036,9.4821788837,raw Marginal=3840; raw Semi-medium=564; construction fact=f00939; stored gap=55.08 pp,recomputed_from_archived_official_report,deterministic_source_reconstruction_v1,2026-09-13,,,,diff,a,True
AgCensus2015-16 T2-4 Telangana/All/number/MarginalvsSmall,AgCensus2015-16,T2-4,Telangana,All,number,MarginalvsSmall,landholding,marginal holdings,small holdings,1,1,0,0,diff,a,"Table 2, PDF pages 25,26,27",https://www.fao.org/fileadmin/templates/ess/ess_test_folder/World_Census_Agriculture/WCA_2020/WCA_2020_new_doc/IND_REP_ENG_2015_2016.pdf | archived_sha256=fb01bcb922a38ef964a2ca2fddada5540426bf5b06317d931425ae8d699d6405,archived a1_extract.py/a1b_gender.py; shares independently recomputed from numeric CSV,percentage share (0-100); raw number of holdings in thousands,All Classes total for Telangana/All/number=5948,64.5595158036,23.6886348352,raw Marginal=3840; raw Small=1409; construction fact=f00938; stored gap=40.87 pp,recomputed_from_archived_official_report,deterministic_source_reconstruction_v1,2026-09-13,,,,diff,a,True
AgCensus2015-16 T2-4 Telangana/All/number/SmallvsLarge,AgCensus2015-16,T2-4,Telangana,All,number,SmallvsLarge,landholding,small holdings,large holdings,1,0,0,1,diff,a,"Table 2, PDF pages 25,27,30",https://www.fao.org/fileadmin/templates/ess/ess_test_folder/World_Census_Agriculture/WCA_2020/WCA_2020_new_doc/IND_REP_ENG_2015_2016.pdf | archived_sha256=fb01bcb922a38ef964a2ca2fddada5540426bf5b06317d931425ae8d699d6405,archived a1_extract.py/a1b_gender.py; shares independently recomputed from numeric CSV,percentage share (0-100); raw number of holdings in thousands,All Classes total for Telangana/All/number=5948,23.6886348352,0.1513113652,raw Small=1409; raw Large=9; construction fact=f00944; stored gap=23.54 pp,recomputed_from_archived_official_report,deterministic_source_reconstruction_v1,2026-09-13,,,,diff,a,True
AgCensus2015-16 T2-4 Telangana/All/number/SmallvsMedium,AgCensus2015-16,T2-4,Telangana,All,number,SmallvsMedium,landholding,small holdings,medium holdings,1,1,0,0,diff,a,"Table 2, PDF pages 25,27,29",https://www.fao.org/fileadmin/templates/ess/ess_test_folder/World_Census_Agriculture/WCA_2020/WCA_2020_new_doc/IND_REP_ENG_2015_2016.pdf | archived_sha256=fb01bcb922a38ef964a2ca2fddada5540426bf5b06317d931425ae8d699d6405,archived a1_extract.py/a1b_gender.py; shares independently recomputed from numeric CSV,percentage share (0-100); raw number of holdings in thousands,All Classes total for Telangana/All/number=5948,23.6886348352,2.1183591123,raw Small=1409; raw Medium=126; construction fact=f00943; stored gap=21.57 pp,recomputed_from_archived_official_report,deterministic_source_reconstruction_v1,2026-09-13,,,,diff,a,True
AgCensus2015-16 T2-4 Telangana/All/number/SmallvsSemi-medium,AgCensus2015-16,T2-4,Telangana,All,number,SmallvsSemi-medium,landholding,small holdings,semi-medium holdings,1,0,0,1,diff,a,"Table 2, PDF pages 25,27,28",https://www.fao.org/fileadmin/templates/ess/ess_test_folder/World_Census_Agriculture/WCA_2020/WCA_2020_new_doc/IND_REP_ENG_2015_2016.pdf | archived_sha256=fb01bcb922a38ef964a2ca2fddada5540426bf5b06317d931425ae8d699d6405,archived a1_extract.py/a1b_gender.py; shares independently recomputed from numeric CSV,percentage share (0-100); raw number of holdings in thousands,All Classes total for Telangana/All/number=5948,23.6886348352,9.4821788837,raw Small=1409; raw Semi-medium=564; construction fact=f00942; stored gap=14.21 pp,recomputed_from_archived_official_report,deterministic_source_reconstruction_v1,2026-09-13,,,,diff,a,True
AgCensus2015-16 T2-4 Telangana/Large/area/SCvsST,AgCensus2015-16,T2-4,Telangana,Large,area,SCvsST,social_group,Scheduled Castes,Scheduled Tribes,8,8,0,0,equal,c,"Tables 2-4, PDF pages 30,36,42",https://www.fao.org/fileadmin/templates/ess/ess_test_folder/World_Census_Agriculture/WCA_2020/WCA_2020_new_doc/IND_REP_ENG_2015_2016.pdf | archived_sha256=fb01bcb922a38ef964a2ca2fddada5540426bf5b06317d931425ae8d699d6405,archived a1_extract.py/a1b_gender.py; shares independently recomputed from numeric CSV,percentage share (0-100); raw operated area in thousand hectares,All-social-groups total for Telangana/Large/area=135,2.9629629630,5.1851851852,raw SC=4; raw ST=7; construction fact=f00676; stored gap=2.22 pp,recomputed_from_archived_official_report,deterministic_source_reconstruction_v1,2026-09-13,,,,equal,c,True
AgCensus2015-16 T2-4 Telangana/Marginal/area/SCvsST,AgCensus2015-16,T2-4,Telangana,Marginal,area,SCvsST,social_group,Scheduled Castes,Scheduled Tribes,7,7,0,0,equal,c,"Tables 2-4, PDF pages 26,32,38",https://www.fao.org/fileadmin/templates/ess/ess_test_folder/World_Census_Agriculture/WCA_2020/WCA_2020_new_doc/IND_REP_ENG_2015_2016.pdf | archived_sha256=fb01bcb922a38ef964a2ca2fddada5540426bf5b06317d931425ae8d699d6405,archived a1_extract.py/a1b_gender.py; shares independently recomputed from numeric CSV,percentage share (0-100); raw operated area in thousand hectares,All-social-groups total for Telangana/Marginal/area=1706,12.8956623681,12.6025791325,raw SC=220; raw ST=215; construction fact=f00679; stored gap=0.29 pp,recomputed_from_archived_official_report,deterministic_source_reconstruction_v1,2026-09-13,,,,equal,c,True
AgCensus2015-16 T2-4 Telangana/Marginal/number/SCvsOthers,AgCensus2015-16,T2-4,Telangana,Marginal,number,SCvsOthers,social_group,Scheduled Castes,Other social groups,1,0,0,1,diff,b,"Tables 2-4, PDF pages 26,32,38",https://www.fao.org/fileadmin/templates/ess/ess_test_folder/World_Census_Agriculture/WCA_2020/WCA_2020_new_doc/IND_REP_ENG_2015_2016.pdf | archived_sha256=fb01bcb922a38ef964a2ca2fddada5540426bf5b06317d931425ae8d699d6405,archived a1_extract.py/a1b_gender.py; shares independently recomputed from numeric CSV,percentage share (0-100); raw number of holdings in thousands,All-social-groups total for Telangana/Marginal/number=3840,13.6718750000,74.9739583333,raw SC=525; raw Others=2879; construction fact=f00294; stored gap=61.3 pp,recomputed_from_archived_official_report,deterministic_source_reconstruction_v1,2026-09-13,,,,diff,b,True
AgCensus2015-16 T2-4 Telangana/Marginal/number/SCvsST,AgCensus2015-16,T2-4,Telangana,Marginal,number,SCvsST,social_group,Scheduled Castes,Scheduled Tribes,8,0,0,8,equal,c,"Tables 2-4, PDF pages 26,32,38",https://www.fao.org/fileadmin/templates/ess/ess_test_folder/World_Census_Agriculture/WCA_2020/WCA_2020_new_doc/IND_REP_ENG_2015_2016.pdf | archived_sha256=fb01bcb922a38ef964a2ca2fddada5540426bf5b06317d931425ae8d699d6405,archived a1_extract.py/a1b_gender.py; shares independently recomputed from numeric CSV,percentage share (0-100); raw number of holdings in thousands,All-social-groups total for Telangana/Marginal/number=3840,13.6718750000,11.3541666667,raw SC=525; raw ST=436; construction fact=f00293; stored gap=2.32 pp,recomputed_from_archived_official_report,deterministic_source_reconstruction_v1,2026-09-13,,,,equal,c,True
AgCensus2015-16 T2-4 Telangana/Marginal/number/STvsOthers,AgCensus2015-16,T2-4,Telangana,Marginal,number,STvsOthers,social_group,Scheduled Tribes,Other social groups,1,0,0,1,diff,b,"Tables 2-4, PDF pages 26,32,38",https://www.fao.org/fileadmin/templates/ess/ess_test_folder/World_Census_Agriculture/WCA_2020/WCA_2020_new_doc/IND_REP_ENG_2015_2016.pdf | archived_sha256=fb01bcb922a38ef964a2ca2fddada5540426bf5b06317d931425ae8d699d6405,archived a1_extract.py/a1b_gender.py; shares independently recomputed from numeric CSV,percentage share (0-100); raw number of holdings in thousands,All-social-groups total for Telangana/Marginal/number=3840,11.3541666667,74.9739583333,raw ST=436; raw Others=2879; construction fact=f00295; stored gap=63.62 pp,recomputed_from_archived_official_report,deterministic_source_reconstruction_v1,2026-09-13,,,,diff,b,True
AgCensus2015-16 T2-4 Telangana/Medium/number/SCvsOthers,AgCensus2015-16,T2-4,Telangana,Medium,number,SCvsOthers,social_group,Scheduled Castes,Other social groups,1,1,0,0,diff,b,"Tables 2-4, PDF pages 29,35,41",https://www.fao.org/fileadmin/templates/ess/ess_test_folder/World_Census_Agriculture/WCA_2020/WCA_2020_new_doc/IND_REP_ENG_2015_2016.pdf | archived_sha256=fb01bcb922a38ef964a2ca2fddada5540426bf5b06317d931425ae8d699d6405,archived a1_extract.py/a1b_gender.py; shares independently recomputed from numeric CSV,percentage share (0-100); raw number of holdings in thousands,All-social-groups total for Telangana/Medium/number=126,4.7619047619,84.9206349206,raw SC=6; raw Others=107; construction fact=f00296; stored gap=80.16 pp,recomputed_from_archived_official_report,deterministic_source_reconstruction_v1,2026-09-13,,,,diff,b,True
AgCensus2015-16 T2-4 Telangana/Medium/number/STvsOthers,AgCensus2015-16,T2-4,Telangana,Medium,number,STvsOthers,social_group,Scheduled Tribes,Other social groups,1,0,0,1,diff,b,"Tables 2-4, PDF pages 29,35,41",https://www.fao.org/fileadmin/templates/ess/ess_test_folder/World_Census_Agriculture/WCA_2020/WCA_2020_new_doc/IND_REP_ENG_2015_2016.pdf | archived_sha256=fb01bcb922a38ef964a2ca2fddada5540426bf5b06317d931425ae8d699d6405,archived a1_extract.py/a1b_gender.py; shares independently recomputed from numeric CSV,percentage share (0-100); raw number of holdings in thousands,All-social-groups total for Telangana/Medium/number=126,10.3174603175,84.9206349206,raw ST=13; raw Others=107; construction fact=f00297; stored gap=74.6 pp,recomputed_from_archived_official_report,deterministic_source_reconstruction_v1,2026-09-13,,,,diff,b,True
AgCensus2015-16 T2-4 Telangana/SC/number/MarginalvsLarge,AgCensus2015-16,T2-4,Telangana,SC,number,MarginalvsLarge,landholding,marginal holdings,large holdings,1,1,0,0,diff,a,"Table 3, PDF pages 31,32,36",https://www.fao.org/fileadmin/templates/ess/ess_test_folder/World_Census_Agriculture/WCA_2020/WCA_2020_new_doc/IND_REP_ENG_2015_2016.pdf | archived_sha256=fb01bcb922a38ef964a2ca2fddada5540426bf5b06317d931425ae8d699d6405,archived a1_extract.py/a1b_gender.py; shares independently recomputed from numeric CSV,percentage share (0-100); raw number of holdings in thousands,All Classes total for Telangana/SC/number=700,75.0000000000,0.0000000000,raw Marginal=525; raw Large=0; construction fact=f01092; stored gap=75.0 pp,recomputed_from_archived_official_report,deterministic_source_reconstruction_v1,2026-09-13,,,,diff,a,True
AgCensus2015-16 T2-4 Telangana/SC/number/MarginalvsMedium,AgCensus2015-16,T2-4,Telangana,SC,number,MarginalvsMedium,landholding,marginal holdings,medium holdings,1,0,0,1,diff,a,"Table 3, PDF pages 31,32,35",https://www.fao.org/fileadmin/templates/ess/ess_test_folder/World_Census_Agriculture/WCA_2020/WCA_2020_new_doc/IND_REP_ENG_2015_2016.pdf | archived_sha256=fb01bcb922a38ef964a2ca2fddada5540426bf5b06317d931425ae8d699d6405,archived a1_extract.py/a1b_gender.py; shares independently recomputed from numeric CSV,percentage share (0-100); raw number of holdings in thousands,All Classes total for Telangana/SC/number=700,75.0000000000,0.8571428571,raw Marginal=525; raw Medium=6; construction fact=f01091; stored gap=74.14 pp,recomputed_from_archived_official_report,deterministic_source_reconstruction_v1,2026-09-13,,,,diff,a,True
AgCensus2015-16 T2-4 Telangana/SC/number/MarginalvsSemi-medium,AgCensus2015-16,T2-4,Telangana,SC,number,MarginalvsSemi-medium,landholding,marginal holdings,semi-medium holdings,1,0,0,1,diff,a,"Table 3, PDF pages 31,32,34",https://www.fao.org/fileadmin/templates/ess/ess_test_folder/World_Census_Agriculture/WCA_2020/WCA_2020_new_doc/IND_REP_ENG_2015_2016.pdf | archived_sha256=fb01bcb922a38ef964a2ca2fddada5540426bf5b06317d931425ae8d699d6405,archived a1_extract.py/a1b_gender.py; shares independently recomputed from numeric CSV,percentage share (0-100); raw number of holdings in thousands,All Classes total for Telangana/SC/number=700,75.0000000000,5.4285714286,raw Marginal=525; raw Semi-medium=38; construction fact=f01090; stored gap=69.57 pp,recomputed_from_archived_official_report,deterministic_source_reconstruction_v1,2026-09-13,,,,diff,a,True
AgCensus2015-16 T2-4 Telangana/SC/number/MarginalvsSmall,AgCensus2015-16,T2-4,Telangana,SC,number,MarginalvsSmall,landholding,marginal holdings,small holdings,1,1,0,0,diff,a,"Table 3, PDF pages 31,32,33",https://www.fao.org/fileadmin/templates/ess/ess_test_folder/World_Census_Agriculture/WCA_2020/WCA_2020_new_doc/IND_REP_ENG_2015_2016.pdf | archived_sha256=fb01bcb922a38ef964a2ca2fddada5540426bf5b06317d931425ae8d699d6405,archived a1_extract.py/a1b_gender.py; shares independently recomputed from numeric CSV,percentage share (0-100); raw number of holdings in thousands,All Classes total for Telangana/SC/number=700,75.0000000000,18.7142857143,raw Marginal=525; raw Small=131; construction fact=f01089; stored gap=56.29 pp,recomputed_from_archived_official_report,deterministic_source_reconstruction_v1,2026-09-13,,,,diff,a,True
AgCensus2015-16 T2-4 Telangana/SC/number/Semi-mediumvsMedium,AgCensus2015-16,T2-4,Telangana,SC,number,Semi-mediumvsMedium,landholding,semi-medium holdings,medium holdings,2,0,0,2,equal,c,"Table 3, PDF pages 31,34,35",https://www.fao.org/fileadmin/templates/ess/ess_test_folder/World_Census_Agriculture/WCA_2020/WCA_2020_new_doc/IND_REP_ENG_2015_2016.pdf | archived_sha256=fb01bcb922a38ef964a2ca2fddada5540426bf5b06317d931425ae8d699d6405,archived a1_extract.py/a1b_gender.py; shares independently recomputed from numeric CSV,percentage share (0-100); raw number of holdings in thousands,All Classes total for Telangana/SC/number=700,5.4285714286,0.8571428571,raw Semi-medium=38; raw Medium=6; construction fact=f01096; stored gap=4.57 pp,recomputed_from_archived_official_report,deterministic_source_reconstruction_v1,2026-09-13,,,,equal,c,True
AgCensus2015-16 T2-4 Telangana/SC/number/SmallvsMedium,AgCensus2015-16,T2-4,Telangana,SC,number,SmallvsMedium,landholding,small holdings,medium holdings,1,1,0,0,diff,a,"Table 3, PDF pages 31,33,35",https://www.fao.org/fileadmin/templates/ess/ess_test_folder/World_Census_Agriculture/WCA_2020/WCA_2020_new_doc/IND_REP_ENG_2015_2016.pdf | archived_sha256=fb01bcb922a38ef964a2ca2fddada5540426bf5b06317d931425ae8d699d6405,archived a1_extract.py/a1b_gender.py; shares independently recomputed from numeric CSV,percentage share (0-100); raw number of holdings in thousands,All Classes total for Telangana/SC/number=700,18.7142857143,0.8571428571,raw Small=131; raw Medium=6; construction fact=f01094; stored gap=17.86 pp,recomputed_from_archived_official_report,deterministic_source_reconstruction_v1,2026-09-13,,,,diff,a,True
AgCensus2015-16 T2-4 Telangana/SC/number/SmallvsSemi-medium,AgCensus2015-16,T2-4,Telangana,SC,number,SmallvsSemi-medium,landholding,small holdings,semi-medium holdings,1,1,0,0,diff,a,"Table 3, PDF pages 31,33,34",https://www.fao.org/fileadmin/templates/ess/ess_test_folder/World_Census_Agriculture/WCA_2020/WCA_2020_new_doc/IND_REP_ENG_2015_2016.pdf | archived_sha256=fb01bcb922a38ef964a2ca2fddada5540426bf5b06317d931425ae8d699d6405,archived a1_extract.py/a1b_gender.py; shares independently recomputed from numeric CSV,percentage share (0-100); raw number of holdings in thousands,All Classes total for Telangana/SC/number=700,18.7142857143,5.4285714286,raw Small=131; raw Semi-medium=38; construction fact=f01093; stored gap=13.29 pp,recomputed_from_archived_official_report,deterministic_source_reconstruction_v1,2026-09-13,,,,diff,a,True
AgCensus2015-16 T2-4 Telangana/ST/area/MarginalvsSemi-medium,AgCensus2015-16,T2-4,Telangana,ST,area,MarginalvsSemi-medium,landholding,marginal operated area,semi-medium operated area,1,0,0,1,equal,c,"Table 4, PDF pages 37,38,40",https://www.fao.org/fileadmin/templates/ess/ess_test_folder/World_Census_Agriculture/WCA_2020/WCA_2020_new_doc/IND_REP_ENG_2015_2016.pdf | archived_sha256=fb01bcb922a38ef964a2ca2fddada5540426bf5b06317d931425ae8d699d6405,archived a1_extract.py/a1b_gender.py; shares independently recomputed from numeric CSV,percentage share (0-100); raw operated area in thousand hectares,All Classes total for Telangana/ST/area=741,29.0148448043,26.0458839406,raw Marginal=215; raw Semi-medium=193; construction fact=f01936; stored gap=2.97 pp,recomputed_from_archived_official_report,deterministic_source_reconstruction_v1,2026-09-13,,,,equal,c,True
AgCensus2015-16 T2-4 Telangana/ST/number/MarginalvsLarge,AgCensus2015-16,T2-4,Telangana,ST,number,MarginalvsLarge,landholding,marginal holdings,large holdings,1,0,0,1,diff,a,"Table 4, PDF pages 37,38,42",https://www.fao.org/fileadmin/templates/ess/ess_test_folder/World_Census_Agriculture/WCA_2020/WCA_2020_new_doc/IND_REP_ENG_2015_2016.pdf | archived_sha256=fb01bcb922a38ef964a2ca2fddada5540426bf5b06317d931425ae8d699d6405,archived a1_extract.py/a1b_gender.py; shares independently recomputed from numeric CSV,percentage share (0-100); raw number of holdings in thousands,All Classes total for Telangana/ST/number=712,61.2359550562,0.1404494382,raw Marginal=436; raw Large=1; construction fact=f01288; stored gap=61.1 pp,recomputed_from_archived_official_report,deterministic_source_reconstruction_v1,2026-09-13,,,,diff,a,True
AgCensus2015-16 T2-4 Telangana/ST/number/MarginalvsMedium,AgCensus2015-16,T2-4,Telangana,ST,number,MarginalvsMedium,landholding,marginal holdings,medium holdings,1,0,0,1,diff,a,"Table 4, PDF pages 37,38,41",https://www.fao.org/fileadmin/templates/ess/ess_test_folder/World_Census_Agriculture/WCA_2020/WCA_2020_new_doc/IND_REP_ENG_2015_2016.pdf | archived_sha256=fb01bcb922a38ef964a2ca2fddada5540426bf5b06317d931425ae8d699d6405,archived a1_extract.py/a1b_gender.py; shares independently recomputed from numeric CSV,percentage share (0-100); raw number of holdings in thousands,All Classes total for Telangana/ST/number=712,61.2359550562,1.8258426966,raw Marginal=436; raw Medium=13; construction fact=f01287; stored gap=59.41 pp,recomputed_from_archived_official_report,deterministic_source_reconstruction_v1,2026-09-13,,,,diff,a,True
AgCensus2015-16 T2-4 Telangana/ST/number/MarginalvsSemi-medium,AgCensus2015-16,T2-4,Telangana,ST,number,MarginalvsSemi-medium,landholding,marginal holdings,semi-medium holdings,1,0,0,1,diff,a,"Table 4, PDF pages 37,38,40",https://www.fao.org/fileadmin/templates/ess/ess_test_folder/World_Census_Agriculture/WCA_2020/WCA_2020_new_doc/IND_REP_ENG_2015_2016.pdf | archived_sha256=fb01bcb922a38ef964a2ca2fddada5540426bf5b06317d931425ae8d699d6405,archived a1_extract.py/a1b_gender.py; shares independently recomputed from numeric CSV,percentage share (0-100); raw number of holdings in thousands,All Classes total for Telangana/ST/number=712,61.2359550562,10.6741573034,raw Marginal=436; raw Semi-medium=76; construction fact=f01286; stored gap=50.56 pp,recomputed_from_archived_official_report,deterministic_source_reconstruction_v1,2026-09-13,,,,diff,a,True
AgCensus2015-16 T2-4 Telangana/ST/number/MarginalvsSmall,AgCensus2015-16,T2-4,Telangana,ST,number,MarginalvsSmall,landholding,marginal holdings,small holdings,1,1,0,0,diff,a,"Table 4, PDF pages 37,38,39",https://www.fao.org/fileadmin/templates/ess/ess_test_folder/World_Census_Agriculture/WCA_2020/WCA_2020_new_doc/IND_REP_ENG_2015_2016.pdf | archived_sha256=fb01bcb922a38ef964a2ca2fddada5540426bf5b06317d931425ae8d699d6405,archived a1_extract.py/a1b_gender.py; shares independently recomputed from numeric CSV,percentage share (0-100); raw number of holdings in thousands,All Classes total for Telangana/ST/number=712,61.2359550562,26.4044943820,raw Marginal=436; raw Small=188; construction fact=f01285; stored gap=34.83 pp,recomputed_from_archived_official_report,deterministic_source_reconstruction_v1,2026-09-13,,,,diff,a,True
AgCensus2015-16 T2-4 Telangana/ST/number/SmallvsLarge,AgCensus2015-16,T2-4,Telangana,ST,number,SmallvsLarge,landholding,small holdings,large holdings,1,0,0,1,diff,a,"Table 4, PDF pages 37,39,42",https://www.fao.org/fileadmin/templates/ess/ess_test_folder/World_Census_Agriculture/WCA_2020/WCA_2020_new_doc/IND_REP_ENG_2015_2016.pdf | archived_sha256=fb01bcb922a38ef964a2ca2fddada5540426bf5b06317d931425ae8d699d6405,archived a1_extract.py/a1b_gender.py; shares independently recomputed from numeric CSV,percentage share (0-100); raw number of holdings in thousands,All Classes total for Telangana/ST/number=712,26.4044943820,0.1404494382,raw Small=188; raw Large=1; construction fact=f01291; stored gap=26.26 pp,recomputed_from_archived_official_report,deterministic_source_reconstruction_v1,2026-09-13,,,,diff,a,True
AgCensus2015-16 T2-4 Telangana/ST/number/SmallvsMedium,AgCensus2015-16,T2-4,Telangana,ST,number,SmallvsMedium,landholding,small holdings,medium holdings,1,0,1,0,diff,a,"Table 4, PDF pages 37,39,41",https://www.fao.org/fileadmin/templates/ess/ess_test_folder/World_Census_Agriculture/WCA_2020/WCA_2020_new_doc/IND_REP_ENG_2015_2016.pdf | archived_sha256=fb01bcb922a38ef964a2ca2fddada5540426bf5b06317d931425ae8d699d6405,archived a1_extract.py/a1b_gender.py; shares independently recomputed from numeric CSV,percentage share (0-100); raw number of holdings in thousands,All Classes total for Telangana/ST/number=712,26.4044943820,1.8258426966,raw Small=188; raw Medium=13; construction fact=f01290; stored gap=24.58 pp,recomputed_from_archived_official_report,deterministic_source_reconstruction_v1,2026-09-13,,,,diff,a,True
AgCensus2015-16 T2-4 Telangana/ST/number/SmallvsSemi-medium,AgCensus2015-16,T2-4,Telangana,ST,number,SmallvsSemi-medium,landholding,small holdings,semi-medium holdings,1,1,0,0,diff,a,"Table 4, PDF pages 37,39,40",https://www.fao.org/fileadmin/templates/ess/ess_test_folder/World_Census_Agriculture/WCA_2020/WCA_2020_new_doc/IND_REP_ENG_2015_2016.pdf | archived_sha256=fb01bcb922a38ef964a2ca2fddada5540426bf5b06317d931425ae8d699d6405,archived a1_extract.py/a1b_gender.py; shares independently recomputed from numeric CSV,percentage share (0-100); raw number of holdings in thousands,All Classes total for Telangana/ST/number=712,26.4044943820,10.6741573034,raw Small=188; raw Semi-medium=76; construction fact=f01289; stored gap=15.73 pp,recomputed_from_archived_official_report,deterministic_source_reconstruction_v1,2026-09-13,,,,diff,a,True
AgCensus2015-16 T2-4 Telangana/Semi-medium/number/SCvsOthers,AgCensus2015-16,T2-4,Telangana,Semi-medium,number,SCvsOthers,social_group,Scheduled Castes,Other social groups,1,1,0,0,diff,b,"Tables 2-4, PDF pages 28,34,40",https://www.fao.org/fileadmin/templates/ess/ess_test_folder/World_Census_Agriculture/WCA_2020/WCA_2020_new_doc/IND_REP_ENG_2015_2016.pdf | archived_sha256=fb01bcb922a38ef964a2ca2fddada5540426bf5b06317d931425ae8d699d6405,archived a1_extract.py/a1b_gender.py; shares independently recomputed from numeric CSV,percentage share (0-100); raw number of holdings in thousands,All-social-groups total for Telangana/Semi-medium/number=564,6.7375886525,79.7872340426,raw SC=38; raw Others=450; construction fact=f00298; stored gap=73.05 pp,recomputed_from_archived_official_report,deterministic_source_reconstruction_v1,2026-09-13,,,,diff,b,True
AgCensus2015-16 T2-4 Telangana/Semi-medium/number/STvsOthers,AgCensus2015-16,T2-4,Telangana,Semi-medium,number,STvsOthers,social_group,Scheduled Tribes,Other social groups,1,1,0,0,diff,b,"Tables 2-4, PDF pages 28,34,40",https://www.fao.org/fileadmin/templates/ess/ess_test_folder/World_Census_Agriculture/WCA_2020/WCA_2020_new_doc/IND_REP_ENG_2015_2016.pdf | archived_sha256=fb01bcb922a38ef964a2ca2fddada5540426bf5b06317d931425ae8d699d6405,archived a1_extract.py/a1b_gender.py; shares independently recomputed from numeric CSV,percentage share (0-100); raw number of holdings in thousands,All-social-groups total for Telangana/Semi-medium/number=564,13.4751773050,79.7872340426,raw ST=76; raw Others=450; construction fact=f00299; stored gap=66.31 pp,recomputed_from_archived_official_report,deterministic_source_reconstruction_v1,2026-09-13,,,,diff,b,True
AgCensus2015-16 T2-4 Telangana/Small/area/SCvsST,AgCensus2015-16,T2-4,Telangana,Small,area,SCvsST,social_group,Scheduled Castes,Scheduled Tribes,7,0,0,7,equal,c,"Tables 2-4, PDF pages 27,33,39",https://www.fao.org/fileadmin/templates/ess/ess_test_folder/World_Census_Agriculture/WCA_2020/WCA_2020_new_doc/IND_REP_ENG_2015_2016.pdf | archived_sha256=fb01bcb922a38ef964a2ca2fddada5540426bf5b06317d931425ae8d699d6405,archived a1_extract.py/a1b_gender.py; shares independently recomputed from numeric CSV,percentage share (0-100); raw operated area in thousand hectares,All-social-groups total for Telangana/Small/area=1977,9.0541224077,13.2018209408,raw SC=179; raw ST=261; construction fact=f00686; stored gap=4.15 pp,recomputed_from_archived_official_report,deterministic_source_reconstruction_v1,2026-09-13,,,,equal,c,True
AgCensus2015-16 T2-4 Telangana/Small/number/SCvsOthers,AgCensus2015-16,T2-4,Telangana,Small,number,SCvsOthers,social_group,Scheduled Castes,Other social groups,1,0,0,1,diff,b,"Tables 2-4, PDF pages 27,33,39",https://www.fao.org/fileadmin/templates/ess/ess_test_folder/World_Census_Agriculture/WCA_2020/WCA_2020_new_doc/IND_REP_ENG_2015_2016.pdf | archived_sha256=fb01bcb922a38ef964a2ca2fddada5540426bf5b06317d931425ae8d699d6405,archived a1_extract.py/a1b_gender.py; shares independently recomputed from numeric CSV,percentage share (0-100); raw number of holdings in thousands,All-social-groups total for Telangana/Small/number=1409,9.2973740241,77.3598296664,raw SC=131; raw Others=1090; construction fact=f00301; stored gap=68.06 pp,recomputed_from_archived_official_report,deterministic_source_reconstruction_v1,2026-09-13,,,,diff,b,True
AgCensus2015-16 T2-4 Telangana/Small/number/SCvsST,AgCensus2015-16,T2-4,Telangana,Small,number,SCvsST,social_group,Scheduled Castes,Scheduled Tribes,8,8,0,0,equal,c,"Tables 2-4, PDF pages 27,33,39",https://www.fao.org/fileadmin/templates/ess/ess_test_folder/World_Census_Agriculture/WCA_2020/WCA_2020_new_doc/IND_REP_ENG_2015_2016.pdf | archived_sha256=fb01bcb922a38ef964a2ca2fddada5540426bf5b06317d931425ae8d699d6405,archived a1_extract.py/a1b_gender.py; shares independently recomputed from numeric CSV,percentage share (0-100); raw number of holdings in thousands,All-social-groups total for Telangana/Small/number=1409,9.2973740241,13.3427963094,raw SC=131; raw ST=188; construction fact=f00300; stored gap=4.05 pp,recomputed_from_archived_official_report,deterministic_source_reconstruction_v1,2026-09-13,,,,equal,c,True
AgCensus2015-16 T2-4 Telangana/Small/number/STvsOthers,AgCensus2015-16,T2-4,Telangana,Small,number,STvsOthers,social_group,Scheduled Tribes,Other social groups,1,0,1,0,diff,b,"Tables 2-4, PDF pages 27,33,39",https://www.fao.org/fileadmin/templates/ess/ess_test_folder/World_Census_Agriculture/WCA_2020/WCA_2020_new_doc/IND_REP_ENG_2015_2016.pdf | archived_sha256=fb01bcb922a38ef964a2ca2fddada5540426bf5b06317d931425ae8d699d6405,archived a1_extract.py/a1b_gender.py; shares independently recomputed from numeric CSV,percentage share (0-100); raw number of holdings in thousands,All-social-groups total for Telangana/Small/number=1409,13.3427963094,77.3598296664,raw ST=188; raw Others=1090; construction fact=f00302; stored gap=64.02 pp,recomputed_from_archived_official_report,deterministic_source_reconstruction_v1,2026-09-13,,,,diff,b,True
AgCensus2015-16 T2-4 Tripura/All Classes/area/STvsOthers,AgCensus2015-16,T2-4,Tripura,All Classes,area,STvsOthers,social_group,Scheduled Tribes,Other social groups,8,0,0,8,equal,c,"Tables 2-4, PDF pages 25,31,37",https://www.fao.org/fileadmin/templates/ess/ess_test_folder/World_Census_Agriculture/WCA_2020/WCA_2020_new_doc/IND_REP_ENG_2015_2016.pdf | archived_sha256=fb01bcb922a38ef964a2ca2fddada5540426bf5b06317d931425ae8d699d6405,archived a1_extract.py/a1b_gender.py; shares independently recomputed from numeric CSV,percentage share (0-100); raw operated area in thousand hectares,All-social-groups total for Tripura/All Classes/area=282,44.3262411348,40.7801418440,raw ST=125; raw Others=115; construction fact=f00691; stored gap=3.55 pp,recomputed_from_archived_official_report,deterministic_source_reconstruction_v1,2026-09-13,,,,equal,c,True
AgCensus2015-16 T2-4 Tripura/All Classes/number/SCvsOthers,AgCensus2015-16,T2-4,Tripura,All Classes,number,SCvsOthers,social_group,Scheduled Castes,Other social groups,1,1,0,0,diff,b,"Tables 2-4, PDF pages 25,31,37",https://www.fao.org/fileadmin/templates/ess/ess_test_folder/World_Census_Agriculture/WCA_2020/WCA_2020_new_doc/IND_REP_ENG_2015_2016.pdf | archived_sha256=fb01bcb922a38ef964a2ca2fddada5540426bf5b06317d931425ae8d699d6405,archived a1_extract.py/a1b_gender.py; shares independently recomputed from numeric CSV,percentage share (0-100); raw number of holdings in thousands,All-social-groups total for Tripura/All Classes/number=573,20.2443280977,51.1343804538,raw SC=116; raw Others=293; construction fact=f00303; stored gap=30.89 pp,recomputed_from_archived_official_report,deterministic_source_reconstruction_v1,2026-09-13,,,,diff,b,True
AgCensus2015-16 T2-4 Tripura/All Classes/number/STvsOthers,AgCensus2015-16,T2-4,Tripura,All Classes,number,STvsOthers,social_group,Scheduled Tribes,Other social groups,1,1,0,0,diff,b,"Tables 2-4, PDF pages 25,31,37",https://www.fao.org/fileadmin/templates/ess/ess_test_folder/World_Census_Agriculture/WCA_2020/WCA_2020_new_doc/IND_REP_ENG_2015_2016.pdf | archived_sha256=fb01bcb922a38ef964a2ca2fddada5540426bf5b06317d931425ae8d699d6405,archived a1_extract.py/a1b_gender.py; shares independently recomputed from numeric CSV,percentage share (0-100); raw number of holdings in thousands,All-social-groups total for Tripura/All Classes/number=573,28.6212914485,51.1343804538,raw ST=164; raw Others=293; construction fact=f00304; stored gap=22.51 pp,recomputed_from_archived_official_report,deterministic_source_reconstruction_v1,2026-09-13,,,,diff,b,True
AgCensus2015-16 T2-4 Tripura/All/number/MarginalvsLarge,AgCensus2015-16,T2-4,Tripura,All,number,MarginalvsLarge,landholding,marginal holdings,large holdings,1,1,0,0,diff,a,"Table 2, PDF pages 25,26,30",https://www.fao.org/fileadmin/templates/ess/ess_test_folder/World_Census_Agriculture/WCA_2020/WCA_2020_new_doc/IND_REP_ENG_2015_2016.pdf | archived_sha256=fb01bcb922a38ef964a2ca2fddada5540426bf5b06317d931425ae8d699d6405,archived a1_extract.py/a1b_gender.py; shares independently recomputed from numeric CSV,percentage share (0-100); raw number of holdings in thousands,All Classes total for Tripura/All/number=573,87.9581151832,0.0000000000,raw Marginal=504; raw Large=0; construction fact=f00948; stored gap=87.96 pp,recomputed_from_archived_official_report,deterministic_source_reconstruction_v1,2026-09-13,,,,diff,a,True
AgCensus2015-16 T2-4 Tripura/All/number/MarginalvsMedium,AgCensus2015-16,T2-4,Tripura,All,number,MarginalvsMedium,landholding,marginal holdings,medium holdings,1,1,0,0,diff,a,"Table 2, PDF pages 25,26,29",https://www.fao.org/fileadmin/templates/ess/ess_test_folder/World_Census_Agriculture/WCA_2020/WCA_2020_new_doc/IND_REP_ENG_2015_2016.pdf | archived_sha256=fb01bcb922a38ef964a2ca2fddada5540426bf5b06317d931425ae8d699d6405,archived a1_extract.py/a1b_gender.py; shares independently recomputed from numeric CSV,percentage share (0-100); raw number of holdings in thousands,All Classes total for Tripura/All/number=573,87.9581151832,0.3490401396,raw Marginal=504; raw Medium=2; construction fact=f00947; stored gap=87.61 pp,recomputed_from_archived_official_report,deterministic_source_reconstruction_v1,2026-09-13,,,,diff,a,True
AgCensus2015-16 T2-4 Tripura/All/number/MarginalvsSemi-medium,AgCensus2015-16,T2-4,Tripura,All,number,MarginalvsSemi-medium,landholding,marginal holdings,semi-medium holdings,1,0,1,0,diff,a,"Table 2, PDF pages 25,26,28",https://www.fao.org/fileadmin/templates/ess/ess_test_folder/World_Census_Agriculture/WCA_2020/WCA_2020_new_doc/IND_REP_ENG_2015_2016.pdf | archived_sha256=fb01bcb922a38ef964a2ca2fddada5540426bf5b06317d931425ae8d699d6405,archived a1_extract.py/a1b_gender.py; shares independently recomputed from numeric CSV,percentage share (0-100); raw number of holdings in thousands,All Classes total for Tripura/All/number=573,87.9581151832,3.3158813264,raw Marginal=504; raw Semi-medium=19; construction fact=f00946; stored gap=84.64 pp,recomputed_from_archived_official_report,deterministic_source_reconstruction_v1,2026-09-13,,,,diff,a,True
AgCensus2015-16 T2-4 Tripura/All/number/MarginalvsSmall,AgCensus2015-16,T2-4,Tripura,All,number,MarginalvsSmall,landholding,marginal holdings,small holdings,1,1,0,0,diff,a,"Table 2, PDF pages 25,26,27",https://www.fao.org/fileadmin/templates/ess/ess_test_folder/World_Census_Agriculture/WCA_2020/WCA_2020_new_doc/IND_REP_ENG_2015_2016.pdf | archived_sha256=fb01bcb922a38ef964a2ca2fddada5540426bf5b06317d931425ae8d699d6405,archived a1_extract.py/a1b_gender.py; shares independently recomputed from numeric CSV,percentage share (0-100); raw number of holdings in thousands,All Classes total for Tripura/All/number=573,87.9581151832,8.3769633508,raw Marginal=504; raw Small=48; construction fact=f00945; stored gap=79.58 pp,recomputed_from_archived_official_report,deterministic_source_reconstruction_v1,2026-09-13,,,,diff,a,True
AgCensus2015-16 T2-4 Tripura/Marginal/number/SCvsOthers,AgCensus2015-16,T2-4,Tripura,Marginal,number,SCvsOthers,social_group,Scheduled Castes,Other social groups,1,0,0,1,diff,b,"Tables 2-4, PDF pages 26,32,38",https://www.fao.org/fileadmin/templates/ess/ess_test_folder/World_Census_Agriculture/WCA_2020/WCA_2020_new_doc/IND_REP_ENG_2015_2016.pdf | archived_sha256=fb01bcb922a38ef964a2ca2fddada5540426bf5b06317d931425ae8d699d6405,archived a1_extract.py/a1b_gender.py; shares independently recomputed from numeric CSV,percentage share (0-100); raw number of holdings in thousands,All-social-groups total for Tripura/Marginal/number=504,21.4285714286,54.1666666667,raw SC=108; raw Others=273; construction fact=f00306; stored gap=32.74 pp,recomputed_from_archived_official_report,deterministic_source_reconstruction_v1,2026-09-13,,,,diff,b,True
AgCensus2015-16 T2-4 Tripura/Marginal/number/SCvsST,AgCensus2015-16,T2-4,Tripura,Marginal,number,SCvsST,social_group,Scheduled Castes,Scheduled Tribes,8,8,0,0,equal,c,"Tables 2-4, PDF pages 26,32,38",https://www.fao.org/fileadmin/templates/ess/ess_test_folder/World_Census_Agriculture/WCA_2020/WCA_2020_new_doc/IND_REP_ENG_2015_2016.pdf | archived_sha256=fb01bcb922a38ef964a2ca2fddada5540426bf5b06317d931425ae8d699d6405,archived a1_extract.py/a1b_gender.py; shares independently recomputed from numeric CSV,percentage share (0-100); raw number of holdings in thousands,All-social-groups total for Tripura/Marginal/number=504,21.4285714286,24.4047619048,raw SC=108; raw ST=123; construction fact=f00305; stored gap=2.98 pp,recomputed_from_archived_official_report,deterministic_source_reconstruction_v1,2026-09-13,,,,equal,c,True
AgCensus2015-16 T2-4 Tripura/Marginal/number/STvsOthers,AgCensus2015-16,T2-4,Tripura,Marginal,number,STvsOthers,social_group,Scheduled Tribes,Other social groups,1,0,1,0,diff,b,"Tables 2-4, PDF pages 26,32,38",https://www.fao.org/fileadmin/templates/ess/ess_test_folder/World_Census_Agriculture/WCA_2020/WCA_2020_new_doc/IND_REP_ENG_2015_2016.pdf | archived_sha256=fb01bcb922a38ef964a2ca2fddada5540426bf5b06317d931425ae8d699d6405,archived a1_extract.py/a1b_gender.py; shares independently recomputed from numeric CSV,percentage share (0-100); raw number of holdings in thousands,All-social-groups total for Tripura/Marginal/number=504,24.4047619048,54.1666666667,raw ST=123; raw Others=273; construction fact=f00307; stored gap=29.76 pp,recomputed_from_archived_official_report,deterministic_source_reconstruction_v1,2026-09-13,,,,diff,b,True
AgCensus2015-16 T2-4 Tripura/SC/number/MarginalvsMedium,AgCensus2015-16,T2-4,Tripura,SC,number,MarginalvsMedium,landholding,marginal holdings,medium holdings,1,0,0,1,diff,a,"Table 3, PDF pages 31,32,35",https://www.fao.org/fileadmin/templates/ess/ess_test_folder/World_Census_Agriculture/WCA_2020/WCA_2020_new_doc/IND_REP_ENG_2015_2016.pdf | archived_sha256=fb01bcb922a38ef964a2ca2fddada5540426bf5b06317d931425ae8d699d6405,archived a1_extract.py/a1b_gender.py; shares independently recomputed from numeric CSV,percentage share (0-100); raw number of holdings in thousands,All Classes total for Tripura/SC/number=116,93.1034482759,0.0000000000,raw Marginal=108; raw Medium=0; construction fact=f01099; stored gap=93.1 pp,recomputed_from_archived_official_report,deterministic_source_reconstruction_v1,2026-09-13,,,,diff,a,True
AgCensus2015-16 T2-4 Tripura/SC/number/MarginalvsSemi-medium,AgCensus2015-16,T2-4,Tripura,SC,number,MarginalvsSemi-medium,landholding,marginal holdings,semi-medium holdings,1,0,0,1,diff,a,"Table 3, PDF pages 31,32,34",https://www.fao.org/fileadmin/templates/ess/ess_test_folder/World_Census_Agriculture/WCA_2020/WCA_2020_new_doc/IND_REP_ENG_2015_2016.pdf | archived_sha256=fb01bcb922a38ef964a2ca2fddada5540426bf5b06317d931425ae8d699d6405,archived a1_extract.py/a1b_gender.py; shares independently recomputed from numeric CSV,percentage share (0-100); raw number of holdings in thousands,All Classes total for Tripura/SC/number=116,93.1034482759,0.8620689655,raw Marginal=108; raw Semi-medium=1; construction fact=f01098; stored gap=92.24 pp,recomputed_from_archived_official_report,deterministic_source_reconstruction_v1,2026-09-13,,,,diff,a,True
AgCensus2015-16 T2-4 Tripura/SC/number/SmallvsSemi-medium,AgCensus2015-16,T2-4,Tripura,SC,number,SmallvsSemi-medium,landholding,small holdings,semi-medium holdings,3,3,0,0,equal,c,"Table 3, PDF pages 31,33,34",https://www.fao.org/fileadmin/templates/ess/ess_test_folder/World_Census_Agriculture/WCA_2020/WCA_2020_new_doc/IND_REP_ENG_2015_2016.pdf | archived_sha256=fb01bcb922a38ef964a2ca2fddada5540426bf5b06317d931425ae8d699d6405,archived a1_extract.py/a1b_gender.py; shares independently recomputed from numeric CSV,percentage share (0-100); raw number of holdings in thousands,All Classes total for Tripura/SC/number=116,5.1724137931,0.8620689655,raw Small=6; raw Semi-medium=1; construction fact=f01101; stored gap=4.31 pp,recomputed_from_archived_official_report,deterministic_source_reconstruction_v1,2026-09-13,,,,equal,c,True
AgCensus2015-16 T2-4 Tripura/ST/area/SmallvsSemi-medium,AgCensus2015-16,T2-4,Tripura,ST,area,SmallvsSemi-medium,landholding,small operated area,semi-medium operated area,1,0,1,0,equal,c,"Table 4, PDF pages 37,39,40",https://www.fao.org/fileadmin/templates/ess/ess_test_folder/World_Census_Agriculture/WCA_2020/WCA_2020_new_doc/IND_REP_ENG_2015_2016.pdf | archived_sha256=fb01bcb922a38ef964a2ca2fddada5540426bf5b06317d931425ae8d699d6405,archived a1_extract.py/a1b_gender.py; shares independently recomputed from numeric CSV,percentage share (0-100); raw operated area in thousand hectares,All Classes total for Tripura/ST/area=125,29.6000000000,27.2000000000,raw Small=37; raw Semi-medium=34; construction fact=f01945; stored gap=2.4 pp,recomputed_from_archived_official_report,deterministic_source_reconstruction_v1,2026-09-13,,,,equal,c,True
AgCensus2015-16 T2-4 Tripura/ST/number/MarginalvsLarge,AgCensus2015-16,T2-4,Tripura,ST,number,MarginalvsLarge,landholding,marginal holdings,large holdings,1,0,1,0,diff,a,"Table 4, PDF pages 37,38,42",https://www.fao.org/fileadmin/templates/ess/ess_test_folder/World_Census_Agriculture/WCA_2020/WCA_2020_new_doc/IND_REP_ENG_2015_2016.pdf | archived_sha256=fb01bcb922a38ef964a2ca2fddada5540426bf5b06317d931425ae8d699d6405,archived a1_extract.py/a1b_gender.py; shares independently recomputed from numeric CSV,percentage share (0-100); raw number of holdings in thousands,All Classes total for Tripura/ST/number=164,75.0000000000,0.0000000000,raw Marginal=123; raw Large=0; construction fact=f01296; stored gap=75.0 pp,recomputed_from_archived_official_report,deterministic_source_reconstruction_v1,2026-09-13,,,,diff,a,True
AgCensus2015-16 T2-4 Tripura/ST/number/MarginalvsMedium,AgCensus2015-16,T2-4,Tripura,ST,number,MarginalvsMedium,landholding,marginal holdings,medium holdings,1,0,0,1,diff,a,"Table 4, PDF pages 37,38,41",https://www.fao.org/fileadmin/templates/ess/ess_test_folder/World_Census_Agriculture/WCA_2020/WCA_2020_new_doc/IND_REP_ENG_2015_2016.pdf | archived_sha256=fb01bcb922a38ef964a2ca2fddada5540426bf5b06317d931425ae8d699d6405,archived a1_extract.py/a1b_gender.py; shares independently recomputed from numeric CSV,percentage share (0-100); raw number of holdings in thousands,All Classes total for Tripura/ST/number=164,75.0000000000,1.2195121951,raw Marginal=123; raw Medium=2; construction fact=f01295; stored gap=73.78 pp,recomputed_from_archived_official_report,deterministic_source_reconstruction_v1,2026-09-13,,,,diff,a,True
AgCensus2015-16 T2-4 Tripura/ST/number/MarginalvsSemi-medium,AgCensus2015-16,T2-4,Tripura,ST,number,MarginalvsSemi-medium,landholding,marginal holdings,semi-medium holdings,1,1,0,0,diff,a,"Table 4, PDF pages 37,38,40",https://www.fao.org/fileadmin/templates/ess/ess_test_folder/World_Census_Agriculture/WCA_2020/WCA_2020_new_doc/IND_REP_ENG_2015_2016.pdf | archived_sha256=fb01bcb922a38ef964a2ca2fddada5540426bf5b06317d931425ae8d699d6405,archived a1_extract.py/a1b_gender.py; shares independently recomputed from numeric CSV,percentage share (0-100); raw number of holdings in thousands,All Classes total for Tripura/ST/number=164,75.0000000000,7.9268292683,raw Marginal=123; raw Semi-medium=13; construction fact=f01294; stored gap=67.07 pp,recomputed_from_archived_official_report,deterministic_source_reconstruction_v1,2026-09-13,,,,diff,a,True
AgCensus2015-16 T2-4 Tripura/ST/number/MarginalvsSmall,AgCensus2015-16,T2-4,Tripura,ST,number,MarginalvsSmall,landholding,marginal holdings,small holdings,1,1,0,0,diff,a,"Table 4, PDF pages 37,38,39",https://www.fao.org/fileadmin/templates/ess/ess_test_folder/World_Census_Agriculture/WCA_2020/WCA_2020_new_doc/IND_REP_ENG_2015_2016.pdf | archived_sha256=fb01bcb922a38ef964a2ca2fddada5540426bf5b06317d931425ae8d699d6405,archived a1_extract.py/a1b_gender.py; shares independently recomputed from numeric CSV,percentage share (0-100); raw number of holdings in thousands,All Classes total for Tripura/ST/number=164,75.0000000000,16.4634146341,raw Marginal=123; raw Small=27; construction fact=f01293; stored gap=58.54 pp,recomputed_from_archived_official_report,deterministic_source_reconstruction_v1,2026-09-13,,,,diff,a,True
AgCensus2015-16 T2-4 Tripura/ST/number/SmallvsLarge,AgCensus2015-16,T2-4,Tripura,ST,number,SmallvsLarge,landholding,small holdings,large holdings,1,0,0,1,diff,a,"Table 4, PDF pages 37,39,42",https://www.fao.org/fileadmin/templates/ess/ess_test_folder/World_Census_Agriculture/WCA_2020/WCA_2020_new_doc/IND_REP_ENG_2015_2016.pdf | archived_sha256=fb01bcb922a38ef964a2ca2fddada5540426bf5b06317d931425ae8d699d6405,archived a1_extract.py/a1b_gender.py; shares independently recomputed from numeric CSV,percentage share (0-100); raw number of holdings in thousands,All Classes total for Tripura/ST/number=164,16.4634146341,0.0000000000,raw Small=27; raw Large=0; construction fact=f01298; stored gap=16.46 pp,recomputed_from_archived_official_report,deterministic_source_reconstruction_v1,2026-09-13,,,,diff,a,True
AgCensus2015-16 T2-4 Tripura/ST/number/SmallvsMedium,AgCensus2015-16,T2-4,Tripura,ST,number,SmallvsMedium,landholding,small holdings,medium holdings,1,1,0,0,diff,a,"Table 4, PDF pages 37,39,41",https://www.fao.org/fileadmin/templates/ess/ess_test_folder/World_Census_Agriculture/WCA_2020/WCA_2020_new_doc/IND_REP_ENG_2015_2016.pdf | archived_sha256=fb01bcb922a38ef964a2ca2fddada5540426bf5b06317d931425ae8d699d6405,archived a1_extract.py/a1b_gender.py; shares independently recomputed from numeric CSV,percentage share (0-100); raw number of holdings in thousands,All Classes total for Tripura/ST/number=164,16.4634146341,1.2195121951,raw Small=27; raw Medium=2; construction fact=f01297; stored gap=15.24 pp,recomputed_from_archived_official_report,deterministic_source_reconstruction_v1,2026-09-13,,,,diff,a,True
AgCensus2015-16 T2-4 Tripura/Small/number/SCvsOthers,AgCensus2015-16,T2-4,Tripura,Small,number,SCvsOthers,social_group,Scheduled Castes,Other social groups,1,0,0,1,diff,b,"Tables 2-4, PDF pages 27,33,39",https://www.fao.org/fileadmin/templates/ess/ess_test_folder/World_Census_Agriculture/WCA_2020/WCA_2020_new_doc/IND_REP_ENG_2015_2016.pdf | archived_sha256=fb01bcb922a38ef964a2ca2fddada5540426bf5b06317d931425ae8d699d6405,archived a1_extract.py/a1b_gender.py; shares independently recomputed from numeric CSV,percentage share (0-100); raw number of holdings in thousands,All-social-groups total for Tripura/Small/number=48,12.5000000000,31.2500000000,raw SC=6; raw Others=15; construction fact=f00309; stored gap=18.75 pp,recomputed_from_archived_official_report,deterministic_source_reconstruction_v1,2026-09-13,,,,diff,b,True
AgCensus2015-16 T2-4 Tripura/Small/number/SCvsST,AgCensus2015-16,T2-4,Tripura,Small,number,SCvsST,social_group,Scheduled Castes,Scheduled Tribes,1,1,0,0,diff,b,"Tables 2-4, PDF pages 27,33,39",https://www.fao.org/fileadmin/templates/ess/ess_test_folder/World_Census_Agriculture/WCA_2020/WCA_2020_new_doc/IND_REP_ENG_2015_2016.pdf | archived_sha256=fb01bcb922a38ef964a2ca2fddada5540426bf5b06317d931425ae8d699d6405,archived a1_extract.py/a1b_gender.py; shares independently recomputed from numeric CSV,percentage share (0-100); raw number of holdings in thousands,All-social-groups total for Tripura/Small/number=48,12.5000000000,56.2500000000,raw SC=6; raw ST=27; construction fact=f00308; stored gap=43.75 pp,recomputed_from_archived_official_report,deterministic_source_reconstruction_v1,2026-09-13,,,,diff,b,True
AgCensus2015-16 T2-4 Tripura/Small/number/STvsOthers,AgCensus2015-16,T2-4,Tripura,Small,number,STvsOthers,social_group,Scheduled Tribes,Other social groups,1,1,0,0,diff,a,"Tables 2-4, PDF pages 27,33,39",https://www.fao.org/fileadmin/templates/ess/ess_test_folder/World_Census_Agriculture/WCA_2020/WCA_2020_new_doc/IND_REP_ENG_2015_2016.pdf | archived_sha256=fb01bcb922a38ef964a2ca2fddada5540426bf5b06317d931425ae8d699d6405,archived a1_extract.py/a1b_gender.py; shares independently recomputed from numeric CSV,percentage share (0-100); raw number of holdings in thousands,All-social-groups total for Tripura/Small/number=48,56.2500000000,31.2500000000,raw ST=27; raw Others=15; construction fact=f00310; stored gap=25.0 pp,recomputed_from_archived_official_report,deterministic_source_reconstruction_v1,2026-09-13,,,,diff,a,True
AgCensus2015-16 T2-4 Uttar Pradesh/All Classes/number/SCvsOthers,AgCensus2015-16,T2-4,Uttar Pradesh,All Classes,number,SCvsOthers,social_group,Scheduled Castes,Other social groups,1,0,0,1,diff,b,"Tables 2-4, PDF pages 25,31,37",https://www.fao.org/fileadmin/templates/ess/ess_test_folder/World_Census_Agriculture/WCA_2020/WCA_2020_new_doc/IND_REP_ENG_2015_2016.pdf | archived_sha256=fb01bcb922a38ef964a2ca2fddada5540426bf5b06317d931425ae8d699d6405,archived a1_extract.py/a1b_gender.py; shares independently recomputed from numeric CSV,percentage share (0-100); raw number of holdings in thousands,All-social-groups total for Uttar Pradesh/All Classes/number=23822,16.9507178239,82.7176559483,raw SC=4038; raw Others=19705; construction fact=f00312; stored gap=65.77 pp,recomputed_from_archived_official_report,deterministic_source_reconstruction_v1,2026-09-13,,,,diff,b,True
AgCensus2015-16 T2-4 Uttar Pradesh/All Classes/number/SCvsST,AgCensus2015-16,T2-4,Uttar Pradesh,All Classes,number,SCvsST,social_group,Scheduled Castes,Scheduled Tribes,1,1,0,0,diff,a,"Tables 2-4, PDF pages 25,31,37",https://www.fao.org/fileadmin/templates/ess/ess_test_folder/World_Census_Agriculture/WCA_2020/WCA_2020_new_doc/IND_REP_ENG_2015_2016.pdf | archived_sha256=fb01bcb922a38ef964a2ca2fddada5540426bf5b06317d931425ae8d699d6405,archived a1_extract.py/a1b_gender.py; shares independently recomputed from numeric CSV,percentage share (0-100); raw number of holdings in thousands,All-social-groups total for Uttar Pradesh/All Classes/number=23822,16.9507178239,0.3316262279,raw SC=4038; raw ST=79; construction fact=f00311; stored gap=16.62 pp,recomputed_from_archived_official_report,deterministic_source_reconstruction_v1,2026-09-13,,,,diff,a,True
AgCensus2015-16 T2-4 Uttar Pradesh/All Classes/number/STvsOthers,AgCensus2015-16,T2-4,Uttar Pradesh,All Classes,number,STvsOthers,social_group,Scheduled Tribes,Other social groups,1,1,0,0,diff,b,"Tables 2-4, PDF pages 25,31,37",https://www.fao.org/fileadmin/templates/ess/ess_test_folder/World_Census_Agriculture/WCA_2020/WCA_2020_new_doc/IND_REP_ENG_2015_2016.pdf | archived_sha256=fb01bcb922a38ef964a2ca2fddada5540426bf5b06317d931425ae8d699d6405,archived a1_extract.py/a1b_gender.py; shares independently recomputed from numeric CSV,percentage share (0-100); raw number of holdings in thousands,All-social-groups total for Uttar Pradesh/All Classes/number=23822,0.3316262279,82.7176559483,raw ST=79; raw Others=19705; construction fact=f00313; stored gap=82.39 pp,recomputed_from_archived_official_report,deterministic_source_reconstruction_v1,2026-09-13,,,,diff,b,True
AgCensus2015-16 T2-4 Uttar Pradesh/All/area/SmallvsSemi-medium,AgCensus2015-16,T2-4,Uttar Pradesh,All,area,SmallvsSemi-medium,landholding,small operated area,semi-medium operated area,4,0,0,4,equal,c,"Table 2, PDF pages 25,27,28",https://www.fao.org/fileadmin/templates/ess/ess_test_folder/World_Census_Agriculture/WCA_2020/WCA_2020_new_doc/IND_REP_ENG_2015_2016.pdf | archived_sha256=fb01bcb922a38ef964a2ca2fddada5540426bf5b06317d931425ae8d699d6405,archived a1_extract.py/a1b_gender.py; shares independently recomputed from numeric CSV,percentage share (0-100); raw operated area in thousand hectares,All Classes total for Uttar Pradesh/All/area=17450,23.9255014327,20.4011461318,raw Small=4175; raw Semi-medium=3560; construction fact=f01573; stored gap=3.52 pp,recomputed_from_archived_official_report,deterministic_source_reconstruction_v1,2026-09-13,,,,equal,c,True
AgCensus2015-16 T2-4 Uttar Pradesh/All/number/MarginalvsLarge,AgCensus2015-16,T2-4,Uttar Pradesh,All,number,MarginalvsLarge,landholding,marginal holdings,large holdings,1,1,0,0,diff,a,"Table 2, PDF pages 25,26,30",https://www.fao.org/fileadmin/templates/ess/ess_test_folder/World_Census_Agriculture/WCA_2020/WCA_2020_new_doc/IND_REP_ENG_2015_2016.pdf | archived_sha256=fb01bcb922a38ef964a2ca2fddada5540426bf5b06317d931425ae8d699d6405,archived a1_extract.py/a1b_gender.py; shares independently recomputed from numeric CSV,percentage share (0-100); raw number of holdings in thousands,All Classes total for Uttar Pradesh/All/number=23822,80.1779867350,0.0965494081,raw Marginal=19100; raw Large=23; construction fact=f00952; stored gap=80.08 pp,recomputed_from_archived_official_report,deterministic_source_reconstruction_v1,2026-09-13,,,,diff,a,True
AgCensus2015-16 T2-4 Uttar Pradesh/All/number/MarginalvsMedium,AgCensus2015-16,T2-4,Uttar Pradesh,All,number,MarginalvsMedium,landholding,marginal holdings,medium holdings,1,1,0,0,diff,a,"Table 2, PDF pages 25,26,29",https://www.fao.org/fileadmin/templates/ess/ess_test_folder/World_Census_Agriculture/WCA_2020/WCA_2020_new_doc/IND_REP_ENG_2015_2016.pdf | archived_sha256=fb01bcb922a38ef964a2ca2fddada5540426bf5b06317d931425ae8d699d6405,archived a1_extract.py/a1b_gender.py; shares independently recomputed from numeric CSV,percentage share (0-100); raw number of holdings in thousands,All Classes total for Uttar Pradesh/All/number=23822,80.1779867350,1.5825707329,raw Marginal=19100; raw Medium=377; construction fact=f00951; stored gap=78.6 pp,recomputed_from_archived_official_report,deterministic_source_reconstruction_v1,2026-09-13,,,,diff,a,True
AgCensus2015-16 T2-4 Uttar Pradesh/All/number/MarginalvsSemi-medium,AgCensus2015-16,T2-4,Uttar Pradesh,All,number,MarginalvsSemi-medium,landholding,marginal holdings,semi-medium holdings,1,1,0,0,diff,a,"Table 2, PDF pages 25,26,28",https://www.fao.org/fileadmin/templates/ess/ess_test_folder/World_Census_Agriculture/WCA_2020/WCA_2020_new_doc/IND_REP_ENG_2015_2016.pdf | archived_sha256=fb01bcb922a38ef964a2ca2fddada5540426bf5b06317d931425ae8d699d6405,archived a1_extract.py/a1b_gender.py; shares independently recomputed from numeric CSV,percentage share (0-100); raw number of holdings in thousands,All Classes total for Uttar Pradesh/All/number=23822,80.1779867350,5.5159096633,raw Marginal=19100; raw Semi-medium=1314; construction fact=f00950; stored gap=74.66 pp,recomputed_from_archived_official_report,deterministic_source_reconstruction_v1,2026-09-13,,,,diff,a,True
AgCensus2015-16 T2-4 Uttar Pradesh/All/number/MarginalvsSmall,AgCensus2015-16,T2-4,Uttar Pradesh,All,number,MarginalvsSmall,landholding,marginal holdings,small holdings,1,1,0,0,diff,a,"Table 2, PDF pages 25,26,27",https://www.fao.org/fileadmin/templates/ess/ess_test_folder/World_Census_Agriculture/WCA_2020/WCA_2020_new_doc/IND_REP_ENG_2015_2016.pdf | archived_sha256=fb01bcb922a38ef964a2ca2fddada5540426bf5b06317d931425ae8d699d6405,archived a1_extract.py/a1b_gender.py; shares independently recomputed from numeric CSV,percentage share (0-100); raw number of holdings in thousands,All Classes total for Uttar Pradesh/All/number=23822,80.1779867350,12.6269834607,raw Marginal=19100; raw Small=3008; construction fact=f00949; stored gap=67.55 pp,recomputed_from_archived_official_report,deterministic_source_reconstruction_v1,2026-09-13,,,,diff,a,True
AgCensus2015-16 T2-4 Uttar Pradesh/All/number/Semi-mediumvsMedium,AgCensus2015-16,T2-4,Uttar Pradesh,All,number,Semi-mediumvsMedium,landholding,semi-medium holdings,medium holdings,4,4,0,0,equal,c,"Table 2, PDF pages 25,28,29",https://www.fao.org/fileadmin/templates/ess/ess_test_folder/World_Census_Agriculture/WCA_2020/WCA_2020_new_doc/IND_REP_ENG_2015_2016.pdf | archived_sha256=fb01bcb922a38ef964a2ca2fddada5540426bf5b06317d931425ae8d699d6405,archived a1_extract.py/a1b_gender.py; shares independently recomputed from numeric CSV,percentage share (0-100); raw number of holdings in thousands,All Classes total for Uttar Pradesh/All/number=23822,5.5159096633,1.5825707329,raw Semi-medium=1314; raw Medium=377; construction fact=f00955; stored gap=3.93 pp,recomputed_from_archived_official_report,deterministic_source_reconstruction_v1,2026-09-13,,,,equal,c,True
AgCensus2015-16 T2-4 Uttar Pradesh/All/number/SmallvsLarge,AgCensus2015-16,T2-4,Uttar Pradesh,All,number,SmallvsLarge,landholding,small holdings,large holdings,1,1,0,0,diff,a,"Table 2, PDF pages 25,27,30",https://www.fao.org/fileadmin/templates/ess/ess_test_folder/World_Census_Agriculture/WCA_2020/WCA_2020_new_doc/IND_REP_ENG_2015_2016.pdf | archived_sha256=fb01bcb922a38ef964a2ca2fddada5540426bf5b06317d931425ae8d699d6405,archived a1_extract.py/a1b_gender.py; shares independently recomputed from numeric CSV,percentage share (0-100); raw number of holdings in thousands,All Classes total for Uttar Pradesh/All/number=23822,12.6269834607,0.0965494081,raw Small=3008; raw Large=23; construction fact=f00954; stored gap=12.53 pp,recomputed_from_archived_official_report,deterministic_source_reconstruction_v1,2026-09-13,,,,diff,a,True
AgCensus2015-16 T2-4 Uttar Pradesh/All/number/SmallvsMedium,AgCensus2015-16,T2-4,Uttar Pradesh,All,number,SmallvsMedium,landholding,small holdings,medium holdings,1,1,0,0,diff,a,"Table 2, PDF pages 25,27,29",https://www.fao.org/fileadmin/templates/ess/ess_test_folder/World_Census_Agriculture/WCA_2020/WCA_2020_new_doc/IND_REP_ENG_2015_2016.pdf | archived_sha256=fb01bcb922a38ef964a2ca2fddada5540426bf5b06317d931425ae8d699d6405,archived a1_extract.py/a1b_gender.py; shares independently recomputed from numeric CSV,percentage share (0-100); raw number of holdings in thousands,All Classes total for Uttar Pradesh/All/number=23822,12.6269834607,1.5825707329,raw Small=3008; raw Medium=377; construction fact=f00953; stored gap=11.04 pp,recomputed_from_archived_official_report,deterministic_source_reconstruction_v1,2026-09-13,,,,diff,a,True
AgCensus2015-16 T2-4 Uttar Pradesh/Large/number/SCvsOthers,AgCensus2015-16,T2-4,Uttar Pradesh,Large,number,SCvsOthers,social_group,Scheduled Castes,Other social groups,1,1,0,0,diff,b,"Tables 2-4, PDF pages 30,36,42",https://www.fao.org/fileadmin/templates/ess/ess_test_folder/World_Census_Agriculture/WCA_2020/WCA_2020_new_doc/IND_REP_ENG_2015_2016.pdf | archived_sha256=fb01bcb922a38ef964a2ca2fddada5540426bf5b06317d931425ae8d699d6405,archived a1_extract.py/a1b_gender.py; shares independently recomputed from numeric CSV,percentage share (0-100); raw number of holdings in thousands,All-social-groups total for Uttar Pradesh/Large/number=23,0.0000000000,100.0000000000,raw SC=0; raw Others=23; construction fact=f00314; stored gap=100.0 pp,recomputed_from_archived_official_report,deterministic_source_reconstruction_v1,2026-09-13,,,,diff,b,True
AgCensus2015-16 T2-4 Uttar Pradesh/Large/number/STvsOthers,AgCensus2015-16,T2-4,Uttar Pradesh,Large,number,STvsOthers,social_group,Scheduled Tribes,Other social groups,1,1,0,0,diff,b,"Tables 2-4, PDF pages 30,36,42",https://www.fao.org/fileadmin/templates/ess/ess_test_folder/World_Census_Agriculture/WCA_2020/WCA_2020_new_doc/IND_REP_ENG_2015_2016.pdf | archived_sha256=fb01bcb922a38ef964a2ca2fddada5540426bf5b06317d931425ae8d699d6405,archived a1_extract.py/a1b_gender.py; shares independently recomputed from numeric CSV,percentage share (0-100); raw number of holdings in thousands,All-social-groups total for Uttar Pradesh/Large/number=23,0.0000000000,100.0000000000,raw ST=0; raw Others=23; construction fact=f00315; stored gap=100.0 pp,recomputed_from_archived_official_report,deterministic_source_reconstruction_v1,2026-09-13,,,,diff,b,True
AgCensus2015-16 T2-4 Uttar Pradesh/Marginal/number/SCvsOthers,AgCensus2015-16,T2-4,Uttar Pradesh,Marginal,number,SCvsOthers,social_group,Scheduled Castes,Other social groups,1,0,0,1,diff,b,"Tables 2-4, PDF pages 26,32,38",https://www.fao.org/fileadmin/templates/ess/ess_test_folder/World_Census_Agriculture/WCA_2020/WCA_2020_new_doc/IND_REP_ENG_2015_2016.pdf | archived_sha256=fb01bcb922a38ef964a2ca2fddada5540426bf5b06317d931425ae8d699d6405,archived a1_extract.py/a1b_gender.py; shares independently recomputed from numeric CSV,percentage share (0-100); raw number of holdings in thousands,All-social-groups total for Uttar Pradesh/Marginal/number=19100,18.8534031414,80.8691099476,raw SC=3601; raw Others=15446; construction fact=f00317; stored gap=62.02 pp,recomputed_from_archived_official_report,deterministic_source_reconstruction_v1,2026-09-13,,,,diff,b,True
AgCensus2015-16 T2-4 Uttar Pradesh/Marginal/number/SCvsST,AgCensus2015-16,T2-4,Uttar Pradesh,Marginal,number,SCvsST,social_group,Scheduled Castes,Scheduled Tribes,1,0,0,1,diff,a,"Tables 2-4, PDF pages 26,32,38",https://www.fao.org/fileadmin/templates/ess/ess_test_folder/World_Census_Agriculture/WCA_2020/WCA_2020_new_doc/IND_REP_ENG_2015_2016.pdf | archived_sha256=fb01bcb922a38ef964a2ca2fddada5540426bf5b06317d931425ae8d699d6405,archived a1_extract.py/a1b_gender.py; shares independently recomputed from numeric CSV,percentage share (0-100); raw number of holdings in thousands,All-social-groups total for Uttar Pradesh/Marginal/number=19100,18.8534031414,0.2774869110,raw SC=3601; raw ST=53; construction fact=f00316; stored gap=18.58 pp,recomputed_from_archived_official_report,deterministic_source_reconstruction_v1,2026-09-13,,,,diff,a,True
AgCensus2015-16 T2-4 Uttar Pradesh/Marginal/number/STvsOthers,AgCensus2015-16,T2-4,Uttar Pradesh,Marginal,number,STvsOthers,social_group,Scheduled Tribes,Other social groups,1,1,0,0,diff,b,"Tables 2-4, PDF pages 26,32,38",https://www.fao.org/fileadmin/templates/ess/ess_test_folder/World_Census_Agriculture/WCA_2020/WCA_2020_new_doc/IND_REP_ENG_2015_2016.pdf | archived_sha256=fb01bcb922a38ef964a2ca2fddada5540426bf5b06317d931425ae8d699d6405,archived a1_extract.py/a1b_gender.py; shares independently recomputed from numeric CSV,percentage share (0-100); raw number of holdings in thousands,All-social-groups total for Uttar Pradesh/Marginal/number=19100,0.2774869110,80.8691099476,raw ST=53; raw Others=15446; construction fact=f00318; stored gap=80.59 pp,recomputed_from_archived_official_report,deterministic_source_reconstruction_v1,2026-09-13,,,,diff,b,True
AgCensus2015-16 T2-4 Uttar Pradesh/Medium/number/STvsOthers,AgCensus2015-16,T2-4,Uttar Pradesh,Medium,number,STvsOthers,social_group,Scheduled Tribes,Other social groups,1,0,0,1,diff,b,"Tables 2-4, PDF pages 29,35,41",https://www.fao.org/fileadmin/templates/ess/ess_test_folder/World_Census_Agriculture/WCA_2020/WCA_2020_new_doc/IND_REP_ENG_2015_2016.pdf | archived_sha256=fb01bcb922a38ef964a2ca2fddada5540426bf5b06317d931425ae8d699d6405,archived a1_extract.py/a1b_gender.py; shares independently recomputed from numeric CSV,percentage share (0-100); raw number of holdings in thousands,All-social-groups total for Uttar Pradesh/Medium/number=377,0.7957559682,95.4907161804,raw ST=3; raw Others=360; construction fact=f00320; stored gap=94.69 pp,recomputed_from_archived_official_report,deterministic_source_reconstruction_v1,2026-09-13,,,,diff,b,True
AgCensus2015-16 T2-4 Uttar Pradesh/SC/number/MarginalvsLarge,AgCensus2015-16,T2-4,Uttar Pradesh,SC,number,MarginalvsLarge,landholding,marginal holdings,large holdings,1,1,0,0,diff,a,"Table 3, PDF pages 31,32,36",https://www.fao.org/fileadmin/templates/ess/ess_test_folder/World_Census_Agriculture/WCA_2020/WCA_2020_new_doc/IND_REP_ENG_2015_2016.pdf | archived_sha256=fb01bcb922a38ef964a2ca2fddada5540426bf5b06317d931425ae8d699d6405,archived a1_extract.py/a1b_gender.py; shares independently recomputed from numeric CSV,percentage share (0-100); raw number of holdings in thousands,All Classes total for Uttar Pradesh/SC/number=4038,89.1778107974,0.0000000000,raw Marginal=3601; raw Large=0; construction fact=f01105; stored gap=89.18 pp,recomputed_from_archived_official_report,deterministic_source_reconstruction_v1,2026-09-13,,,,diff,a,True
AgCensus2015-16 T2-4 Uttar Pradesh/SC/number/MarginalvsMedium,AgCensus2015-16,T2-4,Uttar Pradesh,SC,number,MarginalvsMedium,landholding,marginal holdings,medium holdings,1,0,0,1,diff,a,"Table 3, PDF pages 31,32,35",https://www.fao.org/fileadmin/templates/ess/ess_test_folder/World_Census_Agriculture/WCA_2020/WCA_2020_new_doc/IND_REP_ENG_2015_2016.pdf | archived_sha256=fb01bcb922a38ef964a2ca2fddada5540426bf5b06317d931425ae8d699d6405,archived a1_extract.py/a1b_gender.py; shares independently recomputed from numeric CSV,percentage share (0-100); raw number of holdings in thousands,All Classes total for Uttar Pradesh/SC/number=4038,89.1778107974,0.3467062902,raw Marginal=3601; raw Medium=14; construction fact=f01104; stored gap=88.83 pp,recomputed_from_archived_official_report,deterministic_source_reconstruction_v1,2026-09-13,,,,diff,a,True
AgCensus2015-16 T2-4 Uttar Pradesh/SC/number/MarginalvsSemi-medium,AgCensus2015-16,T2-4,Uttar Pradesh,SC,number,MarginalvsSemi-medium,landholding,marginal holdings,semi-medium holdings,1,0,0,1,diff,a,"Table 3, PDF pages 31,32,34",https://www.fao.org/fileadmin/templates/ess/ess_test_folder/World_Census_Agriculture/WCA_2020/WCA_2020_new_doc/IND_REP_ENG_2015_2016.pdf | archived_sha256=fb01bcb922a38ef964a2ca2fddada5540426bf5b06317d931425ae8d699d6405,archived a1_extract.py/a1b_gender.py; shares independently recomputed from numeric CSV,percentage share (0-100); raw number of holdings in thousands,All Classes total for Uttar Pradesh/SC/number=4038,89.1778107974,2.2040614165,raw Marginal=3601; raw Semi-medium=89; construction fact=f01103; stored gap=86.97 pp,recomputed_from_archived_official_report,deterministic_source_reconstruction_v1,2026-09-13,,,,diff,a,True
AgCensus2015-16 T2-4 Uttar Pradesh/SC/number/MarginalvsSmall,AgCensus2015-16,T2-4,Uttar Pradesh,SC,number,MarginalvsSmall,landholding,marginal holdings,small holdings,1,0,1,0,diff,a,"Table 3, PDF pages 31,32,33",https://www.fao.org/fileadmin/templates/ess/ess_test_folder/World_Census_Agriculture/WCA_2020/WCA_2020_new_doc/IND_REP_ENG_2015_2016.pdf | archived_sha256=fb01bcb922a38ef964a2ca2fddada5540426bf5b06317d931425ae8d699d6405,archived a1_extract.py/a1b_gender.py; shares independently recomputed from numeric CSV,percentage share (0-100); raw number of holdings in thousands,All Classes total for Uttar Pradesh/SC/number=4038,89.1778107974,8.2714214958,raw Marginal=3601; raw Small=334; construction fact=f01102; stored gap=80.91 pp,recomputed_from_archived_official_report,deterministic_source_reconstruction_v1,2026-09-13,,,,diff,a,True
AgCensus2015-16 T2-4 Uttar Pradesh/ST/area/MarginalvsMedium,AgCensus2015-16,T2-4,Uttar Pradesh,ST,area,MarginalvsMedium,landholding,marginal operated area,medium operated area,1,1,0,0,equal,c,"Table 4, PDF pages 37,38,41",https://www.fao.org/fileadmin/templates/ess/ess_test_folder/World_Census_Agriculture/WCA_2020/WCA_2020_new_doc/IND_REP_ENG_2015_2016.pdf | archived_sha256=fb01bcb922a38ef964a2ca2fddada5540426bf5b06317d931425ae8d699d6405,archived a1_extract.py/a1b_gender.py; shares independently recomputed from numeric CSV,percentage share (0-100); raw operated area in thousand hectares,All Classes total for Uttar Pradesh/ST/area=90,23.3333333333,21.1111111111,raw Marginal=21; raw Medium=19; construction fact=f01952; stored gap=2.22 pp,recomputed_from_archived_official_report,deterministic_source_reconstruction_v1,2026-09-13,,,,equal,c,True
AgCensus2015-16 T2-4 Uttar Pradesh/ST/area/MarginalvsSemi-medium,AgCensus2015-16,T2-4,Uttar Pradesh,ST,area,MarginalvsSemi-medium,landholding,marginal operated area,semi-medium operated area,1,0,0,1,equal,c,"Table 4, PDF pages 37,38,40",https://www.fao.org/fileadmin/templates/ess/ess_test_folder/World_Census_Agriculture/WCA_2020/WCA_2020_new_doc/IND_REP_ENG_2015_2016.pdf | archived_sha256=fb01bcb922a38ef964a2ca2fddada5540426bf5b06317d931425ae8d699d6405,archived a1_extract.py/a1b_gender.py; shares independently recomputed from numeric CSV,percentage share (0-100); raw operated area in thousand hectares,All Classes total for Uttar Pradesh/ST/area=90,23.3333333333,23.3333333333,raw Marginal=21; raw Semi-medium=21; construction fact=f01951; stored gap=0.0 pp,recomputed_from_archived_official_report,deterministic_source_reconstruction_v1,2026-09-13,,,,equal,c,True
AgCensus2015-16 T2-4 Uttar Pradesh/ST/area/Semi-mediumvsMedium,AgCensus2015-16,T2-4,Uttar Pradesh,ST,area,Semi-mediumvsMedium,landholding,semi-medium operated area,medium operated area,1,1,0,0,equal,c,"Table 4, PDF pages 37,40,41",https://www.fao.org/fileadmin/templates/ess/ess_test_folder/World_Census_Agriculture/WCA_2020/WCA_2020_new_doc/IND_REP_ENG_2015_2016.pdf | archived_sha256=fb01bcb922a38ef964a2ca2fddada5540426bf5b06317d931425ae8d699d6405,archived a1_extract.py/a1b_gender.py; shares independently recomputed from numeric CSV,percentage share (0-100); raw operated area in thousand hectares,All Classes total for Uttar Pradesh/ST/area=90,23.3333333333,21.1111111111,raw Semi-medium=21; raw Medium=19; construction fact=f01957; stored gap=2.22 pp,recomputed_from_archived_official_report,deterministic_source_reconstruction_v1,2026-09-13,,,,equal,c,True
AgCensus2015-16 T2-4 Uttar Pradesh/ST/area/SmallvsMedium,AgCensus2015-16,T2-4,Uttar Pradesh,ST,area,SmallvsMedium,landholding,small operated area,medium operated area,1,1,0,0,equal,c,"Table 4, PDF pages 37,39,41",https://www.fao.org/fileadmin/templates/ess/ess_test_folder/World_Census_Agriculture/WCA_2020/WCA_2020_new_doc/IND_REP_ENG_2015_2016.pdf | archived_sha256=fb01bcb922a38ef964a2ca2fddada5540426bf5b06317d931425ae8d699d6405,archived a1_extract.py/a1b_gender.py; shares independently recomputed from numeric CSV,percentage share (0-100); raw operated area in thousand hectares,All Classes total for Uttar Pradesh/ST/area=90,24.4444444444,21.1111111111,raw Small=22; raw Medium=19; construction fact=f01955; stored gap=3.33 pp,recomputed_from_archived_official_report,deterministic_source_reconstruction_v1,2026-09-13,,,,equal,c,True
AgCensus2015-16 T2-4 Uttar Pradesh/ST/area/SmallvsSemi-medium,AgCensus2015-16,T2-4,Uttar Pradesh,ST,area,SmallvsSemi-medium,landholding,small operated area,semi-medium operated area,1,0,1,0,equal,c,"Table 4, PDF pages 37,39,40",https://www.fao.org/fileadmin/templates/ess/ess_test_folder/World_Census_Agriculture/WCA_2020/WCA_2020_new_doc/IND_REP_ENG_2015_2016.pdf | archived_sha256=fb01bcb922a38ef964a2ca2fddada5540426bf5b06317d931425ae8d699d6405,archived a1_extract.py/a1b_gender.py; shares independently recomputed from numeric CSV,percentage share (0-100); raw operated area in thousand hectares,All Classes total for Uttar Pradesh/ST/area=90,24.4444444444,23.3333333333,raw Small=22; raw Semi-medium=21; construction fact=f01954; stored gap=1.11 pp,recomputed_from_archived_official_report,deterministic_source_reconstruction_v1,2026-09-13,,,,equal,c,True
AgCensus2015-16 T2-4 Uttar Pradesh/ST/number/MarginalvsLarge,AgCensus2015-16,T2-4,Uttar Pradesh,ST,number,MarginalvsLarge,landholding,marginal holdings,large holdings,1,1,0,0,diff,a,"Table 4, PDF pages 37,38,42",https://www.fao.org/fileadmin/templates/ess/ess_test_folder/World_Census_Agriculture/WCA_2020/WCA_2020_new_doc/IND_REP_ENG_2015_2016.pdf | archived_sha256=fb01bcb922a38ef964a2ca2fddada5540426bf5b06317d931425ae8d699d6405,archived a1_extract.py/a1b_gender.py; shares independently recomputed from numeric CSV,percentage share (0-100); raw number of holdings in thousands,All Classes total for Uttar Pradesh/ST/number=79,67.0886075949,0.0000000000,raw Marginal=53; raw Large=0; construction fact=f01302; stored gap=67.09 pp,recomputed_from_archived_official_report,deterministic_source_reconstruction_v1,2026-09-13,,,,diff,a,True
AgCensus2015-16 T2-4 Uttar Pradesh/ST/number/MarginalvsSemi-medium,AgCensus2015-16,T2-4,Uttar Pradesh,ST,number,MarginalvsSemi-medium,landholding,marginal holdings,semi-medium holdings,1,1,0,0,diff,a,"Table 4, PDF pages 37,38,40",https://www.fao.org/fileadmin/templates/ess/ess_test_folder/World_Census_Agriculture/WCA_2020/WCA_2020_new_doc/IND_REP_ENG_2015_2016.pdf | archived_sha256=fb01bcb922a38ef964a2ca2fddada5540426bf5b06317d931425ae8d699d6405,archived a1_extract.py/a1b_gender.py; shares independently recomputed from numeric CSV,percentage share (0-100); raw number of holdings in thousands,All Classes total for Uttar Pradesh/ST/number=79,67.0886075949,8.8607594937,raw Marginal=53; raw Semi-medium=7; construction fact=f01300; stored gap=58.23 pp,recomputed_from_archived_official_report,deterministic_source_reconstruction_v1,2026-09-13,,,,diff,a,True
AgCensus2015-16 T2-4 Uttar Pradesh/ST/number/MarginalvsSmall,AgCensus2015-16,T2-4,Uttar Pradesh,ST,number,MarginalvsSmall,landholding,marginal holdings,small holdings,1,1,0,0,diff,a,"Table 4, PDF pages 37,38,39",https://www.fao.org/fileadmin/templates/ess/ess_test_folder/World_Census_Agriculture/WCA_2020/WCA_2020_new_doc/IND_REP_ENG_2015_2016.pdf | archived_sha256=fb01bcb922a38ef964a2ca2fddada5540426bf5b06317d931425ae8d699d6405,archived a1_extract.py/a1b_gender.py; shares independently recomputed from numeric CSV,percentage share (0-100); raw number of holdings in thousands,All Classes total for Uttar Pradesh/ST/number=79,67.0886075949,18.9873417722,raw Marginal=53; raw Small=15; construction fact=f01299; stored gap=48.1 pp,recomputed_from_archived_official_report,deterministic_source_reconstruction_v1,2026-09-13,,,,diff,a,True
AgCensus2015-16 T2-4 Uttar Pradesh/ST/number/SmallvsLarge,AgCensus2015-16,T2-4,Uttar Pradesh,ST,number,SmallvsLarge,landholding,small holdings,large holdings,1,0,0,1,diff,a,"Table 4, PDF pages 37,39,42",https://www.fao.org/fileadmin/templates/ess/ess_test_folder/World_Census_Agriculture/WCA_2020/WCA_2020_new_doc/IND_REP_ENG_2015_2016.pdf | archived_sha256=fb01bcb922a38ef964a2ca2fddada5540426bf5b06317d931425ae8d699d6405,archived a1_extract.py/a1b_gender.py; shares independently recomputed from numeric CSV,percentage share (0-100); raw number of holdings in thousands,All Classes total for Uttar Pradesh/ST/number=79,18.9873417722,0.0000000000,raw Small=15; raw Large=0; construction fact=f01305; stored gap=18.99 pp,recomputed_from_archived_official_report,deterministic_source_reconstruction_v1,2026-09-13,,,,diff,a,True
AgCensus2015-16 T2-4 Uttar Pradesh/ST/number/SmallvsMedium,AgCensus2015-16,T2-4,Uttar Pradesh,ST,number,SmallvsMedium,landholding,small holdings,medium holdings,1,1,0,0,diff,a,"Table 4, PDF pages 37,39,41",https://www.fao.org/fileadmin/templates/ess/ess_test_folder/World_Census_Agriculture/WCA_2020/WCA_2020_new_doc/IND_REP_ENG_2015_2016.pdf | archived_sha256=fb01bcb922a38ef964a2ca2fddada5540426bf5b06317d931425ae8d699d6405,archived a1_extract.py/a1b_gender.py; shares independently recomputed from numeric CSV,percentage share (0-100); raw number of holdings in thousands,All Classes total for Uttar Pradesh/ST/number=79,18.9873417722,3.7974683544,raw Small=15; raw Medium=3; construction fact=f01304; stored gap=15.19 pp,recomputed_from_archived_official_report,deterministic_source_reconstruction_v1,2026-09-13,,,,diff,a,True
AgCensus2015-16 T2-4 Uttar Pradesh/ST/number/SmallvsSemi-medium,AgCensus2015-16,T2-4,Uttar Pradesh,ST,number,SmallvsSemi-medium,landholding,small holdings,semi-medium holdings,1,1,0,0,diff,a,"Table 4, PDF pages 37,39,40",https://www.fao.org/fileadmin/templates/ess/ess_test_folder/World_Census_Agriculture/WCA_2020/WCA_2020_new_doc/IND_REP_ENG_2015_2016.pdf | archived_sha256=fb01bcb922a38ef964a2ca2fddada5540426bf5b06317d931425ae8d699d6405,archived a1_extract.py/a1b_gender.py; shares independently recomputed from numeric CSV,percentage share (0-100); raw number of holdings in thousands,All Classes total for Uttar Pradesh/ST/number=79,18.9873417722,8.8607594937,raw Small=15; raw Semi-medium=7; construction fact=f01303; stored gap=10.13 pp,recomputed_from_archived_official_report,deterministic_source_reconstruction_v1,2026-09-13,,,,diff,a,True
AgCensus2015-16 T2-4 Uttar Pradesh/Semi-medium/number/SCvsOthers,AgCensus2015-16,T2-4,Uttar Pradesh,Semi-medium,number,SCvsOthers,social_group,Scheduled Castes,Other social groups,1,1,0,0,diff,b,"Tables 2-4, PDF pages 28,34,40",https://www.fao.org/fileadmin/templates/ess/ess_test_folder/World_Census_Agriculture/WCA_2020/WCA_2020_new_doc/IND_REP_ENG_2015_2016.pdf | archived_sha256=fb01bcb922a38ef964a2ca2fddada5540426bf5b06317d931425ae8d699d6405,archived a1_extract.py/a1b_gender.py; shares independently recomputed from numeric CSV,percentage share (0-100); raw number of holdings in thousands,All-social-groups total for Uttar Pradesh/Semi-medium/number=1314,6.7732115677,92.6940639269,raw SC=89; raw Others=1218; construction fact=f00321; stored gap=85.92 pp,recomputed_from_archived_official_report,deterministic_source_reconstruction_v1,2026-09-13,,,,diff,b,True
AgCensus2015-16 T2-4 Uttar Pradesh/Semi-medium/number/STvsOthers,AgCensus2015-16,T2-4,Uttar Pradesh,Semi-medium,number,STvsOthers,social_group,Scheduled Tribes,Other social groups,1,1,0,0,diff,b,"Tables 2-4, PDF pages 28,34,40",https://www.fao.org/fileadmin/templates/ess/ess_test_folder/World_Census_Agriculture/WCA_2020/WCA_2020_new_doc/IND_REP_ENG_2015_2016.pdf | archived_sha256=fb01bcb922a38ef964a2ca2fddada5540426bf5b06317d931425ae8d699d6405,archived a1_extract.py/a1b_gender.py; shares independently recomputed from numeric CSV,percentage share (0-100); raw number of holdings in thousands,All-social-groups total for Uttar Pradesh/Semi-medium/number=1314,0.5327245053,92.6940639269,raw ST=7; raw Others=1218; construction fact=f00322; stored gap=92.16 pp,recomputed_from_archived_official_report,deterministic_source_reconstruction_v1,2026-09-13,,,,diff,b,True
AgCensus2015-16 T2-4 Uttar Pradesh/Small/number/SCvsOthers,AgCensus2015-16,T2-4,Uttar Pradesh,Small,number,SCvsOthers,social_group,Scheduled Castes,Other social groups,1,0,0,1,diff,b,"Tables 2-4, PDF pages 27,33,39",https://www.fao.org/fileadmin/templates/ess/ess_test_folder/World_Census_Agriculture/WCA_2020/WCA_2020_new_doc/IND_REP_ENG_2015_2016.pdf | archived_sha256=fb01bcb922a38ef964a2ca2fddada5540426bf5b06317d931425ae8d699d6405,archived a1_extract.py/a1b_gender.py; shares independently recomputed from numeric CSV,percentage share (0-100); raw number of holdings in thousands,All-social-groups total for Uttar Pradesh/Small/number=3008,11.1037234043,88.3976063830,raw SC=334; raw Others=2659; construction fact=f00324; stored gap=77.29 pp,recomputed_from_archived_official_report,deterministic_source_reconstruction_v1,2026-09-13,,,,diff,b,True
AgCensus2015-16 T2-4 Uttar Pradesh/Small/number/SCvsST,AgCensus2015-16,T2-4,Uttar Pradesh,Small,number,SCvsST,social_group,Scheduled Castes,Scheduled Tribes,1,1,0,0,diff,a,"Tables 2-4, PDF pages 27,33,39",https://www.fao.org/fileadmin/templates/ess/ess_test_folder/World_Census_Agriculture/WCA_2020/WCA_2020_new_doc/IND_REP_ENG_2015_2016.pdf | archived_sha256=fb01bcb922a38ef964a2ca2fddada5540426bf5b06317d931425ae8d699d6405,archived a1_extract.py/a1b_gender.py; shares independently recomputed from numeric CSV,percentage share (0-100); raw number of holdings in thousands,All-social-groups total for Uttar Pradesh/Small/number=3008,11.1037234043,0.4986702128,raw SC=334; raw ST=15; construction fact=f00323; stored gap=10.61 pp,recomputed_from_archived_official_report,deterministic_source_reconstruction_v1,2026-09-13,,,,diff,a,True
AgCensus2015-16 T2-4 Uttar Pradesh/Small/number/STvsOthers,AgCensus2015-16,T2-4,Uttar Pradesh,Small,number,STvsOthers,social_group,Scheduled Tribes,Other social groups,1,1,0,0,diff,b,"Tables 2-4, PDF pages 27,33,39",https://www.fao.org/fileadmin/templates/ess/ess_test_folder/World_Census_Agriculture/WCA_2020/WCA_2020_new_doc/IND_REP_ENG_2015_2016.pdf | archived_sha256=fb01bcb922a38ef964a2ca2fddada5540426bf5b06317d931425ae8d699d6405,archived a1_extract.py/a1b_gender.py; shares independently recomputed from numeric CSV,percentage share (0-100); raw number of holdings in thousands,All-social-groups total for Uttar Pradesh/Small/number=3008,0.4986702128,88.3976063830,raw ST=15; raw Others=2659; construction fact=f00325; stored gap=87.9 pp,recomputed_from_archived_official_report,deterministic_source_reconstruction_v1,2026-09-13,,,,diff,b,True
AgCensus2015-16 T2-4 Uttarakhand/All Classes/area/SCvsST,AgCensus2015-16,T2-4,Uttarakhand,All Classes,area,SCvsST,social_group,Scheduled Castes,Scheduled Tribes,8,8,0,0,equal,c,"Tables 2-4, PDF pages 25,31,37",https://www.fao.org/fileadmin/templates/ess/ess_test_folder/World_Census_Agriculture/WCA_2020/WCA_2020_new_doc/IND_REP_ENG_2015_2016.pdf | archived_sha256=fb01bcb922a38ef964a2ca2fddada5540426bf5b06317d931425ae8d699d6405,archived a1_extract.py/a1b_gender.py; shares independently recomputed from numeric CSV,percentage share (0-100); raw operated area in thousand hectares,All-social-groups total for Uttarakhand/All Classes/area=747,8.7014725569,6.1579651941,raw SC=65; raw ST=46; construction fact=f00716; stored gap=2.54 pp,recomputed_from_archived_official_report,deterministic_source_reconstruction_v1,2026-09-13,,,,equal,c,True
AgCensus2015-16 T2-4 Uttarakhand/All Classes/number/SCvsOthers,AgCensus2015-16,T2-4,Uttarakhand,All Classes,number,SCvsOthers,social_group,Scheduled Castes,Other social groups,1,1,0,0,diff,b,"Tables 2-4, PDF pages 25,31,37",https://www.fao.org/fileadmin/templates/ess/ess_test_folder/World_Census_Agriculture/WCA_2020/WCA_2020_new_doc/IND_REP_ENG_2015_2016.pdf | archived_sha256=fb01bcb922a38ef964a2ca2fddada5540426bf5b06317d931425ae8d699d6405,archived a1_extract.py/a1b_gender.py; shares independently recomputed from numeric CSV,percentage share (0-100); raw number of holdings in thousands,All-social-groups total for Uttarakhand/All Classes/number=881,14.0749148695,82.7468785471,raw SC=124; raw Others=729; construction fact=f00327; stored gap=68.67 pp,recomputed_from_archived_official_report,deterministic_source_reconstruction_v1,2026-09-13,,,,diff,b,True
AgCensus2015-16 T2-4 Uttarakhand/All Classes/number/SCvsST,AgCensus2015-16,T2-4,Uttarakhand,All Classes,number,SCvsST,social_group,Scheduled Castes,Scheduled Tribes,1,1,0,0,diff,a,"Tables 2-4, PDF pages 25,31,37",https://www.fao.org/fileadmin/templates/ess/ess_test_folder/World_Census_Agriculture/WCA_2020/WCA_2020_new_doc/IND_REP_ENG_2015_2016.pdf | archived_sha256=fb01bcb922a38ef964a2ca2fddada5540426bf5b06317d931425ae8d699d6405,archived a1_extract.py/a1b_gender.py; shares independently recomputed from numeric CSV,percentage share (0-100); raw number of holdings in thousands,All-social-groups total for Uttarakhand/All Classes/number=881,14.0749148695,3.1782065834,raw SC=124; raw ST=28; construction fact=f00326; stored gap=10.9 pp,recomputed_from_archived_official_report,deterministic_source_reconstruction_v1,2026-09-13,,,,diff,a,True
AgCensus2015-16 T2-4 Uttarakhand/All Classes/number/STvsOthers,AgCensus2015-16,T2-4,Uttarakhand,All Classes,number,STvsOthers,social_group,Scheduled Tribes,Other social groups,1,1,0,0,diff,b,"Tables 2-4, PDF pages 25,31,37",https://www.fao.org/fileadmin/templates/ess/ess_test_folder/World_Census_Agriculture/WCA_2020/WCA_2020_new_doc/IND_REP_ENG_2015_2016.pdf | archived_sha256=fb01bcb922a38ef964a2ca2fddada5540426bf5b06317d931425ae8d699d6405,archived a1_extract.py/a1b_gender.py; shares independently recomputed from numeric CSV,percentage share (0-100); raw number of holdings in thousands,All-social-groups total for Uttarakhand/All Classes/number=881,3.1782065834,82.7468785471,raw ST=28; raw Others=729; construction fact=f00328; stored gap=79.57 pp,recomputed_from_archived_official_report,deterministic_source_reconstruction_v1,2026-09-13,,,,diff,b,True
AgCensus2015-16 T2-4 Uttarakhand/All/number/MarginalvsLarge,AgCensus2015-16,T2-4,Uttarakhand,All,number,MarginalvsLarge,landholding,marginal holdings,large holdings,1,1,0,0,diff,a,"Table 2, PDF pages 25,26,30",https://www.fao.org/fileadmin/templates/ess/ess_test_folder/World_Census_Agriculture/WCA_2020/WCA_2020_new_doc/IND_REP_ENG_2015_2016.pdf | archived_sha256=fb01bcb922a38ef964a2ca2fddada5540426bf5b06317d931425ae8d699d6405,archived a1_extract.py/a1b_gender.py; shares independently recomputed from numeric CSV,percentage share (0-100); raw number of holdings in thousands,All Classes total for Uttarakhand/All/number=881,74.8013620885,0.1135073780,raw Marginal=659; raw Large=1; construction fact=f00959; stored gap=74.69 pp,recomputed_from_archived_official_report,deterministic_source_reconstruction_v1,2026-09-13,,,,diff,a,True
AgCensus2015-16 T2-4 Uttarakhand/All/number/MarginalvsMedium,AgCensus2015-16,T2-4,Uttarakhand,All,number,MarginalvsMedium,landholding,marginal holdings,medium holdings,1,1,0,0,diff,a,"Table 2, PDF pages 25,26,29",https://www.fao.org/fileadmin/templates/ess/ess_test_folder/World_Census_Agriculture/WCA_2020/WCA_2020_new_doc/IND_REP_ENG_2015_2016.pdf | archived_sha256=fb01bcb922a38ef964a2ca2fddada5540426bf5b06317d931425ae8d699d6405,archived a1_extract.py/a1b_gender.py; shares independently recomputed from numeric CSV,percentage share (0-100); raw number of holdings in thousands,All Classes total for Uttarakhand/All/number=881,74.8013620885,1.5891032917,raw Marginal=659; raw Medium=14; construction fact=f00958; stored gap=73.21 pp,recomputed_from_archived_official_report,deterministic_source_reconstruction_v1,2026-09-13,,,,diff,a,True
AgCensus2015-16 T2-4 Uttarakhand/All/number/MarginalvsSemi-medium,AgCensus2015-16,T2-4,Uttarakhand,All,number,MarginalvsSemi-medium,landholding,marginal holdings,semi-medium holdings,1,1,0,0,diff,a,"Table 2, PDF pages 25,26,28",https://www.fao.org/fileadmin/templates/ess/ess_test_folder/World_Census_Agriculture/WCA_2020/WCA_2020_new_doc/IND_REP_ENG_2015_2016.pdf | archived_sha256=fb01bcb922a38ef964a2ca2fddada5540426bf5b06317d931425ae8d699d6405,archived a1_extract.py/a1b_gender.py; shares independently recomputed from numeric CSV,percentage share (0-100); raw number of holdings in thousands,All Classes total for Uttarakhand/All/number=881,74.8013620885,6.5834279228,raw Marginal=659; raw Semi-medium=58; construction fact=f00957; stored gap=68.22 pp,recomputed_from_archived_official_report,deterministic_source_reconstruction_v1,2026-09-13,,,,diff,a,True
AgCensus2015-16 T2-4 Uttarakhand/All/number/MarginalvsSmall,AgCensus2015-16,T2-4,Uttarakhand,All,number,MarginalvsSmall,landholding,marginal holdings,small holdings,1,0,0,1,diff,a,"Table 2, PDF pages 25,26,27",https://www.fao.org/fileadmin/templates/ess/ess_test_folder/World_Census_Agriculture/WCA_2020/WCA_2020_new_doc/IND_REP_ENG_2015_2016.pdf | archived_sha256=fb01bcb922a38ef964a2ca2fddada5540426bf5b06317d931425ae8d699d6405,archived a1_extract.py/a1b_gender.py; shares independently recomputed from numeric CSV,percentage share (0-100); raw number of holdings in thousands,All Classes total for Uttarakhand/All/number=881,74.8013620885,16.9125993190,raw Marginal=659; raw Small=149; construction fact=f00956; stored gap=57.89 pp,recomputed_from_archived_official_report,deterministic_source_reconstruction_v1,2026-09-13,,,,diff,a,True
AgCensus2015-16 T2-4 Uttarakhand/All/number/Semi-mediumvsMedium,AgCensus2015-16,T2-4,Uttarakhand,All,number,Semi-mediumvsMedium,landholding,semi-medium holdings,medium holdings,4,0,4,0,equal,c,"Table 2, PDF pages 25,28,29",https://www.fao.org/fileadmin/templates/ess/ess_test_folder/World_Census_Agriculture/WCA_2020/WCA_2020_new_doc/IND_REP_ENG_2015_2016.pdf | archived_sha256=fb01bcb922a38ef964a2ca2fddada5540426bf5b06317d931425ae8d699d6405,archived a1_extract.py/a1b_gender.py; shares independently recomputed from numeric CSV,percentage share (0-100); raw number of holdings in thousands,All Classes total for Uttarakhand/All/number=881,6.5834279228,1.5891032917,raw Semi-medium=58; raw Medium=14; construction fact=f00963; stored gap=4.99 pp,recomputed_from_archived_official_report,deterministic_source_reconstruction_v1,2026-09-13,,,,equal,c,True
AgCensus2015-16 T2-4 Uttarakhand/All/number/SmallvsLarge,AgCensus2015-16,T2-4,Uttarakhand,All,number,SmallvsLarge,landholding,small holdings,large holdings,1,0,0,1,diff,a,"Table 2, PDF pages 25,27,30",https://www.fao.org/fileadmin/templates/ess/ess_test_folder/World_Census_Agriculture/WCA_2020/WCA_2020_new_doc/IND_REP_ENG_2015_2016.pdf | archived_sha256=fb01bcb922a38ef964a2ca2fddada5540426bf5b06317d931425ae8d699d6405,archived a1_extract.py/a1b_gender.py; shares independently recomputed from numeric CSV,percentage share (0-100); raw number of holdings in thousands,All Classes total for Uttarakhand/All/number=881,16.9125993190,0.1135073780,raw Small=149; raw Large=1; construction fact=f00962; stored gap=16.8 pp,recomputed_from_archived_official_report,deterministic_source_reconstruction_v1,2026-09-13,,,,diff,a,True
AgCensus2015-16 T2-4 Uttarakhand/All/number/SmallvsMedium,AgCensus2015-16,T2-4,Uttarakhand,All,number,SmallvsMedium,landholding,small holdings,medium holdings,1,1,0,0,diff,a,"Table 2, PDF pages 25,27,29",https://www.fao.org/fileadmin/templates/ess/ess_test_folder/World_Census_Agriculture/WCA_2020/WCA_2020_new_doc/IND_REP_ENG_2015_2016.pdf | archived_sha256=fb01bcb922a38ef964a2ca2fddada5540426bf5b06317d931425ae8d699d6405,archived a1_extract.py/a1b_gender.py; shares independently recomputed from numeric CSV,percentage share (0-100); raw number of holdings in thousands,All Classes total for Uttarakhand/All/number=881,16.9125993190,1.5891032917,raw Small=149; raw Medium=14; construction fact=f00961; stored gap=15.32 pp,recomputed_from_archived_official_report,deterministic_source_reconstruction_v1,2026-09-13,,,,diff,a,True
AgCensus2015-16 T2-4 Uttarakhand/All/number/SmallvsSemi-medium,AgCensus2015-16,T2-4,Uttarakhand,All,number,SmallvsSemi-medium,landholding,small holdings,semi-medium holdings,1,0,0,1,diff,a,"Table 2, PDF pages 25,27,28",https://www.fao.org/fileadmin/templates/ess/ess_test_folder/World_Census_Agriculture/WCA_2020/WCA_2020_new_doc/IND_REP_ENG_2015_2016.pdf | archived_sha256=fb01bcb922a38ef964a2ca2fddada5540426bf5b06317d931425ae8d699d6405,archived a1_extract.py/a1b_gender.py; shares independently recomputed from numeric CSV,percentage share (0-100); raw number of holdings in thousands,All Classes total for Uttarakhand/All/number=881,16.9125993190,6.5834279228,raw Small=149; raw Semi-medium=58; construction fact=f00960; stored gap=10.33 pp,recomputed_from_archived_official_report,deterministic_source_reconstruction_v1,2026-09-13,,,,diff,a,True
AgCensus2015-16 T2-4 Uttarakhand/Marginal/number/SCvsST,AgCensus2015-16,T2-4,Uttarakhand,Marginal,number,SCvsST,social_group,Scheduled Castes,Scheduled Tribes,1,1,0,0,diff,a,"Tables 2-4, PDF pages 26,32,38",https://www.fao.org/fileadmin/templates/ess/ess_test_folder/World_Census_Agriculture/WCA_2020/WCA_2020_new_doc/IND_REP_ENG_2015_2016.pdf | archived_sha256=fb01bcb922a38ef964a2ca2fddada5540426bf5b06317d931425ae8d699d6405,archived a1_extract.py/a1b_gender.py; shares independently recomputed from numeric CSV,percentage share (0-100); raw number of holdings in thousands,All-social-groups total for Uttarakhand/Marginal/number=659,16.5402124431,2.4279210926,raw SC=109; raw ST=16; construction fact=f00329; stored gap=14.11 pp,recomputed_from_archived_official_report,deterministic_source_reconstruction_v1,2026-09-13,,,,diff,a,True
AgCensus2015-16 T2-4 Uttarakhand/Marginal/number/STvsOthers,AgCensus2015-16,T2-4,Uttarakhand,Marginal,number,STvsOthers,social_group,Scheduled Tribes,Other social groups,1,1,0,0,diff,b,"Tables 2-4, PDF pages 26,32,38",https://www.fao.org/fileadmin/templates/ess/ess_test_folder/World_Census_Agriculture/WCA_2020/WCA_2020_new_doc/IND_REP_ENG_2015_2016.pdf | archived_sha256=fb01bcb922a38ef964a2ca2fddada5540426bf5b06317d931425ae8d699d6405,archived a1_extract.py/a1b_gender.py; shares independently recomputed from numeric CSV,percentage share (0-100); raw number of holdings in thousands,All-social-groups total for Uttarakhand/Marginal/number=659,2.4279210926,81.0318664643,raw ST=16; raw Others=534; construction fact=f00331; stored gap=78.6 pp,recomputed_from_archived_official_report,deterministic_source_reconstruction_v1,2026-09-13,,,,diff,b,True
AgCensus2015-16 T2-4 Uttarakhand/SC/number/MarginalvsLarge,AgCensus2015-16,T2-4,Uttarakhand,SC,number,MarginalvsLarge,landholding,marginal holdings,large holdings,1,0,0,1,diff,a,"Table 3, PDF pages 31,32,36",https://www.fao.org/fileadmin/templates/ess/ess_test_folder/World_Census_Agriculture/WCA_2020/WCA_2020_new_doc/IND_REP_ENG_2015_2016.pdf | archived_sha256=fb01bcb922a38ef964a2ca2fddada5540426bf5b06317d931425ae8d699d6405,archived a1_extract.py/a1b_gender.py; shares independently recomputed from numeric CSV,percentage share (0-100); raw number of holdings in thousands,All Classes total for Uttarakhand/SC/number=124,87.9032258065,0.0000000000,raw Marginal=109; raw Large=0; construction fact=f01109; stored gap=87.9 pp,recomputed_from_archived_official_report,deterministic_source_reconstruction_v1,2026-09-13,,,,diff,a,True
AgCensus2015-16 T2-4 Uttarakhand/SC/number/MarginalvsMedium,AgCensus2015-16,T2-4,Uttarakhand,SC,number,MarginalvsMedium,landholding,marginal holdings,medium holdings,1,0,0,1,diff,a,"Table 3, PDF pages 31,32,35",https://www.fao.org/fileadmin/templates/ess/ess_test_folder/World_Census_Agriculture/WCA_2020/WCA_2020_new_doc/IND_REP_ENG_2015_2016.pdf | archived_sha256=fb01bcb922a38ef964a2ca2fddada5540426bf5b06317d931425ae8d699d6405,archived a1_extract.py/a1b_gender.py; shares independently recomputed from numeric CSV,percentage share (0-100); raw number of holdings in thousands,All Classes total for Uttarakhand/SC/number=124,87.9032258065,0.0000000000,raw Marginal=109; raw Medium=0; construction fact=f01108; stored gap=87.9 pp,recomputed_from_archived_official_report,deterministic_source_reconstruction_v1,2026-09-13,,,,diff,a,True
AgCensus2015-16 T2-4 Uttarakhand/SC/number/MarginalvsSemi-medium,AgCensus2015-16,T2-4,Uttarakhand,SC,number,MarginalvsSemi-medium,landholding,marginal holdings,semi-medium holdings,1,0,0,1,diff,a,"Table 3, PDF pages 31,32,34",https://www.fao.org/fileadmin/templates/ess/ess_test_folder/World_Census_Agriculture/WCA_2020/WCA_2020_new_doc/IND_REP_ENG_2015_2016.pdf | archived_sha256=fb01bcb922a38ef964a2ca2fddada5540426bf5b06317d931425ae8d699d6405,archived a1_extract.py/a1b_gender.py; shares independently recomputed from numeric CSV,percentage share (0-100); raw number of holdings in thousands,All Classes total for Uttarakhand/SC/number=124,87.9032258065,2.4193548387,raw Marginal=109; raw Semi-medium=3; construction fact=f01107; stored gap=85.48 pp,recomputed_from_archived_official_report,deterministic_source_reconstruction_v1,2026-09-13,,,,diff,a,True
AgCensus2015-16 T2-4 Uttarakhand/SC/number/MarginalvsSmall,AgCensus2015-16,T2-4,Uttarakhand,SC,number,MarginalvsSmall,landholding,marginal holdings,small holdings,1,0,0,1,diff,a,"Table 3, PDF pages 31,32,33",https://www.fao.org/fileadmin/templates/ess/ess_test_folder/World_Census_Agriculture/WCA_2020/WCA_2020_new_doc/IND_REP_ENG_2015_2016.pdf | archived_sha256=fb01bcb922a38ef964a2ca2fddada5540426bf5b06317d931425ae8d699d6405,archived a1_extract.py/a1b_gender.py; shares independently recomputed from numeric CSV,percentage share (0-100); raw number of holdings in thousands,All Classes total for Uttarakhand/SC/number=124,87.9032258065,8.8709677419,raw Marginal=109; raw Small=11; construction fact=f01106; stored gap=79.03 pp,recomputed_from_archived_official_report,deterministic_source_reconstruction_v1,2026-09-13,,,,diff,a,True
AgCensus2015-16 T2-4 Uttarakhand/ST/area/MarginalvsSmall,AgCensus2015-16,T2-4,Uttarakhand,ST,area,MarginalvsSmall,landholding,marginal operated area,small operated area,1,1,0,0,equal,c,"Table 4, PDF pages 37,38,39",https://www.fao.org/fileadmin/templates/ess/ess_test_folder/World_Census_Agriculture/WCA_2020/WCA_2020_new_doc/IND_REP_ENG_2015_2016.pdf | archived_sha256=fb01bcb922a38ef964a2ca2fddada5540426bf5b06317d931425ae8d699d6405,archived a1_extract.py/a1b_gender.py; shares independently recomputed from numeric CSV,percentage share (0-100); raw operated area in thousand hectares,All Classes total for Uttarakhand/ST/area=46,13.0434782609,13.0434782609,raw Marginal=6; raw Small=6; construction fact=f01960; stored gap=0.0 pp,recomputed_from_archived_official_report,deterministic_source_reconstruction_v1,2026-09-13,,,,equal,c,True
AgCensus2015-16 T2-4 Uttarakhand/ST/number/MarginalvsMedium,AgCensus2015-16,T2-4,Uttarakhand,ST,number,MarginalvsMedium,landholding,marginal holdings,medium holdings,1,0,0,1,diff,a,"Table 4, PDF pages 37,38,41",https://www.fao.org/fileadmin/templates/ess/ess_test_folder/World_Census_Agriculture/WCA_2020/WCA_2020_new_doc/IND_REP_ENG_2015_2016.pdf | archived_sha256=fb01bcb922a38ef964a2ca2fddada5540426bf5b06317d931425ae8d699d6405,archived a1_extract.py/a1b_gender.py; shares independently recomputed from numeric CSV,percentage share (0-100); raw number of holdings in thousands,All Classes total for Uttarakhand/ST/number=28,57.1428571429,10.7142857143,raw Marginal=16; raw Medium=3; construction fact=f01308; stored gap=46.43 pp,recomputed_from_archived_official_report,deterministic_source_reconstruction_v1,2026-09-13,,,,diff,a,True
AgCensus2015-16 T2-4 Uttarakhand/ST/number/MarginalvsSemi-medium,AgCensus2015-16,T2-4,Uttarakhand,ST,number,MarginalvsSemi-medium,landholding,marginal holdings,semi-medium holdings,1,1,0,0,diff,a,"Table 4, PDF pages 37,38,40",https://www.fao.org/fileadmin/templates/ess/ess_test_folder/World_Census_Agriculture/WCA_2020/WCA_2020_new_doc/IND_REP_ENG_2015_2016.pdf | archived_sha256=fb01bcb922a38ef964a2ca2fddada5540426bf5b06317d931425ae8d699d6405,archived a1_extract.py/a1b_gender.py; shares independently recomputed from numeric CSV,percentage share (0-100); raw number of holdings in thousands,All Classes total for Uttarakhand/ST/number=28,57.1428571429,17.8571428571,raw Marginal=16; raw Semi-medium=5; construction fact=f01307; stored gap=39.29 pp,recomputed_from_archived_official_report,deterministic_source_reconstruction_v1,2026-09-13,,,,diff,a,True
AgCensus2015-16 T2-4 Uttarakhand/ST/number/MarginalvsSmall,AgCensus2015-16,T2-4,Uttarakhand,ST,number,MarginalvsSmall,landholding,marginal holdings,small holdings,1,1,0,0,diff,a,"Table 4, PDF pages 37,38,39",https://www.fao.org/fileadmin/templates/ess/ess_test_folder/World_Census_Agriculture/WCA_2020/WCA_2020_new_doc/IND_REP_ENG_2015_2016.pdf | archived_sha256=fb01bcb922a38ef964a2ca2fddada5540426bf5b06317d931425ae8d699d6405,archived a1_extract.py/a1b_gender.py; shares independently recomputed from numeric CSV,percentage share (0-100); raw number of holdings in thousands,All Classes total for Uttarakhand/ST/number=28,57.1428571429,14.2857142857,raw Marginal=16; raw Small=4; construction fact=f01306; stored gap=42.86 pp,recomputed_from_archived_official_report,deterministic_source_reconstruction_v1,2026-09-13,,,,diff,a,True
AgCensus2015-16 T2-4 Uttarakhand/ST/number/SmallvsMedium,AgCensus2015-16,T2-4,Uttarakhand,ST,number,SmallvsMedium,landholding,small holdings,medium holdings,4,4,0,0,equal,c,"Table 4, PDF pages 37,39,41",https://www.fao.org/fileadmin/templates/ess/ess_test_folder/World_Census_Agriculture/WCA_2020/WCA_2020_new_doc/IND_REP_ENG_2015_2016.pdf | archived_sha256=fb01bcb922a38ef964a2ca2fddada5540426bf5b06317d931425ae8d699d6405,archived a1_extract.py/a1b_gender.py; shares independently recomputed from numeric CSV,percentage share (0-100); raw number of holdings in thousands,All Classes total for Uttarakhand/ST/number=28,14.2857142857,10.7142857143,raw Small=4; raw Medium=3; construction fact=f01311; stored gap=3.57 pp,recomputed_from_archived_official_report,deterministic_source_reconstruction_v1,2026-09-13,,,,equal,c,True
AgCensus2015-16 T2-4 Uttarakhand/ST/number/SmallvsSemi-medium,AgCensus2015-16,T2-4,Uttarakhand,ST,number,SmallvsSemi-medium,landholding,small holdings,semi-medium holdings,3,3,0,0,equal,c,"Table 4, PDF pages 37,39,40",https://www.fao.org/fileadmin/templates/ess/ess_test_folder/World_Census_Agriculture/WCA_2020/WCA_2020_new_doc/IND_REP_ENG_2015_2016.pdf | archived_sha256=fb01bcb922a38ef964a2ca2fddada5540426bf5b06317d931425ae8d699d6405,archived a1_extract.py/a1b_gender.py; shares independently recomputed from numeric CSV,percentage share (0-100); raw number of holdings in thousands,All Classes total for Uttarakhand/ST/number=28,14.2857142857,17.8571428571,raw Small=4; raw Semi-medium=5; construction fact=f01310; stored gap=3.57 pp,recomputed_from_archived_official_report,deterministic_source_reconstruction_v1,2026-09-13,,,,equal,c,True
AgCensus2015-16 T2-4 Uttarakhand/Semi-medium/area/SCvsST,AgCensus2015-16,T2-4,Uttarakhand,Semi-medium,area,SCvsST,social_group,Scheduled Castes,Scheduled Tribes,1,1,0,0,equal,c,"Tables 2-4, PDF pages 28,34,40",https://www.fao.org/fileadmin/templates/ess/ess_test_folder/World_Census_Agriculture/WCA_2020/WCA_2020_new_doc/IND_REP_ENG_2015_2016.pdf | archived_sha256=fb01bcb922a38ef964a2ca2fddada5540426bf5b06317d931425ae8d699d6405,archived a1_extract.py/a1b_gender.py; shares independently recomputed from numeric CSV,percentage share (0-100); raw operated area in thousand hectares,All-social-groups total for Uttarakhand/Semi-medium/area=156,5.1282051282,8.3333333333,raw SC=8; raw ST=13; construction fact=f00728; stored gap=3.21 pp,recomputed_from_archived_official_report,deterministic_source_reconstruction_v1,2026-09-13,,,,equal,c,True
AgCensus2015-16 T2-4 Uttarakhand/Semi-medium/number/SCvsOthers,AgCensus2015-16,T2-4,Uttarakhand,Semi-medium,number,SCvsOthers,social_group,Scheduled Castes,Other social groups,1,1,0,0,diff,b,"Tables 2-4, PDF pages 28,34,40",https://www.fao.org/fileadmin/templates/ess/ess_test_folder/World_Census_Agriculture/WCA_2020/WCA_2020_new_doc/IND_REP_ENG_2015_2016.pdf | archived_sha256=fb01bcb922a38ef964a2ca2fddada5540426bf5b06317d931425ae8d699d6405,archived a1_extract.py/a1b_gender.py; shares independently recomputed from numeric CSV,percentage share (0-100); raw number of holdings in thousands,All-social-groups total for Uttarakhand/Semi-medium/number=58,5.1724137931,86.2068965517,raw SC=3; raw Others=50; construction fact=f00333; stored gap=81.03 pp,recomputed_from_archived_official_report,deterministic_source_reconstruction_v1,2026-09-13,,,,diff,b,True
AgCensus2015-16 T2-4 Uttarakhand/Semi-medium/number/SCvsST,AgCensus2015-16,T2-4,Uttarakhand,Semi-medium,number,SCvsST,social_group,Scheduled Castes,Scheduled Tribes,8,0,0,8,equal,c,"Tables 2-4, PDF pages 28,34,40",https://www.fao.org/fileadmin/templates/ess/ess_test_folder/World_Census_Agriculture/WCA_2020/WCA_2020_new_doc/IND_REP_ENG_2015_2016.pdf | archived_sha256=fb01bcb922a38ef964a2ca2fddada5540426bf5b06317d931425ae8d699d6405,archived a1_extract.py/a1b_gender.py; shares independently recomputed from numeric CSV,percentage share (0-100); raw number of holdings in thousands,All-social-groups total for Uttarakhand/Semi-medium/number=58,5.1724137931,8.6206896552,raw SC=3; raw ST=5; construction fact=f00332; stored gap=3.45 pp,recomputed_from_archived_official_report,deterministic_source_reconstruction_v1,2026-09-13,,,,equal,c,True
AgCensus2015-16 T2-4 Uttarakhand/Semi-medium/number/STvsOthers,AgCensus2015-16,T2-4,Uttarakhand,Semi-medium,number,STvsOthers,social_group,Scheduled Tribes,Other social groups,1,1,0,0,diff,b,"Tables 2-4, PDF pages 28,34,40",https://www.fao.org/fileadmin/templates/ess/ess_test_folder/World_Census_Agriculture/WCA_2020/WCA_2020_new_doc/IND_REP_ENG_2015_2016.pdf | archived_sha256=fb01bcb922a38ef964a2ca2fddada5540426bf5b06317d931425ae8d699d6405,archived a1_extract.py/a1b_gender.py; shares independently recomputed from numeric CSV,percentage share (0-100); raw number of holdings in thousands,All-social-groups total for Uttarakhand/Semi-medium/number=58,8.6206896552,86.2068965517,raw ST=5; raw Others=50; construction fact=f00334; stored gap=77.59 pp,recomputed_from_archived_official_report,deterministic_source_reconstruction_v1,2026-09-13,,,,diff,b,True
AgCensus2015-16 T2-4 Uttarakhand/Small/area/SCvsST,AgCensus2015-16,T2-4,Uttarakhand,Small,area,SCvsST,social_group,Scheduled Castes,Scheduled Tribes,1,0,0,1,equal,c,"Tables 2-4, PDF pages 27,33,39",https://www.fao.org/fileadmin/templates/ess/ess_test_folder/World_Census_Agriculture/WCA_2020/WCA_2020_new_doc/IND_REP_ENG_2015_2016.pdf | archived_sha256=fb01bcb922a38ef964a2ca2fddada5540426bf5b06317d931425ae8d699d6405,archived a1_extract.py/a1b_gender.py; shares independently recomputed from numeric CSV,percentage share (0-100); raw operated area in thousand hectares,All-social-groups total for Uttarakhand/Small/area=206,7.2815533981,2.9126213592,raw SC=15; raw ST=6; construction fact=f00731; stored gap=4.37 pp,recomputed_from_archived_official_report,deterministic_source_reconstruction_v1,2026-09-13,,,,equal,c,True
AgCensus2015-16 T2-4 Uttarakhand/Small/number/SCvsOthers,AgCensus2015-16,T2-4,Uttarakhand,Small,number,SCvsOthers,social_group,Scheduled Castes,Other social groups,1,0,0,1,diff,b,"Tables 2-4, PDF pages 27,33,39",https://www.fao.org/fileadmin/templates/ess/ess_test_folder/World_Census_Agriculture/WCA_2020/WCA_2020_new_doc/IND_REP_ENG_2015_2016.pdf | archived_sha256=fb01bcb922a38ef964a2ca2fddada5540426bf5b06317d931425ae8d699d6405,archived a1_extract.py/a1b_gender.py; shares independently recomputed from numeric CSV,percentage share (0-100); raw number of holdings in thousands,All-social-groups total for Uttarakhand/Small/number=149,7.3825503356,89.9328859060,raw SC=11; raw Others=134; construction fact=f00336; stored gap=82.55 pp,recomputed_from_archived_official_report,deterministic_source_reconstruction_v1,2026-09-13,,,,diff,b,True
AgCensus2015-16 T2-4 Uttarakhand/Small/number/SCvsST,AgCensus2015-16,T2-4,Uttarakhand,Small,number,SCvsST,social_group,Scheduled Castes,Scheduled Tribes,8,0,0,8,equal,c,"Tables 2-4, PDF pages 27,33,39",https://www.fao.org/fileadmin/templates/ess/ess_test_folder/World_Census_Agriculture/WCA_2020/WCA_2020_new_doc/IND_REP_ENG_2015_2016.pdf | archived_sha256=fb01bcb922a38ef964a2ca2fddada5540426bf5b06317d931425ae8d699d6405,archived a1_extract.py/a1b_gender.py; shares independently recomputed from numeric CSV,percentage share (0-100); raw number of holdings in thousands,All-social-groups total for Uttarakhand/Small/number=149,7.3825503356,2.6845637584,raw SC=11; raw ST=4; construction fact=f00335; stored gap=4.7 pp,recomputed_from_archived_official_report,deterministic_source_reconstruction_v1,2026-09-13,,,,equal,c,True
AgCensus2015-16 T2-4 Uttarakhand/Small/number/STvsOthers,AgCensus2015-16,T2-4,Uttarakhand,Small,number,STvsOthers,social_group,Scheduled Tribes,Other social groups,1,1,0,0,diff,b,"Tables 2-4, PDF pages 27,33,39",https://www.fao.org/fileadmin/templates/ess/ess_test_folder/World_Census_Agriculture/WCA_2020/WCA_2020_new_doc/IND_REP_ENG_2015_2016.pdf | archived_sha256=fb01bcb922a38ef964a2ca2fddada5540426bf5b06317d931425ae8d699d6405,archived a1_extract.py/a1b_gender.py; shares independently recomputed from numeric CSV,percentage share (0-100); raw number of holdings in thousands,All-social-groups total for Uttarakhand/Small/number=149,2.6845637584,89.9328859060,raw ST=4; raw Others=134; construction fact=f00337; stored gap=87.25 pp,recomputed_from_archived_official_report,deterministic_source_reconstruction_v1,2026-09-13,,,,diff,b,True
AgCensus2015-16 T2-4 West Bengal/All Classes/number/SCvsOthers,AgCensus2015-16,T2-4,West Bengal,All Classes,number,SCvsOthers,social_group,Scheduled Castes,Other social groups,1,1,0,0,diff,b,"Tables 2-4, PDF pages 25,31,37",https://www.fao.org/fileadmin/templates/ess/ess_test_folder/World_Census_Agriculture/WCA_2020/WCA_2020_new_doc/IND_REP_ENG_2015_2016.pdf | archived_sha256=fb01bcb922a38ef964a2ca2fddada5540426bf5b06317d931425ae8d699d6405,archived a1_extract.py/a1b_gender.py; shares independently recomputed from numeric CSV,percentage share (0-100); raw number of holdings in thousands,All-social-groups total for West Bengal/All Classes/number=7243,24.8239679691,66.8921717520,raw SC=1798; raw Others=4845; construction fact=f00339; stored gap=42.07 pp,recomputed_from_archived_official_report,deterministic_source_reconstruction_v1,2026-09-13,,,,diff,b,True
AgCensus2015-16 T2-4 West Bengal/All Classes/number/SCvsST,AgCensus2015-16,T2-4,West Bengal,All Classes,number,SCvsST,social_group,Scheduled Castes,Scheduled Tribes,1,1,0,0,diff,a,"Tables 2-4, PDF pages 25,31,37",https://www.fao.org/fileadmin/templates/ess/ess_test_folder/World_Census_Agriculture/WCA_2020/WCA_2020_new_doc/IND_REP_ENG_2015_2016.pdf | archived_sha256=fb01bcb922a38ef964a2ca2fddada5540426bf5b06317d931425ae8d699d6405,archived a1_extract.py/a1b_gender.py; shares independently recomputed from numeric CSV,percentage share (0-100); raw number of holdings in thousands,All-social-groups total for West Bengal/All Classes/number=7243,24.8239679691,8.2838602789,raw SC=1798; raw ST=600; construction fact=f00338; stored gap=16.54 pp,recomputed_from_archived_official_report,deterministic_source_reconstruction_v1,2026-09-13,,,,diff,a,True
AgCensus2015-16 T2-4 West Bengal/All Classes/number/STvsOthers,AgCensus2015-16,T2-4,West Bengal,All Classes,number,STvsOthers,social_group,Scheduled Tribes,Other social groups,1,0,0,1,diff,b,"Tables 2-4, PDF pages 25,31,37",https://www.fao.org/fileadmin/templates/ess/ess_test_folder/World_Census_Agriculture/WCA_2020/WCA_2020_new_doc/IND_REP_ENG_2015_2016.pdf | archived_sha256=fb01bcb922a38ef964a2ca2fddada5540426bf5b06317d931425ae8d699d6405,archived a1_extract.py/a1b_gender.py; shares independently recomputed from numeric CSV,percentage share (0-100); raw number of holdings in thousands,All-social-groups total for West Bengal/All Classes/number=7243,8.2838602789,66.8921717520,raw ST=600; raw Others=4845; construction fact=f00340; stored gap=58.61 pp,recomputed_from_archived_official_report,deterministic_source_reconstruction_v1,2026-09-13,,,,diff,b,True
AgCensus2015-16 T2-4 West Bengal/All/number/MarginalvsLarge,AgCensus2015-16,T2-4,West Bengal,All,number,MarginalvsLarge,landholding,marginal holdings,large holdings,1,1,0,0,diff,a,"Table 2, PDF pages 25,26,30",https://www.fao.org/fileadmin/templates/ess/ess_test_folder/World_Census_Agriculture/WCA_2020/WCA_2020_new_doc/IND_REP_ENG_2015_2016.pdf | archived_sha256=fb01bcb922a38ef964a2ca2fddada5540426bf5b06317d931425ae8d699d6405,archived a1_extract.py/a1b_gender.py; shares independently recomputed from numeric CSV,percentage share (0-100); raw number of holdings in thousands,All Classes total for West Bengal/All/number=7243,82.8109899213,0.0138064338,raw Marginal=5998; raw Large=1; construction fact=f00967; stored gap=82.8 pp,recomputed_from_archived_official_report,deterministic_source_reconstruction_v1,2026-09-13,,,,diff,a,True
AgCensus2015-16 T2-4 West Bengal/All/number/MarginalvsMedium,AgCensus2015-16,T2-4,West Bengal,All,number,MarginalvsMedium,landholding,marginal holdings,medium holdings,1,1,0,0,diff,a,"Table 2, PDF pages 25,26,29",https://www.fao.org/fileadmin/templates/ess/ess_test_folder/World_Census_Agriculture/WCA_2020/WCA_2020_new_doc/IND_REP_ENG_2015_2016.pdf | archived_sha256=fb01bcb922a38ef964a2ca2fddada5540426bf5b06317d931425ae8d699d6405,archived a1_extract.py/a1b_gender.py; shares independently recomputed from numeric CSV,percentage share (0-100); raw number of holdings in thousands,All Classes total for West Bengal/All/number=7243,82.8109899213,0.2485158084,raw Marginal=5998; raw Medium=18; construction fact=f00966; stored gap=82.56 pp,recomputed_from_archived_official_report,deterministic_source_reconstruction_v1,2026-09-13,,,,diff,a,True
AgCensus2015-16 T2-4 West Bengal/All/number/MarginalvsSemi-medium,AgCensus2015-16,T2-4,West Bengal,All,number,MarginalvsSemi-medium,landholding,marginal holdings,semi-medium holdings,1,1,0,0,diff,a,"Table 2, PDF pages 25,26,28",https://www.fao.org/fileadmin/templates/ess/ess_test_folder/World_Census_Agriculture/WCA_2020/WCA_2020_new_doc/IND_REP_ENG_2015_2016.pdf | archived_sha256=fb01bcb922a38ef964a2ca2fddada5540426bf5b06317d931425ae8d699d6405,archived a1_extract.py/a1b_gender.py; shares independently recomputed from numeric CSV,percentage share (0-100); raw number of holdings in thousands,All Classes total for West Bengal/All/number=7243,82.8109899213,3.5344470523,raw Marginal=5998; raw Semi-medium=256; construction fact=f00965; stored gap=79.28 pp,recomputed_from_archived_official_report,deterministic_source_reconstruction_v1,2026-09-13,,,,diff,a,True
AgCensus2015-16 T2-4 West Bengal/All/number/MarginalvsSmall,AgCensus2015-16,T2-4,West Bengal,All,number,MarginalvsSmall,landholding,marginal holdings,small holdings,1,1,0,0,diff,a,"Table 2, PDF pages 25,26,27",https://www.fao.org/fileadmin/templates/ess/ess_test_folder/World_Census_Agriculture/WCA_2020/WCA_2020_new_doc/IND_REP_ENG_2015_2016.pdf | archived_sha256=fb01bcb922a38ef964a2ca2fddada5540426bf5b06317d931425ae8d699d6405,archived a1_extract.py/a1b_gender.py; shares independently recomputed from numeric CSV,percentage share (0-100); raw number of holdings in thousands,All Classes total for West Bengal/All/number=7243,82.8109899213,13.4060472180,raw Marginal=5998; raw Small=971; construction fact=f00964; stored gap=69.4 pp,recomputed_from_archived_official_report,deterministic_source_reconstruction_v1,2026-09-13,,,,diff,a,True
AgCensus2015-16 T2-4 West Bengal/All/number/SmallvsLarge,AgCensus2015-16,T2-4,West Bengal,All,number,SmallvsLarge,landholding,small holdings,large holdings,1,1,0,0,diff,a,"Table 2, PDF pages 25,27,30",https://www.fao.org/fileadmin/templates/ess/ess_test_folder/World_Census_Agriculture/WCA_2020/WCA_2020_new_doc/IND_REP_ENG_2015_2016.pdf | archived_sha256=fb01bcb922a38ef964a2ca2fddada5540426bf5b06317d931425ae8d699d6405,archived a1_extract.py/a1b_gender.py; shares independently recomputed from numeric CSV,percentage share (0-100); raw number of holdings in thousands,All Classes total for West Bengal/All/number=7243,13.4060472180,0.0138064338,raw Small=971; raw Large=1; construction fact=f00969; stored gap=13.39 pp,recomputed_from_archived_official_report,deterministic_source_reconstruction_v1,2026-09-13,,,,diff,a,True
AgCensus2015-16 T2-4 West Bengal/All/number/SmallvsMedium,AgCensus2015-16,T2-4,West Bengal,All,number,SmallvsMedium,landholding,small holdings,medium holdings,1,1,0,0,diff,a,"Table 2, PDF pages 25,27,29",https://www.fao.org/fileadmin/templates/ess/ess_test_folder/World_Census_Agriculture/WCA_2020/WCA_2020_new_doc/IND_REP_ENG_2015_2016.pdf | archived_sha256=fb01bcb922a38ef964a2ca2fddada5540426bf5b06317d931425ae8d699d6405,archived a1_extract.py/a1b_gender.py; shares independently recomputed from numeric CSV,percentage share (0-100); raw number of holdings in thousands,All Classes total for West Bengal/All/number=7243,13.4060472180,0.2485158084,raw Small=971; raw Medium=18; construction fact=f00968; stored gap=13.16 pp,recomputed_from_archived_official_report,deterministic_source_reconstruction_v1,2026-09-13,,,,diff,a,True
AgCensus2015-16 T2-4 West Bengal/Marginal/number/SCvsOthers,AgCensus2015-16,T2-4,West Bengal,Marginal,number,SCvsOthers,social_group,Scheduled Castes,Other social groups,1,0,0,1,diff,b,"Tables 2-4, PDF pages 26,32,38",https://www.fao.org/fileadmin/templates/ess/ess_test_folder/World_Census_Agriculture/WCA_2020/WCA_2020_new_doc/IND_REP_ENG_2015_2016.pdf | archived_sha256=fb01bcb922a38ef964a2ca2fddada5540426bf5b06317d931425ae8d699d6405,archived a1_extract.py/a1b_gender.py; shares independently recomputed from numeric CSV,percentage share (0-100); raw number of holdings in thousands,All-social-groups total for West Bengal/Marginal/number=5998,26.1587195732,65.3384461487,raw SC=1569; raw Others=3919; construction fact=f00342; stored gap=39.18 pp,recomputed_from_archived_official_report,deterministic_source_reconstruction_v1,2026-09-13,,,,diff,b,True
AgCensus2015-16 T2-4 West Bengal/Marginal/number/SCvsST,AgCensus2015-16,T2-4,West Bengal,Marginal,number,SCvsST,social_group,Scheduled Castes,Scheduled Tribes,1,1,0,0,diff,a,"Tables 2-4, PDF pages 26,32,38",https://www.fao.org/fileadmin/templates/ess/ess_test_folder/World_Census_Agriculture/WCA_2020/WCA_2020_new_doc/IND_REP_ENG_2015_2016.pdf | archived_sha256=fb01bcb922a38ef964a2ca2fddada5540426bf5b06317d931425ae8d699d6405,archived a1_extract.py/a1b_gender.py; shares independently recomputed from numeric CSV,percentage share (0-100); raw number of holdings in thousands,All-social-groups total for West Bengal/Marginal/number=5998,26.1587195732,8.5028342781,raw SC=1569; raw ST=510; construction fact=f00341; stored gap=17.66 pp,recomputed_from_archived_official_report,deterministic_source_reconstruction_v1,2026-09-13,,,,diff,a,True
AgCensus2015-16 T2-4 West Bengal/Marginal/number/STvsOthers,AgCensus2015-16,T2-4,West Bengal,Marginal,number,STvsOthers,social_group,Scheduled Tribes,Other social groups,1,1,0,0,diff,b,"Tables 2-4, PDF pages 26,32,38",https://www.fao.org/fileadmin/templates/ess/ess_test_folder/World_Census_Agriculture/WCA_2020/WCA_2020_new_doc/IND_REP_ENG_2015_2016.pdf | archived_sha256=fb01bcb922a38ef964a2ca2fddada5540426bf5b06317d931425ae8d699d6405,archived a1_extract.py/a1b_gender.py; shares independently recomputed from numeric CSV,percentage share (0-100); raw number of holdings in thousands,All-social-groups total for West Bengal/Marginal/number=5998,8.5028342781,65.3384461487,raw ST=510; raw Others=3919; construction fact=f00343; stored gap=56.84 pp,recomputed_from_archived_official_report,deterministic_source_reconstruction_v1,2026-09-13,,,,diff,b,True
AgCensus2015-16 T2-4 West Bengal/SC/number/MarginalvsLarge,AgCensus2015-16,T2-4,West Bengal,SC,number,MarginalvsLarge,landholding,marginal holdings,large holdings,1,0,0,1,diff,a,"Table 3, PDF pages 31,32,36",https://www.fao.org/fileadmin/templates/ess/ess_test_folder/World_Census_Agriculture/WCA_2020/WCA_2020_new_doc/IND_REP_ENG_2015_2016.pdf | archived_sha256=fb01bcb922a38ef964a2ca2fddada5540426bf5b06317d931425ae8d699d6405,archived a1_extract.py/a1b_gender.py; shares independently recomputed from numeric CSV,percentage share (0-100); raw number of holdings in thousands,All Classes total for West Bengal/SC/number=1798,87.2636262514,0.0000000000,raw Marginal=1569; raw Large=0; construction fact=f01113; stored gap=87.26 pp,recomputed_from_archived_official_report,deterministic_source_reconstruction_v1,2026-09-13,,,,diff,a,True
AgCensus2015-16 T2-4 West Bengal/SC/number/MarginalvsMedium,AgCensus2015-16,T2-4,West Bengal,SC,number,MarginalvsMedium,landholding,marginal holdings,medium holdings,1,0,0,1,diff,a,"Table 3, PDF pages 31,32,35",https://www.fao.org/fileadmin/templates/ess/ess_test_folder/World_Census_Agriculture/WCA_2020/WCA_2020_new_doc/IND_REP_ENG_2015_2016.pdf | archived_sha256=fb01bcb922a38ef964a2ca2fddada5540426bf5b06317d931425ae8d699d6405,archived a1_extract.py/a1b_gender.py; shares independently recomputed from numeric CSV,percentage share (0-100); raw number of holdings in thousands,All Classes total for West Bengal/SC/number=1798,87.2636262514,0.0556173526,raw Marginal=1569; raw Medium=1; construction fact=f01112; stored gap=87.21 pp,recomputed_from_archived_official_report,deterministic_source_reconstruction_v1,2026-09-13,,,,diff,a,True
AgCensus2015-16 T2-4 West Bengal/SC/number/MarginalvsSemi-medium,AgCensus2015-16,T2-4,West Bengal,SC,number,MarginalvsSemi-medium,landholding,marginal holdings,semi-medium holdings,1,0,0,1,diff,a,"Table 3, PDF pages 31,32,34",https://www.fao.org/fileadmin/templates/ess/ess_test_folder/World_Census_Agriculture/WCA_2020/WCA_2020_new_doc/IND_REP_ENG_2015_2016.pdf | archived_sha256=fb01bcb922a38ef964a2ca2fddada5540426bf5b06317d931425ae8d699d6405,archived a1_extract.py/a1b_gender.py; shares independently recomputed from numeric CSV,percentage share (0-100); raw number of holdings in thousands,All Classes total for West Bengal/SC/number=1798,87.2636262514,2.1690767519,raw Marginal=1569; raw Semi-medium=39; construction fact=f01111; stored gap=85.09 pp,recomputed_from_archived_official_report,deterministic_source_reconstruction_v1,2026-09-13,,,,diff,a,True
AgCensus2015-16 T2-4 West Bengal/SC/number/MarginalvsSmall,AgCensus2015-16,T2-4,West Bengal,SC,number,MarginalvsSmall,landholding,marginal holdings,small holdings,1,1,0,0,diff,a,"Table 3, PDF pages 31,32,33",https://www.fao.org/fileadmin/templates/ess/ess_test_folder/World_Census_Agriculture/WCA_2020/WCA_2020_new_doc/IND_REP_ENG_2015_2016.pdf | archived_sha256=fb01bcb922a38ef964a2ca2fddada5540426bf5b06317d931425ae8d699d6405,archived a1_extract.py/a1b_gender.py; shares independently recomputed from numeric CSV,percentage share (0-100); raw number of holdings in thousands,All Classes total for West Bengal/SC/number=1798,87.2636262514,10.4560622914,raw Marginal=1569; raw Small=188; construction fact=f01110; stored gap=76.81 pp,recomputed_from_archived_official_report,deterministic_source_reconstruction_v1,2026-09-13,,,,diff,a,True
AgCensus2015-16 T2-4 West Bengal/SC/number/SmallvsLarge,AgCensus2015-16,T2-4,West Bengal,SC,number,SmallvsLarge,landholding,small holdings,large holdings,1,1,0,0,diff,a,"Table 3, PDF pages 31,33,36",https://www.fao.org/fileadmin/templates/ess/ess_test_folder/World_Census_Agriculture/WCA_2020/WCA_2020_new_doc/IND_REP_ENG_2015_2016.pdf | archived_sha256=fb01bcb922a38ef964a2ca2fddada5540426bf5b06317d931425ae8d699d6405,archived a1_extract.py/a1b_gender.py; shares independently recomputed from numeric CSV,percentage share (0-100); raw number of holdings in thousands,All Classes total for West Bengal/SC/number=1798,10.4560622914,0.0000000000,raw Small=188; raw Large=0; construction fact=f01115; stored gap=10.46 pp,recomputed_from_archived_official_report,deterministic_source_reconstruction_v1,2026-09-13,,,,diff,a,True
AgCensus2015-16 T2-4 West Bengal/SC/number/SmallvsMedium,AgCensus2015-16,T2-4,West Bengal,SC,number,SmallvsMedium,landholding,small holdings,medium holdings,1,0,0,1,diff,a,"Table 3, PDF pages 31,33,35",https://www.fao.org/fileadmin/templates/ess/ess_test_folder/World_Census_Agriculture/WCA_2020/WCA_2020_new_doc/IND_REP_ENG_2015_2016.pdf | archived_sha256=fb01bcb922a38ef964a2ca2fddada5540426bf5b06317d931425ae8d699d6405,archived a1_extract.py/a1b_gender.py; shares independently recomputed from numeric CSV,percentage share (0-100); raw number of holdings in thousands,All Classes total for West Bengal/SC/number=1798,10.4560622914,0.0556173526,raw Small=188; raw Medium=1; construction fact=f01114; stored gap=10.4 pp,recomputed_from_archived_official_report,deterministic_source_reconstruction_v1,2026-09-13,,,,diff,a,True
AgCensus2015-16 T2-4 West Bengal/Semi-medium/number/SCvsOthers,AgCensus2015-16,T2-4,West Bengal,Semi-medium,number,SCvsOthers,social_group,Scheduled Castes,Other social groups,1,1,0,0,diff,b,"Tables 2-4, PDF pages 28,34,40",https://www.fao.org/fileadmin/templates/ess/ess_test_folder/World_Census_Agriculture/WCA_2020/WCA_2020_new_doc/IND_REP_ENG_2015_2016.pdf | archived_sha256=fb01bcb922a38ef964a2ca2fddada5540426bf5b06317d931425ae8d699d6405,archived a1_extract.py/a1b_gender.py; shares independently recomputed from numeric CSV,percentage share (0-100); raw number of holdings in thousands,All-social-groups total for West Bengal/Semi-medium/number=256,15.2343750000,78.5156250000,raw SC=39; raw Others=201; construction fact=f00344; stored gap=63.28 pp,recomputed_from_archived_official_report,deterministic_source_reconstruction_v1,2026-09-13,,,,diff,b,True
AgCensus2015-16 T2-4 West Bengal/Semi-medium/number/STvsOthers,AgCensus2015-16,T2-4,West Bengal,Semi-medium,number,STvsOthers,social_group,Scheduled Tribes,Other social groups,1,1,0,0,diff,b,"Tables 2-4, PDF pages 28,34,40",https://www.fao.org/fileadmin/templates/ess/ess_test_folder/World_Census_Agriculture/WCA_2020/WCA_2020_new_doc/IND_REP_ENG_2015_2016.pdf | archived_sha256=fb01bcb922a38ef964a2ca2fddada5540426bf5b06317d931425ae8d699d6405,archived a1_extract.py/a1b_gender.py; shares independently recomputed from numeric CSV,percentage share (0-100); raw number of holdings in thousands,All-social-groups total for West Bengal/Semi-medium/number=256,6.2500000000,78.5156250000,raw ST=16; raw Others=201; construction fact=f00345; stored gap=72.27 pp,recomputed_from_archived_official_report,deterministic_source_reconstruction_v1,2026-09-13,,,,diff,b,True
AgCensus2015-16 T2-4 West Bengal/Small/number/SCvsOthers,AgCensus2015-16,T2-4,West Bengal,Small,number,SCvsOthers,social_group,Scheduled Castes,Other social groups,1,0,0,1,diff,b,"Tables 2-4, PDF pages 27,33,39",https://www.fao.org/fileadmin/templates/ess/ess_test_folder/World_Census_Agriculture/WCA_2020/WCA_2020_new_doc/IND_REP_ENG_2015_2016.pdf | archived_sha256=fb01bcb922a38ef964a2ca2fddada5540426bf5b06317d931425ae8d699d6405,archived a1_extract.py/a1b_gender.py; shares independently recomputed from numeric CSV,percentage share (0-100); raw number of holdings in thousands,All-social-groups total for West Bengal/Small/number=971,19.3614830072,73.0175077240,raw SC=188; raw Others=709; construction fact=f00347; stored gap=53.66 pp,recomputed_from_archived_official_report,deterministic_source_reconstruction_v1,2026-09-13,,,,diff,b,True
AgCensus2015-16 T2-4 West Bengal/Small/number/SCvsST,AgCensus2015-16,T2-4,West Bengal,Small,number,SCvsST,social_group,Scheduled Castes,Scheduled Tribes,1,1,0,0,diff,a,"Tables 2-4, PDF pages 27,33,39",https://www.fao.org/fileadmin/templates/ess/ess_test_folder/World_Census_Agriculture/WCA_2020/WCA_2020_new_doc/IND_REP_ENG_2015_2016.pdf | archived_sha256=fb01bcb922a38ef964a2ca2fddada5540426bf5b06317d931425ae8d699d6405,archived a1_extract.py/a1b_gender.py; shares independently recomputed from numeric CSV,percentage share (0-100); raw number of holdings in thousands,All-social-groups total for West Bengal/Small/number=971,19.3614830072,7.6210092688,raw SC=188; raw ST=74; construction fact=f00346; stored gap=11.74 pp,recomputed_from_archived_official_report,deterministic_source_reconstruction_v1,2026-09-13,,,,diff,a,True
AgCensus2015-16 T2-4 West Bengal/Small/number/STvsOthers,AgCensus2015-16,T2-4,West Bengal,Small,number,STvsOthers,social_group,Scheduled Tribes,Other social groups,1,0,0,1,diff,b,"Tables 2-4, PDF pages 27,33,39",https://www.fao.org/fileadmin/templates/ess/ess_test_folder/World_Census_Agriculture/WCA_2020/WCA_2020_new_doc/IND_REP_ENG_2015_2016.pdf | archived_sha256=fb01bcb922a38ef964a2ca2fddada5540426bf5b06317d931425ae8d699d6405,archived a1_extract.py/a1b_gender.py; shares independently recomputed from numeric CSV,percentage share (0-100); raw number of holdings in thousands,All-social-groups total for West Bengal/Small/number=971,7.6210092688,73.0175077240,raw ST=74; raw Others=709; construction fact=f00348; stored gap=65.4 pp,recomputed_from_archived_official_report,deterministic_source_reconstruction_v1,2026-09-13,,,,diff,b,True
