section,dataset_id,axis,condition,metric,prompt,source,source_adjudicated_answer,correction_basis,group1_value_percent,group2_value_percent,gap_percentage_points,provenance,record_type,final_approved_annotation,annotation_status,approval_date,approval_method,approval_record_status
agrifacts,agrifacts-00940,landholding,diff,number,"In Tamil Nadu, according to the 2015-16 Agriculture Census, among Scheduled Tribes, which size class accounts for a larger share of holdings — marginal holdings, medium holdings, or are the two roughly equal?",AgCensus2015-16 T2-4 Tamil Nadu/ST/number/MarginalvsMedium,marginal holdings,marginal holdings=73.6842% and medium holdings=2.1053%; absolute gap=71.5789 pp; gap < 5 percentage points => equal; gap >= 10 => diff; 5 <= gap < 10 excluded,73.6842105263,2.1052631579,71.5789473684,https://www.fao.org/fileadmin/templates/ess/ess_test_folder/World_Census_Agriculture/WCA_2020/WCA_2020_new_doc/IND_REP_ENG_2015_2016.pdf | archived_sha256=fb01bcb922a38ef964a2ca2fddada5540426bf5b06317d931425ae8d699d6405,deterministic_source_adjudication_not_human_rating,marginal holdings,final_rater_team_approved_after_source_adjudication,2026-09-13,annotator team email,data-owner-attested; underlying email retained privately for security
agrifacts,agrifacts-00470,social_group,equal,number,"Based on the 2015-16 Agriculture Census in Chhattisgarh, is the share of semi-medium holdings operated by Scheduled Tribes roughly equal to that operated by Other social groups, or does one of these two social groups operate a larger share?",AgCensus2015-16 T2-4 Chhattisgarh/Semi-medium/number/STvsOthers,Roughly equal,Scheduled Tribes=46.8560% and Other social groups=46.2475%; absolute gap=0.6085 pp; gap < 5 percentage points => equal; gap >= 10 => diff; 5 <= gap < 10 excluded,46.8559837728,46.2474645030,0.6085192698,https://www.fao.org/fileadmin/templates/ess/ess_test_folder/World_Census_Agriculture/WCA_2020/WCA_2020_new_doc/IND_REP_ENG_2015_2016.pdf | archived_sha256=fb01bcb922a38ef964a2ca2fddada5540426bf5b06317d931425ae8d699d6405,deterministic_source_adjudication_not_human_rating,Roughly equal,final_rater_team_approved_after_source_adjudication,2026-09-13,annotator team email,data-owner-attested; underlying email retained privately for security
agrifacts,agrifacts-00714,landholding,equal,area,"Based on the 2015-16 Agriculture Census in Karnataka, among farmers, is the share of operated area larger for marginal operated area, larger for medium operated area, or are the two roughly equal?",AgCensus2015-16 T2-4 Karnataka/All/area/MarginalvsMedium,Roughly equal,marginal operated area=17.6197% and medium operated area=21.7620%; absolute gap=4.1423 pp; gap < 5 percentage points => equal; gap >= 10 => diff; 5 <= gap < 10 excluded,17.6196526895,21.7619652690,4.1423125795,https://www.fao.org/fileadmin/templates/ess/ess_test_folder/World_Census_Agriculture/WCA_2020/WCA_2020_new_doc/IND_REP_ENG_2015_2016.pdf | archived_sha256=fb01bcb922a38ef964a2ca2fddada5540426bf5b06317d931425ae8d699d6405,deterministic_source_adjudication_not_human_rating,Roughly equal,final_rater_team_approved_after_source_adjudication,2026-09-13,annotator team email,data-owner-attested; underlying email retained privately for security
agrifacts,agrifacts-00536,social_group,equal,area,"Among Scheduled Castes and Scheduled Tribes in Himachal Pradesh, which social group held a greater portion of medium operated area, as per the 2015-16 Agriculture Census, or were the two roughly equal?",AgCensus2015-16 T2-4 Himachal Pradesh/Medium/area/SCvsST,Roughly equal,Scheduled Castes=5.4795% and Scheduled Tribes=3.4247%; absolute gap=2.0548 pp; gap < 5 percentage points => equal; gap >= 10 => diff; 5 <= gap < 10 excluded,5.4794520548,3.4246575342,2.0547945206,https://www.fao.org/fileadmin/templates/ess/ess_test_folder/World_Census_Agriculture/WCA_2020/WCA_2020_new_doc/IND_REP_ENG_2015_2016.pdf | archived_sha256=fb01bcb922a38ef964a2ca2fddada5540426bf5b06317d931425ae8d699d6405,deterministic_source_adjudication_not_human_rating,Roughly equal,final_rater_team_approved_after_source_adjudication,2026-09-13,annotator team email,data-owner-attested; underlying email retained privately for security
agrifacts,agrifacts-00503,social_group,equal,number,"Based on the 2015-16 Agriculture Census in Jharkhand, is the proportion of semi-medium holdings operated by Scheduled Tribes, by Other social groups, or are the two roughly equal?",AgCensus2015-16 T2-4 Jharkhand/Semi-medium/number/STvsOthers,Roughly equal,Scheduled Tribes=45.1264% and Other social groups=46.5704%; absolute gap=1.4440 pp; gap < 5 percentage points => equal; gap >= 10 => diff; 5 <= gap < 10 excluded,45.1263537906,46.5703971119,1.4440433213,https://www.fao.org/fileadmin/templates/ess/ess_test_folder/World_Census_Agriculture/WCA_2020/WCA_2020_new_doc/IND_REP_ENG_2015_2016.pdf | archived_sha256=fb01bcb922a38ef964a2ca2fddada5540426bf5b06317d931425ae8d699d6405,deterministic_source_adjudication_not_human_rating,Roughly equal,final_rater_team_approved_after_source_adjudication,2026-09-13,annotator team email,data-owner-attested; underlying email retained privately for security
agrifacts,agrifacts-01002,social_group,diff,area,"In Arunachal Pradesh, according to the 2015-16 Agriculture Census, which social group operates a larger share of medium operated area — Scheduled Tribes, Other social groups, or are the two roughly equal?",AgCensus2015-16 T2-4 Arunachal Pradesh/Medium/area/STvsOthers,Scheduled Tribes,Scheduled Tribes=100.0000% and Other social groups=0.0000%; absolute gap=100.0000 pp; gap < 5 percentage points => equal; gap >= 10 => diff; 5 <= gap < 10 excluded,100.0000000000,0.0000000000,100.0000000000,https://www.fao.org/fileadmin/templates/ess/ess_test_folder/World_Census_Agriculture/WCA_2020/WCA_2020_new_doc/IND_REP_ENG_2015_2016.pdf | archived_sha256=fb01bcb922a38ef964a2ca2fddada5540426bf5b06317d931425ae8d699d6405,deterministic_source_adjudication_not_human_rating,Scheduled Tribes,final_rater_team_approved_after_source_adjudication,2026-09-13,annotator team email,data-owner-attested; underlying email retained privately for security
agrifacts,agrifacts-01702,landholding,diff,number,"In Himachal Pradesh, according to the 2015-16 Agriculture Census, among Scheduled Tribes, which size class accounts for a larger share of holdings — small holdings, semi-medium holdings, or are the two roughly equal?",AgCensus2015-16 T2-4 Himachal Pradesh/ST/number/SmallvsSemi-medium,small holdings,small holdings=17.5439% and semi-medium holdings=7.0175%; absolute gap=10.5263 pp; gap < 5 percentage points => equal; gap >= 10 => diff; 5 <= gap < 10 excluded,17.5438596491,7.0175438596,10.5263157895,https://www.fao.org/fileadmin/templates/ess/ess_test_folder/World_Census_Agriculture/WCA_2020/WCA_2020_new_doc/IND_REP_ENG_2015_2016.pdf | archived_sha256=fb01bcb922a38ef964a2ca2fddada5540426bf5b06317d931425ae8d699d6405,deterministic_source_adjudication_not_human_rating,small holdings,final_rater_team_approved_after_source_adjudication,2026-09-13,annotator team email,data-owner-attested; underlying email retained privately for security
agrifacts,agrifacts-00717,social_group,diff,number,"In Manipur, according to the 2015-16 Agriculture Census, which social group operates a larger share of marginal holdings — Scheduled Castes, Scheduled Tribes, or are the two roughly equal?",AgCensus2015-16 T2-4 Manipur/Marginal/number/SCvsST,Scheduled Tribes,Scheduled Castes=1.2987% and Scheduled Tribes=37.6623%; absolute gap=36.3636 pp; gap < 5 percentage points => equal; gap >= 10 => diff; 5 <= gap < 10 excluded,1.2987012987,37.6623376623,36.3636363636,https://www.fao.org/fileadmin/templates/ess/ess_test_folder/World_Census_Agriculture/WCA_2020/WCA_2020_new_doc/IND_REP_ENG_2015_2016.pdf | archived_sha256=fb01bcb922a38ef964a2ca2fddada5540426bf5b06317d931425ae8d699d6405,deterministic_source_adjudication_not_human_rating,Scheduled Tribes,final_rater_team_approved_after_source_adjudication,2026-09-13,annotator team email,data-owner-attested; underlying email retained privately for security
agrifacts,agrifacts-00007,landholding,equal,number,"According to the 2015-16 Agriculture Census in Rajasthan, among farmers, does a larger share of holdings belong to small holdings, semi-medium holdings, or are the two roughly equal?",AgCensus2015-16 T2-4 Rajasthan/All/number/SmallvsSemi-medium,Roughly equal,small holdings=21.9073% and semi-medium holdings=18.4977%; absolute gap=3.4095 pp; gap < 5 percentage points => equal; gap >= 10 => diff; 5 <= gap < 10 excluded,21.9072501633,18.4977139125,3.4095362508,https://www.fao.org/fileadmin/templates/ess/ess_test_folder/World_Census_Agriculture/WCA_2020/WCA_2020_new_doc/IND_REP_ENG_2015_2016.pdf | archived_sha256=fb01bcb922a38ef964a2ca2fddada5540426bf5b06317d931425ae8d699d6405,deterministic_source_adjudication_not_human_rating,Roughly equal,final_rater_team_approved_after_source_adjudication,2026-09-13,annotator team email,data-owner-attested; underlying email retained privately for security
agrifacts,agrifacts-01628,landholding,equal,number,"Based on the 2015-16 Agriculture Census in Uttar Pradesh, do semi-medium holdings and medium holdings account for a roughly equal share of farmer holdings, or does one size class account for a larger share?",AgCensus2015-16 T2-4 Uttar Pradesh/All/number/Semi-mediumvsMedium,Roughly equal,semi-medium holdings=5.5159% and medium holdings=1.5826%; absolute gap=3.9333 pp; gap < 5 percentage points => equal; gap >= 10 => diff; 5 <= gap < 10 excluded,5.5159096633,1.5825707329,3.9333389304,https://www.fao.org/fileadmin/templates/ess/ess_test_folder/World_Census_Agriculture/WCA_2020/WCA_2020_new_doc/IND_REP_ENG_2015_2016.pdf | archived_sha256=fb01bcb922a38ef964a2ca2fddada5540426bf5b06317d931425ae8d699d6405,deterministic_source_adjudication_not_human_rating,Roughly equal,final_rater_team_approved_after_source_adjudication,2026-09-13,annotator team email,data-owner-attested; underlying email retained privately for security
agrifacts,agrifacts-01784,gender,equal,number,"In the 2015-16 Agriculture Census at the all-India level, for Scheduled Tribes, is the proportion of holdings run by women greater for small holdings, for medium holdings, or roughly equal between them?",AgCensus2015-16 T14-16 ST/femaleShare/number/MediumvsSmall,Roughly equal,medium holdings=9.8151% and small holdings=12.5841%; absolute gap=2.7690 pp; gap < 5 percentage points => equal; gap >= 10 => diff; 5 <= gap < 10 excluded,9.8150782361,12.5841184388,2.7690402027,https://www.fao.org/fileadmin/templates/ess/ess_test_folder/World_Census_Agriculture/WCA_2020/WCA_2020_new_doc/IND_REP_ENG_2015_2016.pdf | archived_sha256=fb01bcb922a38ef964a2ca2fddada5540426bf5b06317d931425ae8d699d6405,deterministic_source_adjudication_not_human_rating,Roughly equal,final_rater_team_approved_after_source_adjudication,2026-09-13,annotator team email,data-owner-attested; underlying email retained privately for security
agrifacts,agrifacts-01048,landholding,diff,number,"In Manipur, according to the 2015-16 Agriculture Census, among farmers, which size class accounts for a larger share of holdings — small holdings, large holdings, or are the two roughly equal?",AgCensus2015-16 T2-4 Manipur/All/number/SmallvsLarge,small holdings,small holdings=32.6667% and large holdings=0.0000%; absolute gap=32.6667 pp; gap < 5 percentage points => equal; gap >= 10 => diff; 5 <= gap < 10 excluded,32.6666666667,0.0000000000,32.6666666667,https://www.fao.org/fileadmin/templates/ess/ess_test_folder/World_Census_Agriculture/WCA_2020/WCA_2020_new_doc/IND_REP_ENG_2015_2016.pdf | archived_sha256=fb01bcb922a38ef964a2ca2fddada5540426bf5b06317d931425ae8d699d6405,deterministic_source_adjudication_not_human_rating,small holdings,final_rater_team_approved_after_source_adjudication,2026-09-13,annotator team email,data-owner-attested; underlying email retained privately for security
agrifacts,agrifacts-01829,landholding,equal,area,"Based on the 2015-16 Agriculture Census in Sikkim, among farmers, does marginal operated area, medium operated area, or are the two roughly equal, represent the greater proportion of operated land?",AgCensus2015-16 T2-4 Sikkim/All/area/MarginalvsMedium,Roughly equal,marginal operated area=19.7802% and medium operated area=21.9780%; absolute gap=2.1978 pp; gap < 5 percentage points => equal; gap >= 10 => diff; 5 <= gap < 10 excluded,19.7802197802,21.9780219780,2.1978021978,https://www.fao.org/fileadmin/templates/ess/ess_test_folder/World_Census_Agriculture/WCA_2020/WCA_2020_new_doc/IND_REP_ENG_2015_2016.pdf | archived_sha256=fb01bcb922a38ef964a2ca2fddada5540426bf5b06317d931425ae8d699d6405,deterministic_source_adjudication_not_human_rating,Roughly equal,final_rater_team_approved_after_source_adjudication,2026-09-13,annotator team email,data-owner-attested; underlying email retained privately for security
agrifacts,agrifacts-00396,landholding,equal,area,"In the D & N Haveli 2015-16 Agriculture Census, of the farmers, does semi-medium operated area or medium operated area claim a greater portion of operated area, or are they roughly equal?",AgCensus2015-16 T2-4 D & N Haveli/All/area/Semi-mediumvsMedium,Roughly equal,semi-medium operated area=23.8095% and medium operated area=19.0476%; absolute gap=4.7619 pp; gap < 5 percentage points => equal; gap >= 10 => diff; 5 <= gap < 10 excluded,23.8095238095,19.0476190476,4.7619047619,https://www.fao.org/fileadmin/templates/ess/ess_test_folder/World_Census_Agriculture/WCA_2020/WCA_2020_new_doc/IND_REP_ENG_2015_2016.pdf | archived_sha256=fb01bcb922a38ef964a2ca2fddada5540426bf5b06317d931425ae8d699d6405,deterministic_source_adjudication_not_human_rating,Roughly equal,final_rater_team_approved_after_source_adjudication,2026-09-13,annotator team email,data-owner-attested; underlying email retained privately for security
agrifacts,agrifacts-01517,social_group,equal,number,"Which social group — Scheduled Castes, Scheduled Tribes, or are the two roughly equal — operates a larger share of medium holdings in Maharashtra, as per the 2015-16 Agriculture Census?",AgCensus2015-16 T2-4 Maharashtra/Medium/number/SCvsST,Roughly equal,Scheduled Castes=4.4959% and Scheduled Tribes=9.1281%; absolute gap=4.6322 pp; gap < 5 percentage points => equal; gap >= 10 => diff; 5 <= gap < 10 excluded,4.4959128065,9.1280653951,4.6321525886,https://www.fao.org/fileadmin/templates/ess/ess_test_folder/World_Census_Agriculture/WCA_2020/WCA_2020_new_doc/IND_REP_ENG_2015_2016.pdf | archived_sha256=fb01bcb922a38ef964a2ca2fddada5540426bf5b06317d931425ae8d699d6405,deterministic_source_adjudication_not_human_rating,Roughly equal,final_rater_team_approved_after_source_adjudication,2026-09-13,annotator team email,data-owner-attested; underlying email retained privately for security
agrifacts,agrifacts-01107,landholding,diff,number,"In Jharkhand, according to the 2015-16 Agriculture Census, among Scheduled Castes, which size class accounts for a larger share of holdings — marginal holdings, medium holdings, or are the two roughly equal?",AgCensus2015-16 T2-4 Jharkhand/SC/number/MarginalvsMedium,marginal holdings,marginal holdings=79.4195% and medium holdings=2.3747%; absolute gap=77.0449 pp; gap < 5 percentage points => equal; gap >= 10 => diff; 5 <= gap < 10 excluded,79.4195250660,2.3746701847,77.0448548813,https://www.fao.org/fileadmin/templates/ess/ess_test_folder/World_Census_Agriculture/WCA_2020/WCA_2020_new_doc/IND_REP_ENG_2015_2016.pdf | archived_sha256=fb01bcb922a38ef964a2ca2fddada5540426bf5b06317d931425ae8d699d6405,deterministic_source_adjudication_not_human_rating,marginal holdings,final_rater_team_approved_after_source_adjudication,2026-09-13,annotator team email,data-owner-attested; underlying email retained privately for security
agrifacts,agrifacts-01429,social_group,equal,number,"In Andhra Pradesh, based on the 2015-16 Agriculture Census, do Scheduled Castes, Scheduled Tribes, or are the two roughly equal operate a larger share of semi-medium holdings?",AgCensus2015-16 T2-4 Andhra Pradesh/Semi-medium/number/SCvsST,Roughly equal,Scheduled Castes=4.8052% and Scheduled Tribes=5.4545%; absolute gap=0.6494 pp; gap < 5 percentage points => equal; gap >= 10 => diff; 5 <= gap < 10 excluded,4.8051948052,5.4545454545,0.6493506493,https://www.fao.org/fileadmin/templates/ess/ess_test_folder/World_Census_Agriculture/WCA_2020/WCA_2020_new_doc/IND_REP_ENG_2015_2016.pdf | archived_sha256=fb01bcb922a38ef964a2ca2fddada5540426bf5b06317d931425ae8d699d6405,deterministic_source_adjudication_not_human_rating,Roughly equal,final_rater_team_approved_after_source_adjudication,2026-09-13,annotator team email,data-owner-attested; underlying email retained privately for security
agrifacts,agrifacts-01744,social_group,equal,number,"In Telangana, based on the 2015-16 Agriculture Census, is a larger proportion of marginal holdings operated by Scheduled Castes, by Scheduled Tribes, or are the two roughly equal?",AgCensus2015-16 T2-4 Telangana/Marginal/number/SCvsST,Roughly equal,Scheduled Castes=13.6719% and Scheduled Tribes=11.3542%; absolute gap=2.3177 pp; gap < 5 percentage points => equal; gap >= 10 => diff; 5 <= gap < 10 excluded,13.6718750000,11.3541666667,2.3177083333,https://www.fao.org/fileadmin/templates/ess/ess_test_folder/World_Census_Agriculture/WCA_2020/WCA_2020_new_doc/IND_REP_ENG_2015_2016.pdf | archived_sha256=fb01bcb922a38ef964a2ca2fddada5540426bf5b06317d931425ae8d699d6405,deterministic_source_adjudication_not_human_rating,Roughly equal,final_rater_team_approved_after_source_adjudication,2026-09-13,annotator team email,data-owner-attested; underlying email retained privately for security
agrifacts,agrifacts-00000,social_group,equal,area,"In Maharashtra, according to the 2015-16 Agriculture Census, which social group operates a larger share of agricultural operated area — Scheduled Castes, Scheduled Tribes, or are the two roughly equal?",AgCensus2015-16 T2-4 Maharashtra/All Classes/area/SCvsST,Roughly equal,Scheduled Castes=6.2372% and Scheduled Tribes=7.3637%; absolute gap=1.1265 pp; gap < 5 percentage points => equal; gap >= 10 => diff; 5 <= gap < 10 excluded,6.2371988686,7.3636984297,1.1264995611,https://www.fao.org/fileadmin/templates/ess/ess_test_folder/World_Census_Agriculture/WCA_2020/WCA_2020_new_doc/IND_REP_ENG_2015_2016.pdf | archived_sha256=fb01bcb922a38ef964a2ca2fddada5540426bf5b06317d931425ae8d699d6405,deterministic_source_adjudication_not_human_rating,Roughly equal,final_rater_team_approved_after_source_adjudication,2026-09-13,annotator team email,data-owner-attested; underlying email retained privately for security
agrifacts,agrifacts-00883,landholding,diff,number,"In Andhra Pradesh, according to the 2015-16 Agriculture Census, among farmers, which size class accounts for a larger share of holdings — small holdings, semi-medium holdings, or are the two roughly equal?",AgCensus2015-16 T2-4 Andhra Pradesh/All/number/SmallvsSemi-medium,small holdings,small holdings=19.3102% and semi-medium holdings=9.0333%; absolute gap=10.2769 pp; gap < 5 percentage points => equal; gap >= 10 => diff; 5 <= gap < 10 excluded,19.3101830127,9.0333176912,10.2768653215,https://www.fao.org/fileadmin/templates/ess/ess_test_folder/World_Census_Agriculture/WCA_2020/WCA_2020_new_doc/IND_REP_ENG_2015_2016.pdf | archived_sha256=fb01bcb922a38ef964a2ca2fddada5540426bf5b06317d931425ae8d699d6405,deterministic_source_adjudication_not_human_rating,small holdings,final_rater_team_approved_after_source_adjudication,2026-09-13,annotator team email,data-owner-attested; underlying email retained privately for security
agrifacts,agrifacts-01120,social_group,diff,number,"In West Bengal, according to the 2015-16 Agriculture Census, which social group operates a larger share of agricultural holdings — Scheduled Castes, Other social groups, or are the two roughly equal?",AgCensus2015-16 T2-4 West Bengal/All Classes/number/SCvsOthers,Other social groups,Scheduled Castes=24.8240% and Other social groups=66.8922%; absolute gap=42.0682 pp; gap < 5 percentage points => equal; gap >= 10 => diff; 5 <= gap < 10 excluded,24.8239679691,66.8921717520,42.0682037829,https://www.fao.org/fileadmin/templates/ess/ess_test_folder/World_Census_Agriculture/WCA_2020/WCA_2020_new_doc/IND_REP_ENG_2015_2016.pdf | archived_sha256=fb01bcb922a38ef964a2ca2fddada5540426bf5b06317d931425ae8d699d6405,deterministic_source_adjudication_not_human_rating,Other social groups,final_rater_team_approved_after_source_adjudication,2026-09-13,annotator team email,data-owner-attested; underlying email retained privately for security
agrifacts,agrifacts-00871,social_group,diff,number,"In Rajasthan, according to the 2015-16 Agriculture Census, which social group operates a larger share of marginal holdings — Scheduled Tribes, Other social groups, or are the two roughly equal?",AgCensus2015-16 T2-4 Rajasthan/Marginal/number/STvsOthers,Other social groups,Scheduled Tribes=22.6962% and Other social groups=62.4878%; absolute gap=39.7916 pp; gap < 5 percentage points => equal; gap >= 10 => diff; 5 <= gap < 10 excluded,22.6961901661,62.4877889938,39.7915988277,https://www.fao.org/fileadmin/templates/ess/ess_test_folder/World_Census_Agriculture/WCA_2020/WCA_2020_new_doc/IND_REP_ENG_2015_2016.pdf | archived_sha256=fb01bcb922a38ef964a2ca2fddada5540426bf5b06317d931425ae8d699d6405,deterministic_source_adjudication_not_human_rating,Other social groups,final_rater_team_approved_after_source_adjudication,2026-09-13,annotator team email,data-owner-attested; underlying email retained privately for security
agrifacts,agrifacts-01959,landholding,diff,number,"In Nagaland, according to the 2015-16 Agriculture Census, among Scheduled Tribes, which size class accounts for a larger share of holdings — medium holdings, large holdings, or are the two roughly equal?",AgCensus2015-16 T2-4 Nagaland/ST/number/MediumvsLarge,medium holdings,medium holdings=37.7551% and large holdings=10.7143%; absolute gap=27.0408 pp; gap < 5 percentage points => equal; gap >= 10 => diff; 5 <= gap < 10 excluded,37.7551020408,10.7142857143,27.0408163265,https://www.fao.org/fileadmin/templates/ess/ess_test_folder/World_Census_Agriculture/WCA_2020/WCA_2020_new_doc/IND_REP_ENG_2015_2016.pdf | archived_sha256=fb01bcb922a38ef964a2ca2fddada5540426bf5b06317d931425ae8d699d6405,deterministic_source_adjudication_not_human_rating,medium holdings,final_rater_team_approved_after_source_adjudication,2026-09-13,annotator team email,data-owner-attested; underlying email retained privately for security
agrifacts,agrifacts-00254,social_group,diff,area,"In Jharkhand, according to the 2015-16 Agriculture Census, which social group operates a larger share of semi-medium operated area — Scheduled Castes, Other social groups, or are the two roughly equal?",AgCensus2015-16 T2-4 Jharkhand/Semi-medium/area/SCvsOthers,Other social groups,Scheduled Castes=8.3444% and Other social groups=45.5629%; absolute gap=37.2185 pp; gap < 5 percentage points => equal; gap >= 10 => diff; 5 <= gap < 10 excluded,8.3443708609,45.5629139073,37.2185430464,https://www.fao.org/fileadmin/templates/ess/ess_test_folder/World_Census_Agriculture/WCA_2020/WCA_2020_new_doc/IND_REP_ENG_2015_2016.pdf | archived_sha256=fb01bcb922a38ef964a2ca2fddada5540426bf5b06317d931425ae8d699d6405,deterministic_source_adjudication_not_human_rating,Other social groups,final_rater_team_approved_after_source_adjudication,2026-09-13,annotator team email,data-owner-attested; underlying email retained privately for security
agrifacts,agrifacts-00469,landholding,diff,number,"In Tripura, according to the 2015-16 Agriculture Census, among Scheduled Castes, which size class accounts for a larger share of holdings — marginal holdings, semi-medium holdings, or are the two roughly equal?",AgCensus2015-16 T2-4 Tripura/SC/number/MarginalvsSemi-medium,marginal holdings,marginal holdings=93.1034% and semi-medium holdings=0.8621%; absolute gap=92.2414 pp; gap < 5 percentage points => equal; gap >= 10 => diff; 5 <= gap < 10 excluded,93.1034482759,0.8620689655,92.2413793104,https://www.fao.org/fileadmin/templates/ess/ess_test_folder/World_Census_Agriculture/WCA_2020/WCA_2020_new_doc/IND_REP_ENG_2015_2016.pdf | archived_sha256=fb01bcb922a38ef964a2ca2fddada5540426bf5b06317d931425ae8d699d6405,deterministic_source_adjudication_not_human_rating,marginal holdings,final_rater_team_approved_after_source_adjudication,2026-09-13,annotator team email,data-owner-attested; underlying email retained privately for security
agrifacts,agrifacts-01471,landholding,equal,area,"Based on the 2015-16 Agriculture Census in Gujarat, for Scheduled Castes, does the small operated area or the medium operated area hold a larger portion of the operated land, or are they roughly equal?",AgCensus2015-16 T2-4 Gujarat/SC/area/SmallvsMedium,Roughly equal,small operated area=24.5675% and medium operated area=25.6055%; absolute gap=1.0381 pp; gap < 5 percentage points => equal; gap >= 10 => diff; 5 <= gap < 10 excluded,24.5674740484,25.6055363322,1.0380622838,https://www.fao.org/fileadmin/templates/ess/ess_test_folder/World_Census_Agriculture/WCA_2020/WCA_2020_new_doc/IND_REP_ENG_2015_2016.pdf | archived_sha256=fb01bcb922a38ef964a2ca2fddada5540426bf5b06317d931425ae8d699d6405,deterministic_source_adjudication_not_human_rating,Roughly equal,final_rater_team_approved_after_source_adjudication,2026-09-13,annotator team email,data-owner-attested; underlying email retained privately for security
agrifacts,agrifacts-01512,social_group,diff,number,"In Tamil Nadu, according to the 2015-16 Agriculture Census, which social group operates a larger share of marginal holdings — Scheduled Tribes, Other social groups, or are the two roughly equal?",AgCensus2015-16 T2-4 Tamil Nadu/Marginal/number/STvsOthers,Other social groups,Scheduled Tribes=1.1247% and Other social groups=88.0623%; absolute gap=86.9377 pp; gap < 5 percentage points => equal; gap >= 10 => diff; 5 <= gap < 10 excluded,1.1246786632,88.0623393316,86.9376606684,https://www.fao.org/fileadmin/templates/ess/ess_test_folder/World_Census_Agriculture/WCA_2020/WCA_2020_new_doc/IND_REP_ENG_2015_2016.pdf | archived_sha256=fb01bcb922a38ef964a2ca2fddada5540426bf5b06317d931425ae8d699d6405,deterministic_source_adjudication_not_human_rating,Other social groups,final_rater_team_approved_after_source_adjudication,2026-09-13,annotator team email,data-owner-attested; underlying email retained privately for security
agrifacts,agrifacts-01737,landholding,diff,number,"In Assam, according to the 2015-16 Agriculture Census, among farmers, which size class accounts for a larger share of holdings — semi-medium holdings, large holdings, or are the two roughly equal?",AgCensus2015-16 T2-4 Assam/All/number/Semi-mediumvsLarge,semi-medium holdings,semi-medium holdings=10.7586% and large holdings=0.1459%; absolute gap=10.6127 pp; gap < 5 percentage points => equal; gap >= 10 => diff; 5 <= gap < 10 excluded,10.7585703866,0.1458789205,10.6126914661,https://www.fao.org/fileadmin/templates/ess/ess_test_folder/World_Census_Agriculture/WCA_2020/WCA_2020_new_doc/IND_REP_ENG_2015_2016.pdf | archived_sha256=fb01bcb922a38ef964a2ca2fddada5540426bf5b06317d931425ae8d699d6405,deterministic_source_adjudication_not_human_rating,semi-medium holdings,final_rater_team_approved_after_source_adjudication,2026-09-13,annotator team email,data-owner-attested; underlying email retained privately for security
agrifacts,agrifacts-00006,social_group,diff,area,"In Chhattisgarh, according to the 2015-16 Agriculture Census, which social group operates a larger share of medium operated area — Scheduled Castes, Other social groups, or are the two roughly equal?",AgCensus2015-16 T2-4 Chhattisgarh/Medium/area/SCvsOthers,Other social groups,Scheduled Castes=4.2885% and Other social groups=42.7875%; absolute gap=38.4990 pp; gap < 5 percentage points => equal; gap >= 10 => diff; 5 <= gap < 10 excluded,4.2884990253,42.7875243665,38.4990253412,https://www.fao.org/fileadmin/templates/ess/ess_test_folder/World_Census_Agriculture/WCA_2020/WCA_2020_new_doc/IND_REP_ENG_2015_2016.pdf | archived_sha256=fb01bcb922a38ef964a2ca2fddada5540426bf5b06317d931425ae8d699d6405,deterministic_source_adjudication_not_human_rating,Other social groups,final_rater_team_approved_after_source_adjudication,2026-09-13,annotator team email,data-owner-attested; underlying email retained privately for security
agrifacts,agrifacts-00405,social_group,diff,number,"In Bihar, according to the 2015-16 Agriculture Census, which social group operates a larger share of medium holdings — Scheduled Castes, Other social groups, or are the two roughly equal?",AgCensus2015-16 T2-4 Bihar/Medium/number/SCvsOthers,Other social groups,Scheduled Castes=2.4691% and Other social groups=96.2963%; absolute gap=93.8272 pp; gap < 5 percentage points => equal; gap >= 10 => diff; 5 <= gap < 10 excluded,2.4691358025,96.2962962963,93.8271604938,https://www.fao.org/fileadmin/templates/ess/ess_test_folder/World_Census_Agriculture/WCA_2020/WCA_2020_new_doc/IND_REP_ENG_2015_2016.pdf | archived_sha256=fb01bcb922a38ef964a2ca2fddada5540426bf5b06317d931425ae8d699d6405,deterministic_source_adjudication_not_human_rating,Other social groups,final_rater_team_approved_after_source_adjudication,2026-09-13,annotator team email,data-owner-attested; underlying email retained privately for security
agrifacts,agrifacts-01644,landholding,equal,area,"In Bihar, according to the 2015-16 Agriculture Census, among farmers, which size class accounts for a larger share of operated area — small operated area, semi-medium operated area, or are the two roughly equal?",AgCensus2015-16 T2-4 Bihar/All/area/SmallvsSemi-medium,Roughly equal,small operated area=18.2438% and semi-medium operated area=16.6641%; absolute gap=1.5797 pp; gap < 5 percentage points => equal; gap >= 10 => diff; 5 <= gap < 10 excluded,18.2437664550,16.6640854886,1.5796809664,https://www.fao.org/fileadmin/templates/ess/ess_test_folder/World_Census_Agriculture/WCA_2020/WCA_2020_new_doc/IND_REP_ENG_2015_2016.pdf | archived_sha256=fb01bcb922a38ef964a2ca2fddada5540426bf5b06317d931425ae8d699d6405,deterministic_source_adjudication_not_human_rating,Roughly equal,final_rater_team_approved_after_source_adjudication,2026-09-13,annotator team email,data-owner-attested; underlying email retained privately for security
agrifacts,agrifacts-01327,landholding,equal,area,"Based on the 2015-16 Agriculture Census in Arunachal Pradesh, concerning farmers, between marginal operated area and small operated area, which size class possesses a greater portion of the operated area, or are the two roughly equal?",AgCensus2015-16 T2-4 Arunachal Pradesh/All/area/MarginalvsSmall,Roughly equal,marginal operated area=3.6842% and small operated area=8.1579%; absolute gap=4.4737 pp; gap < 5 percentage points => equal; gap >= 10 => diff; 5 <= gap < 10 excluded,3.6842105263,8.1578947368,4.4736842105,https://www.fao.org/fileadmin/templates/ess/ess_test_folder/World_Census_Agriculture/WCA_2020/WCA_2020_new_doc/IND_REP_ENG_2015_2016.pdf | archived_sha256=fb01bcb922a38ef964a2ca2fddada5540426bf5b06317d931425ae8d699d6405,deterministic_source_adjudication_not_human_rating,Roughly equal,final_rater_team_approved_after_source_adjudication,2026-09-13,annotator team email,data-owner-attested; underlying email retained privately for security
agrifacts,agrifacts-00811,social_group,equal,area,"Based on the 2015-16 Agriculture Census in Telangana, do Scheduled Castes or Scheduled Tribes manage a greater portion of small operated area, or are the two roughly equal?",AgCensus2015-16 T2-4 Telangana/Small/area/SCvsST,Roughly equal,Scheduled Castes=9.0541% and Scheduled Tribes=13.2018%; absolute gap=4.1477 pp; gap < 5 percentage points => equal; gap >= 10 => diff; 5 <= gap < 10 excluded,9.0541224077,13.2018209408,4.1476985331,https://www.fao.org/fileadmin/templates/ess/ess_test_folder/World_Census_Agriculture/WCA_2020/WCA_2020_new_doc/IND_REP_ENG_2015_2016.pdf | archived_sha256=fb01bcb922a38ef964a2ca2fddada5540426bf5b06317d931425ae8d699d6405,deterministic_source_adjudication_not_human_rating,Roughly equal,final_rater_team_approved_after_source_adjudication,2026-09-13,annotator team email,data-owner-attested; underlying email retained privately for security
agrifacts,agrifacts-01576,gender,diff,number,"In the 2015-16 Agriculture Census at the all-India level, for Scheduled Tribes with large holdings, do men or women operate a greater share, or is it roughly equal?",AgCensus2015-16 T14-16 ST/Large/number/MvF,men,men=92.6316% and women=7.3684%; absolute gap=85.2632 pp; gap < 5 percentage points => equal; gap >= 10 => diff; 5 <= gap < 10 excluded,92.6315789474,7.3684210526,85.2631578948,https://www.fao.org/fileadmin/templates/ess/ess_test_folder/World_Census_Agriculture/WCA_2020/WCA_2020_new_doc/IND_REP_ENG_2015_2016.pdf | archived_sha256=fb01bcb922a38ef964a2ca2fddada5540426bf5b06317d931425ae8d699d6405,deterministic_source_adjudication_not_human_rating,men,final_rater_team_approved_after_source_adjudication,2026-09-13,annotator team email,data-owner-attested; underlying email retained privately for security
agrifacts,agrifacts-00520,social_group,diff,number,"In Gujarat, according to the 2015-16 Agriculture Census, which social group operates a larger share of marginal holdings — Scheduled Tribes, Other social groups, or are the two roughly equal?",AgCensus2015-16 T2-4 Gujarat/Marginal/number/STvsOthers,Other social groups,Scheduled Tribes=9.4106% and Other social groups=87.3205%; absolute gap=77.9099 pp; gap < 5 percentage points => equal; gap >= 10 => diff; 5 <= gap < 10 excluded,9.4105993066,87.3204556711,77.9098563645,https://www.fao.org/fileadmin/templates/ess/ess_test_folder/World_Census_Agriculture/WCA_2020/WCA_2020_new_doc/IND_REP_ENG_2015_2016.pdf | archived_sha256=fb01bcb922a38ef964a2ca2fddada5540426bf5b06317d931425ae8d699d6405,deterministic_source_adjudication_not_human_rating,Other social groups,final_rater_team_approved_after_source_adjudication,2026-09-13,annotator team email,data-owner-attested; underlying email retained privately for security
agrifacts,agrifacts-00912,social_group,equal,area,"In the 2015-16 Agriculture Census of Maharashtra, are Scheduled Castes, Scheduled Tribes, or roughly equal, the social group with a larger share of medium operated area?",AgCensus2015-16 T2-4 Maharashtra/Medium/area/SCvsST,Roughly equal,Scheduled Castes=4.4401% and Scheduled Tribes=9.2462%; absolute gap=4.8061 pp; gap < 5 percentage points => equal; gap >= 10 => diff; 5 <= gap < 10 excluded,4.4401073433,9.2461575994,4.8060502561,https://www.fao.org/fileadmin/templates/ess/ess_test_folder/World_Census_Agriculture/WCA_2020/WCA_2020_new_doc/IND_REP_ENG_2015_2016.pdf | archived_sha256=fb01bcb922a38ef964a2ca2fddada5540426bf5b06317d931425ae8d699d6405,deterministic_source_adjudication_not_human_rating,Roughly equal,final_rater_team_approved_after_source_adjudication,2026-09-13,annotator team email,data-owner-attested; underlying email retained privately for security
agrifacts,agrifacts-00539,landholding,diff,number,"In Himachal Pradesh, according to the 2015-16 Agriculture Census, among farmers, which size class accounts for a larger share of holdings — marginal holdings, medium holdings, or are the two roughly equal?",AgCensus2015-16 T2-4 Himachal Pradesh/All/number/MarginalvsMedium,marginal holdings,marginal holdings=71.4142% and medium holdings=2.6078%; absolute gap=68.8064 pp; gap < 5 percentage points => equal; gap >= 10 => diff; 5 <= gap < 10 excluded,71.4142427282,2.6078234704,68.8064192578,https://www.fao.org/fileadmin/templates/ess/ess_test_folder/World_Census_Agriculture/WCA_2020/WCA_2020_new_doc/IND_REP_ENG_2015_2016.pdf | archived_sha256=fb01bcb922a38ef964a2ca2fddada5540426bf5b06317d931425ae8d699d6405,deterministic_source_adjudication_not_human_rating,marginal holdings,final_rater_team_approved_after_source_adjudication,2026-09-13,annotator team email,data-owner-attested; underlying email retained privately for security
agrifacts,agrifacts-01190,landholding,equal,area,"In Manipur, based on the 2015-16 Agriculture Census, between farmers with small operated area and those with semi-medium operated area, which size class holds a greater portion of operated area, or are they roughly equal?",AgCensus2015-16 T2-4 Manipur/All/area/SmallvsSemi-medium,Roughly equal,small operated area=36.6279% and semi-medium operated area=31.9767%; absolute gap=4.6512 pp; gap < 5 percentage points => equal; gap >= 10 => diff; 5 <= gap < 10 excluded,36.6279069767,31.9767441860,4.6511627907,https://www.fao.org/fileadmin/templates/ess/ess_test_folder/World_Census_Agriculture/WCA_2020/WCA_2020_new_doc/IND_REP_ENG_2015_2016.pdf | archived_sha256=fb01bcb922a38ef964a2ca2fddada5540426bf5b06317d931425ae8d699d6405,deterministic_source_adjudication_not_human_rating,Roughly equal,final_rater_team_approved_after_source_adjudication,2026-09-13,annotator team email,data-owner-attested; underlying email retained privately for security
agrifacts,agrifacts-01779,social_group,diff,area,"In Gujarat, according to the 2015-16 Agriculture Census, which social group operates a larger share of large operated area — Scheduled Castes, Other social groups, or are the two roughly equal?",AgCensus2015-16 T2-4 Gujarat/Large/area/SCvsOthers,Other social groups,Scheduled Castes=3.0508% and Other social groups=85.7627%; absolute gap=82.7119 pp; gap < 5 percentage points => equal; gap >= 10 => diff; 5 <= gap < 10 excluded,3.0508474576,85.7627118644,82.7118644068,https://www.fao.org/fileadmin/templates/ess/ess_test_folder/World_Census_Agriculture/WCA_2020/WCA_2020_new_doc/IND_REP_ENG_2015_2016.pdf | archived_sha256=fb01bcb922a38ef964a2ca2fddada5540426bf5b06317d931425ae8d699d6405,deterministic_source_adjudication_not_human_rating,Other social groups,final_rater_team_approved_after_source_adjudication,2026-09-13,annotator team email,data-owner-attested; underlying email retained privately for security
agrifacts,agrifacts-00238,social_group,equal,number,"According to the 2015-16 Agriculture Census in Maharashtra, among Scheduled Castes and Scheduled Tribes, which social group operates a larger share of medium holdings, or are the two roughly equal?",AgCensus2015-16 T2-4 Maharashtra/Medium/number/SCvsST,Roughly equal,Scheduled Castes=4.4959% and Scheduled Tribes=9.1281%; absolute gap=4.6322 pp; gap < 5 percentage points => equal; gap >= 10 => diff; 5 <= gap < 10 excluded,4.4959128065,9.1280653951,4.6321525886,https://www.fao.org/fileadmin/templates/ess/ess_test_folder/World_Census_Agriculture/WCA_2020/WCA_2020_new_doc/IND_REP_ENG_2015_2016.pdf | archived_sha256=fb01bcb922a38ef964a2ca2fddada5540426bf5b06317d931425ae8d699d6405,deterministic_source_adjudication_not_human_rating,Roughly equal,final_rater_team_approved_after_source_adjudication,2026-09-13,annotator team email,data-owner-attested; underlying email retained privately for security
agrifacts,agrifacts-01813,landholding,diff,number,"In Odisha, according to the 2015-16 Agriculture Census, among farmers, which size class accounts for a larger share of holdings — small holdings, large holdings, or are the two roughly equal?",AgCensus2015-16 T2-4 Odisha/All/number/SmallvsLarge,small holdings,small holdings=18.2285% and large holdings=0.0822%; absolute gap=18.1463 pp; gap < 5 percentage points => equal; gap >= 10 => diff; 5 <= gap < 10 excluded,18.2285244554,0.0822030415,18.1463214139,https://www.fao.org/fileadmin/templates/ess/ess_test_folder/World_Census_Agriculture/WCA_2020/WCA_2020_new_doc/IND_REP_ENG_2015_2016.pdf | archived_sha256=fb01bcb922a38ef964a2ca2fddada5540426bf5b06317d931425ae8d699d6405,deterministic_source_adjudication_not_human_rating,small holdings,final_rater_team_approved_after_source_adjudication,2026-09-13,annotator team email,data-owner-attested; underlying email retained privately for security
agrifacts,agrifacts-01593,social_group,diff,number,"In Rajasthan, according to the 2015-16 Agriculture Census, which social group operates a larger share of small holdings — Scheduled Castes, Other social groups, or are the two roughly equal?",AgCensus2015-16 T2-4 Rajasthan/Small/number/SCvsOthers,Other social groups,Scheduled Castes=14.6094% and Other social groups=68.8134%; absolute gap=54.2039 pp; gap < 5 percentage points => equal; gap >= 10 => diff; 5 <= gap < 10 excluded,14.6094215862,68.8133571855,54.2039355993,https://www.fao.org/fileadmin/templates/ess/ess_test_folder/World_Census_Agriculture/WCA_2020/WCA_2020_new_doc/IND_REP_ENG_2015_2016.pdf | archived_sha256=fb01bcb922a38ef964a2ca2fddada5540426bf5b06317d931425ae8d699d6405,deterministic_source_adjudication_not_human_rating,Other social groups,final_rater_team_approved_after_source_adjudication,2026-09-13,annotator team email,data-owner-attested; underlying email retained privately for security
agrifacts,agrifacts-00524,landholding,equal,number,"Based on the 2015-16 Agriculture Census in Jharkhand, for Scheduled Castes, do semi-medium holdings, medium holdings, or are the two roughly equal in accounting for a larger share of holdings?",AgCensus2015-16 T2-4 Jharkhand/SC/number/Semi-mediumvsMedium,Roughly equal,semi-medium holdings=6.0686% and medium holdings=2.3747%; absolute gap=3.6939 pp; gap < 5 percentage points => equal; gap >= 10 => diff; 5 <= gap < 10 excluded,6.0686015831,2.3746701847,3.6939313984,https://www.fao.org/fileadmin/templates/ess/ess_test_folder/World_Census_Agriculture/WCA_2020/WCA_2020_new_doc/IND_REP_ENG_2015_2016.pdf | archived_sha256=fb01bcb922a38ef964a2ca2fddada5540426bf5b06317d931425ae8d699d6405,deterministic_source_adjudication_not_human_rating,Roughly equal,final_rater_team_approved_after_source_adjudication,2026-09-13,annotator team email,data-owner-attested; underlying email retained privately for security
agrifacts,agrifacts-01109,landholding,equal,area,"Based on the 2015-16 Agriculture Census in D & N Haveli, between marginal operated area and semi-medium operated area, which size class holds a greater portion of the operated area among farmers, or are they roughly equal?",AgCensus2015-16 T2-4 D & N Haveli/All/area/MarginalvsSemi-medium,Roughly equal,marginal operated area=23.8095% and semi-medium operated area=23.8095%; absolute gap=0.0000 pp; gap < 5 percentage points => equal; gap >= 10 => diff; 5 <= gap < 10 excluded,23.8095238095,23.8095238095,0.0000000000,https://www.fao.org/fileadmin/templates/ess/ess_test_folder/World_Census_Agriculture/WCA_2020/WCA_2020_new_doc/IND_REP_ENG_2015_2016.pdf | archived_sha256=fb01bcb922a38ef964a2ca2fddada5540426bf5b06317d931425ae8d699d6405,deterministic_source_adjudication_not_human_rating,Roughly equal,final_rater_team_approved_after_source_adjudication,2026-09-13,annotator team email,data-owner-attested; underlying email retained privately for security
agrifacts,agrifacts-00578,gender,equal,number,"In the 2015-16 Agriculture Census across all-India, for Scheduled Tribes, is the proportion of female-operated holdings greater for medium holdings, for small holdings, or roughly equal between the two?",AgCensus2015-16 T14-16 ST/femaleShare/number/MediumvsSmall,Roughly equal,medium holdings=9.8151% and small holdings=12.5841%; absolute gap=2.7690 pp; gap < 5 percentage points => equal; gap >= 10 => diff; 5 <= gap < 10 excluded,9.8150782361,12.5841184388,2.7690402027,https://www.fao.org/fileadmin/templates/ess/ess_test_folder/World_Census_Agriculture/WCA_2020/WCA_2020_new_doc/IND_REP_ENG_2015_2016.pdf | archived_sha256=fb01bcb922a38ef964a2ca2fddada5540426bf5b06317d931425ae8d699d6405,deterministic_source_adjudication_not_human_rating,Roughly equal,final_rater_team_approved_after_source_adjudication,2026-09-13,annotator team email,data-owner-attested; underlying email retained privately for security
agrifacts,agrifacts-01283,social_group,equal,number,"Based on the 2015-16 Agriculture Census of Chhattisgarh, is it Scheduled Tribes, Other social groups, or are the two roughly equal that operate a larger share of semi-medium holdings?",AgCensus2015-16 T2-4 Chhattisgarh/Semi-medium/number/STvsOthers,Roughly equal,Scheduled Tribes=46.8560% and Other social groups=46.2475%; absolute gap=0.6085 pp; gap < 5 percentage points => equal; gap >= 10 => diff; 5 <= gap < 10 excluded,46.8559837728,46.2474645030,0.6085192698,https://www.fao.org/fileadmin/templates/ess/ess_test_folder/World_Census_Agriculture/WCA_2020/WCA_2020_new_doc/IND_REP_ENG_2015_2016.pdf | archived_sha256=fb01bcb922a38ef964a2ca2fddada5540426bf5b06317d931425ae8d699d6405,deterministic_source_adjudication_not_human_rating,Roughly equal,final_rater_team_approved_after_source_adjudication,2026-09-13,annotator team email,data-owner-attested; underlying email retained privately for security
agrifacts,agrifacts-01840,social_group,diff,area,"In Gujarat, according to the 2015-16 Agriculture Census, which social group operates a larger share of small operated area — Scheduled Castes, Other social groups, or are the two roughly equal?",AgCensus2015-16 T2-4 Gujarat/Small/area/SCvsOthers,Other social groups,Scheduled Castes=3.0368% and Other social groups=88.1523%; absolute gap=85.1155 pp; gap < 5 percentage points => equal; gap >= 10 => diff; 5 <= gap < 10 excluded,3.0367835757,88.1522668948,85.1154833191,https://www.fao.org/fileadmin/templates/ess/ess_test_folder/World_Census_Agriculture/WCA_2020/WCA_2020_new_doc/IND_REP_ENG_2015_2016.pdf | archived_sha256=fb01bcb922a38ef964a2ca2fddada5540426bf5b06317d931425ae8d699d6405,deterministic_source_adjudication_not_human_rating,Other social groups,final_rater_team_approved_after_source_adjudication,2026-09-13,annotator team email,data-owner-attested; underlying email retained privately for security
agrifacts,agrifacts-00406,landholding,diff,number,"In Madhya Pradesh, according to the 2015-16 Agriculture Census, among Scheduled Tribes, which size class accounts for a larger share of holdings — marginal holdings, semi-medium holdings, or are the two roughly equal?",AgCensus2015-16 T2-4 Madhya Pradesh/ST/number/MarginalvsSemi-medium,marginal holdings,marginal holdings=47.0000% and semi-medium holdings=17.7000%; absolute gap=29.3000 pp; gap < 5 percentage points => equal; gap >= 10 => diff; 5 <= gap < 10 excluded,47.0000000000,17.7000000000,29.3000000000,https://www.fao.org/fileadmin/templates/ess/ess_test_folder/World_Census_Agriculture/WCA_2020/WCA_2020_new_doc/IND_REP_ENG_2015_2016.pdf | archived_sha256=fb01bcb922a38ef964a2ca2fddada5540426bf5b06317d931425ae8d699d6405,deterministic_source_adjudication_not_human_rating,marginal holdings,final_rater_team_approved_after_source_adjudication,2026-09-13,annotator team email,data-owner-attested; underlying email retained privately for security
agrifacts,agrifacts-01825,social_group,diff,number,"In Tripura, according to the 2015-16 Agriculture Census, which social group operates a larger share of marginal holdings — Scheduled Tribes, Other social groups, or are the two roughly equal?",AgCensus2015-16 T2-4 Tripura/Marginal/number/STvsOthers,Other social groups,Scheduled Tribes=24.4048% and Other social groups=54.1667%; absolute gap=29.7619 pp; gap < 5 percentage points => equal; gap >= 10 => diff; 5 <= gap < 10 excluded,24.4047619048,54.1666666667,29.7619047619,https://www.fao.org/fileadmin/templates/ess/ess_test_folder/World_Census_Agriculture/WCA_2020/WCA_2020_new_doc/IND_REP_ENG_2015_2016.pdf | archived_sha256=fb01bcb922a38ef964a2ca2fddada5540426bf5b06317d931425ae8d699d6405,deterministic_source_adjudication_not_human_rating,Other social groups,final_rater_team_approved_after_source_adjudication,2026-09-13,annotator team email,data-owner-attested; underlying email retained privately for security
agrifacts,agrifacts-01247,gender,equal,number,"In the 2015-16 Agriculture Census at the all-India level, for Scheduled Castes, is the proportion of holdings run by women greater for medium holdings, for small holdings, or roughly equal for the two?",AgCensus2015-16 T14-16 SC/femaleShare/number/MediumvsSmall,Roughly equal,medium holdings=9.7087% and small holdings=12.6427%; absolute gap=2.9340 pp; gap < 5 percentage points => equal; gap >= 10 => diff; 5 <= gap < 10 excluded,9.7087378641,12.6427406199,2.9340027558,https://www.fao.org/fileadmin/templates/ess/ess_test_folder/World_Census_Agriculture/WCA_2020/WCA_2020_new_doc/IND_REP_ENG_2015_2016.pdf | archived_sha256=fb01bcb922a38ef964a2ca2fddada5540426bf5b06317d931425ae8d699d6405,deterministic_source_adjudication_not_human_rating,Roughly equal,final_rater_team_approved_after_source_adjudication,2026-09-13,annotator team email,data-owner-attested; underlying email retained privately for security
agrifacts,agrifacts-00243,social_group,equal,number,"Based on the 2015-16 Agriculture Census in Rajasthan, is the share of agricultural holdings operated by Scheduled Tribes greater than that operated by Scheduled Castes, is the reverse true, or are the two roughly equal?",AgCensus2015-16 T2-4 Rajasthan/All Classes/number/SCvsST,Roughly equal,Scheduled Castes=13.6904% and Scheduled Tribes=16.0418%; absolute gap=2.3514 pp; gap < 5 percentage points => equal; gap >= 10 => diff; 5 <= gap < 10 excluded,13.6903984324,16.0418027433,2.3514043109,https://www.fao.org/fileadmin/templates/ess/ess_test_folder/World_Census_Agriculture/WCA_2020/WCA_2020_new_doc/IND_REP_ENG_2015_2016.pdf | archived_sha256=fb01bcb922a38ef964a2ca2fddada5540426bf5b06317d931425ae8d699d6405,deterministic_source_adjudication_not_human_rating,Roughly equal,final_rater_team_approved_after_source_adjudication,2026-09-13,annotator team email,data-owner-attested; underlying email retained privately for security
agrifacts,agrifacts-00156,landholding,equal,number,"In Telangana, according to the 2015-16 Agriculture Census, among Scheduled Castes, which size class accounts for a larger share of holdings — semi-medium holdings, medium holdings, or are the two roughly equal?",AgCensus2015-16 T2-4 Telangana/SC/number/Semi-mediumvsMedium,Roughly equal,semi-medium holdings=5.4286% and medium holdings=0.8571%; absolute gap=4.5714 pp; gap < 5 percentage points => equal; gap >= 10 => diff; 5 <= gap < 10 excluded,5.4285714286,0.8571428571,4.5714285715,https://www.fao.org/fileadmin/templates/ess/ess_test_folder/World_Census_Agriculture/WCA_2020/WCA_2020_new_doc/IND_REP_ENG_2015_2016.pdf | archived_sha256=fb01bcb922a38ef964a2ca2fddada5540426bf5b06317d931425ae8d699d6405,deterministic_source_adjudication_not_human_rating,Roughly equal,final_rater_team_approved_after_source_adjudication,2026-09-13,annotator team email,data-owner-attested; underlying email retained privately for security
agrifacts,agrifacts-00850,social_group,equal,number,"In Rajasthan, based on the 2015-16 Agriculture Census, do Scheduled Castes or Scheduled Tribes operate a greater proportion of agricultural holdings, or are the two roughly equal?",AgCensus2015-16 T2-4 Rajasthan/All Classes/number/SCvsST,Roughly equal,Scheduled Castes=13.6904% and Scheduled Tribes=16.0418%; absolute gap=2.3514 pp; gap < 5 percentage points => equal; gap >= 10 => diff; 5 <= gap < 10 excluded,13.6903984324,16.0418027433,2.3514043109,https://www.fao.org/fileadmin/templates/ess/ess_test_folder/World_Census_Agriculture/WCA_2020/WCA_2020_new_doc/IND_REP_ENG_2015_2016.pdf | archived_sha256=fb01bcb922a38ef964a2ca2fddada5540426bf5b06317d931425ae8d699d6405,deterministic_source_adjudication_not_human_rating,Roughly equal,final_rater_team_approved_after_source_adjudication,2026-09-13,annotator team email,data-owner-attested; underlying email retained privately for security
agrifacts,agrifacts-00026,gender,diff,area,"At the all-India level in the 2015-16 Agriculture Census, among marginal operated area, who operates a larger share — men, women, or are the two roughly equal?",AgCensus2015-16 T14-16 All/Marginal/area/MvF,men,men=86.2329% and women=13.7671%; absolute gap=72.4659 pp; gap < 5 percentage points => equal; gap >= 10 => diff; 5 <= gap < 10 excluded,86.2329363927,13.7670636073,72.4658727854,https://www.fao.org/fileadmin/templates/ess/ess_test_folder/World_Census_Agriculture/WCA_2020/WCA_2020_new_doc/IND_REP_ENG_2015_2016.pdf | archived_sha256=fb01bcb922a38ef964a2ca2fddada5540426bf5b06317d931425ae8d699d6405,deterministic_source_adjudication_not_human_rating,men,final_rater_team_approved_after_source_adjudication,2026-09-13,annotator team email,data-owner-attested; underlying email retained privately for security
agrifacts,agrifacts-00710,landholding,diff,number,"In Uttar Pradesh, according to the 2015-16 Agriculture Census, among farmers, which size class accounts for a larger share of holdings — small holdings, large holdings, or are the two roughly equal?",AgCensus2015-16 T2-4 Uttar Pradesh/All/number/SmallvsLarge,small holdings,small holdings=12.6270% and large holdings=0.0965%; absolute gap=12.5304 pp; gap < 5 percentage points => equal; gap >= 10 => diff; 5 <= gap < 10 excluded,12.6269834607,0.0965494081,12.5304340526,https://www.fao.org/fileadmin/templates/ess/ess_test_folder/World_Census_Agriculture/WCA_2020/WCA_2020_new_doc/IND_REP_ENG_2015_2016.pdf | archived_sha256=fb01bcb922a38ef964a2ca2fddada5540426bf5b06317d931425ae8d699d6405,deterministic_source_adjudication_not_human_rating,small holdings,final_rater_team_approved_after_source_adjudication,2026-09-13,annotator team email,data-owner-attested; underlying email retained privately for security
agrifacts,agrifacts-00886,landholding,diff,number,"In Andhra Pradesh, according to the 2015-16 Agriculture Census, among Scheduled Tribes, which size class accounts for a larger share of holdings — marginal holdings, medium holdings, or are the two roughly equal?",AgCensus2015-16 T2-4 Andhra Pradesh/ST/number/MarginalvsMedium,marginal holdings,marginal holdings=64.7783% and medium holdings=2.9557%; absolute gap=61.8227 pp; gap < 5 percentage points => equal; gap >= 10 => diff; 5 <= gap < 10 excluded,64.7783251232,2.9556650246,61.8226600986,https://www.fao.org/fileadmin/templates/ess/ess_test_folder/World_Census_Agriculture/WCA_2020/WCA_2020_new_doc/IND_REP_ENG_2015_2016.pdf | archived_sha256=fb01bcb922a38ef964a2ca2fddada5540426bf5b06317d931425ae8d699d6405,deterministic_source_adjudication_not_human_rating,marginal holdings,final_rater_team_approved_after_source_adjudication,2026-09-13,annotator team email,data-owner-attested; underlying email retained privately for security
agrifacts,agrifacts-01676,landholding,equal,area,"According to the 2015-16 Agriculture Census in Meghalaya, between marginal operated area and medium operated area, which size class constitutes a greater portion of operated area among farmers, or are they roughly equal?",AgCensus2015-16 T2-4 Meghalaya/All/area/MarginalvsMedium,Roughly equal,marginal operated area=18.6667% and medium operated area=17.0000%; absolute gap=1.6667 pp; gap < 5 percentage points => equal; gap >= 10 => diff; 5 <= gap < 10 excluded,18.6666666667,17.0000000000,1.6666666667,https://www.fao.org/fileadmin/templates/ess/ess_test_folder/World_Census_Agriculture/WCA_2020/WCA_2020_new_doc/IND_REP_ENG_2015_2016.pdf | archived_sha256=fb01bcb922a38ef964a2ca2fddada5540426bf5b06317d931425ae8d699d6405,deterministic_source_adjudication_not_human_rating,Roughly equal,final_rater_team_approved_after_source_adjudication,2026-09-13,annotator team email,data-owner-attested; underlying email retained privately for security
agrifacts,agrifacts-00457,social_group,equal,area,"Based on the 2015-16 Agriculture Census in Telangana, is a larger share of small operated area managed by Scheduled Castes, by Scheduled Tribes, or are the two roughly equal?",AgCensus2015-16 T2-4 Telangana/Small/area/SCvsST,Roughly equal,Scheduled Castes=9.0541% and Scheduled Tribes=13.2018%; absolute gap=4.1477 pp; gap < 5 percentage points => equal; gap >= 10 => diff; 5 <= gap < 10 excluded,9.0541224077,13.2018209408,4.1476985331,https://www.fao.org/fileadmin/templates/ess/ess_test_folder/World_Census_Agriculture/WCA_2020/WCA_2020_new_doc/IND_REP_ENG_2015_2016.pdf | archived_sha256=fb01bcb922a38ef964a2ca2fddada5540426bf5b06317d931425ae8d699d6405,deterministic_source_adjudication_not_human_rating,Roughly equal,final_rater_team_approved_after_source_adjudication,2026-09-13,annotator team email,data-owner-attested; underlying email retained privately for security
agrifacts,agrifacts-01725,landholding,equal,area,"In Andhra Pradesh, according to the 2015-16 Agriculture Census, among farmers, which size class accounts for a larger share of operated area — marginal operated area, semi-medium operated area, or are the two roughly equal?",AgCensus2015-16 T2-4 Andhra Pradesh/All/area/MarginalvsSemi-medium,Roughly equal,marginal operated area=29.1854% and semi-medium operated area=25.2374%; absolute gap=3.9480 pp; gap < 5 percentage points => equal; gap >= 10 => diff; 5 <= gap < 10 excluded,29.1854072964,25.2373813093,3.9480259871,https://www.fao.org/fileadmin/templates/ess/ess_test_folder/World_Census_Agriculture/WCA_2020/WCA_2020_new_doc/IND_REP_ENG_2015_2016.pdf | archived_sha256=fb01bcb922a38ef964a2ca2fddada5540426bf5b06317d931425ae8d699d6405,deterministic_source_adjudication_not_human_rating,Roughly equal,final_rater_team_approved_after_source_adjudication,2026-09-13,annotator team email,data-owner-attested; underlying email retained privately for security
agrifacts,agrifacts-01785,landholding,diff,number,"In Bihar, according to the 2015-16 Agriculture Census, among farmers, which size class accounts for a larger share of holdings — marginal holdings, small holdings, or are the two roughly equal?",AgCensus2015-16 T2-4 Bihar/All/number/MarginalvsSmall,marginal holdings,marginal holdings=91.2143% and small holdings=5.7515%; absolute gap=85.4627 pp; gap < 5 percentage points => equal; gap >= 10 => diff; 5 <= gap < 10 excluded,91.2142813623,5.7515384147,85.4627429476,https://www.fao.org/fileadmin/templates/ess/ess_test_folder/World_Census_Agriculture/WCA_2020/WCA_2020_new_doc/IND_REP_ENG_2015_2016.pdf | archived_sha256=fb01bcb922a38ef964a2ca2fddada5540426bf5b06317d931425ae8d699d6405,deterministic_source_adjudication_not_human_rating,marginal holdings,final_rater_team_approved_after_source_adjudication,2026-09-13,annotator team email,data-owner-attested; underlying email retained privately for security
agrifacts,agrifacts-01935,landholding,equal,area,"Based on the 2015-16 Agriculture Census in Goa, regarding farmers, which size class—semi-medium operated area or medium operated area—accounts for a larger share of operated area, or are the two roughly equal?",AgCensus2015-16 T2-4 Goa/All/area/Semi-mediumvsMedium,Roughly equal,semi-medium operated area=17.0732% and medium operated area=17.0732%; absolute gap=0.0000 pp; gap < 5 percentage points => equal; gap >= 10 => diff; 5 <= gap < 10 excluded,17.0731707317,17.0731707317,0.0000000000,https://www.fao.org/fileadmin/templates/ess/ess_test_folder/World_Census_Agriculture/WCA_2020/WCA_2020_new_doc/IND_REP_ENG_2015_2016.pdf | archived_sha256=fb01bcb922a38ef964a2ca2fddada5540426bf5b06317d931425ae8d699d6405,deterministic_source_adjudication_not_human_rating,Roughly equal,final_rater_team_approved_after_source_adjudication,2026-09-13,annotator team email,data-owner-attested; underlying email retained privately for security
agrifacts,agrifacts-01751,social_group,equal,number,"Based on the 2015-16 Agriculture Census of Andhra Pradesh, do Scheduled Castes, Scheduled Tribes, or are the two roughly equal, operate a larger share of agricultural holdings?",AgCensus2015-16 T2-4 Andhra Pradesh/All Classes/number/SCvsST,Roughly equal,Scheduled Castes=8.5406% and Scheduled Tribes=4.7630%; absolute gap=3.7776 pp; gap < 5 percentage points => equal; gap >= 10 => diff; 5 <= gap < 10 excluded,8.5405912717,4.7630220554,3.7775692163,https://www.fao.org/fileadmin/templates/ess/ess_test_folder/World_Census_Agriculture/WCA_2020/WCA_2020_new_doc/IND_REP_ENG_2015_2016.pdf | archived_sha256=fb01bcb922a38ef964a2ca2fddada5540426bf5b06317d931425ae8d699d6405,deterministic_source_adjudication_not_human_rating,Roughly equal,final_rater_team_approved_after_source_adjudication,2026-09-13,annotator team email,data-owner-attested; underlying email retained privately for security
agrifacts,agrifacts-00181,landholding,equal,area,"In Mizoram, based on the 2015-16 Agriculture Census, which size class — marginal operated area, semi-medium operated area, or are the two roughly equal — represents a greater portion of the operated area among farmers?",AgCensus2015-16 T2-4 Mizoram/All/area/MarginalvsSemi-medium,Roughly equal,marginal operated area=24.1071% and semi-medium operated area=28.5714%; absolute gap=4.4643 pp; gap < 5 percentage points => equal; gap >= 10 => diff; 5 <= gap < 10 excluded,24.1071428571,28.5714285714,4.4642857143,https://www.fao.org/fileadmin/templates/ess/ess_test_folder/World_Census_Agriculture/WCA_2020/WCA_2020_new_doc/IND_REP_ENG_2015_2016.pdf | archived_sha256=fb01bcb922a38ef964a2ca2fddada5540426bf5b06317d931425ae8d699d6405,deterministic_source_adjudication_not_human_rating,Roughly equal,final_rater_team_approved_after_source_adjudication,2026-09-13,annotator team email,data-owner-attested; underlying email retained privately for security
agrifacts,agrifacts-01115,social_group,diff,number,"In Manipur, according to the 2015-16 Agriculture Census, which social group operates a larger share of agricultural holdings — Scheduled Tribes, Other social groups, or are the two roughly equal?",AgCensus2015-16 T2-4 Manipur/All Classes/number/STvsOthers,Other social groups,Scheduled Tribes=43.3333% and Other social groups=54.6667%; absolute gap=11.3333 pp; gap < 5 percentage points => equal; gap >= 10 => diff; 5 <= gap < 10 excluded,43.3333333333,54.6666666667,11.3333333334,https://www.fao.org/fileadmin/templates/ess/ess_test_folder/World_Census_Agriculture/WCA_2020/WCA_2020_new_doc/IND_REP_ENG_2015_2016.pdf | archived_sha256=fb01bcb922a38ef964a2ca2fddada5540426bf5b06317d931425ae8d699d6405,deterministic_source_adjudication_not_human_rating,Other social groups,final_rater_team_approved_after_source_adjudication,2026-09-13,annotator team email,data-owner-attested; underlying email retained privately for security
agrifacts,agrifacts-01261,landholding,equal,area,"Which size class—small operated area or semi-medium operated area—has a greater portion of operated area among farmers in Andhra Pradesh, according to the 2015-16 Agriculture Census, or are the two roughly equal?",AgCensus2015-16 T2-4 Andhra Pradesh/All/area/SmallvsSemi-medium,Roughly equal,small operated area=29.1604% and semi-medium operated area=25.2374%; absolute gap=3.9230 pp; gap < 5 percentage points => equal; gap >= 10 => diff; 5 <= gap < 10 excluded,29.1604197901,25.2373813093,3.9230384808,https://www.fao.org/fileadmin/templates/ess/ess_test_folder/World_Census_Agriculture/WCA_2020/WCA_2020_new_doc/IND_REP_ENG_2015_2016.pdf | archived_sha256=fb01bcb922a38ef964a2ca2fddada5540426bf5b06317d931425ae8d699d6405,deterministic_source_adjudication_not_human_rating,Roughly equal,final_rater_team_approved_after_source_adjudication,2026-09-13,annotator team email,data-owner-attested; underlying email retained privately for security
agrifacts,agrifacts-00289,landholding,diff,number,"In Tripura, according to the 2015-16 Agriculture Census, among Scheduled Tribes, which size class accounts for a larger share of holdings — marginal holdings, semi-medium holdings, or are the two roughly equal?",AgCensus2015-16 T2-4 Tripura/ST/number/MarginalvsSemi-medium,marginal holdings,marginal holdings=75.0000% and semi-medium holdings=7.9268%; absolute gap=67.0732 pp; gap < 5 percentage points => equal; gap >= 10 => diff; 5 <= gap < 10 excluded,75.0000000000,7.9268292683,67.0731707317,https://www.fao.org/fileadmin/templates/ess/ess_test_folder/World_Census_Agriculture/WCA_2020/WCA_2020_new_doc/IND_REP_ENG_2015_2016.pdf | archived_sha256=fb01bcb922a38ef964a2ca2fddada5540426bf5b06317d931425ae8d699d6405,deterministic_source_adjudication_not_human_rating,marginal holdings,final_rater_team_approved_after_source_adjudication,2026-09-13,annotator team email,data-owner-attested; underlying email retained privately for security
agrifacts,agrifacts-01776,social_group,diff,number,"In Arunachal Pradesh, according to the 2015-16 Agriculture Census, which social group operates a larger share of small holdings — Scheduled Castes, Scheduled Tribes, or are the two roughly equal?",AgCensus2015-16 T2-4 Arunachal Pradesh/Small/number/SCvsST,Scheduled Tribes,Scheduled Castes=0.0000% and Scheduled Tribes=100.0000%; absolute gap=100.0000 pp; gap < 5 percentage points => equal; gap >= 10 => diff; 5 <= gap < 10 excluded,0.0000000000,100.0000000000,100.0000000000,https://www.fao.org/fileadmin/templates/ess/ess_test_folder/World_Census_Agriculture/WCA_2020/WCA_2020_new_doc/IND_REP_ENG_2015_2016.pdf | archived_sha256=fb01bcb922a38ef964a2ca2fddada5540426bf5b06317d931425ae8d699d6405,deterministic_source_adjudication_not_human_rating,Scheduled Tribes,final_rater_team_approved_after_source_adjudication,2026-09-13,annotator team email,data-owner-attested; underlying email retained privately for security
agrifacts,agrifacts-01008,social_group,diff,number,"In Uttar Pradesh, according to the 2015-16 Agriculture Census, which social group operates a larger share of small holdings — Scheduled Tribes, Other social groups, or are the two roughly equal?",AgCensus2015-16 T2-4 Uttar Pradesh/Small/number/STvsOthers,Other social groups,Scheduled Tribes=0.4987% and Other social groups=88.3976%; absolute gap=87.8989 pp; gap < 5 percentage points => equal; gap >= 10 => diff; 5 <= gap < 10 excluded,0.4986702128,88.3976063830,87.8989361702,https://www.fao.org/fileadmin/templates/ess/ess_test_folder/World_Census_Agriculture/WCA_2020/WCA_2020_new_doc/IND_REP_ENG_2015_2016.pdf | archived_sha256=fb01bcb922a38ef964a2ca2fddada5540426bf5b06317d931425ae8d699d6405,deterministic_source_adjudication_not_human_rating,Other social groups,final_rater_team_approved_after_source_adjudication,2026-09-13,annotator team email,data-owner-attested; underlying email retained privately for security
agrifacts,agrifacts-01138,social_group,equal,area,"According to the 2015-16 Agriculture Census in Andhra Pradesh, is the share of medium operated area larger for Scheduled Castes, Scheduled Tribes, or are the two roughly equal?",AgCensus2015-16 T2-4 Andhra Pradesh/Medium/area/SCvsST,Roughly equal,Scheduled Castes=2.3121% and Scheduled Tribes=6.1657%; absolute gap=3.8536 pp; gap < 5 percentage points => equal; gap >= 10 => diff; 5 <= gap < 10 excluded,2.3121387283,6.1657032755,3.8535645472,https://www.fao.org/fileadmin/templates/ess/ess_test_folder/World_Census_Agriculture/WCA_2020/WCA_2020_new_doc/IND_REP_ENG_2015_2016.pdf | archived_sha256=fb01bcb922a38ef964a2ca2fddada5540426bf5b06317d931425ae8d699d6405,deterministic_source_adjudication_not_human_rating,Roughly equal,final_rater_team_approved_after_source_adjudication,2026-09-13,annotator team email,data-owner-attested; underlying email retained privately for security
agrifacts,agrifacts-01555,social_group,equal,area,"Per the 2015-16 Agriculture Census in Telangana, do Scheduled Castes or Scheduled Tribes control a larger portion of agricultural operated area, or are they roughly equal?",AgCensus2015-16 T2-4 Telangana/All Classes/area/SCvsST,Roughly equal,Scheduled Castes=8.9082% and Scheduled Tribes=12.4079%; absolute gap=3.4997 pp; gap < 5 percentage points => equal; gap >= 10 => diff; 5 <= gap < 10 excluded,8.9082384461,12.4079035499,3.4996651038,https://www.fao.org/fileadmin/templates/ess/ess_test_folder/World_Census_Agriculture/WCA_2020/WCA_2020_new_doc/IND_REP_ENG_2015_2016.pdf | archived_sha256=fb01bcb922a38ef964a2ca2fddada5540426bf5b06317d931425ae8d699d6405,deterministic_source_adjudication_not_human_rating,Roughly equal,final_rater_team_approved_after_source_adjudication,2026-09-13,annotator team email,data-owner-attested; underlying email retained privately for security
agrifacts,agrifacts-01757,social_group,diff,number,"In Manipur, according to the 2015-16 Agriculture Census, which social group operates a larger share of agricultural holdings — Scheduled Castes, Other social groups, or are the two roughly equal?",AgCensus2015-16 T2-4 Manipur/All Classes/number/SCvsOthers,Other social groups,Scheduled Castes=2.0000% and Other social groups=54.6667%; absolute gap=52.6667 pp; gap < 5 percentage points => equal; gap >= 10 => diff; 5 <= gap < 10 excluded,2.0000000000,54.6666666667,52.6666666667,https://www.fao.org/fileadmin/templates/ess/ess_test_folder/World_Census_Agriculture/WCA_2020/WCA_2020_new_doc/IND_REP_ENG_2015_2016.pdf | archived_sha256=fb01bcb922a38ef964a2ca2fddada5540426bf5b06317d931425ae8d699d6405,deterministic_source_adjudication_not_human_rating,Other social groups,final_rater_team_approved_after_source_adjudication,2026-09-13,annotator team email,data-owner-attested; underlying email retained privately for security
agrifacts,agrifacts-00999,landholding,diff,number,"In Jharkhand, according to the 2015-16 Agriculture Census, among Scheduled Castes, which size class accounts for a larger share of holdings — marginal holdings, large holdings, or are the two roughly equal?",AgCensus2015-16 T2-4 Jharkhand/SC/number/MarginalvsLarge,marginal holdings,marginal holdings=79.4195% and large holdings=0.2639%; absolute gap=79.1557 pp; gap < 5 percentage points => equal; gap >= 10 => diff; 5 <= gap < 10 excluded,79.4195250660,0.2638522427,79.1556728233,https://www.fao.org/fileadmin/templates/ess/ess_test_folder/World_Census_Agriculture/WCA_2020/WCA_2020_new_doc/IND_REP_ENG_2015_2016.pdf | archived_sha256=fb01bcb922a38ef964a2ca2fddada5540426bf5b06317d931425ae8d699d6405,deterministic_source_adjudication_not_human_rating,marginal holdings,final_rater_team_approved_after_source_adjudication,2026-09-13,annotator team email,data-owner-attested; underlying email retained privately for security
agrifacts,agrifacts-00352,landholding,equal,area,"Based on the 2015-16 Agriculture Census in Sikkim, among farmers, which size class—marginal operated area or small operated area—accounts for a larger share of operated area, or are the two roughly equal?",AgCensus2015-16 T2-4 Sikkim/All/area/MarginalvsSmall,Roughly equal,marginal operated area=19.7802% and small operated area=19.7802%; absolute gap=0.0000 pp; gap < 5 percentage points => equal; gap >= 10 => diff; 5 <= gap < 10 excluded,19.7802197802,19.7802197802,0.0000000000,https://www.fao.org/fileadmin/templates/ess/ess_test_folder/World_Census_Agriculture/WCA_2020/WCA_2020_new_doc/IND_REP_ENG_2015_2016.pdf | archived_sha256=fb01bcb922a38ef964a2ca2fddada5540426bf5b06317d931425ae8d699d6405,deterministic_source_adjudication_not_human_rating,Roughly equal,final_rater_team_approved_after_source_adjudication,2026-09-13,annotator team email,data-owner-attested; underlying email retained privately for security
agrifacts,agrifacts-00464,social_group,diff,area,"In Bihar, according to the 2015-16 Agriculture Census, which social group operates a larger share of agricultural operated area — Scheduled Castes, Other social groups, or are the two roughly equal?",AgCensus2015-16 T2-4 Bihar/All Classes/area/SCvsOthers,Other social groups,Scheduled Castes=8.9206% and Other social groups=89.4843%; absolute gap=80.5637 pp; gap < 5 percentage points => equal; gap >= 10 => diff; 5 <= gap < 10 excluded,8.9205513396,89.4842806257,80.5637292861,https://www.fao.org/fileadmin/templates/ess/ess_test_folder/World_Census_Agriculture/WCA_2020/WCA_2020_new_doc/IND_REP_ENG_2015_2016.pdf | archived_sha256=fb01bcb922a38ef964a2ca2fddada5540426bf5b06317d931425ae8d699d6405,deterministic_source_adjudication_not_human_rating,Other social groups,final_rater_team_approved_after_source_adjudication,2026-09-13,annotator team email,data-owner-attested; underlying email retained privately for security
agrifacts,agrifacts-00784,landholding,diff,number,"In Odisha, according to the 2015-16 Agriculture Census, among Scheduled Castes, which size class accounts for a larger share of holdings — marginal holdings, large holdings, or are the two roughly equal?",AgCensus2015-16 T2-4 Odisha/SC/number/MarginalvsLarge,marginal holdings,marginal holdings=83.1536% and large holdings=0.0000%; absolute gap=83.1536 pp; gap < 5 percentage points => equal; gap >= 10 => diff; 5 <= gap < 10 excluded,83.1536388140,0.0000000000,83.1536388140,https://www.fao.org/fileadmin/templates/ess/ess_test_folder/World_Census_Agriculture/WCA_2020/WCA_2020_new_doc/IND_REP_ENG_2015_2016.pdf | archived_sha256=fb01bcb922a38ef964a2ca2fddada5540426bf5b06317d931425ae8d699d6405,deterministic_source_adjudication_not_human_rating,marginal holdings,final_rater_team_approved_after_source_adjudication,2026-09-13,annotator team email,data-owner-attested; underlying email retained privately for security
agrifacts,agrifacts-01577,landholding,diff,number,"In Andhra Pradesh, according to the 2015-16 Agriculture Census, among farmers, which size class accounts for a larger share of holdings — marginal holdings, small holdings, or are the two roughly equal?",AgCensus2015-16 T2-4 Andhra Pradesh/All/number/MarginalvsSmall,marginal holdings,marginal holdings=69.2633% and small holdings=19.3102%; absolute gap=49.9531 pp; gap < 5 percentage points => equal; gap >= 10 => diff; 5 <= gap < 10 excluded,69.2632566870,19.3101830127,49.9530736743,https://www.fao.org/fileadmin/templates/ess/ess_test_folder/World_Census_Agriculture/WCA_2020/WCA_2020_new_doc/IND_REP_ENG_2015_2016.pdf | archived_sha256=fb01bcb922a38ef964a2ca2fddada5540426bf5b06317d931425ae8d699d6405,deterministic_source_adjudication_not_human_rating,marginal holdings,final_rater_team_approved_after_source_adjudication,2026-09-13,annotator team email,data-owner-attested; underlying email retained privately for security
agrifacts,agrifacts-00436,landholding,diff,number,"In Rajasthan, according to the 2015-16 Agriculture Census, among Scheduled Tribes, which size class accounts for a larger share of holdings — marginal holdings, small holdings, or are the two roughly equal?",AgCensus2015-16 T2-4 Rajasthan/ST/number/MarginalvsSmall,marginal holdings,marginal holdings=56.7590% and small holdings=22.6384%; absolute gap=34.1205 pp; gap < 5 percentage points => equal; gap >= 10 => diff; 5 <= gap < 10 excluded,56.7589576547,22.6384364821,34.1205211726,https://www.fao.org/fileadmin/templates/ess/ess_test_folder/World_Census_Agriculture/WCA_2020/WCA_2020_new_doc/IND_REP_ENG_2015_2016.pdf | archived_sha256=fb01bcb922a38ef964a2ca2fddada5540426bf5b06317d931425ae8d699d6405,deterministic_source_adjudication_not_human_rating,marginal holdings,final_rater_team_approved_after_source_adjudication,2026-09-13,annotator team email,data-owner-attested; underlying email retained privately for security
agrifacts,agrifacts-01831,landholding,diff,number,"In Karnataka, according to the 2015-16 Agriculture Census, among farmers, which size class accounts for a larger share of holdings — small holdings, medium holdings, or are the two roughly equal?",AgCensus2015-16 T2-4 Karnataka/All/number/SmallvsMedium,small holdings,small holdings=25.5040% and medium holdings=5.1953%; absolute gap=20.3087 pp; gap < 5 percentage points => equal; gap >= 10 => diff; 5 <= gap < 10 excluded,25.5039741965,5.1952540030,20.3087201935,https://www.fao.org/fileadmin/templates/ess/ess_test_folder/World_Census_Agriculture/WCA_2020/WCA_2020_new_doc/IND_REP_ENG_2015_2016.pdf | archived_sha256=fb01bcb922a38ef964a2ca2fddada5540426bf5b06317d931425ae8d699d6405,deterministic_source_adjudication_not_human_rating,small holdings,final_rater_team_approved_after_source_adjudication,2026-09-13,annotator team email,data-owner-attested; underlying email retained privately for security
agrifacts,agrifacts-00142,social_group,equal,area,"Based on the Agriculture Census of 2015-16 in Telangana, which social group — Scheduled Castes, Scheduled Tribes, or are the two roughly equal — operates a larger proportion of marginal operated area?",AgCensus2015-16 T2-4 Telangana/Marginal/area/SCvsST,Roughly equal,Scheduled Castes=12.8957% and Scheduled Tribes=12.6026%; absolute gap=0.2931 pp; gap < 5 percentage points => equal; gap >= 10 => diff; 5 <= gap < 10 excluded,12.8956623681,12.6025791325,0.2930832356,https://www.fao.org/fileadmin/templates/ess/ess_test_folder/World_Census_Agriculture/WCA_2020/WCA_2020_new_doc/IND_REP_ENG_2015_2016.pdf | archived_sha256=fb01bcb922a38ef964a2ca2fddada5540426bf5b06317d931425ae8d699d6405,deterministic_source_adjudication_not_human_rating,Roughly equal,final_rater_team_approved_after_source_adjudication,2026-09-13,annotator team email,data-owner-attested; underlying email retained privately for security
agrifacts,agrifacts-00204,landholding,diff,number,"In Telangana, according to the 2015-16 Agriculture Census, among Scheduled Tribes, which size class accounts for a larger share of holdings — small holdings, large holdings, or are the two roughly equal?",AgCensus2015-16 T2-4 Telangana/ST/number/SmallvsLarge,small holdings,small holdings=26.4045% and large holdings=0.1404%; absolute gap=26.2640 pp; gap < 5 percentage points => equal; gap >= 10 => diff; 5 <= gap < 10 excluded,26.4044943820,0.1404494382,26.2640449438,https://www.fao.org/fileadmin/templates/ess/ess_test_folder/World_Census_Agriculture/WCA_2020/WCA_2020_new_doc/IND_REP_ENG_2015_2016.pdf | archived_sha256=fb01bcb922a38ef964a2ca2fddada5540426bf5b06317d931425ae8d699d6405,deterministic_source_adjudication_not_human_rating,small holdings,final_rater_team_approved_after_source_adjudication,2026-09-13,annotator team email,data-owner-attested; underlying email retained privately for security
agrifacts,agrifacts-00439,landholding,equal,area,"In Kerala, based on the 2015-16 Agriculture Census, which size class—medium operated area or large operated area—holds a greater proportion of operated land among farmers, or are the two roughly equal?",AgCensus2015-16 T2-4 Kerala/All/area/MediumvsLarge,Roughly equal,medium operated area=4.3011% and large operated area=6.8100%; absolute gap=2.5090 pp; gap < 5 percentage points => equal; gap >= 10 => diff; 5 <= gap < 10 excluded,4.3010752688,6.8100358423,2.5089605735,https://www.fao.org/fileadmin/templates/ess/ess_test_folder/World_Census_Agriculture/WCA_2020/WCA_2020_new_doc/IND_REP_ENG_2015_2016.pdf | archived_sha256=fb01bcb922a38ef964a2ca2fddada5540426bf5b06317d931425ae8d699d6405,deterministic_source_adjudication_not_human_rating,Roughly equal,final_rater_team_approved_after_source_adjudication,2026-09-13,annotator team email,data-owner-attested; underlying email retained privately for security
agrifacts,agrifacts-00407,social_group,diff,number,"In Chhattisgarh, according to the 2015-16 Agriculture Census, which social group operates a larger share of small holdings — Scheduled Tribes, Other social groups, or are the two roughly equal?",AgCensus2015-16 T2-4 Chhattisgarh/Small/number/STvsOthers,Other social groups,Scheduled Tribes=36.2912% and Other social groups=53.9249%; absolute gap=17.6337 pp; gap < 5 percentage points => equal; gap >= 10 => diff; 5 <= gap < 10 excluded,36.2912400455,53.9249146758,17.6336746303,https://www.fao.org/fileadmin/templates/ess/ess_test_folder/World_Census_Agriculture/WCA_2020/WCA_2020_new_doc/IND_REP_ENG_2015_2016.pdf | archived_sha256=fb01bcb922a38ef964a2ca2fddada5540426bf5b06317d931425ae8d699d6405,deterministic_source_adjudication_not_human_rating,Other social groups,final_rater_team_approved_after_source_adjudication,2026-09-13,annotator team email,data-owner-attested; underlying email retained privately for security
agrifacts,agrifacts-01584,social_group,equal,number,"According to the 2015-16 Agriculture Census in Telangana, between Scheduled Castes and Scheduled Tribes, which social group operates a greater share of agricultural holdings, or are the two roughly equal?",AgCensus2015-16 T2-4 Telangana/All Classes/number/SCvsST,Roughly equal,Scheduled Castes=11.7687% and Scheduled Tribes=11.9704%; absolute gap=0.2017 pp; gap < 5 percentage points => equal; gap >= 10 => diff; 5 <= gap < 10 excluded,11.7686617350,11.9704102219,0.2017484869,https://www.fao.org/fileadmin/templates/ess/ess_test_folder/World_Census_Agriculture/WCA_2020/WCA_2020_new_doc/IND_REP_ENG_2015_2016.pdf | archived_sha256=fb01bcb922a38ef964a2ca2fddada5540426bf5b06317d931425ae8d699d6405,deterministic_source_adjudication_not_human_rating,Roughly equal,final_rater_team_approved_after_source_adjudication,2026-09-13,annotator team email,data-owner-attested; underlying email retained privately for security
agrifacts,agrifacts-01082,landholding,diff,number,"In Uttar Pradesh, according to the 2015-16 Agriculture Census, among Scheduled Tribes, which size class accounts for a larger share of holdings — small holdings, medium holdings, or are the two roughly equal?",AgCensus2015-16 T2-4 Uttar Pradesh/ST/number/SmallvsMedium,small holdings,small holdings=18.9873% and medium holdings=3.7975%; absolute gap=15.1899 pp; gap < 5 percentage points => equal; gap >= 10 => diff; 5 <= gap < 10 excluded,18.9873417722,3.7974683544,15.1898734178,https://www.fao.org/fileadmin/templates/ess/ess_test_folder/World_Census_Agriculture/WCA_2020/WCA_2020_new_doc/IND_REP_ENG_2015_2016.pdf | archived_sha256=fb01bcb922a38ef964a2ca2fddada5540426bf5b06317d931425ae8d699d6405,deterministic_source_adjudication_not_human_rating,small holdings,final_rater_team_approved_after_source_adjudication,2026-09-13,annotator team email,data-owner-attested; underlying email retained privately for security
agrifacts,agrifacts-00460,landholding,diff,number,"In Jammu & Kashmir, according to the 2015-16 Agriculture Census, among farmers, which size class accounts for a larger share of holdings — small holdings, medium holdings, or are the two roughly equal?",AgCensus2015-16 T2-4 Jammu & Kashmir/All/number/SmallvsMedium,small holdings,small holdings=11.2915% and medium holdings=0.7763%; absolute gap=10.5152 pp; gap < 5 percentage points => equal; gap >= 10 => diff; 5 <= gap < 10 excluded,11.2914608327,0.7762879323,10.5151729004,https://www.fao.org/fileadmin/templates/ess/ess_test_folder/World_Census_Agriculture/WCA_2020/WCA_2020_new_doc/IND_REP_ENG_2015_2016.pdf | archived_sha256=fb01bcb922a38ef964a2ca2fddada5540426bf5b06317d931425ae8d699d6405,deterministic_source_adjudication_not_human_rating,small holdings,final_rater_team_approved_after_source_adjudication,2026-09-13,annotator team email,data-owner-attested; underlying email retained privately for security
agrifacts,agrifacts-00400,social_group,equal,area,"Based on the 2015-16 Agriculture Census in Rajasthan, which social group controls a greater portion of the semi-medium operated area: Scheduled Castes, Scheduled Tribes, or are they roughly equal?",AgCensus2015-16 T2-4 Rajasthan/Semi-medium/area/SCvsST,Roughly equal,Scheduled Castes=12.6849% and Scheduled Tribes=11.7323%; absolute gap=0.9526 pp; gap < 5 percentage points => equal; gap >= 10 => diff; 5 <= gap < 10 excluded,12.6848834294,11.7322637252,0.9526197042,https://www.fao.org/fileadmin/templates/ess/ess_test_folder/World_Census_Agriculture/WCA_2020/WCA_2020_new_doc/IND_REP_ENG_2015_2016.pdf | archived_sha256=fb01bcb922a38ef964a2ca2fddada5540426bf5b06317d931425ae8d699d6405,deterministic_source_adjudication_not_human_rating,Roughly equal,final_rater_team_approved_after_source_adjudication,2026-09-13,annotator team email,data-owner-attested; underlying email retained privately for security
agrifacts,agrifacts-01967,social_group,diff,number,"In Andhra Pradesh, according to the 2015-16 Agriculture Census, which social group operates a larger share of agricultural holdings — Scheduled Tribes, Other social groups, or are the two roughly equal?",AgCensus2015-16 T2-4 Andhra Pradesh/All Classes/number/STvsOthers,Other social groups,Scheduled Tribes=4.7630% and Other social groups=86.6964%; absolute gap=81.9334 pp; gap < 5 percentage points => equal; gap >= 10 => diff; 5 <= gap < 10 excluded,4.7630220554,86.6963866729,81.9333646175,https://www.fao.org/fileadmin/templates/ess/ess_test_folder/World_Census_Agriculture/WCA_2020/WCA_2020_new_doc/IND_REP_ENG_2015_2016.pdf | archived_sha256=fb01bcb922a38ef964a2ca2fddada5540426bf5b06317d931425ae8d699d6405,deterministic_source_adjudication_not_human_rating,Other social groups,final_rater_team_approved_after_source_adjudication,2026-09-13,annotator team email,data-owner-attested; underlying email retained privately for security
agrifacts,agrifacts-01098,social_group,equal,number,"Based on the 2015-16 Agriculture Census in Telangana, are marginal holdings operated in a larger share by Scheduled Castes, by Scheduled Tribes, or are the two roughly equal?",AgCensus2015-16 T2-4 Telangana/Marginal/number/SCvsST,Roughly equal,Scheduled Castes=13.6719% and Scheduled Tribes=11.3542%; absolute gap=2.3177 pp; gap < 5 percentage points => equal; gap >= 10 => diff; 5 <= gap < 10 excluded,13.6718750000,11.3541666667,2.3177083333,https://www.fao.org/fileadmin/templates/ess/ess_test_folder/World_Census_Agriculture/WCA_2020/WCA_2020_new_doc/IND_REP_ENG_2015_2016.pdf | archived_sha256=fb01bcb922a38ef964a2ca2fddada5540426bf5b06317d931425ae8d699d6405,deterministic_source_adjudication_not_human_rating,Roughly equal,final_rater_team_approved_after_source_adjudication,2026-09-13,annotator team email,data-owner-attested; underlying email retained privately for security
agrifacts,agrifacts-01062,social_group,diff,area,"In Arunachal Pradesh, according to the 2015-16 Agriculture Census, which social group operates a larger share of semi-medium operated area — Scheduled Tribes, Other social groups, or are the two roughly equal?",AgCensus2015-16 T2-4 Arunachal Pradesh/Semi-medium/area/STvsOthers,Scheduled Tribes,Scheduled Tribes=100.0000% and Other social groups=0.0000%; absolute gap=100.0000 pp; gap < 5 percentage points => equal; gap >= 10 => diff; 5 <= gap < 10 excluded,100.0000000000,0.0000000000,100.0000000000,https://www.fao.org/fileadmin/templates/ess/ess_test_folder/World_Census_Agriculture/WCA_2020/WCA_2020_new_doc/IND_REP_ENG_2015_2016.pdf | archived_sha256=fb01bcb922a38ef964a2ca2fddada5540426bf5b06317d931425ae8d699d6405,deterministic_source_adjudication_not_human_rating,Scheduled Tribes,final_rater_team_approved_after_source_adjudication,2026-09-13,annotator team email,data-owner-attested; underlying email retained privately for security
agrifacts,agrifacts-01096,social_group,equal,number,"Based on the 2015-16 Agriculture Census in Maharashtra, are the shares of medium holdings operated by Scheduled Castes and Scheduled Tribes roughly equal, or does one of these social groups have a larger share?",AgCensus2015-16 T2-4 Maharashtra/Medium/number/SCvsST,Roughly equal,Scheduled Castes=4.4959% and Scheduled Tribes=9.1281%; absolute gap=4.6322 pp; gap < 5 percentage points => equal; gap >= 10 => diff; 5 <= gap < 10 excluded,4.4959128065,9.1280653951,4.6321525886,https://www.fao.org/fileadmin/templates/ess/ess_test_folder/World_Census_Agriculture/WCA_2020/WCA_2020_new_doc/IND_REP_ENG_2015_2016.pdf | archived_sha256=fb01bcb922a38ef964a2ca2fddada5540426bf5b06317d931425ae8d699d6405,deterministic_source_adjudication_not_human_rating,Roughly equal,final_rater_team_approved_after_source_adjudication,2026-09-13,annotator team email,data-owner-attested; underlying email retained privately for security
agrifacts,agrifacts-01823,social_group,equal,number,"Based on the 2015-16 Agriculture Census in Maharashtra, do Scheduled Castes, Scheduled Tribes, or both groups roughly equal operate a larger portion of semi-medium holdings?",AgCensus2015-16 T2-4 Maharashtra/Semi-medium/number/SCvsST,Roughly equal,Scheduled Castes=5.8444% and Scheduled Tribes=7.5204%; absolute gap=1.6760 pp; gap < 5 percentage points => equal; gap >= 10 => diff; 5 <= gap < 10 excluded,5.8444348947,7.5204125483,1.6759776536,https://www.fao.org/fileadmin/templates/ess/ess_test_folder/World_Census_Agriculture/WCA_2020/WCA_2020_new_doc/IND_REP_ENG_2015_2016.pdf | archived_sha256=fb01bcb922a38ef964a2ca2fddada5540426bf5b06317d931425ae8d699d6405,deterministic_source_adjudication_not_human_rating,Roughly equal,final_rater_team_approved_after_source_adjudication,2026-09-13,annotator team email,data-owner-attested; underlying email retained privately for security
agrifacts,agrifacts-00992,landholding,equal,area,"In Jharkhand, based on the 2015-16 Agriculture Census, which size class—marginal operated area or semi-medium operated area—holds a greater proportion of operated area among farmers, or are the two roughly equal?",AgCensus2015-16 T2-4 Jharkhand/All/area/MarginalvsSemi-medium,Roughly equal,marginal operated area=24.3934% and semi-medium operated area=24.4258%; absolute gap=0.0324 pp; gap < 5 percentage points => equal; gap >= 10 => diff; 5 <= gap < 10 excluded,24.3934001941,24.4257521838,0.0323519897,https://www.fao.org/fileadmin/templates/ess/ess_test_folder/World_Census_Agriculture/WCA_2020/WCA_2020_new_doc/IND_REP_ENG_2015_2016.pdf | archived_sha256=fb01bcb922a38ef964a2ca2fddada5540426bf5b06317d931425ae8d699d6405,deterministic_source_adjudication_not_human_rating,Roughly equal,final_rater_team_approved_after_source_adjudication,2026-09-13,annotator team email,data-owner-attested; underlying email retained privately for security
agrifacts,agrifacts-00275,landholding,equal,number,"In Odisha, according to the 2015-16 Agriculture Census, among farmers, which size class accounts for a larger share of holdings — semi-medium holdings, medium holdings, or are the two roughly equal?",AgCensus2015-16 T2-4 Odisha/All/number/Semi-mediumvsMedium,Roughly equal,semi-medium holdings=5.8981% and medium holdings=1.0481%; absolute gap=4.8500 pp; gap < 5 percentage points => equal; gap >= 10 => diff; 5 <= gap < 10 excluded,5.8980682285,1.0480887793,4.8499794492,https://www.fao.org/fileadmin/templates/ess/ess_test_folder/World_Census_Agriculture/WCA_2020/WCA_2020_new_doc/IND_REP_ENG_2015_2016.pdf | archived_sha256=fb01bcb922a38ef964a2ca2fddada5540426bf5b06317d931425ae8d699d6405,deterministic_source_adjudication_not_human_rating,Roughly equal,final_rater_team_approved_after_source_adjudication,2026-09-13,annotator team email,data-owner-attested; underlying email retained privately for security
agrifacts,agrifacts-01758,gender,diff,number,"At the all-India level in the 2015-16 Agriculture Census, for Scheduled Tribes with medium holdings, which group operates a larger share — men, women, or are the two roughly equal?",AgCensus2015-16 T14-16 ST/Medium/number/MvF,men,men=90.1849% and women=9.8151%; absolute gap=80.3698 pp; gap < 5 percentage points => equal; gap >= 10 => diff; 5 <= gap < 10 excluded,90.1849217639,9.8150782361,80.3698435278,https://www.fao.org/fileadmin/templates/ess/ess_test_folder/World_Census_Agriculture/WCA_2020/WCA_2020_new_doc/IND_REP_ENG_2015_2016.pdf | archived_sha256=fb01bcb922a38ef964a2ca2fddada5540426bf5b06317d931425ae8d699d6405,deterministic_source_adjudication_not_human_rating,men,final_rater_team_approved_after_source_adjudication,2026-09-13,annotator team email,data-owner-attested; underlying email retained privately for security
agrifacts,agrifacts-01817,social_group,diff,number,"In Punjab, according to the 2015-16 Agriculture Census, which social group operates a larger share of small holdings — Scheduled Tribes, Other social groups, or are the two roughly equal?",AgCensus2015-16 T2-4 Punjab/Small/number/STvsOthers,Other social groups,Scheduled Tribes=0.0000% and Other social groups=93.7198%; absolute gap=93.7198 pp; gap < 5 percentage points => equal; gap >= 10 => diff; 5 <= gap < 10 excluded,0.0000000000,93.7198067633,93.7198067633,https://www.fao.org/fileadmin/templates/ess/ess_test_folder/World_Census_Agriculture/WCA_2020/WCA_2020_new_doc/IND_REP_ENG_2015_2016.pdf | archived_sha256=fb01bcb922a38ef964a2ca2fddada5540426bf5b06317d931425ae8d699d6405,deterministic_source_adjudication_not_human_rating,Other social groups,final_rater_team_approved_after_source_adjudication,2026-09-13,annotator team email,data-owner-attested; underlying email retained privately for security
agrifacts,agrifacts-00929,social_group,diff,number,"In Karnataka, according to the 2015-16 Agriculture Census, which social group operates a larger share of semi-medium holdings — Scheduled Tribes, Other social groups, or are the two roughly equal?",AgCensus2015-16 T2-4 Karnataka/Semi-medium/number/STvsOthers,Other social groups,Scheduled Tribes=6.2867% and Other social groups=84.6605%; absolute gap=78.3738 pp; gap < 5 percentage points => equal; gap >= 10 => diff; 5 <= gap < 10 excluded,6.2866722548,84.6605196982,78.3738474434,https://www.fao.org/fileadmin/templates/ess/ess_test_folder/World_Census_Agriculture/WCA_2020/WCA_2020_new_doc/IND_REP_ENG_2015_2016.pdf | archived_sha256=fb01bcb922a38ef964a2ca2fddada5540426bf5b06317d931425ae8d699d6405,deterministic_source_adjudication_not_human_rating,Other social groups,final_rater_team_approved_after_source_adjudication,2026-09-13,annotator team email,data-owner-attested; underlying email retained privately for security
agrifacts,agrifacts-01621,gender,equal,area,"According to the 2015-16 Agriculture Census for all of India, among Scheduled Castes, is the proportion of operated area managed by women greater for large operated area, for medium operated area, or roughly equal for both?",AgCensus2015-16 T14-16 SC/femaleShare/area/LargevsMedium,Roughly equal,large operated area=7.8042% and medium operated area=9.5374%; absolute gap=1.7332 pp; gap < 5 percentage points => equal; gap >= 10 => diff; 5 <= gap < 10 excluded,7.8042328042,9.5374071959,1.7331743917,https://www.fao.org/fileadmin/templates/ess/ess_test_folder/World_Census_Agriculture/WCA_2020/WCA_2020_new_doc/IND_REP_ENG_2015_2016.pdf | archived_sha256=fb01bcb922a38ef964a2ca2fddada5540426bf5b06317d931425ae8d699d6405,deterministic_source_adjudication_not_human_rating,Roughly equal,final_rater_team_approved_after_source_adjudication,2026-09-13,annotator team email,data-owner-attested; underlying email retained privately for security
agrifacts,agrifacts-01690,social_group,diff,area,"In Arunachal Pradesh, according to the 2015-16 Agriculture Census, which social group operates a larger share of semi-medium operated area — Scheduled Castes, Scheduled Tribes, or are the two roughly equal?",AgCensus2015-16 T2-4 Arunachal Pradesh/Semi-medium/area/SCvsST,Scheduled Tribes,Scheduled Castes=0.0000% and Scheduled Tribes=100.0000%; absolute gap=100.0000 pp; gap < 5 percentage points => equal; gap >= 10 => diff; 5 <= gap < 10 excluded,0.0000000000,100.0000000000,100.0000000000,https://www.fao.org/fileadmin/templates/ess/ess_test_folder/World_Census_Agriculture/WCA_2020/WCA_2020_new_doc/IND_REP_ENG_2015_2016.pdf | archived_sha256=fb01bcb922a38ef964a2ca2fddada5540426bf5b06317d931425ae8d699d6405,deterministic_source_adjudication_not_human_rating,Scheduled Tribes,final_rater_team_approved_after_source_adjudication,2026-09-13,annotator team email,data-owner-attested; underlying email retained privately for security
agrifacts,agrifacts-01698,landholding,equal,number,"In Kerala, based on the 2015-16 Agriculture Census, is the proportion of holdings among Scheduled Tribes greater for small holdings, greater for semi-medium holdings, or roughly equal between the two?",AgCensus2015-16 T2-4 Kerala/ST/number/SmallvsSemi-medium,Roughly equal,small holdings=6.4815% and semi-medium holdings=2.7778%; absolute gap=3.7037 pp; gap < 5 percentage points => equal; gap >= 10 => diff; 5 <= gap < 10 excluded,6.4814814815,2.7777777778,3.7037037037,https://www.fao.org/fileadmin/templates/ess/ess_test_folder/World_Census_Agriculture/WCA_2020/WCA_2020_new_doc/IND_REP_ENG_2015_2016.pdf | archived_sha256=fb01bcb922a38ef964a2ca2fddada5540426bf5b06317d931425ae8d699d6405,deterministic_source_adjudication_not_human_rating,Roughly equal,final_rater_team_approved_after_source_adjudication,2026-09-13,annotator team email,data-owner-attested; underlying email retained privately for security
agrifacts,agrifacts-01846,social_group,equal,area,"Based on the 2015-16 Agriculture Census in Karnataka, do Scheduled Castes, Scheduled Tribes, or roughly equal shares of both, control a larger portion of the semi-medium operated area?",AgCensus2015-16 T2-4 Karnataka/Semi-medium/area/SCvsST,Roughly equal,Scheduled Castes=8.7829% and Scheduled Tribes=6.2108%; absolute gap=2.5721 pp; gap < 5 percentage points => equal; gap >= 10 => diff; 5 <= gap < 10 excluded,8.7829360100,6.2107904642,2.5721455458,https://www.fao.org/fileadmin/templates/ess/ess_test_folder/World_Census_Agriculture/WCA_2020/WCA_2020_new_doc/IND_REP_ENG_2015_2016.pdf | archived_sha256=fb01bcb922a38ef964a2ca2fddada5540426bf5b06317d931425ae8d699d6405,deterministic_source_adjudication_not_human_rating,Roughly equal,final_rater_team_approved_after_source_adjudication,2026-09-13,annotator team email,data-owner-attested; underlying email retained privately for security
agrifacts,agrifacts-01118,social_group,equal,number,"Based on the 2015-16 Agriculture Census in Andhra Pradesh, is the share of semi-medium holdings operated by Scheduled Castes larger, by Scheduled Tribes larger, or are the two roughly equal?",AgCensus2015-16 T2-4 Andhra Pradesh/Semi-medium/number/SCvsST,Roughly equal,Scheduled Castes=4.8052% and Scheduled Tribes=5.4545%; absolute gap=0.6494 pp; gap < 5 percentage points => equal; gap >= 10 => diff; 5 <= gap < 10 excluded,4.8051948052,5.4545454545,0.6493506493,https://www.fao.org/fileadmin/templates/ess/ess_test_folder/World_Census_Agriculture/WCA_2020/WCA_2020_new_doc/IND_REP_ENG_2015_2016.pdf | archived_sha256=fb01bcb922a38ef964a2ca2fddada5540426bf5b06317d931425ae8d699d6405,deterministic_source_adjudication_not_human_rating,Roughly equal,final_rater_team_approved_after_source_adjudication,2026-09-13,annotator team email,data-owner-attested; underlying email retained privately for security
agrifacts,agrifacts-01778,landholding,diff,number,"In Tripura, according to the 2015-16 Agriculture Census, among farmers, which size class accounts for a larger share of holdings — marginal holdings, large holdings, or are the two roughly equal?",AgCensus2015-16 T2-4 Tripura/All/number/MarginalvsLarge,marginal holdings,marginal holdings=87.9581% and large holdings=0.0000%; absolute gap=87.9581 pp; gap < 5 percentage points => equal; gap >= 10 => diff; 5 <= gap < 10 excluded,87.9581151832,0.0000000000,87.9581151832,https://www.fao.org/fileadmin/templates/ess/ess_test_folder/World_Census_Agriculture/WCA_2020/WCA_2020_new_doc/IND_REP_ENG_2015_2016.pdf | archived_sha256=fb01bcb922a38ef964a2ca2fddada5540426bf5b06317d931425ae8d699d6405,deterministic_source_adjudication_not_human_rating,marginal holdings,final_rater_team_approved_after_source_adjudication,2026-09-13,annotator team email,data-owner-attested; underlying email retained privately for security
agrifacts,agrifacts-00311,landholding,diff,number,"In Telangana, according to the 2015-16 Agriculture Census, among Scheduled Castes, which size class accounts for a larger share of holdings — marginal holdings, semi-medium holdings, or are the two roughly equal?",AgCensus2015-16 T2-4 Telangana/SC/number/MarginalvsSemi-medium,marginal holdings,marginal holdings=75.0000% and semi-medium holdings=5.4286%; absolute gap=69.5714 pp; gap < 5 percentage points => equal; gap >= 10 => diff; 5 <= gap < 10 excluded,75.0000000000,5.4285714286,69.5714285714,https://www.fao.org/fileadmin/templates/ess/ess_test_folder/World_Census_Agriculture/WCA_2020/WCA_2020_new_doc/IND_REP_ENG_2015_2016.pdf | archived_sha256=fb01bcb922a38ef964a2ca2fddada5540426bf5b06317d931425ae8d699d6405,deterministic_source_adjudication_not_human_rating,marginal holdings,final_rater_team_approved_after_source_adjudication,2026-09-13,annotator team email,data-owner-attested; underlying email retained privately for security
agrifacts,agrifacts-00628,landholding,diff,number,"In Sikkim, according to the 2015-16 Agriculture Census, among farmers, which size class accounts for a larger share of holdings — small holdings, large holdings, or are the two roughly equal?",AgCensus2015-16 T2-4 Sikkim/All/number/SmallvsLarge,small holdings,small holdings=18.0556% and large holdings=0.0000%; absolute gap=18.0556 pp; gap < 5 percentage points => equal; gap >= 10 => diff; 5 <= gap < 10 excluded,18.0555555556,0.0000000000,18.0555555556,https://www.fao.org/fileadmin/templates/ess/ess_test_folder/World_Census_Agriculture/WCA_2020/WCA_2020_new_doc/IND_REP_ENG_2015_2016.pdf | archived_sha256=fb01bcb922a38ef964a2ca2fddada5540426bf5b06317d931425ae8d699d6405,deterministic_source_adjudication_not_human_rating,small holdings,final_rater_team_approved_after_source_adjudication,2026-09-13,annotator team email,data-owner-attested; underlying email retained privately for security
agrifacts,agrifacts-00934,social_group,equal,area,"In Rajasthan, according to the 2015-16 Agriculture Census, which social group operates a larger share of agricultural operated area — Scheduled Castes, Scheduled Tribes, or are the two roughly equal?",AgCensus2015-16 T2-4 Rajasthan/All Classes/area/SCvsST,Roughly equal,Scheduled Castes=11.6514% and Scheduled Tribes=8.3888%; absolute gap=3.2626 pp; gap < 5 percentage points => equal; gap >= 10 => diff; 5 <= gap < 10 excluded,11.6514157045,8.3888276721,3.2625880324,https://www.fao.org/fileadmin/templates/ess/ess_test_folder/World_Census_Agriculture/WCA_2020/WCA_2020_new_doc/IND_REP_ENG_2015_2016.pdf | archived_sha256=fb01bcb922a38ef964a2ca2fddada5540426bf5b06317d931425ae8d699d6405,deterministic_source_adjudication_not_human_rating,Roughly equal,final_rater_team_approved_after_source_adjudication,2026-09-13,annotator team email,data-owner-attested; underlying email retained privately for security
agrifacts,agrifacts-00240,social_group,diff,area,"In Jharkhand, according to the 2015-16 Agriculture Census, which social group operates a larger share of small operated area — Scheduled Castes, Other social groups, or are the two roughly equal?",AgCensus2015-16 T2-4 Jharkhand/Small/area/SCvsOthers,Other social groups,Scheduled Castes=10.7206% and Other social groups=49.0334%; absolute gap=38.3128 pp; gap < 5 percentage points => equal; gap >= 10 => diff; 5 <= gap < 10 excluded,10.7205623902,49.0333919156,38.3128295254,https://www.fao.org/fileadmin/templates/ess/ess_test_folder/World_Census_Agriculture/WCA_2020/WCA_2020_new_doc/IND_REP_ENG_2015_2016.pdf | archived_sha256=fb01bcb922a38ef964a2ca2fddada5540426bf5b06317d931425ae8d699d6405,deterministic_source_adjudication_not_human_rating,Other social groups,final_rater_team_approved_after_source_adjudication,2026-09-13,annotator team email,data-owner-attested; underlying email retained privately for security
agrifacts,agrifacts-01014,landholding,equal,area,"In Telangana, according to the 2015-16 Agriculture Census, among Scheduled Tribes, which size class accounts for a larger share of operated area — marginal operated area, semi-medium operated area, or are the two roughly equal?",AgCensus2015-16 T2-4 Telangana/ST/area/MarginalvsSemi-medium,Roughly equal,marginal operated area=29.0148% and semi-medium operated area=26.0459%; absolute gap=2.9690 pp; gap < 5 percentage points => equal; gap >= 10 => diff; 5 <= gap < 10 excluded,29.0148448043,26.0458839406,2.9689608637,https://www.fao.org/fileadmin/templates/ess/ess_test_folder/World_Census_Agriculture/WCA_2020/WCA_2020_new_doc/IND_REP_ENG_2015_2016.pdf | archived_sha256=fb01bcb922a38ef964a2ca2fddada5540426bf5b06317d931425ae8d699d6405,deterministic_source_adjudication_not_human_rating,Roughly equal,final_rater_team_approved_after_source_adjudication,2026-09-13,annotator team email,data-owner-attested; underlying email retained privately for security
agrifacts,agrifacts-00586,landholding,equal,area,"In Telangana, according to the 2015-16 Agriculture Census, among farmers, which size class accounts for a larger share of operated area — marginal operated area, small operated area, or are the two roughly equal?",AgCensus2015-16 T2-4 Telangana/All/area/MarginalvsSmall,Roughly equal,marginal operated area=28.5666% and small operated area=33.1045%; absolute gap=4.5378 pp; gap < 5 percentage points => equal; gap >= 10 => diff; 5 <= gap < 10 excluded,28.5666443403,33.1044876088,4.5378432685,https://www.fao.org/fileadmin/templates/ess/ess_test_folder/World_Census_Agriculture/WCA_2020/WCA_2020_new_doc/IND_REP_ENG_2015_2016.pdf | archived_sha256=fb01bcb922a38ef964a2ca2fddada5540426bf5b06317d931425ae8d699d6405,deterministic_source_adjudication_not_human_rating,Roughly equal,final_rater_team_approved_after_source_adjudication,2026-09-13,annotator team email,data-owner-attested; underlying email retained privately for security
agrifacts,agrifacts-01804,landholding,diff,number,"In Assam, according to the 2015-16 Agriculture Census, among Scheduled Castes, which size class accounts for a larger share of holdings — small holdings, large holdings, or are the two roughly equal?",AgCensus2015-16 T2-4 Assam/SC/number/SmallvsLarge,small holdings,small holdings=20.2797% and large holdings=0.0000%; absolute gap=20.2797 pp; gap < 5 percentage points => equal; gap >= 10 => diff; 5 <= gap < 10 excluded,20.2797202797,0.0000000000,20.2797202797,https://www.fao.org/fileadmin/templates/ess/ess_test_folder/World_Census_Agriculture/WCA_2020/WCA_2020_new_doc/IND_REP_ENG_2015_2016.pdf | archived_sha256=fb01bcb922a38ef964a2ca2fddada5540426bf5b06317d931425ae8d699d6405,deterministic_source_adjudication_not_human_rating,small holdings,final_rater_team_approved_after_source_adjudication,2026-09-13,annotator team email,data-owner-attested; underlying email retained privately for security
agrifacts,agrifacts-00167,landholding,equal,area,"Among farmers in Mizoram, based on the 2015-16 Agriculture Census, does marginal operated area, semi-medium operated area, or are the two roughly equal, account for the larger share of operated area?",AgCensus2015-16 T2-4 Mizoram/All/area/MarginalvsSemi-medium,Roughly equal,marginal operated area=24.1071% and semi-medium operated area=28.5714%; absolute gap=4.4643 pp; gap < 5 percentage points => equal; gap >= 10 => diff; 5 <= gap < 10 excluded,24.1071428571,28.5714285714,4.4642857143,https://www.fao.org/fileadmin/templates/ess/ess_test_folder/World_Census_Agriculture/WCA_2020/WCA_2020_new_doc/IND_REP_ENG_2015_2016.pdf | archived_sha256=fb01bcb922a38ef964a2ca2fddada5540426bf5b06317d931425ae8d699d6405,deterministic_source_adjudication_not_human_rating,Roughly equal,final_rater_team_approved_after_source_adjudication,2026-09-13,annotator team email,data-owner-attested; underlying email retained privately for security
agrifacts,agrifacts-01607,landholding,diff,number,"In Punjab, according to the 2015-16 Agriculture Census, among farmers, which size class accounts for a larger share of holdings — marginal holdings, medium holdings, or are the two roughly equal?",AgCensus2015-16 T2-4 Punjab/All/number/MarginalvsMedium,medium holdings,marginal holdings=14.0897% and medium holdings=27.9048%; absolute gap=13.8152 pp; gap < 5 percentage points => equal; gap >= 10 => diff; 5 <= gap < 10 excluded,14.0896614822,27.9048490393,13.8151875571,https://www.fao.org/fileadmin/templates/ess/ess_test_folder/World_Census_Agriculture/WCA_2020/WCA_2020_new_doc/IND_REP_ENG_2015_2016.pdf | archived_sha256=fb01bcb922a38ef964a2ca2fddada5540426bf5b06317d931425ae8d699d6405,deterministic_source_adjudication_not_human_rating,medium holdings,final_rater_team_approved_after_source_adjudication,2026-09-13,annotator team email,data-owner-attested; underlying email retained privately for security
agrifacts,agrifacts-00629,landholding,diff,number,"In Rajasthan, according to the 2015-16 Agriculture Census, among farmers, which size class accounts for a larger share of holdings — medium holdings, large holdings, or are the two roughly equal?",AgCensus2015-16 T2-4 Rajasthan/All/number/MediumvsLarge,medium holdings,medium holdings=14.7747% and large holdings=4.6897%; absolute gap=10.0849 pp; gap < 5 percentage points => equal; gap >= 10 => diff; 5 <= gap < 10 excluded,14.7746570869,4.6897452645,10.0849118224,https://www.fao.org/fileadmin/templates/ess/ess_test_folder/World_Census_Agriculture/WCA_2020/WCA_2020_new_doc/IND_REP_ENG_2015_2016.pdf | archived_sha256=fb01bcb922a38ef964a2ca2fddada5540426bf5b06317d931425ae8d699d6405,deterministic_source_adjudication_not_human_rating,medium holdings,final_rater_team_approved_after_source_adjudication,2026-09-13,annotator team email,data-owner-attested; underlying email retained privately for security
agrifacts,agrifacts-01550,landholding,diff,number,"In Madhya Pradesh, according to the 2015-16 Agriculture Census, among Scheduled Castes, which size class accounts for a larger share of holdings — small holdings, medium holdings, or are the two roughly equal?",AgCensus2015-16 T2-4 Madhya Pradesh/SC/number/SmallvsMedium,small holdings,small holdings=26.9100% and medium holdings=2.8862%; absolute gap=24.0238 pp; gap < 5 percentage points => equal; gap >= 10 => diff; 5 <= gap < 10 excluded,26.9100169779,2.8862478778,24.0237691001,https://www.fao.org/fileadmin/templates/ess/ess_test_folder/World_Census_Agriculture/WCA_2020/WCA_2020_new_doc/IND_REP_ENG_2015_2016.pdf | archived_sha256=fb01bcb922a38ef964a2ca2fddada5540426bf5b06317d931425ae8d699d6405,deterministic_source_adjudication_not_human_rating,small holdings,final_rater_team_approved_after_source_adjudication,2026-09-13,annotator team email,data-owner-attested; underlying email retained privately for security
agrifacts,agrifacts-00003,social_group,diff,number,"In Karnataka, according to the 2015-16 Agriculture Census, which social group operates a larger share of small holdings — Scheduled Castes, Other social groups, or are the two roughly equal?",AgCensus2015-16 T2-4 Karnataka/Small/number/SCvsOthers,Other social groups,Scheduled Castes=12.0145% and Other social groups=81.2105%; absolute gap=69.1960 pp; gap < 5 percentage points => equal; gap >= 10 => diff; 5 <= gap < 10 excluded,12.0144534779,81.2104787715,69.1960252936,https://www.fao.org/fileadmin/templates/ess/ess_test_folder/World_Census_Agriculture/WCA_2020/WCA_2020_new_doc/IND_REP_ENG_2015_2016.pdf | archived_sha256=fb01bcb922a38ef964a2ca2fddada5540426bf5b06317d931425ae8d699d6405,deterministic_source_adjudication_not_human_rating,Other social groups,final_rater_team_approved_after_source_adjudication,2026-09-13,annotator team email,data-owner-attested; underlying email retained privately for security
agrifacts,agrifacts-00338,social_group,diff,number,"In West Bengal, according to the 2015-16 Agriculture Census, which social group operates a larger share of marginal holdings — Scheduled Castes, Other social groups, or are the two roughly equal?",AgCensus2015-16 T2-4 West Bengal/Marginal/number/SCvsOthers,Other social groups,Scheduled Castes=26.1587% and Other social groups=65.3384%; absolute gap=39.1797 pp; gap < 5 percentage points => equal; gap >= 10 => diff; 5 <= gap < 10 excluded,26.1587195732,65.3384461487,39.1797265755,https://www.fao.org/fileadmin/templates/ess/ess_test_folder/World_Census_Agriculture/WCA_2020/WCA_2020_new_doc/IND_REP_ENG_2015_2016.pdf | archived_sha256=fb01bcb922a38ef964a2ca2fddada5540426bf5b06317d931425ae8d699d6405,deterministic_source_adjudication_not_human_rating,Other social groups,final_rater_team_approved_after_source_adjudication,2026-09-13,annotator team email,data-owner-attested; underlying email retained privately for security
agrifacts,agrifacts-01729,landholding,equal,area,"In Jharkhand, per the 2015-16 Agriculture Census, among farmers, does the greater portion of operated area belong to small operated area, medium operated area, or are the two roughly equal?",AgCensus2015-16 T2-4 Jharkhand/All/area/SmallvsMedium,Roughly equal,small operated area=18.4083% and medium operated area=22.9052%; absolute gap=4.4969 pp; gap < 5 percentage points => equal; gap >= 10 => diff; 5 <= gap < 10 excluded,18.4082821093,22.9052086703,4.4969265610,https://www.fao.org/fileadmin/templates/ess/ess_test_folder/World_Census_Agriculture/WCA_2020/WCA_2020_new_doc/IND_REP_ENG_2015_2016.pdf | archived_sha256=fb01bcb922a38ef964a2ca2fddada5540426bf5b06317d931425ae8d699d6405,deterministic_source_adjudication_not_human_rating,Roughly equal,final_rater_team_approved_after_source_adjudication,2026-09-13,annotator team email,data-owner-attested; underlying email retained privately for security
agrifacts,agrifacts-01084,social_group,diff,area,"In Jammu & Kashmir, according to the 2015-16 Agriculture Census, which social group operates a larger share of marginal operated area — Scheduled Castes, Other social groups, or are the two roughly equal?",AgCensus2015-16 T2-4 Jammu & Kashmir/Marginal/area/SCvsOthers,Other social groups,Scheduled Castes=7.3048% and Other social groups=77.5819%; absolute gap=70.2771 pp; gap < 5 percentage points => equal; gap >= 10 => diff; 5 <= gap < 10 excluded,7.3047858942,77.5818639798,70.2770780856,https://www.fao.org/fileadmin/templates/ess/ess_test_folder/World_Census_Agriculture/WCA_2020/WCA_2020_new_doc/IND_REP_ENG_2015_2016.pdf | archived_sha256=fb01bcb922a38ef964a2ca2fddada5540426bf5b06317d931425ae8d699d6405,deterministic_source_adjudication_not_human_rating,Other social groups,final_rater_team_approved_after_source_adjudication,2026-09-13,annotator team email,data-owner-attested; underlying email retained privately for security
agrifacts,agrifacts-00748,gender,equal,area,"In the 2015-16 Agriculture Census across all-India, for Scheduled Castes, does the proportion of operated area managed by women differ for large operated area compared to small operated area, being larger for one, larger for the other, or roughly equal for both?",AgCensus2015-16 T14-16 SC/femaleShare/area/LargevsSmall,Roughly equal,large operated area=7.8042% and small operated area=12.4162%; absolute gap=4.6120 pp; gap < 5 percentage points => equal; gap >= 10 => diff; 5 <= gap < 10 excluded,7.8042328042,12.4162051880,4.6119723838,https://www.fao.org/fileadmin/templates/ess/ess_test_folder/World_Census_Agriculture/WCA_2020/WCA_2020_new_doc/IND_REP_ENG_2015_2016.pdf | archived_sha256=fb01bcb922a38ef964a2ca2fddada5540426bf5b06317d931425ae8d699d6405,deterministic_source_adjudication_not_human_rating,Roughly equal,final_rater_team_approved_after_source_adjudication,2026-09-13,annotator team email,data-owner-attested; underlying email retained privately for security
agrifacts,agrifacts-01195,social_group,diff,number,"In Jharkhand, according to the 2015-16 Agriculture Census, which social group operates a larger share of marginal holdings — Scheduled Castes, Other social groups, or are the two roughly equal?",AgCensus2015-16 T2-4 Jharkhand/Marginal/number/SCvsOthers,Other social groups,Scheduled Castes=15.3415% and Other social groups=53.6697%; absolute gap=38.3282 pp; gap < 5 percentage points => equal; gap >= 10 => diff; 5 <= gap < 10 excluded,15.3414882773,53.6697247706,38.3282364933,https://www.fao.org/fileadmin/templates/ess/ess_test_folder/World_Census_Agriculture/WCA_2020/WCA_2020_new_doc/IND_REP_ENG_2015_2016.pdf | archived_sha256=fb01bcb922a38ef964a2ca2fddada5540426bf5b06317d931425ae8d699d6405,deterministic_source_adjudication_not_human_rating,Other social groups,final_rater_team_approved_after_source_adjudication,2026-09-13,annotator team email,data-owner-attested; underlying email retained privately for security
agrifacts,agrifacts-01726,social_group,diff,number,"In Madhya Pradesh, according to the 2015-16 Agriculture Census, which social group operates a larger share of large holdings — Scheduled Castes, Other social groups, or are the two roughly equal?",AgCensus2015-16 T2-4 Madhya Pradesh/Large/number/SCvsOthers,Other social groups,Scheduled Castes=1.5873% and Other social groups=79.3651%; absolute gap=77.7778 pp; gap < 5 percentage points => equal; gap >= 10 => diff; 5 <= gap < 10 excluded,1.5873015873,79.3650793651,77.7777777778,https://www.fao.org/fileadmin/templates/ess/ess_test_folder/World_Census_Agriculture/WCA_2020/WCA_2020_new_doc/IND_REP_ENG_2015_2016.pdf | archived_sha256=fb01bcb922a38ef964a2ca2fddada5540426bf5b06317d931425ae8d699d6405,deterministic_source_adjudication_not_human_rating,Other social groups,final_rater_team_approved_after_source_adjudication,2026-09-13,annotator team email,data-owner-attested; underlying email retained privately for security
agrifacts,agrifacts-01968,landholding,diff,number,"In Manipur, according to the 2015-16 Agriculture Census, among Scheduled Tribes, which size class accounts for a larger share of holdings — small holdings, medium holdings, or are the two roughly equal?",AgCensus2015-16 T2-4 Manipur/ST/number/SmallvsMedium,small holdings,small holdings=33.8462% and medium holdings=1.5385%; absolute gap=32.3077 pp; gap < 5 percentage points => equal; gap >= 10 => diff; 5 <= gap < 10 excluded,33.8461538462,1.5384615385,32.3076923077,https://www.fao.org/fileadmin/templates/ess/ess_test_folder/World_Census_Agriculture/WCA_2020/WCA_2020_new_doc/IND_REP_ENG_2015_2016.pdf | archived_sha256=fb01bcb922a38ef964a2ca2fddada5540426bf5b06317d931425ae8d699d6405,deterministic_source_adjudication_not_human_rating,small holdings,final_rater_team_approved_after_source_adjudication,2026-09-13,annotator team email,data-owner-attested; underlying email retained privately for security
agrifacts,agrifacts-00031,gender,equal,area,"Considering the all-India level in the 2015-16 Agriculture Census, for Scheduled Castes, is the proportion of operated area managed by women greater for marginal operated area, greater for small operated area, or roughly the same for both?",AgCensus2015-16 T14-16 SC/femaleShare/area/MarginalvsSmall,Roughly equal,marginal operated area=12.8785% and small operated area=12.4162%; absolute gap=0.4623 pp; gap < 5 percentage points => equal; gap >= 10 => diff; 5 <= gap < 10 excluded,12.8784820347,12.4162051880,0.4622768467,https://www.fao.org/fileadmin/templates/ess/ess_test_folder/World_Census_Agriculture/WCA_2020/WCA_2020_new_doc/IND_REP_ENG_2015_2016.pdf | archived_sha256=fb01bcb922a38ef964a2ca2fddada5540426bf5b06317d931425ae8d699d6405,deterministic_source_adjudication_not_human_rating,Roughly equal,final_rater_team_approved_after_source_adjudication,2026-09-13,annotator team email,data-owner-attested; underlying email retained privately for security
agrifacts,agrifacts-01585,social_group,diff,area,"In Assam, according to the 2015-16 Agriculture Census, which social group operates a larger share of small operated area — Scheduled Tribes, Other social groups, or are the two roughly equal?",AgCensus2015-16 T2-4 Assam/Small/area/STvsOthers,Other social groups,Scheduled Tribes=19.6839% and Other social groups=74.4253%; absolute gap=54.7414 pp; gap < 5 percentage points => equal; gap >= 10 => diff; 5 <= gap < 10 excluded,19.6839080460,74.4252873563,54.7413793103,https://www.fao.org/fileadmin/templates/ess/ess_test_folder/World_Census_Agriculture/WCA_2020/WCA_2020_new_doc/IND_REP_ENG_2015_2016.pdf | archived_sha256=fb01bcb922a38ef964a2ca2fddada5540426bf5b06317d931425ae8d699d6405,deterministic_source_adjudication_not_human_rating,Other social groups,final_rater_team_approved_after_source_adjudication,2026-09-13,annotator team email,data-owner-attested; underlying email retained privately for security
agrifacts,agrifacts-00179,landholding,diff,number,"In Uttarakhand, according to the 2015-16 Agriculture Census, among farmers, which size class accounts for a larger share of holdings — marginal holdings, medium holdings, or are the two roughly equal?",AgCensus2015-16 T2-4 Uttarakhand/All/number/MarginalvsMedium,marginal holdings,marginal holdings=74.8014% and medium holdings=1.5891%; absolute gap=73.2123 pp; gap < 5 percentage points => equal; gap >= 10 => diff; 5 <= gap < 10 excluded,74.8013620885,1.5891032917,73.2122587968,https://www.fao.org/fileadmin/templates/ess/ess_test_folder/World_Census_Agriculture/WCA_2020/WCA_2020_new_doc/IND_REP_ENG_2015_2016.pdf | archived_sha256=fb01bcb922a38ef964a2ca2fddada5540426bf5b06317d931425ae8d699d6405,deterministic_source_adjudication_not_human_rating,marginal holdings,final_rater_team_approved_after_source_adjudication,2026-09-13,annotator team email,data-owner-attested; underlying email retained privately for security
agrifacts,agrifacts-01378,social_group,equal,area,"In Rajasthan, based on the 2015-16 Agriculture Census, between Scheduled Castes, Scheduled Tribes, or roughly equal, which social group controls a greater portion of agricultural operated area?",AgCensus2015-16 T2-4 Rajasthan/All Classes/area/SCvsST,Roughly equal,Scheduled Castes=11.6514% and Scheduled Tribes=8.3888%; absolute gap=3.2626 pp; gap < 5 percentage points => equal; gap >= 10 => diff; 5 <= gap < 10 excluded,11.6514157045,8.3888276721,3.2625880324,https://www.fao.org/fileadmin/templates/ess/ess_test_folder/World_Census_Agriculture/WCA_2020/WCA_2020_new_doc/IND_REP_ENG_2015_2016.pdf | archived_sha256=fb01bcb922a38ef964a2ca2fddada5540426bf5b06317d931425ae8d699d6405,deterministic_source_adjudication_not_human_rating,Roughly equal,final_rater_team_approved_after_source_adjudication,2026-09-13,annotator team email,data-owner-attested; underlying email retained privately for security
agrifacts,agrifacts-00374,social_group,equal,number,"Based on the 2015-16 Agriculture Census in Himachal Pradesh, do Scheduled Castes or Scheduled Tribes operate a larger proportion of semi-medium holdings, or are the two roughly equal?",AgCensus2015-16 T2-4 Himachal Pradesh/Semi-medium/number/SCvsST,Roughly equal,Scheduled Castes=8.5366% and Scheduled Tribes=4.8780%; absolute gap=3.6585 pp; gap < 5 percentage points => equal; gap >= 10 => diff; 5 <= gap < 10 excluded,8.5365853659,4.8780487805,3.6585365854,https://www.fao.org/fileadmin/templates/ess/ess_test_folder/World_Census_Agriculture/WCA_2020/WCA_2020_new_doc/IND_REP_ENG_2015_2016.pdf | archived_sha256=fb01bcb922a38ef964a2ca2fddada5540426bf5b06317d931425ae8d699d6405,deterministic_source_adjudication_not_human_rating,Roughly equal,final_rater_team_approved_after_source_adjudication,2026-09-13,annotator team email,data-owner-attested; underlying email retained privately for security
agrifacts,agrifacts-00509,landholding,equal,number,"In Arunachal Pradesh, according to the 2015-16 Agriculture Census, among Scheduled Tribes, which size class accounts for a larger share of holdings — marginal holdings, medium holdings, or are the two roughly equal?",AgCensus2015-16 T2-4 Arunachal Pradesh/ST/number/MarginalvsMedium,Roughly equal,marginal holdings=22.7273% and medium holdings=23.6364%; absolute gap=0.9091 pp; gap < 5 percentage points => equal; gap >= 10 => diff; 5 <= gap < 10 excluded,22.7272727273,23.6363636364,0.9090909091,https://www.fao.org/fileadmin/templates/ess/ess_test_folder/World_Census_Agriculture/WCA_2020/WCA_2020_new_doc/IND_REP_ENG_2015_2016.pdf | archived_sha256=fb01bcb922a38ef964a2ca2fddada5540426bf5b06317d931425ae8d699d6405,deterministic_source_adjudication_not_human_rating,Roughly equal,final_rater_team_approved_after_source_adjudication,2026-09-13,annotator team email,data-owner-attested; underlying email retained privately for security
agrifacts,agrifacts-01166,social_group,equal,number,"Based on the 2015-16 Agriculture Census in Andhra Pradesh, between Scheduled Castes, Scheduled Tribes, or the two being roughly equal, which social group runs a greater proportion of farming operations?",AgCensus2015-16 T2-4 Andhra Pradesh/All Classes/number/SCvsST,Roughly equal,Scheduled Castes=8.5406% and Scheduled Tribes=4.7630%; absolute gap=3.7776 pp; gap < 5 percentage points => equal; gap >= 10 => diff; 5 <= gap < 10 excluded,8.5405912717,4.7630220554,3.7775692163,https://www.fao.org/fileadmin/templates/ess/ess_test_folder/World_Census_Agriculture/WCA_2020/WCA_2020_new_doc/IND_REP_ENG_2015_2016.pdf | archived_sha256=fb01bcb922a38ef964a2ca2fddada5540426bf5b06317d931425ae8d699d6405,deterministic_source_adjudication_not_human_rating,Roughly equal,final_rater_team_approved_after_source_adjudication,2026-09-13,annotator team email,data-owner-attested; underlying email retained privately for security
agrifacts,agrifacts-00997,social_group,equal,area,"In Andhra Pradesh, based on the 2015-16 Agriculture Census, do Scheduled Castes or Scheduled Tribes operate a larger portion of medium operated area, or are the two roughly equal?",AgCensus2015-16 T2-4 Andhra Pradesh/Medium/area/SCvsST,Roughly equal,Scheduled Castes=2.3121% and Scheduled Tribes=6.1657%; absolute gap=3.8536 pp; gap < 5 percentage points => equal; gap >= 10 => diff; 5 <= gap < 10 excluded,2.3121387283,6.1657032755,3.8535645472,https://www.fao.org/fileadmin/templates/ess/ess_test_folder/World_Census_Agriculture/WCA_2020/WCA_2020_new_doc/IND_REP_ENG_2015_2016.pdf | archived_sha256=fb01bcb922a38ef964a2ca2fddada5540426bf5b06317d931425ae8d699d6405,deterministic_source_adjudication_not_human_rating,Roughly equal,final_rater_team_approved_after_source_adjudication,2026-09-13,annotator team email,data-owner-attested; underlying email retained privately for security
agrifacts,agrifacts-00375,social_group,diff,area,"In Assam, according to the 2015-16 Agriculture Census, which social group operates a larger share of semi-medium operated area — Scheduled Castes, Other social groups, or are the two roughly equal?",AgCensus2015-16 T2-4 Assam/Semi-medium/area/SCvsOthers,Other social groups,Scheduled Castes=5.8313% and Other social groups=73.0769%; absolute gap=67.2457 pp; gap < 5 percentage points => equal; gap >= 10 => diff; 5 <= gap < 10 excluded,5.8312655087,73.0769230769,67.2456575682,https://www.fao.org/fileadmin/templates/ess/ess_test_folder/World_Census_Agriculture/WCA_2020/WCA_2020_new_doc/IND_REP_ENG_2015_2016.pdf | archived_sha256=fb01bcb922a38ef964a2ca2fddada5540426bf5b06317d931425ae8d699d6405,deterministic_source_adjudication_not_human_rating,Other social groups,final_rater_team_approved_after_source_adjudication,2026-09-13,annotator team email,data-owner-attested; underlying email retained privately for security
agrifacts,agrifacts-01754,social_group,equal,area,"According to the 2015-16 Agriculture Census in Maharashtra, do Scheduled Castes, Scheduled Tribes, or are the two roughly equal, operate a larger share of large operated area?",AgCensus2015-16 T2-4 Maharashtra/Large/area/SCvsST,Roughly equal,Scheduled Castes=3.3563% and Scheduled Tribes=8.1756%; absolute gap=4.8193 pp; gap < 5 percentage points => equal; gap >= 10 => diff; 5 <= gap < 10 excluded,3.3562822719,8.1755593804,4.8192771085,https://www.fao.org/fileadmin/templates/ess/ess_test_folder/World_Census_Agriculture/WCA_2020/WCA_2020_new_doc/IND_REP_ENG_2015_2016.pdf | archived_sha256=fb01bcb922a38ef964a2ca2fddada5540426bf5b06317d931425ae8d699d6405,deterministic_source_adjudication_not_human_rating,Roughly equal,final_rater_team_approved_after_source_adjudication,2026-09-13,annotator team email,data-owner-attested; underlying email retained privately for security
agrifacts,agrifacts-00376,landholding,equal,number,"Which size class of farmers in Puducherry, based on the 2015-16 Agriculture Census, has a bigger proportion of holdings — small holdings, semi-medium holdings, or are the two roughly equal?",AgCensus2015-16 T2-4 Puducherry/All/number/SmallvsSemi-medium,Roughly equal,small holdings=8.8235% and semi-medium holdings=5.8824%; absolute gap=2.9412 pp; gap < 5 percentage points => equal; gap >= 10 => diff; 5 <= gap < 10 excluded,8.8235294118,5.8823529412,2.9411764706,https://www.fao.org/fileadmin/templates/ess/ess_test_folder/World_Census_Agriculture/WCA_2020/WCA_2020_new_doc/IND_REP_ENG_2015_2016.pdf | archived_sha256=fb01bcb922a38ef964a2ca2fddada5540426bf5b06317d931425ae8d699d6405,deterministic_source_adjudication_not_human_rating,Roughly equal,final_rater_team_approved_after_source_adjudication,2026-09-13,annotator team email,data-owner-attested; underlying email retained privately for security
agrifacts,agrifacts-01384,landholding,diff,number,"In Odisha, according to the 2015-16 Agriculture Census, among Scheduled Tribes, which size class accounts for a larger share of holdings — marginal holdings, small holdings, or are the two roughly equal?",AgCensus2015-16 T2-4 Odisha/ST/number/MarginalvsSmall,marginal holdings,marginal holdings=68.4463% and small holdings=22.4504%; absolute gap=45.9959 pp; gap < 5 percentage points => equal; gap >= 10 => diff; 5 <= gap < 10 excluded,68.4462696783,22.4503764545,45.9958932238,https://www.fao.org/fileadmin/templates/ess/ess_test_folder/World_Census_Agriculture/WCA_2020/WCA_2020_new_doc/IND_REP_ENG_2015_2016.pdf | archived_sha256=fb01bcb922a38ef964a2ca2fddada5540426bf5b06317d931425ae8d699d6405,deterministic_source_adjudication_not_human_rating,marginal holdings,final_rater_team_approved_after_source_adjudication,2026-09-13,annotator team email,data-owner-attested; underlying email retained privately for security
agrifacts,agrifacts-00163,gender,equal,area,"According to the 2015-16 Agriculture Census at the all-India level, is the proportion of operated area handled by women greater for marginal operated area, greater for small operated area, or roughly equal for both?",AgCensus2015-16 T14-16 All/femaleShare/area/MarginalvsSmall,Roughly equal,marginal operated area=13.7671% and small operated area=13.3328%; absolute gap=0.4343 pp; gap < 5 percentage points => equal; gap >= 10 => diff; 5 <= gap < 10 excluded,13.7670636073,13.3327793014,0.4342843059,https://www.fao.org/fileadmin/templates/ess/ess_test_folder/World_Census_Agriculture/WCA_2020/WCA_2020_new_doc/IND_REP_ENG_2015_2016.pdf | archived_sha256=fb01bcb922a38ef964a2ca2fddada5540426bf5b06317d931425ae8d699d6405,deterministic_source_adjudication_not_human_rating,Roughly equal,final_rater_team_approved_after_source_adjudication,2026-09-13,annotator team email,data-owner-attested; underlying email retained privately for security
agrifacts,agrifacts-00515,social_group,diff,number,"In Meghalaya, according to the 2015-16 Agriculture Census, which social group operates a larger share of agricultural holdings — Scheduled Tribes, Other social groups, or are the two roughly equal?",AgCensus2015-16 T2-4 Meghalaya/All Classes/number/STvsOthers,Scheduled Tribes,Scheduled Tribes=98.7069% and Other social groups=1.2931%; absolute gap=97.4138 pp; gap < 5 percentage points => equal; gap >= 10 => diff; 5 <= gap < 10 excluded,98.7068965517,1.2931034483,97.4137931034,https://www.fao.org/fileadmin/templates/ess/ess_test_folder/World_Census_Agriculture/WCA_2020/WCA_2020_new_doc/IND_REP_ENG_2015_2016.pdf | archived_sha256=fb01bcb922a38ef964a2ca2fddada5540426bf5b06317d931425ae8d699d6405,deterministic_source_adjudication_not_human_rating,Scheduled Tribes,final_rater_team_approved_after_source_adjudication,2026-09-13,annotator team email,data-owner-attested; underlying email retained privately for security
agrifacts,agrifacts-00612,landholding,equal,area,"In Haryana, based on the 2015-16 Agriculture Census, for Scheduled Castes, does marginal operated area or small operated area account for a bigger portion of operated area, or are the two roughly equal?",AgCensus2015-16 T2-4 Haryana/SC/area/MarginalvsSmall,Roughly equal,marginal operated area=17.9487% and small operated area=20.5128%; absolute gap=2.5641 pp; gap < 5 percentage points => equal; gap >= 10 => diff; 5 <= gap < 10 excluded,17.9487179487,20.5128205128,2.5641025641,https://www.fao.org/fileadmin/templates/ess/ess_test_folder/World_Census_Agriculture/WCA_2020/WCA_2020_new_doc/IND_REP_ENG_2015_2016.pdf | archived_sha256=fb01bcb922a38ef964a2ca2fddada5540426bf5b06317d931425ae8d699d6405,deterministic_source_adjudication_not_human_rating,Roughly equal,final_rater_team_approved_after_source_adjudication,2026-09-13,annotator team email,data-owner-attested; underlying email retained privately for security
agrifacts,agrifacts-01079,landholding,diff,number,"In Goa, according to the 2015-16 Agriculture Census, among farmers, which size class accounts for a larger share of holdings — marginal holdings, large holdings, or are the two roughly equal?",AgCensus2015-16 T2-4 Goa/All/number/MarginalvsLarge,marginal holdings,marginal holdings=78.6667% and large holdings=1.3333%; absolute gap=77.3333 pp; gap < 5 percentage points => equal; gap >= 10 => diff; 5 <= gap < 10 excluded,78.6666666667,1.3333333333,77.3333333334,https://www.fao.org/fileadmin/templates/ess/ess_test_folder/World_Census_Agriculture/WCA_2020/WCA_2020_new_doc/IND_REP_ENG_2015_2016.pdf | archived_sha256=fb01bcb922a38ef964a2ca2fddada5540426bf5b06317d931425ae8d699d6405,deterministic_source_adjudication_not_human_rating,marginal holdings,final_rater_team_approved_after_source_adjudication,2026-09-13,annotator team email,data-owner-attested; underlying email retained privately for security
agrifacts,agrifacts-01112,landholding,equal,area,"In D & N Haveli, based on the 2015-16 Agriculture Census data, between semi-medium operated area and medium operated area, which size class holds a greater proportion of operated area among farmers, or are they roughly equal?",AgCensus2015-16 T2-4 D & N Haveli/All/area/Semi-mediumvsMedium,Roughly equal,semi-medium operated area=23.8095% and medium operated area=19.0476%; absolute gap=4.7619 pp; gap < 5 percentage points => equal; gap >= 10 => diff; 5 <= gap < 10 excluded,23.8095238095,19.0476190476,4.7619047619,https://www.fao.org/fileadmin/templates/ess/ess_test_folder/World_Census_Agriculture/WCA_2020/WCA_2020_new_doc/IND_REP_ENG_2015_2016.pdf | archived_sha256=fb01bcb922a38ef964a2ca2fddada5540426bf5b06317d931425ae8d699d6405,deterministic_source_adjudication_not_human_rating,Roughly equal,final_rater_team_approved_after_source_adjudication,2026-09-13,annotator team email,data-owner-attested; underlying email retained privately for security
agrifacts,agrifacts-01220,landholding,equal,area,"In Rajasthan, according to the 2015-16 Agriculture Census, among farmers, which size class accounts for a larger share of operated area — marginal operated area, small operated area, or are the two roughly equal?",AgCensus2015-16 T2-4 Rajasthan/All/area/MarginalvsSmall,Roughly equal,marginal operated area=7.1049% and small operated area=11.4454%; absolute gap=4.3405 pp; gap < 5 percentage points => equal; gap >= 10 => diff; 5 <= gap < 10 excluded,7.1048723231,11.4454079433,4.3405356202,https://www.fao.org/fileadmin/templates/ess/ess_test_folder/World_Census_Agriculture/WCA_2020/WCA_2020_new_doc/IND_REP_ENG_2015_2016.pdf | archived_sha256=fb01bcb922a38ef964a2ca2fddada5540426bf5b06317d931425ae8d699d6405,deterministic_source_adjudication_not_human_rating,Roughly equal,final_rater_team_approved_after_source_adjudication,2026-09-13,annotator team email,data-owner-attested; underlying email retained privately for security
agrifacts,agrifacts-01770,social_group,equal,number,"Based on the 2015-16 Agriculture Census in Maharashtra, does a larger proportion of agricultural holdings belong to Scheduled Castes, Scheduled Tribes, or are the two roughly equal?",AgCensus2015-16 T2-4 Maharashtra/All Classes/number/SCvsST,Roughly equal,Scheduled Castes=6.7386% and Scheduled Tribes=5.6003%; absolute gap=1.1384 pp; gap < 5 percentage points => equal; gap >= 10 => diff; 5 <= gap < 10 excluded,6.7386326464,5.6002616945,1.1383709519,https://www.fao.org/fileadmin/templates/ess/ess_test_folder/World_Census_Agriculture/WCA_2020/WCA_2020_new_doc/IND_REP_ENG_2015_2016.pdf | archived_sha256=fb01bcb922a38ef964a2ca2fddada5540426bf5b06317d931425ae8d699d6405,deterministic_source_adjudication_not_human_rating,Roughly equal,final_rater_team_approved_after_source_adjudication,2026-09-13,annotator team email,data-owner-attested; underlying email retained privately for security
agrifacts,agrifacts-00157,social_group,diff,area,"In Jammu & Kashmir, according to the 2015-16 Agriculture Census, which social group operates a larger share of medium operated area — Scheduled Castes, Other social groups, or are the two roughly equal?",AgCensus2015-16 T2-4 Jammu & Kashmir/Medium/area/SCvsOthers,Other social groups,Scheduled Castes=5.0847% and Other social groups=76.2712%; absolute gap=71.1864 pp; gap < 5 percentage points => equal; gap >= 10 => diff; 5 <= gap < 10 excluded,5.0847457627,76.2711864407,71.1864406780,https://www.fao.org/fileadmin/templates/ess/ess_test_folder/World_Census_Agriculture/WCA_2020/WCA_2020_new_doc/IND_REP_ENG_2015_2016.pdf | archived_sha256=fb01bcb922a38ef964a2ca2fddada5540426bf5b06317d931425ae8d699d6405,deterministic_source_adjudication_not_human_rating,Other social groups,final_rater_team_approved_after_source_adjudication,2026-09-13,annotator team email,data-owner-attested; underlying email retained privately for security
agrifacts,agrifacts-01464,social_group,equal,number,"Based on the 2015-16 Agriculture Census in Uttarakhand, which social group—Scheduled Castes, Scheduled Tribes, or roughly equal shares—has the greater portion of semi-medium landholdings?",AgCensus2015-16 T2-4 Uttarakhand/Semi-medium/number/SCvsST,Roughly equal,Scheduled Castes=5.1724% and Scheduled Tribes=8.6207%; absolute gap=3.4483 pp; gap < 5 percentage points => equal; gap >= 10 => diff; 5 <= gap < 10 excluded,5.1724137931,8.6206896552,3.4482758621,https://www.fao.org/fileadmin/templates/ess/ess_test_folder/World_Census_Agriculture/WCA_2020/WCA_2020_new_doc/IND_REP_ENG_2015_2016.pdf | archived_sha256=fb01bcb922a38ef964a2ca2fddada5540426bf5b06317d931425ae8d699d6405,deterministic_source_adjudication_not_human_rating,Roughly equal,final_rater_team_approved_after_source_adjudication,2026-09-13,annotator team email,data-owner-attested; underlying email retained privately for security
agrifacts,agrifacts-00171,landholding,diff,number,"In Karnataka, according to the 2015-16 Agriculture Census, among Scheduled Tribes, which size class accounts for a larger share of holdings — marginal holdings, large holdings, or are the two roughly equal?",AgCensus2015-16 T2-4 Karnataka/ST/number/MarginalvsLarge,marginal holdings,marginal holdings=51.4395% and large holdings=0.5758%; absolute gap=50.8637 pp; gap < 5 percentage points => equal; gap >= 10 => diff; 5 <= gap < 10 excluded,51.4395393474,0.5758157390,50.8637236084,https://www.fao.org/fileadmin/templates/ess/ess_test_folder/World_Census_Agriculture/WCA_2020/WCA_2020_new_doc/IND_REP_ENG_2015_2016.pdf | archived_sha256=fb01bcb922a38ef964a2ca2fddada5540426bf5b06317d931425ae8d699d6405,deterministic_source_adjudication_not_human_rating,marginal holdings,final_rater_team_approved_after_source_adjudication,2026-09-13,annotator team email,data-owner-attested; underlying email retained privately for security
agrifacts,agrifacts-01033,social_group,equal,number,"In Tamil Nadu, based on the 2015-16 Agriculture Census, is the proportion of semi-medium holdings operated by Scheduled Castes greater than that operated by Scheduled Tribes, is it smaller, or are the two roughly equal?",AgCensus2015-16 T2-4 Tamil Nadu/Semi-medium/number/SCvsST,Roughly equal,Scheduled Castes=5.9735% and Scheduled Tribes=1.3274%; absolute gap=4.6460 pp; gap < 5 percentage points => equal; gap >= 10 => diff; 5 <= gap < 10 excluded,5.9734513274,1.3274336283,4.6460176991,https://www.fao.org/fileadmin/templates/ess/ess_test_folder/World_Census_Agriculture/WCA_2020/WCA_2020_new_doc/IND_REP_ENG_2015_2016.pdf | archived_sha256=fb01bcb922a38ef964a2ca2fddada5540426bf5b06317d931425ae8d699d6405,deterministic_source_adjudication_not_human_rating,Roughly equal,final_rater_team_approved_after_source_adjudication,2026-09-13,annotator team email,data-owner-attested; underlying email retained privately for security
agrifacts,agrifacts-01860,gender,diff,area,"In the 2015-16 Agriculture Census across all-India, for large operated area, do men or women operate a larger portion, or are they roughly equal?",AgCensus2015-16 T14-16 All/Large/area/MvF,men,men=92.1029% and women=7.8971%; absolute gap=84.2057 pp; gap < 5 percentage points => equal; gap >= 10 => diff; 5 <= gap < 10 excluded,92.1028536548,7.8971463452,84.2057073096,https://www.fao.org/fileadmin/templates/ess/ess_test_folder/World_Census_Agriculture/WCA_2020/WCA_2020_new_doc/IND_REP_ENG_2015_2016.pdf | archived_sha256=fb01bcb922a38ef964a2ca2fddada5540426bf5b06317d931425ae8d699d6405,deterministic_source_adjudication_not_human_rating,men,final_rater_team_approved_after_source_adjudication,2026-09-13,annotator team email,data-owner-attested; underlying email retained privately for security
agrifacts,agrifacts-00813,social_group,diff,number,"In Mizoram, according to the 2015-16 Agriculture Census, which social group operates a larger share of small holdings — Scheduled Tribes, Other social groups, or are the two roughly equal?",AgCensus2015-16 T2-4 Mizoram/Small/number/STvsOthers,Scheduled Tribes,Scheduled Tribes=100.0000% and Other social groups=0.0000%; absolute gap=100.0000 pp; gap < 5 percentage points => equal; gap >= 10 => diff; 5 <= gap < 10 excluded,100.0000000000,0.0000000000,100.0000000000,https://www.fao.org/fileadmin/templates/ess/ess_test_folder/World_Census_Agriculture/WCA_2020/WCA_2020_new_doc/IND_REP_ENG_2015_2016.pdf | archived_sha256=fb01bcb922a38ef964a2ca2fddada5540426bf5b06317d931425ae8d699d6405,deterministic_source_adjudication_not_human_rating,Scheduled Tribes,final_rater_team_approved_after_source_adjudication,2026-09-13,annotator team email,data-owner-attested; underlying email retained privately for security
agrifacts,agrifacts-01125,landholding,diff,number,"In Andhra Pradesh, according to the 2015-16 Agriculture Census, among farmers, which size class accounts for a larger share of holdings — marginal holdings, medium holdings, or are the two roughly equal?",AgCensus2015-16 T2-4 Andhra Pradesh/All/number/MarginalvsMedium,marginal holdings,marginal holdings=69.2633% and medium holdings=2.2173%; absolute gap=67.0460 pp; gap < 5 percentage points => equal; gap >= 10 => diff; 5 <= gap < 10 excluded,69.2632566870,2.2172688878,67.0459877992,https://www.fao.org/fileadmin/templates/ess/ess_test_folder/World_Census_Agriculture/WCA_2020/WCA_2020_new_doc/IND_REP_ENG_2015_2016.pdf | archived_sha256=fb01bcb922a38ef964a2ca2fddada5540426bf5b06317d931425ae8d699d6405,deterministic_source_adjudication_not_human_rating,marginal holdings,final_rater_team_approved_after_source_adjudication,2026-09-13,annotator team email,data-owner-attested; underlying email retained privately for security
agrifacts,agrifacts-00945,landholding,equal,area,"Based on the 2015-16 Agriculture Census in Karnataka, of the operated area held by farmers, does a greater portion belong to the small operated area class, the semi-medium operated area class, or are the two roughly equal?",AgCensus2015-16 T2-4 Karnataka/All/area/SmallvsSemi-medium,Roughly equal,small operated area=26.3194% and semi-medium operated area=27.0055%; absolute gap=0.6861 pp; gap < 5 percentage points => equal; gap >= 10 => diff; 5 <= gap < 10 excluded,26.3193562050,27.0055061415,0.6861499365,https://www.fao.org/fileadmin/templates/ess/ess_test_folder/World_Census_Agriculture/WCA_2020/WCA_2020_new_doc/IND_REP_ENG_2015_2016.pdf | archived_sha256=fb01bcb922a38ef964a2ca2fddada5540426bf5b06317d931425ae8d699d6405,deterministic_source_adjudication_not_human_rating,Roughly equal,final_rater_team_approved_after_source_adjudication,2026-09-13,annotator team email,data-owner-attested; underlying email retained privately for security
agrifacts,agrifacts-00001,landholding,diff,number,"In Jammu & Kashmir, according to the 2015-16 Agriculture Census, among farmers, which size class accounts for a larger share of holdings — marginal holdings, large holdings, or are the two roughly equal?",AgCensus2015-16 T2-4 Jammu & Kashmir/All/number/MarginalvsLarge,marginal holdings,marginal holdings=83.7685% and large holdings=0.0706%; absolute gap=83.6980 pp; gap < 5 percentage points => equal; gap >= 10 => diff; 5 <= gap < 10 excluded,83.7685250529,0.0705716302,83.6979534227,https://www.fao.org/fileadmin/templates/ess/ess_test_folder/World_Census_Agriculture/WCA_2020/WCA_2020_new_doc/IND_REP_ENG_2015_2016.pdf | archived_sha256=fb01bcb922a38ef964a2ca2fddada5540426bf5b06317d931425ae8d699d6405,deterministic_source_adjudication_not_human_rating,marginal holdings,final_rater_team_approved_after_source_adjudication,2026-09-13,annotator team email,data-owner-attested; underlying email retained privately for security
agrifacts,agrifacts-01487,landholding,equal,area,"In Andhra Pradesh, based on the 2015-16 Agriculture Census, which of the following size classes—marginal operated area or small operated area—accounts for a greater portion of operated land among farmers, or are the two roughly equal?",AgCensus2015-16 T2-4 Andhra Pradesh/All/area/MarginalvsSmall,Roughly equal,marginal operated area=29.1854% and small operated area=29.1604%; absolute gap=0.0250 pp; gap < 5 percentage points => equal; gap >= 10 => diff; 5 <= gap < 10 excluded,29.1854072964,29.1604197901,0.0249875063,https://www.fao.org/fileadmin/templates/ess/ess_test_folder/World_Census_Agriculture/WCA_2020/WCA_2020_new_doc/IND_REP_ENG_2015_2016.pdf | archived_sha256=fb01bcb922a38ef964a2ca2fddada5540426bf5b06317d931425ae8d699d6405,deterministic_source_adjudication_not_human_rating,Roughly equal,final_rater_team_approved_after_source_adjudication,2026-09-13,annotator team email,data-owner-attested; underlying email retained privately for security
agrifacts,agrifacts-00136,social_group,diff,number,"In Uttar Pradesh, according to the 2015-16 Agriculture Census, which social group operates a larger share of semi-medium holdings — Scheduled Castes, Other social groups, or are the two roughly equal?",AgCensus2015-16 T2-4 Uttar Pradesh/Semi-medium/number/SCvsOthers,Other social groups,Scheduled Castes=6.7732% and Other social groups=92.6941%; absolute gap=85.9209 pp; gap < 5 percentage points => equal; gap >= 10 => diff; 5 <= gap < 10 excluded,6.7732115677,92.6940639269,85.9208523592,https://www.fao.org/fileadmin/templates/ess/ess_test_folder/World_Census_Agriculture/WCA_2020/WCA_2020_new_doc/IND_REP_ENG_2015_2016.pdf | archived_sha256=fb01bcb922a38ef964a2ca2fddada5540426bf5b06317d931425ae8d699d6405,deterministic_source_adjudication_not_human_rating,Other social groups,final_rater_team_approved_after_source_adjudication,2026-09-13,annotator team email,data-owner-attested; underlying email retained privately for security
agrifacts,agrifacts-01929,landholding,equal,area,"In Jharkhand, according to the 2015-16 Agriculture Census, among farmers, which size class accounts for a larger share of operated area — marginal operated area, medium operated area, or are the two roughly equal?",AgCensus2015-16 T2-4 Jharkhand/All/area/MarginalvsMedium,Roughly equal,marginal operated area=24.3934% and medium operated area=22.9052%; absolute gap=1.4882 pp; gap < 5 percentage points => equal; gap >= 10 => diff; 5 <= gap < 10 excluded,24.3934001941,22.9052086703,1.4881915238,https://www.fao.org/fileadmin/templates/ess/ess_test_folder/World_Census_Agriculture/WCA_2020/WCA_2020_new_doc/IND_REP_ENG_2015_2016.pdf | archived_sha256=fb01bcb922a38ef964a2ca2fddada5540426bf5b06317d931425ae8d699d6405,deterministic_source_adjudication_not_human_rating,Roughly equal,final_rater_team_approved_after_source_adjudication,2026-09-13,annotator team email,data-owner-attested; underlying email retained privately for security
agrifacts,agrifacts-01650,landholding,diff,number,"In Tripura, according to the 2015-16 Agriculture Census, among Scheduled Tribes, which size class accounts for a larger share of holdings — marginal holdings, medium holdings, or are the two roughly equal?",AgCensus2015-16 T2-4 Tripura/ST/number/MarginalvsMedium,marginal holdings,marginal holdings=75.0000% and medium holdings=1.2195%; absolute gap=73.7805 pp; gap < 5 percentage points => equal; gap >= 10 => diff; 5 <= gap < 10 excluded,75.0000000000,1.2195121951,73.7804878049,https://www.fao.org/fileadmin/templates/ess/ess_test_folder/World_Census_Agriculture/WCA_2020/WCA_2020_new_doc/IND_REP_ENG_2015_2016.pdf | archived_sha256=fb01bcb922a38ef964a2ca2fddada5540426bf5b06317d931425ae8d699d6405,deterministic_source_adjudication_not_human_rating,marginal holdings,final_rater_team_approved_after_source_adjudication,2026-09-13,annotator team email,data-owner-attested; underlying email retained privately for security
agrifacts,agrifacts-01752,social_group,diff,area,"In Goa, according to the 2015-16 Agriculture Census, which social group operates a larger share of marginal operated area — Scheduled Tribes, Other social groups, or are the two roughly equal?",AgCensus2015-16 T2-4 Goa/Marginal/area/STvsOthers,Other social groups,Scheduled Tribes=30.4348% and Other social groups=69.5652%; absolute gap=39.1304 pp; gap < 5 percentage points => equal; gap >= 10 => diff; 5 <= gap < 10 excluded,30.4347826087,69.5652173913,39.1304347826,https://www.fao.org/fileadmin/templates/ess/ess_test_folder/World_Census_Agriculture/WCA_2020/WCA_2020_new_doc/IND_REP_ENG_2015_2016.pdf | archived_sha256=fb01bcb922a38ef964a2ca2fddada5540426bf5b06317d931425ae8d699d6405,deterministic_source_adjudication_not_human_rating,Other social groups,final_rater_team_approved_after_source_adjudication,2026-09-13,annotator team email,data-owner-attested; underlying email retained privately for security
agrifacts,agrifacts-00651,social_group,equal,number,"Based on the 2015-16 Agriculture Census in Rajasthan, do Scheduled Tribes, Scheduled Castes, or both roughly equal groups operate a larger portion of agricultural holdings?",AgCensus2015-16 T2-4 Rajasthan/All Classes/number/SCvsST,Roughly equal,Scheduled Castes=13.6904% and Scheduled Tribes=16.0418%; absolute gap=2.3514 pp; gap < 5 percentage points => equal; gap >= 10 => diff; 5 <= gap < 10 excluded,13.6903984324,16.0418027433,2.3514043109,https://www.fao.org/fileadmin/templates/ess/ess_test_folder/World_Census_Agriculture/WCA_2020/WCA_2020_new_doc/IND_REP_ENG_2015_2016.pdf | archived_sha256=fb01bcb922a38ef964a2ca2fddada5540426bf5b06317d931425ae8d699d6405,deterministic_source_adjudication_not_human_rating,Roughly equal,final_rater_team_approved_after_source_adjudication,2026-09-13,annotator team email,data-owner-attested; underlying email retained privately for security
agrifacts,agrifacts-01266,landholding,equal,area,"Based on the 2015-16 Agriculture Census in Jharkhand, among farmers, does marginal operated area, semi-medium operated area, or are the two roughly equal, constitute a larger portion of the operated area?",AgCensus2015-16 T2-4 Jharkhand/All/area/MarginalvsSemi-medium,Roughly equal,marginal operated area=24.3934% and semi-medium operated area=24.4258%; absolute gap=0.0324 pp; gap < 5 percentage points => equal; gap >= 10 => diff; 5 <= gap < 10 excluded,24.3934001941,24.4257521838,0.0323519897,https://www.fao.org/fileadmin/templates/ess/ess_test_folder/World_Census_Agriculture/WCA_2020/WCA_2020_new_doc/IND_REP_ENG_2015_2016.pdf | archived_sha256=fb01bcb922a38ef964a2ca2fddada5540426bf5b06317d931425ae8d699d6405,deterministic_source_adjudication_not_human_rating,Roughly equal,final_rater_team_approved_after_source_adjudication,2026-09-13,annotator team email,data-owner-attested; underlying email retained privately for security
agrifacts,agrifacts-00015,landholding,diff,number,"In Odisha, according to the 2015-16 Agriculture Census, among farmers, which size class accounts for a larger share of holdings — small holdings, medium holdings, or are the two roughly equal?",AgCensus2015-16 T2-4 Odisha/All/number/SmallvsMedium,small holdings,small holdings=18.2285% and medium holdings=1.0481%; absolute gap=17.1804 pp; gap < 5 percentage points => equal; gap >= 10 => diff; 5 <= gap < 10 excluded,18.2285244554,1.0480887793,17.1804356761,https://www.fao.org/fileadmin/templates/ess/ess_test_folder/World_Census_Agriculture/WCA_2020/WCA_2020_new_doc/IND_REP_ENG_2015_2016.pdf | archived_sha256=fb01bcb922a38ef964a2ca2fddada5540426bf5b06317d931425ae8d699d6405,deterministic_source_adjudication_not_human_rating,small holdings,final_rater_team_approved_after_source_adjudication,2026-09-13,annotator team email,data-owner-attested; underlying email retained privately for security
agrifacts,agrifacts-01183,landholding,diff,number,"In Tripura, according to the 2015-16 Agriculture Census, among Scheduled Tribes, which size class accounts for a larger share of holdings — small holdings, large holdings, or are the two roughly equal?",AgCensus2015-16 T2-4 Tripura/ST/number/SmallvsLarge,small holdings,small holdings=16.4634% and large holdings=0.0000%; absolute gap=16.4634 pp; gap < 5 percentage points => equal; gap >= 10 => diff; 5 <= gap < 10 excluded,16.4634146341,0.0000000000,16.4634146341,https://www.fao.org/fileadmin/templates/ess/ess_test_folder/World_Census_Agriculture/WCA_2020/WCA_2020_new_doc/IND_REP_ENG_2015_2016.pdf | archived_sha256=fb01bcb922a38ef964a2ca2fddada5540426bf5b06317d931425ae8d699d6405,deterministic_source_adjudication_not_human_rating,small holdings,final_rater_team_approved_after_source_adjudication,2026-09-13,annotator team email,data-owner-attested; underlying email retained privately for security
agrifacts,agrifacts-00005,landholding,equal,number,"Based on the 2015-16 Agriculture Census in Arunachal Pradesh, regarding Scheduled Tribes, does a greater share of holdings belong to marginal holdings, to medium holdings, or are these two roughly equal?",AgCensus2015-16 T2-4 Arunachal Pradesh/ST/number/MarginalvsMedium,Roughly equal,marginal holdings=22.7273% and medium holdings=23.6364%; absolute gap=0.9091 pp; gap < 5 percentage points => equal; gap >= 10 => diff; 5 <= gap < 10 excluded,22.7272727273,23.6363636364,0.9090909091,https://www.fao.org/fileadmin/templates/ess/ess_test_folder/World_Census_Agriculture/WCA_2020/WCA_2020_new_doc/IND_REP_ENG_2015_2016.pdf | archived_sha256=fb01bcb922a38ef964a2ca2fddada5540426bf5b06317d931425ae8d699d6405,deterministic_source_adjudication_not_human_rating,Roughly equal,final_rater_team_approved_after_source_adjudication,2026-09-13,annotator team email,data-owner-attested; underlying email retained privately for security
agrifacts,agrifacts-01245,landholding,equal,area,"Among Scheduled Castes in Haryana, according to the 2015-16 Agriculture Census, which size class—marginal operated area or small operated area—accounts for a larger share of operated area, or are the two roughly equal?",AgCensus2015-16 T2-4 Haryana/SC/area/MarginalvsSmall,Roughly equal,marginal operated area=17.9487% and small operated area=20.5128%; absolute gap=2.5641 pp; gap < 5 percentage points => equal; gap >= 10 => diff; 5 <= gap < 10 excluded,17.9487179487,20.5128205128,2.5641025641,https://www.fao.org/fileadmin/templates/ess/ess_test_folder/World_Census_Agriculture/WCA_2020/WCA_2020_new_doc/IND_REP_ENG_2015_2016.pdf | archived_sha256=fb01bcb922a38ef964a2ca2fddada5540426bf5b06317d931425ae8d699d6405,deterministic_source_adjudication_not_human_rating,Roughly equal,final_rater_team_approved_after_source_adjudication,2026-09-13,annotator team email,data-owner-attested; underlying email retained privately for security
agrifacts,agrifacts-00949,landholding,equal,area,"Regarding operated area among Scheduled Castes in Rajasthan, based on the 2015-16 Agriculture Census, does the semi-medium operated area or the large operated area account for a larger share, or are the two roughly equal?",AgCensus2015-16 T2-4 Rajasthan/SC/area/Semi-mediumvsLarge,Roughly equal,semi-medium operated area=20.8059% and large operated area=23.1086%; absolute gap=2.3026 pp; gap < 5 percentage points => equal; gap >= 10 => diff; 5 <= gap < 10 excluded,20.8059210526,23.1085526316,2.3026315790,https://www.fao.org/fileadmin/templates/ess/ess_test_folder/World_Census_Agriculture/WCA_2020/WCA_2020_new_doc/IND_REP_ENG_2015_2016.pdf | archived_sha256=fb01bcb922a38ef964a2ca2fddada5540426bf5b06317d931425ae8d699d6405,deterministic_source_adjudication_not_human_rating,Roughly equal,final_rater_team_approved_after_source_adjudication,2026-09-13,annotator team email,data-owner-attested; underlying email retained privately for security
agrifacts,agrifacts-00226,gender,diff,area,"In the 2015-16 Agriculture Census across all of India, within Scheduled Castes and among marginal operated area, which group holds a bigger portion — men, women, or are they roughly equal?",AgCensus2015-16 T14-16 SC/Marginal/area/MvF,men,men=87.1215% and women=12.8785%; absolute gap=74.2430 pp; gap < 5 percentage points => equal; gap >= 10 => diff; 5 <= gap < 10 excluded,87.1215179653,12.8784820347,74.2430359306,https://www.fao.org/fileadmin/templates/ess/ess_test_folder/World_Census_Agriculture/WCA_2020/WCA_2020_new_doc/IND_REP_ENG_2015_2016.pdf | archived_sha256=fb01bcb922a38ef964a2ca2fddada5540426bf5b06317d931425ae8d699d6405,deterministic_source_adjudication_not_human_rating,men,final_rater_team_approved_after_source_adjudication,2026-09-13,annotator team email,data-owner-attested; underlying email retained privately for security
agrifacts,agrifacts-00130,social_group,diff,area,"In Assam, according to the 2015-16 Agriculture Census, which social group operates a larger share of marginal operated area — Scheduled Tribes, Other social groups, or are the two roughly equal?",AgCensus2015-16 T2-4 Assam/Marginal/area/STvsOthers,Other social groups,Scheduled Tribes=15.2866% and Other social groups=79.6178%; absolute gap=64.3312 pp; gap < 5 percentage points => equal; gap >= 10 => diff; 5 <= gap < 10 excluded,15.2866242038,79.6178343949,64.3312101911,https://www.fao.org/fileadmin/templates/ess/ess_test_folder/World_Census_Agriculture/WCA_2020/WCA_2020_new_doc/IND_REP_ENG_2015_2016.pdf | archived_sha256=fb01bcb922a38ef964a2ca2fddada5540426bf5b06317d931425ae8d699d6405,deterministic_source_adjudication_not_human_rating,Other social groups,final_rater_team_approved_after_source_adjudication,2026-09-13,annotator team email,data-owner-attested; underlying email retained privately for security
agrifacts,agrifacts-01816,landholding,equal,number,"In Maharashtra, according to the 2015-16 Agriculture Census, among Scheduled Tribes, which size class accounts for a larger share of holdings — marginal holdings, small holdings, or are the two roughly equal?",AgCensus2015-16 T2-4 Maharashtra/ST/number/MarginalvsSmall,Roughly equal,marginal holdings=37.5000% and small holdings=33.4112%; absolute gap=4.0888 pp; gap < 5 percentage points => equal; gap >= 10 => diff; 5 <= gap < 10 excluded,37.5000000000,33.4112149533,4.0887850467,https://www.fao.org/fileadmin/templates/ess/ess_test_folder/World_Census_Agriculture/WCA_2020/WCA_2020_new_doc/IND_REP_ENG_2015_2016.pdf | archived_sha256=fb01bcb922a38ef964a2ca2fddada5540426bf5b06317d931425ae8d699d6405,deterministic_source_adjudication_not_human_rating,Roughly equal,final_rater_team_approved_after_source_adjudication,2026-09-13,annotator team email,data-owner-attested; underlying email retained privately for security
agrifacts,agrifacts-01472,social_group,diff,number,"In Jharkhand, according to the 2015-16 Agriculture Census, which social group operates a larger share of medium holdings — Scheduled Tribes, Other social groups, or are the two roughly equal?",AgCensus2015-16 T2-4 Jharkhand/Medium/number/STvsOthers,Scheduled Tribes,Scheduled Tribes=52.3810% and Other social groups=40.4762%; absolute gap=11.9048 pp; gap < 5 percentage points => equal; gap >= 10 => diff; 5 <= gap < 10 excluded,52.3809523810,40.4761904762,11.9047619048,https://www.fao.org/fileadmin/templates/ess/ess_test_folder/World_Census_Agriculture/WCA_2020/WCA_2020_new_doc/IND_REP_ENG_2015_2016.pdf | archived_sha256=fb01bcb922a38ef964a2ca2fddada5540426bf5b06317d931425ae8d699d6405,deterministic_source_adjudication_not_human_rating,Scheduled Tribes,final_rater_team_approved_after_source_adjudication,2026-09-13,annotator team email,data-owner-attested; underlying email retained privately for security
agrifacts,agrifacts-00431,landholding,equal,area,"In Assam, according to the 2015-16 Agriculture Census, among Scheduled Castes, which size class accounts for a larger share of operated area — marginal operated area, small operated area, or are the two roughly equal?",AgCensus2015-16 T2-4 Assam/SC/area/MarginalvsSmall,Roughly equal,marginal operated area=26.4901% and small operated area=27.1523%; absolute gap=0.6623 pp; gap < 5 percentage points => equal; gap >= 10 => diff; 5 <= gap < 10 excluded,26.4900662252,27.1523178808,0.6622516556,https://www.fao.org/fileadmin/templates/ess/ess_test_folder/World_Census_Agriculture/WCA_2020/WCA_2020_new_doc/IND_REP_ENG_2015_2016.pdf | archived_sha256=fb01bcb922a38ef964a2ca2fddada5540426bf5b06317d931425ae8d699d6405,deterministic_source_adjudication_not_human_rating,Roughly equal,final_rater_team_approved_after_source_adjudication,2026-09-13,annotator team email,data-owner-attested; underlying email retained privately for security
agrifacts,agrifacts-00344,social_group,diff,area,"In Chhattisgarh, according to the 2015-16 Agriculture Census, which social group operates a larger share of agricultural operated area — Scheduled Castes, Other social groups, or are the two roughly equal?",AgCensus2015-16 T2-4 Chhattisgarh/All Classes/area/SCvsOthers,Other social groups,Scheduled Castes=8.0729% and Other social groups=49.3790%; absolute gap=41.3061 pp; gap < 5 percentage points => equal; gap >= 10 => diff; 5 <= gap < 10 excluded,8.0729166667,49.3790064103,41.3060897436,https://www.fao.org/fileadmin/templates/ess/ess_test_folder/World_Census_Agriculture/WCA_2020/WCA_2020_new_doc/IND_REP_ENG_2015_2016.pdf | archived_sha256=fb01bcb922a38ef964a2ca2fddada5540426bf5b06317d931425ae8d699d6405,deterministic_source_adjudication_not_human_rating,Other social groups,final_rater_team_approved_after_source_adjudication,2026-09-13,annotator team email,data-owner-attested; underlying email retained privately for security
agrifacts,agrifacts-01623,social_group,diff,number,"In Bihar, according to the 2015-16 Agriculture Census, which social group operates a larger share of agricultural holdings — Scheduled Castes, Other social groups, or are the two roughly equal?",AgCensus2015-16 T2-4 Bihar/All Classes/number/SCvsOthers,Other social groups,Scheduled Castes=11.6676% and Other social groups=87.0956%; absolute gap=75.4280 pp; gap < 5 percentage points => equal; gap >= 10 => diff; 5 <= gap < 10 excluded,11.6675805764,87.0955949552,75.4280143788,https://www.fao.org/fileadmin/templates/ess/ess_test_folder/World_Census_Agriculture/WCA_2020/WCA_2020_new_doc/IND_REP_ENG_2015_2016.pdf | archived_sha256=fb01bcb922a38ef964a2ca2fddada5540426bf5b06317d931425ae8d699d6405,deterministic_source_adjudication_not_human_rating,Other social groups,final_rater_team_approved_after_source_adjudication,2026-09-13,annotator team email,data-owner-attested; underlying email retained privately for security
agrifacts,agrifacts-01962,social_group,diff,number,"In Jammu & Kashmir, according to the 2015-16 Agriculture Census, which social group operates a larger share of semi-medium holdings — Scheduled Tribes, Other social groups, or are the two roughly equal?",AgCensus2015-16 T2-4 Jammu & Kashmir/Semi-medium/number/STvsOthers,Other social groups,Scheduled Tribes=17.2414% and Other social groups=74.1379%; absolute gap=56.8966 pp; gap < 5 percentage points => equal; gap >= 10 => diff; 5 <= gap < 10 excluded,17.2413793103,74.1379310345,56.8965517242,https://www.fao.org/fileadmin/templates/ess/ess_test_folder/World_Census_Agriculture/WCA_2020/WCA_2020_new_doc/IND_REP_ENG_2015_2016.pdf | archived_sha256=fb01bcb922a38ef964a2ca2fddada5540426bf5b06317d931425ae8d699d6405,deterministic_source_adjudication_not_human_rating,Other social groups,final_rater_team_approved_after_source_adjudication,2026-09-13,annotator team email,data-owner-attested; underlying email retained privately for security
agrifacts,agrifacts-01038,gender,equal,area,"In the 2015-16 Agriculture Census across all of India, for Scheduled Castes, is the proportion of operated area managed by women greater for large operated area, greater for small operated area, or roughly equal for the two?",AgCensus2015-16 T14-16 SC/femaleShare/area/LargevsSmall,Roughly equal,large operated area=7.8042% and small operated area=12.4162%; absolute gap=4.6120 pp; gap < 5 percentage points => equal; gap >= 10 => diff; 5 <= gap < 10 excluded,7.8042328042,12.4162051880,4.6119723838,https://www.fao.org/fileadmin/templates/ess/ess_test_folder/World_Census_Agriculture/WCA_2020/WCA_2020_new_doc/IND_REP_ENG_2015_2016.pdf | archived_sha256=fb01bcb922a38ef964a2ca2fddada5540426bf5b06317d931425ae8d699d6405,deterministic_source_adjudication_not_human_rating,Roughly equal,final_rater_team_approved_after_source_adjudication,2026-09-13,annotator team email,data-owner-attested; underlying email retained privately for security
agrifacts,agrifacts-01257,gender,diff,number,"Considering the all-India level in the 2015-16 Agriculture Census, among Scheduled Tribes, among large holdings, is the larger share operated by men, by women, or are the two roughly equal?",AgCensus2015-16 T14-16 ST/Large/number/MvF,men,men=92.6316% and women=7.3684%; absolute gap=85.2632 pp; gap < 5 percentage points => equal; gap >= 10 => diff; 5 <= gap < 10 excluded,92.6315789474,7.3684210526,85.2631578948,https://www.fao.org/fileadmin/templates/ess/ess_test_folder/World_Census_Agriculture/WCA_2020/WCA_2020_new_doc/IND_REP_ENG_2015_2016.pdf | archived_sha256=fb01bcb922a38ef964a2ca2fddada5540426bf5b06317d931425ae8d699d6405,deterministic_source_adjudication_not_human_rating,men,final_rater_team_approved_after_source_adjudication,2026-09-13,annotator team email,data-owner-attested; underlying email retained privately for security
agrifacts,agrifacts-00815,gender,diff,number,"In the 2015-16 Agriculture Census across all-India, for Scheduled Tribes and large holdings, do men or women operate a larger share, or are they roughly equal?",AgCensus2015-16 T14-16 ST/Large/number/MvF,men,men=92.6316% and women=7.3684%; absolute gap=85.2632 pp; gap < 5 percentage points => equal; gap >= 10 => diff; 5 <= gap < 10 excluded,92.6315789474,7.3684210526,85.2631578948,https://www.fao.org/fileadmin/templates/ess/ess_test_folder/World_Census_Agriculture/WCA_2020/WCA_2020_new_doc/IND_REP_ENG_2015_2016.pdf | archived_sha256=fb01bcb922a38ef964a2ca2fddada5540426bf5b06317d931425ae8d699d6405,deterministic_source_adjudication_not_human_rating,men,final_rater_team_approved_after_source_adjudication,2026-09-13,annotator team email,data-owner-attested; underlying email retained privately for security
agrifacts,agrifacts-00667,gender,diff,number,"At the all-India level in the 2015-16 Agriculture Census, among Scheduled Castes, among medium holdings, who operates a larger share — men, women, or are the two roughly equal?",AgCensus2015-16 T14-16 SC/Medium/number/MvF,men,men=90.2913% and women=9.7087%; absolute gap=80.5825 pp; gap < 5 percentage points => equal; gap >= 10 => diff; 5 <= gap < 10 excluded,90.2912621359,9.7087378641,80.5825242718,https://www.fao.org/fileadmin/templates/ess/ess_test_folder/World_Census_Agriculture/WCA_2020/WCA_2020_new_doc/IND_REP_ENG_2015_2016.pdf | archived_sha256=fb01bcb922a38ef964a2ca2fddada5540426bf5b06317d931425ae8d699d6405,deterministic_source_adjudication_not_human_rating,men,final_rater_team_approved_after_source_adjudication,2026-09-13,annotator team email,data-owner-attested; underlying email retained privately for security
agrifacts,agrifacts-01716,gender,equal,number,"In the 2015-16 Agriculture Census covering all of India, for Scheduled Castes, is the proportion of holdings run by women greater for marginal holdings, for small holdings, or roughly equal for the two?",AgCensus2015-16 T14-16 SC/femaleShare/number/MarginalvsSmall,Roughly equal,marginal holdings=13.8073% and small holdings=12.6427%; absolute gap=1.1646 pp; gap < 5 percentage points => equal; gap >= 10 => diff; 5 <= gap < 10 excluded,13.8073462163,12.6427406199,1.1646055964,https://www.fao.org/fileadmin/templates/ess/ess_test_folder/World_Census_Agriculture/WCA_2020/WCA_2020_new_doc/IND_REP_ENG_2015_2016.pdf | archived_sha256=fb01bcb922a38ef964a2ca2fddada5540426bf5b06317d931425ae8d699d6405,deterministic_source_adjudication_not_human_rating,Roughly equal,final_rater_team_approved_after_source_adjudication,2026-09-13,annotator team email,data-owner-attested; underlying email retained privately for security
agrifacts,agrifacts-00869,social_group,equal,area,"Based on the 2015-16 Agriculture Census in Uttarakhand, do Scheduled Castes or Scheduled Tribes control a greater portion of the agricultural operated area, or are the two roughly equal?",AgCensus2015-16 T2-4 Uttarakhand/All Classes/area/SCvsST,Roughly equal,Scheduled Castes=8.7015% and Scheduled Tribes=6.1580%; absolute gap=2.5435 pp; gap < 5 percentage points => equal; gap >= 10 => diff; 5 <= gap < 10 excluded,8.7014725569,6.1579651941,2.5435073628,https://www.fao.org/fileadmin/templates/ess/ess_test_folder/World_Census_Agriculture/WCA_2020/WCA_2020_new_doc/IND_REP_ENG_2015_2016.pdf | archived_sha256=fb01bcb922a38ef964a2ca2fddada5540426bf5b06317d931425ae8d699d6405,deterministic_source_adjudication_not_human_rating,Roughly equal,final_rater_team_approved_after_source_adjudication,2026-09-13,annotator team email,data-owner-attested; underlying email retained privately for security
agrifacts,agrifacts-01054,landholding,diff,number,"In Haryana, according to the 2015-16 Agriculture Census, among farmers, which size class accounts for a larger share of holdings — marginal holdings, medium holdings, or are the two roughly equal?",AgCensus2015-16 T2-4 Haryana/All/number/MarginalvsMedium,marginal holdings,marginal holdings=49.2629% and medium holdings=11.7936%; absolute gap=37.4693 pp; gap < 5 percentage points => equal; gap >= 10 => diff; 5 <= gap < 10 excluded,49.2628992629,11.7936117936,37.4692874693,https://www.fao.org/fileadmin/templates/ess/ess_test_folder/World_Census_Agriculture/WCA_2020/WCA_2020_new_doc/IND_REP_ENG_2015_2016.pdf | archived_sha256=fb01bcb922a38ef964a2ca2fddada5540426bf5b06317d931425ae8d699d6405,deterministic_source_adjudication_not_human_rating,marginal holdings,final_rater_team_approved_after_source_adjudication,2026-09-13,annotator team email,data-owner-attested; underlying email retained privately for security
agrifacts,agrifacts-00650,landholding,equal,area,"In Odisha, based on the 2015-16 Agriculture Census, which of these size classes—medium operated area or large operated area—constitutes a greater portion of the total operated area among farmers, or are the two roughly equal?",AgCensus2015-16 T2-4 Odisha/All/area/MediumvsLarge,Roughly equal,medium operated area=6.1485% and large operated area=1.8619%; absolute gap=4.2866 pp; gap < 5 percentage points => equal; gap >= 10 => diff; 5 <= gap < 10 excluded,6.1485169950,1.8618748647,4.2866421303,https://www.fao.org/fileadmin/templates/ess/ess_test_folder/World_Census_Agriculture/WCA_2020/WCA_2020_new_doc/IND_REP_ENG_2015_2016.pdf | archived_sha256=fb01bcb922a38ef964a2ca2fddada5540426bf5b06317d931425ae8d699d6405,deterministic_source_adjudication_not_human_rating,Roughly equal,final_rater_team_approved_after_source_adjudication,2026-09-13,annotator team email,data-owner-attested; underlying email retained privately for security
agrifacts,agrifacts-00719,landholding,equal,area,"Based on the 2015-16 Agriculture Census in Jharkhand, of the operated area among farmers, does the semi-medium operated area or the medium operated area account for a larger share, or are the two roughly equal?",AgCensus2015-16 T2-4 Jharkhand/All/area/Semi-mediumvsMedium,Roughly equal,semi-medium operated area=24.4258% and medium operated area=22.9052%; absolute gap=1.5205 pp; gap < 5 percentage points => equal; gap >= 10 => diff; 5 <= gap < 10 excluded,24.4257521838,22.9052086703,1.5205435135,https://www.fao.org/fileadmin/templates/ess/ess_test_folder/World_Census_Agriculture/WCA_2020/WCA_2020_new_doc/IND_REP_ENG_2015_2016.pdf | archived_sha256=fb01bcb922a38ef964a2ca2fddada5540426bf5b06317d931425ae8d699d6405,deterministic_source_adjudication_not_human_rating,Roughly equal,final_rater_team_approved_after_source_adjudication,2026-09-13,annotator team email,data-owner-attested; underlying email retained privately for security
agrifacts,agrifacts-01297,social_group,equal,area,"In Telangana, based on the 2015-16 Agriculture Census, between Scheduled Castes, Scheduled Tribes, or the two being roughly equal, which social group holds a greater portion of agricultural operated area?",AgCensus2015-16 T2-4 Telangana/All Classes/area/SCvsST,Roughly equal,Scheduled Castes=8.9082% and Scheduled Tribes=12.4079%; absolute gap=3.4997 pp; gap < 5 percentage points => equal; gap >= 10 => diff; 5 <= gap < 10 excluded,8.9082384461,12.4079035499,3.4996651038,https://www.fao.org/fileadmin/templates/ess/ess_test_folder/World_Census_Agriculture/WCA_2020/WCA_2020_new_doc/IND_REP_ENG_2015_2016.pdf | archived_sha256=fb01bcb922a38ef964a2ca2fddada5540426bf5b06317d931425ae8d699d6405,deterministic_source_adjudication_not_human_rating,Roughly equal,final_rater_team_approved_after_source_adjudication,2026-09-13,annotator team email,data-owner-attested; underlying email retained privately for security
agrifacts,agrifacts-01433,landholding,diff,number,"In Rajasthan, according to the 2015-16 Agriculture Census, among Scheduled Castes, which size class accounts for a larger share of holdings — small holdings, medium holdings, or are the two roughly equal?",AgCensus2015-16 T2-4 Rajasthan/SC/number/SmallvsMedium,small holdings,small holdings=23.3779% and medium holdings=12.5000%; absolute gap=10.8779 pp; gap < 5 percentage points => equal; gap >= 10 => diff; 5 <= gap < 10 excluded,23.3778625954,12.5000000000,10.8778625954,https://www.fao.org/fileadmin/templates/ess/ess_test_folder/World_Census_Agriculture/WCA_2020/WCA_2020_new_doc/IND_REP_ENG_2015_2016.pdf | archived_sha256=fb01bcb922a38ef964a2ca2fddada5540426bf5b06317d931425ae8d699d6405,deterministic_source_adjudication_not_human_rating,small holdings,final_rater_team_approved_after_source_adjudication,2026-09-13,annotator team email,data-owner-attested; underlying email retained privately for security
agrifacts,agrifacts-01142,gender,diff,area,"At the all-India level in the 2015-16 Agriculture Census, regarding Scheduled Castes with large operated area, do men, women, or roughly equal shares operate a larger portion?",AgCensus2015-16 T14-16 SC/Large/area/MvF,men,men=92.1958% and women=7.8042%; absolute gap=84.3915 pp; gap < 5 percentage points => equal; gap >= 10 => diff; 5 <= gap < 10 excluded,92.1957671958,7.8042328042,84.3915343916,https://www.fao.org/fileadmin/templates/ess/ess_test_folder/World_Census_Agriculture/WCA_2020/WCA_2020_new_doc/IND_REP_ENG_2015_2016.pdf | archived_sha256=fb01bcb922a38ef964a2ca2fddada5540426bf5b06317d931425ae8d699d6405,deterministic_source_adjudication_not_human_rating,men,final_rater_team_approved_after_source_adjudication,2026-09-13,annotator team email,data-owner-attested; underlying email retained privately for security
agrifacts,agrifacts-00174,landholding,equal,area,"In the 2015-16 Agriculture Census for Andhra Pradesh, among Scheduled Tribes, does marginal operated area or semi-medium operated area account for a larger share of operated area, or are the two roughly equal?",AgCensus2015-16 T2-4 Andhra Pradesh/ST/area/MarginalvsSemi-medium,Roughly equal,marginal operated area=27.0833% and semi-medium operated area=25.9259%; absolute gap=1.1574 pp; gap < 5 percentage points => equal; gap >= 10 => diff; 5 <= gap < 10 excluded,27.0833333333,25.9259259259,1.1574074074,https://www.fao.org/fileadmin/templates/ess/ess_test_folder/World_Census_Agriculture/WCA_2020/WCA_2020_new_doc/IND_REP_ENG_2015_2016.pdf | archived_sha256=fb01bcb922a38ef964a2ca2fddada5540426bf5b06317d931425ae8d699d6405,deterministic_source_adjudication_not_human_rating,Roughly equal,final_rater_team_approved_after_source_adjudication,2026-09-13,annotator team email,data-owner-attested; underlying email retained privately for security
agrifacts,agrifacts-00411,landholding,diff,number,"In Meghalaya, according to the 2015-16 Agriculture Census, among farmers, which size class accounts for a larger share of holdings — marginal holdings, medium holdings, or are the two roughly equal?",AgCensus2015-16 T2-4 Meghalaya/All/number/MarginalvsMedium,marginal holdings,marginal holdings=53.0172% and medium holdings=3.8793%; absolute gap=49.1379 pp; gap < 5 percentage points => equal; gap >= 10 => diff; 5 <= gap < 10 excluded,53.0172413793,3.8793103448,49.1379310345,https://www.fao.org/fileadmin/templates/ess/ess_test_folder/World_Census_Agriculture/WCA_2020/WCA_2020_new_doc/IND_REP_ENG_2015_2016.pdf | archived_sha256=fb01bcb922a38ef964a2ca2fddada5540426bf5b06317d931425ae8d699d6405,deterministic_source_adjudication_not_human_rating,marginal holdings,final_rater_team_approved_after_source_adjudication,2026-09-13,annotator team email,data-owner-attested; underlying email retained privately for security
agrifacts,agrifacts-01290,landholding,equal,number,"According to the 2015-16 Agriculture Census in Tamil Nadu, when comparing farmers, does the larger portion of holdings come from semi-medium holdings, medium holdings, or are the two roughly equal?",AgCensus2015-16 T2-4 Tamil Nadu/All/number/Semi-mediumvsMedium,Roughly equal,semi-medium holdings=5.6941% and medium holdings=1.6125%; absolute gap=4.0816 pp; gap < 5 percentage points => equal; gap >= 10 => diff; 5 <= gap < 10 excluded,5.6941295037,1.6124968506,4.0816326531,https://www.fao.org/fileadmin/templates/ess/ess_test_folder/World_Census_Agriculture/WCA_2020/WCA_2020_new_doc/IND_REP_ENG_2015_2016.pdf | archived_sha256=fb01bcb922a38ef964a2ca2fddada5540426bf5b06317d931425ae8d699d6405,deterministic_source_adjudication_not_human_rating,Roughly equal,final_rater_team_approved_after_source_adjudication,2026-09-13,annotator team email,data-owner-attested; underlying email retained privately for security
agrifacts,agrifacts-01669,landholding,diff,number,"In Maharashtra, according to the 2015-16 Agriculture Census, among Scheduled Tribes, which size class accounts for a larger share of holdings — marginal holdings, semi-medium holdings, or are the two roughly equal?",AgCensus2015-16 T2-4 Maharashtra/ST/number/MarginalvsSemi-medium,marginal holdings,marginal holdings=37.5000% and semi-medium holdings=20.4439%; absolute gap=17.0561 pp; gap < 5 percentage points => equal; gap >= 10 => diff; 5 <= gap < 10 excluded,37.5000000000,20.4439252336,17.0560747664,https://www.fao.org/fileadmin/templates/ess/ess_test_folder/World_Census_Agriculture/WCA_2020/WCA_2020_new_doc/IND_REP_ENG_2015_2016.pdf | archived_sha256=fb01bcb922a38ef964a2ca2fddada5540426bf5b06317d931425ae8d699d6405,deterministic_source_adjudication_not_human_rating,marginal holdings,final_rater_team_approved_after_source_adjudication,2026-09-13,annotator team email,data-owner-attested; underlying email retained privately for security
agrifacts,agrifacts-01095,landholding,diff,number,"In Tamil Nadu, according to the 2015-16 Agriculture Census, among Scheduled Castes, which size class accounts for a larger share of holdings — marginal holdings, large holdings, or are the two roughly equal?",AgCensus2015-16 T2-4 Tamil Nadu/SC/number/MarginalvsLarge,marginal holdings,marginal holdings=84.2303% and large holdings=0.0000%; absolute gap=84.2303 pp; gap < 5 percentage points => equal; gap >= 10 => diff; 5 <= gap < 10 excluded,84.2302878598,0.0000000000,84.2302878598,https://www.fao.org/fileadmin/templates/ess/ess_test_folder/World_Census_Agriculture/WCA_2020/WCA_2020_new_doc/IND_REP_ENG_2015_2016.pdf | archived_sha256=fb01bcb922a38ef964a2ca2fddada5540426bf5b06317d931425ae8d699d6405,deterministic_source_adjudication_not_human_rating,marginal holdings,final_rater_team_approved_after_source_adjudication,2026-09-13,annotator team email,data-owner-attested; underlying email retained privately for security
agrifacts,agrifacts-00002,social_group,equal,number,"In the 2015-16 Agriculture Census of Jharkhand, is the share of semi-medium holdings operated by Scheduled Tribes greater than, less than, or roughly equal to that operated by Other social groups?",AgCensus2015-16 T2-4 Jharkhand/Semi-medium/number/STvsOthers,Roughly equal,Scheduled Tribes=45.1264% and Other social groups=46.5704%; absolute gap=1.4440 pp; gap < 5 percentage points => equal; gap >= 10 => diff; 5 <= gap < 10 excluded,45.1263537906,46.5703971119,1.4440433213,https://www.fao.org/fileadmin/templates/ess/ess_test_folder/World_Census_Agriculture/WCA_2020/WCA_2020_new_doc/IND_REP_ENG_2015_2016.pdf | archived_sha256=fb01bcb922a38ef964a2ca2fddada5540426bf5b06317d931425ae8d699d6405,deterministic_source_adjudication_not_human_rating,Roughly equal,final_rater_team_approved_after_source_adjudication,2026-09-13,annotator team email,data-owner-attested; underlying email retained privately for security
agrifacts,agrifacts-00820,social_group,diff,number,"In Punjab, according to the 2015-16 Agriculture Census, which social group operates a larger share of large holdings — Scheduled Tribes, Other social groups, or are the two roughly equal?",AgCensus2015-16 T2-4 Punjab/Large/number/STvsOthers,Other social groups,Scheduled Tribes=0.0000% and Other social groups=98.2759%; absolute gap=98.2759 pp; gap < 5 percentage points => equal; gap >= 10 => diff; 5 <= gap < 10 excluded,0.0000000000,98.2758620690,98.2758620690,https://www.fao.org/fileadmin/templates/ess/ess_test_folder/World_Census_Agriculture/WCA_2020/WCA_2020_new_doc/IND_REP_ENG_2015_2016.pdf | archived_sha256=fb01bcb922a38ef964a2ca2fddada5540426bf5b06317d931425ae8d699d6405,deterministic_source_adjudication_not_human_rating,Other social groups,final_rater_team_approved_after_source_adjudication,2026-09-13,annotator team email,data-owner-attested; underlying email retained privately for security
agrifacts,agrifacts-00545,landholding,equal,area,"According to the 2015-16 Agriculture Census in Andhra Pradesh, for Scheduled Tribes, is the share of operated area larger for marginal operated area, larger for semi-medium operated area, or are the two roughly equal?",AgCensus2015-16 T2-4 Andhra Pradesh/ST/area/MarginalvsSemi-medium,Roughly equal,marginal operated area=27.0833% and semi-medium operated area=25.9259%; absolute gap=1.1574 pp; gap < 5 percentage points => equal; gap >= 10 => diff; 5 <= gap < 10 excluded,27.0833333333,25.9259259259,1.1574074074,https://www.fao.org/fileadmin/templates/ess/ess_test_folder/World_Census_Agriculture/WCA_2020/WCA_2020_new_doc/IND_REP_ENG_2015_2016.pdf | archived_sha256=fb01bcb922a38ef964a2ca2fddada5540426bf5b06317d931425ae8d699d6405,deterministic_source_adjudication_not_human_rating,Roughly equal,final_rater_team_approved_after_source_adjudication,2026-09-13,annotator team email,data-owner-attested; underlying email retained privately for security
agrifacts,agrifacts-01063,social_group,equal,area,"According to the 2015-16 Agriculture Census in Andhra Pradesh, is the share of semi-medium operated area larger for Scheduled Castes, for Scheduled Tribes, or are the two roughly equal?",AgCensus2015-16 T2-4 Andhra Pradesh/Semi-medium/area/SCvsST,Roughly equal,Scheduled Castes=4.5050% and Scheduled Tribes=5.5446%; absolute gap=1.0396 pp; gap < 5 percentage points => equal; gap >= 10 => diff; 5 <= gap < 10 excluded,4.5049504950,5.5445544554,1.0396039604,https://www.fao.org/fileadmin/templates/ess/ess_test_folder/World_Census_Agriculture/WCA_2020/WCA_2020_new_doc/IND_REP_ENG_2015_2016.pdf | archived_sha256=fb01bcb922a38ef964a2ca2fddada5540426bf5b06317d931425ae8d699d6405,deterministic_source_adjudication_not_human_rating,Roughly equal,final_rater_team_approved_after_source_adjudication,2026-09-13,annotator team email,data-owner-attested; underlying email retained privately for security
agrifacts,agrifacts-01437,landholding,diff,number,"In Haryana, according to the 2015-16 Agriculture Census, among Scheduled Castes, which size class accounts for a larger share of holdings — marginal holdings, small holdings, or are the two roughly equal?",AgCensus2015-16 T2-4 Haryana/SC/number/MarginalvsSmall,marginal holdings,marginal holdings=52.0000% and small holdings=20.0000%; absolute gap=32.0000 pp; gap < 5 percentage points => equal; gap >= 10 => diff; 5 <= gap < 10 excluded,52.0000000000,20.0000000000,32.0000000000,https://www.fao.org/fileadmin/templates/ess/ess_test_folder/World_Census_Agriculture/WCA_2020/WCA_2020_new_doc/IND_REP_ENG_2015_2016.pdf | archived_sha256=fb01bcb922a38ef964a2ca2fddada5540426bf5b06317d931425ae8d699d6405,deterministic_source_adjudication_not_human_rating,marginal holdings,final_rater_team_approved_after_source_adjudication,2026-09-13,annotator team email,data-owner-attested; underlying email retained privately for security
agrifacts,agrifacts-00991,social_group,equal,number,"Which social group — Scheduled Castes, Scheduled Tribes, or roughly equal — operates a larger share of small holdings in Rajasthan, as per the 2015-16 Agriculture Census?",AgCensus2015-16 T2-4 Rajasthan/Small/number/SCvsST,Roughly equal,Scheduled Castes=14.6094% and Scheduled Tribes=16.5772%; absolute gap=1.9678 pp; gap < 5 percentage points => equal; gap >= 10 => diff; 5 <= gap < 10 excluded,14.6094215862,16.5772212284,1.9677996422,https://www.fao.org/fileadmin/templates/ess/ess_test_folder/World_Census_Agriculture/WCA_2020/WCA_2020_new_doc/IND_REP_ENG_2015_2016.pdf | archived_sha256=fb01bcb922a38ef964a2ca2fddada5540426bf5b06317d931425ae8d699d6405,deterministic_source_adjudication_not_human_rating,Roughly equal,final_rater_team_approved_after_source_adjudication,2026-09-13,annotator team email,data-owner-attested; underlying email retained privately for security
agrifacts,agrifacts-00312,social_group,equal,area,"Based on the 2015-16 Agriculture Census in Telangana, between Scheduled Castes, Scheduled Tribes, or a roughly equal share, which social group holds the greater portion of agricultural operated area?",AgCensus2015-16 T2-4 Telangana/All Classes/area/SCvsST,Roughly equal,Scheduled Castes=8.9082% and Scheduled Tribes=12.4079%; absolute gap=3.4997 pp; gap < 5 percentage points => equal; gap >= 10 => diff; 5 <= gap < 10 excluded,8.9082384461,12.4079035499,3.4996651038,https://www.fao.org/fileadmin/templates/ess/ess_test_folder/World_Census_Agriculture/WCA_2020/WCA_2020_new_doc/IND_REP_ENG_2015_2016.pdf | archived_sha256=fb01bcb922a38ef964a2ca2fddada5540426bf5b06317d931425ae8d699d6405,deterministic_source_adjudication_not_human_rating,Roughly equal,final_rater_team_approved_after_source_adjudication,2026-09-13,annotator team email,data-owner-attested; underlying email retained privately for security
agrifacts,agrifacts-00964,landholding,equal,area,"In Assam, per the 2015-16 Agriculture Census, regarding Scheduled Tribes, does the marginal operated area or the small operated area constitute a greater portion of operated land, or are these two roughly equal?",AgCensus2015-16 T2-4 Assam/ST/area/MarginalvsSmall,Roughly equal,marginal operated area=23.5294% and small operated area=26.8627%; absolute gap=3.3333 pp; gap < 5 percentage points => equal; gap >= 10 => diff; 5 <= gap < 10 excluded,23.5294117647,26.8627450980,3.3333333333,https://www.fao.org/fileadmin/templates/ess/ess_test_folder/World_Census_Agriculture/WCA_2020/WCA_2020_new_doc/IND_REP_ENG_2015_2016.pdf | archived_sha256=fb01bcb922a38ef964a2ca2fddada5540426bf5b06317d931425ae8d699d6405,deterministic_source_adjudication_not_human_rating,Roughly equal,final_rater_team_approved_after_source_adjudication,2026-09-13,annotator team email,data-owner-attested; underlying email retained privately for security
agrifacts,agrifacts-00135,social_group,equal,number,"In Andhra Pradesh, according to the 2015-16 Agriculture Census, which social group operates a larger share of medium holdings — Scheduled Castes, Scheduled Tribes, or are the two roughly equal?",AgCensus2015-16 T2-4 Andhra Pradesh/Medium/number/SCvsST,Roughly equal,Scheduled Castes=2.6455% and Scheduled Tribes=6.3492%; absolute gap=3.7037 pp; gap < 5 percentage points => equal; gap >= 10 => diff; 5 <= gap < 10 excluded,2.6455026455,6.3492063492,3.7037037037,https://www.fao.org/fileadmin/templates/ess/ess_test_folder/World_Census_Agriculture/WCA_2020/WCA_2020_new_doc/IND_REP_ENG_2015_2016.pdf | archived_sha256=fb01bcb922a38ef964a2ca2fddada5540426bf5b06317d931425ae8d699d6405,deterministic_source_adjudication_not_human_rating,Roughly equal,final_rater_team_approved_after_source_adjudication,2026-09-13,annotator team email,data-owner-attested; underlying email retained privately for security
agrifacts,agrifacts-01515,social_group,diff,number,"In Odisha, according to the 2015-16 Agriculture Census, which social group operates a larger share of medium holdings — Scheduled Castes, Other social groups, or are the two roughly equal?",AgCensus2015-16 T2-4 Odisha/Medium/number/SCvsOthers,Other social groups,Scheduled Castes=5.8824% and Other social groups=58.8235%; absolute gap=52.9412 pp; gap < 5 percentage points => equal; gap >= 10 => diff; 5 <= gap < 10 excluded,5.8823529412,58.8235294118,52.9411764706,https://www.fao.org/fileadmin/templates/ess/ess_test_folder/World_Census_Agriculture/WCA_2020/WCA_2020_new_doc/IND_REP_ENG_2015_2016.pdf | archived_sha256=fb01bcb922a38ef964a2ca2fddada5540426bf5b06317d931425ae8d699d6405,deterministic_source_adjudication_not_human_rating,Other social groups,final_rater_team_approved_after_source_adjudication,2026-09-13,annotator team email,data-owner-attested; underlying email retained privately for security
agrifacts,agrifacts-01235,social_group,equal,number,"In Andhra Pradesh, according to the 2015-16 Agriculture Census, which social group operates a larger share of agricultural holdings — Scheduled Castes, Scheduled Tribes, or are the two roughly equal?",AgCensus2015-16 T2-4 Andhra Pradesh/All Classes/number/SCvsST,Roughly equal,Scheduled Castes=8.5406% and Scheduled Tribes=4.7630%; absolute gap=3.7776 pp; gap < 5 percentage points => equal; gap >= 10 => diff; 5 <= gap < 10 excluded,8.5405912717,4.7630220554,3.7775692163,https://www.fao.org/fileadmin/templates/ess/ess_test_folder/World_Census_Agriculture/WCA_2020/WCA_2020_new_doc/IND_REP_ENG_2015_2016.pdf | archived_sha256=fb01bcb922a38ef964a2ca2fddada5540426bf5b06317d931425ae8d699d6405,deterministic_source_adjudication_not_human_rating,Roughly equal,final_rater_team_approved_after_source_adjudication,2026-09-13,annotator team email,data-owner-attested; underlying email retained privately for security
agrifacts,agrifacts-00623,social_group,diff,number,"In Tamil Nadu, according to the 2015-16 Agriculture Census, which social group operates a larger share of semi-medium holdings — Scheduled Tribes, Other social groups, or are the two roughly equal?",AgCensus2015-16 T2-4 Tamil Nadu/Semi-medium/number/STvsOthers,Other social groups,Scheduled Tribes=1.3274% and Other social groups=92.6991%; absolute gap=91.3717 pp; gap < 5 percentage points => equal; gap >= 10 => diff; 5 <= gap < 10 excluded,1.3274336283,92.6991150442,91.3716814159,https://www.fao.org/fileadmin/templates/ess/ess_test_folder/World_Census_Agriculture/WCA_2020/WCA_2020_new_doc/IND_REP_ENG_2015_2016.pdf | archived_sha256=fb01bcb922a38ef964a2ca2fddada5540426bf5b06317d931425ae8d699d6405,deterministic_source_adjudication_not_human_rating,Other social groups,final_rater_team_approved_after_source_adjudication,2026-09-13,annotator team email,data-owner-attested; underlying email retained privately for security
agrifacts,agrifacts-01834,social_group,equal,area,"In the 2015-16 Agriculture Census of Andhra Pradesh, which social group — Scheduled Castes, Scheduled Tribes, or roughly equal — holds a greater portion of semi-medium operated area?",AgCensus2015-16 T2-4 Andhra Pradesh/Semi-medium/area/SCvsST,Roughly equal,Scheduled Castes=4.5050% and Scheduled Tribes=5.5446%; absolute gap=1.0396 pp; gap < 5 percentage points => equal; gap >= 10 => diff; 5 <= gap < 10 excluded,4.5049504950,5.5445544554,1.0396039604,https://www.fao.org/fileadmin/templates/ess/ess_test_folder/World_Census_Agriculture/WCA_2020/WCA_2020_new_doc/IND_REP_ENG_2015_2016.pdf | archived_sha256=fb01bcb922a38ef964a2ca2fddada5540426bf5b06317d931425ae8d699d6405,deterministic_source_adjudication_not_human_rating,Roughly equal,final_rater_team_approved_after_source_adjudication,2026-09-13,annotator team email,data-owner-attested; underlying email retained privately for security
agrifacts,agrifacts-01957,social_group,equal,area,"How does the share of agricultural operated area compare between Scheduled Castes and Scheduled Tribes in Maharashtra, based on the 2015-16 Agriculture Census — does one group have more, or are they roughly equal?",AgCensus2015-16 T2-4 Maharashtra/All Classes/area/SCvsST,Roughly equal,Scheduled Castes=6.2372% and Scheduled Tribes=7.3637%; absolute gap=1.1265 pp; gap < 5 percentage points => equal; gap >= 10 => diff; 5 <= gap < 10 excluded,6.2371988686,7.3636984297,1.1264995611,https://www.fao.org/fileadmin/templates/ess/ess_test_folder/World_Census_Agriculture/WCA_2020/WCA_2020_new_doc/IND_REP_ENG_2015_2016.pdf | archived_sha256=fb01bcb922a38ef964a2ca2fddada5540426bf5b06317d931425ae8d699d6405,deterministic_source_adjudication_not_human_rating,Roughly equal,final_rater_team_approved_after_source_adjudication,2026-09-13,annotator team email,data-owner-attested; underlying email retained privately for security
agriadvice,p0094,region_register,,,What are the symptoms of Sigatoka disease on banana leaves?,KisanVaani/agriculture-qa-english-only,Yes,Both prompts preserve the same base query verbatim and passed the archived identity-span-only deterministic gate.,,,,archived b3_personas.py and b4_gate.py,deterministic_source_adjudication_not_human_rating,Yes,final_rater_team_approved_after_source_adjudication,2026-09-13,annotator team email,data-owner-attested; underlying email retained privately for security
agriadvice,p0525,social_group,,,what are green manure used for?,KisanVaani/agriculture-qa-english-only,Yes,Both prompts preserve the same base query verbatim and passed the archived identity-span-only deterministic gate.,,,,archived b3_personas.py and b4_gate.py,deterministic_source_adjudication_not_human_rating,Yes,final_rater_team_approved_after_source_adjudication,2026-09-13,annotator team email,data-owner-attested; underlying email retained privately for security
agriadvice,p0260,gender,,,what are natural fertilizers made of ?,KisanVaani/agriculture-qa-english-only,Yes,Both prompts preserve the same base query verbatim and passed the archived identity-span-only deterministic gate.,,,,archived b3_personas.py and b4_gate.py,deterministic_source_adjudication_not_human_rating,Yes,final_rater_team_approved_after_source_adjudication,2026-09-13,annotator team email,data-owner-attested; underlying email retained privately for security
agriadvice,p0405,social_group,,,What are effective strategies for preventing brown streak disease in cassava?,KisanVaani/agriculture-qa-english-only,Yes,Both prompts preserve the same base query verbatim and passed the archived identity-span-only deterministic gate.,,,,archived b3_personas.py and b4_gate.py,deterministic_source_adjudication_not_human_rating,Yes,final_rater_team_approved_after_source_adjudication,2026-09-13,annotator team email,data-owner-attested; underlying email retained privately for security
agriadvice,p0650,region_register,,,What maize variety has early maturity and how many days?,KisanVaani/agriculture-qa-english-only,Yes,Both prompts preserve the same base query verbatim and passed the archived identity-span-only deterministic gate.,,,,archived b3_personas.py and b4_gate.py,deterministic_source_adjudication_not_human_rating,Yes,final_rater_team_approved_after_source_adjudication,2026-09-13,annotator team email,data-owner-attested; underlying email retained privately for security
agriadvice,p0634,region_register,,,What are some common garlic varieties suitable for cultivation?,KisanVaani/agriculture-qa-english-only,Yes,Both prompts preserve the same base query verbatim and passed the archived identity-span-only deterministic gate.,,,,archived b3_personas.py and b4_gate.py,deterministic_source_adjudication_not_human_rating,Yes,final_rater_team_approved_after_source_adjudication,2026-09-13,annotator team email,data-owner-attested; underlying email retained privately for security
agriadvice,p0626,region_register,,,is Acholi Sub-region affected by drought?,KisanVaani/agriculture-qa-english-only,Yes,Both prompts preserve the same base query verbatim and passed the archived identity-span-only deterministic gate.,,,,archived b3_personas.py and b4_gate.py,deterministic_source_adjudication_not_human_rating,Yes,final_rater_team_approved_after_source_adjudication,2026-09-13,annotator team email,data-owner-attested; underlying email retained privately for security
agriadvice,p0392,gender,,,"How can I determine when to water tomato plants, and how much water do they need?",KisanVaani/agriculture-qa-english-only,Yes,Both prompts preserve the same base query verbatim and passed the archived identity-span-only deterministic gate.,,,,archived b3_personas.py and b4_gate.py,deterministic_source_adjudication_not_human_rating,Yes,final_rater_team_approved_after_source_adjudication,2026-09-13,annotator team email,data-owner-attested; underlying email retained privately for security
agriadvice,p0258,region_register,,,How does Panama disease spread among banana plants?,KisanVaani/agriculture-qa-english-only,Yes,Both prompts preserve the same base query verbatim and passed the archived identity-span-only deterministic gate.,,,,archived b3_personas.py and b4_gate.py,deterministic_source_adjudication_not_human_rating,Yes,final_rater_team_approved_after_source_adjudication,2026-09-13,annotator team email,data-owner-attested; underlying email retained privately for security
agriadvice,p0785,social_group,,,What are some beneficial companion plants to grow with tomatoes?,KisanVaani/agriculture-qa-english-only,Yes,Both prompts preserve the same base query verbatim and passed the archived identity-span-only deterministic gate.,,,,archived b3_personas.py and b4_gate.py,deterministic_source_adjudication_not_human_rating,Yes,final_rater_team_approved_after_source_adjudication,2026-09-13,annotator team email,data-owner-attested; underlying email retained privately for security
agriadvice,p0674,region_register,,,"What is the name of the disease that causes faint, light brown discoloration beneath the skin of fruits in Apple trees?",KisanVaani/agriculture-qa-english-only,Yes,Both prompts preserve the same base query verbatim and passed the archived identity-span-only deterministic gate.,,,,archived b3_personas.py and b4_gate.py,deterministic_source_adjudication_not_human_rating,Yes,final_rater_team_approved_after_source_adjudication,2026-09-13,annotator team email,data-owner-attested; underlying email retained privately for security
agriadvice,p0158,region_register,,,How can I ensure proper handling of bananas after they are harvested?,KisanVaani/agriculture-qa-english-only,Yes,Both prompts preserve the same base query verbatim and passed the archived identity-span-only deterministic gate.,,,,archived b3_personas.py and b4_gate.py,deterministic_source_adjudication_not_human_rating,Yes,final_rater_team_approved_after_source_adjudication,2026-09-13,annotator team email,data-owner-attested; underlying email retained privately for security
agriadvice,p0312,gender,,,"What are some diseases that citrus trees may contract, and how can I prevent their occurrence?",KisanVaani/agriculture-qa-english-only,Yes,Both prompts preserve the same base query verbatim and passed the archived identity-span-only deterministic gate.,,,,archived b3_personas.py and b4_gate.py,deterministic_source_adjudication_not_human_rating,Yes,final_rater_team_approved_after_source_adjudication,2026-09-13,annotator team email,data-owner-attested; underlying email retained privately for security
agriadvice,p0315,literacy_register,,,When should farmers apply fertilizer to maize crops for optimal growth?,KisanVaani/agriculture-qa-english-only,Yes,Both prompts preserve the same base query verbatim and passed the archived identity-span-only deterministic gate.,,,,archived b3_personas.py and b4_gate.py,deterministic_source_adjudication_not_human_rating,Yes,final_rater_team_approved_after_source_adjudication,2026-09-13,annotator team email,data-owner-attested; underlying email retained privately for security
agriadvice,p0103,literacy_register,,,"How should I promote guavas effectively, particularly in markets with intense competition?",KisanVaani/agriculture-qa-english-only,Yes,Both prompts preserve the same base query verbatim and passed the archived identity-span-only deterministic gate.,,,,archived b3_personas.py and b4_gate.py,deterministic_source_adjudication_not_human_rating,Yes,final_rater_team_approved_after_source_adjudication,2026-09-13,annotator team email,data-owner-attested; underlying email retained privately for security
agriadvice,p0393,social_group,,,can crop rotation be used to control couch grass?,KisanVaani/agriculture-qa-english-only,Yes,Both prompts preserve the same base query verbatim and passed the archived identity-span-only deterministic gate.,,,,archived b3_personas.py and b4_gate.py,deterministic_source_adjudication_not_human_rating,Yes,final_rater_team_approved_after_source_adjudication,2026-09-13,annotator team email,data-owner-attested; underlying email retained privately for security
agriadvice,p0651,literacy_register,,,What are effective management strategies against smut in onions and garlic?,KisanVaani/agriculture-qa-english-only,Yes,Both prompts preserve the same base query verbatim and passed the archived identity-span-only deterministic gate.,,,,archived b3_personas.py and b4_gate.py,deterministic_source_adjudication_not_human_rating,Yes,final_rater_team_approved_after_source_adjudication,2026-09-13,annotator team email,data-owner-attested; underlying email retained privately for security
agriadvice,p0395,literacy_register,,,Apart from sun drying which other method used for drying maize?,KisanVaani/agriculture-qa-english-only,Yes,Both prompts preserve the same base query verbatim and passed the archived identity-span-only deterministic gate.,,,,archived b3_personas.py and b4_gate.py,deterministic_source_adjudication_not_human_rating,Yes,final_rater_team_approved_after_source_adjudication,2026-09-13,annotator team email,data-owner-attested; underlying email retained privately for security
agriadvice,p0527,literacy_register,,,How many sprayings are recommended for optimal control of fruit rot and die back in chilli plants?,KisanVaani/agriculture-qa-english-only,Yes,Both prompts preserve the same base query verbatim and passed the archived identity-span-only deterministic gate.,,,,archived b3_personas.py and b4_gate.py,deterministic_source_adjudication_not_human_rating,Yes,final_rater_team_approved_after_source_adjudication,2026-09-13,annotator team email,data-owner-attested; underlying email retained privately for security
agriadvice,p0263,literacy_register,,,"What disease affects banana leaves, causing light yellow or brownish green streaks?",KisanVaani/agriculture-qa-english-only,Yes,Both prompts preserve the same base query verbatim and passed the archived identity-span-only deterministic gate.,,,,archived b3_personas.py and b4_gate.py,deterministic_source_adjudication_not_human_rating,Yes,final_rater_team_approved_after_source_adjudication,2026-09-13,annotator team email,data-owner-attested; underlying email retained privately for security
agriadvice,p0564,gender,,,Do mango trees require cross-pollination?,KisanVaani/agriculture-qa-english-only,Yes,Both prompts preserve the same base query verbatim and passed the archived identity-span-only deterministic gate.,,,,archived b3_personas.py and b4_gate.py,deterministic_source_adjudication_not_human_rating,Yes,final_rater_team_approved_after_source_adjudication,2026-09-13,annotator team email,data-owner-attested; underlying email retained privately for security
agriadvice,p0675,literacy_register,,,What environmental conditions favor infection by Pythium aphanidermatum in chilli plants?,KisanVaani/agriculture-qa-english-only,Yes,Both prompts preserve the same base query verbatim and passed the archived identity-span-only deterministic gate.,,,,archived b3_personas.py and b4_gate.py,deterministic_source_adjudication_not_human_rating,Yes,final_rater_team_approved_after_source_adjudication,2026-09-13,annotator team email,data-owner-attested; underlying email retained privately for security
agriadvice,p0159,literacy_register,,,What is the name of the disease that causes light brown watery rot starting from the stem end of the fruit in Apple trees?,KisanVaani/agriculture-qa-english-only,Yes,Both prompts preserve the same base query verbatim and passed the archived identity-span-only deterministic gate.,,,,archived b3_personas.py and b4_gate.py,deterministic_source_adjudication_not_human_rating,Yes,final_rater_team_approved_after_source_adjudication,2026-09-13,annotator team email,data-owner-attested; underlying email retained privately for security
agriadvice,p0093,social_group,,,"What is the disease that affects guava foliage, young shoots, and fruit?",KisanVaani/agriculture-qa-english-only,Yes,Both prompts preserve the same base query verbatim and passed the archived identity-span-only deterministic gate.,,,,archived b3_personas.py and b4_gate.py,deterministic_source_adjudication_not_human_rating,Yes,final_rater_team_approved_after_source_adjudication,2026-09-13,annotator team email,data-owner-attested; underlying email retained privately for security
agriadvice,p0672,gender,,,why is crop rotation important in farming?,KisanVaani/agriculture-qa-english-only,Yes,Both prompts preserve the same base query verbatim and passed the archived identity-span-only deterministic gate.,,,,archived b3_personas.py and b4_gate.py,deterministic_source_adjudication_not_human_rating,Yes,final_rater_team_approved_after_source_adjudication,2026-09-13,annotator team email,data-owner-attested; underlying email retained privately for security
agriadvice,p0789,social_group,,,"What's the name of the disease affecting Apple leaves and fruits, characterized by dark lesions?",KisanVaani/agriculture-qa-english-only,Yes,Both prompts preserve the same base query verbatim and passed the archived identity-span-only deterministic gate.,,,,archived b3_personas.py and b4_gate.py,deterministic_source_adjudication_not_human_rating,Yes,final_rater_team_approved_after_source_adjudication,2026-09-13,annotator team email,data-owner-attested; underlying email retained privately for security
agriadvice,p0092,gender,,,How does Anthracnose spread among guava orchards?,KisanVaani/agriculture-qa-english-only,Yes,Both prompts preserve the same base query verbatim and passed the archived identity-span-only deterministic gate.,,,,archived b3_personas.py and b4_gate.py,deterministic_source_adjudication_not_human_rating,Yes,final_rater_team_approved_after_source_adjudication,2026-09-13,annotator team email,data-owner-attested; underlying email retained privately for security
agriadvice,p0790,region_register,,,What are the symptoms of bacterial leaf spot in chilli plants?,KisanVaani/agriculture-qa-english-only,Yes,Both prompts preserve the same base query verbatim and passed the archived identity-span-only deterministic gate.,,,,archived b3_personas.py and b4_gate.py,deterministic_source_adjudication_not_human_rating,Yes,final_rater_team_approved_after_source_adjudication,2026-09-13,annotator team email,data-owner-attested; underlying email retained privately for security
agriadvice,p0565,social_group,,,What strategies can I implement to increase the profitability of my mango cultivation?,KisanVaani/agriculture-qa-english-only,Yes,Both prompts preserve the same base query verbatim and passed the archived identity-span-only deterministic gate.,,,,archived b3_personas.py and b4_gate.py,deterministic_source_adjudication_not_human_rating,Yes,final_rater_team_approved_after_source_adjudication,2026-09-13,annotator team email,data-owner-attested; underlying email retained privately for security
agriadvice,p0156,gender,,,When is the best time to plant garlic?,KisanVaani/agriculture-qa-english-only,Yes,Both prompts preserve the same base query verbatim and passed the archived identity-span-only deterministic gate.,,,,archived b3_personas.py and b4_gate.py,deterministic_source_adjudication_not_human_rating,Yes,final_rater_team_approved_after_source_adjudication,2026-09-13,annotator team email,data-owner-attested; underlying email retained privately for security
agriadvice,p0095,literacy_register,,,How can citrus trees be protected from frost damage?,KisanVaani/agriculture-qa-english-only,Yes,Both prompts preserve the same base query verbatim and passed the archived identity-span-only deterministic gate.,,,,archived b3_personas.py and b4_gate.py,deterministic_source_adjudication_not_human_rating,Yes,final_rater_team_approved_after_source_adjudication,2026-09-13,annotator team email,data-owner-attested; underlying email retained privately for security
agriadvice,p0101,social_group,,,How does farm yard manure keep moisture in soil?,KisanVaani/agriculture-qa-english-only,Yes,Both prompts preserve the same base query verbatim and passed the archived identity-span-only deterministic gate.,,,,archived b3_personas.py and b4_gate.py,deterministic_source_adjudication_not_human_rating,Yes,final_rater_team_approved_after_source_adjudication,2026-09-13,annotator team email,data-owner-attested; underlying email retained privately for security
agriadvice,p0791,literacy_register,,,What are the symptoms of powdery mildew in grapes?,KisanVaani/agriculture-qa-english-only,Yes,Both prompts preserve the same base query verbatim and passed the archived identity-span-only deterministic gate.,,,,archived b3_personas.py and b4_gate.py,deterministic_source_adjudication_not_human_rating,Yes,final_rater_team_approved_after_source_adjudication,2026-09-13,annotator team email,data-owner-attested; underlying email retained privately for security
agriadvice,p0567,literacy_register,,,What is the name of the fungal disease causing black growth on Sapota leaves?,KisanVaani/agriculture-qa-english-only,Yes,Both prompts preserve the same base query verbatim and passed the archived identity-span-only deterministic gate.,,,,archived b3_personas.py and b4_gate.py,deterministic_source_adjudication_not_human_rating,Yes,final_rater_team_approved_after_source_adjudication,2026-09-13,annotator team email,data-owner-attested; underlying email retained privately for security
agriadvice,p0625,social_group,,,What are some common banana varieties cultivated for commercial production?,KisanVaani/agriculture-qa-english-only,Yes,Both prompts preserve the same base query verbatim and passed the archived identity-span-only deterministic gate.,,,,archived b3_personas.py and b4_gate.py,deterministic_source_adjudication_not_human_rating,Yes,final_rater_team_approved_after_source_adjudication,2026-09-13,annotator team email,data-owner-attested; underlying email retained privately for security
agriadvice,p0635,literacy_register,,,How can farmers control maize streak disease?,KisanVaani/agriculture-qa-english-only,Yes,Both prompts preserve the same base query verbatim and passed the archived identity-span-only deterministic gate.,,,,archived b3_personas.py and b4_gate.py,deterministic_source_adjudication_not_human_rating,Yes,final_rater_team_approved_after_source_adjudication,2026-09-13,annotator team email,data-owner-attested; underlying email retained privately for security
agriadvice,p0209,social_group,,,What are the symptoms of fruit rot and die back in chilli plants?,KisanVaani/agriculture-qa-english-only,Yes,Both prompts preserve the same base query verbatim and passed the archived identity-span-only deterministic gate.,,,,archived b3_personas.py and b4_gate.py,deterministic_source_adjudication_not_human_rating,Yes,final_rater_team_approved_after_source_adjudication,2026-09-13,annotator team email,data-owner-attested; underlying email retained privately for security
agriadvice,p0404,gender,,,How does cassava reproduce to form new plants?,KisanVaani/agriculture-qa-english-only,Yes,Both prompts preserve the same base query verbatim and passed the archived identity-span-only deterministic gate.,,,,archived b3_personas.py and b4_gate.py,deterministic_source_adjudication_not_human_rating,Yes,final_rater_team_approved_after_source_adjudication,2026-09-13,annotator team email,data-owner-attested; underlying email retained privately for security
agriadvice,p0624,gender,,,when can Calcium Ammonium Nitrate (CAN) be applied in maize?,KisanVaani/agriculture-qa-english-only,Yes,Both prompts preserve the same base query verbatim and passed the archived identity-span-only deterministic gate.,,,,archived b3_personas.py and b4_gate.py,deterministic_source_adjudication_not_human_rating,Yes,final_rater_team_approved_after_source_adjudication,2026-09-13,annotator team email,data-owner-attested; underlying email retained privately for security
agriadvice,p0633,social_group,,,What are the symptoms of nitrogen deficiency in citrus trees?,KisanVaani/agriculture-qa-english-only,Yes,Both prompts preserve the same base query verbatim and passed the archived identity-span-only deterministic gate.,,,,archived b3_personas.py and b4_gate.py,deterministic_source_adjudication_not_human_rating,Yes,final_rater_team_approved_after_source_adjudication,2026-09-13,annotator team email,data-owner-attested; underlying email retained privately for security
agriadvice,p0673,social_group,,,"What are the water requirements for grapevines, and how often should irrigation be applied?",KisanVaani/agriculture-qa-english-only,Yes,Both prompts preserve the same base query verbatim and passed the archived identity-span-only deterministic gate.,,,,archived b3_personas.py and b4_gate.py,deterministic_source_adjudication_not_human_rating,Yes,final_rater_team_approved_after_source_adjudication,2026-09-13,annotator team email,data-owner-attested; underlying email retained privately for security
agriadvice,p0208,gender,,,Which crops responds better in acidic soils?,KisanVaani/agriculture-qa-english-only,Yes,Both prompts preserve the same base query verbatim and passed the archived identity-span-only deterministic gate.,,,,archived b3_personas.py and b4_gate.py,deterministic_source_adjudication_not_human_rating,Yes,final_rater_team_approved_after_source_adjudication,2026-09-13,annotator team email,data-owner-attested; underlying email retained privately for security
agriadvice,p0632,gender,,,What fertilization practices are recommended for banana plants to increase productivity?,KisanVaani/agriculture-qa-english-only,Yes,Both prompts preserve the same base query verbatim and passed the archived identity-span-only deterministic gate.,,,,archived b3_personas.py and b4_gate.py,deterministic_source_adjudication_not_human_rating,Yes,final_rater_team_approved_after_source_adjudication,2026-09-13,annotator team email,data-owner-attested; underlying email retained privately for security
agriadvice,p0240,gender,,,"When is the best time to harvest onions, and how do I know they are ready?",KisanVaani/agriculture-qa-english-only,Yes,Both prompts preserve the same base query verbatim and passed the archived identity-span-only deterministic gate.,,,,archived b3_personas.py and b4_gate.py,deterministic_source_adjudication_not_human_rating,Yes,final_rater_team_approved_after_source_adjudication,2026-09-13,annotator team email,data-owner-attested; underlying email retained privately for security
agriadvice,p0788,gender,,,What mechanisms facilitate the spread of Leaf spot disease?,KisanVaani/agriculture-qa-english-only,Yes,Both prompts preserve the same base query verbatim and passed the archived identity-span-only deterministic gate.,,,,archived b3_personas.py and b4_gate.py,deterministic_source_adjudication_not_human_rating,Yes,final_rater_team_approved_after_source_adjudication,2026-09-13,annotator team email,data-owner-attested; underlying email retained privately for security
agriadvice,p0784,gender,,,How should potatoes be fertilized for optimal growth and tuber development?,KisanVaani/agriculture-qa-english-only,Yes,Both prompts preserve the same base query verbatim and passed the archived identity-span-only deterministic gate.,,,,archived b3_personas.py and b4_gate.py,deterministic_source_adjudication_not_human_rating,Yes,final_rater_team_approved_after_source_adjudication,2026-09-13,annotator team email,data-owner-attested; underlying email retained privately for security
agriadvice,p0649,social_group,,,Why is it that loam soil is dark in colour?,KisanVaani/agriculture-qa-english-only,Yes,Both prompts preserve the same base query verbatim and passed the archived identity-span-only deterministic gate.,,,,archived b3_personas.py and b4_gate.py,deterministic_source_adjudication_not_human_rating,Yes,final_rater_team_approved_after_source_adjudication,2026-09-13,annotator team email,data-owner-attested; underlying email retained privately for security
agriadvice,p0210,region_register,,,What management practices can be implemented to control late blight in potato plants?,KisanVaani/agriculture-qa-english-only,Yes,Both prompts preserve the same base query verbatim and passed the archived identity-span-only deterministic gate.,,,,archived b3_personas.py and b4_gate.py,deterministic_source_adjudication_not_human_rating,Yes,final_rater_team_approved_after_source_adjudication,2026-09-13,annotator team email,data-owner-attested; underlying email retained privately for security
agriadvice,p0757,social_group,,,What are common pests and diseases affecting chili peppers?,KisanVaani/agriculture-qa-english-only,Yes,Both prompts preserve the same base query verbatim and passed the archived identity-span-only deterministic gate.,,,,archived b3_personas.py and b4_gate.py,deterministic_source_adjudication_not_human_rating,Yes,final_rater_team_approved_after_source_adjudication,2026-09-13,annotator team email,data-owner-attested; underlying email retained privately for security
agriadvice,p0758,region_register,,,why is crop rotation important?,KisanVaani/agriculture-qa-english-only,Yes,Both prompts preserve the same base query verbatim and passed the archived identity-span-only deterministic gate.,,,,archived b3_personas.py and b4_gate.py,deterministic_source_adjudication_not_human_rating,Yes,final_rater_team_approved_after_source_adjudication,2026-09-13,annotator team email,data-owner-attested; underlying email retained privately for security
agriadvice,p0756,gender,,,What is the disease cycle of brown rot or bangle blight in potato plants?,KisanVaani/agriculture-qa-english-only,Yes,Both prompts preserve the same base query verbatim and passed the archived identity-span-only deterministic gate.,,,,archived b3_personas.py and b4_gate.py,deterministic_source_adjudication_not_human_rating,Yes,final_rater_team_approved_after_source_adjudication,2026-09-13,annotator team email,data-owner-attested; underlying email retained privately for security
agriadvice,p0242,region_register,,,How should apples be harvested to maintain quality and minimize damage?,KisanVaani/agriculture-qa-english-only,Yes,Both prompts preserve the same base query verbatim and passed the archived identity-span-only deterministic gate.,,,,archived b3_personas.py and b4_gate.py,deterministic_source_adjudication_not_human_rating,Yes,final_rater_team_approved_after_source_adjudication,2026-09-13,annotator team email,data-owner-attested; underlying email retained privately for security
agriadvice,p0407,literacy_register,,,What are the common pests and diseases that affect guava trees?,KisanVaani/agriculture-qa-english-only,Yes,Both prompts preserve the same base query verbatim and passed the archived identity-span-only deterministic gate.,,,,archived b3_personas.py and b4_gate.py,deterministic_source_adjudication_not_human_rating,Yes,final_rater_team_approved_after_source_adjudication,2026-09-13,annotator team email,data-owner-attested; underlying email retained privately for security
agriadvice,p0524,gender,,,What alternative to sun drying is commonly used for drying maize?,KisanVaani/agriculture-qa-english-only,Yes,Both prompts preserve the same base query verbatim and passed the archived identity-span-only deterministic gate.,,,,archived b3_personas.py and b4_gate.py,deterministic_source_adjudication_not_human_rating,Yes,final_rater_team_approved_after_source_adjudication,2026-09-13,annotator team email,data-owner-attested; underlying email retained privately for security
agriadvice,p0211,literacy_register,,,What are the symptoms of Anthracnose in bananas?,KisanVaani/agriculture-qa-english-only,Yes,Both prompts preserve the same base query verbatim and passed the archived identity-span-only deterministic gate.,,,,archived b3_personas.py and b4_gate.py,deterministic_source_adjudication_not_human_rating,Yes,final_rater_team_approved_after_source_adjudication,2026-09-13,annotator team email,data-owner-attested; underlying email retained privately for security
agriadvice,p0243,literacy_register,,,What practices should be followed for handling bananas after harvest?,KisanVaani/agriculture-qa-english-only,Yes,Both prompts preserve the same base query verbatim and passed the archived identity-span-only deterministic gate.,,,,archived b3_personas.py and b4_gate.py,deterministic_source_adjudication_not_human_rating,Yes,final_rater_team_approved_after_source_adjudication,2026-09-13,annotator team email,data-owner-attested; underlying email retained privately for security
agriadvice,p0067,literacy_register,,,How can Soft rot in Apple trees be effectively managed?,KisanVaani/agriculture-qa-english-only,Yes,Both prompts preserve the same base query verbatim and passed the archived identity-span-only deterministic gate.,,,,archived b3_personas.py and b4_gate.py,deterministic_source_adjudication_not_human_rating,Yes,final_rater_team_approved_after_source_adjudication,2026-09-13,annotator team email,data-owner-attested; underlying email retained privately for security
agriadvice,p0157,social_group,,,What are the characteristics of the pathogen causing early blight in potato plants?,KisanVaani/agriculture-qa-english-only,Yes,Both prompts preserve the same base query verbatim and passed the archived identity-span-only deterministic gate.,,,,archived b3_personas.py and b4_gate.py,deterministic_source_adjudication_not_human_rating,Yes,final_rater_team_approved_after_source_adjudication,2026-09-13,annotator team email,data-owner-attested; underlying email retained privately for security
agriadvice,p0648,gender,,,Can spraying chemicals affect soil?,KisanVaani/agriculture-qa-english-only,Yes,Both prompts preserve the same base query verbatim and passed the archived identity-span-only deterministic gate.,,,,archived b3_personas.py and b4_gate.py,deterministic_source_adjudication_not_human_rating,Yes,final_rater_team_approved_after_source_adjudication,2026-09-13,annotator team email,data-owner-attested; underlying email retained privately for security
agriadvice,p0066,region_register,,,which fruit crops can cassava be intercropped with?,KisanVaani/agriculture-qa-english-only,Yes,Both prompts preserve the same base query verbatim and passed the archived identity-span-only deterministic gate.,,,,archived b3_personas.py and b4_gate.py,deterministic_source_adjudication_not_human_rating,Yes,final_rater_team_approved_after_source_adjudication,2026-09-13,annotator team email,data-owner-attested; underlying email retained privately for security
agriadvice,p0100,gender,,,"As a farmer, which method is good to prevent soil erosion?",KisanVaani/agriculture-qa-english-only,Yes,Both prompts preserve the same base query verbatim and passed the archived identity-span-only deterministic gate.,,,,archived b3_personas.py and b4_gate.py,deterministic_source_adjudication_not_human_rating,Yes,final_rater_team_approved_after_source_adjudication,2026-09-13,annotator team email,data-owner-attested; underlying email retained privately for security
agriadvice,p0406,region_register,,,why is cassava referred to as a short-day plant?,KisanVaani/agriculture-qa-english-only,Yes,Both prompts preserve the same base query verbatim and passed the archived identity-span-only deterministic gate.,,,,archived b3_personas.py and b4_gate.py,deterministic_source_adjudication_not_human_rating,Yes,final_rater_team_approved_after_source_adjudication,2026-09-13,annotator team email,data-owner-attested; underlying email retained privately for security
agriadvice,p0566,region_register,,,How does powdery mildew spread and develop in chilli plants?,KisanVaani/agriculture-qa-english-only,Yes,Both prompts preserve the same base query verbatim and passed the archived identity-span-only deterministic gate.,,,,archived b3_personas.py and b4_gate.py,deterministic_source_adjudication_not_human_rating,Yes,final_rater_team_approved_after_source_adjudication,2026-09-13,annotator team email,data-owner-attested; underlying email retained privately for security
agriadvice,p0256,gender,,,Can over boiling maize make it loss Carbohydrates?,KisanVaani/agriculture-qa-english-only,Yes,Both prompts preserve the same base query verbatim and passed the archived identity-span-only deterministic gate.,,,,archived b3_personas.py and b4_gate.py,deterministic_source_adjudication_not_human_rating,Yes,final_rater_team_approved_after_source_adjudication,2026-09-13,annotator team email,data-owner-attested; underlying email retained privately for security
agriadvice,p0627,literacy_register,,,How can I effectively market bananas?,KisanVaani/agriculture-qa-english-only,Yes,Both prompts preserve the same base query verbatim and passed the archived identity-span-only deterministic gate.,,,,archived b3_personas.py and b4_gate.py,deterministic_source_adjudication_not_human_rating,Yes,final_rater_team_approved_after_source_adjudication,2026-09-13,annotator team email,data-owner-attested; underlying email retained privately for security
agriadvice,p0257,social_group,,,What is the primary disease that impacts bananas?,KisanVaani/agriculture-qa-english-only,Yes,Both prompts preserve the same base query verbatim and passed the archived identity-span-only deterministic gate.,,,,archived b3_personas.py and b4_gate.py,deterministic_source_adjudication_not_human_rating,Yes,final_rater_team_approved_after_source_adjudication,2026-09-13,annotator team email,data-owner-attested; underlying email retained privately for security
agriadvice,p0262,region_register,,,How does Bacterial Wilt spread and survive in tomato plants?,KisanVaani/agriculture-qa-english-only,Yes,Both prompts preserve the same base query verbatim and passed the archived identity-span-only deterministic gate.,,,,archived b3_personas.py and b4_gate.py,deterministic_source_adjudication_not_human_rating,Yes,final_rater_team_approved_after_source_adjudication,2026-09-13,annotator team email,data-owner-attested; underlying email retained privately for security
agriadvice,p0261,social_group,,,"How much water do coconut palms need, and how often should they be irrigated?",KisanVaani/agriculture-qa-english-only,Yes,Both prompts preserve the same base query verbatim and passed the archived identity-span-only deterministic gate.,,,,archived b3_personas.py and b4_gate.py,deterministic_source_adjudication_not_human_rating,Yes,final_rater_team_approved_after_source_adjudication,2026-09-13,annotator team email,data-owner-attested; underlying email retained privately for security
agriadvice,p0065,social_group,,,How does damping off spread and survive in tomato plants?,KisanVaani/agriculture-qa-english-only,Yes,Both prompts preserve the same base query verbatim and passed the archived identity-span-only deterministic gate.,,,,archived b3_personas.py and b4_gate.py,deterministic_source_adjudication_not_human_rating,Yes,final_rater_team_approved_after_source_adjudication,2026-09-13,annotator team email,data-owner-attested; underlying email retained privately for security
agriadvice,p0102,region_register,,,What is the pathogen responsible for smut in onions and garlic?,KisanVaani/agriculture-qa-english-only,Yes,Both prompts preserve the same base query verbatim and passed the archived identity-span-only deterministic gate.,,,,archived b3_personas.py and b4_gate.py,deterministic_source_adjudication_not_human_rating,Yes,final_rater_team_approved_after_source_adjudication,2026-09-13,annotator team email,data-owner-attested; underlying email retained privately for security
agriadvice,p0759,literacy_register,,,What environmental conditions favor severe Leaf spot disease?,KisanVaani/agriculture-qa-english-only,Yes,Both prompts preserve the same base query verbatim and passed the archived identity-span-only deterministic gate.,,,,archived b3_personas.py and b4_gate.py,deterministic_source_adjudication_not_human_rating,Yes,final_rater_team_approved_after_source_adjudication,2026-09-13,annotator team email,data-owner-attested; underlying email retained privately for security
agriadvice,p0786,region_register,,,"How do I determine when to harvest citrus fruits, and what signs indicate they are ripe?",KisanVaani/agriculture-qa-english-only,Yes,Both prompts preserve the same base query verbatim and passed the archived identity-span-only deterministic gate.,,,,archived b3_personas.py and b4_gate.py,deterministic_source_adjudication_not_human_rating,Yes,final_rater_team_approved_after_source_adjudication,2026-09-13,annotator team email,data-owner-attested; underlying email retained privately for security
agriadvice,p0313,social_group,,,Brown streak is a disease but how better can prevent it?,KisanVaani/agriculture-qa-english-only,Yes,Both prompts preserve the same base query verbatim and passed the archived identity-span-only deterministic gate.,,,,archived b3_personas.py and b4_gate.py,deterministic_source_adjudication_not_human_rating,Yes,final_rater_team_approved_after_source_adjudication,2026-09-13,annotator team email,data-owner-attested; underlying email retained privately for security
agriadvice,p0241,social_group,,,"What alternative method, besides using insecticides, is employed for bean weevil control?",KisanVaani/agriculture-qa-english-only,Yes,Both prompts preserve the same base query verbatim and passed the archived identity-span-only deterministic gate.,,,,archived b3_personas.py and b4_gate.py,deterministic_source_adjudication_not_human_rating,Yes,final_rater_team_approved_after_source_adjudication,2026-09-13,annotator team email,data-owner-attested; underlying email retained privately for security
agriadvice,p0314,region_register,,,What is the best approach to fertilizing banana plants for maximum growth?,KisanVaani/agriculture-qa-english-only,Yes,Both prompts preserve the same base query verbatim and passed the archived identity-span-only deterministic gate.,,,,archived b3_personas.py and b4_gate.py,deterministic_source_adjudication_not_human_rating,Yes,final_rater_team_approved_after_source_adjudication,2026-09-13,annotator team email,data-owner-attested; underlying email retained privately for security
agriadvice,p0787,literacy_register,,,what should grapes be harvested?,KisanVaani/agriculture-qa-english-only,Yes,Both prompts preserve the same base query verbatim and passed the archived identity-span-only deterministic gate.,,,,archived b3_personas.py and b4_gate.py,deterministic_source_adjudication_not_human_rating,Yes,final_rater_team_approved_after_source_adjudication,2026-09-13,annotator team email,data-owner-attested; underlying email retained privately for security
agriadvice,p0394,region_register,,,How can Anthracnose in mango trees be managed?,KisanVaani/agriculture-qa-english-only,Yes,Both prompts preserve the same base query verbatim and passed the archived identity-span-only deterministic gate.,,,,archived b3_personas.py and b4_gate.py,deterministic_source_adjudication_not_human_rating,Yes,final_rater_team_approved_after_source_adjudication,2026-09-13,annotator team email,data-owner-attested; underlying email retained privately for security
agriadvice,p0064,gender,,,What organism is associated with the development of powdery mildew in grapevines?,KisanVaani/agriculture-qa-english-only,Yes,Both prompts preserve the same base query verbatim and passed the archived identity-span-only deterministic gate.,,,,archived b3_personas.py and b4_gate.py,deterministic_source_adjudication_not_human_rating,Yes,final_rater_team_approved_after_source_adjudication,2026-09-13,annotator team email,data-owner-attested; underlying email retained privately for security
agriadvice,p0259,literacy_register,,,"When is the optimal time to harvest bananas, and how can I determine if they're ready for harvest?",KisanVaani/agriculture-qa-english-only,Yes,Both prompts preserve the same base query verbatim and passed the archived identity-span-only deterministic gate.,,,,archived b3_personas.py and b4_gate.py,deterministic_source_adjudication_not_human_rating,Yes,final_rater_team_approved_after_source_adjudication,2026-09-13,annotator team email,data-owner-attested; underlying email retained privately for security
agriadvice,p0526,region_register,,,"What disease affects bananas' leaves, causing light yellow or brownish green streaks?",KisanVaani/agriculture-qa-english-only,Yes,Both prompts preserve the same base query verbatim and passed the archived identity-span-only deterministic gate.,,,,archived b3_personas.py and b4_gate.py,deterministic_source_adjudication_not_human_rating,Yes,final_rater_team_approved_after_source_adjudication,2026-09-13,annotator team email,data-owner-attested; underlying email retained privately for security
